Dataset,TargetProperty,StratSeed,RequestedBins,StratifiedKFoldSeconds,RandomTargetEmd,LabelTargetEmd,StratifiedKFoldTargetEmd,RandomToStratifiedKFoldRatio,LabelToStratifiedKFoldRatio,DegreeEmd,NeighHetEmd,PageRankEmd,EigCentralityEmd,ClusteringEmd
chameleon,Degree,0,300,0.0015401249984279275,1.7564722361289877,2.9454230145648923,1.1771011127189612,1.4922016614798275,2.5022684820689034,1.1771011127189612,0.01033314583045187,2.8326543420348816e-05,0.0007131711599081914,0.009697991526201604
chameleon,Neighborhood Heterogeneity,0,300,0.0014432500174734741,0.009202796466276832,0.011366081543095138,0.006046349044509569,1.5220418799066022,1.8798255706749498,2.363128723552065,0.006046349044509569,3.6888958151964714e-05,0.0005772803424093365,0.015255090058094865
chameleon,PageRank,0,300,0.0014627919881604612,3.1239074616128574e-05,4.208146298627647e-05,2.4292259005816168e-05,1.2859682835033648,1.732299288271261,1.592520929363037,0.009786612590166234,2.4292259005816168e-05,0.0008965825039216575,0.009364247371649313
chameleon,Eigenvector Centrality,0,300,0.0014708329981658608,0.0006554480611159158,0.0007942883237409305,0.0004656097569236731,1.407719772554858,1.7059099641486621,2.2132299495571797,0.007687858729364267,4.2467694495555776e-05,0.0004656097569236731,0.009086586393307677
chameleon,Clustering Coefficient,0,300,0.0015331670001614839,0.013609894047914597,0.01027891472506229,0.005858430420124569,2.3231297586402344,1.754550961252814,2.2260605806601212,0.007992862299235895,3.3607242775590726e-05,0.0006443242101066843,0.005858430420124569
chameleon,Degree,0,350,0.0016490420093759894,1.7564722361289877,2.9454230145648923,1.6146180059452395,1.0878562171742308,1.8242228215710778,1.6146180059452395,0.014583792284084629,3.2505839672048635e-05,0.0007835560579882071,0.013762014913791634
chameleon,Neighborhood Heterogeneity,0,350,0.0016230419860221446,0.009202796466276832,0.011366081543095138,0.0053546908607672765,1.718641973097614,2.122640099799615,1.8805743112722522,0.0053546908607672765,2.9379037814799646e-05,0.0006955471178277733,0.017762949589676516
chameleon,PageRank,0,350,0.0015745830023661256,3.1239074616128574e-05,4.208146298627647e-05,1.857719452778946e-05,1.6815819293595875,2.2652216363093567,1.511064116407368,0.010295440985041173,1.857719452778946e-05,0.0005323801633108665,0.01448874014183007
chameleon,Eigenvector Centrality,0,350,0.0015961669851094484,0.0006554480611159158,0.0007942883237409305,0.0005185226665880463,1.2640682912260295,1.531829512810813,2.5025859304692246,0.011967539921577081,3.9927432315446624e-05,0.0005185226665880463,0.010965768561991749
chameleon,Clustering Coefficient,0,350,0.001585791993420571,0.013609894047914597,0.01027891472506229,0.006767928353031992,2.0109394393658797,1.5187682535760587,2.2399524744261594,0.007743516322925878,4.050292845654374e-05,0.0010913127617233303,0.006767928353031992
chameleon,Degree,0,400,0.0016916670138016343,1.7564722361289877,2.9454230145648923,0.6310524994964376,2.7834011235683307,4.667476979990188,0.6310524994964376,0.009101540409572378,2.5749964072014735e-05,0.0004871957612441329,0.013102568257999112
chameleon,Neighborhood Heterogeneity,0,400,0.0016820000018924475,0.009202796466276832,0.011366081543095138,0.0016638640730341503,5.530978530893459,6.831135864583245,1.8740989813644293,0.0016638640730341503,2.894188511915676e-05,0.0005297739693374689,0.008874461716833749
chameleon,PageRank,0,400,0.0017196250264532864,3.1239074616128574e-05,4.208146298627647e-05,1.520959185462513e-05,2.0539061741245206,2.7667713498491935,1.5669573739253395,0.011238980678052183,1.520959185462513e-05,0.0006223096017494246,0.011478394571280822
chameleon,Eigenvector Centrality,0,400,0.00170116699882783,0.0006554480611159158,0.0007942883237409305,9.789021121057876e-05,6.695746724929767,8.11407304078933,1.2832265522425697,0.006319488180362763,2.941224132935246e-05,9.789021121057876e-05,0.009555622898954756
chameleon,Clustering Coefficient,0,400,0.001691417011898011,0.013609894047914597,0.01027891472506229,0.005769700116867951,2.35885640020103,1.7815336181877925,1.971881322338989,0.00820518802907675,3.616839993204815e-05,0.0005525178579723157,0.005769700116867951
chameleon,Degree,0,450,0.0018219579942524433,1.7564722361289877,2.9454230145648923,0.5328807792766633,3.2961823815699214,5.527358330625161,0.5328807792766633,0.008950078225056337,2.3422487584547987e-05,0.0003765161381800554,0.008441738842074789
chameleon,Neighborhood Heterogeneity,0,450,0.0018076670239679515,0.009202796466276832,0.011366081543095138,0.0007379788312947566,12.470271606749026,15.401636281563482,2.1238908231356737,0.0007379788312947566,3.661789361631444e-05,0.0007811941837928621,0.01206559294820938
chameleon,PageRank,0,450,0.0019410840177442878,3.1239074616128574e-05,4.208146298627647e-05,1.3217286849491069e-05,2.3635012973431406,3.183820058191203,1.381449841793097,0.006104974873658552,1.3217286849491069e-05,0.0006139102061964382,0.009190206119695756
chameleon,Eigenvector Centrality,0,450,0.001843832986196503,0.0006554480611159158,0.0007942883237409305,9.783587392163203e-05,6.699465490960293,8.118579534304228,1.6895711623743677,0.0075879434362549885,3.133103910230737e-05,9.783587392163203e-05,0.013470250607292835
chameleon,Clustering Coefficient,0,450,0.0018411249911878258,0.013609894047914597,0.01027891472506229,0.0008400930626278313,16.200459988733297,12.23544769303248,2.155309203890437,0.01527181798980523,3.226633279097933e-05,0.0009429575808089471,0.0008400930626278313
chameleon,Degree,1,300,0.001572042005136609,2.7063789655551664,1.5872114232068495,1.3986139019891888,1.9350436612320236,1.1348460221576708,1.3986139019891888,0.009164037957231001,3.4090333583156134e-05,0.00048254023850528616,0.0117206692184217
chameleon,Neighborhood Heterogeneity,1,300,0.0014183750026859343,0.014835715583659287,0.00944440306003003,0.006061574266526552,2.447502073114178,1.5580775958127346,2.269567018285553,0.006061574266526552,3.9240650882529586e-05,0.0004577479369848295,0.010077012823586926
chameleon,PageRank,1,300,0.001473915996029973,4.1094073446203285e-05,2.783598601009328e-05,2.848291586982861e-05,1.4427621678205154,0.9772870915782674,2.2622458091108,0.0077460883003896445,2.848291586982861e-05,0.0012053846433640613,0.013239970811131648
chameleon,Eigenvector Centrality,1,300,0.0014306249795481563,0.0010098749699039592,0.00048224006575175386,0.0004600575325751628,2.19510582568055,1.0482168676870147,1.6254468427580562,0.0068296954604650986,3.45823074551918e-05,0.0004600575325751628,0.00979069370083129
chameleon,Clustering Coefficient,1,300,0.0015091669920366257,0.013809095188557278,0.013646615545393736,0.005892972974242077,2.3433155469940585,2.315743785868777,2.5523282031977694,0.009570469022736831,3.466078539492066e-05,0.0011009150611350905,0.005892972974242077
chameleon,Degree,1,350,0.0015052920207381248,2.7063789655551664,1.5872114232068495,1.507984570730566,1.7946993743072717,1.0525382381319066,1.507984570730566,0.011540107832986656,2.999470575360873e-05,0.0005594685209821111,0.008442535646362156
chameleon,Neighborhood Heterogeneity,1,350,0.0016130830044858158,0.014835715583659287,0.00944440306003003,0.005456069586038867,2.7191214022675414,1.7309902139438644,2.1271584631996534,0.005456069586038867,3.7737626697046486e-05,0.0011553832414466566,0.01318998303783699
chameleon,PageRank,1,350,0.0015547499933745712,4.1094073446203285e-05,2.783598601009328e-05,2.3878932492279032e-05,1.7209342779242984,1.1657131665786866,1.8555125766681837,0.007864352294066157,2.3878932492279032e-05,0.000574773877914078,0.011196829374241064
chameleon,Eigenvector Centrality,1,350,0.0016159579972736537,0.0010098749699039592,0.00048224006575175386,0.0005132975354745194,1.9674261030113407,0.9394942161683001,2.9232347464384043,0.007857086589124776,5.354766020012607e-05,0.0005132975354745194,0.012509822764573264
chameleon,Clustering Coefficient,1,350,0.0014884579868521541,0.013809095188557278,0.013646615545393736,0.006709497901434799,2.0581413678666265,2.0339250039075893,2.0093351271154467,0.007837098644843249,3.772894813464648e-05,0.0005951499307195015,0.006709497901434799
chameleon,Degree,1,400,0.0017158330010715872,2.7063789655551664,1.5872114232068495,0.6337955421136223,4.270113602455705,2.504295656472613,0.6337955421136223,0.010855467744806571,2.4250014343210088e-05,0.0005486549446205712,0.013176310947614841
chameleon,Neighborhood Heterogeneity,1,400,0.0016217909869737923,0.014835715583659287,0.00944440306003003,0.0016796281517440354,8.832738108285861,5.622913053834845,1.7490013673080036,0.0016796281517440354,3.501372382229651e-05,0.0006322887549374629,0.010707336696134042
chameleon,PageRank,1,400,0.0017920829996000975,4.1094073446203285e-05,2.783598601009328e-05,1.5223895838271682e-05,2.6993138867185364,1.8284403877827244,1.3747043701277142,0.007234148371863996,1.5223895838271682e-05,0.000793021599952151,0.008994260730430092
chameleon,Eigenvector Centrality,1,400,0.001735208003083244,0.0010098749699039592,0.00048224006575175386,9.715643365325116e-05,10.394319057739166,4.963542275263586,1.574219251381726,0.010416936066965265,3.3996321446646744e-05,9.715643365325116e-05,0.012117647659265762
chameleon,Clustering Coefficient,1,400,0.0016608329897280782,0.013809095188557278,0.013646615545393736,0.005723652717448316,2.412636802100314,2.3842493979050476,2.1688385857722245,0.009265219169667823,3.4935450233158186e-05,0.0006071213810740477,0.005723652717448316
chameleon,Degree,1,450,0.0017335829907096922,2.7063789655551664,1.5872114232068495,0.5360865844046645,5.048398979356399,2.960737070056475,0.5360865844046645,0.01052341202253343,2.13452569396974e-05,0.0003308960375600338,0.00971257942125359
chameleon,Neighborhood Heterogeneity,1,450,0.0018219579942524433,0.014835715583659287,0.00944440306003003,0.0007562297129918176,19.618001420449094,12.488801878288825,2.247498946514964,0.0007562297129918176,3.436424719721114e-05,0.0007269947227742296,0.009432973585612882
chameleon,PageRank,1,450,0.0018688749987632036,4.1094073446203285e-05,2.783598601009328e-05,1.3234955650377963e-05,3.1049649527937575,2.1032171731756684,1.5060505157187112,0.009097809487287898,1.3234955650377963e-05,0.0008941176507362116,0.0076157652376624505
chameleon,Eigenvector Centrality,1,450,0.0018102499889209867,0.0010098749699039592,0.00048224006575175386,9.786767995394919e-05,10.31877909417233,4.9274700900099795,1.7408862152340405,0.00890086908703173,3.712607825368166e-05,9.786767995394919e-05,0.012294587382504682
chameleon,Clustering Coefficient,1,450,0.001789540983736515,0.013809095188557278,0.013646615545393736,0.0008549456934159901,16.152014443610046,15.961967702144698,2.266942810558371,0.009929984285358366,4.133375884936099e-05,0.000685578021389711,0.0008549456934159901
chameleon,Degree,2,300,0.0015193340077530593,2.3530746497336907,3.222795694008507,1.2936705844371754,1.818913313822792,2.491202731807199,1.2936705844371754,0.00802546488624304,3.0593299615809996e-05,0.0007063015412917766,0.01042060050575148
chameleon,Neighborhood Heterogeneity,2,300,0.0014196669799275696,0.012345510125029494,0.011696659429174316,0.005957165084766296,2.0723800581923637,1.963460683519598,2.17637008046619,0.005957165084766296,4.0410413490476906e-05,0.00048425522618033055,0.014812897303182332
chameleon,PageRank,2,300,0.0014138749975245446,4.029077306242275e-05,4.9678011245225306e-05,3.136806016401906e-05,1.2844521736998753,1.5837132097256303,1.6762394432417325,0.010253440321277844,3.136806016401906e-05,0.0006558306165429275,0.011057073935164141
chameleon,Eigenvector Centrality,2,300,0.0014205419865902513,0.0007035452807979604,0.0011147123454339739,0.0004586942706787681,1.5338000183801421,2.43018589219447,2.6719398552121634,0.007562089591670261,5.215064679666843e-05,0.0004586942706787681,0.009859115611035214
chameleon,Clustering Coefficient,2,300,0.0014327079989016056,0.014901671847866865,0.011438687677340862,0.005860342706375502,2.5427987055527055,1.9518803337041442,2.24736225889544,0.0077541703567661074,3.942203253043666e-05,0.00044248931520741026,0.005860342706375502
chameleon,Degree,2,350,0.0015603749779984355,2.3530746497336907,3.222795694008507,1.4639184804516634,1.6073809308068134,2.2014857637524847,1.4639184804516634,0.007794361268874321,2.4534442891560773e-05,0.0004974472550593101,0.010396369389506735
chameleon,Neighborhood Heterogeneity,2,350,0.0015714589972048998,0.012345510125029494,0.011696659429174316,0.005455457587011432,2.2629651002002418,2.1440290282930956,1.4824988080823331,0.005455457587011432,3.3592120423789884e-05,0.0007830196131036119,0.016920157630773813
chameleon,PageRank,2,350,0.0015957090072333813,4.029077306242275e-05,4.9678011245225306e-05,1.8347428757803925e-05,2.1959901626698186,2.7076279679840796,1.7791686625096286,0.011291596930612609,1.8347428757803925e-05,0.0009116888947315906,0.014183378232536903
chameleon,Eigenvector Centrality,2,350,0.0015688750136177987,0.0007035452807979604,0.0011147123454339739,0.0005268300382681853,1.335431220115466,2.1158860817775245,1.6072241424987443,0.00839660001057836,2.4565672516218325e-05,0.0005268300382681853,0.011343555428243996
chameleon,Clustering Coefficient,2,350,0.0014643330068793148,0.014901671847866865,0.011438687677340862,0.006806822685677225,2.189225801227738,1.680473872400101,2.119869174811968,0.007608609205420727,3.685454671038623e-05,0.0007101068567864865,0.006806822685677225
chameleon,Degree,2,400,0.0016829170053824782,2.3530746497336907,3.222795694008507,0.6336868597967033,3.7133082584174053,5.08578589595882,0.6336868597967033,0.009718873458303886,2.658953246019131e-05,0.00042430732525344604,0.010416675807208894
chameleon,Neighborhood Heterogeneity,2,400,0.0016732919903006405,0.012345510125029494,0.011696659429174316,0.0016728911715529816,7.37974492002901,6.991883051373898,1.7651452945732125,0.0016728911715529816,3.402234226255458e-05,0.0006097985756276317,0.010396549005243083
chameleon,PageRank,2,400,0.00171387501177378,4.029077306242275e-05,4.9678011245225306e-05,1.5228888408994415e-05,2.645680497509352,3.2620904370068606,1.6883031410491385,0.00718597758532198,1.5228888408994415e-05,0.0007567736596493226,0.012681737551940148
chameleon,Eigenvector Centrality,2,400,0.0017083339917007834,0.0007035452807979604,0.0011147123454339739,9.723491513293732e-05,7.2355211071670045,11.464115990742267,1.6872190598620798,0.013412238955684974,3.586717247293957e-05,9.723491513293732e-05,0.00867917097027502
chameleon,Clustering Coefficient,2,400,0.0016473330033477396,0.014901671847866865,0.011438687677340862,0.005702705005484775,2.6130883209870865,2.005835417813004,1.9851266188680374,0.009670378627050794,3.0280921997627288e-05,0.000534991638339878,0.005702705005484775
chameleon,Degree,2,450,0.0017988339823205024,2.3530746497336907,3.222795694008507,0.5347457322743392,4.400361719065574,6.026781514088129,0.5347457322743392,0.007941689707105525,2.25051605507226e-05,0.0005283870300666491,0.011183221021160131
chameleon,Neighborhood Heterogeneity,2,450,0.001802124985260889,0.012345510125029494,0.011696659429174316,0.0007367002800864645,16.75784638439466,15.877093772519688,1.9234626522727207,0.0007367002800864645,3.5221004406875656e-05,0.0005084135704264956,0.011221270998919345
chameleon,PageRank,2,450,0.0018435420060995966,4.029077306242275e-05,4.9678011245225306e-05,1.3207168408177297e-05,3.050674589526433,3.761443006546874,1.6995674754942485,0.0103278274632952,1.3207168408177297e-05,0.0004018892487629621,0.008347183955701831
chameleon,Eigenvector Centrality,2,450,0.0018297920178156346,0.0007035452807979604,0.0011147123454339739,9.780651635185597e-05,7.193235246892728,11.397117359990924,2.167562633146154,0.012655395281988663,4.118547809730393e-05,9.780651635185597e-05,0.00969107938732552
chameleon,Clustering Coefficient,2,450,0.0018106250208802521,0.014901671847866865,0.011438687677340862,0.000852593085201038,17.47805853287341,13.416350514552514,1.70725906308286,0.009857992028467702,2.6334396030428668e-05,0.00038474264693606514,0.000852593085201038
chameleon,Degree,3,300,0.001713165984256193,3.0424061420400075,2.0057126321428376,1.1207010787331155,2.714734731476535,1.7896945672704927,1.1207010787331155,0.012762552095806992,2.7981256306016597e-05,0.0007321581557022778,0.012127929901432882
chameleon,Neighborhood Heterogeneity,3,300,0.001546290994156152,0.007759542512536552,0.00953416344848422,0.006002803644674553,1.292653062110487,1.588285076914443,1.88567678190104,0.006002803644674553,3.175721438349368e-05,0.0005465903007333888,0.016000500169170824
chameleon,PageRank,3,300,0.0017194579995702952,5.3844702540236484e-05,3.39505431565341e-05,2.3712142521803268e-05,2.2707649673886023,1.4317788080649667,1.8136526389958907,0.008348151003065052,2.3712142521803268e-05,0.0005419607669154582,0.01470275679472099
chameleon,Eigenvector Centrality,3,300,0.0016217920056078583,0.0011361029552709372,0.0005652462019099221,0.00045209040769810075,2.512999470737742,1.2502946142741103,2.075079469221344,0.010590482592792232,4.2426158490239856e-05,0.00045209040769810075,0.012006692605859908
chameleon,Clustering Coefficient,3,300,0.0015991670079529285,0.01090060900711757,0.013119200265583752,0.005904435713624479,1.846172866606783,2.2219227885420465,2.0449013572240116,0.010492508795378653,3.84040842905369e-05,0.00040668742818468425,0.005904435713624479
chameleon,Degree,3,350,0.0016442909836769104,3.0424061420400075,2.0057126321428376,1.6390301104946439,1.8562234595689264,1.2237192100989116,1.6390301104946439,0.0062508432906,3.7611938191613e-05,0.0006295562380437533,0.013317337026528143
chameleon,Neighborhood Heterogeneity,3,350,0.0016488339751958847,0.007759542512536552,0.00953416344848422,0.005402767406865766,1.4362162810628913,1.764681454983298,2.31252319635615,0.005402767406865766,3.853379484920824e-05,0.0005564545120905959,0.009888584514177057
chameleon,PageRank,3,350,0.0017986670136451721,5.3844702540236484e-05,3.39505431565341e-05,1.840296865176523e-05,2.9258704700924243,1.8448405688762355,1.517246967372829,0.011734537999371988,1.840296865176523e-05,0.0006114098012677943,0.009261274376570419
chameleon,Eigenvector Centrality,3,350,0.0017716669826768339,0.0011361029552709372,0.0005652462019099221,0.0005143488004863592,2.208818129247425,1.0989550308573388,2.3556387789682995,0.008270005822338073,4.124184895738372e-05,0.0005143488004863592,0.012162893356151571
chameleon,Clustering Coefficient,3,350,0.0017084999999497086,0.01090060900711757,0.013119200265583752,0.006758317214031843,1.6129176334732207,1.941193325217886,2.4456435059981976,0.006998540965823689,3.168671380664142e-05,0.000962200667446324,0.006758317214031843
chameleon,Degree,3,400,0.0019409999949857593,3.0424061420400075,2.0057126321428376,0.6307925065018903,4.823148833697964,3.179670987636926,0.6307925065018903,0.0057765686902449456,2.6293400536080943e-05,0.00048434994114389006,0.01054388403413219
chameleon,Neighborhood Heterogeneity,3,400,0.0018732500029727817,0.007759542512536552,0.00953416344848422,0.0016722457665258855,4.640192648630299,5.701412818219645,3.051409211180376,0.0016722457665258855,3.9531844500037606e-05,0.001164514409096816,0.01629866585668047
chameleon,PageRank,3,400,0.0018616250017657876,5.3844702540236484e-05,3.39505431565341e-05,1.5229163938250862e-05,3.5356308959939393,2.2293110307428647,1.5704307985429296,0.008934949162720645,1.5229163938250862e-05,0.0005378170239231741,0.0093082277249013
chameleon,Eigenvector Centrality,3,400,0.0018373750208411366,0.0011361029552709372,0.0005652462019099221,9.839007966878214e-05,11.546925859756241,5.744951155774571,2.0191133834383246,0.008394537799676895,3.945130579072108e-05,9.839007966878214e-05,0.011737089790136601
chameleon,Clustering Coefficient,3,400,0.0018744590051937848,0.01090060900711757,0.013119200265583752,0.005752064604446943,1.8950776385039674,2.2807811051776516,2.9477074197097073,0.008865192692637542,3.3102714637999476e-05,0.0011440391547326689,0.005752064604446943
chameleon,Degree,3,450,0.002011499978834763,3.0424061420400075,2.0057126321428376,0.5339302523055404,5.698134033242599,3.756506816165706,0.5339302523055404,0.009992956697722948,2.314311847103083e-05,0.0003888758886182471,0.013134578143790881
chameleon,Neighborhood Heterogeneity,3,450,0.0019688329775817692,0.007759542512536552,0.00953416344848422,0.000742856757911664,10.445543410482468,12.834457446798869,2.0803670369803102,0.000742856757911664,3.764723610733082e-05,0.0008966231917360252,0.020719210814354808
chameleon,PageRank,3,450,0.0019337499979883432,5.3844702540236484e-05,3.39505431565341e-05,1.3203121724689892e-05,4.078179665612464,2.5714027231186125,1.880525692207619,0.005864530204153388,1.3203121724689892e-05,0.0008201952066891465,0.010889227523887473
chameleon,Eigenvector Centrality,3,450,0.0019627079891506582,0.0011361029552709372,0.0005652462019099221,9.763925773725041e-05,11.635718886026536,5.789128420363592,2.2992693246240155,0.009076141288852002,4.3852488106656764e-05,9.763925773725041e-05,0.008399337705108164
chameleon,Clustering Coefficient,3,450,0.0019693330104928464,0.01090060900711757,0.013119200265583752,0.0008445430831461162,12.907108263216493,15.534080531110064,2.419407001592355,0.011673835106465507,4.077896129378788e-05,0.0007316870491315778,0.0008445430831461162
chameleon,Degree,4,300,0.001548750005895272,2.8940643312954526,2.487197960950824,1.3592262504848336,2.1291998519474924,1.8298631004688475,1.3592262504848336,0.009021919324180588,3.4324733812994166e-05,0.0005331885355166784,0.012915859112789094
chameleon,Neighborhood Heterogeneity,4,300,0.001528958004200831,0.011557789167553765,0.008145022943966535,0.006149243384460277,1.8795465466144008,1.3245569307843275,1.9812836375422183,0.006149243384460277,3.841875821927416e-05,0.0009467411052637145,0.00942729103784013
chameleon,PageRank,4,300,0.0015057910059113055,5.2050931351131116e-05,3.2669690089999164e-05,3.27701165970325e-05,1.5883657660175856,0.9969354241772083,2.4462841074511528,0.008812084565895684,3.27701165970325e-05,0.0008699316424685945,0.013668280305501518
chameleon,Eigenvector Centrality,4,300,0.0017812919977586716,0.0008001951237026246,0.001035102041293137,0.0004388893660661887,1.8232274134934214,2.35845778304192,1.7501962225417582,0.008269329868060279,3.457495425897457e-05,0.0004388893660661887,0.011650094525356277
chameleon,Clustering Coefficient,4,300,0.001903457974549383,0.01292789021226492,0.010220912787075737,0.005869713876249573,2.202473661378046,1.7412965951257477,1.5369055035988688,0.013667401896309161,2.9780779460646546e-05,0.0004809818148454206,0.005869713876249573
chameleon,Degree,4,350,0.0018896670080721378,2.8940643312954526,2.487197960950824,1.6151264347145378,1.7918500181114045,1.5399400984916816,1.6151264347145378,0.012577081875123552,3.257874510652959e-05,0.0007573050497881223,0.009486348265884539
chameleon,Neighborhood Heterogeneity,4,350,0.0016377500141970813,0.011557789167553765,0.008145022943966535,0.005468654279189567,2.113461297331559,1.489401693385817,2.2189722608944606,0.005468654279189567,3.822674266185363e-05,0.0005990036791605487,0.014411919846319727
chameleon,PageRank,4,350,0.0016259999829344451,5.2050931351131116e-05,3.2669690089999164e-05,1.831578450710237e-05,2.841861965068827,1.7836904598506678,1.7218982517609571,0.010187508246647778,1.831578450710237e-05,0.0006292896735095883,0.012208679807224461
chameleon,Eigenvector Centrality,4,350,0.0016020000039134175,0.0008001951237026246,0.001035102041293137,0.0005240292475282255,1.527004699598421,1.9752753232297093,1.7692840175334463,0.011910654749315295,3.3881123024026645e-05,0.0005240292475282255,0.006817531997768135
chameleon,Clustering Coefficient,4,350,0.0016679170075803995,0.01292789021226492,0.010220912787075737,0.006757931469444015,1.9129951629013067,1.5124321448492917,2.2306561579788133,0.009712240260697629,3.24819442131647e-05,0.0014983806592641482,0.006757931469444015
chameleon,Degree,4,400,0.0018378340173512697,2.8940643312954526,2.487197960950824,0.6328329222265163,4.573188640554878,3.930260063272365,0.6328329222265163,0.008067233168920654,2.8740985145905813e-05,0.0005677512385797633,0.007118500260220498
chameleon,Neighborhood Heterogeneity,4,400,0.0017624589963816106,0.011557789167553765,0.008145022943966535,0.0016546952030663288,6.984844789624055,4.92237055433105,2.3872590389523984,0.0016546952030663288,4.657644976359259e-05,0.0005580094626888069,0.010549173913391338
chameleon,PageRank,4,400,0.0017619999998714775,5.2050931351131116e-05,3.2669690089999164e-05,1.5219993641504452e-05,3.4199049340723664,2.1464982745400056,1.8500466657674923,0.010012978777659474,1.5219993641504452e-05,0.0011180183704938168,0.013393436256271074
chameleon,Eigenvector Centrality,4,400,0.0017476250068284571,0.0008001951237026246,0.001035102041293137,9.749923511942154e-05,8.207193858726265,10.61651447855254,1.4650419387375917,0.0073542736121678,3.433216600984164e-05,9.749923511942154e-05,0.011780377787821225
chameleon,Clustering Coefficient,4,400,0.0017022919782903045,0.01292789021226492,0.010220912787075737,0.005767914170655658,2.241345801925372,1.7720292786385017,2.6324545909214123,0.012057387929569447,3.96157716372833e-05,0.0008479521894684166,0.005767914170655658
chameleon,Degree,4,450,0.0017568330222275108,2.8940643312954526,2.487197960950824,0.532277327300214,5.437136212384917,4.6727482712183965,0.532277327300214,0.007529881760828691,2.454389482705314e-05,0.0003463036673382276,0.009437407480886345
chameleon,Neighborhood Heterogeneity,4,450,0.0018389589968137443,0.011557789167553765,0.008145022943966535,0.0007448299554547427,15.517352763420158,10.935412686233512,2.6929937199845653,0.0007448299554547427,4.74725594155943e-05,0.0007590886655792378,0.009649405121711085
chameleon,PageRank,4,450,0.0018760829989332706,5.2050931351131116e-05,3.2669690089999164e-05,1.321256790652395e-05,3.9395015200209498,2.472622303334986,1.3431824633540888,0.012322479431314126,1.321256790652395e-05,0.0005117447225081048,0.0097091452579267
chameleon,Eigenvector Centrality,4,450,0.0018520409939810634,0.0008001951237026246,0.001035102041293137,9.669128922284214e-05,8.275772617515045,10.705225358072967,1.740511335854584,0.008228432791229177,3.680865557951185e-05,9.669128922284214e-05,0.00977688172894479
chameleon,Clustering Coefficient,4,450,0.0018414170190226287,0.01292789021226492,0.010220912787075737,0.0008614912836262308,15.006408605607962,11.864209170002713,1.7630500785763945,0.006704326733373218,3.006595591755886e-05,0.0005028138054600135,0.0008614912836262308
chameleon,Degree,5,300,0.0015179170004557818,2.578955839482152,2.3586508838225098,1.327225015005336,1.943118770611616,1.7771296179292002,1.327225015005336,0.008466430803023768,3.0606177574323814e-05,0.0005963728868495933,0.012120953100484133
chameleon,Neighborhood Heterogeneity,5,300,0.0014922079863026738,0.010046895774225309,0.009903771056298609,0.006073361537608736,1.6542561663768616,1.63069018614657,1.9702408829411115,0.006073361537608736,4.247458737280538e-05,0.0007464210101847626,0.011096347370688073
chameleon,PageRank,5,300,0.0014582499861717224,4.5660499338300505e-05,3.288237840679909e-05,2.9486273830288975e-05,1.5485340603259607,1.1151757796206028,2.248678039478956,0.009471746806650399,2.9486273830288975e-05,0.0008586947223518316,0.009085410479407013
chameleon,Eigenvector Centrality,5,300,0.0014237089781090617,0.0008143723829401206,0.0007558401956793449,0.00045236547227857664,1.8002531865177636,1.6708618185914106,1.9201086645365826,0.0094108629241349,3.619930297815404e-05,0.00045236547227857664,0.010311445424804966
chameleon,Clustering Coefficient,5,300,0.001416333019733429,0.013271939097506036,0.018816349038410746,0.005877303248980187,2.2581681657840176,3.201527680518392,2.0510129230037704,0.008746847581485709,3.117334086935623e-05,0.0006843288572393971,0.005877303248980187
chameleon,Degree,5,350,0.0017125830054283142,2.578955839482152,2.3586508838225098,1.6458189445946878,1.5669742093759078,1.4331168635340805,1.6458189445946878,0.009699373238000604,3.268140490385114e-05,0.0005646101122121734,0.010526758929195947
chameleon,Neighborhood Heterogeneity,5,350,0.0015924579929560423,0.010046895774225309,0.009903771056298609,0.0055010526503944165,1.8263587739893679,1.8003410775551338,2.5806148606034176,0.0055010526503944165,3.992312446441279e-05,0.0007157778098299086,0.008796044938916303
chameleon,PageRank,5,350,0.0017228330252692103,4.5660499338300505e-05,3.288237840679909e-05,2.10627230783778e-05,2.1678345752536554,1.5611646359513174,1.5953830634151016,0.009132473884481181,2.10627230783778e-05,0.0007068916261077832,0.011981936959425989
chameleon,Eigenvector Centrality,5,350,0.0015407080063596368,0.0008143723829401206,0.0007558401956793449,0.0005026692538539791,1.6200958715821685,1.5036531275471836,1.8854815995090626,0.01700646038791512,3.213957036201976e-05,0.0005026692538539791,0.008391818909761897
chameleon,Clustering Coefficient,5,350,0.001568375009810552,0.013271939097506036,0.018816349038410746,0.006817459074716208,1.9467574285451081,2.760023761373884,2.845524297721096,0.011509637436234354,4.012775666680741e-05,0.00035319502424979666,0.006817459074716208
chameleon,Degree,5,400,0.001720375003060326,2.578955839482152,2.3586508838225098,0.631615737428098,4.083108900964862,3.734313038853017,0.631615737428098,0.010449044582353914,2.6175803190935727e-05,0.0005647102074853386,0.011077107162847547
chameleon,Neighborhood Heterogeneity,5,400,0.0016825410129968077,0.010046895774225309,0.009903771056298609,0.0016675556921642034,6.024923678072874,5.939094629844236,1.8408276353699684,0.0016675556921642034,3.2226929602278116e-05,0.0006730412889922011,0.012228622855312305
chameleon,PageRank,5,400,0.0017118329997174442,4.5660499338300505e-05,3.288237840679909e-05,1.5232107907551629e-05,2.9976481006718303,2.1587542975911416,1.2959526108267545,0.008928350402993964,1.5232107907551629e-05,0.0004875479632333868,0.010524478637124936
chameleon,Eigenvector Centrality,5,400,0.0016272499924525619,0.0008143723829401206,0.0007558401956793449,9.793184245469075e-05,8.315705724794253,7.718022828264901,1.6544735940388127,0.007236372055090654,3.323311243198849e-05,9.793184245469075e-05,0.010281358749434375
chameleon,Clustering Coefficient,5,400,0.0017613749951124191,0.013271939097506036,0.018816349038410746,0.005758579374914664,2.3047245220445904,3.2675331558991636,1.7411374844326795,0.00927814726352131,2.9577765559671542e-05,0.0006199080193305368,0.005758579374914664
chameleon,Degree,5,450,0.0018450000206939876,2.578955839482152,2.3586508838225098,0.5340808949504614,4.828773812853505,4.416280204221284,0.5340808949504614,0.008300195276127853,2.280913046268257e-05,0.0003955921738021278,0.01117813465719263
chameleon,Neighborhood Heterogeneity,5,450,0.001804750005248934,0.010046895774225309,0.009903771056298609,0.0007566128723251293,13.278779864464147,13.089614806398366,1.8376600732092712,0.0007566128723251293,2.9990806492350905e-05,0.0005208196189763218,0.012755625853846736
chameleon,PageRank,5,450,0.0018468750058673322,4.5660499338300505e-05,3.288237840679909e-05,1.3207646859650799e-05,3.4571259985601808,2.4896470019390327,1.2600908397475916,0.011439169867848405,1.3207646859650799e-05,0.0006032324958340099,0.011456947573920167
chameleon,Eigenvector Centrality,5,450,0.0018570419924799353,0.0008143723829401206,0.0007558401956793449,9.699690863162342e-05,8.395859150861792,7.792415308305218,1.7567719872296519,0.009527901489377377,3.0676698037711335e-05,9.699690863162342e-05,0.008619877379129798
chameleon,Clustering Coefficient,5,450,0.0018208749825134873,0.013271939097506036,0.018816349038410746,0.0008608750067382924,15.416801502684036,21.857236986938048,2.1725072931137,0.014044340292077045,3.977759980290311e-05,0.0006733601317247946,0.0008608750067382924
chameleon,Degree,6,300,0.0015090840170159936,2.5432010857182465,2.4030638672286235,1.2004919133752086,2.1184658200387063,2.0017326568009595,1.2004919133752086,0.010286604629285774,3.058385996445192e-05,0.0005725852957612261,0.007770460267564072
chameleon,Neighborhood Heterogeneity,6,300,0.0014492080081254244,0.008889896367750973,0.009386393071493212,0.006047908119304217,1.4699126032314316,1.5520065593478414,2.289726002449117,0.006047908119304217,3.136589851854618e-05,0.0007269713249052278,0.010256274757476423
chameleon,PageRank,6,300,0.00144133300636895,4.661077789270216e-05,4.597882654813344e-05,2.758448544427721e-05,1.6897461432390875,1.6668364773747264,2.0096148169145907,0.009015646494126972,2.758448544427721e-05,0.000878374512990876,0.011486519906402749
chameleon,Eigenvector Centrality,6,300,0.0014463750121649355,0.0004300388232219607,0.000864840842622424,0.00045147092820646957,0.9525282722640617,1.9156069385422518,2.3591231245235824,0.012229627820855116,4.302818889281451e-05,0.00045147092820646957,0.008903322675485053
chameleon,Clustering Coefficient,6,300,0.0014047499862499535,0.015203989436164692,0.015260662316348633,0.005882083382031035,2.5847966525960535,2.5944314837439877,2.556599413807649,0.008174342640677967,4.0660235019529005e-05,0.0008476123067911699,0.005882083382031035
chameleon,Degree,6,350,0.0016417079896200448,2.5432010857182465,2.4030638672286235,1.5007371474190707,1.6946345934676026,1.6012556704958967,1.5007371474190707,0.009811927843196032,2.7940165430832712e-05,0.0005119165930560655,0.013610639933870405
chameleon,Neighborhood Heterogeneity,6,350,0.0015816249942872673,0.008889896367750973,0.009386393071493212,0.005379604851796722,1.652518467928338,1.7448108792522692,2.0597826772769574,0.005379604851796722,3.229540697344659e-05,0.0008469943622997072,0.009988792548289537
chameleon,PageRank,6,350,0.0015277500206138939,4.661077789270216e-05,4.597882654813344e-05,1.9449587328074775e-05,2.396491869286151,2.3640001082061346,1.3602255283491005,0.008833477008524436,1.9449587328074775e-05,0.00046785972478169993,0.01011219997735022
chameleon,Eigenvector Centrality,6,350,0.001525582978501916,0.0004300388232219607,0.000864840842622424,0.0005022795489095487,0.8561742642231344,1.7218316861596248,1.9473830021999359,0.009763372603131697,3.421841848249846e-05,0.0005022795489095487,0.009669212768542004
chameleon,Clustering Coefficient,6,350,0.001579499978106469,0.015203989436164692,0.015260662316348633,0.006769068782681249,2.246097642716277,2.2544699730919024,1.9167918846980647,0.008866694369461756,3.233233744679756e-05,0.0005845534579731959,0.006769068782681249
chameleon,Degree,6,400,0.0017161669966299087,2.5432010857182465,2.4030638672286235,0.6287940676155814,4.044569147037587,3.8217025111912424,0.6287940676155814,0.009120495318730475,2.4521248242296678e-05,0.0003505622976750631,0.012219042919132677
chameleon,Neighborhood Heterogeneity,6,400,0.0017049159796442837,0.008889896367750973,0.009386393071493212,0.001664566661328941,5.340667078273418,5.638940926522818,2.7667721828133716,0.001664566661328941,4.098308690999667e-05,0.0008891768266606679,0.012716922981720447
chameleon,PageRank,6,400,0.0017309999966528267,4.661077789270216e-05,4.597882654813344e-05,1.5237767799202972e-05,3.058898029351792,3.017425331191778,1.7265387142732713,0.007591286140813634,1.5237767799202972e-05,0.0004820079107766607,0.007552945326248267
chameleon,Eigenvector Centrality,6,400,0.0016345829935744405,0.0004300388232219607,0.000864840842622424,9.789317883013102e-05,4.392939613986638,8.834536307408483,1.7536804296644124,0.009244022689499351,3.358700868345922e-05,9.789317883013102e-05,0.013835479170783895
chameleon,Clustering Coefficient,6,400,0.0015811669873073697,0.015203989436164692,0.015260662316348633,0.005758365406972353,2.640330781675538,2.6501726163245376,2.0179687551197842,0.01007940563070418,2.7604524047921443e-05,0.0009411690375955362,0.005758365406972353
chameleon,Degree,6,450,0.0018117919971700758,2.5432010857182465,2.4030638672286235,0.5343462131562862,4.759463102949713,4.497203887783093,0.5343462131562862,0.007115818627828012,2.337348906483604e-05,0.0004388535566336336,0.008755476457843225
chameleon,Neighborhood Heterogeneity,6,450,0.0018524579936638474,0.008889896367750973,0.009386393071493212,0.0007291877340827856,12.191505633227907,12.872395725772813,2.187419592865817,0.0007291877340827856,3.282992949520484e-05,0.0007430325926256849,0.016195489248910684
chameleon,PageRank,6,450,0.0019187919970136136,4.661077789270216e-05,4.597882654813344e-05,1.320467765760195e-05,3.529868664826383,3.4820105223593525,1.7307901226665556,0.005834619925874536,1.320467765760195e-05,0.0005691142507615408,0.007567062523758193
chameleon,Eigenvector Centrality,6,450,0.001839541015215218,0.0004300388232219607,0.000864840842622424,9.661414125046634e-05,4.4510960575337615,8.951493346925023,1.5828618825872849,0.007680381127339539,3.2168040786272384e-05,9.661414125046634e-05,0.007381536723175828
chameleon,Clustering Coefficient,6,450,0.001865540980361402,0.015203989436164692,0.015260662316348633,0.0008479722142502712,17.92982031800086,17.996653734510915,1.8532967388573791,0.010250785105869065,2.943335852796852e-05,0.0008677702508529646,0.0008479722142502712
chameleon,Degree,7,300,0.001530667010229081,2.1570878930375477,2.950985816878266,1.097363161882613,1.9657010258453487,2.6891606346759604,1.097363161882613,0.00891340938860781,2.5983261752279795e-05,0.0005733023990710795,0.007190904398891948
chameleon,Neighborhood Heterogeneity,7,300,0.0014940410037524998,0.013232228569193547,0.010728779346050987,0.006061388682883922,2.183035812660976,1.7700200246763234,1.983639078948007,0.006061388682883922,2.7306197805867957e-05,0.0006628229696849615,0.010074788310670865
chameleon,PageRank,7,300,0.0014551659987773746,4.404398130293826e-05,4.6165296760307784e-05,3.0381532732973247e-05,1.4496958297017413,1.5195183589340222,2.042594962881002,0.008659259084942385,3.0381532732973247e-05,0.0010551620453373512,0.011462689193923103
chameleon,Eigenvector Centrality,7,300,0.0014299160102382302,0.00096557692025993,0.0006027734817490354,0.0004673111692308447,2.0662397645003634,1.289876042854166,1.8274939769104503,0.007423671906666783,3.8759250090492246e-05,0.0004673111692308447,0.011881585110293694
chameleon,Clustering Coefficient,7,300,0.0015055419935379177,0.011648954618840532,0.012323452985408488,0.005864142382241483,1.9864719953112544,2.1014927984572616,2.270918096650362,0.007886817400871275,3.215998511646701e-05,0.0007415719497257569,0.005864142382241483
chameleon,Degree,7,350,0.0015505829942412674,2.1570878930375477,2.950985816878266,1.4935578901139581,1.4442613221191998,1.9758094657135161,1.4935578901139581,0.010729700190511046,2.805295960649363e-05,0.0005828130262690876,0.012365588669851676
chameleon,Neighborhood Heterogeneity,7,350,0.0015063330065459013,0.013232228569193547,0.010728779346050987,0.0054740439253268824,2.4172675173415574,1.9599366560454332,1.8076701978418221,0.0054740439253268824,3.350561460321547e-05,0.0006600384241965465,0.019926380164752375
chameleon,PageRank,7,350,0.0015787500014994293,4.404398130293826e-05,4.6165296760307784e-05,2.4564243810225702e-05,1.7930118933522168,1.8793697504781284,2.102277135526564,0.008430267906121721,2.4564243810225702e-05,0.0010049961475204396,0.009280523001827034
chameleon,Eigenvector Centrality,7,350,0.0015938330034259707,0.00096557692025993,0.0006027734817490354,0.0005062574564766314,1.9072843429902162,1.1906461308128093,1.8256382798488073,0.01047811409278222,3.433313509989609e-05,0.0005062574564766314,0.0069879688443901505
chameleon,Clustering Coefficient,7,350,0.0016097920015454292,0.011648954618840532,0.012323452985408488,0.006766066082826648,1.7216731962472895,1.8213616057767115,1.7725883473251873,0.01298788167839332,3.705828756688691e-05,0.0009154109341137837,0.006766066082826648
chameleon,Degree,7,400,0.0016797919815871865,2.1570878930375477,2.950985816878266,0.6339244686155487,3.402752220226634,4.655106346222972,0.6339244686155487,0.013044134534849015,2.5247303883732313e-05,0.0003875633343743844,0.010210834906106966
chameleon,Neighborhood Heterogeneity,7,400,0.0016845419886521995,0.013232228569193547,0.010728779346050987,0.00165615696662871,7.989718870747624,6.478117450358948,2.4143755405540297,0.00165615696662871,5.212488822912044e-05,0.0007590157167280182,0.009469463554665686
chameleon,PageRank,7,400,0.0019277910178061575,4.404398130293826e-05,4.6165296760307784e-05,1.522062429706768e-05,2.8937039929054373,3.0330751130360487,1.5418582472701476,0.008941151014394006,1.522062429706768e-05,0.0007740305968838181,0.009226221680738222
chameleon,Eigenvector Centrality,7,400,0.0016959159984253347,0.00096557692025993,0.0006027734817490354,9.816787473636826e-05,9.83597661508926,6.140231550981372,1.4520698167837782,0.009646920056621308,2.5469109023038728e-05,9.816787473636826e-05,0.00942269962145562
chameleon,Clustering Coefficient,7,400,0.0019041670020669699,0.011648954618840532,0.012323452985408488,0.005783185240798913,2.0142800435753117,2.1309109897552023,1.6564520173444677,0.01062329888339943,3.182759538804218e-05,0.0005617540043217502,0.005783185240798913
chameleon,Degree,7,450,0.0018583750061225146,2.1570878930375477,2.950985816878266,0.5335557958441296,4.042853455700646,5.530791418373708,0.5335557958441296,0.007273030598867733,2.4376841711057155e-05,0.000496958422944748,0.011434903961786798
chameleon,Neighborhood Heterogeneity,7,450,0.0018667079857550561,0.013232228569193547,0.010728779346050987,0.0007455614628150865,17.74800499912023,14.390201051354406,1.7499056968965427,0.0007455614628150865,3.540679808732544e-05,0.0007031619979621362,0.011019408030801925
chameleon,PageRank,7,450,0.0018569579988252372,4.404398130293826e-05,4.6165296760307784e-05,1.3215076412168147e-05,3.332858617630356,3.49338099307544,1.4652958013255541,0.00691437251944334,1.3215076412168147e-05,0.0005389704869432601,0.008482364870834964
chameleon,Eigenvector Centrality,7,450,0.001871999993454665,0.00096557692025993,0.0006027734817490354,9.679605320382536e-05,9.97537490734974,6.227252680228226,1.616310716997218,0.010827780908788684,3.279564226986786e-05,9.679605320382536e-05,0.011555971353891293
chameleon,Clustering Coefficient,7,450,0.00184058299055323,0.011648954618840532,0.012323452985408488,0.000870881950793667,13.376043226322935,14.150543565838824,2.0376982310849607,0.008092199503738217,3.105632672106102e-05,0.0007821948797189391,0.000870881950793667
chameleon,Degree,8,300,0.0014279590104706585,2.2919275296277544,2.15778213015055,1.3928127123321623,1.6455389223078605,1.5492263324747393,1.3928127123321623,0.009755122938764394,3.3515317865294626e-05,0.000605344816046091,0.01359508629852833
chameleon,Neighborhood Heterogeneity,8,300,0.0014166670152917504,0.012104150803028338,0.007521126336164285,0.005956311583878266,2.0321554090269904,1.2627153952995755,2.6763467945733397,0.005956311583878266,3.4617900953973967e-05,0.0007291139307543587,0.015143587145431913
chameleon,PageRank,8,300,0.0014267080114223063,4.348138019732673e-05,3.412984489624837e-05,2.640591716213079e-05,1.646652904739252,1.2925074590930932,1.6791612201680857,0.00843918193194382,2.640591716213079e-05,0.0006693878439641622,0.009696995468060646
chameleon,Eigenvector Centrality,8,300,0.0014197920099832118,0.0005523132687935983,0.0006013871273791929,0.00044540697991004706,1.2400193389540992,1.3501969086803425,2.528410793376469,0.008174649815480522,4.40175415290791e-05,0.00044540697991004706,0.009151607077361346
chameleon,Clustering Coefficient,8,300,0.0013998750073369592,0.01657723208392679,0.012761914519224472,0.005876170873102815,2.821094287745492,2.1718079332308036,2.9487580764010994,0.010556380184695503,3.527762202557391e-05,0.0008573856565367225,0.005876170873102815
chameleon,Degree,8,350,0.001651291997404769,2.2919275296277544,2.15778213015055,1.633773114757099,1.4028432154537605,1.3207354868679901,1.633773114757099,0.009072020896692356,3.1902659038463024e-05,0.0007219882156904409,0.01568878708824587
chameleon,Neighborhood Heterogeneity,8,350,0.00155237500439398,0.012104150803028338,0.007521126336164285,0.005488241050172061,2.205469966128558,1.3704074342595596,2.2139342058907285,0.005488241050172061,3.5571417144586426e-05,0.001024989795536313,0.010542351825038737
chameleon,PageRank,8,350,0.0015153330168686807,4.348138019732673e-05,3.412984489624837e-05,2.024303685705786e-05,2.1479672493984854,1.6860041868840832,1.5748199651860992,0.007476321013886569,2.024303685705786e-05,0.000572692479079304,0.008916525377374576
chameleon,Eigenvector Centrality,8,350,0.001552041998365894,0.0005523132687935983,0.0006013871273791929,0.0005262081267555525,1.0496099180356688,1.1428693264149539,1.6658681377102458,0.0092468096718008,2.9830674356690945e-05,0.0005262081267555525,0.012423680128952553
chameleon,Clustering Coefficient,8,350,0.0015571249823551625,0.01657723208392679,0.012761914519224472,0.006794538739223805,2.4397877060040933,1.8782606162140107,2.0244567281180528,0.010260265495387288,4.2754767003587173e-05,0.0005853917850166535,0.006794538739223805
chameleon,Degree,8,400,0.0016694579971954226,2.2919275296277544,2.15778213015055,0.6315076063016584,3.629295208414239,3.4168743315497316,0.6315076063016584,0.010637227660082902,2.296318798451898e-05,0.0004340495942591298,0.009486622251974644
chameleon,Neighborhood Heterogeneity,8,400,0.0016760829894337803,0.012104150803028338,0.007521126336164285,0.0016365552397401106,7.396115028143205,4.59570575653692,2.4906263873426346,0.0016365552397401106,3.6948156526250734e-05,0.0005918455769317045,0.007307148630283244
chameleon,PageRank,8,400,0.0016989579889923334,4.348138019732673e-05,3.412984489624837e-05,1.5233269690065191e-05,2.854369487443943,2.240480579064855,1.8856943183945496,0.009553020237226229,1.5233269690065191e-05,0.000868244858062951,0.010003120278366764
chameleon,Eigenvector Centrality,8,400,0.001711000018985942,0.0005523132687935983,0.0006013871273791929,9.848527426889681e-05,5.6080797143906365,6.1063659703806135,1.4591536368538673,0.009499874329392014,3.0216206429003902e-05,9.848527426889681e-05,0.011505221787806549
chameleon,Clustering Coefficient,8,400,0.0016972500015981495,0.01657723208392679,0.012761914519224472,0.0057577713236972835,2.8791056733531266,2.2164677618751907,2.67891137085645,0.009529029284108455,3.898617869293224e-05,0.00116032390339117,0.0057577713236972835
chameleon,Degree,8,450,0.0018062499875668436,2.2919275296277544,2.15778213015055,0.5337553331489261,4.293966518528951,4.0426427543507,0.5337553331489261,0.009523971863637536,2.0977558870959472e-05,0.000387137120166624,0.011729195110545229
chameleon,Neighborhood Heterogeneity,8,450,0.0018559590098448098,0.012104150803028338,0.007521126336164285,0.0007557281774380577,16.0165402910631,9.952158144560839,2.5449331103678974,0.0007557281774380577,3.466801275435464e-05,0.0008849349662489577,0.01455323286480655
chameleon,PageRank,8,450,0.0018287079874426126,4.348138019732673e-05,3.412984489624837e-05,1.322911759663657e-05,3.286793686706786,2.579903356889479,1.8133568325902458,0.008985085457836625,1.322911759663657e-05,0.0005831311592348921,0.006809967481025904
chameleon,Eigenvector Centrality,8,450,0.0018348750018049031,0.0005523132687935983,0.0006013871273791929,9.810631792800124e-05,5.629742104875781,6.129953096604257,1.4921924807965987,0.009568234277304192,3.084486687820521e-05,9.810631792800124e-05,0.008569703563737662
chameleon,Clustering Coefficient,8,450,0.0018253750167787075,0.01657723208392679,0.012761914519224472,0.0008398023867843786,19.73944387965051,15.196330374923221,1.788625376657413,0.0068195589297944115,3.333132622388255e-05,0.0007497474681762668,0.0008398023867843786
chameleon,Degree,9,300,0.0015486659831367433,2.7137830946068915,2.215501032148631,1.1682465335325767,2.3229541168856525,1.8964327892755108,1.1682465335325767,0.013997111268211515,2.8092046110167765e-05,0.0005735694280320514,0.009215308239610438
chameleon,Neighborhood Heterogeneity,9,300,0.0015334999770857394,0.008201349728140104,0.011067938449564418,0.0059743441203049166,1.372761522100191,1.8525779946200247,1.8392503568132867,0.0059743441203049166,3.455816174799271e-05,0.0008580925101214618,0.017008122088423255
chameleon,PageRank,9,300,0.0014911660109646618,4.1647515682991e-05,3.610158494821425e-05,2.8501911325956705e-05,1.4612183445066924,1.2666373330316454,1.7865897489238454,0.009118534157014618,2.8501911325956705e-05,0.0007812818485674738,0.013107492499127685
chameleon,Eigenvector Centrality,9,300,0.001556375005748123,0.001000431134942676,0.0008678500568552088,0.0004750027674995559,2.10615853926285,1.8270421063515596,1.8441168899750153,0.008276779468822281,3.355717885608339e-05,0.0004750027674995559,0.01009065062945028
chameleon,Clustering Coefficient,9,300,0.0015049170178826898,0.012356520935265096,0.01374929958018192,0.005824666544323517,2.1214125892420843,2.360529907687407,2.4615391918023497,0.011315415864242234,3.158689829550095e-05,0.0013379926203227039,0.005824666544323517
chameleon,Degree,9,350,0.0016000410250853747,2.7137830946068915,2.215501032148631,1.425837177061437,1.9032910196659565,1.553824705787685,1.425837177061437,0.010431397015421309,2.4865107711651745e-05,0.0007966437471224709,0.011648203544545419
chameleon,Neighborhood Heterogeneity,9,350,0.001633542007766664,0.008201349728140104,0.011067938449564418,0.005465716819389876,1.5005076185150037,2.024974731640031,2.1277141876684165,0.005465716819389876,4.191676994069826e-05,0.0006473372362990524,0.01129165918530784
chameleon,PageRank,9,350,0.0016144170076586306,4.1647515682991e-05,3.610158494821425e-05,2.584917766572427e-05,1.6111737178477115,1.3966241176052792,1.666161952718019,0.006919112511317246,2.584917766572427e-05,0.0008407291513150138,0.012050612763503476
chameleon,Eigenvector Centrality,9,350,0.0016145419795066118,0.001000431134942676,0.0008678500568552088,0.0004923116724463684,2.0321093139461595,1.7628061763044038,1.836531227480884,0.010158806621904102,3.007849636225798e-05,0.0004923116724463684,0.009441821709160126
chameleon,Clustering Coefficient,9,350,0.001586083002621308,0.012356520935265096,0.01374929958018192,0.006753182192245534,1.8297330922677755,2.0359734401908787,2.2229989397838366,0.0070092753466530185,4.132606112800139e-05,0.0007400385893059985,0.006753182192245534
chameleon,Degree,9,400,0.0017457500216551125,2.7137830946068915,2.215501032148631,0.6308954775201943,4.3014781232443156,3.511676832518926,0.6308954775201943,0.010867996164042862,2.5752976410367856e-05,0.0004162965283554929,0.009286025425865428
chameleon,Neighborhood Heterogeneity,9,400,0.0017769999976735562,0.008201349728140104,0.011067938449564418,0.0016426978040383674,4.992610148974516,6.737659490598499,1.693563089592835,0.0016426978040383674,3.516938111065089e-05,0.0006590195986012194,0.010668813015999232
chameleon,PageRank,9,400,0.0018251249857712537,4.1647515682991e-05,3.610158494821425e-05,1.522361756096724e-05,2.7357174151414316,2.37141959219846,1.2703977626746545,0.008620154538883167,1.522361756096724e-05,0.0006227290703838902,0.011912257892963655
chameleon,Eigenvector Centrality,9,400,0.0017616249970160425,0.001000431134942676,0.0008678500568552088,9.799294866945519e-05,10.209215545878502,8.856250053078782,1.6738279886906924,0.006950349467011193,3.327307955026531e-05,9.799294866945519e-05,0.01055516548867689
chameleon,Clustering Coefficient,9,400,0.001736750011332333,0.012356520935265096,0.01374929958018192,0.005683639641695895,2.1740507340782314,2.419101218049668,2.312062086146754,0.011382675779686999,3.395937460986178e-05,0.0007637517740738157,0.005683639641695895
chameleon,Degree,9,450,0.001892666012281552,2.7137830946068915,2.215501032148631,0.5338986883952574,5.082955162830098,4.149665620658811,0.5338986883952574,0.009838294981348096,2.7374147554382374e-05,0.000590729894807358,0.012665211094793221
chameleon,Neighborhood Heterogeneity,9,450,0.0018132080149371177,0.008201349728140104,0.011067938449564418,0.0007420717241356907,11.051963659836815,14.914917371977108,2.402266153627712,0.0007420717241356907,3.758054269525106e-05,0.0006115810787722276,0.00962480103158406
chameleon,PageRank,9,450,0.001949833007529378,4.1647515682991e-05,3.610158494821425e-05,1.320768302112999e-05,3.1532794674404467,2.7333776022984506,1.34421900880711,0.009111345660429659,1.320768302112999e-05,0.0008763112914572085,0.012531845711173712
chameleon,Eigenvector Centrality,9,450,0.0018511250091250986,0.001000431134942676,0.0008678500568552088,9.824443385001122e-05,10.183082091653397,8.833579907235729,1.9360786899345244,0.006391089452966554,3.772846192013076e-05,9.824443385001122e-05,0.011740797956567043
chameleon,Clustering Coefficient,9,450,0.001746791007462889,0.012356520935265096,0.01374929958018192,0.0008648282270371976,14.287832599540744,15.898301131180054,2.1581069743884393,0.006857100162915915,4.006571730163632e-05,0.0006149239957957478,0.0008648282270371976
chameleon,Degree,10,300,0.0015319579979404807,2.2311998832593787,2.4357256473503623,1.3394956518183072,1.6657014752012234,1.81839011126611,1.3394956518183072,0.008286052866901128,3.14412932378512e-05,0.000585138895368739,0.013181500624646184
chameleon,Neighborhood Heterogeneity,10,300,0.001420375017914921,0.010703082790419054,0.010717645936560476,0.006147839187667694,1.7409503507978845,1.7433191743303276,1.9397455405006916,0.006147839187667694,3.363324646964587e-05,0.0009624877448432481,0.021615830058535603
chameleon,PageRank,10,300,0.0014421249798033386,4.1608316484841425e-05,3.7175777371046667e-05,2.326528484789543e-05,1.7884292737815028,1.5979076815132818,2.1609398064432406,0.0072225987734982995,2.326528484789543e-05,0.0007885880192713645,0.014743196412223599
chameleon,Eigenvector Centrality,10,300,0.001434083009371534,0.0007563907356572854,0.0006215862647991801,0.0004738358502266874,1.5963138612146406,1.311817720212195,2.069278151291881,0.0104325655736325,3.837556449729775e-05,0.0004738358502266874,0.008865470411934062
chameleon,Clustering Coefficient,10,300,0.001420000015059486,0.01547835518502092,0.013167397543862125,0.005850635610279125,2.6455852348463846,2.2505926571000257,2.4063374090948466,0.011895707455372408,3.5602550552755636e-05,0.0007195691433793358,0.005850635610279125
chameleon,Degree,10,350,0.0015513340185862035,2.2311998832593787,2.4357256473503623,1.4833502132243563,1.5041625796577212,1.6420435482028406,1.4833502132243563,0.011195014272390268,3.0142898878038348e-05,0.00034493893427826606,0.01019810299479193
chameleon,Neighborhood Heterogeneity,10,350,0.0015410420019179583,0.010703082790419054,0.010717645936560476,0.005443224678252507,1.9663128794189646,1.968988342403178,2.3259453843893203,0.005443224678252507,3.448035481908435e-05,0.0011670388528874,0.011908306302581924
chameleon,PageRank,10,350,0.0014864580007269979,4.1608316484841425e-05,3.7175777371046667e-05,2.0549225320367117e-05,2.02481192532362,1.8091084598795237,1.9146101305254668,0.009644931203032382,2.0549225320367117e-05,0.0008495151040011035,0.010994996576934642
chameleon,Eigenvector Centrality,10,350,0.0016536670154891908,0.0007563907356572854,0.0006215862647991801,0.0005364778747361445,1.4099197213478758,1.158642870602808,2.0674571157294275,0.007959027445428705,3.3448553918507676e-05,0.0005364778747361445,0.00935172803608341
chameleon,Clustering Coefficient,10,350,0.001453582983231172,0.01547835518502092,0.013167397543862125,0.006722123383830193,2.302599089783669,1.9588152123978844,2.6989367929299255,0.01032860734062864,4.609648319129919e-05,0.000662311419832219,0.006722123383830193
chameleon,Degree,10,400,0.0016786659834906459,2.2311998832593787,2.4357256473503623,0.6322326402303553,3.5290805018330533,3.8525781371599237,0.6322326402303553,0.007547386983276033,2.515681592482222e-05,0.0003194934017728688,0.01256227795395896
chameleon,Neighborhood Heterogeneity,10,400,0.0016728329937905073,0.010703082790419054,0.010717645936560476,0.0016356289392141592,6.543710822065406,6.552614520081669,2.1045633504557966,0.0016356289392141592,4.107456212164196e-05,0.0010824312392504914,0.014837616035972959
chameleon,PageRank,10,400,0.001705917005892843,4.1608316484841425e-05,3.7175777371046667e-05,1.5223223922850292e-05,2.7332131942424303,2.4420436537917083,1.9042105313958886,0.009092265574069159,1.5223223922850292e-05,0.001213592561669339,0.011148068050317091
chameleon,Eigenvector Centrality,10,400,0.0016988750139717013,0.0007563907356572854,0.0006215862647991801,9.806889610296898e-05,7.712850513409482,6.338261054213722,1.3812875733470726,0.006735228345297342,2.8025889590585295e-05,9.806889610296898e-05,0.009802827447964502
chameleon,Clustering Coefficient,10,400,0.0017938329838216305,0.01547835518502092,0.013167397543862125,0.005753131006254927,2.690422861602234,2.2887359125919864,1.6506745225280703,0.009139985674699046,2.7950511968849224e-05,0.0010881121029426705,0.005753131006254927
chameleon,Degree,10,450,0.0018761249957606196,2.2311998832593787,2.4357256473503623,0.5353597673620587,4.167664474029181,4.549698718213736,0.5353597673620587,0.011625380028436135,2.4246918623734936e-05,0.00045363050389379155,0.01443958604106232
chameleon,Neighborhood Heterogeneity,10,450,0.0018103329930454493,0.010703082790419054,0.010717645936560476,0.0007415124656821903,14.434123882964306,14.45376366896308,2.4611360759758965,0.0007415124656821903,3.404042612606148e-05,0.0009093646867373583,0.013505318332030922
chameleon,PageRank,10,450,0.0018392920028418303,4.1608316484841425e-05,3.7175777371046667e-05,1.3209426481625389e-05,3.149895761388243,2.8143369753985166,1.4816432601215204,0.008878625738549908,1.3209426481625389e-05,0.0008800272145786357,0.0065685111607149795
chameleon,Eigenvector Centrality,10,450,0.001894457993330434,0.0007563907356572854,0.0006215862647991801,9.786910854189636e-05,7.728595334384654,6.351199822496472,1.5015202112913797,0.00828060065651012,3.002793536436667e-05,9.786910854189636e-05,0.007561990534886759
chameleon,Clustering Coefficient,10,450,0.001824999984819442,0.01547835518502092,0.013167397543862125,0.000862630299760813,17.943208335381566,15.264241874547105,1.982589254122433,0.00820652067496787,2.9172495385156756e-05,0.0009216513018532147,0.000862630299760813
chameleon,Degree,11,300,0.001708166004391387,2.5906960037166007,2.3727903929276954,1.1937599763572297,2.1701984109252304,1.9876612048665667,1.1937599763572297,0.010492385006503843,2.9133690841825017e-05,0.0005631153282584834,0.009671877271950815
chameleon,Neighborhood Heterogeneity,11,300,0.0015914580144453794,0.008776793136059495,0.009723295724939827,0.006011743565663746,1.459941369786365,1.6173836456489465,2.517443913828351,0.006011743565663746,4.1359529781258544e-05,0.0009224755283587808,0.0090816104545982
chameleon,PageRank,11,300,0.0016785420011729002,4.2808709393684095e-05,3.688877726711134e-05,2.9430417307697707e-05,1.4545736455625184,1.2534235203475301,1.9424950831014876,0.009360816611159123,2.9430417307697707e-05,0.0007659374356727836,0.01097353043331021
chameleon,Eigenvector Centrality,11,300,0.0016463329957332462,0.000956460858285273,0.0006584360539318948,0.0004634951276433468,2.063583414885985,1.4205889440083876,1.807414872186038,0.0099601110449898,3.0134875565608704e-05,0.0004634951276433468,0.009454164281245977
chameleon,Clustering Coefficient,11,300,0.0016166249988600612,0.013880745862223137,0.013175462300626889,0.005870094778364554,2.364654470892615,2.244505889272482,2.916207806940073,0.009953367330872914,3.403723310952117e-05,0.0005354034124421547,0.005870094778364554
chameleon,Degree,11,350,0.002062291983747855,2.5906960037166007,2.3727903929276954,1.398166001301017,1.8529244748519949,1.6970734452988943,1.398166001301017,0.01954262193177555,2.9746703788373482e-05,0.0005693087902956653,0.010911394330677237
chameleon,Neighborhood Heterogeneity,11,350,0.0027484579768497497,0.008776793136059495,0.009723295724939827,0.005443623267883095,1.6123072270342096,1.7861808663921377,2.729897526831167,0.005443623267883095,2.987699550251079e-05,0.0009659245280796471,0.012688259734999995
chameleon,PageRank,11,350,0.003351583000039682,4.2808709393684095e-05,3.688877726711134e-05,2.6100156376999072e-05,1.64017060952974,1.413354645630392,2.2626841007962293,0.007700969948613912,2.6100156376999072e-05,0.0008754067601193851,0.010556386673580182
chameleon,Eigenvector Centrality,11,350,0.00182170799234882,0.000956460858285273,0.0006584360539318948,0.0005085982561288491,1.8805822606732685,1.2946093424376304,2.1187890294297604,0.005858518360416158,3.717050199666101e-05,0.0005085982561288491,0.009915998819210303
chameleon,Clustering Coefficient,11,350,0.0034993329900316894,0.013880745862223137,0.013175462300626889,0.006828051236251684,2.0329000738200507,1.929608001573765,2.212694942992427,0.009894569427501481,3.7264488318949744e-05,0.0006273388316569873,0.006828051236251684
chameleon,Degree,11,400,0.005030958011047915,2.5906960037166007,2.3727903929276954,0.6345762081803301,4.082560881293539,3.7391732660947947,0.6345762081803301,0.013459132082735548,2.4927998900121375e-05,0.0005764730849184333,0.010700708523440872
chameleon,Neighborhood Heterogeneity,11,400,0.0031220829987432808,0.008776793136059495,0.009723295724939827,0.001666523348073583,5.266528756530789,5.834479148569665,1.817910961400664,0.001666523348073583,3.8992473712576634e-05,0.00047004593487254823,0.01298552472883025
chameleon,PageRank,11,400,0.0038671669899486005,4.2808709393684095e-05,3.688877726711134e-05,1.5213754340547624e-05,2.813816263589227,2.424699153238958,1.6978157476898885,0.008259503666700469,1.5213754340547624e-05,0.0009132035338648764,0.013201667917345028
chameleon,Eigenvector Centrality,11,400,0.0033909160119947046,0.000956460858285273,0.0006584360539318948,9.780061304705521e-05,9.77970207431202,6.732432787666666,1.6894463837713243,0.008691780618999454,3.3694022284405955e-05,9.780061304705521e-05,0.010731931215657586
chameleon,Clustering Coefficient,11,400,0.002914125012466684,0.013880745862223137,0.013175462300626889,0.0057039475954220945,2.4335332031036927,2.309884878886567,2.362770972988364,0.01333969864318359,3.080929002192006e-05,0.0012673954105887827,0.0057039475954220945
chameleon,Degree,11,450,0.002246165997348726,2.5906960037166007,2.3727903929276954,0.5354677295752855,4.838192594297794,4.431248162815919,0.5354677295752855,0.007922617162410422,2.1911010857070675e-05,0.00037443181900017014,0.00872078315018141
chameleon,Neighborhood Heterogeneity,11,450,0.002228875004220754,0.008776793136059495,0.009723295724939827,0.0007564320318030115,11.60288402269185,12.854156508633874,1.5065704318564734,0.0007564320318030115,2.5220228681207873e-05,0.0005473645450273834,0.010086407112314013
chameleon,PageRank,11,450,0.002137125004082918,4.2808709393684095e-05,3.688877726711134e-05,1.3195658273394139e-05,3.244151106883203,2.795523838434696,1.6580194684542497,0.009736071285501396,1.3195658273394139e-05,0.0006471272956076071,0.008541803714106042
chameleon,Eigenvector Centrality,11,450,0.0021290829754434526,0.000956460858285273,0.0006584360539318948,9.860795570203192e-05,9.699631753602658,6.677311675758907,1.8601857918333853,0.0077450922962536365,3.747744303678129e-05,9.860795570203192e-05,0.010062030499366645
chameleon,Clustering Coefficient,11,450,0.0024590000102762133,0.013880745862223137,0.013175462300626889,0.0008381492996082692,16.561185302798275,15.719708060109078,1.8706337877733783,0.011417640311954812,2.5017106486550326e-05,0.0008716351436059637,0.0008381492996082692
chameleon,Degree,12,300,0.001646874996367842,1.8602451438721483,2.1260406590612533,1.2024163619243722,1.5470890140707776,1.768140160417223,1.2024163619243722,0.007154341868649277,3.099046191594816e-05,0.00041994925403322206,0.012007675262498149
chameleon,Neighborhood Heterogeneity,12,300,0.0016847499937284738,0.01659747113285297,0.007861666282785314,0.006115538425530088,2.7139836230224192,1.2855231601465857,1.7239460983969004,0.006115538425530088,3.380723782858683e-05,0.0007149351873695166,0.010840923382763792
chameleon,PageRank,12,300,0.0018325000128243119,2.8184509901778352e-05,3.698028563825268e-05,3.246651641413371e-05,0.8681100719973991,1.1390284429207806,1.8588134418340367,0.007578958029372288,3.246651641413371e-05,0.0005604590375514176,0.011056680381994715
chameleon,Eigenvector Centrality,12,300,0.0015616659948136657,0.0008272651503491675,0.0006367269865166699,0.000431117890355193,1.918883833996296,1.4769208162344596,1.9398558903593242,0.007265609802317323,3.3829615909589956e-05,0.000431117890355193,0.015300834696928538
chameleon,Clustering Coefficient,12,300,0.0015736249915789813,0.011225098067851613,0.01155179502976535,0.005809684322721355,1.9321356280841067,1.988368797352193,1.9532026478479594,0.008134819923319447,3.3048789127108845e-05,0.000566523076564222,0.005809684322721355
chameleon,Degree,12,350,0.0016194169875234365,1.8602451438721483,2.1260406590612533,1.4829209882413543,1.2544465677016787,1.4336843809747384,1.4829209882413543,0.011167632463086824,2.909154069822471e-05,0.0007186245922961592,0.011877827598252922
chameleon,Neighborhood Heterogeneity,12,350,0.001676249987212941,0.01659747113285297,0.007861666282785314,0.00550709656147725,3.013833323525525,1.4275519223284625,2.250477236976095,0.00550709656147725,3.553428764632993e-05,0.0007704711270857731,0.018469479415527113
chameleon,PageRank,12,350,0.0016779169964138418,2.8184509901778352e-05,3.698028563825268e-05,1.9723664350454397e-05,1.428969252416275,1.874919638723254,2.394995769549547,0.006453806708807776,1.9723664350454397e-05,0.0011223609809329566,0.017753975622276052
chameleon,Eigenvector Centrality,12,350,0.0016795839765109122,0.0008272651503491675,0.0006367269865166699,0.0004951649659221475,1.6706859476791711,1.2858886034695345,2.0121859706527916,0.009500090193786434,2.9077239559821805e-05,0.0004951649659221475,0.014651826136348614
chameleon,Clustering Coefficient,12,350,0.0016539589851163328,0.011225098067851613,0.01155179502976535,0.006775201636827838,1.6567917339663452,1.7050112526501753,2.037938487904163,0.007522597788530097,3.3045939522114126e-05,0.0008021625048235143,0.006775201636827838
chameleon,Degree,12,400,0.002028125018114224,1.8602451438721483,2.1260406590612533,0.6337728798026316,2.9351920903454602,3.3545781569626976,0.6337728798026316,0.011343307646112742,2.1748178990154545e-05,0.0003893841642757229,0.012294569027630757
chameleon,Neighborhood Heterogeneity,12,400,0.0019532500009518117,0.01659747113285297,0.007861666282785314,0.001648124321612709,10.070521328519774,4.770068725818318,2.0147921326067797,0.001648124321612709,2.714372984256153e-05,0.0007276898339009897,0.014177211176923814
chameleon,PageRank,12,400,0.0017724999925121665,2.8184509901778352e-05,3.698028563825268e-05,1.520075252696362e-05,1.8541522764602407,2.4327930852538895,1.2921939921253434,0.009070742177235561,1.520075252696362e-05,0.0005301079359987481,0.014398787412585032
chameleon,Eigenvector Centrality,12,400,0.001721083011943847,0.0008272651503491675,0.0006367269865166699,9.796113430112624e-05,8.44483025080342,6.49979189256233,2.0854836899688123,0.0070499896533655435,4.580763949332063e-05,9.796113430112624e-05,0.013290423578327378
chameleon,Clustering Coefficient,12,400,0.0016942500078584999,0.011225098067851613,0.01155179502976535,0.005775969683563306,1.943413605475615,1.9999750107134957,2.481045821709439,0.01084551390807154,3.891065500279355e-05,0.0008899896798631535,0.005775969683563306
chameleon,Degree,12,450,0.0018219590128865093,1.8602451438721483,2.1260406590612533,0.5358391367087054,3.4716485161915687,3.9676845407748154,0.5358391367087054,0.008745101978578768,2.3103509983689832e-05,0.0005990914167018878,0.015297032841044264
chameleon,Neighborhood Heterogeneity,12,450,0.0018462080042809248,0.01659747113285297,0.007861666282785314,0.0007505310123404896,22.11430421921497,10.474805375822035,1.9266096095615541,0.0007505310123404896,2.8916412118486407e-05,0.0008337941534327893,0.010978110676971515
chameleon,PageRank,12,450,0.0018312500033061951,2.8184509901778352e-05,3.698028563825268e-05,1.320900328810576e-05,2.133734793385774,2.799627256626707,1.4088958003603351,0.012011815516064901,1.320900328810576e-05,0.000497611222115873,0.008614250718415708
chameleon,Eigenvector Centrality,12,450,0.001836584007833153,0.0008272651503491675,0.0006367269865166699,9.791870919428493e-05,8.44848913099695,6.502608048614194,1.5972908314670353,0.007342080249160799,3.708961153412006e-05,9.791870919428493e-05,0.00983423796472065
chameleon,Clustering Coefficient,12,450,0.0018106249917764217,0.011225098067851613,0.01155179502976535,0.0008653692616421838,12.97145457483676,13.348977762214336,2.182458938214086,0.008667301333012025,3.891990144391407e-05,0.0010094166126158974,0.0008653692616421838
chameleon,Degree,13,300,0.0016062910144682974,2.4022821635521856,2.407634018663768,1.2876006779896945,1.865704332575237,1.8698607882241562,1.2876006779896945,0.01118166110541845,3.1793118484936054e-05,0.0007068468580571469,0.008285289562122728
chameleon,Neighborhood Heterogeneity,13,300,0.001615040993783623,0.010919111554497813,0.014086816137862085,0.006130338503659672,1.7811596452592875,2.297885529396554,2.009952761451619,0.006130338503659672,3.383965209285837e-05,0.0006756808477009649,0.013506747007356068
chameleon,PageRank,13,300,0.001597333000972867,3.5361177523159844e-05,3.4802063689544574e-05,2.7911849393709937e-05,1.2668876585128268,1.2468562436922355,2.0832901766425773,0.006976594578143388,2.7911849393709937e-05,0.0007402066587862242,0.0068791917791933156
chameleon,Eigenvector Centrality,13,300,0.0017183329910039902,0.0009282346621005535,0.0008595276859451259,0.00042687208577062033,2.174503072565256,2.0135485889020934,1.8324804943340414,0.006439091793067059,3.010748649668897e-05,0.00042687208577062033,0.008552089216712251
chameleon,Clustering Coefficient,13,300,0.0015851670177653432,0.018063896020812844,0.017411704121983583,0.005870185684482773,3.0772273641297034,2.966124933323594,1.964066759581634,0.008484527151685718,3.6692645403075615e-05,0.0005761089507350001,0.005870185684482773
chameleon,Degree,13,350,0.0017857089987955987,2.4022821635521856,2.407634018663768,1.4680153942167666,1.6364148312176796,1.6400604708565187,1.4680153942167666,0.008495647700676531,2.822196017362196e-05,0.0005910165257710634,0.01352290126750515
chameleon,Neighborhood Heterogeneity,13,350,0.0017354169976897538,0.010919111554497813,0.014086816137862085,0.005471942031986931,1.9954728121512915,2.5743723262263773,1.9866238147817117,0.005471942031986931,2.8235121673006685e-05,0.0007999421215905498,0.018186154693786996
chameleon,PageRank,13,350,0.0019554589816834778,3.5361177523159844e-05,3.4802063689544574e-05,2.276635478091177e-05,1.5532208763085815,1.5286620991571311,1.9990809533715705,0.009354355122028674,2.276635478091177e-05,0.000919239039519083,0.01153184337125678
chameleon,Eigenvector Centrality,13,350,0.001721083011943847,0.0009282346621005535,0.0008595276859451259,0.0005127556393910894,1.8102865981208052,1.6762910437529996,2.5205021408797124,0.010722328465256958,4.7295209785397116e-05,0.0005127556393910894,0.017941486392349652
chameleon,Clustering Coefficient,13,350,0.00175441600731574,0.018063896020812844,0.017411704121983583,0.006765206334004015,2.6701175291606596,2.5737136847500106,2.624481422467686,0.01028693117789078,4.507376153222878e-05,0.0005046432888820046,0.006765206334004015
chameleon,Degree,13,400,0.001995333004742861,2.4022821635521856,2.407634018663768,0.6341366858414951,3.788271861868981,3.7967114542014775,0.6341366858414951,0.009903823603555925,2.5120631723132674e-05,0.00036678807529553554,0.014330935888693072
chameleon,Neighborhood Heterogeneity,13,400,0.0020448750001378357,0.010919111554497813,0.014086816137862085,0.0016733094923201835,6.525458443050814,8.418535962722315,1.9246642284742983,0.0016733094923201835,3.491256018051684e-05,0.000661760754888309,0.009080569399027988
chameleon,PageRank,13,400,0.002006291993893683,3.5361177523159844e-05,3.4802063689544574e-05,1.5216155932028672e-05,2.3239231827749394,2.287178433568053,1.6598666207933945,0.008500180379093145,1.5216155932028672e-05,0.0005581905545759436,0.010091244336123534
chameleon,Eigenvector Centrality,13,400,0.001979791995836422,0.0009282346621005535,0.0008595276859451259,9.7968882969039e-05,9.474790708738636,8.773476433499416,1.6506602461865616,0.01091154516749394,3.35468750840607e-05,9.7968882969039e-05,0.011026786573717367
chameleon,Clustering Coefficient,13,400,0.001913292013341561,0.018063896020812844,0.017411704121983583,0.005759252677174278,3.1364999998013148,3.0232575471105165,2.3022725126386456,0.009554482214342982,3.206333387079786e-05,0.0005304027483753265,0.005759252677174278
chameleon,Degree,13,450,0.0020827919943258166,2.4022821635521856,2.407634018663768,0.5354653774905527,4.486344522983784,4.49633929638382,0.5354653774905527,0.013878937622692059,2.3876557918286894e-05,0.0004169132196118298,0.014566266966714453
chameleon,Neighborhood Heterogeneity,13,450,0.002150666987290606,0.010919111554497813,0.014086816137862085,0.0007342840473690406,14.870419143138518,19.184423505230058,1.753379182475296,0.0007342840473690406,3.474392586751451e-05,0.0003777733484317592,0.012720300133583242
chameleon,PageRank,13,450,0.001976542000193149,3.5361177523159844e-05,3.4802063689544574e-05,1.3222138095339607e-05,2.6743917865767535,2.6321055973399052,1.370389823753669,0.008099486204498938,1.3222138095339607e-05,0.0006634981070560136,0.011292763250913811
chameleon,Eigenvector Centrality,13,450,0.0020060419919900596,0.0009282346621005535,0.0008595276859451259,9.918160623987534e-05,9.358939598695091,8.666200503612718,1.8805196926135117,0.008051813623720056,3.883233047700838e-05,9.918160623987534e-05,0.005416915727479201
chameleon,Clustering Coefficient,13,450,0.001965332980034873,0.018063896020812844,0.017411704121983583,0.0008393684210855378,21.52081918622955,20.74381604619505,2.2705827556628466,0.009016098363614982,3.984331278951543e-05,0.0004951796878563028,0.0008393684210855378
chameleon,Degree,14,300,0.0016477500030305237,2.693295846030401,2.3278465445055843,1.257325048457772,2.14208398165135,1.8514277969415371,1.257325048457772,0.008815763851275235,3.340921562086608e-05,0.0006219936813736116,0.014451408203471674
chameleon,Neighborhood Heterogeneity,14,300,0.0016455419827252626,0.009781025374753333,0.011297951888685372,0.006075129774003598,1.6100109361626849,1.8597054398790003,2.4627750396056993,0.006075129774003598,4.546653692892611e-05,0.000629985812991653,0.011378499995655687
chameleon,PageRank,14,300,0.0017623330058995634,3.9522478837056234e-05,3.7117906724404446e-05,2.3309553479343615e-05,1.6955485171382685,1.592390294275584,1.8135516187346858,0.009979751207294319,2.3309553479343615e-05,0.0007687229239912682,0.01208224507992946
chameleon,Eigenvector Centrality,14,300,0.0015502079913858324,0.000807963438597444,0.0008840355235532019,0.00044544575867464095,1.8138312529934546,1.9846086899188826,2.440414646375746,0.008170510371173802,3.9178906225579885e-05,0.00044544575867464095,0.012813657464854727
chameleon,Clustering Coefficient,14,300,0.0015774159983266145,0.008293131713047859,0.01588140655732372,0.005833479622493017,1.421644070045397,2.722458564196815,2.7973570098856153,0.012271573962255356,4.780352433116478e-05,0.0008298552665692426,0.005833479622493017
chameleon,Degree,14,350,0.0018661670037545264,2.693295846030401,2.3278465445055843,1.5363241386124684,1.7530778683610684,1.5152053437160595,1.5363241386124684,0.015154749237945655,3.1288219266894994e-05,0.0005309125130061076,0.007145502204072106
chameleon,Neighborhood Heterogeneity,14,350,0.0019930000125896186,0.009781025374753333,0.011297951888685372,0.005390249290934219,1.8145775541780407,2.0959980288272066,1.7946440033396562,0.005390249290934219,3.44191712399682e-05,0.0005660421963095184,0.012356974898001602
chameleon,PageRank,14,350,0.001981334004085511,3.9522478837056234e-05,3.7117906724404446e-05,2.1189157492662032e-05,1.8652218169006092,1.7517405652989582,2.592419877351227,0.01651613400491945,2.1189157492662032e-05,0.0011470113263629001,0.009552893474109694
chameleon,Eigenvector Centrality,14,350,0.0016886670200619847,0.000807963438597444,0.0008840355235532019,0.0005209725484002606,1.5508752641160082,1.6968946372851912,2.704840548467549,0.010749742703918172,4.7829176766600576e-05,0.0005209725484002606,0.013526029759785618
chameleon,Clustering Coefficient,14,350,0.0016112500161398202,0.008293131713047859,0.01588140655732372,0.006802788414325139,1.2190782967149754,2.3345436591679167,1.9507691418675404,0.010351411496588072,3.341853993159397e-05,0.0005875986800982254,0.006802788414325139
chameleon,Degree,14,400,0.001814832998206839,2.693295846030401,2.3278465445055843,0.6373691411563283,4.225645190704037,3.6522736891252015,0.6373691411563283,0.012943810133214079,2.675236856936727e-05,0.00039790281989223185,0.011719839641075532
chameleon,Neighborhood Heterogeneity,14,400,0.0018792080227285624,0.009781025374753333,0.011297951888685372,0.0016226442257700556,6.027831128608348,6.962679624563864,2.957882444278325,0.0016226442257700556,4.7877900561421214e-05,0.0005779995278321645,0.012429684537130305
chameleon,PageRank,14,400,0.0018762499967124313,3.9522478837056234e-05,3.7117906724404446e-05,1.5195534755801134e-05,2.600927145520029,2.4426851256573316,1.4509021527671409,0.008623831784252741,1.5195534755801134e-05,0.0005050894333453003,0.011115330529541575
chameleon,Eigenvector Centrality,14,400,0.0017929589957930148,0.000807963438597444,0.0008840355235532019,9.783154151826788e-05,8.258721329118327,9.036303730204718,1.6432973700593827,0.014345501445511919,3.5974900465765224e-05,9.783154151826788e-05,0.010081020740951657
chameleon,Clustering Coefficient,14,400,0.0017560419801156968,0.008293131713047859,0.01588140655732372,0.005738834752318608,1.4450898258914429,2.7673573543666334,2.1093649510926378,0.01006819916465492,3.071529582602654e-05,0.000673183633113966,0.005738834752318608
chameleon,Degree,14,450,0.0018284999823663384,2.693295846030401,2.3278465445055843,0.5344088901182735,5.039766171244513,4.355927806497368,0.5344088901182735,0.013813177803628507,2.3816340233467644e-05,0.00022314467590166636,0.008052269572978221
chameleon,Neighborhood Heterogeneity,14,450,0.0018404579896014184,0.009781025374753333,0.011297951888685372,0.0007415266852954051,13.190388921548823,15.23606919713828,2.321131695662589,0.0007415266852954051,3.720916129193568e-05,0.0010710214492304887,0.010106893567007467
chameleon,PageRank,14,450,0.001856083981692791,3.9522478837056234e-05,3.7117906724404446e-05,1.3205783353700733e-05,2.99281593363264,2.810731156967124,1.4449343080006727,0.006449701163819476,1.3205783353700733e-05,0.000590699329679502,0.010357469547496537
chameleon,Eigenvector Centrality,14,450,0.0018508329812902957,0.000807963438597444,0.0008840355235532019,9.794533530134752e-05,8.249126271420588,9.02580527018768,1.534946015083311,0.00721705660892602,3.228943694710217e-05,9.794533530134752e-05,0.00879990453353971
chameleon,Clustering Coefficient,14,450,0.0018332499894313514,0.008293131713047859,0.01588140655732372,0.0008595360243741936,9.6483817756049,18.476720122215436,2.8903828411608767,0.012596895964782662,4.4017862842274947e-05,0.0007822555074206679,0.0008595360243741936
chameleon,Degree,15,300,0.0015087499923538417,2.701828513464668,2.147690643960668,1.152754004195651,2.343803190993818,1.8630953665255297,1.152754004195651,0.006407760075084037,3.089062450966292e-05,0.00042283757429545713,0.013964259264304082
chameleon,Neighborhood Heterogeneity,15,300,0.0014145830064080656,0.015887890407570777,0.008795379746726633,0.005890766992130813,2.6970834916394812,1.4930788738505445,1.560147992104517,0.005890766992130813,2.564152406033396e-05,0.0007127212314682593,0.009083777604392055
chameleon,PageRank,15,300,0.0014215419942047447,3.095097089733755e-05,3.2667378783890285e-05,2.791478011975511e-05,1.108766422825367,1.1702538455881224,1.7721838598726471,0.00938436293605266,2.791478011975511e-05,0.0008315743755137186,0.011346595259514116
chameleon,Eigenvector Centrality,15,300,0.0014246670180000365,0.0012422307874804762,0.0007352779743971686,0.0004434310558113627,2.8014068279622846,1.6581562449472613,1.9501239505472898,0.009033164647463919,3.666654359784252e-05,0.0004434310558113627,0.013524763115897986
chameleon,Clustering Coefficient,15,300,0.0014081659901421517,0.01890928523506895,0.010514158606971507,0.005817452534949293,3.2504408280889856,1.807347553556473,1.915942566205724,0.009813971510486467,2.8785740087013317e-05,0.0005187208860181797,0.005817452534949293
chameleon,Degree,15,350,0.0015679170028306544,2.701828513464668,2.147690643960668,1.4508238938788163,1.8622718614326497,1.4803248368199673,1.4508238938788163,0.010932571512995759,2.8255107166500446e-05,0.0005512898125193743,0.013111286996802352
chameleon,Neighborhood Heterogeneity,15,350,0.0015996250149328262,0.015887890407570777,0.008795379746726633,0.005353102806146232,2.967977822007995,1.6430433087569527,2.213522918728869,0.005353102806146232,3.1942838856683755e-05,0.0007933394219382318,0.014044169031856828
chameleon,PageRank,15,350,0.0016144170076586306,3.095097089733755e-05,3.2667378783890285e-05,2.1530558442737046e-05,1.437536837683758,1.5172564553201382,2.2583115244785743,0.008186222585561866,2.1530558442737046e-05,0.000584070819781094,0.008404116220484157
chameleon,Eigenvector Centrality,15,350,0.0016339169815182686,0.0012422307874804762,0.0007352779743971686,0.0005372277345586756,2.312298318888822,1.3686522997573614,2.689138573097382,0.007342788054210661,4.311896818326283e-05,0.0005372277345586756,0.008608032661714135
chameleon,Clustering Coefficient,15,350,0.0015740000235382468,0.01890928523506895,0.010514158606971507,0.006742704928420008,2.804406456430815,1.559338384014863,2.9768340050491098,0.011673471787570913,4.250426357078267e-05,0.0009446239817972801,0.006742704928420008
chameleon,Degree,15,400,0.0017547500028740615,2.701828513464668,2.147690643960668,0.6373556255592889,4.239122406888264,3.369689632967526,0.6373556255592889,0.012875274933661413,2.1353987067208273e-05,0.0005015180861832079,0.009805790069512444
chameleon,Neighborhood Heterogeneity,15,400,0.0017313330026809126,0.015887890407570777,0.008795379746726633,0.0016547529248769639,9.601367170118218,5.315222360087744,2.4829249799272675,0.0016547529248769639,4.43484665601828e-05,0.0005211346332142277,0.012945508160661054
chameleon,PageRank,15,400,0.0018139590101782233,3.095097089733755e-05,3.2667378783890285e-05,1.5212785840066457e-05,2.034536686621912,2.1473633512839605,1.4460561063650335,0.007458837546160693,1.5212785840066457e-05,0.0006941010641153466,0.009025948165127147
chameleon,Eigenvector Centrality,15,400,0.0017539580003358424,0.0012422307874804762,0.0007352779743971686,9.748564784266259e-05,12.742704336184751,7.542422814729343,1.8828603649084203,0.006334329071099443,3.933090304894978e-05,9.748564784266259e-05,0.012921114571229098
chameleon,Clustering Coefficient,15,400,0.0018894579843617976,0.01890928523506895,0.010514158606971507,0.005752460505844765,3.287164721227767,1.8277671956702068,2.1845984971042163,0.006934066994352441,4.2513379698711055e-05,0.0006435130061125368,0.005752460505844765
chameleon,Degree,15,450,0.0018762499967124313,2.701828513464668,2.147690643960668,0.5367847357321088,5.033355707814053,4.001027788227772,0.5367847357321088,0.009779490536900793,2.3459981193446188e-05,0.00042265741851413627,0.011212947369536366
chameleon,Neighborhood Heterogeneity,15,450,0.001869875006377697,0.015887890407570777,0.008795379746726633,0.0007558027618471385,21.021212424180202,11.63713628835019,2.2755940957085117,0.0007558027618471385,3.677524685394712e-05,0.000832963518267882,0.011612646767011788
chameleon,PageRank,15,450,0.0018221670179627836,3.095097089733755e-05,3.2667378783890285e-05,1.3213368853597473e-05,2.342398160550164,2.4722975000426377,1.3451196997764518,0.006117116981323311,1.3213368853597473e-05,0.0007353501256564305,0.008875469106715729
chameleon,Eigenvector Centrality,15,450,0.0019070830021519214,0.0012422307874804762,0.0007352779743971686,9.85439748985765e-05,12.60585224778081,7.461419890499973,1.6865441144159654,0.006193848765278757,3.7255259198787665e-05,9.85439748985765e-05,0.009481280963084723
chameleon,Clustering Coefficient,15,450,0.0018419580010231584,0.01890928523506895,0.010514158606971507,0.0008542193241024745,22.13633513259241,12.308500065856856,2.2811830719496617,0.007750634351745611,3.645350574529354e-05,0.0010095594544524535,0.0008542193241024745
chameleon,Degree,16,300,0.0015014160017017275,2.3000712826456526,2.451650119521971,1.0735292955201445,2.1425323856963083,2.2837291257469614,1.0735292955201445,0.010041362848381526,2.7091737703834917e-05,0.0006602187160340986,0.015715945137263203
chameleon,Neighborhood Heterogeneity,16,300,0.0013998340000398457,0.010719285020861002,0.012742627875636622,0.006024831533825341,1.7791841914051023,2.115018121933437,2.2644097537346974,0.006024831533825341,3.389382063125563e-05,0.00088183397316527,0.011573283345457873
chameleon,PageRank,16,300,0.0014200419827830046,4.04134293677581e-05,3.9892495483535396e-05,3.0966100367481234e-05,1.305086171269983,1.2882634561705462,2.4923435120689112,0.00604941953657837,3.0966100367481234e-05,0.0009733098684712232,0.008875352606771886
chameleon,Eigenvector Centrality,16,300,0.0014067080046515912,0.0005988816499416654,0.0006893408233553672,0.0004562675220859379,1.3125669063704826,1.510825973770559,1.6596765350083433,0.008507450271515301,3.044442845985411e-05,0.0004562675220859379,0.011646406009477127
chameleon,Clustering Coefficient,16,300,0.0013926670071668923,0.014934468707301557,0.014250148382486536,0.005852072869096427,2.551996368016428,2.435059969560289,2.308068295802846,0.012902046945281822,3.8836221335091184e-05,0.0005636817000085245,0.005852072869096427
chameleon,Degree,16,350,0.0016185840067919344,2.3000712826456526,2.451650119521971,1.3828202169048882,1.663319102893803,1.7729348251860262,1.3828202169048882,0.01249575271503926,3.1889190513048966e-05,0.0005612563362155087,0.010519077001755252
chameleon,Neighborhood Heterogeneity,16,350,0.0016330000071320683,0.010719285020861002,0.012742627875636622,0.005436810203264214,1.9716128796302723,2.343769121825525,1.6225024530516527,0.005436810203264214,3.3237134268713146e-05,0.000934942485262787,0.019403496618604014
chameleon,PageRank,16,350,0.0016781250014901161,4.04134293677581e-05,3.9892495483535396e-05,2.5177713398527033e-05,1.6051270712344512,1.5844367934488133,2.16934349149452,0.00865374764210865,2.5177713398527033e-05,0.0006444905924282503,0.015570519569383118
chameleon,Eigenvector Centrality,16,350,0.0016180830134544522,0.0005988816499416654,0.0006893408233553672,0.0004960732608432048,1.207244367341451,1.389594799331966,1.7789173056793213,0.007798397151371194,3.13075991622632e-05,0.0004960732608432048,0.008046057685207516
chameleon,Clustering Coefficient,16,350,0.0015411250060424209,0.014934468707301557,0.014250148382486536,0.0067446978093971665,2.214253199971962,2.112792712911803,2.999126721231982,0.012998677417000993,5.317262222305491e-05,0.0006764293408878259,0.0067446978093971665
chameleon,Degree,16,400,0.0017167089972645044,2.3000712826456526,2.451650119521971,0.6320350143119027,3.6391516776166952,3.8789783224131744,0.6320350143119027,0.00888970089708091,2.420032809681804e-05,0.0004223887936309958,0.014509659942650877
chameleon,Neighborhood Heterogeneity,16,400,0.0017009169969242066,0.010719285020861002,0.012742627875636622,0.0016771163376118805,6.391497584553176,7.597939147013145,1.7683840479378226,0.0016771163376118805,2.5785635596014633e-05,0.0009941645905005598,0.015590726637322241
chameleon,PageRank,16,400,0.0017359589983243495,4.04134293677581e-05,3.9892495483535396e-05,1.5225325761830103e-05,2.6543556440069467,2.6201406858266307,2.0266029813055013,0.008872130772814166,1.5225325761830103e-05,0.0009161473666819724,0.015936541412616762
chameleon,Eigenvector Centrality,16,400,0.0018098749860655516,0.0005988816499416654,0.0006893408233553672,9.791186341246042e-05,6.116538170853061,7.04042185829384,1.700398397686726,0.008291038275722949,3.80306624266909e-05,9.791186341246042e-05,0.013994038049836894
chameleon,Clustering Coefficient,16,400,0.0016882920172065496,0.014934468707301557,0.014250148382486536,0.0057508820029003,2.596900562343266,2.477906584642123,2.2881934528730836,0.007876926406676346,3.8710847163987887e-05,0.0009558807463197485,0.0057508820029003
chameleon,Degree,16,450,0.0018187499954365194,2.3000712826456526,2.451650119521971,0.5351004855810364,4.298391320180042,4.5816630438297175,0.5351004855810364,0.012497507111730408,2.6111022952651852e-05,0.000561206670169747,0.011954875347157692
chameleon,Neighborhood Heterogeneity,16,450,0.001815249997889623,0.010719285020861002,0.012742627875636622,0.000730118900460493,14.681560789756634,17.452811956517937,2.7891296994386243,0.000730118900460493,3.566119985933202e-05,0.0005183455000943157,0.01122487278761505
chameleon,PageRank,16,450,0.0018661249778233469,4.04134293677581e-05,3.9892495483535396e-05,1.3208887390296901e-05,3.0595634722001903,3.020125337190774,1.6401832416248912,0.007112602545916868,1.3208887390296901e-05,0.0009421093389402032,0.011294821573846262
chameleon,Eigenvector Centrality,16,450,0.0018511250091250986,0.0005988816499416654,0.0006893408233553672,9.737130520719867e-05,6.150494220728491,7.079506861785439,1.7410196109509624,0.011038423855492493,3.3341259762788893e-05,9.737130520719867e-05,0.008168110287182844
chameleon,Clustering Coefficient,16,450,0.0018235000025015324,0.014934468707301557,0.014250148382486536,0.0008730276086817377,17.106525107324433,16.32267781772,1.7645172231785509,0.012217096385790141,3.569529628113693e-05,0.00043437400333004193,0.0008730276086817377
chameleon,Degree,17,300,0.0015017080004327,2.616369553406167,2.2853793993954192,1.287158747685067,2.0326704519638024,1.7755225635576304,1.287158747685067,0.0083177561165817,3.512608651307721e-05,0.00060541766024182,0.011626872451582585
chameleon,Neighborhood Heterogeneity,17,300,0.0014197920099832118,0.008089757247897485,0.007039844929256885,0.005858459196458175,1.3808677293149496,1.2016546831141088,2.487535862307026,0.005858459196458175,4.524537274541701e-05,0.000745486784374915,0.015822459331530335
chameleon,PageRank,17,300,0.0014212910027708858,3.859126221255107e-05,3.8384958044618156e-05,2.4521868747253112e-05,1.5737488284563947,1.5653357596948216,1.8344397923459734,0.009137252610759214,2.4521868747253112e-05,0.000730716850720916,0.013915848944363651
chameleon,Eigenvector Centrality,17,300,0.0014142500003799796,0.0008427538038526391,0.0009565809898058215,0.0004301548776489344,1.9591869060251415,2.223805981311046,2.1609644588820776,0.012247039468636818,3.29933883731678e-05,0.0004301548776489344,0.014138928142097464
chameleon,Clustering Coefficient,17,300,0.0014027919969521463,0.012762480865411652,0.011311834745448234,0.005824376251444086,2.191218478072625,1.9421538474001567,2.283533928568254,0.013455754549550331,3.228659611306031e-05,0.0005766071467908591,0.005824376251444086
chameleon,Degree,17,350,0.0015511249948758632,2.616369553406167,2.2853793993954192,1.422200912486955,1.8396624066504141,1.6069314675090827,1.422200912486955,0.007029094945566222,2.817434347118182e-05,0.0004042257305736835,0.008924159618088531
chameleon,Neighborhood Heterogeneity,17,350,0.001541875011753291,0.008089757247897485,0.007039844929256885,0.005440682407387877,1.486901208736691,1.2939268279467135,2.066474572973429,0.005440682407387877,3.3123255842313895e-05,0.0005840795250363778,0.010702841185682826
chameleon,PageRank,17,350,0.0015686670085415244,3.859126221255107e-05,3.8384958044618156e-05,2.690555890427172e-05,1.4343230092285517,1.4266552938442725,2.3888878525491815,0.010625737110224076,2.690555890427172e-05,0.000830910007605018,0.014870743562305128
chameleon,Eigenvector Centrality,17,350,0.001580333017045632,0.0008427538038526391,0.0009565809898058215,0.0005035298882688881,1.673691718181788,1.899750167948325,2.0839856952099534,0.009784076226555402,3.74183610825111e-05,0.0005035298882688881,0.012016135383562308
chameleon,Clustering Coefficient,17,350,0.001567208004416898,0.012762480865411652,0.011311834745448234,0.006770432647954438,1.8850318035831286,1.6707698508552327,2.325265041340555,0.008672576318039697,3.4022395968124284e-05,0.0011249151483120608,0.006770432647954438
chameleon,Degree,17,400,0.001684249989921227,2.616369553406167,2.2853793993954192,0.6301091204752577,4.152248346179752,3.6269581333336034,0.6301091204752577,0.010565039707708637,2.3253045284160186e-05,0.00040866705887892846,0.008568349497314356
chameleon,Neighborhood Heterogeneity,17,400,0.001696833991445601,0.008089757247897485,0.007039844929256885,0.0016639654951880398,4.861733774703835,4.230763768608876,2.1121666497753435,0.0016639654951880398,4.087211971714889e-05,0.0006999091199508829,0.014803656109492197
chameleon,PageRank,17,400,0.0017257080180570483,3.859126221255107e-05,3.8384958044618156e-05,1.5220429230500938e-05,2.535491057979903,2.521936632883961,1.6696662008218097,0.00893994009072656,1.5220429230500938e-05,0.0005054812125719799,0.01106300056951862
chameleon,Eigenvector Centrality,17,400,0.0016952500154729933,0.0008427538038526391,0.0009565809898058215,9.821211707558846e-05,8.580955476237397,9.739948779126651,1.6570481196911395,0.01593802822969475,3.390208365065182e-05,9.821211707558846e-05,0.011878389547978293
chameleon,Clustering Coefficient,17,400,0.0016633329796604812,0.012762480865411652,0.011311834745448234,0.005733475072183979,2.225959074511194,1.9729456573950641,1.756716648467221,0.008463029372180401,3.225816791851423e-05,0.0007914372210899327,0.005733475072183979
chameleon,Degree,17,450,0.0019007919763680547,2.616369553406167,2.2853793993954192,0.5336907282902741,4.902407733010353,4.282216793828958,0.5336907282902741,0.009941188674326373,2.4197639979192168e-05,0.0003639032428494041,0.008770206369685844
chameleon,Neighborhood Heterogeneity,17,450,0.0019386669737286866,0.008089757247897485,0.007039844929256885,0.0007401997833807315,10.929153762986731,9.510736273258065,2.5290517771066976,0.0007401997833807315,3.3019508945516865e-05,0.0009504808854773241,0.010068801960124826
chameleon,PageRank,17,450,0.001805125008104369,3.859126221255107e-05,3.8384958044618156e-05,1.3215731143962495e-05,2.9201004312335144,2.90448993146732,1.4611291822847907,0.006787526592817172,1.3215731143962495e-05,0.0008563670990054647,0.012175886502738636
chameleon,Eigenvector Centrality,17,450,0.0018780830141622573,0.0008427538038526391,0.0009565809898058215,9.857959519843452e-05,8.548967990345556,9.703640879030637,1.7556596949960777,0.008154549533593234,3.759248477987675e-05,9.857959519843452e-05,0.007234070111469472
chameleon,Clustering Coefficient,17,450,0.0018362919799983501,0.012762480865411652,0.011311834745448234,0.0008394705031751443,15.203012871970953,13.474963923882113,1.9455294679894215,0.007585715191857451,3.441964535302225e-05,0.0008237235420258372,0.0008394705031751443
chameleon,Degree,18,300,0.0015051660011522472,2.586688425990483,2.674930247733452,1.2453540979742388,2.0770706341257736,2.147927446566916,1.2453540979742388,0.012704107214976518,3.231432805193235e-05,0.0006632545486207248,0.012300116928756875
chameleon,Neighborhood Heterogeneity,18,300,0.0014961670094635338,0.013300468491580852,0.01095317928789272,0.005946548275529304,2.2366703968945707,1.841939017457615,2.0745568784127117,0.005946548275529304,4.098740961345482e-05,0.0006084043146301149,0.01334146055245124
chameleon,PageRank,18,300,0.001422084023943171,4.2797759737885556e-05,3.3238424862881295e-05,2.528675556837085e-05,1.6924970711314897,1.31445984729083,1.373347422981291,0.008215926381055005,2.528675556837085e-05,0.0007750660389381972,0.009459599214737227
chameleon,Eigenvector Centrality,18,300,0.0015212500002235174,0.0006882068016920431,0.0015066969362275762,0.00046919665528314227,1.4667768705144255,3.2112269328056957,2.177806096776348,0.007094312084740165,3.793620230475681e-05,0.00046919665528314227,0.005832705162058598
chameleon,Clustering Coefficient,18,300,0.001415958016877994,0.015071930533654401,0.013286188701943258,0.005950157442873041,2.5330305421929977,2.2329138059795612,1.639194544331844,0.007311638173711753,3.1229199214283946e-05,0.0005097155554344542,0.005950157442873041
chameleon,Degree,18,350,0.0015933339891489595,2.586688425990483,2.674930247733452,1.4835631429338523,1.7435647672367498,1.803044420774424,1.4835631429338523,0.012912277108173007,2.8018871396190175e-05,0.000736339034639862,0.011045089142405175
chameleon,Neighborhood Heterogeneity,18,350,0.001608958002179861,0.013300468491580852,0.01095317928789272,0.005369756054937036,2.476922295073758,2.0397908537804432,1.757640542777843,0.005369756054937036,3.1817648911417436e-05,0.00046925236661464,0.01244699198505504
chameleon,PageRank,18,350,0.0014972909993957728,4.2797759737885556e-05,3.3238424862881295e-05,2.026924348786373e-05,2.1114631023851897,1.6398453589441018,1.734461960617569,0.0068352401778397605,2.026924348786373e-05,0.0006392471881602517,0.01194611069840657
chameleon,Eigenvector Centrality,18,350,0.001576375012518838,0.0006882068016920431,0.0015066969362275762,0.0004772966384106547,1.4418848705570104,3.1567306680489335,2.525858152780346,0.011786955880916947,3.9612087943319374e-05,0.0004772966384106547,0.012313085541470082
chameleon,Clustering Coefficient,18,350,0.0017031659954227507,0.015071930533654401,0.013286188701943258,0.006736810060012968,2.2372503305556144,1.9721780165370557,1.7806410307211216,0.011392524982496353,3.49003929521354e-05,0.000678786957256288,0.006736810060012968
chameleon,Degree,18,400,0.0016391249955631793,2.586688425990483,2.674930247733452,0.6336739842918357,4.082049271568636,4.221303563097715,0.6336739842918357,0.009790212131314781,2.623040983561657e-05,0.0006693352411376335,0.009312399205417245
chameleon,Neighborhood Heterogeneity,18,400,0.0017393330053891987,0.013300468491580852,0.01095317928789272,0.0016729425717310023,7.950343733448536,6.5472536074919825,1.9154998802367245,0.0016729425717310023,3.157840445097069e-05,0.0006466649150760095,0.014043931121956982
chameleon,PageRank,18,400,0.0017972920031752437,4.2797759737885556e-05,3.3238424862881295e-05,1.5211521787083756e-05,2.813509413254467,2.1850821586505798,1.4605844994060126,0.010361559079416011,1.5211521787083756e-05,0.0005122159793448664,0.009770686973564797
chameleon,Eigenvector Centrality,18,400,0.0017555000085849315,0.0006882068016920431,0.0015066969362275762,9.812695230583249e-05,7.0134329612837405,15.354567739265462,1.7075915668364225,0.01006028054949613,3.641436396533519e-05,9.812695230583249e-05,0.01501752848394138
chameleon,Clustering Coefficient,18,400,0.0016318330017384142,0.015071930533654401,0.013286188701943258,0.005755794296683062,2.6185665707928485,2.308315415232924,2.4495489750524095,0.007443893666660303,3.472236833478591e-05,0.0007740032862308556,0.005755794296683062
chameleon,Degree,18,450,0.001845916995080188,2.586688425990483,2.674930247733452,0.5314776743724139,4.8669747587138605,5.033005856534042,0.5314776743724139,0.009103928241462469,2.17796775835341e-05,0.0005153119464272023,0.008428796377096046
chameleon,Neighborhood Heterogeneity,18,450,0.0018836670205928385,0.013300468491580852,0.01095317928789272,0.0007499387996859978,17.735405205264495,14.605430859796638,2.1161043876032415,0.0007499387996859978,3.326208974144385e-05,0.0006935580553313174,0.012967147506804385
chameleon,PageRank,18,450,0.001822499994887039,4.2797759737885556e-05,3.3238424862881295e-05,1.3200325790510255e-05,3.2421745051666044,2.5180003425958226,1.5105995784027824,0.008652480671813586,1.3200325790510255e-05,0.0005979199432977315,0.012473317479443632
chameleon,Eigenvector Centrality,18,450,0.0018768750014714897,0.0006882068016920431,0.0015066969362275762,9.750271096898895e-05,7.058335043739753,15.45287224584746,1.9080370151079518,0.00904419724653254,3.675044038441165e-05,9.750271096898895e-05,0.010023349050249278
chameleon,Clustering Coefficient,18,450,0.001835458999266848,0.015071930533654401,0.013286188701943258,0.0008560674338950587,17.606008518602284,15.520025848304783,2.108383302433647,0.008415705580264624,3.351576251062277e-05,0.0008289338110749695,0.0008560674338950587
chameleon,Degree,19,300,0.0015331670001614839,2.956819441682143,2.6826837464594924,1.1458387442712383,2.580484781532415,2.3412402136617385,1.1458387442712383,0.012915820753867463,2.8117127838759593e-05,0.00041389426129114323,0.01009923052188552
chameleon,Neighborhood Heterogeneity,19,300,0.0014335829764604568,0.007815989747937499,0.013526648753774406,0.006051820585871588,1.2915104863129108,2.23513710656812,2.542518008307483,0.006051820585871588,4.937117649300381e-05,0.0007161580936815011,0.018124761705857962
chameleon,PageRank,19,300,0.0014399999927263707,4.15460884186521e-05,4.278353812685257e-05,3.0322057397998164e-05,1.3701606020109616,1.4109708178864242,2.077706164925845,0.01345578889985031,3.0322057397998164e-05,0.0006509728345487049,0.012382237260528067
chameleon,Eigenvector Centrality,19,300,0.0014396249898709357,0.0008717668135223109,0.0011148178796959243,0.00045180860933035385,1.9295046520127102,2.467456034864512,1.9508648585078805,0.00884882411740091,3.256086705445785e-05,0.00045180860933035385,0.01025778014495848
chameleon,Clustering Coefficient,19,300,0.001439124986063689,0.015583800386342087,0.011556922753483318,0.005827942148715624,2.673979938146174,1.983019470436964,2.439392806532394,0.009456200718865692,3.544779275867456e-05,0.0008019522409072593,0.005827942148715624
chameleon,Degree,19,350,0.0014863749966025352,2.956819441682143,2.6826837464594924,1.6167903174882614,1.828820601966285,1.6592650991546836,1.6167903174882614,0.009208345379989389,3.139519659250378e-05,0.0004068429923525864,0.014537713968711624
chameleon,Neighborhood Heterogeneity,19,350,0.001576375012518838,0.007815989747937499,0.013526648753774406,0.005425042690242509,1.4407241001062263,2.493371854585303,2.209460760444741,0.005425042690242509,3.961909763004351e-05,0.0006326540304448668,0.008950274744648743
chameleon,PageRank,19,350,0.0016098750056698918,4.15460884186521e-05,4.278353812685257e-05,1.866088897649189e-05,2.2263724129643503,2.2926848865961986,2.2102039176181063,0.010311049101197225,1.866088897649189e-05,0.0007508542121423302,0.011137216838126622
chameleon,Eigenvector Centrality,19,350,0.0017036659992299974,0.0008717668135223109,0.0011148178796959243,0.0005215359259527841,1.6715374150490143,2.137566798795854,1.653788146762977,0.009939599305214864,2.7016113580339826e-05,0.0005215359259527841,0.009535980579168426
chameleon,Clustering Coefficient,19,350,0.001640375005081296,0.015583800386342087,0.011556922753483318,0.0067044369868128504,2.324401052168036,1.7237722982876804,1.3635259121758017,0.011556257121232632,2.8525705081718426e-05,0.0006937102889728356,0.0067044369868128504
chameleon,Degree,19,400,0.0018815420044120401,2.956819441682143,2.6826837464594924,0.633012763996747,4.6710265730081515,4.237961537333675,0.633012763996747,0.012836234615489897,2.168953062711383e-05,0.0004600749322591034,0.009269114943698375
chameleon,Neighborhood Heterogeneity,19,400,0.001835792005294934,0.007815989747937499,0.013526648753774406,0.0016645302553383538,4.695612905124828,8.126406059843475,2.1533471435759757,0.0016645302553383538,4.2966124455751086e-05,0.0005266113714854248,0.020573093204814142
chameleon,PageRank,19,400,0.0017538339889142662,4.15460884186521e-05,4.278353812685257e-05,1.5220953732294635e-05,2.729532534515419,2.8108316258841115,1.5348429564333461,0.008361479127360419,1.5220953732294635e-05,0.0006890048405628136,0.010610855682437026
chameleon,Eigenvector Centrality,19,400,0.0017062499828170985,0.0008717668135223109,0.0011148178796959243,9.90157816623079e-05,8.804321885731921,11.2589918594795,1.4043340082241684,0.007619833944013221,2.913735615605805e-05,9.90157816623079e-05,0.012665864069270935
chameleon,Clustering Coefficient,19,400,0.0017839999927673489,0.015583800386342087,0.011556922753483318,0.005757984810218257,2.7064677834312283,2.007112407273831,2.4853830430947172,0.010461184471106773,3.4337255400715354e-05,0.0005973631699107716,0.005757984810218257
chameleon,Degree,19,450,0.0018272909801453352,2.956819441682143,2.6826837464594924,0.5337200912486975,5.54001899153606,5.026387034040738,0.5337200912486975,0.008645898668931909,2.6797675928950345e-05,0.00040275650932050796,0.010534026649510858
chameleon,Neighborhood Heterogeneity,19,450,0.0018306249985471368,0.007815989747937499,0.013526648753774406,0.0007344163528568307,10.642450590232393,18.418229252598536,1.7674107204770813,0.0007344163528568307,3.287924861267407e-05,0.0006430760789136799,0.006799665941158576
chameleon,PageRank,19,450,0.0018429170013405383,4.15460884186521e-05,4.278353812685257e-05,1.3215650287813057e-05,3.143703678128063,3.2373388516723867,1.4251404049802212,0.010207840152170316,1.3215650287813057e-05,0.0007144253080824363,0.01060414258995108
chameleon,Eigenvector Centrality,19,450,0.0018883339944295585,0.0008717668135223109,0.0011148178796959243,9.794217686707522e-05,8.900831504954724,11.38240863493292,1.786193341364968,0.01041616898952871,3.4424202889063495e-05,9.794217686707522e-05,0.011998042029451428
chameleon,Clustering Coefficient,19,450,0.001817749987822026,0.015583800386342087,0.011556922753483318,0.0008600982217509913,18.118628770812393,13.436747642560741,1.685118518653987,0.007907818869585262,3.130944007395618e-05,0.0004528187527388748,0.0008600982217509913
chameleon,Degree,20,300,0.001470332994358614,2.412044543303126,2.6970084987476244,1.3065487322237899,1.8461190798430802,2.0642234248371474,1.3065487322237899,0.008696138721662588,3.356488971255153e-05,0.0005853826627572475,0.01041086310835986
chameleon,Neighborhood Heterogeneity,20,300,0.0014157500118017197,0.009609029671889036,0.010730097339898385,0.0059586321668822105,1.6126234012724527,1.800765182240271,1.7668554722673726,0.0059586321668822105,2.939041837593418e-05,0.0005937038617712153,0.013402268906416099
chameleon,PageRank,20,300,0.0015176659799180925,3.9504586458141605e-05,3.969194688121485e-05,3.268549964803127e-05,1.2086272776472935,1.214359496064965,2.0005587026754097,0.01162658300510459,3.268549964803127e-05,0.0007371594633537483,0.010037305136080294
chameleon,Eigenvector Centrality,20,300,0.0015199590125121176,0.0005201883895876903,0.0005602765550993875,0.0004648408492602058,1.1190677205232074,1.205308345837221,1.6648831869884522,0.008523472851761955,3.290792008691212e-05,0.0004648408492602058,0.009548842546952138
chameleon,Clustering Coefficient,20,300,0.0014548329927492887,0.012027909692239307,0.011231294849995828,0.005921073404459394,2.0313731768940095,1.8968342533191866,1.9098159341294352,0.009008422246320905,2.431026740154196e-05,0.0008488599580829248,0.005921073404459394
chameleon,Degree,20,350,0.0015604580112267286,2.412044543303126,2.6970084987476244,1.6134250112968656,1.4949839790597597,1.6716044934618797,1.6134250112968656,0.009221259835091686,3.662233298947366e-05,0.0005537300905784682,0.011806963502735907
chameleon,Neighborhood Heterogeneity,20,350,0.0014994579833000898,0.009609029671889036,0.010730097339898385,0.005447749164694575,1.7638531770446815,1.969638655435407,1.5692531534064718,0.005447749164694575,3.5592721081770094e-05,0.0004606891505913731,0.011713121576652196
chameleon,PageRank,20,350,0.00156508301733993,3.9504586458141605e-05,3.969194688121485e-05,2.0201390686015987e-05,1.9555379662791172,1.9648125962283782,1.849972303313265,0.010393164553814612,2.0201390686015987e-05,0.0007614566788106525,0.011935041312551747
chameleon,Eigenvector Centrality,20,350,0.0015456250112038106,0.0005201883895876903,0.0005602765550993875,0.0005280396548136502,0.9851312961926492,1.0610501502905383,2.0404108451934544,0.007781509024154252,3.865134067219729e-05,0.0005280396548136502,0.014037623545710087
chameleon,Clustering Coefficient,20,350,0.0016052919963840395,0.012027909692239307,0.011231294849995828,0.006773505214084765,1.7757290076677852,1.6581215330936154,1.7408806537982766,0.00879094355577408,2.974315906570883e-05,0.0005706708529134782,0.006773505214084765
chameleon,Degree,20,400,0.0017060000100173056,2.412044543303126,2.6970084987476244,0.6310957654092693,3.821994498313423,4.273532871827461,0.6310957654092693,0.009149110671897404,2.3318714668684298e-05,0.00044282604476730044,0.011204038647277318
chameleon,Neighborhood Heterogeneity,20,400,0.0016946249816101044,0.009609029671889036,0.010730097339898385,0.001655388626862942,5.8046971665491665,6.4819204178251155,1.9477068443887666,0.001655388626862942,2.9400637087597504e-05,0.0006031974600163844,0.013652853959471013
chameleon,PageRank,20,400,0.0017371659923810512,3.9504586458141605e-05,3.969194688121485e-05,1.5225603913684266e-05,2.594615404557858,2.606921019765991,1.712455744103344,0.006518538878877764,1.5225603913684266e-05,0.0005822619258151531,0.0175348936851679
chameleon,Eigenvector Centrality,20,400,0.0017994160007219762,0.0005201883895876903,0.0005602765550993875,9.81089819108051e-05,5.302148482802675,5.710756998872519,1.6400089701805947,0.006021019863061349,3.4391676121148e-05,9.81089819108051e-05,0.010767892103712564
chameleon,Clustering Coefficient,20,400,0.001731208001729101,0.012027909692239307,0.011231294849995828,0.005743050018849354,2.0943417962166997,1.9556324275660877,2.111157919121306,0.010645791485686397,3.554649878797094e-05,0.000668440870079988,0.005743050018849354
chameleon,Degree,20,450,0.0018227079999633133,2.412044543303126,2.6970084987476244,0.5347792177311637,4.5103557941843455,5.043218601855663,0.5347792177311637,0.0081900721603033,2.2372686926846377e-05,0.00032701024018398276,0.011514176783698982
chameleon,Neighborhood Heterogeneity,20,450,0.0018267919949721545,0.009609029671889036,0.010730097339898385,0.0007444997511513766,12.906692926395975,14.412492849465938,2.1017675180146576,0.0007444997511513766,4.272754621816078e-05,0.00042178048790269027,0.014740212709378728
chameleon,PageRank,20,450,0.0018548330117482692,3.9504586458141605e-05,3.969194688121485e-05,1.3211514650382018e-05,2.9901633161341805,3.0043449166570118,1.5717500069216328,0.009479346625112909,1.3211514650382018e-05,0.0008123998966358108,0.010023190214235395
chameleon,Eigenvector Centrality,20,450,0.0018498330027796328,0.0005201883895876903,0.0005602765550993875,9.785426235822988e-05,5.315950241220542,5.725622385750541,1.5282988686878842,0.00739816747764428,2.8417739211604606e-05,9.785426235822988e-05,0.010270646708171806
chameleon,Clustering Coefficient,20,450,0.0018062909948639572,0.012027909692239307,0.011231294849995828,0.0008382141429565702,14.349447325971093,13.399075814183378,2.243154879699505,0.007410710865154571,3.516511629027376e-05,0.0006112246589818776,0.0008382141429565702
chameleon,Degree,21,300,0.0015408750041387975,2.8612307677067434,2.079683031181888,1.2699798637670496,2.2529733339390763,1.6375716580364308,1.2699798637670496,0.01285572192555518,2.5715044176139655e-05,0.0006109478176442833,0.013190550885306258
chameleon,Neighborhood Heterogeneity,21,300,0.0014314159925561398,0.009129811246875447,0.008810054029447095,0.005978664794073623,1.5270652497402784,1.473582201527689,2.3898932303394567,0.005978664794073623,3.7877206558111385e-05,0.0007972088006368528,0.01258034898346747
chameleon,PageRank,21,300,0.0014351670106407255,3.8554185352680474e-05,3.41092445382142e-05,2.5128393137175538e-05,1.5342877334899103,1.3573985551727212,1.7204295437590633,0.0103103012011525,2.5128393137175538e-05,0.0007469719603859614,0.007341348719522192
chameleon,Eigenvector Centrality,21,300,0.0014360839850269258,0.001116659112079459,0.000424087839603165,0.00045602507597023356,2.44867918656374,0.9299660521976357,1.8836776419613948,0.010781876290281395,3.375969437195066e-05,0.00045602507597023356,0.009368985775706188
chameleon,Clustering Coefficient,21,300,0.0014136669924482703,0.011937571725221524,0.01561535127987124,0.00595024202730584,2.0062329684136624,2.624322037357795,2.878528937373331,0.009632076046056945,3.8227766496074414e-05,0.0013496022130802126,0.00595024202730584
chameleon,Degree,21,350,0.0015484160103369504,2.8612307677067434,2.079683031181888,1.6456937062429062,1.7386168257511843,1.2637120888854663,1.6456937062429062,0.012518751419702791,3.3362296807171665e-05,0.0004402719731304922,0.009193544497165387
chameleon,Neighborhood Heterogeneity,21,350,0.0015573330165352672,0.009129811246875447,0.008810054029447095,0.005393573915641386,1.6927201498803897,1.6334353004596642,2.5150363747617726,0.005393573915641386,3.886798141289494e-05,0.00040819787372265977,0.009522625500524204
chameleon,PageRank,21,350,0.0015742919931653887,3.8554185352680474e-05,3.41092445382142e-05,1.8529034873310475e-05,2.0807443893483386,1.840853815184174,1.7054946528173098,0.013001540193825684,1.8529034873310475e-05,0.0005865234269516568,0.010558500428505455
chameleon,Eigenvector Centrality,21,350,0.001575874979607761,0.001116659112079459,0.000424087839603165,0.0004969174707770204,2.247172171937043,0.8534371692346154,1.7460503785561006,0.012234311215681044,2.4666096823071706e-05,0.0004969174707770204,0.012981388241581718
chameleon,Clustering Coefficient,21,350,0.0016140000079758465,0.011937571725221524,0.01561535127987124,0.006797658566491919,1.7561299392214356,2.2971661678985864,1.8874082172594757,0.010111839045280083,2.878078525459804e-05,0.0007288246086434117,0.006797658566491919
chameleon,Degree,21,400,0.0017029590089805424,2.8612307677067434,2.079683031181888,0.6338605571900802,4.513975093182405,3.2809787698435997,0.6338605571900802,0.010242223461332649,2.4786839364059522e-05,0.0005345384817208884,0.010253231836568292
chameleon,Neighborhood Heterogeneity,21,400,0.0016917080210987478,0.009129811246875447,0.008810054029447095,0.001669828852061496,5.467513173942462,5.276022161535056,2.0270814324246826,0.001669828852061496,3.196643321322464e-05,0.0007941156675191254,0.014539010257802682
chameleon,PageRank,21,400,0.0017187089833896607,3.8554185352680474e-05,3.41092445382142e-05,1.5227039502011876e-05,2.5319554301797464,2.240044398236933,1.9280292895510318,0.011058325432848615,1.5227039502011876e-05,0.0006853445136318184,0.0072503988229920945
chameleon,Eigenvector Centrality,21,400,0.0017469580052420497,0.001116659112079459,0.000424087839603165,9.798809883816949e-05,11.39586465417252,4.327952523127934,1.36953097119001,0.011770057612948807,2.99237383342811e-05,9.798809883816949e-05,0.011504342885297157
chameleon,Clustering Coefficient,21,400,0.0017388339911121875,0.011937571725221524,0.01561535127987124,0.005728819076207008,2.083775306293189,2.7257539594373092,2.1936517233084785,0.009897248952328108,2.911086106475862e-05,0.000730185111841861,0.005728819076207008
chameleon,Degree,21,450,0.001966750016435981,2.8612307677067434,2.079683031181888,0.5334858314835436,5.363274146850522,3.8982910293954824,0.5334858314835436,0.012805513401492889,2.4902769742122746e-05,0.0004971099240892842,0.0160976270253023
chameleon,Neighborhood Heterogeneity,21,450,0.0017640000151004642,0.009129811246875447,0.008810054029447095,0.0007453056824906316,12.249753975262635,11.820725692048962,2.4277270707934315,0.0007453056824906316,3.7176476251449604e-05,0.0006544685385955257,0.012513022434183497
chameleon,PageRank,21,450,0.001968374999705702,3.8554185352680474e-05,3.41092445382142e-05,1.318706636330533e-05,2.923636257717057,2.5865680507324553,1.8642256053125639,0.00879920958350324,1.318706636330533e-05,0.0009401430851069704,0.0068112256303668045
chameleon,Eigenvector Centrality,21,450,0.0019252919883001596,0.001116659112079459,0.000424087839603165,9.819386191470278e-05,11.371984870596675,4.318883393867875,1.6184284289318616,0.013356772383733489,3.1957323450942183e-05,9.819386191470278e-05,0.00890408654211745
chameleon,Clustering Coefficient,21,450,0.001870250009233132,0.011937571725221524,0.01561535127987124,0.0008341100256957664,14.311747080685059,18.72097301173885,1.7091321289948287,0.007595666185797638,3.281679962864198e-05,0.0007427596729770284,0.0008341100256957664
chameleon,Degree,22,300,0.0016163330001290888,2.3569489536651984,2.154459717754912,1.1052204673028512,2.1325599944932527,1.9493483712010824,1.1052204673028512,0.01049719286736896,2.418501591318156e-05,0.0005136456424550959,0.010070477561734032
chameleon,Neighborhood Heterogeneity,22,300,0.001558916992507875,0.010834950735005667,0.009007299612881516,0.005977036568843737,1.812762998888879,1.5069841900973993,3.3328453252823946,0.005977036568843737,4.9630108589448954e-05,0.0010247296736554225,0.013179766783944658
chameleon,PageRank,22,300,0.0015711250016465783,3.634257652212116e-05,2.7439818945042212e-05,2.95741451882567e-05,1.2288631265850438,0.9278313462780325,1.6676424973450121,0.008852868060167543,2.95741451882567e-05,0.0005421645773114507,0.011704159186844443
chameleon,Eigenvector Centrality,22,300,0.00169254100183025,0.0007789563960269261,0.0010369573912389896,0.00043622481124880563,1.7856765042707297,2.377116946352576,2.122907030675907,0.01043203868086477,4.553608142629497e-05,0.00043622481124880563,0.010530656774173057
chameleon,Clustering Coefficient,22,300,0.0015227500116452575,0.014656730057050477,0.011930156594310704,0.00583557890944914,2.5116154343004204,2.044382704686427,2.4417324729681713,0.01009284240925544,4.38954787781419e-05,0.0008142911553110739,0.00583557890944914
chameleon,Degree,22,350,0.0016323339950758964,2.3569489536651984,2.154459717754912,1.4792661902044064,1.5933230741517272,1.4564381529312225,1.4792661902044064,0.011738136795417433,3.2704675333166366e-05,0.0005493693385374831,0.010870720750905605
chameleon,Neighborhood Heterogeneity,22,350,0.0016362089954782277,0.010834950735005667,0.009007299612881516,0.005478308368865404,1.9777913190472083,1.6441753560409729,2.2542923793724703,0.005478308368865404,3.609987569452729e-05,0.0007273250074611281,0.012003086766700023
chameleon,PageRank,22,350,0.0016093339945655316,3.634257652212116e-05,2.7439818945042212e-05,2.0315183799351035e-05,1.788936633853252,1.3507049316442203,1.6311263590210974,0.011194492096752842,2.0315183799351035e-05,0.0005273147512754649,0.010917702425315047
chameleon,Eigenvector Centrality,22,350,0.0016717079852242023,0.0007789563960269261,0.0010369573912389896,0.0005210784344623885,1.4948927925420628,1.9900216985737438,1.927508795552276,0.008566406386154713,3.65947215772767e-05,0.0005210784344623885,0.011613700301738628
chameleon,Clustering Coefficient,22,350,0.001582416007295251,0.014656730057050477,0.011930156594310704,0.006776311885696801,2.162936167089266,1.7605678126315962,3.330939346694494,0.008424395397684331,5.501460242049417e-05,0.0007425353105221715,0.006776311885696801
chameleon,Degree,22,400,0.001698625012068078,2.3569489536651984,2.154459717754912,0.635988017830128,3.705964401195272,3.3875791011055916,0.635988017830128,0.010384671112734292,2.5526439643739334e-05,0.00042129197997180305,0.008568456012824396
chameleon,Neighborhood Heterogeneity,22,400,0.001745290996041149,0.010834950735005667,0.009007299612881516,0.001650080648221864,6.566315862610394,5.4587026534659575,2.237746268478532,0.001650080648221864,3.714278430906735e-05,0.00043381842144057226,0.019517776669510094
chameleon,PageRank,22,400,0.0017382090154569596,3.634257652212116e-05,2.7439818945042212e-05,1.5239531479391853e-05,2.3847568129811982,1.8005684086908178,1.5836580785093395,0.005750742247839602,1.5239531479391853e-05,0.0007789544864533822,0.009290254720971525
chameleon,Eigenvector Centrality,22,400,0.001708374998997897,0.0007789563960269261,0.0010369573912389896,9.766157649454546e-05,7.976078453642738,10.61786455287157,1.7500895468630002,0.008231812419599005,3.333465159437375e-05,9.766157649454546e-05,0.012407705134944342
chameleon,Clustering Coefficient,22,400,0.0016951249854173511,0.014656730057050477,0.011930156594310704,0.0057716819984275965,2.5394209280836106,2.067015576665673,1.874681122335583,0.007963868358497255,3.3338729626333863e-05,0.000877342896619916,0.0057716819984275965
chameleon,Degree,22,450,0.0018258750205859542,2.3569489536651984,2.154459717754912,0.5350118023344586,4.405414877542776,4.026938673790355,0.5350118023344586,0.013499091230732837,2.2570920696597862e-05,0.0003967289307935588,0.010951060108575609
chameleon,Neighborhood Heterogeneity,22,450,0.001802874990971759,0.010834950735005667,0.009007299612881516,0.0007307151257778351,14.827872522102272,12.326691066225546,2.2585552357634735,0.0007307151257778351,3.633454213676173e-05,0.0004583653599611848,0.015546473130502994
chameleon,PageRank,22,450,0.0018383749993517995,3.634257652212116e-05,2.7439818945042212e-05,1.3196743414364389e-05,2.753904912825917,2.07928714558279,1.6684774074133344,0.010804325090303397,1.3196743414364389e-05,0.0005447761069837523,0.009370530152223985
chameleon,Eigenvector Centrality,22,450,0.0018397079838905483,0.0007789563960269261,0.0010369573912389896,9.67812209572273e-05,8.048631628352652,10.714448329777484,1.9461881139455521,0.007765976240264376,3.715737702323214e-05,9.67812209572273e-05,0.009657306138269966
chameleon,Clustering Coefficient,22,450,0.0018146249931305647,0.014656730057050477,0.011930156594310704,0.0008344206340662004,17.565157737803087,14.297533051374904,2.1868520749527627,0.011804391556358691,2.8621207266460193e-05,0.0008797582252637319,0.0008344206340662004
chameleon,Degree,23,300,0.001531832996988669,1.9162311639542744,2.338323780211652,1.3050137835721363,1.468360861836332,1.791800063453045,1.3050137835721363,0.006559726473362906,3.5449655073789455e-05,0.0006214993339543192,0.007755466537832953
chameleon,Neighborhood Heterogeneity,23,300,0.0014447919966187328,0.010803469061908471,0.012100177929384368,0.006037393673343032,1.7894259752530537,2.004205553600126,2.419061191795745,0.006037393673343032,3.8864321301831006e-05,0.0006352348037763998,0.012265630126220062
chameleon,PageRank,23,300,0.001438374980352819,3.147840437788697e-05,4.135343161794452e-05,2.463795962967879e-05,1.2776384429158738,1.678443841921485,1.7978244206848324,0.005715861315781778,2.463795962967879e-05,0.0006653579212038794,0.007299966286710195
chameleon,Eigenvector Centrality,23,300,0.001432624994777143,0.0006287367696001585,0.0006214685993703218,0.00043418260039879955,1.4480929660070663,1.4313530731067963,2.007434845855898,0.006310643960972974,3.602190361174237e-05,0.00043418260039879955,0.01064634205319356
chameleon,Clustering Coefficient,23,300,0.0015024169988464564,0.0104455067703084,0.015436847493477101,0.005870679021717876,1.7792672247395056,2.629482456181019,1.4900360064547742,0.008897017693162547,2.2653795956606972e-05,0.0008936044011568737,0.005870679021717876
chameleon,Degree,23,350,0.0016028750105760992,1.9162311639542744,2.338323780211652,1.6097810668863333,1.1903675620068523,1.4525725443736761,1.6097810668863333,0.008448346495167033,3.1810839598116436e-05,0.00043554371975456946,0.011374044147232639
chameleon,Neighborhood Heterogeneity,23,350,0.00175908298115246,0.010803469061908471,0.012100177929384368,0.005371445590859686,2.011277761110004,2.252685561960196,1.762067779665033,0.005371445590859686,4.065275942960614e-05,0.0006446198683249972,0.012733384558911737
chameleon,PageRank,23,350,0.0016342499875463545,3.147840437788697e-05,4.135343161794452e-05,2.5165418953748013e-05,1.250859540059385,1.643264183042164,1.8061016938820174,0.007737654319391399,2.5165418953748013e-05,0.0006636766853793075,0.008269441496594499
chameleon,Eigenvector Centrality,23,350,0.0016792920068837702,0.0006287367696001585,0.0006214685993703218,0.0005367326326538725,1.1714152100113084,1.1578737001651505,2.1039219946084895,0.010920765899377434,3.6140598932932495e-05,0.0005367326326538725,0.012819796703716973
chameleon,Clustering Coefficient,23,350,0.0015799170068930835,0.0104455067703084,0.015436847493477101,0.006783006829795479,1.5399522707871656,2.2758118752981638,1.3666724833772896,0.009534544244655916,2.9267292126709805e-05,0.0009781516173317148,0.006783006829795479
chameleon,Degree,23,400,0.0016611669852863997,1.9162311639542744,2.338323780211652,0.633515825643975,3.0247565828468557,3.69102662563279,0.633515825643975,0.01094787612156169,2.436179148623152e-05,0.0005606002765776714,0.013959995364858277
chameleon,Neighborhood Heterogeneity,23,400,0.0017694999987725168,0.010803469061908471,0.012100177929384368,0.001684910036977812,6.411896673893894,7.181497922042298,2.310144103290554,0.001684910036977812,4.7543471093851946e-05,0.0007660110210133183,0.012679882303154335
chameleon,PageRank,23,400,0.0016864580102264881,3.147840437788697e-05,4.135343161794452e-05,1.5237347434258743e-05,2.065871669179952,2.713952136115761,1.5309931779382606,0.005881531479502947,1.5237347434258743e-05,0.00047549139768740393,0.010492810135774418
chameleon,Eigenvector Centrality,23,400,0.0017449580191168934,0.0006287367696001585,0.0006214685993703218,9.853143265372289e-05,6.381078125695988,6.307313134828761,1.3597122341172683,0.008762719953711483,3.1457594427177965e-05,9.853143265372289e-05,0.007392667064966017
chameleon,Clustering Coefficient,23,400,0.00177104098838754,0.0104455067703084,0.015436847493477101,0.00573259556654393,1.8221251872833222,2.692819912775336,2.731098915069166,0.009726285890587027,4.001252385128606e-05,0.0007368470561714023,0.00573259556654393
chameleon,Degree,23,450,0.0019120000069960952,1.9162311639542744,2.338323780211652,0.532224310141934,3.6004202127543783,4.393492998446587,0.532224310141934,0.00949621542867737,2.528537761570524e-05,0.00028348164757834737,0.00907905767100525
chameleon,Neighborhood Heterogeneity,23,450,0.0019705420127138495,0.010803469061908471,0.012100177929384368,0.000751108063898617,14.383375150884682,16.109769700219363,1.5845386916668387,0.000751108063898617,3.5320479598272304e-05,0.0004262408144347571,0.013015125679781647
chameleon,PageRank,23,450,0.0019077910110354424,3.147840437788697e-05,4.135343161794452e-05,1.3203292229356492e-05,2.3841329746453077,3.1320545587863595,1.557242109530439,0.008245777456876517,1.3203292229356492e-05,0.0008787227530482026,0.00905603972334236
chameleon,Eigenvector Centrality,23,450,0.001836582989199087,0.0006287367696001585,0.0006214685993703218,9.750144786186832e-05,6.4484864931534025,6.373942264434526,2.0621502423333053,0.010452017966298934,3.9690768942846545e-05,9.750144786186832e-05,0.009269778135777926
chameleon,Clustering Coefficient,23,450,0.0018705000111367553,0.0104455067703084,0.015436847493477101,0.0008642526843849745,12.086172202915058,17.861497884108253,2.3469728504396685,0.010825942043455005,4.322265627347038e-05,0.0005123669916934096,0.0008642526843849745
chameleon,Degree,24,300,0.001612167019629851,2.2334563821634767,1.9744461653271723,1.4738444850344163,1.5153948770323094,1.3396570570205486,1.4738444850344163,0.007857901189158308,3.858368284415081e-05,0.0007179278585410925,0.01725369362600208
chameleon,Neighborhood Heterogeneity,24,300,0.0014298330061137676,0.010671690557398143,0.010660236643293993,0.006058717535162748,1.7613777990908568,1.75948731417591,2.7995364424540603,0.006058717535162748,3.857001945406889e-05,0.0009051109192355123,0.014757826482482644
chameleon,PageRank,24,300,0.0016121669905260205,2.9411244919117614e-05,3.5301782336379964e-05,2.387139044524177e-05,1.2320708752422125,1.4788322622998522,1.6106709588402957,0.010268906510701314,2.387139044524177e-05,0.0010216124713272531,0.011060770813873003
chameleon,Eigenvector Centrality,24,300,0.0015291250019799918,0.0006738327593164648,0.0006998633524862854,0.00045042703334739173,1.4959864959898432,1.5537774171438683,2.5238465793042417,0.007580917644320835,4.617188608168169e-05,0.00045042703334739173,0.013079812209372054
chameleon,Clustering Coefficient,24,300,0.0014661249879281968,0.011131833965707216,0.015526184299210169,0.005832578038456017,1.9085615129898894,2.661976264499363,1.601447214113118,0.010167133630337841,3.0273254009222096e-05,0.0006401036914821318,0.005832578038456017
chameleon,Degree,24,350,0.0016148330178111792,2.2334563821634767,1.9744461653271723,1.3951394892928088,1.6008839254457687,1.4152320828708045,1.3951394892928088,0.010656541485399029,2.986334765253872e-05,0.0005686963479247865,0.01139228231778194
chameleon,Neighborhood Heterogeneity,24,350,0.0016780419973656535,0.010671690557398143,0.010660236643293993,0.005497608111809502,1.941151559070591,1.9390681231706137,2.2032467621369207,0.005497608111809502,3.5631751608908756e-05,0.00098334714153899,0.02016778251098979
chameleon,PageRank,24,350,0.0018274580070283264,2.9411244919117614e-05,3.5301782336379964e-05,2.0211788730041606e-05,1.4551529957070293,1.7465936740131014,1.6867003464371888,0.00714501904126002,2.0211788730041606e-05,0.000809130576923702,0.008182134889491684
chameleon,Eigenvector Centrality,24,350,0.001630541984923184,0.0006738327593164648,0.0006998633524862854,0.0005017620585689236,1.3429328659052149,1.3948112268240584,2.3663919109113634,0.009177747006926234,4.3074739001404146e-05,0.0005017620585689236,0.014307012333389473
chameleon,Clustering Coefficient,24,350,0.001586458005476743,0.011131833965707216,0.015526184299210169,0.0067696736243738785,1.6443678947279812,2.29349081812584,2.1173479800138852,0.007675144502928388,3.92762392762518e-05,0.0004327010743957381,0.0067696736243738785
chameleon,Degree,24,400,0.0017243339971173555,2.2334563821634767,1.9744461653271723,0.6340938758673322,3.522280323411876,3.113807340634645,0.6340938758673322,0.006210020874363535,2.597891086514984e-05,0.00034528128059158975,0.012447083116376238
chameleon,Neighborhood Heterogeneity,24,400,0.0016881249903235584,0.010671690557398143,0.010660236643293993,0.0016297154089842283,6.548192708105773,6.54116453984952,2.9944788659090706,0.0016297154089842283,4.7003298638280165e-05,0.000795181532865934,0.013346843969839196
chameleon,PageRank,24,400,0.0017631250084377825,2.9411244919117614e-05,3.5301782336379964e-05,1.5215784619227275e-05,1.9329430361384312,2.3200763693625905,1.7063629657908828,0.007982661386844673,1.5215784619227275e-05,0.0006686384657093588,0.013930828789005392
chameleon,Eigenvector Centrality,24,400,0.0017262079927604645,0.0006738327593164648,0.0006998633524862854,9.736517367478141e-05,6.92067536968811,7.188025513352083,1.215921819091156,0.009771846147046301,2.864762968380346e-05,9.736517367478141e-05,0.010867937555343436
chameleon,Clustering Coefficient,24,400,0.0017625839973334223,0.011131833965707216,0.015526184299210169,0.00576017276269733,1.9325520994433656,2.695437261839988,1.7782431120875066,0.009988582814823333,3.5871979123440016e-05,0.000715611441694944,0.00576017276269733
chameleon,Degree,24,450,0.0018862090073525906,2.2334563821634767,1.9744461653271723,0.5343415851882705,4.179828866167207,3.6951010740283183,0.5343415851882705,0.013015896099305072,2.467123269856456e-05,0.00036161405316396093,0.009377806281389383
chameleon,Neighborhood Heterogeneity,24,450,0.0019449169922154397,0.010671690557398143,0.010660236643293993,0.0007429458735326921,14.364021576234721,14.348604687182378,2.0688674927919792,0.0007429458735326921,2.8773807021487736e-05,0.000547433507927832,0.012126882039421366
chameleon,PageRank,24,450,0.001904959004605189,2.9411244919117614e-05,3.5301782336379964e-05,1.3211467586374157e-05,2.2261905974360743,2.6720560835186076,1.4647153240860338,0.006276835569937742,1.3211467586374157e-05,0.0006848587738010282,0.0076089418460078915
chameleon,Eigenvector Centrality,24,450,0.0018392500060144812,0.0006738327593164648,0.0006998633524862854,9.802528740256722e-05,6.87407073390348,7.139620510492443,1.497211085380423,0.007168894743882012,3.137721801128354e-05,9.802528740256722e-05,0.011788381132776308
chameleon,Clustering Coefficient,24,450,0.001840915996581316,0.011131833965707216,0.015526184299210169,0.0008548754786093139,13.021585300137692,18.16192496767799,1.7693375528615796,0.010900306968064766,3.425841485849112e-05,0.0008869541271847546,0.0008548754786093139
