Dataset,TargetProperty,StratSeed,RequestedBins,StratifiedKFoldSeconds,RandomTargetEmd,LabelTargetEmd,StratifiedKFoldTargetEmd,RandomToStratifiedKFoldRatio,LabelToStratifiedKFoldRatio,DegreeEmd,NeighHetEmd,PageRankEmd,EigCentralityEmd,ClusteringEmd
Cora,Degree,0,300,0.001431208016583696,0.26897308119909613,0.40602873607785606,0.1739196974858245,1.5465360455851704,2.3345759103045234,0.1739196974858245,0.010068986122836573,1.572446678333763e-05,0.001161310690719649,0.008232330408845068
Cora,Neighborhood Heterogeneity,0,300,0.0013342919992282987,0.007419565127568121,0.013568164222910021,0.0022323295446240116,3.3236871972761484,6.078029229862336,0.2720467410786188,0.0022323295446240116,1.9620677230392847e-05,0.0007723852119510975,0.01198565961594442
Cora,PageRank,0,300,0.001447457994800061,1.9076487445213708e-05,2.7733618360247745e-05,1.2303093349613152e-05,1.5505439894767223,2.254198807742914,0.19508350592888438,0.006321432910933624,1.2303093349613152e-05,0.0006976975517977244,0.012062483270466818
Cora,Eigenvector Centrality,0,300,0.0013987080019433051,0.0012609059738635017,0.0007100571108405935,0.0005023964314104097,2.5097829025649716,1.4133402756209965,0.21792500833730816,0.009413738746667493,1.8327790818748718e-05,0.0005023964314104097,0.011604917725758519
Cora,Clustering Coefficient,0,300,0.0013626670115627348,0.009579890009678002,0.009601060828420552,0.005907694228089071,1.6215954380524458,1.625179039018435,0.23516011335858716,0.006564972930550276,1.8008326576422112e-05,0.0007097476864296465,0.005907694228089071
Cora,Degree,0,350,0.0014620420115534216,0.26897308119909613,0.40602873607785606,0.18128698007479419,1.4836866998839353,2.239701582045988,0.18128698007479419,0.008589743982792114,1.3840923938679325e-05,0.0007749991326504112,0.01557812163553532
Cora,Neighborhood Heterogeneity,0,350,0.0014530830085277557,0.007419565127568121,0.013568164222910021,0.005117836828920357,1.4497463236109718,2.6511521716045645,0.22399811670161096,0.005117836828920357,1.6535927333693294e-05,0.0010282385198312595,0.009915494148468037
Cora,PageRank,0,350,0.0015940000012051314,1.9076487445213708e-05,2.7733618360247745e-05,1.5399971401195792e-05,1.2387352514000407,1.8008876534728018,0.2277336512652001,0.012103296569098077,1.5399971401195792e-05,0.0009116753775524537,0.011065462184490569
Cora,Eigenvector Centrality,0,350,0.0015542079927399755,0.0012609059738635017,0.0007100571108405935,0.0005366024353645716,2.3497954738256692,1.3232461577595627,0.3638636449571477,0.0113596865584921,2.6913621500845344e-05,0.0005366024353645716,0.011914821647305698
Cora,Clustering Coefficient,0,350,0.0015073749818839133,0.009579890009678002,0.009601060828420552,0.0057544291034467955,1.664785478708883,1.6684645263367128,0.236313769633679,0.015467645115288855,1.8790283783434677e-05,0.0007871320444572883,0.0057544291034467955
Cora,Degree,0,400,0.001639042020542547,0.26897308119909613,0.40602873607785606,0.15449469086630224,1.7409859179682883,2.6281080197715547,0.15449469086630224,0.01150065641930061,1.2441727711498567e-05,0.0008169952329830634,0.017275225108703978
Cora,Neighborhood Heterogeneity,0,400,0.0015879170096013695,0.007419565127568121,0.013568164222910021,0.005478215036059731,1.3543763942688762,2.4767491114531124,0.27174806386582684,0.005478215036059731,2.2897657522466614e-05,0.0010738099384237833,0.014501910626859202
Cora,PageRank,0,400,0.0016922909999266267,1.9076487445213708e-05,2.7733618360247745e-05,1.2138628126233062e-05,1.5715521759816566,2.2847407525659347,0.19679707694615903,0.0074468714410507175,1.2138628126233062e-05,0.0008727482883924741,0.008833290819675257
Cora,Eigenvector Centrality,0,400,0.001745707995723933,0.0012609059738635017,0.0007100571108405935,0.0005297862422105854,2.38002777988769,1.3402709513138922,0.26208348730022324,0.009550653754929818,1.8509541628114834e-05,0.0005297862422105854,0.014289314653444601
Cora,Clustering Coefficient,0,400,0.0015954160189721733,0.009579890009678002,0.009601060828420552,0.005741262822904898,1.6686032855801016,1.6722907702669354,0.22089968745052707,0.008455624347144811,1.7133286674285273e-05,0.0008504208889063549,0.005741262822904898
Cora,Degree,0,450,0.0018267499981448054,0.26897308119909613,0.40602873607785606,0.16087180712246815,1.671971528201538,2.5239272395862087,0.16087180712246815,0.008564421317023748,1.474626119447355e-05,0.0006986530636096682,0.013418711108937104
Cora,Neighborhood Heterogeneity,0,450,0.0017185829929076135,0.007419565127568121,0.013568164222910021,0.0039125072808823365,1.8963709444893055,3.467894945322676,0.28434042750232597,0.0039125072808823365,2.1004141432251948e-05,0.0008003042734305426,0.013951126780167255
Cora,PageRank,0,450,0.0018432090000715107,1.9076487445213708e-05,2.7733618360247745e-05,1.0521581868808039e-05,1.813081690859364,2.6358791582913956,0.18002609765870353,0.011649447886095617,1.0521581868808039e-05,0.0007587163914900086,0.011822245972804953
Cora,Eigenvector Centrality,0,450,0.0018345830030739307,0.0012609059738635017,0.0007100571108405935,0.0006700501941286038,1.8818082360282014,1.0597073429163295,0.269547246012106,0.010492311086808603,2.0236087010923766e-05,0.0006700501941286038,0.011551435065697793
Cora,Clustering Coefficient,0,450,0.0017262920155189931,0.009579890009678002,0.009601060828420552,0.004048034360841864,2.3665535308563155,2.371783431804624,0.20970368063793848,0.006831756033666187,1.6060575557048753e-05,0.000789927630127167,0.004048034360841864
Cora,Degree,1,300,0.001545167004223913,0.2543631225334695,0.2595341421732891,0.1666300266019114,1.5265143247030588,1.5575472648355924,0.1666300266019114,0.011555691274296648,1.4292387391577255e-05,0.0009971861035940257,0.005796703126411401
Cora,Neighborhood Heterogeneity,1,300,0.0013966670085210353,0.011869421763793889,0.015016288963528513,0.002151503886964578,5.516802379818013,6.979438454426431,0.25159251442892583,0.002151503886964578,1.7660602106776754e-05,0.0011035016460113744,0.011387516421117076
Cora,PageRank,1,300,0.0014627500204369426,1.854918284356529e-05,2.057194222610257e-05,1.0256818304732199e-05,1.80847337765623,2.0056845714631866,0.1634556963796719,0.015358870810553255,1.0256818304732199e-05,0.0008633366690292433,0.01512043471610187
Cora,Eigenvector Centrality,1,300,0.0014842499804217368,0.0010592496219496896,0.0007407850821359054,0.0004966935096886226,2.1326021002644744,1.4914329816797969,0.22973957239933934,0.010559645486526865,1.6932939740360825e-05,0.0004966935096886226,0.01254751069186876
Cora,Clustering Coefficient,1,300,0.0014148329792078584,0.010070372456558504,0.01312044524318939,0.0062167023638773355,1.6198897529779193,2.110515266007719,0.26982058562370526,0.010726068034776465,2.0213394236405556e-05,0.0009369868171297923,0.0062167023638773355
Cora,Degree,1,350,0.0015820839907974005,0.2543631225334695,0.2595341421732891,0.2003143680076945,1.2698196592852433,1.2956341811852448,0.2003143680076945,0.012226994961870961,1.6502668653870065e-05,0.0008672756030923826,0.013343742876558679
Cora,Neighborhood Heterogeneity,1,350,0.0015237090119626373,0.011869421763793889,0.015016288963528513,0.005135714869237382,2.3111527929424196,2.923894598096784,0.282129966872312,0.005135714869237382,2.073263461319608e-05,0.0007755120642415257,0.018490611021628425
Cora,PageRank,1,350,0.0016474160074722022,1.854918284356529e-05,2.057194222610257e-05,1.4002536607050843e-05,1.3247016140079237,1.4691582534941394,0.19360903768024193,0.008810804010461089,1.4002536607050843e-05,0.00109009162827626,0.011430101536681014
Cora,Eigenvector Centrality,1,350,0.0016083749942481518,0.0010592496219496896,0.0007407850821359054,0.0005642096546704771,1.877404282577081,1.312960662767382,0.240582082951914,0.008145964466413944,1.756758084376364e-05,0.0005642096546704771,0.0108398081344599
Cora,Clustering Coefficient,1,350,0.001484417007304728,0.010070372456558504,0.01312044524318939,0.005868315452626116,1.7160584733139959,2.2358111708732173,0.24336760909935745,0.011476054872205793,1.854400284468561e-05,0.0009075915672018887,0.005868315452626116
Cora,Degree,1,400,0.0016322500014211982,0.2543631225334695,0.2595341421732891,0.16930229370223995,1.5024198253381615,1.5329629415992685,0.16930229370223995,0.007009538835222226,1.3149148874481166e-05,0.0006657017897148994,0.017219166870941625
Cora,Neighborhood Heterogeneity,1,400,0.0016097089974209666,0.011869421763793889,0.015016288963528513,0.005266285086704112,2.253850972436118,2.851400696373316,0.3075493054818309,0.005266285086704112,2.1417788996836718e-05,0.0010642366916071779,0.012786615664191165
Cora,PageRank,1,400,0.0016692499921191484,1.854918284356529e-05,2.057194222610257e-05,1.3294390443806188e-05,1.3952638838140405,1.5474152284798413,0.23250337585326353,0.009439647143813904,1.3294390443806188e-05,0.0008869038670156296,0.01382316132163502
Cora,Eigenvector Centrality,1,400,0.0016670420009177178,0.0010592496219496896,0.0007407850821359054,0.0005274235730094121,2.008347135312412,1.4045354057822625,0.20914789362060113,0.009121103344605525,1.5773893506306896e-05,0.0005274235730094121,0.014667970895961904
Cora,Clustering Coefficient,1,400,0.0016022500058170408,0.010070372456558504,0.01312044524318939,0.005686256581798618,1.7710021191785805,2.307395921103382,0.29262442669886346,0.012332976539273894,2.087345202739132e-05,0.001065214117449403,0.005686256581798618
Cora,Degree,1,450,0.0017379169876221567,0.2543631225334695,0.2595341421732891,0.14672932311851122,1.7335534379043236,1.768795334547185,0.14672932311851122,0.010270704752396945,1.3024265562244859e-05,0.0009411416095869926,0.012960460594688477
Cora,Neighborhood Heterogeneity,1,450,0.001711333985440433,0.011869421763793889,0.015016288963528513,0.003942593934869657,3.010561564257643,3.8087333394188247,0.3021249299800529,0.003942593934869657,2.09880218155198e-05,0.0008897378070468953,0.007324097787683145
Cora,PageRank,1,450,0.0018871249922085553,1.854918284356529e-05,2.057194222610257e-05,1.1449517415461132e-05,1.6200842507577613,1.7967519048726677,0.1891797763405834,0.009348968711558788,1.1449517415461132e-05,0.0008702022806121677,0.014260794830653244
Cora,Eigenvector Centrality,1,450,0.0019042500061914325,0.0010592496219496896,0.0007407850821359054,0.000648496306361138,1.6333934543025896,1.1423119528507741,0.29246493048400335,0.010071688223584192,2.2219189696175846e-05,0.000648496306361138,0.008549273948274433
Cora,Clustering Coefficient,1,450,0.001742874999763444,0.010070372456558504,0.01312044524318939,0.004017353059229234,2.506718306329441,3.2659427861455295,0.19341581743958414,0.013910148540787861,1.6608915323596897e-05,0.0006736838624125003,0.004017353059229234
Cora,Degree,2,300,0.0014809999847784638,0.22191878311971394,0.2880084787518428,0.16754411867366967,1.3245393802927294,1.7190008281508522,0.16754411867366967,0.007688621207047566,1.5214292448291261e-05,0.0008637920470636236,0.011099998307662815
Cora,Neighborhood Heterogeneity,2,300,0.0013580420054495335,0.00908160894129743,0.01513166615556232,0.0019206362470424025,4.72843775352165,7.878465367330045,0.23000570234557943,0.0019206362470424025,1.723164403931127e-05,0.0009501761499165261,0.013826988654391349
Cora,PageRank,2,300,0.001419583015376702,1.66699110775385e-05,2.2586675250915984e-05,1.1607095295634562e-05,1.4361828392852143,1.9459369183787825,0.17536252017983162,0.00981708382150646,1.1607095295634562e-05,0.0007828507941522412,0.01577271074783359
Cora,Eigenvector Centrality,2,300,0.0014414579782169312,0.0008027274574307344,0.0007339245870973372,0.00047995734862406585,1.672497482811714,1.529145431779179,0.29095035066367453,0.007068830676215246,2.1723926059346735e-05,0.00047995734862406585,0.012665160301488187
Cora,Clustering Coefficient,2,300,0.001347208017250523,0.010381056564755062,0.00902135762287154,0.0060553687308053565,1.7143558099019998,1.4898114423614481,0.23582999262500298,0.00813251378894756,1.9542915523209653e-05,0.0006351808326742661,0.0060553687308053565
Cora,Degree,2,350,0.001480666978750378,0.22191878311971394,0.2880084787518428,0.18037122462160565,1.2303447159338716,1.5967540241302098,0.18037122462160565,0.012404375754509814,1.3279787613394744e-05,0.0009316443087389657,0.013047954407035683
Cora,Neighborhood Heterogeneity,2,350,0.001466958987293765,0.00908160894129743,0.01513166615556232,0.005193486082342118,1.7486537553599983,2.9135855792528393,0.292826328561436,0.005193486082342118,2.139013913510515e-05,0.000782466281236905,0.011188263042662008
Cora,PageRank,2,350,0.0015475830005016178,1.66699110775385e-05,2.2586675250915984e-05,1.4455727723694195e-05,1.1531699680684402,1.5624723765303397,0.20043271593403422,0.010942748714278527,1.4455727723694195e-05,0.0007998855554695518,0.011368700877218694
Cora,Eigenvector Centrality,2,350,0.001595916983205825,0.0008027274574307344,0.0007339245870973372,0.0005447180688298598,1.4736567471593505,1.34734760804598,0.2789459293938193,0.012915911493247547,2.2569705794152523e-05,0.0005447180688298598,0.011171089994089231
Cora,Clustering Coefficient,2,350,0.001483250001911074,0.010381056564755062,0.00902135762287154,0.0058047046168640875,1.788386705258964,1.5541458555293732,0.3094648841491082,0.012165092145934314,2.199083675862865e-05,0.0009286538444611588,0.0058047046168640875
Cora,Degree,2,400,0.0017042089893948287,0.22191878311971394,0.2880084787518428,0.16207296094699603,1.3692523529096858,1.777029783802324,0.16207296094699603,0.0068513498432438286,1.3244565349004664e-05,0.0008595664686770427,0.01623832519967632
Cora,Neighborhood Heterogeneity,2,400,0.0016077499894890934,0.00908160894129743,0.01513166615556232,0.005231834215817148,1.735836528199125,2.892229671539571,0.3228040647400122,0.005231834215817148,2.3943472467273845e-05,0.0007497281143549825,0.01428752256652257
Cora,PageRank,2,400,0.0017227079952135682,1.66699110775385e-05,2.2586675250915984e-05,1.3264846913060248e-05,1.2566983386084696,1.7027467711427329,0.1985183291384916,0.009240673144921639,1.3264846913060248e-05,0.0008715422904730114,0.009094475990672413
Cora,Eigenvector Centrality,2,400,0.0016839999880176038,0.0008027274574307344,0.0007339245870973372,0.0005402192796961998,1.4859289321961258,1.3585679272869906,0.21069717272609928,0.01218450170984973,1.5834905159146547e-05,0.0005402192796961998,0.01279596121553922
Cora,Clustering Coefficient,2,400,0.0016221670084632933,0.010381056564755062,0.00902135762287154,0.005535776574491403,1.8752665366934207,1.6296462657906985,0.22429963707757458,0.012849172077687186,1.8275726412542535e-05,0.0008500898578528697,0.005535776574491403
Cora,Degree,2,450,0.0018440830172039568,0.22191878311971394,0.2880084787518428,0.16259858947874045,1.3648260039102587,1.771285222554157,0.16259858947874045,0.011493071691128042,1.3968504782782941e-05,0.0007961202877762739,0.013396093885685653
Cora,Neighborhood Heterogeneity,2,450,0.001748249982483685,0.00908160894129743,0.01513166615556232,0.0038978546166907164,2.3298993508915755,3.8820499078565236,0.25862050045374174,0.0038978546166907164,2.0511531197320953e-05,0.0008520772429205063,0.012788016522606976
Cora,PageRank,2,450,0.0018324579868931323,1.66699110775385e-05,2.2586675250915984e-05,1.155843633879089e-05,1.442228913057483,1.954128965966926,0.18025484837149783,0.01228957236917066,1.155843633879089e-05,0.001031114220366842,0.013896085966305132
Cora,Eigenvector Centrality,2,450,0.0018184169894084334,0.0008027274574307344,0.0007339245870973372,0.0006500071646581138,1.2349517068061047,1.1291023037928538,0.27448690652331253,0.012619529306372546,1.9145447399109558e-05,0.0006500071646581138,0.014925847110219815
Cora,Clustering Coefficient,2,450,0.0017564580193720758,0.010381056564755062,0.00902135762287154,0.004008419759676466,2.589812740967267,2.2506020236762048,0.21909446623223178,0.006962844114688042,1.733367281878338e-05,0.0007411519442586244,0.004008419759676466
Cora,Degree,3,300,0.0014783330261707306,0.33609025691001554,0.23781076657532427,0.16442143488319388,2.0440781163889996,1.4463489309910638,0.16442143488319388,0.009133659435027048,1.3762064143029812e-05,0.0006504882077866757,0.008475849109410833
Cora,Neighborhood Heterogeneity,3,300,0.001373999984934926,0.009094417088835563,0.012022368079523789,0.002230019254785592,4.078178728420871,5.391149898694347,0.28343887073749974,0.002230019254785592,2.222174736003778e-05,0.0006799731981189038,0.012836937195439768
Cora,PageRank,3,300,0.0014544159930665046,2.4507559756539373e-05,1.7364371710429918e-05,1.0818016843377857e-05,2.2654392308088735,1.6051344679740767,0.1639952394849626,0.009320396371844985,1.0818016843377857e-05,0.0008413915828177267,0.010843166520112467
Cora,Eigenvector Centrality,3,300,0.0014197920099832118,0.0009334696125981728,0.000664730457370697,0.00047851400214518164,1.950767602229866,1.389155707859552,0.22961264158602432,0.011507274916679456,1.758090881577659e-05,0.00047851400214518164,0.019784115318100964
Cora,Clustering Coefficient,3,300,0.0013729579804930836,0.010765921365833448,0.017183309792097333,0.005856049763892361,1.838427233356983,2.9342834307944887,0.23297785364292398,0.013772851705955385,1.760823487619388e-05,0.000795474912811551,0.005856049763892361
Cora,Degree,3,350,0.0015352500195149332,0.33609025691001554,0.23781076657532427,0.17847099319195286,1.8831646022641713,1.3324897358505146,0.17847099319195286,0.011586910667527591,1.3069059538969447e-05,0.0009127132293084734,0.012688275065410823
Cora,Neighborhood Heterogeneity,3,350,0.001507166016381234,0.009094417088835563,0.012022368079523789,0.005392176044342842,1.6865949876352604,2.2295948761051596,0.29300964911346383,0.005392176044342842,2.2248858768113263e-05,0.0009285427402456082,0.01452640031767285
Cora,PageRank,3,350,0.0016447910165879875,2.4507559756539373e-05,1.7364371710429918e-05,1.563309477431468e-05,1.5676716677241362,1.110744351077545,0.22477311341287987,0.0129839448733963,1.563309477431468e-05,0.0009582888579639278,0.015339617478732076
Cora,Eigenvector Centrality,3,350,0.001624041993636638,0.0009334696125981728,0.000664730457370697,0.0005503736613815104,1.6960651973334646,1.2077802845836336,0.3103810012945643,0.013429252300574545,2.252064221199259e-05,0.0005503736613815104,0.014337059606525749
Cora,Clustering Coefficient,3,350,0.0015409589977934957,0.010765921365833448,0.017183309792097333,0.0057919225472172885,1.8587819982167928,2.9667713357722647,0.2108496648054679,0.008277353260975728,1.6268675668266566e-05,0.0009092731917778121,0.0057919225472172885
Cora,Degree,3,400,0.0017086250009015203,0.33609025691001554,0.23781076657532427,0.1422918768541191,2.361977818695743,1.6712884237174925,0.1422918768541191,0.007688601422047052,1.2475251361173461e-05,0.0007046877419829979,0.0077294048716634155
Cora,Neighborhood Heterogeneity,3,400,0.0016680000117048621,0.009094417088835563,0.012022368079523789,0.005502287377605669,1.652842984146898,2.1849764024421687,0.29116792317116075,0.005502287377605669,2.1288485907796316e-05,0.0007511387404193071,0.006574037404227727
Cora,PageRank,3,400,0.0017042499966919422,2.4507559756539373e-05,1.7364371710429918e-05,1.3302431464584613e-05,1.8423368556181963,1.3053532173166618,0.19413673561565553,0.01291438001894205,1.3302431464584613e-05,0.000804327164253644,0.012930384500188134
Cora,Eigenvector Centrality,3,400,0.0017810419958550483,0.0009334696125981728,0.000664730457370697,0.0005235340160113379,1.7830161633240604,1.2696986958652583,0.24389347137095116,0.0061507346231838966,1.857367183530437e-05,0.0005235340160113379,0.009862200611334008
Cora,Clustering Coefficient,3,400,0.001712458994006738,0.010765921365833448,0.017183309792097333,0.005716511983341467,1.8833025098532996,3.00590812057621,0.25741193949398017,0.013321191561117806,1.8510434698175016e-05,0.000834910052919823,0.005716511983341467
Cora,Degree,3,450,0.0018508749781176448,0.33609025691001554,0.23781076657532427,0.16302050300472887,2.0616440920947614,1.4587782652616763,0.16302050300472887,0.008139525673293433,1.5094061978826668e-05,0.0006881157597817223,0.005517616963258194
Cora,Neighborhood Heterogeneity,3,450,0.0018532079993747175,0.009094417088835563,0.012022368079523789,0.004028126893946329,2.257728549342154,2.984605102086433,0.2347606368431599,0.004028126893946329,1.699601437695396e-05,0.0007614980294851217,0.015484327937356985
Cora,PageRank,3,450,0.0019339999998919666,2.4507559756539373e-05,1.7364371710429918e-05,1.1712745181860893e-05,2.092383926741047,1.4825193787466233,0.2021093923250513,0.01053907223943887,1.1712745181860893e-05,0.0009546923922687933,0.010081982808265418
Cora,Eigenvector Centrality,3,450,0.0019192500039935112,0.0009334696125981728,0.000664730457370697,0.0006492667901662975,1.4377288762283407,1.0238171233129585,0.2747418955417199,0.015993670452265588,1.954284671047035e-05,0.0006492667901662975,0.01465224450615897
Cora,Clustering Coefficient,3,450,0.001855333975981921,0.010765921365833448,0.017183309792097333,0.003970100108667605,2.7117506035500374,4.3281804795255345,0.23854917695514036,0.00910671205016493,1.65575281028312e-05,0.0008084044775324678,0.003970100108667605
Cora,Degree,4,300,0.001456499972846359,0.24653707914472472,0.38153285626156747,0.16537567580411644,1.4907698967576226,2.307067556376816,0.16537567580411644,0.008876064948381099,1.5344874090327958e-05,0.0010739869998005742,0.008198248954971971
Cora,Neighborhood Heterogeneity,4,300,0.0013832499971613288,0.013779527545468923,0.012081757015680731,0.002163947883390746,6.3677723716143415,5.583201475605556,0.27650166947176186,0.002163947883390746,1.94766702308934e-05,0.0007335760534864488,0.010498992587092085
Cora,PageRank,4,300,0.001434875011909753,1.8391325592067183e-05,2.5897297087781245e-05,9.94097616593149e-06,1.8500522770686953,2.6051060434621425,0.16742820688076243,0.011727873535245539,9.94097616593149e-06,0.0009108157694681009,0.008973794988406478
Cora,Eigenvector Centrality,4,300,0.0014392500161193311,0.0007365098638704858,0.0008589489229825498,0.0004955431672611507,1.4862678219157968,1.7333483331632433,0.27888582298999987,0.014748953338193283,1.8591217083126904e-05,0.0004955431672611507,0.009531934047006413
Cora,Clustering Coefficient,4,300,0.0013662079873029143,0.0112117419072951,0.014874719803874198,0.006053430232247055,1.8521303586798357,2.457238166326838,0.27231519129586534,0.015959714673640508,2.0918334159853358e-05,0.0007281466144465962,0.006053430232247055
Cora,Degree,4,350,0.0015554999990854412,0.24653707914472472,0.38153285626156747,0.19667268200871052,1.2535400271493005,1.9399382383195933,0.19667268200871052,0.009312478931384292,1.4682160788761607e-05,0.0008089241025212061,0.011485564678922781
Cora,Neighborhood Heterogeneity,4,350,0.001472042000386864,0.013779527545468923,0.012081757015680731,0.005206907732044988,2.6463936475511693,2.3203324578474294,0.23716377668667893,0.005206907732044988,1.670201302861111e-05,0.0007049630068278901,0.012324988297986594
Cora,PageRank,4,350,0.0016474589938297868,1.8391325592067183e-05,2.5897297087781245e-05,1.4747490809796508e-05,1.2470816784540824,1.7560476844357895,0.2202143440765622,0.008582796271376064,1.4747490809796508e-05,0.0006714297989451616,0.012058696944494763
Cora,Eigenvector Centrality,4,350,0.0016348329954780638,0.0007365098638704858,0.0008589489229825498,0.0005499033508276904,1.3393442006889456,1.561999798127612,0.28498510316496006,0.017557409074820875,2.0708253814723866e-05,0.0005499033508276904,0.012030735249276937
Cora,Clustering Coefficient,4,350,0.0015437080000992864,0.0112117419072951,0.014874719803874198,0.005850513416503433,1.91636889091963,2.5424640104088665,0.2261372554450214,0.00871034257717096,1.744209448820599e-05,0.0007272617210720784,0.005850513416503433
Cora,Degree,4,400,0.0016679590044077486,0.24653707914472472,0.38153285626156747,0.14913221108719188,1.6531443968237283,2.5583531115119045,0.14913221108719188,0.015016908453000938,1.2866073995167265e-05,0.0008512090226951376,0.0076993685556225756
Cora,Neighborhood Heterogeneity,4,400,0.0015908329805824906,0.013779527545468923,0.012081757015680731,0.005234925016310089,2.632230166150807,2.3079140537903498,0.22495120403577568,0.005234925016310089,1.7185976770356894e-05,0.0006627262832995409,0.006309050663509124
Cora,PageRank,4,400,0.0017053750052582473,1.8391325592067183e-05,2.5897297087781245e-05,1.2345754580142085e-05,1.4896882545882846,2.0976682243008913,0.19353535119266094,0.011686636882482112,1.2345754580142085e-05,0.0007951095775327246,0.0074739191448425155
Cora,Eigenvector Centrality,4,400,0.0017093330097850412,0.0007365098638704858,0.0008589489229825498,0.0005432262542595735,1.3558068265208592,1.5811992079677952,0.23751221026245367,0.01801968636987191,1.7888553376575376e-05,0.0005432262542595735,0.00983127749807545
Cora,Clustering Coefficient,4,400,0.0016321250004693866,0.0112117419072951,0.014874719803874198,0.005697753952468401,1.967747642461449,2.610628666657345,0.24137863309681226,0.014283557922276308,1.7593544112838084e-05,0.0009472085750134243,0.005697753952468401
Cora,Degree,4,450,0.0018682079971767962,0.24653707914472472,0.38153285626156747,0.16144158830579977,1.5270977059376956,2.3632873057397994,0.16144158830579977,0.005830975343815692,1.3350061011965436e-05,0.000881738973142444,0.014311381068374037
Cora,Neighborhood Heterogeneity,4,450,0.0017619169957470149,0.013779527545468923,0.012081757015680731,0.0040449452943364765,3.406604179483541,2.9868777292481514,0.2787616849648855,0.0040449452943364765,2.07175757220762e-05,0.0006845648473841608,0.012070274985588783
Cora,PageRank,4,450,0.0019103749946225435,1.8391325592067183e-05,2.5897297087781245e-05,1.030029762419089e-05,1.7855139980493389,2.5142280381257947,0.17963441818075937,0.009273715922697929,1.030029762419089e-05,0.0007232653765785783,0.01030611487892232
Cora,Eigenvector Centrality,4,450,0.0019269590266048908,0.0007365098638704858,0.0008589489229825498,0.0006443520337898797,1.143024038488033,1.3330429298569564,0.24189161247419905,0.011341866310696563,1.8009539104594638e-05,0.0006443520337898797,0.011727479643055493
Cora,Clustering Coefficient,4,450,0.0017732080013956875,0.0112117419072951,0.014874719803874198,0.0040716731120265266,2.753595782082532,3.653220529894368,0.22697158983810684,0.01280952580378541,1.615743755795827e-05,0.0009819689408292471,0.0040716731120265266
Cora,Degree,5,300,0.001465957990149036,0.25589154640239026,0.26750695907508326,0.16467570958456207,1.553911909946793,1.6244469797636831,0.16467570958456207,0.013060037538649618,1.3773031013244254e-05,0.0006113543566800961,0.017798886191142393
Cora,Neighborhood Heterogeneity,5,300,0.00139608298195526,0.00973871530011235,0.010536215976324525,0.0022440361720713555,4.339820998127244,4.695207727689648,0.23710193335397758,0.0022440361720713555,1.6614916286829984e-05,0.0007639220086078479,0.010100545317551095
Cora,PageRank,5,300,0.0014730840048287064,1.7684857438320454e-05,1.771831498264785e-05,1.0989905281297655e-05,1.6091910699554528,1.612235458735066,0.18036276565705042,0.006017614537624709,1.0989905281297655e-05,0.0008599463809868281,0.010923019254162988
Cora,Eigenvector Centrality,5,300,0.0014810840075369924,0.0006472242515689817,0.0006557287421285052,0.0004919954870311181,1.3155085130446444,1.33279422151901,0.28683464226473465,0.01023861421746811,2.1828600958824213e-05,0.0004919954870311181,0.014363151350836097
Cora,Clustering Coefficient,5,300,0.0014074999780859798,0.01375781370940748,0.0091739736485613,0.005935462860395452,2.3179007320906497,1.5456205967987613,0.2264198378556718,0.008959889776853382,1.69479233208151e-05,0.0007438053646013828,0.005935462860395452
Cora,Degree,5,350,0.0015877499827183783,0.25589154640239026,0.26750695907508326,0.19975849434541323,1.2810045812615825,1.33915185910704,0.19975849434541323,0.008052495661972761,1.5483492967365978e-05,0.0007398594237240695,0.01091088137333597
Cora,Neighborhood Heterogeneity,5,350,0.0015229170094244182,0.00973871530011235,0.010536215976324525,0.0052641342589362546,1.8500127126469401,2.0015097370357764,0.2820691088739753,0.0052641342589362546,2.0655297564034554e-05,0.0006185471846307228,0.012993421584222875
Cora,PageRank,5,350,0.0016130829753819853,1.7684857438320454e-05,1.771831498264785e-05,1.5267147537139523e-05,1.1583602893270997,1.1605517625047843,0.2322333539370279,0.011479158830604734,1.5267147537139523e-05,0.0009770187018820849,0.011842046889342707
Cora,Eigenvector Centrality,5,350,0.0015628339897375554,0.0006472242515689817,0.0006557287421285052,0.0005704722617764116,1.1345411423748628,1.1494489496940847,0.22740084400436947,0.008005604523827753,1.7027304328434362e-05,0.0005704722617764116,0.012245431304011647
Cora,Clustering Coefficient,5,350,0.0014773749862797558,0.01375781370940748,0.0091739736485613,0.005846371734333087,2.353222534347942,1.5691738509692632,0.19015310635171984,0.010827754974009087,1.5230882333615135e-05,0.0008072374076656447,0.005846371734333087
Cora,Degree,5,400,0.001734915975248441,0.25589154640239026,0.26750695907508326,0.16883286852182747,1.5156500546533536,1.5844483447871927,0.16883286852182747,0.014898153897042058,1.4194535621958567e-05,0.0008437797095152746,0.0126072240988646
Cora,Neighborhood Heterogeneity,5,400,0.001600165996933356,0.00973871530011235,0.010536215976324525,0.005280934007602321,1.8441274377018728,1.995142518569028,0.25634090421071754,0.005280934007602321,1.899833327596287e-05,0.0008103357990311272,0.012216295318393439
Cora,PageRank,5,400,0.0017754589789547026,1.7684857438320454e-05,1.771831498264785e-05,1.3292872467933283e-05,1.3304014975681187,1.33291845125199,0.20331145592149405,0.010200603376004586,1.3292872467933283e-05,0.0006516208714265987,0.012069388961950428
Cora,Eigenvector Centrality,5,400,0.0017735000001266599,0.0006472242515689817,0.0006557287421285052,0.0005382938420852164,1.2023623548465576,1.218161329114179,0.3592661322332604,0.011067568443276124,2.649118343015588e-05,0.0005382938420852164,0.01049446855946025
Cora,Clustering Coefficient,5,400,0.0016890419938135892,0.01375781370940748,0.0091739736485613,0.005614686171651241,2.450326392037937,1.6339245628510877,0.2150030164026821,0.014100688440051783,1.4669435500093788e-05,0.000699230441014218,0.005614686171651241
Cora,Degree,5,450,0.0018620000046212226,0.25589154640239026,0.26750695907508326,0.1655414215374547,1.5457856047496445,1.6159518058418887,0.1655414215374547,0.01555023184018503,1.382365722498072e-05,0.0008783158775223258,0.007785179154054139
Cora,Neighborhood Heterogeneity,5,450,0.001810457993997261,0.00973871530011235,0.010536215976324525,0.003783982007354304,2.5736685008503764,2.784425495641103,0.22826639777986513,0.003783982007354304,1.5481029423496042e-05,0.0007958564689080165,0.013008100496347638
Cora,PageRank,5,450,0.0018414999940432608,1.7684857438320454e-05,1.771831498264785e-05,1.003135430811771e-05,1.7629581106520453,1.7662934074923056,0.17827230928231033,0.010383272968128741,1.003135430811771e-05,0.0009005106144794612,0.016315403504057423
Cora,Eigenvector Centrality,5,450,0.0018857500108424574,0.0006472242515689817,0.0006557287421285052,0.0006713224200133053,0.9641034356578677,0.976771701018877,0.23807015232090273,0.00889126671441665,1.76036455237918e-05,0.0006713224200133053,0.008257633542059283
Cora,Clustering Coefficient,5,450,0.0018283329845871776,0.01375781370940748,0.0091739736485613,0.003882535135208219,3.543512996095437,2.3628823253570643,0.2659212387180324,0.010365017855551611,2.0561744096563677e-05,0.0008749418035620519,0.003882535135208219
Cora,Degree,6,300,0.001470292016165331,0.24935932259854016,0.3067864541752459,0.15880518918988953,1.5702215013916927,1.93184149548419,0.15880518918988953,0.010641592804657613,1.469752910083871e-05,0.0006826460874611014,0.01062986165691537
Cora,Neighborhood Heterogeneity,6,300,0.0014071250043343753,0.007242704318780585,0.016098834070162753,0.002043782574589909,3.5437743764078498,7.876979807107432,0.2221463228182854,0.002043782574589909,1.6841475648296432e-05,0.0007504535738972612,0.008977932256528784
Cora,PageRank,6,300,0.0014403329987544566,1.7408434291532966e-05,2.2449133411090207e-05,1.2864055422698553e-05,1.3532617607365,1.7451054642907429,0.18660843045030803,0.009402876728611698,1.2864055422698553e-05,0.0007876520987677648,0.008971703328214765
Cora,Eigenvector Centrality,6,300,0.00141741699189879,0.0007864906013803255,0.0010044466191262715,0.0004979608331953097,1.5794226150952095,2.0171197254228797,0.2538983308425753,0.010823756392008124,1.8289985305843297e-05,0.0004979608331953097,0.014413344313673868
Cora,Clustering Coefficient,6,300,0.0013427920057438314,0.008919852570901072,0.008934585606170876,0.0060005353991927236,1.4865094491570028,1.4889647359422098,0.22905192285935955,0.010083692867163823,1.8717188470641197e-05,0.000999329141625469,0.0060005353991927236
Cora,Degree,6,350,0.0015527080104220659,0.24935932259854016,0.3067864541752459,0.18253342603267603,1.3661022423032885,1.6807138333136138,0.18253342603267603,0.013617048166388474,1.3908653594319593e-05,0.0008226798208952786,0.010885877907702802
Cora,Neighborhood Heterogeneity,6,350,0.0014497920055873692,0.007242704318780585,0.016098834070162753,0.005155323726470155,1.404898063256962,3.122759098037401,0.2663847055472799,0.005155323726470155,1.9550804670614585e-05,0.0008951553602612099,0.011787849051274307
Cora,PageRank,6,350,0.001637540990486741,1.7408434291532966e-05,2.2449133411090207e-05,1.5228365391118052e-05,1.1431584312841903,1.4741656661445535,0.22385388208692816,0.008615516333328896,1.5228365391118052e-05,0.0008328139245714584,0.010537230375888088
Cora,Eigenvector Centrality,6,350,0.0015920419828034937,0.0007864906013803255,0.0010044466191262715,0.0005676886466135728,1.3854259831898519,1.7693618238062123,0.2506659202977125,0.008150291591091156,1.9373134890511324e-05,0.0005676886466135728,0.015069704290208989
Cora,Clustering Coefficient,6,350,0.0014919579843990505,0.008919852570901072,0.008934585606170876,0.005853187668999309,1.5239307323330802,1.5264478283332368,0.2266531041805599,0.006318024598601195,1.826160257941958e-05,0.0009277947446830935,0.005853187668999309
Cora,Degree,6,400,0.0016993329918477684,0.24935932259854016,0.3067864541752459,0.1427631477733446,1.7466645033242831,2.1489190940389604,0.1427631477733446,0.008263367428557529,1.2287906415482306e-05,0.0011205222320223736,0.006685291435766372
Cora,Neighborhood Heterogeneity,6,400,0.0016788750072009861,0.007242704318780585,0.016098834070162753,0.005255342573627575,1.3781602659217715,3.0633272416816597,0.24393564630131115,0.005255342573627575,1.7691720467896992e-05,0.0007565373158156128,0.017896017978789112
Cora,PageRank,6,400,0.0017675000126473606,1.7408434291532966e-05,2.2449133411090207e-05,1.2065450318039616e-05,1.4428333657389318,1.860612975010594,0.16285953584081575,0.011018966910877915,1.2065450318039616e-05,0.0007050291347801423,0.007987629054774265
Cora,Eigenvector Centrality,6,400,0.0017415829934179783,0.0007864906013803255,0.0010044466191262715,0.0005411910788434263,1.4532586218182426,1.8559925660135859,0.32097355226549273,0.01245159626995894,2.4015649258205805e-05,0.0005411910788434263,0.015465780173006654
Cora,Clustering Coefficient,6,400,0.0018134170095436275,0.008919852570901072,0.008934585606170876,0.005495754906255374,1.6230440991370128,1.6257249019604856,0.24293488409782724,0.010845216024609588,1.8450321122482065e-05,0.0007885221089016086,0.005495754906255374
Cora,Degree,6,450,0.0018266249971929938,0.24935932259854016,0.3067864541752459,0.15317317512423118,1.6279568690555455,2.0028732441331623,0.15317317512423118,0.011429841452959447,1.346438201605316e-05,0.000952081119390883,0.010462949748124626
Cora,Neighborhood Heterogeneity,6,450,0.001826791005441919,0.007242704318780585,0.016098834070162753,0.003861083359243525,1.875821795310733,4.169512173732733,0.26163735550482026,0.003861083359243525,2.0399404543811264e-05,0.0009300264267471679,0.01275008602479267
Cora,PageRank,6,450,0.001945500000147149,1.7408434291532966e-05,2.2449133411090207e-05,1.0335263820662778e-05,1.6843725127489393,2.1720909887378754,0.18620258653897825,0.008371976573556953,1.0335263820662778e-05,0.0009115456573235593,0.014838580782399607
Cora,Eigenvector Centrality,6,450,0.0018014999805018306,0.0007864906013803255,0.0010044466191262715,0.0006683911050381358,1.1766922022929245,1.502782744346907,0.22575569428306483,0.009724522463487088,1.6264147199583965e-05,0.0006683911050381358,0.010935035217226139
Cora,Clustering Coefficient,6,450,0.0018262910016346723,0.008919852570901072,0.008934585606170876,0.003868810963828797,2.305579842048802,2.309387997941543,0.24093408408289232,0.009419298196284643,1.7661645416061825e-05,0.0009261281172035245,0.003868810963828797
Cora,Degree,7,300,0.0017162080039270222,0.2833432711390203,0.2114195971137009,0.17636341033573594,1.6065876170098496,1.1987724478180022,0.17636341033573594,0.011158787211821014,1.4960512897826235e-05,0.0011578711276394133,0.016270664444409028
Cora,Neighborhood Heterogeneity,7,300,0.001843415986513719,0.012769200916858342,0.011704593339307779,0.0020750225372735964,6.153764929047946,5.6407066087516435,0.2553535477936062,0.0020750225372735964,1.8846191581667104e-05,0.0009518429749922728,0.012366536164977774
Cora,PageRank,7,300,0.0016343330207746476,2.0725859951069656e-05,1.6884881676058242e-05,1.2028006638278591e-05,1.7231333981069263,1.4037971697091407,0.16688632738447517,0.007328521946716775,1.2028006638278591e-05,0.0009090154482791702,0.01388759774836231
Cora,Eigenvector Centrality,7,300,0.0015875409881118685,0.0007709881002942494,0.0006784283281764664,0.0005012011098747394,1.538280911801922,1.353604999689685,0.2709628279386442,0.011312026036311734,2.0604458416344995e-05,0.0005012011098747394,0.007582953631549099
Cora,Clustering Coefficient,7,300,0.0015223750087898225,0.007699052149613685,0.009507984864934756,0.005988842519203631,1.2855659712083178,1.5876164441537335,0.22108620076800217,0.009262333198796347,1.5390520534947563e-05,0.000897943897043994,0.005988842519203631
Cora,Degree,7,350,0.0017168750055134296,0.2833432711390203,0.2114195971137009,0.19156099199071105,1.4791282306199367,1.1036672702339776,0.19156099199071105,0.011568024154793506,1.5091605535762215e-05,0.0007505910045358187,0.007472628241908577
Cora,Neighborhood Heterogeneity,7,350,0.001615790999494493,0.012769200916858342,0.011704593339307779,0.0052696851393799595,2.4231430491805037,2.221118155967277,0.2600588317156392,0.0052696851393799595,1.9070510347649895e-05,0.0009250163308815472,0.013706904057504746
Cora,PageRank,7,350,0.0017134170047938824,2.0725859951069656e-05,1.6884881676058242e-05,1.5005398203568345e-05,1.3812269204652605,1.1252538217908106,0.21536623704644012,0.007845787212149184,1.5005398203568345e-05,0.0009258915294564733,0.010243764469009407
Cora,Eigenvector Centrality,7,350,0.0017047080036718398,0.0007709881002942494,0.0006784283281764664,0.000528972881822653,1.4575191409391304,1.2825389570800734,0.2840735217815862,0.011594179299577775,2.08323262790795e-05,0.000528972881822653,0.015904267215124578
Cora,Clustering Coefficient,7,350,0.0016355839907191694,0.007699052149613685,0.009507984864934756,0.005767913252311128,1.3348072019857051,1.6484271605723317,0.22783831332034848,0.009689347761970812,1.785064509500043e-05,0.0008208765560299393,0.005767913252311128
Cora,Degree,7,400,0.0017978749820031226,0.2833432711390203,0.2114195971137009,0.15605189496170227,1.8156990096695556,1.3548031388249837,0.15605189496170227,0.009425270910296057,1.309226828903465e-05,0.0008800902895397427,0.009893622547364709
Cora,Neighborhood Heterogeneity,7,400,0.0017708750092424452,0.012769200916858342,0.011704593339307779,0.005315867420941778,2.402091682451348,2.201821906467741,0.28565594157075835,0.005315867420941778,2.126234631247118e-05,0.0008989221005055814,0.007156164269542821
Cora,PageRank,7,400,0.0018664170056581497,2.0725859951069656e-05,1.6884881676058242e-05,1.3449921980422495e-05,1.5409650688857457,1.2553888194024934,0.18592635439674085,0.01637353735934157,1.3449921980422495e-05,0.0008462631217595499,0.00807646667906148
Cora,Eigenvector Centrality,7,400,0.0018545829807408154,0.0007709881002942494,0.0006784283281764664,0.0005223750973815189,1.475928129344104,1.2987378831364416,0.2950684065361021,0.008530406469276865,2.3192392012028237e-05,0.0005223750973815189,0.011531476723103312
Cora,Clustering Coefficient,7,400,0.0018273330060765147,0.007699052149613685,0.009507984864934756,0.005761707896339235,1.3362447885470492,1.6502025156422386,0.26303437727830065,0.011186217519343207,1.8070857624191104e-05,0.0007043916008022848,0.005761707896339235
Cora,Degree,7,450,0.0019947079999838024,0.2833432711390203,0.2114195971137009,0.1442899848307866,1.963707124034325,1.4652409684680425,0.1442899848307866,0.008977979465989215,1.253422360909728e-05,0.0007660221655951515,0.0038253638932955795
Cora,Neighborhood Heterogeneity,7,450,0.0019087080145254731,0.012769200916858342,0.011704593339307779,0.004002807839456387,3.1900609344745616,2.924095736980808,0.2353680491347742,0.004002807839456387,1.7349365531768058e-05,0.0006196095235274097,0.010031788296998592
Cora,PageRank,7,450,0.002034208009717986,2.0725859951069656e-05,1.6884881676058242e-05,1.0612627256664816e-05,1.9529433616971374,1.5910180643962972,0.1671122762415715,0.005682561484366855,1.0612627256664816e-05,0.0006976562660765631,0.01506579151501081
Cora,Eigenvector Centrality,7,450,0.002016875019762665,0.0007709881002942494,0.0006784283281764664,0.0006553260984675322,1.176495338881193,1.0352530286264476,0.23707383822705724,0.015078351103192509,1.6626310958327372e-05,0.0006553260984675322,0.014470422922778642
Cora,Clustering Coefficient,7,450,0.0019358749850653112,0.007699052149613685,0.009507984864934756,0.003944362359709092,1.9519129956867125,2.4105251997273385,0.1973681497436607,0.006417368439034743,1.5579059422697673e-05,0.0007079230678758954,0.003944362359709092
Cora,Degree,8,300,0.001454290992114693,0.238400905290557,0.27429666948823445,0.1718537696903011,1.3872311658928456,1.5961050489759194,0.1718537696903011,0.008982043159233611,1.5613498814048525e-05,0.0007286154964278958,0.0097198451795187
Cora,Neighborhood Heterogeneity,8,300,0.0014191249792929739,0.010633640863312302,0.015330581742263682,0.0022151840399319343,4.800341945240379,6.9206808400148745,0.2943163213675871,0.0022151840399319343,2.172698432574044e-05,0.0008180196940444532,0.012333010238615012
Cora,PageRank,8,300,0.001528542023152113,1.9084286570170062e-05,2.214144375284728e-05,1.0384445818710695e-05,1.8377761224180105,2.132173843398829,0.1687873607836118,0.007602611278823506,1.0384445818710695e-05,0.000751079448792208,0.00830976672649437
Cora,Eigenvector Centrality,8,300,0.001466958987293765,0.0008317814571610252,0.0007151531334016575,0.000487898563097446,1.7048245682061924,1.4657824135850608,0.2181570696929695,0.008743832447536603,1.716522675255191e-05,0.000487898563097446,0.01241553996452167
Cora,Clustering Coefficient,8,300,0.0013672499917447567,0.00924092562691111,0.0069270369545945815,0.005939693642195098,1.5557916255586535,1.1662279861347524,0.2381618287169081,0.013540096264640705,1.773186130539841e-05,0.0009781186828271668,0.005939693642195098
Cora,Degree,8,350,0.0015414170047733933,0.238400905290557,0.27429666948823445,0.19259473770797056,1.2378370672413794,1.4242168438898248,0.19259473770797056,0.015980701118982046,1.5989903552623203e-05,0.0008271843152476973,0.006867471390995963
Cora,Neighborhood Heterogeneity,8,350,0.0015520410088356584,0.010633640863312302,0.015330581742263682,0.0052625421515818584,2.0206281597413818,2.913151344100016,0.24129956757019339,0.0052625421515818584,1.8316049076862856e-05,0.0006558785935554419,0.011541646296491312
Cora,PageRank,8,350,0.0016312079969793558,1.9084286570170062e-05,2.214144375284728e-05,1.3929946454819102e-05,1.3700186595884438,1.589485201875086,0.19480695843935084,0.00915704920975402,1.3929946454819102e-05,0.0007406957787661078,0.009128865023787774
Cora,Eigenvector Centrality,8,350,0.0016165419947355986,0.0008317814571610252,0.0007151531334016575,0.0005696054864248832,1.460276414087378,1.2555236043990747,0.2957215059008157,0.007585153849823716,2.2296304775474075e-05,0.0005696054864248832,0.01226131628313884
Cora,Clustering Coefficient,8,350,0.0015551669930573553,0.00924092562691111,0.0069270369545945815,0.005802071853475225,1.5926941031204465,1.193890239474636,0.23564320123770624,0.011656051238809435,1.7783068060416307e-05,0.0007332864225221867,0.005802071853475225
Cora,Degree,8,400,0.0017032920150086284,0.238400905290557,0.27429666948823445,0.1684900215299577,1.4149259589724075,1.627969816832531,0.1684900215299577,0.01152118062349681,1.4567874597330886e-05,0.0008398647394380749,0.010438560274925648
Cora,Neighborhood Heterogeneity,8,400,0.0016843749908730388,0.010633640863312302,0.015330581742263682,0.005226427285825844,2.0345907982209774,2.9332813610246657,0.30824573940865896,0.005226427285825844,2.282470693958843e-05,0.0007534126972587957,0.016818876313473827
Cora,PageRank,8,400,0.0017982499848585576,1.9084286570170062e-05,2.214144375284728e-05,1.2236311948683362e-05,1.559643677785082,1.8094867020147944,0.18108293526110333,0.014481523823007214,1.2236311948683362e-05,0.001001570252471723,0.012564459821291066
Cora,Eigenvector Centrality,8,400,0.0017802500224206597,0.0008317814571610252,0.0007151531334016575,0.0005345405819205166,1.5560679306565854,1.3378837034827733,0.3425497029907002,0.011520299069630178,2.5884200499816607e-05,0.0005345405819205166,0.010032036753336483
Cora,Clustering Coefficient,8,400,0.001687541021965444,0.00924092562691111,0.0069270369545945815,0.005604792538993883,1.6487542692472164,1.235913177232079,0.23628878364975997,0.0058682020338407265,1.7664746366028425e-05,0.0012170868920259458,0.005604792538993883
Cora,Degree,8,450,0.0018430830095894635,0.238400905290557,0.27429666948823445,0.1459562295735149,1.6333725938739723,1.8793077232107955,0.1459562295735149,0.013870883181463362,1.289452863933864e-05,0.0007137847902160059,0.008387077377328231
Cora,Neighborhood Heterogeneity,8,450,0.0018268339917995036,0.010633640863312302,0.015330581742263682,0.003981791418080719,2.670567025441496,3.8501719785345374,0.2797170180151052,0.003981791418080719,2.113468561622398e-05,0.0008247612020013055,0.012601597210571589
Cora,PageRank,8,450,0.0019302080036140978,1.9084286570170062e-05,2.214144375284728e-05,1.1152017503887619e-05,1.7112855645641907,1.9854204627215408,0.18636835443730299,0.007522673141791898,1.1152017503887619e-05,0.0008205253322940871,0.01677102744982538
Cora,Eigenvector Centrality,8,450,0.0019369999936316162,0.0008317814571610252,0.0007151531334016575,0.0006440046277364646,1.2915768324282932,1.1104782521753986,0.22625065050454932,0.01419189661705134,1.8173220856846223e-05,0.0006440046277364646,0.009495055889950269
Cora,Clustering Coefficient,8,450,0.0018219580233562738,0.00924092562691111,0.0069270369545945815,0.0038609185869537877,2.3934525991137447,1.7941421966268187,0.19879237399963648,0.007320339055948208,1.5686587934908486e-05,0.0007263834976469441,0.0038609185869537877
Cora,Degree,9,300,0.0014533329813275486,0.2816809898987388,0.24863324904828593,0.17311336855221884,1.627147529127833,1.4362452254707692,0.17311336855221884,0.01011601473885325,1.618482489559645e-05,0.000967265062081019,0.014403623602689953
Cora,Neighborhood Heterogeneity,9,300,0.001401458983309567,0.006780189195165952,0.008407966502689124,0.002058406328493871,3.2939022297541194,4.084697169018716,0.22286216319762486,0.002058406328493871,1.757570490104929e-05,0.0008417168125950761,0.007333273988513566
Cora,PageRank,9,300,0.0014658340078312904,1.9875081629175985e-05,1.8820805444105386e-05,1.0157702002059444e-05,1.9566513789385014,1.8528605623879815,0.16731748773951247,0.014717166772797784,1.0157702002059444e-05,0.0008831088121887996,0.015288919863454783
Cora,Eigenvector Centrality,9,300,0.001463042019167915,0.0007425106476293614,0.0006163022663068185,0.0004941665847316262,1.5025513067270764,1.247154877219232,0.2221197107304111,0.011585127577205763,1.6014655743779998e-05,0.0004941665847316262,0.008590597160316807
Cora,Clustering Coefficient,9,300,0.0013419590250123292,0.01060239184866423,0.009324180811772543,0.006044826157154867,1.7539614164279762,1.5425060323258624,0.21231666244641922,0.010384634895738746,1.6805315074047913e-05,0.0008333961456221041,0.006044826157154867
Cora,Degree,9,350,0.0015354999923147261,0.2816809898987388,0.24863324904828593,0.19468030871835226,1.4468899898153136,1.2771360939641225,0.19468030871835226,0.007624956236291028,1.45144599688307e-05,0.0006730889278197385,0.013614188718514424
Cora,Neighborhood Heterogeneity,9,350,0.001520624995464459,0.006780189195165952,0.008407966502689124,0.005083009980797577,1.3338925598769078,1.654131417103735,0.2736197699663355,0.005083009980797577,2.2108225113218118e-05,0.0006767360839806377,0.008611960507059788
Cora,PageRank,9,350,0.001604958000825718,1.9875081629175985e-05,1.8820805444105386e-05,1.4136246899380577e-05,1.405965937822356,1.331386299211432,0.20542362390726138,0.008615017659469187,1.4136246899380577e-05,0.000795584059446433,0.009956164490912313
Cora,Eigenvector Centrality,9,350,0.0015793749771546572,0.0007425106476293614,0.0006163022663068185,0.0005407685734429635,1.3730654555273933,1.1396784069439303,0.2625640443409714,0.007848644726036103,1.854477512634915e-05,0.0005407685734429635,0.015673290449397827
Cora,Clustering Coefficient,9,350,0.0015587079979013652,0.01060239184866423,0.009324180811772543,0.005653476828077536,1.8753754850481223,1.649282573418317,0.2449549434703691,0.01293234119474961,1.783333800152297e-05,0.0008059742431769719,0.005653476828077536
Cora,Degree,9,400,0.0016857500013429672,0.2816809898987388,0.24863324904828593,0.14790108919444994,1.9045227552611492,1.681077877130441,0.14790108919444994,0.01512986211186133,1.2295899233215898e-05,0.0008352936549602295,0.014703260952992677
Cora,Neighborhood Heterogeneity,9,400,0.001648417004616931,0.006780189195165952,0.008407966502689124,0.005285223321311152,1.2828576548178727,1.5908441311810617,0.37221694902658603,0.005285223321311152,2.7137225659267352e-05,0.0008078817794708593,0.011106775867360724
Cora,PageRank,9,400,0.001742833002936095,1.9875081629175985e-05,1.8820805444105386e-05,1.3260529020818764e-05,1.4988151376142314,1.4193103016144453,0.19549829844945546,0.010401912133653666,1.3260529020818764e-05,0.0011010591192691505,0.013802830429881795
Cora,Eigenvector Centrality,9,400,0.0017337920144200325,0.0007425106476293614,0.0006163022663068185,0.0005147363024072254,1.4425068606137208,1.197316496669475,0.2852136503628837,0.009492261113621975,1.8546956084806667e-05,0.0005147363024072254,0.013593010239785175
Cora,Clustering Coefficient,9,400,0.0016542499943170696,0.01060239184866423,0.009324180811772543,0.00565563923685776,1.87465844348213,1.6486519774823905,0.24458953050802,0.011357001294273812,1.8700008582010486e-05,0.0008279633551353654,0.00565563923685776
Cora,Degree,9,450,0.0018431250064168125,0.2816809898987388,0.24863324904828593,0.15313509769373554,1.8394280223211157,1.6236202725095923,0.15313509769373554,0.009691290070278847,1.2682185635168358e-05,0.0009220540550100795,0.012286555750195974
Cora,Neighborhood Heterogeneity,9,450,0.0017766249948181212,0.006780189195165952,0.008407966502689124,0.00401315796088641,1.6894897388161543,2.095099815316516,0.3061785602989402,0.00401315796088641,2.367155972135779e-05,0.0007486696892195096,0.012471754453582982
Cora,PageRank,9,450,0.0018815409857779741,1.9875081629175985e-05,1.8820805444105386e-05,1.0516342976269947e-05,1.8899233007162246,1.7896720834014637,0.16904704273399992,0.0075557343842812845,1.0516342976269947e-05,0.0009139806824292583,0.013686094495109779
Cora,Eigenvector Centrality,9,450,0.0019119170028716326,0.0007425106476293614,0.0006163022663068185,0.0006683321624166522,1.1109904466433038,0.9221496449883596,0.3088056662408315,0.012350000403926262,2.2316871000284397e-05,0.0006683321624166522,0.0070197767815694204
Cora,Clustering Coefficient,9,450,0.0017928330053109676,0.01060239184866423,0.009324180811772543,0.003989061372787124,2.6578663143646812,2.3374372917350765,0.1704898352030267,0.009463496329020786,1.43978700145982e-05,0.0009098222696936791,0.003989061372787124
Cora,Degree,10,300,0.0015392080240417272,0.2847329563022215,0.28529517922541725,0.16921752572929083,1.6826446024138708,1.6859670887862053,0.16921752572929083,0.012243918394531709,1.435326307113876e-05,0.0009329512533287577,0.0074621632334127734
Cora,Neighborhood Heterogeneity,10,300,0.001416249986505136,0.010333561781212317,0.008451411873895778,0.002103469281515117,4.912627853433215,4.017844210117618,0.26423145879044996,0.002103469281515117,1.9959858274247164e-05,0.000810715144342585,0.010038945735795385
Cora,PageRank,10,300,0.0014992499782238156,2.27284530016776e-05,1.9763915404712027e-05,1.2216744890566373e-05,1.860434445121977,1.6177726212465557,0.18375582398853302,0.010318173797395882,1.2216744890566373e-05,0.0007407424133808417,0.008391009970971086
Cora,Eigenvector Centrality,10,300,0.001465957990149036,0.0007347129533300764,0.0007038743524150349,0.0004967453349733923,1.4790535544122034,1.4169722448480313,0.2744587529614302,0.010704508945683647,1.8151251612370878e-05,0.0004967453349733923,0.011949920010085583
Cora,Clustering Coefficient,10,300,0.0014133329968899488,0.007183150628266697,0.01552911907811107,0.005785204389883008,1.2416416334102862,2.684281838904072,0.23396401214330761,0.007041709659835348,1.7289748780766774e-05,0.0009059454385521902,0.005785204389883008
Cora,Degree,10,350,0.0015764170093461871,0.2847329563022215,0.28529517922541725,0.20319087134659405,1.4013078167106068,1.4040747861097227,0.20319087134659405,0.010059860693421858,1.5042175832636484e-05,0.0007917190801343803,0.010190401034333472
Cora,Neighborhood Heterogeneity,10,350,0.0015224589733406901,0.010333561781212317,0.008451411873895778,0.005459442448893426,1.8927870158805,1.5480357111574266,0.24474833960832218,0.005459442448893426,1.7750533327028063e-05,0.0007111963925724473,0.014431182482922167
Cora,PageRank,10,350,0.0016124160028994083,2.27284530016776e-05,1.9763915404712027e-05,1.3996439527525774e-05,1.6238739114314904,1.412067359405496,0.18388729862392425,0.010964231862094173,1.3996439527525774e-05,0.0010865235522645883,0.007836369290773318
Cora,Eigenvector Centrality,10,350,0.0015985830104909837,0.0007347129533300764,0.0007038743524150349,0.0005633934087910721,1.3040851061900445,1.2493478649766359,0.2627082779481539,0.00734898357268114,1.8358168712215906e-05,0.0005633934087910721,0.009988576389112313
Cora,Clustering Coefficient,10,350,0.0015202500217128545,0.007183150628266697,0.01552911907811107,0.005810018069419486,1.2363387759626037,2.6728176905072307,0.21305498315879037,0.011093218773766305,1.7150907675906394e-05,0.0007466144221189676,0.005810018069419486
Cora,Degree,10,400,0.0017375839815940708,0.2847329563022215,0.28529517922541725,0.1622674052993676,1.7547144220178839,1.7581792147293869,0.1622674052993676,0.01420536778511397,1.42681658406917e-05,0.0007744358599886156,0.012851869475192974
Cora,Neighborhood Heterogeneity,10,400,0.0016705419984646142,0.010333561781212317,0.008451411873895778,0.0054369836659608085,1.9006056328451741,1.5544302490381434,0.2692839622515374,0.0054369836659608085,1.9325847294430932e-05,0.0008028527132339895,0.01620268480410027
Cora,PageRank,10,400,0.0017997079994529486,2.27284530016776e-05,1.9763915404712027e-05,1.1881292595563826e-05,1.9129613060925565,1.663448252431,0.19206098973894972,0.009035306541709653,1.1881292595563826e-05,0.0007764681861374726,0.007812812163535179
Cora,Eigenvector Centrality,10,400,0.0017769590194802731,0.0007347129533300764,0.0007038743524150349,0.0005369381447229918,1.3683381606444023,1.310903982763538,0.24554810669865273,0.008728168814044814,1.8038566469347543e-05,0.0005369381447229918,0.014793266611687006
Cora,Clustering Coefficient,10,400,0.001675459003308788,0.007183150628266697,0.01552911907811107,0.005677748334901972,1.26514072209062,2.735084079484686,0.2667229371846202,0.009557581589787962,1.9542460795567854e-05,0.0008333658635833237,0.005677748334901972
Cora,Degree,10,450,0.0018695830076467246,0.2847329563022215,0.28529517922541725,0.1490305745525975,1.91056739301324,1.9143399271048758,0.1490305745525975,0.008578197578031518,1.4578456721325747e-05,0.000829362447168125,0.012781545014985874
Cora,Neighborhood Heterogeneity,10,450,0.0018093339749611914,0.010333561781212317,0.008451411873895778,0.0038989889069029164,2.650318333277992,2.1675906435468644,0.24783464461220867,0.0038989889069029164,1.899938927557859e-05,0.0009645710029246798,0.007684368360515675
Cora,PageRank,10,450,0.0018901250150520355,2.27284530016776e-05,1.9763915404712027e-05,1.0274220023584515e-05,2.212182817722838,1.9236414403569202,0.1934906353489369,0.009231247280122715,1.0274220023584515e-05,0.0008692487779331517,0.008457930246437692
Cora,Eigenvector Centrality,10,450,0.0019272500067017972,0.0007347129533300764,0.0007038743524150349,0.0006388330572952638,1.1500859965524572,1.101812663538652,0.2624036051067179,0.01382903291954515,1.8356114719703526e-05,0.0006388330572952638,0.009469641035867189
Cora,Clustering Coefficient,10,450,0.0018595420115161687,0.007183150628266697,0.01552911907811107,0.004046770614388114,1.7750328132578905,3.8374102606404166,0.22109603799167057,0.014878659125384195,1.593362547583546e-05,0.0009062436281961587,0.004046770614388114
Cora,Degree,11,300,0.0014744579966645688,0.27148373432092904,0.24604484518648984,0.15139797033411895,1.7931794839903983,1.6251528646222633,0.15139797033411895,0.006834416822774576,1.2755629747628335e-05,0.0010122613985310176,0.010774265345264886
Cora,Neighborhood Heterogeneity,11,300,0.0014042080147191882,0.007048145374629387,0.009419484381069978,0.0019717523410074074,3.5745591512919668,4.777214757233343,0.26876010893364854,0.0019717523410074074,2.2204400132721667e-05,0.000816108379725192,0.01775499159153719
Cora,PageRank,11,300,0.0014795419992879033,2.139389741232361e-05,1.709484154415488e-05,1.0182358070793016e-05,2.1010749438963137,1.678868629967902,0.1545551730673801,0.014776754027414823,1.0182358070793016e-05,0.0009098418340723082,0.010489084139970326
Cora,Eigenvector Centrality,11,300,0.0014602919982280582,0.0006477400997804084,0.0006472269876281475,0.0004990901298444533,1.2978419348470853,1.2968138396763378,0.2519490432619901,0.01099254573743308,1.9739790112183682e-05,0.0004990901298444533,0.016174365138209218
Cora,Clustering Coefficient,11,300,0.0014145830064080656,0.013726354580824232,0.012100960820763165,0.005974689679209212,2.2974171576792255,2.0253706000618266,0.24469036507313077,0.011695302653372607,1.8834282135952574e-05,0.0009404785039758212,0.005974689679209212
Cora,Degree,11,350,0.0015633750008419156,0.27148373432092904,0.24604484518648984,0.19107050402885292,1.4208563257881666,1.2877175702081962,0.19107050402885292,0.009881299690992187,1.5501055747979884e-05,0.0007426042009643982,0.0075235611452385606
Cora,Neighborhood Heterogeneity,11,350,0.0015095830021891743,0.007048145374629387,0.009419484381069978,0.005331531343207994,1.3219739172326619,1.7667502589232185,0.22882113901287404,0.005331531343207994,1.7888426999800327e-05,0.0008711946132321993,0.01754262030206624
Cora,PageRank,11,350,0.0016001249896362424,2.139389741232361e-05,1.709484154415488e-05,1.4053244869671261e-05,1.52234573657038,1.2164337633543825,0.21755749272381247,0.011032883971765045,1.4053244869671261e-05,0.000890411263505606,0.008210012453893118
Cora,Eigenvector Centrality,11,350,0.0016185420099645853,0.0006477400997804084,0.0006472269876281475,0.000545900240565785,1.1865539738708923,1.1856140362886538,0.25981618960178454,0.007671697228150755,1.8880670156441854e-05,0.000545900240565785,0.007139321321628038
Cora,Clustering Coefficient,11,350,0.0015598749741911888,0.013726354580824232,0.012100960820763165,0.005850183598365123,2.346311760995016,2.0684753935149773,0.25163237110327713,0.006954203939097739,1.7189104740586695e-05,0.0007818694559510103,0.005850183598365123
Cora,Degree,11,400,0.0017144580197054893,0.27148373432092904,0.24604484518648984,0.14714344565201307,1.8450277082879694,1.672142745442931,0.14714344565201307,0.008246728357613201,1.3372835095994167e-05,0.0008167740175139396,0.01337474565345996
Cora,Neighborhood Heterogeneity,11,400,0.0016789590008556843,0.007048145374629387,0.009419484381069978,0.005170455909115181,1.363157427221062,1.8217899053087434,0.2552652213329477,0.005170455909115181,1.8351543494087867e-05,0.0006786110029497539,0.009583863749134988
Cora,PageRank,11,400,0.0017583750013727695,2.139389741232361e-05,1.709484154415488e-05,1.226507487099436e-05,1.7442940738109947,1.393782078296352,0.19130797968603028,0.009506782745808873,1.226507487099436e-05,0.0006425312740636293,0.009195831465466143
Cora,Eigenvector Centrality,11,400,0.0017707920051179826,0.0006477400997804084,0.0006472269876281475,0.0005111662891818635,1.2671807853705204,1.2661769786580666,0.2930975574618935,0.0075231721370449395,2.2529101962976474e-05,0.0005111662891818635,0.013777465095652475
Cora,Clustering Coefficient,11,400,0.001709500007564202,0.013726354580824232,0.012100960820763165,0.005756529336545651,2.3844844312147764,2.1021278818018927,0.27461729809690216,0.012821702569292525,2.102025287603837e-05,0.0006973538687222936,0.005756529336545651
Cora,Degree,11,450,0.0018379169923719019,0.27148373432092904,0.24604484518648984,0.14904615553007072,1.8214742497410876,1.6507963208541074,0.14904615553007072,0.01192842945706292,1.4674597243724906e-05,0.0007627328336696768,0.01893556922789628
Cora,Neighborhood Heterogeneity,11,450,0.0018069579964503646,0.007048145374629387,0.009419484381069978,0.0040067211200226745,1.7590805957040256,2.3509208899012846,0.22570322270933135,0.0040067211200226745,1.685812249703818e-05,0.0007258071571053532,0.015117613449080584
Cora,PageRank,11,450,0.0019444999925326556,2.139389741232361e-05,1.709484154415488e-05,1.0274052605258481e-05,2.0823231332662004,1.6638849537723188,0.16796078816553292,0.011437865640048997,1.0274052605258481e-05,0.000668757400189766,0.00820823443675845
Cora,Eigenvector Centrality,11,450,0.0019226660078857094,0.0006477400997804084,0.0006472269876281475,0.0006508048702297468,0.9952907997626746,0.9945023727306525,0.24113136656093612,0.007975736644977369,1.7989732487564503e-05,0.0006508048702297468,0.008206721731045644
Cora,Clustering Coefficient,11,450,0.0018351670005358756,0.013726354580824232,0.012100960820763165,0.004047441036044375,3.391366164098392,2.9897806325029546,0.2205082306299385,0.007433581976003373,1.626875330448068e-05,0.0006607633088272911,0.004047441036044375
Cora,Degree,12,300,0.0015268329880200326,0.298396846881667,0.3074145383385578,0.14866827677824518,2.0071319406409627,2.0677884011334835,0.14866827677824518,0.007539285800066768,1.3079188634824203e-05,0.001017463011877201,0.014097880143069846
Cora,Neighborhood Heterogeneity,12,300,0.0014060419925954193,0.011414328363112843,0.017162936639706895,0.0022153497779606414,5.152382019610645,7.747280727608793,0.20364237109854208,0.0022153497779606414,1.5310570805452168e-05,0.0007459948012089261,0.016254838303605725
Cora,PageRank,12,300,0.0014893329935148358,2.196892386700498e-05,2.2777877049041755e-05,1.2434149582294793e-05,1.766821584508435,1.831880571991476,0.18768799723808077,0.010887658507633674,1.2434149582294793e-05,0.0008650708044157659,0.014287212325332163
Cora,Eigenvector Centrality,12,300,0.0015103750047273934,0.0009390241550082992,0.0009775675399556684,0.0005002019121066263,1.8772902147725712,1.9543458677288779,0.2476055221321541,0.010905307710626814,2.045046017181331e-05,0.0005002019121066263,0.009090644050441724
Cora,Clustering Coefficient,12,300,0.001410541997756809,0.012263719309257197,0.01687718196201249,0.006042290361329863,2.0296474641046616,2.793176254823005,0.22966712916596,0.007898459999503192,1.8429813756281146e-05,0.000792989600953652,0.006042290361329863
Cora,Degree,12,350,0.001552417001221329,0.298396846881667,0.3074145383385578,0.1771330259929674,1.6845918213665816,1.7355009694847243,0.1771330259929674,0.014391334314715851,1.2932573360852144e-05,0.000894691609072734,0.011019349872045656
Cora,Neighborhood Heterogeneity,12,350,0.001507958018919453,0.011414328363112843,0.017162936639706895,0.005337505728353542,2.1385135574615703,3.215535029505465,0.2889675143621796,0.005337505728353542,1.884195446319534e-05,0.0009289458546238533,0.010621208482103864
Cora,PageRank,12,350,0.001600165996933356,2.196892386700498e-05,2.2777877049041755e-05,1.4158946651658205e-05,1.5515930956934654,1.6087268078218344,0.1910776995892209,0.020171401086953564,1.4158946651658205e-05,0.0008104453352844288,0.012149912388902319
Cora,Eigenvector Centrality,12,350,0.0016020000039134175,0.0009390241550082992,0.0009775675399556684,0.0005613443889012847,1.6728129354712964,1.7414755705834242,0.29276906330578645,0.007064318009431097,2.114603229936171e-05,0.0005613443889012847,0.013918324922949527
Cora,Clustering Coefficient,12,350,0.0015576670120935887,0.012263719309257197,0.01687718196201249,0.00587703760747474,2.086717854869522,2.8717158352955168,0.19206731985737655,0.015524685839776375,1.4574383852550693e-05,0.0007331540848538764,0.00587703760747474
Cora,Degree,12,400,0.001736333011649549,0.298396846881667,0.3074145383385578,0.15497178009428353,1.9254915101325214,1.9836807588551244,0.15497178009428353,0.012549232758294343,1.381976187810403e-05,0.0009898898740362165,0.007762849775818948
Cora,Neighborhood Heterogeneity,12,400,0.0016572089807596058,0.011414328363112843,0.017162936639706895,0.005250645033956254,2.1738906913904215,3.2687291806460155,0.2799756098511936,0.005250645033956254,2.221479932350614e-05,0.0007482188166703321,0.009951610065044313
Cora,PageRank,12,400,0.001768207992427051,2.196892386700498e-05,2.2777877049041755e-05,1.2250582937588933e-05,1.7932962030400112,1.859330055156112,0.19803194875148838,0.010182167186789033,1.2250582937588933e-05,0.0007456703222467299,0.011000302873354241
Cora,Eigenvector Centrality,12,400,0.0017837919876910746,0.0009390241550082992,0.0009775675399556684,0.0005232712236454635,1.7945266480858963,1.8681851701021652,0.23634005831426252,0.005953288592150061,1.668989724557887e-05,0.0005232712236454635,0.01305675342890687
Cora,Clustering Coefficient,12,400,0.001839417003793642,0.012263719309257197,0.01687718196201249,0.005654208487853122,2.1689542109392006,2.9848885123832214,0.2652038629096817,0.009428219321509838,1.891498256658726e-05,0.0008095651591743982,0.005654208487853122
Cora,Degree,12,450,0.001793167000869289,0.298396846881667,0.3074145383385578,0.1472229575008444,2.0268363843998687,2.088088322344663,0.1472229575008444,0.01679682336548223,1.3623869389265818e-05,0.0006902581417594049,0.006004619188935853
Cora,Neighborhood Heterogeneity,12,450,0.0017299999890383333,0.011414328363112843,0.017162936639706895,0.00400465621697637,2.850264228606117,4.285745319897997,0.24879654353570366,0.00400465621697637,1.861427614037931e-05,0.0007680206739635032,0.009179093349385332
Cora,PageRank,12,450,0.0018400420085527003,2.196892386700498e-05,2.2777877049041755e-05,1.1700260630774258e-05,1.877643973948912,1.946783731392353,0.1860573283049572,0.013729010969527982,1.1700260630774258e-05,0.0007644002077425768,0.012828729868329804
Cora,Eigenvector Centrality,12,450,0.0018122080073226243,0.0009390241550082992,0.0009775675399556684,0.0006598057212105448,1.4231828018791237,1.4815990654978353,0.2280040520011902,0.009536783418050143,1.6702459007428468e-05,0.0006598057212105448,0.009961499676255961
Cora,Clustering Coefficient,12,450,0.0017748340032994747,0.012263719309257197,0.01687718196201249,0.0039795311516016086,3.0816995374747904,4.240997574606262,0.2391225136036831,0.013211106019866603,1.6570772172750754e-05,0.0009188832933741597,0.0039795311516016086
Cora,Degree,13,300,0.0015326249995268881,0.24142829576235347,0.2592699526708017,0.15428494864377648,1.5648207935031915,1.6804617362217342,0.15428494864377648,0.008390431660338201,1.3318339384152143e-05,0.0009389754709460414,0.008028844438674161
Cora,Neighborhood Heterogeneity,13,300,0.0014214580005500466,0.00986468230241527,0.008579644380009044,0.0021552113159526457,4.5771299683691975,3.980883134987008,0.2795271809572686,0.0021552113159526457,2.1088003616062093e-05,0.0007985872909158943,0.007673346203747035
Cora,PageRank,13,300,0.0015027089975774288,1.8440235327897376e-05,1.8423307672667823e-05,1.0806110010823677e-05,1.7064637792348183,1.7048972899789623,0.1654008078754438,0.009133308336955847,1.0806110010823677e-05,0.0007711899716323419,0.009926778731057942
Cora,Eigenvector Centrality,13,300,0.0014878750080242753,0.0008144125455340137,0.000827666015692084,0.000497025422686372,1.6385732165010725,1.6652387944637381,0.33433638994867293,0.00858724432959489,2.5235020942812488e-05,0.000497025422686372,0.010041189271377166
Cora,Clustering Coefficient,13,300,0.001426125003490597,0.010951126212500056,0.009949250509471997,0.005850619929767546,1.8717890315830445,1.7005463743852005,0.2471198248297138,0.009752866080750409,1.8668537029242468e-05,0.0009185301137101659,0.005850619929767546
Cora,Degree,13,350,0.0015561670006718487,0.24142829576235347,0.2592699526708017,0.19628072345344594,1.230015314364865,1.3209139853832648,0.19628072345344594,0.01291365510466667,1.6373077511200746e-05,0.000854264793165954,0.012225655136295971
Cora,Neighborhood Heterogeneity,13,350,0.0015050000220071524,0.00986468230241527,0.008579644380009044,0.005313939132181146,1.8563784900498543,1.6145545077945718,0.26154397844990906,0.005313939132181146,1.780643248856785e-05,0.0009022186473784386,0.013282410716096704
Cora,PageRank,13,350,0.0016082919901236892,1.8440235327897376e-05,1.8423307672667823e-05,1.4541319704922207e-05,1.2681266695247333,1.266962562306609,0.21228806961481772,0.008721194567222415,1.4541319704922207e-05,0.0009286223226286332,0.01348042039895555
Cora,Eigenvector Centrality,13,350,0.001621542003704235,0.0008144125455340137,0.000827666015692084,0.0005375238296360239,1.5151189596291588,1.5397754854003878,0.2584049147349757,0.007399221616871761,1.959530666747642e-05,0.0005375238296360239,0.012571508731167327
Cora,Clustering Coefficient,13,350,0.0015724169788882136,0.010951126212500056,0.009949250509471997,0.005789182224866968,1.8916533954416517,1.7185934252917086,0.214351068609726,0.011531767933894073,1.6583109183924766e-05,0.0010048095399730129,0.005789182224866968
Cora,Degree,13,400,0.0017477079818490893,0.24142829576235347,0.2592699526708017,0.1630037231030274,1.4811213582511693,1.5905768760074805,0.1630037231030274,0.00591267230935205,1.3183798976252172e-05,0.0007206700496577784,0.017576335382915677
Cora,Neighborhood Heterogeneity,13,400,0.0016717500111553818,0.00986468230241527,0.008579644380009044,0.005365268284771857,1.8386186447402857,1.5991081758875865,0.2779029962899733,0.005365268284771857,2.1644092561956782e-05,0.0008605247844540419,0.01791936908632647
Cora,PageRank,13,400,0.0017707500082906336,1.8440235327897376e-05,1.8423307672667823e-05,1.348028372904553e-05,1.3679411871847176,1.3666854528418952,0.20809919157546716,0.006961848626559565,1.348028372904553e-05,0.0009840908171325098,0.006829241932181951
Cora,Eigenvector Centrality,13,400,0.0017661669990047812,0.0008144125455340137,0.000827666015692084,0.0005273590763537778,1.5443226106298522,1.5694543865911315,0.28515062019594584,0.011231786035054384,2.0016608313637326e-05,0.0005273590763537778,0.013908012935756196
Cora,Clustering Coefficient,13,400,0.001711291988613084,0.010951126212500056,0.009949250509471997,0.0054965083351910665,1.9923787147535326,1.81010377911601,0.2374603673683156,0.007419264379911622,1.760402038492592e-05,0.0007593247242287246,0.0054965083351910665
Cora,Degree,13,450,0.001839459000620991,0.24142829576235347,0.2592699526708017,0.15408913409228775,1.5668093482682313,1.6825972460557705,0.15408913409228775,0.012720490009989916,1.424070358022958e-05,0.0011063587520867737,0.020129895126977257
Cora,Neighborhood Heterogeneity,13,450,0.0018354580097366124,0.00986468230241527,0.008579644380009044,0.003999887339117314,2.466240037798711,2.1449715085981347,0.249637252377186,0.003999887339117314,1.928853397967345e-05,0.0007598495067909518,0.010937373688200944
Cora,PageRank,13,450,0.0019260830013081431,1.8440235327897376e-05,1.8423307672667823e-05,1.0614701889737434e-05,1.737235347676214,1.735640610922851,0.1673029535538659,0.011599675035261742,1.0614701889737434e-05,0.0008570999779029266,0.010108682336872492
Cora,Eigenvector Centrality,13,450,0.001946874981513247,0.0008144125455340137,0.000827666015692084,0.000643254392742536,1.2660815918593877,1.2866853690082132,0.34496590304831554,0.00669696869706109,2.552240619343498e-05,0.000643254392742536,0.010139816223986686
Cora,Clustering Coefficient,13,450,0.0018436670070514083,0.010951126212500056,0.009949250509471997,0.0039189706949377245,2.794388390463348,2.538740726569811,0.23723392282153935,0.014226091953908324,1.7756912076929005e-05,0.0009393078579274623,0.0039189706949377245
Cora,Degree,14,300,0.0016314169915858656,0.3503461188460132,0.2295697684586136,0.17099030748346059,2.0489238483877292,1.342589365662257,0.17099030748346059,0.011594007748230661,1.4749529235499385e-05,0.0009098754164006109,0.00878963487921559
Cora,Neighborhood Heterogeneity,14,300,0.0015360830002464354,0.015521927828171491,0.011980955488645932,0.0020550746666172163,7.552975120714992,5.829936830649247,0.2010397101134184,0.0020550746666172163,1.6839391025711674e-05,0.000826437969003206,0.008662412309026039
Cora,PageRank,14,300,0.001602791977347806,2.40534439957878e-05,1.764970737045806e-05,1.1442702571012945e-05,2.102077183822013,1.5424422037472962,0.18097022530113413,0.00952943484466772,1.1442702571012945e-05,0.0008028931199748948,0.012225175137211507
Cora,Eigenvector Centrality,14,300,0.001645791984628886,0.0008990572416929038,0.0008232701027149905,0.000499829640769483,1.7987273429979338,1.6471014032852753,0.26009092459998645,0.00683794380833153,2.0221408469042002e-05,0.000499829640769483,0.012096436242529377
Cora,Clustering Coefficient,14,300,0.0015504579932894558,0.012789612269641277,0.014365672123839029,0.006208298371690525,2.0600833761407404,2.313946795686504,0.18811585601774145,0.007195603578246217,1.3506907104178354e-05,0.001022791640510735,0.006208298371690525
Cora,Degree,14,350,0.0017877499922178686,0.3503461188460132,0.2295697684586136,0.2030131726409478,1.7257309675448533,1.1308121806688585,0.2030131726409478,0.008007488993942522,1.5852483589088834e-05,0.0008634286145684938,0.014026263225462951
Cora,Neighborhood Heterogeneity,14,350,0.0017410420114174485,0.015521927828171491,0.011980955488645932,0.005141590826409652,3.0188959705707226,2.3302039958345295,0.2741448383284398,0.005141590826409652,1.9266611325274942e-05,0.0008481404990122847,0.01038712944132177
Cora,PageRank,14,350,0.0018821659905370325,2.40534439957878e-05,1.764970737045806e-05,1.5127837684035614e-05,1.5900120359680594,1.166703909646239,0.2207106070247052,0.013216957736380774,1.5127837684035614e-05,0.0007818817418789011,0.011780199466648702
Cora,Eigenvector Centrality,14,350,0.0016803329926915467,0.0008990572416929038,0.0008232701027149905,0.0005558901594644648,1.617328938794384,1.4809942012791069,0.2067004761955749,0.011801015794282773,1.5105941799642685e-05,0.0005558901594644648,0.009585077731386
Cora,Clustering Coefficient,14,350,0.0016070000128820539,0.012789612269641277,0.014365672123839029,0.005870356192938999,2.178677383328957,2.4471551046797453,0.24986701562682767,0.01084428699916975,1.829104022166615e-05,0.0008446109117920434,0.005870356192938999
Cora,Degree,14,400,0.0017621669976506382,0.3503461188460132,0.2295697684586136,0.1644541594696362,2.130357298203205,1.395949906034453,0.1644541594696362,0.006431748519667259,1.4281941980868495e-05,0.001087634874268559,0.006842007352183302
Cora,Neighborhood Heterogeneity,14,400,0.0017981250130105764,0.015521927828171491,0.011980955488645932,0.005326580523771928,2.9140510988051114,2.2492770803287927,0.24741735248574614,0.005326580523771928,2.017177089366237e-05,0.0008128995467996542,0.015079978438163485
Cora,PageRank,14,400,0.0019855410209856927,2.40534439957878e-05,1.764970737045806e-05,1.198080914669953e-05,2.0076643990622314,1.4731648884766848,0.18271585696277617,0.012862841418104481,1.198080914669953e-05,0.0008627698083748069,0.011797367844803123
Cora,Eigenvector Centrality,14,400,0.0020666659984271973,0.0008990572416929038,0.0008232701027149905,0.0005109681475849032,1.7595171948433739,1.6111965229264995,0.2872059763007723,0.013472906008804042,2.28747620275463e-05,0.0005109681475849032,0.008012783189471908
Cora,Clustering Coefficient,14,400,0.002030958014074713,0.012789612269641277,0.014365672123839029,0.005840368849752438,2.1898637909116654,2.4597200097127363,0.2362179201753607,0.011057539694400393,1.6726778270800777e-05,0.0006483197706456177,0.005840368849752438
Cora,Degree,14,450,0.0020387919794302434,0.3503461188460132,0.2295697684586136,0.15299841327919433,2.289867661612249,1.5004715639742645,0.15299841327919433,0.008012074356321938,1.2803082589136753e-05,0.0008827974757839978,0.011834753259693864
Cora,Neighborhood Heterogeneity,14,450,0.0019065419910475612,0.015521927828171491,0.011980955488645932,0.003961528837715301,3.918166057608032,3.0243262082513596,0.24360429588454324,0.003961528837715301,1.8561447542811757e-05,0.0006070745203567919,0.014948593926063462
Cora,PageRank,14,450,0.002012584009207785,2.40534439957878e-05,1.764970737045806e-05,1.0272063454266848e-05,2.3416370141090193,1.718224137636792,0.16813346750940825,0.012986409029169787,1.0272063454266848e-05,0.0008365790510162219,0.010273265215543708
Cora,Eigenvector Centrality,14,450,0.001937124994583428,0.0008990572416929038,0.0008232701027149905,0.0006535179439754069,1.3757192897013046,1.2597513355287022,0.2621638625760001,0.008551003236223754,2.043681632518077e-05,0.0006535179439754069,0.008243816585534185
Cora,Clustering Coefficient,14,450,0.001855666982010007,0.012789612269641277,0.014365672123839029,0.004061911186723344,3.1486686147754948,3.5366780472193207,0.2688501884431798,0.007367206977088782,2.0023563238714696e-05,0.0008765330417584713,0.004061911186723344
Cora,Degree,15,300,0.0014827919949311763,0.2878368834772684,0.28831647936363475,0.1819457305033728,1.5819930628816412,1.5846289911061702,0.1819457305033728,0.013062993513344131,1.7237177910203657e-05,0.0006533992620578113,0.01662348328761555
Cora,Neighborhood Heterogeneity,15,300,0.0013500839995685965,0.017254887068295307,0.007742363030010704,0.002095540247432705,8.234099578585843,3.694685911900787,0.25609338580000246,0.002095540247432705,1.920372895428966e-05,0.0007860705021034151,0.008539565417817871
Cora,PageRank,15,300,0.0014552499924320728,2.154781476447538e-05,2.0952925074721342e-05,1.1797512964996313e-05,1.8264709543789945,1.7760459460302775,0.1839067987738761,0.011023784796790633,1.1797512964996313e-05,0.0006751052737372902,0.01198371901676888
Cora,Eigenvector Centrality,15,300,0.0014100410044193268,0.0009352574181781183,0.0009074415161169896,0.0004979523795569168,1.8782065445903082,1.822345977991792,0.29670661660187264,0.008011830467621071,2.123338125126774e-05,0.0004979523795569168,0.009936334350742397
Cora,Clustering Coefficient,15,300,0.001417749997926876,0.019374029788086507,0.012045609653505911,0.005916694165048137,3.274468689379838,2.035868225987292,0.24652335901855457,0.010476383392602526,2.075100656180971e-05,0.000791502598328841,0.005916694165048137
Cora,Degree,15,350,0.0015726250130683184,0.2878368834772684,0.28831647936363475,0.1861625132522668,1.5461592049266317,1.5487354265191953,0.1861625132522668,0.00983312774715345,1.4190652350880788e-05,0.0009526056966263557,0.015108822264401633
Cora,Neighborhood Heterogeneity,15,350,0.0015084579936228693,0.017254887068295307,0.007742363030010704,0.005320485725347546,3.2431037237992366,1.455198534435492,0.2774634605928248,0.005320485725347546,1.9658428038739514e-05,0.000830879801420226,0.008610413627042042
Cora,PageRank,15,350,0.0016156659985426813,2.154781476447538e-05,2.0952925074721342e-05,1.399427833497362e-05,1.5397589106559668,1.497249416738919,0.21220741223922338,0.016159729221647025,1.399427833497362e-05,0.0007410213184115371,0.010592391084462634
Cora,Eigenvector Centrality,15,350,0.0016050000267568976,0.0009352574181781183,0.0009074415161169896,0.0005640810236448569,1.6580196442966189,1.6087077531051832,0.2635456962967547,0.006617027585036087,1.91743049413921e-05,0.0005640810236448569,0.009447873822561539
Cora,Clustering Coefficient,15,350,0.001552750007249415,0.019374029788086507,0.012045609653505911,0.005870017192562906,3.300506481076867,2.0520569630983796,0.22455221212753657,0.005418967133494547,1.841658185974842e-05,0.0008030886866896077,0.005870017192562906
Cora,Degree,15,400,0.001704416994471103,0.2878368834772684,0.28831647936363475,0.1576001937703345,1.826373918655985,1.829417036020836,0.1576001937703345,0.011836956527974682,1.322272272513349e-05,0.0009120702698193938,0.015611711956486241
Cora,Neighborhood Heterogeneity,15,400,0.0016413329867646098,0.017254887068295307,0.007742363030010704,0.005399477868134057,3.195658448778534,1.4339095777581727,0.2485729058821188,0.005399477868134057,2.0044126152089683e-05,0.0008376731259033355,0.008050362029584746
Cora,PageRank,15,400,0.001724750007269904,2.154781476447538e-05,2.0952925074721342e-05,1.330416757548963e-05,1.619628935234782,1.574914398501946,0.2058236333898454,0.011675806770767358,1.330416757548963e-05,0.0008221047848905573,0.008933411040981793
Cora,Eigenvector Centrality,15,400,0.0016992500168271363,0.0009352574181781183,0.0009074415161169896,0.0005220574544681428,1.7914836962359473,1.7382023919981469,0.21462684435475796,0.007651342341743342,1.625368229699048e-05,0.0005220574544681428,0.01388845650522567
Cora,Clustering Coefficient,15,400,0.0017386250256095082,0.019374029788086507,0.012045609653505911,0.0057538088019673805,3.3671660729258175,2.0935018990181247,0.3530126260725486,0.010894771646978019,2.438734650623049e-05,0.0010827036048199031,0.0057538088019673805
Cora,Degree,15,450,0.0018432090000715107,0.2878368834772684,0.28831647936363475,0.16697195676937002,1.723863629836015,1.7267359438200263,0.16697195676937002,0.010532371846090405,1.4050814689742293e-05,0.001038553887306011,0.012274238782652545
Cora,Neighborhood Heterogeneity,15,450,0.001796041993657127,0.017254887068295307,0.007742363030010704,0.003942216831517981,4.376950280954277,1.963961740539129,0.25758027349315327,0.003942216831517981,1.7531075730460215e-05,0.000662737809741888,0.020687322485548876
Cora,PageRank,15,450,0.001969041011761874,2.154781476447538e-05,2.0952925074721342e-05,1.0059324049781776e-05,2.142073827012545,2.0829356894190014,0.16494888295876925,0.011737590516436604,1.0059324049781776e-05,0.0008122127975378236,0.01003750301343425
Cora,Eigenvector Centrality,15,450,0.0018632079882081598,0.0009352574181781183,0.0009074415161169896,0.000653422958367026,1.4313201062225098,1.3887505856616718,0.24668279075345648,0.008474036406034096,1.7935320633195603e-05,0.000653422958367026,0.01287630025341444
Cora,Clustering Coefficient,15,450,0.0017955829971469939,0.019374029788086507,0.012045609653505911,0.003908576139494725,4.956799892502811,3.0818408606114778,0.25502231223176564,0.012908513281292963,1.7985931130942777e-05,0.0008685884582599627,0.003908576139494725
Cora,Degree,16,300,0.0015641660138498992,0.24224379092506337,0.23236923940458332,0.17252458996111214,1.4041116746294906,1.3468760566650844,0.17252458996111214,0.01017774177733252,1.5090371543192604e-05,0.0007044805218232558,0.013665827533816797
Cora,Neighborhood Heterogeneity,16,300,0.0013556659978348762,0.012352209305832145,0.008280617578806724,0.002192639534531945,5.6334883647297405,3.776552163907944,0.2903939037342622,0.002192639534531945,2.1706411643697253e-05,0.001037266631046848,0.013038695539496003
Cora,PageRank,16,300,0.0014806249819230288,1.7425630834877997e-05,1.678117120347015e-05,1.1577530003604287e-05,1.505125085355261,1.4494603942504038,0.1640181590877133,0.015285430944517644,1.1577530003604287e-05,0.0009127320159509105,0.009624095711220831
Cora,Eigenvector Centrality,16,300,0.0014645000046584755,0.0009057702379777395,0.0007522924481391756,0.0004992717439431557,1.8141828552606123,1.50677953892946,0.2439116184492737,0.010300581641949065,1.864666837526791e-05,0.0004992717439431557,0.009294820287822234
Cora,Clustering Coefficient,16,300,0.001431499986210838,0.012656765217917398,0.007086807464317424,0.006121043673117178,2.0677462690724218,1.157777634464814,0.24160311604235263,0.00891337119151358,1.7691650232586813e-05,0.0009602531113200883,0.006121043673117178
Cora,Degree,16,350,0.0015635000017937273,0.24224379092506337,0.23236923940458332,0.19924571546039962,1.2158042664320663,1.1662445983726413,0.19924571546039962,0.016348877094683047,1.4320469788403873e-05,0.0007287716470148028,0.011972902510305286
Cora,Neighborhood Heterogeneity,16,350,0.001520207995781675,0.012352209305832145,0.008280617578806724,0.005272406624534905,2.34280285749428,1.570557464265606,0.2664869888964591,0.005272406624534905,1.9351419472610064e-05,0.0009375702238548185,0.009554353899104185
Cora,PageRank,16,350,0.0015814159996807575,1.7425630834877997e-05,1.678117120347015e-05,1.489563223229546e-05,1.1698483530693788,1.1265833461628183,0.21002279497507806,0.0056789625218853345,1.489563223229546e-05,0.0009728625951939039,0.007343037628559514
Cora,Eigenvector Centrality,16,350,0.001598416012711823,0.0009057702379777395,0.0007522924481391756,0.0005577947106318204,1.6238415687946615,1.3486905375761726,0.28434772985762446,0.010113334315420667,2.105569233663232e-05,0.0005577947106318204,0.010969235008499407
Cora,Clustering Coefficient,16,350,0.0015495830157306045,0.012656765217917398,0.007086807464317424,0.00583331477355461,2.1697380836187627,1.2148851449686093,0.2985059671214465,0.006501520260305593,2.1458550176484293e-05,0.0007678863353307173,0.00583331477355461
Cora,Degree,16,400,0.0017835410253610462,0.24224379092506337,0.23236923940458332,0.16103152700218484,1.5043252426077824,1.443004632263287,0.16103152700218484,0.00673254433144972,1.4180549903339208e-05,0.0008696421272539792,0.011690725719967243
Cora,Neighborhood Heterogeneity,16,400,0.001599499984877184,0.012352209305832145,0.008280617578806724,0.005340153093061452,2.313081496086989,1.5506329939427888,0.24295885754490038,0.005340153093061452,1.8747475121013234e-05,0.0008095473503252142,0.011206080992460753
Cora,PageRank,16,400,0.001783666986739263,1.7425630834877997e-05,1.678117120347015e-05,1.31333213823318e-05,1.32682589023677,1.2777553152735444,0.19231562109508923,0.014941789224070884,1.31333213823318e-05,0.0011091231473462787,0.007915658964323937
Cora,Eigenvector Centrality,16,400,0.001756624988047406,0.0009057702379777395,0.0007522924481391756,0.0005490207995470272,1.649792209557544,1.370243984854233,0.2796727968535608,0.014743895682856145,2.072407587383306e-05,0.0005490207995470272,0.012150651016532484
Cora,Clustering Coefficient,16,400,0.001654916995903477,0.012656765217917398,0.007086807464317424,0.005744920849423263,2.2031226451427997,1.2335779117007108,0.2102492888893246,0.010050761935042993,1.566458917367311e-05,0.0009020865708613407,0.005744920849423263
Cora,Degree,16,450,0.0018576250004116446,0.24224379092506337,0.23236923940458332,0.1482502683197452,1.6340192410484788,1.5674119314469697,0.1482502683197452,0.01078195370162011,1.1981906177338424e-05,0.0007811713995440128,0.013038327967162719
Cora,Neighborhood Heterogeneity,16,450,0.0017637090058997273,0.012352209305832145,0.008280617578806724,0.0038486806474465887,3.209465902042881,2.1515470721896626,0.25037839207274315,0.0038486806474465887,1.7006962823329338e-05,0.000792521734572871,0.012716943679176524
Cora,PageRank,16,450,0.0019393340044189245,1.7425630834877997e-05,1.678117120347015e-05,1.0371217061169497e-05,1.6801915081037768,1.6180522598741023,0.18658872678548885,0.007965247022608509,1.0371217061169497e-05,0.0008075120679711071,0.012207843872231876
Cora,Eigenvector Centrality,16,450,0.0019496669992804527,0.0009057702379777395,0.0007522924481391756,0.0006395744450121702,1.4162076753402866,1.1762390664699878,0.22156824084779564,0.010130572242773507,1.5612606183976407e-05,0.0006395744450121702,0.010753343976635917
Cora,Clustering Coefficient,16,450,0.0018475840042810887,0.012656765217917398,0.007086807464317424,0.004016109634994361,3.151498930117023,1.7645951202543237,0.23043024141487636,0.005849903327319222,1.7431902972600842e-05,0.0007832668145632139,0.004016109634994361
Cora,Degree,17,300,0.001497749995905906,0.2028958130714697,0.319221275138127,0.15003096498882112,1.3523595818142444,2.127702605671518,0.15003096498882112,0.014990239582511842,1.2729143252833156e-05,0.0008024194048225026,0.01890294705406479
Cora,Neighborhood Heterogeneity,17,300,0.0014046249852981418,0.010983519941056785,0.010923400338230185,0.002132238391533978,5.151168830214621,5.1229732949192694,0.24423065621646506,0.002132238391533978,1.7782377006556853e-05,0.0008389352005365445,0.013838144532282487
Cora,PageRank,17,300,0.0014236669812817127,1.758631507597885e-05,2.3185549386052597e-05,1.1813489314235962e-05,1.4886639000711068,1.962633458186873,0.20019728650804086,0.01309808840758088,1.1813489314235962e-05,0.0008040567505104464,0.007177847042280268
Cora,Eigenvector Centrality,17,300,0.0015167499950621277,0.0009256326776737182,0.0007087634546121527,0.00048539071012830266,1.9069847410739422,1.4601916349507518,0.2792057151166402,0.005836065510626317,2.1433783778134455e-05,0.00048539071012830266,0.009806623645990914
Cora,Clustering Coefficient,17,300,0.0015011669893283397,0.009805104890503125,0.013934411473688253,0.006201879740251335,1.5809892002365347,2.246804526577865,0.2331007393463449,0.010578772836735448,1.7368408092213654e-05,0.000726548763416489,0.006201879740251335
Cora,Degree,17,350,0.001518791017588228,0.2028958130714697,0.319221275138127,0.19442472124533025,1.0435700345711203,1.6418759563776109,0.19442472124533025,0.015379680555054436,1.5619254459127608e-05,0.0008726691989017141,0.008057856426867226
Cora,Neighborhood Heterogeneity,17,350,0.0016500829951837659,0.010983519941056785,0.010923400338230185,0.005320850411002764,2.064241445003683,2.0529425739243004,0.23591327151391134,0.005320850411002764,1.8578361979988695e-05,0.0009014480671483066,0.011340098328072491
Cora,PageRank,17,350,0.0017062499828170985,1.758631507597885e-05,2.3185549386052597e-05,1.4100505978731262e-05,1.2472116321574183,1.6443061987296708,0.195462339790096,0.009802711257049337,1.4100505978731262e-05,0.0010355299528093831,0.010502609487038484
Cora,Eigenvector Centrality,17,350,0.0018216249882243574,0.0009256326776737182,0.0007087634546121527,0.0005454329361961547,1.6970604748020421,1.2994511471108874,0.20129047468704625,0.010880297772618548,1.5520631217435404e-05,0.0005454329361961547,0.012305515940508013
Cora,Clustering Coefficient,17,350,0.0016648750170134008,0.009805104890503125,0.013934411473688253,0.005792384118933631,1.6927580576800954,2.405643546349194,0.2283762403966778,0.014310293048513384,1.7878005118331764e-05,0.0008204543255472248,0.005792384118933631
Cora,Degree,17,400,0.0018359170062467456,0.2028958130714697,0.319221275138127,0.16142610807826316,1.2568958979863472,1.9775071017840622,0.16142610807826316,0.007574179649203286,1.4703475916875061e-05,0.000869063833663966,0.015384479141755242
Cora,Neighborhood Heterogeneity,17,400,0.006716166011756286,0.010983519941056785,0.010923400338230185,0.005293087104582137,2.075068806547418,2.063710670616771,0.2865970346251414,0.005293087104582137,2.0974489899409433e-05,0.0009324743260605523,0.007618994528338319
Cora,PageRank,17,400,0.002302417007740587,1.758631507597885e-05,2.3185549386052597e-05,1.231827503863451e-05,1.4276605304575427,1.8822074773728006,0.18244225237884754,0.007739139449406364,1.231827503863451e-05,0.0009765883020182795,0.015179406768131148
Cora,Eigenvector Centrality,17,400,0.002095499978167936,0.0009256326776737182,0.0007087634546121527,0.0005305772398763887,1.7445766763183577,1.3358346369649723,0.3089520629491225,0.011979676385451339,2.109275915416998e-05,0.0005305772398763887,0.01030931522835044
Cora,Clustering Coefficient,17,400,0.0020238749857526273,0.009805104890503125,0.013934411473688253,0.005741030721242253,1.7078997425015487,2.4271619767039154,0.2847824436628761,0.007979714201097129,2.0984766567690937e-05,0.0006865115313207801,0.005741030721242253
Cora,Degree,17,450,0.0020599159761331975,0.2028958130714697,0.319221275138127,0.1534493589064994,1.3222330449428548,2.080303739376563,0.1534493589064994,0.012310076214252882,1.3000907061353902e-05,0.0009719065939631178,0.014008990727734788
Cora,Neighborhood Heterogeneity,17,450,0.001997874991502613,0.010983519941056785,0.010923400338230185,0.003964271955598457,2.770627258693881,2.755461900842562,0.2753172753989493,0.003964271955598457,2.0945913592638946e-05,0.0007034249640389408,0.011566008105139008
Cora,PageRank,17,450,0.0030945409962441772,1.758631507597885e-05,2.3185549386052597e-05,9.934957786161094e-06,1.7701449220524843,2.333734061592987,0.15703362953243238,0.0072294228674235255,9.934957786161094e-06,0.0008048993807646043,0.011470556409852459
Cora,Eigenvector Centrality,17,450,0.002243333001388237,0.0009256326776737182,0.0007087634546121527,0.0006521212987983285,1.4194179508925597,1.0868583128908675,0.2724450700522843,0.01380660898462514,1.951669275212823e-05,0.0006521212987983285,0.012130303646152368
Cora,Clustering Coefficient,17,450,0.002375957992626354,0.009805104890503125,0.013934411473688253,0.00399739352890876,2.452874559283084,3.4858743260867233,0.21321620119004342,0.010219121860473097,1.5532900113339817e-05,0.0010730414801751668,0.00399739352890876
Cora,Degree,18,300,0.0021031660144217312,0.26716172430975077,0.26499468690179323,0.15805728111368744,1.6902841958769788,1.676573739815174,0.15805728111368744,0.012067493680408863,1.3420036538959e-05,0.0007456147088134521,0.0128654583599769
Cora,Neighborhood Heterogeneity,18,300,0.0016101669752970338,0.007501351993891509,0.007108499854189217,0.0023400650744970575,3.2056168333283424,3.037735972243004,0.3007439546487454,0.0023400650744970575,2.1906008540233336e-05,0.0006682405135141905,0.013297566528119916
Cora,PageRank,18,300,0.0033199170138686895,1.9329748735098753e-05,1.8833226939430322e-05,1.1864763073453089e-05,1.629172754266645,1.5873243167888351,0.19003191929220695,0.0058307857420571135,1.1864763073453089e-05,0.0008482219885969338,0.009976435671350554
Cora,Eigenvector Centrality,18,300,0.002091375004965812,0.00092922346019854,0.0006466479657595101,0.00048196796846083055,1.9279776271564775,1.3416824521027544,0.27457979997853266,0.008633266403777765,2.029340378001955e-05,0.00048196796846083055,0.01179798057030523
Cora,Clustering Coefficient,18,300,0.0024420830013696104,0.009384536590963269,0.014027424759983137,0.006169997877432279,1.5209951084892042,2.273489397993249,0.2812455003189881,0.007727398580439987,1.9309182053008164e-05,0.000990385931839421,0.006169997877432279
Cora,Degree,18,350,0.003053458989597857,0.26716172430975077,0.26499468690179323,0.20308196268167755,1.3155364503174294,1.3048656975861577,0.20308196268167755,0.012530214821311595,1.6670401224423295e-05,0.0008877106092943062,0.010712457529728634
Cora,Neighborhood Heterogeneity,18,350,0.001877083006547764,0.007501351993891509,0.007108499854189217,0.00505941338298901,1.4826525183952939,1.4050047537308847,0.2502419464355498,0.00505941338298901,1.778153179074561e-05,0.0007246106307600639,0.007142229186854724
Cora,PageRank,18,350,0.0019069169939029962,1.9329748735098753e-05,1.8833226939430322e-05,1.4561694426476132e-05,1.3274381516997997,1.2933403481663281,0.21185723468207174,0.012812413022028221,1.4561694426476132e-05,0.0010361709912587846,0.007532914486267385
Cora,Eigenvector Centrality,18,350,0.0020854169852100313,0.00092922346019854,0.0006466479657595101,0.0005594726334865253,1.660891712268032,1.1558169730836074,0.33213871851543014,0.00984973826150592,2.48146959326623e-05,0.0005594726334865253,0.012602574995822924
Cora,Clustering Coefficient,18,350,0.0017854170000646263,0.009384536590963269,0.014027424759983137,0.005814962062388206,1.613860329659492,2.412298585869376,0.2513645505731269,0.009499866558188881,1.86298286439517e-05,0.0009035316165502489,0.005814962062388206
Cora,Degree,18,400,0.0020238750148564577,0.26716172430975077,0.26499468690179323,0.1651369760352269,1.6178189205351563,1.6046962543704613,0.1651369760352269,0.012411338584343328,1.54123201767548e-05,0.0010578371676149534,0.013184401412173497
Cora,Neighborhood Heterogeneity,18,400,0.001882124983239919,0.007501351993891509,0.007108499854189217,0.005460446596463229,1.3737616257890313,1.3018165691416967,0.3593268119042112,0.005460446596463229,2.6723774435194827e-05,0.0008243798496583334,0.012185560072297354
Cora,PageRank,18,400,0.0019492499995976686,1.9329748735098753e-05,1.8833226939430322e-05,1.1908741718695869e-05,1.6231562655148055,1.581462373129103,0.17680704252524632,0.008083299237312684,1.1908741718695869e-05,0.0011006578548049142,0.012382274110824794
Cora,Eigenvector Centrality,18,400,0.0018939160217996687,0.00092922346019854,0.0006466479657595101,0.0005213673599140599,1.7822816149283098,1.2402923839844922,0.28548082810844927,0.009400789814819066,2.1631502022652263e-05,0.0005213673599140599,0.012156193694293436
Cora,Clustering Coefficient,18,400,0.0020762909844052047,0.009384536590963269,0.014027424759983137,0.005683783749114371,1.651107256222677,2.467972987566398,0.24122817818113526,0.012892626585148096,1.8646280852262376e-05,0.0010279120468497708,0.005683783749114371
Cora,Degree,18,450,0.002237667009467259,0.26716172430975077,0.26499468690179323,0.14747910111351048,1.8115225973890632,1.796828736417605,0.14747910111351048,0.021659437582239666,1.2607312629639607e-05,0.0008689833383360282,0.01657080005281055
Cora,Neighborhood Heterogeneity,18,450,0.0020637090201489627,0.007501351993891509,0.007108499854189217,0.004051753270016529,1.851384201847243,1.754425647482779,0.2406227506632435,0.004051753270016529,1.7144091006422962e-05,0.0006581503653870589,0.014279729537740907
Cora,PageRank,18,450,0.00224379199789837,1.9329748735098753e-05,1.8833226939430322e-05,1.1394331152467964e-05,1.696435576291989,1.652859363785572,0.1774312639360451,0.00903038709793771,1.1394331152467964e-05,0.0008328110117440575,0.011965752151529407
Cora,Eigenvector Centrality,18,450,0.002107582986354828,0.00092922346019854,0.0006466479657595101,0.0006392855598876373,1.4535342552737514,1.011516615318461,0.2749847875154129,0.00795630835938858,2.0473579425768635e-05,0.0006392855598876373,0.015324509599724465
Cora,Clustering Coefficient,18,450,0.002110625006025657,0.009384536590963269,0.014027424759983137,0.003962358219983353,2.3684220532192812,3.540170772354366,0.1976467192843941,0.010254594708693448,1.4555528520371337e-05,0.0007363081722471557,0.003962358219983353
Cora,Degree,19,300,0.0017976250092033297,0.24904330531440527,0.2912765920512298,0.1696368842369219,1.468096436896242,1.7170593138484014,0.1696368842369219,0.008331339292688663,1.33447095136804e-05,0.0006806563576119208,0.008641981308495379
Cora,Neighborhood Heterogeneity,19,300,0.0016918749897740781,0.012298331699679069,0.01166104755964115,0.0021463847730291475,5.72978892424898,5.432878441074738,0.2761968495354209,0.0021463847730291475,2.0789727251781407e-05,0.0007813595809511694,0.011108629775168338
Cora,PageRank,19,300,0.0017161659779958427,1.7827537802686293e-05,2.178412077748488e-05,1.1822454767026411e-05,1.5079387617881563,1.8426055507729409,0.18139767302106033,0.00891981901500753,1.1822454767026411e-05,0.0005479813053489948,0.008734604708100082
Cora,Eigenvector Centrality,19,300,0.0017332500137854367,0.0009306331244099467,0.0007534519284396421,0.0004943723205914341,1.882453943409694,1.5240576728451594,0.26350982125984085,0.011620676025806584,1.9024919085197396e-05,0.0004943723205914341,0.01186840071476793
Cora,Clustering Coefficient,19,300,0.0016942910151556134,0.00973731912400324,0.01293990538483046,0.005875441221656112,1.6572915559282164,2.202371685233724,0.24839403041722985,0.013118757701373468,1.7715748222202273e-05,0.00082381265513234,0.005875441221656112
Cora,Degree,19,350,0.0017705829814076424,0.24904330531440527,0.2912765920512298,0.2009476095601886,1.239344453310408,1.4495150884787487,0.2009476095601886,0.007839785384691912,1.6806800338170118e-05,0.0010290206812778974,0.008372779645047075
Cora,Neighborhood Heterogeneity,19,350,0.0017079169920179993,0.012298331699679069,0.01166104755964115,0.005257406221619279,2.3392393855940594,2.21802293147695,0.24399334075168308,0.005257406221619279,1.897215707598099e-05,0.000733995045966863,0.01529163913640651
Cora,PageRank,19,350,0.001996917009819299,1.7827537802686293e-05,2.178412077748488e-05,1.4289712433429731e-05,1.2475784859728933,1.5244618027807566,0.21460096673391083,0.007628860361802813,1.4289712433429731e-05,0.0011826081612617341,0.012821015253416381
Cora,Eigenvector Centrality,19,350,0.0018949999939650297,0.0009306331244099467,0.0007534519284396421,0.0005453631574566444,1.7064466341108324,1.3815600084784614,0.303439003324414,0.01041529950504955,2.2178772219913726e-05,0.0005453631574566444,0.009579757166627564
Cora,Clustering Coefficient,19,350,0.0018185839871875942,0.00973731912400324,0.01293990538483046,0.005821655293755769,1.672603174297757,2.222719266582072,0.2663681422579386,0.008584185668774679,1.979579972594012e-05,0.0009972049074000032,0.005821655293755769
Cora,Degree,19,400,0.001934625004651025,0.24904330531440527,0.2912765920512298,0.14702440456611876,1.693890929532092,1.9811445107416774,0.14702440456611876,0.015600664716413751,1.2779400838962477e-05,0.0008694983288566587,0.012139179119123591
Cora,Neighborhood Heterogeneity,19,400,0.002337667014217004,0.012298331699679069,0.01166104755964115,0.005410720002903734,2.272956592298069,2.1551748294835247,0.24903928337699321,0.005410720002903734,1.7391915401084947e-05,0.0008913726631707218,0.008235690952321677
Cora,PageRank,19,400,0.0019699580152519047,1.7827537802686293e-05,2.178412077748488e-05,1.2785956214441822e-05,1.394306182790613,1.7037537445091178,0.18292653918219673,0.005454382605537173,1.2785956214441822e-05,0.000844604175644537,0.01398864961519537
Cora,Eigenvector Centrality,19,400,0.0019073330040555447,0.0009306331244099467,0.0007534519284396421,0.0005248758452893901,1.7730538236082145,1.435486001502368,0.33638138795266564,0.006502468139360696,2.4681980265608103e-05,0.0005248758452893901,0.01219143063067894
Cora,Clustering Coefficient,19,400,0.0018640420166775584,0.00973731912400324,0.01293990538483046,0.005518762456143891,1.7644026539252369,2.344711425371246,0.28218364341527086,0.007899494563305262,2.016568193294472e-05,0.0007290623642070455,0.005518762456143891
Cora,Degree,19,450,0.001933874998940155,0.24904330531440527,0.2912765920512298,0.1465787714828954,1.699040746452611,1.9871676444308277,0.1465787714828954,0.015641513469432194,1.2141882845625301e-05,0.0007257734426415932,0.01070206891712742
Cora,Neighborhood Heterogeneity,19,450,0.0019708750187419355,0.012298331699679069,0.01166104755964115,0.003879824871352936,3.1698161920876884,3.0055602884917896,0.25449632704524966,0.003879824871352936,1.866787427311462e-05,0.0007611408063548592,0.01263437985367927
Cora,PageRank,19,450,0.0020693750120699406,1.7827537802686293e-05,2.178412077748488e-05,1.1594021311799432e-05,1.5376492179243197,1.8789098442759296,0.196656282941764,0.009138941494045002,1.1594021311799432e-05,0.0006062387163194485,0.010876069522598664
Cora,Eigenvector Centrality,19,450,0.0023207089980132878,0.0009306331244099467,0.0007534519284396421,0.0006602044943300454,1.4096134340229292,1.1412402292174961,0.27048259329768687,0.007385859027676802,2.1603786994226457e-05,0.0006602044943300454,0.007620346154365572
Cora,Clustering Coefficient,19,450,0.002395875024376437,0.00973731912400324,0.01293990538483046,0.004133021022793186,2.355981029446239,3.1308588350913804,0.22070943228046058,0.020997000461060823,1.7283909992870096e-05,0.0006399227067982728,0.004133021022793186
Cora,Degree,20,300,0.001641833019675687,0.2541098563389522,0.2279572989937774,0.17521954493934044,1.450236938047767,1.3009810011359995,0.17521954493934044,0.007393955547183344,1.4344500460424555e-05,0.000819731904653628,0.011975502691686634
Cora,Neighborhood Heterogeneity,20,300,0.0015409580082632601,0.009681831907976727,0.009489793878026006,0.0021369909724195417,4.530590925714007,4.440727172226414,0.2506229695928512,0.0021369909724195417,2.0445914411358375e-05,0.0008173874360987768,0.011480392065231531
Cora,PageRank,20,300,0.0016073749866336584,1.7738457906169886e-05,1.586601540864169e-05,1.1691432396490948e-05,1.5172185327346104,1.3570634350504132,0.18210092066600242,0.012387522123030185,1.1691432396490948e-05,0.0008842514296228908,0.011529334172044077
Cora,Eigenvector Centrality,20,300,0.001576666021719575,0.0007673271537528824,0.0007512687107300168,0.0004910323023114821,1.5626816202127065,1.5299781851285537,0.31459405931835605,0.01370826203111761,2.381681667460536e-05,0.0004910323023114821,0.008094192954172661
Cora,Clustering Coefficient,20,300,0.001512957998784259,0.00786113160638302,0.007579366509194302,0.00606796512003413,1.295513644339934,1.2490787865886201,0.29422615823560966,0.008868006427629582,2.2621475030497813e-05,0.0008250904715837594,0.00606796512003413
Cora,Degree,20,350,0.0016582910029683262,0.2541098563389522,0.2279572989937774,0.19509664674292876,1.3024819266821273,1.1684326860530199,0.19509664674292876,0.010830470999256447,1.625234105536419e-05,0.0010635705553692536,0.008256609606482668
Cora,Neighborhood Heterogeneity,20,350,0.0016647079901304096,0.009681831907976727,0.009489793878026006,0.005433241935202211,1.7819622287105819,1.7466172114555065,0.27873112952454787,0.005433241935202211,1.953742982386903e-05,0.0010034712204611126,0.00894526695255456
Cora,PageRank,20,350,0.0017393750022165477,1.7738457906169886e-05,1.586601540864169e-05,1.5571548928731995e-05,1.1391582165239578,1.0189105452037823,0.20951705548803443,0.013623426244035532,1.5571548928731995e-05,0.0009976440427545228,0.00882874488943872
Cora,Eigenvector Centrality,20,350,0.0017349160043522716,0.0007673271537528824,0.0007512687107300168,0.0005541491382112611,1.3846943013026043,1.355715743157227,0.2973405140364444,0.00900876425388674,2.3084438301334403e-05,0.0005541491382112611,0.010364193393935331
Cora,Clustering Coefficient,20,350,0.0016646250151097775,0.00786113160638302,0.007579366509194302,0.005863855622690986,1.3406079740373047,1.2925568085041033,0.23145035667340727,0.011518588978329528,1.781265383855846e-05,0.0007494619661526227,0.005863855622690986
Cora,Degree,20,400,0.0018378750246483833,0.2541098563389522,0.2279572989937774,0.15165529574352402,1.6755752253366545,1.503127852385014,0.15165529574352402,0.014102173313385877,1.3941818708855365e-05,0.0008627753863838662,0.013169961026150362
Cora,Neighborhood Heterogeneity,20,400,0.0019537920015864074,0.009681831907976727,0.009489793878026006,0.005359768265486761,1.806390020688226,1.7705604809696314,0.2731217076243501,0.005359768265486761,2.2101198819285197e-05,0.0006995060802972948,0.01144069912616103
Cora,PageRank,20,400,0.0024296659976243973,1.7738457906169886e-05,1.586601540864169e-05,1.171849639271771e-05,1.5137144998562437,1.3539292821305464,0.1741778349397073,0.010310288362768049,1.171849639271771e-05,0.001027768939144178,0.01989575709255231
Cora,Eigenvector Centrality,20,400,0.0026432919839862734,0.0007673271537528824,0.0007512687107300168,0.0005326182301507538,1.440670090349134,1.4105200839959524,0.18824770342789576,0.011694854342993022,1.3066744666827147e-05,0.0005326182301507538,0.014181203247780091
Cora,Clustering Coefficient,20,400,0.0024240000057034194,0.00786113160638302,0.007579366509194302,0.005515530073096675,1.4252721863901316,1.3741864170344182,0.19135358716668086,0.010814042079324581,1.3946264776132177e-05,0.0007781517607933908,0.005515530073096675
Cora,Degree,20,450,0.0021222499781288207,0.2541098563389522,0.2279572989937774,0.14632017561680805,1.7366699791587878,1.5579348373034043,0.14632017561680805,0.01572756201902905,1.340799412111726e-05,0.0006664417923170569,0.009664207901167007
Cora,Neighborhood Heterogeneity,20,450,0.002234792016679421,0.009681831907976727,0.009489793878026006,0.003871885728673206,2.5005469134272302,2.4509488510338633,0.23655660317240973,0.003871885728673206,1.7297236636361202e-05,0.0008762839241259538,0.009347292712252408
Cora,PageRank,20,450,0.0021920420113019645,1.7738457906169886e-05,1.586601540864169e-05,1.0427802704100736e-05,1.7010734101436569,1.5215108934121255,0.16665103800088865,0.014190922670115855,1.0427802704100736e-05,0.0010894268511093337,0.012630750981943634
Cora,Eigenvector Centrality,20,450,0.002205708995461464,0.0007673271537528824,0.0007512687107300168,0.0006540965944666206,1.1731098437817047,1.1485592756260024,0.2081439940641343,0.00911780993737697,1.608321308494908e-05,0.0006540965944666206,0.011316062813241398
Cora,Clustering Coefficient,20,450,0.0021438749972730875,0.00786113160638302,0.007579366509194302,0.0038680852816629133,2.032305658732393,1.9594621000537729,0.2413434209944736,0.011129524421230878,1.7072309885349378e-05,0.0007724320256315938,0.0038680852816629133
Cora,Degree,21,300,0.0016953749873209745,0.31682623961939294,0.23489586038363944,0.1510257507061517,2.0978292651286767,1.5553364858994967,0.1510257507061517,0.013973133299049256,1.1960454052132172e-05,0.0010067030024047238,0.010016146849395268
Cora,Neighborhood Heterogeneity,21,300,0.0015783329727128148,0.0070524292261755165,0.004970192048538389,0.002211743509884667,3.188628877922319,2.2471828339614133,0.2299756990148874,0.002211743509884667,1.7412991891661283e-05,0.0009456722600047941,0.01226036894665985
Cora,PageRank,21,300,0.0021282499947119504,2.257687051687449e-05,1.7827021418297847e-05,1.1429975247234774e-05,1.975233544126568,1.5596727930456975,0.17427187089919324,0.007481901390404604,1.1429975247234774e-05,0.0009175901187031836,0.00998469309338305
Cora,Eigenvector Centrality,21,300,0.0018408340110909194,0.0008547846313070905,0.0006552090969644506,0.0004989915179039026,1.713024371431716,1.3130666022476016,0.2435551903661438,0.008719751008553166,1.775897534219222e-05,0.0004989915179039026,0.010550418734017264
Cora,Clustering Coefficient,21,300,0.0015989579842425883,0.010448934716038397,0.01332117297712361,0.0061825831009421,1.6900597283433507,2.1546290214997246,0.22631920982792914,0.01139628122582768,1.8028691082100726e-05,0.0010173872401868845,0.0061825831009421
Cora,Degree,21,350,0.002118958975188434,0.31682623961939294,0.23489586038363944,0.1771970807867479,1.787987918382725,1.3256192446326502,0.1771970807867479,0.009782586540269433,1.2168109178871931e-05,0.0007964916298407295,0.010225389690783317
Cora,Neighborhood Heterogeneity,21,350,0.0018008330080192536,0.0070524292261755165,0.004970192048538389,0.005306965812800662,1.3289004442358967,0.9365411845220561,0.2420240250914874,0.005306965812800662,1.7790497279331422e-05,0.0008139384891746287,0.009854626864257223
Cora,PageRank,21,350,0.001797500008251518,2.257687051687449e-05,1.7827021418297847e-05,1.5309258404862803e-05,1.474720062841399,1.164460155211392,0.22312232471770468,0.010003771678579762,1.5309258404862803e-05,0.0008412809094071891,0.009189313946706848
Cora,Eigenvector Centrality,21,350,0.001761666004313156,0.0008547846313070905,0.0006552090969644506,0.000556980483355087,1.5346760916255426,1.1763591661554518,0.22240400790495857,0.0088663598076514,1.6038196747736512e-05,0.000556980483355087,0.013164425130459841
Cora,Clustering Coefficient,21,350,0.0016843749908730388,0.010448934716038397,0.01332117297712361,0.005783866108727551,1.8065658021148696,2.3031606760437726,0.24607702270078216,0.015535525050769248,1.9151452732759305e-05,0.0010096133953045637,0.005783866108727551
Cora,Degree,21,400,0.0018559579912107438,0.31682623961939294,0.23489586038363944,0.14681674081475607,2.157970799931759,1.5999255880500436,0.14681674081475607,0.007788587258484608,1.344463676294444e-05,0.0008636921518679799,0.00813277495865631
Cora,Neighborhood Heterogeneity,21,400,0.0018709579890128225,0.0070524292261755165,0.004970192048538389,0.005240909209890775,1.3456499518949872,0.9483453823543666,0.22006360907606407,0.005240909209890775,1.6782572919423294e-05,0.0007073347852274645,0.00807009562544955
Cora,PageRank,21,400,0.001967958000022918,2.257687051687449e-05,1.7827021418297847e-05,1.2073959772258896e-05,1.8698812106983376,1.4764850765245363,0.18523399278229263,0.012818487479816777,1.2073959772258896e-05,0.0008942628894156284,0.012906223795176017
Cora,Eigenvector Centrality,21,400,0.0019967920088674873,0.0008547846313070905,0.0006552090969644506,0.0005262535531402777,1.62428286936286,1.2450445095423397,0.2756870639309801,0.012738483158583249,1.84131192360044e-05,0.0005262535531402777,0.01205464262267324
Cora,Clustering Coefficient,21,400,0.00194620800903067,0.010448934716038397,0.01332117297712361,0.005731252939796439,1.8231501603224511,2.324303798323853,0.23704134133546834,0.011977049069917372,1.827141106367e-05,0.0009773605079877884,0.005731252939796439
Cora,Degree,21,450,0.002049500006251037,0.31682623961939294,0.23489586038363944,0.16439078574541738,1.9272749271363885,1.4288870225817234,0.16439078574541738,0.005702654576655633,1.5041636802099318e-05,0.000998037619901637,0.011502507321307002
Cora,Neighborhood Heterogeneity,21,450,0.007266625005286187,0.0070524292261755165,0.004970192048538389,0.0039180436260643145,1.7999874170006884,1.2685392310271337,0.29369124861983786,0.0039180436260643145,2.043991196402492e-05,0.0006228500319036312,0.010076947870409927
Cora,PageRank,21,450,0.002269916993100196,2.257687051687449e-05,1.7827021418297847e-05,1.0246466462207078e-05,2.2033810972930716,1.7398213797947595,0.15391579181383805,0.00976881337442825,1.0246466462207078e-05,0.0007460657957346189,0.009705250829008635
Cora,Eigenvector Centrality,21,450,0.0021025000023655593,0.0008547846313070905,0.0006552090969644506,0.000642364919766464,1.3306838605349947,1.0199951410837569,0.31886884581992503,0.013843116832134402,2.163025309060372e-05,0.000642364919766464,0.00980293873637641
Cora,Clustering Coefficient,21,450,0.0027809999883174896,0.010448934716038397,0.01332117297712361,0.0039013665827773306,2.6782755463599477,3.4144889218896335,0.2027637016964882,0.009744600207455443,1.7850184183733823e-05,0.0007576484122669377,0.0039013665827773306
Cora,Degree,22,300,0.0017230839875992388,0.2538088790051402,0.3022596618608483,0.17131297627831443,1.4815508113804714,1.7643710851756982,0.17131297627831443,0.010938168042701337,1.3959704954951576e-05,0.0008053982303211895,0.01559017207235675
Cora,Neighborhood Heterogeneity,22,300,0.0019501660135574639,0.014598550234806542,0.005289750237093494,0.002187746271717003,6.672871723533644,2.417899326571337,0.26469592102905537,0.002187746271717003,2.0750317589989093e-05,0.0006683044454204848,0.009400854422018642
Cora,PageRank,22,300,0.0016477500030305237,2.1076936086661005e-05,2.3665436857470884e-05,1.2061827487851908e-05,1.7474081856906576,1.962010887761873,0.1785777045007801,0.009207456990648481,1.2061827487851908e-05,0.000809911016810112,0.0067565252921536504
Cora,Eigenvector Centrality,22,300,0.00160283301374875,0.0009037831453306576,0.0007674571133602574,0.0004927966148248925,1.8339881365698965,1.5573506194496916,0.2671548954791444,0.011886322935646735,2.1043594181692487e-05,0.0004927966148248925,0.005936128763105402
Cora,Clustering Coefficient,22,300,0.0015094580012373626,0.013588906911778059,0.01257015326461775,0.006023606334651818,2.255942064740447,2.086815201103998,0.23642503584707644,0.009754654733033965,1.7998795427129565e-05,0.0010544079711360768,0.006023606334651818
Cora,Degree,22,350,0.0016712500073481351,0.2538088790051402,0.3022596618608483,0.19723939737151436,1.2868061978868919,1.5324507471066788,0.19723939737151436,0.016646851396661017,1.5650629945815137e-05,0.0009598191171818421,0.008202608623035271
Cora,Neighborhood Heterogeneity,22,350,0.0016042919887695462,0.014598550234806542,0.005289750237093494,0.0052881841553816585,2.7605979303784167,1.0002961473477132,0.279460047245471,0.0052881841553816585,2.0102323386904598e-05,0.0008179100713974543,0.013235661112045927
Cora,PageRank,22,350,0.001746499998262152,2.1076936086661005e-05,2.3665436857470884e-05,1.4573586439396963e-05,1.446242225570739,1.6238581323740466,0.22731044108754722,0.014353732914131157,1.4573586439396963e-05,0.000810445055141679,0.008752471700012955
Cora,Eigenvector Centrality,22,350,0.0016973330057226121,0.0009037831453306576,0.0007674571133602574,0.0005400585469912359,1.6734910508606842,1.4210628044605538,0.23138438561586216,0.006631498877748039,1.842675790666453e-05,0.0005400585469912359,0.015320283683149175
Cora,Clustering Coefficient,22,350,0.001643249997869134,0.013588906911778059,0.01257015326461775,0.0059218580141823865,2.294703263609781,2.122670492016731,0.21398217876711617,0.014857366215548484,1.645782802217885e-05,0.000891292790814691,0.0059218580141823865
Cora,Degree,22,400,0.001810166984796524,0.2538088790051402,0.3022596618608483,0.16837731056249056,1.5073817140638024,1.7951329716046833,0.16837731056249056,0.0086293669278125,1.4111084664612253e-05,0.0006656338649848622,0.01446138662951858
Cora,Neighborhood Heterogeneity,22,400,0.0017771249986253679,0.014598550234806542,0.005289750237093494,0.00541804691787751,2.694430383509016,0.9763204928401994,0.25094495631064495,0.00541804691787751,1.789828309071314e-05,0.0006325258558156836,0.014738649665297449
Cora,PageRank,22,400,0.0018081669986713678,2.1076936086661005e-05,2.3665436857470884e-05,1.2171007442046481e-05,1.7317330703330047,1.9444106800654197,0.16156254867795866,0.008385451060320018,1.2171007442046481e-05,0.0007795489045980872,0.006415036624101441
Cora,Eigenvector Centrality,22,400,0.0018302499956917018,0.0009037831453306576,0.0007674571133602574,0.000525989535021389,1.7182530927994715,1.4590729705849552,0.2652059826883179,0.006903084615865226,1.9052202115354736e-05,0.000525989535021389,0.00935831592602035
Cora,Clustering Coefficient,22,400,0.001711750024696812,0.013588906911778059,0.01257015326461775,0.0055702614533487405,2.439545616590161,2.256654085251385,0.2108349492699375,0.010952249848801108,1.502748255546491e-05,0.0008313394658252796,0.0055702614533487405
Cora,Degree,22,450,0.0018864169833250344,0.2538088790051402,0.3022596618608483,0.16575485826010286,1.53123040657344,1.8235342543416846,0.16575485826010286,0.015968838782698183,1.4565846927009267e-05,0.0008493287259287283,0.006265281402576685
Cora,Neighborhood Heterogeneity,22,450,0.001851084001827985,0.014598550234806542,0.005289750237093494,0.004022047781481673,3.6296312296490463,1.315188313139536,0.23351677612861566,0.004022047781481673,1.712976258972713e-05,0.0008610864633202412,0.013584948880492298
Cora,PageRank,22,450,0.001977167004952207,2.1076936086661005e-05,2.3665436857470884e-05,1.1212872793500349e-05,1.879708837763544,2.1105596481205766,0.18888071124053968,0.015618148148414094,1.1212872793500349e-05,0.0007855844883025868,0.006745993117521937
Cora,Eigenvector Centrality,22,450,0.001937166991410777,0.0009037831453306576,0.0007674571133602574,0.0006516510247279969,1.3869127969343746,1.1777118185007054,0.29967133255400463,0.013793888165004342,2.2889738361699937e-05,0.0006516510247279969,0.007169111623630683
Cora,Clustering Coefficient,22,450,0.0018946250202134252,0.013588906911778059,0.01257015326461775,0.0039246256513978325,3.462472123153479,3.202892296273058,0.24556959363732597,0.009151288442035891,1.904881911439947e-05,0.0010078096986466311,0.0039246256513978325
Cora,Degree,23,300,0.0016285000019706786,0.23116233275875753,0.2978329001270821,0.1508895166438218,1.5319973043880946,1.9738475326296097,0.1508895166438218,0.009225380910970223,1.3477906718607723e-05,0.0009914558904088977,0.008665193867909737
Cora,Neighborhood Heterogeneity,23,300,0.0014687080110888928,0.010955154264734441,0.009070313853056748,0.0020969251561978653,5.224389736731603,4.325530563762704,0.20873852950653582,0.0020969251561978653,1.484160188334242e-05,0.0009151130983955973,0.01203534451112271
Cora,PageRank,23,300,0.0014947500021662563,1.5465953178182158e-05,2.179432151386826e-05,1.061257881653935e-05,1.4573228096152262,2.053631062782077,0.16073606371232377,0.00916648049169331,1.061257881653935e-05,0.0008131035185308142,0.010690179441942015
Cora,Eigenvector Centrality,23,300,0.0015522080066148192,0.0011207511559173976,0.000833303694315032,0.0004985544024525311,2.2480017233908747,1.6714398473181138,0.2479728130732947,0.012888576982076336,1.8105589198674564e-05,0.0004985544024525311,0.01204113982963147
Cora,Clustering Coefficient,23,300,0.0014938329986762255,0.010379572279097958,0.008702424634738607,0.006068222888898366,1.7104797350286982,1.4340977241721682,0.2269098240828542,0.01062894328904924,1.6778044297706197e-05,0.0007484989933475692,0.006068222888898366
Cora,Degree,23,350,0.0016506670217495412,0.23116233275875753,0.2978329001270821,0.18340370901012615,1.2604016244076859,1.6239197218778059,0.18340370901012615,0.008357989736299238,1.4676840070428961e-05,0.000764298904196341,0.01566296613067723
Cora,Neighborhood Heterogeneity,23,350,0.0015992499829735607,0.010955154264734441,0.009070313853056748,0.0052351761271062745,2.0926047183038836,1.7325709074224276,0.23077811482101218,0.0052351761271062745,1.787155390810741e-05,0.0008352382341563696,0.007958944707817243
Cora,PageRank,23,350,0.0016715409874450415,1.5465953178182158e-05,2.179432151386826e-05,1.484186375707522e-05,1.0420492622302526,1.4684356271279444,0.2108048542568038,0.010160530274674414,1.484186375707522e-05,0.0007697342933708308,0.014091382011580389
Cora,Eigenvector Centrality,23,350,0.001717125007417053,0.0011207511559173976,0.000833303694315032,0.0005656200654758557,1.9814557939604045,1.4732569531704542,0.24922948111959692,0.015030659222869286,1.7973808145563956e-05,0.0005656200654758557,0.014364659430561727
Cora,Clustering Coefficient,23,350,0.001635708991670981,0.010379572279097958,0.008702424634738607,0.005753250501405943,1.8041231259722592,1.5126100684494728,0.28282471122272534,0.012385424717079504,2.188823437211122e-05,0.0007506720731494679,0.005753250501405943
Cora,Degree,23,400,0.0017732499982230365,0.23116233275875753,0.2978329001270821,0.14868800764554815,1.554680410472759,2.003072775291165,0.14868800764554815,0.012699021237351008,1.4131245769580865e-05,0.000763879283093634,0.008978727611816107
Cora,Neighborhood Heterogeneity,23,400,0.001773916999809444,0.010955154264734441,0.009070313853056748,0.005201266032408147,2.106247632110117,1.7438665502862698,0.3088784288515077,0.005201266032408147,2.1674287344431235e-05,0.000920404265108419,0.009598273194607317
Cora,PageRank,23,400,0.0019722080032806844,1.5465953178182158e-05,2.179432151386826e-05,1.3298006402601868e-05,1.163027953961288,1.6389164551465412,0.20920201144827494,0.01059282521170779,1.3298006402601868e-05,0.0006840699270918505,0.006985605049169506
Cora,Eigenvector Centrality,23,400,0.001940500020282343,0.0011207511559173976,0.000833303694315032,0.000535316292102314,2.093624222636569,1.5566567029791878,0.28325153933055225,0.008893377579819802,2.174657263948276e-05,0.000535316292102314,0.013569355105439726
Cora,Clustering Coefficient,23,400,0.001914333988679573,0.010379572279097958,0.008702424634738607,0.005521978849622886,1.8796834543846204,1.5759612399335654,0.25165846533648406,0.006017593136765252,1.7418147189243502e-05,0.0006646154235605533,0.005521978849622886
Cora,Degree,23,450,0.002208667021477595,0.23116233275875753,0.2978329001270821,0.17183512289230055,1.3452565975329789,1.7332480991895467,0.17183512289230055,0.010918779302549017,1.4214386584934156e-05,0.000813988423602547,0.013919854883071226
Cora,Neighborhood Heterogeneity,23,450,0.002162624994525686,0.010955154264734441,0.009070313853056748,0.003903293988103676,2.8066433884107065,2.323758825417951,0.30927193794827385,0.003903293988103676,2.3753133196602064e-05,0.0007564902892084517,0.014457018726433277
Cora,PageRank,23,450,0.0022171660093590617,1.5465953178182158e-05,2.179432151386826e-05,9.982483640140176e-06,1.5493091434673247,2.183256421902057,0.1650299554240963,0.009375254358738639,9.982483640140176e-06,0.0009255219452020428,0.010388561959395751
Cora,Eigenvector Centrality,23,450,0.002177417016355321,0.0011207511559173976,0.000833303694315032,0.0006520838408889993,1.7187224795962657,1.2779088240846024,0.2255934979699433,0.009769823961893562,1.7562941129181774e-05,0.0006520838408889993,0.009880050769831287
Cora,Clustering Coefficient,23,450,0.002005707996431738,0.010379572279097958,0.008702424634738607,0.003997773158903031,2.5963384780806478,2.176818015639114,0.19974969283107707,0.009823957567772287,1.527189414354375e-05,0.0008240808056168102,0.003997773158903031
Cora,Degree,24,300,0.0016810839879326522,0.24099912521853567,0.28107407027430764,0.17068546840463283,1.4119486999749438,1.6467369653753055,0.17068546840463283,0.007532011202922575,1.4174229734516457e-05,0.0007543011262284424,0.01066477371166292
Cora,Neighborhood Heterogeneity,24,300,0.0014864580007269979,0.0127430617807684,0.012339493915763953,0.0022187270404118633,5.743411221239229,5.561519597053889,0.23298744906675034,0.0022187270404118633,1.680010414825534e-05,0.0008319958942332409,0.014115844934899141
Cora,PageRank,24,300,0.0016122920205816627,1.8078077717556612e-05,2.3013396452662082e-05,1.0196212270077794e-05,1.7730189641705725,2.2570534864400678,0.17350420072320846,0.009507621310332086,1.0196212270077794e-05,0.000624220655412519,0.011767779178463708
Cora,Eigenvector Centrality,24,300,0.0016264589794445783,0.0006557794110414185,0.0008790989588841902,0.0004923218390156105,1.3320136525989559,1.785618449593734,0.2642506476231003,0.00806525243182674,1.9838077553363134e-05,0.0004923218390156105,0.011735735480828884
Cora,Clustering Coefficient,24,300,0.001596582995261997,0.013634427365200708,0.01641953419744998,0.005926771764933469,2.3004812579203073,2.7704009617171916,0.21222282294930603,0.013943962609299258,1.6483757395988054e-05,0.0008683847464316325,0.005926771764933469
Cora,Degree,24,350,0.0017092499765567482,0.24099912521853567,0.28107407027430764,0.20107363563908795,1.198561534198899,1.3978663556808335,0.20107363563908795,0.013248723334520032,1.6201311943153017e-05,0.0009393866425500356,0.016129132354228946
Cora,Neighborhood Heterogeneity,24,350,0.0016347920172847807,0.0127430617807684,0.012339493915763953,0.005215246567337422,2.443424604423681,2.3660422870598286,0.2701925110618641,0.005215246567337422,1.9581488814227967e-05,0.0008701272316788853,0.0111096646933577
Cora,PageRank,24,350,0.001801500009605661,1.8078077717556612e-05,2.3013396452662082e-05,1.3922982741438301e-05,1.2984342545905556,1.6529070587847834,0.20744970611092578,0.008159486776910604,1.3922982741438301e-05,0.0008267546954970426,0.010198822331477527
Cora,Eigenvector Centrality,24,350,0.0017484999843873084,0.0006557794110414185,0.0008790989588841902,0.0005560432080998401,1.1793677208690414,1.5809903728315011,0.2641717493413739,0.010269213611082819,2.0299024333301514e-05,0.0005560432080998401,0.009614906728272326
Cora,Clustering Coefficient,24,350,0.0017156250250991434,0.013634427365200708,0.01641953419744998,0.005753673590464967,2.369690798552735,2.8537479471655396,0.27251210905914364,0.008795283118758598,2.0278857871901956e-05,0.0008412828581232745,0.005753673590464967
Cora,Degree,24,400,0.0017303750209975988,0.24099912521853567,0.28107407027430764,0.14584897220003887,1.6523882313547866,1.9271583888078487,0.14584897220003887,0.012810568359952479,1.2610602420574103e-05,0.0007198371603297162,0.01459681959946905
Cora,Neighborhood Heterogeneity,24,400,0.00169966698740609,0.0127430617807684,0.012339493915763953,0.005273035699481799,2.4166462180448938,2.340111961877406,0.24167895757104688,0.005273035699481799,1.8460344612126883e-05,0.0007675551075845214,0.009242288203308666
Cora,PageRank,24,400,0.0018067090131808072,1.8078077717556612e-05,2.3013396452662082e-05,1.3418963118705583e-05,1.3472037710839506,1.7149906627720128,0.21059750786773793,0.008976782132549904,1.3418963118705583e-05,0.0007381102474017688,0.00824178443644665
Cora,Eigenvector Centrality,24,400,0.0017910419846884906,0.0006557794110414185,0.0008790989588841902,0.0005448209634978842,1.2036603856634918,1.6135556775204816,0.23840686666421954,0.0107206335239284,2.0377564730165343e-05,0.0005448209634978842,0.007427449392265509
Cora,Clustering Coefficient,24,400,0.001714583981083706,0.013634427365200708,0.01641953419744998,0.0056704968013365315,2.404450234763748,2.895607699413552,0.25856862632712396,0.014208401314948462,2.069461782875152e-05,0.0006878860150038787,0.0056704968013365315
Cora,Degree,24,450,0.0017948340100701898,0.24099912521853567,0.28107407027430764,0.1584291350193887,1.5211793284678476,1.7741311927248073,0.1584291350193887,0.008133431223197062,1.4961099337000935e-05,0.0009974774618606804,0.009776744742102732
Cora,Neighborhood Heterogeneity,24,450,0.0017309579998254776,0.0127430617807684,0.012339493915763953,0.003908686155589121,3.2601905790125407,3.1569415974008104,0.2545923165459781,0.003908686155589121,2.0968677593017106e-05,0.0006134509675860787,0.01437237825451355
Cora,PageRank,24,450,0.0019539999775588512,1.8078077717556612e-05,2.3013396452662082e-05,1.037198284264374e-05,1.7429721965244445,2.2188039453790824,0.15778552529106887,0.006601494665234471,1.037198284264374e-05,0.0010898752191965608,0.00945769668874801
Cora,Eigenvector Centrality,24,450,0.0018849160114768893,0.0006557794110414185,0.0008790989588841902,0.000660170203606599,0.9933489991805249,1.3316247144774995,0.35425186538756614,0.008631040938897003,2.5320630630245535e-05,0.000660170203606599,0.016871327776442374
Cora,Clustering Coefficient,24,450,0.0018639580230228603,0.013634427365200708,0.01641953419744998,0.004054031477722612,3.363177479041176,4.050174323430216,0.21679433110742746,0.010690294960458233,1.6303675972353795e-05,0.0006390532121351281,0.004054031477722612
