Dataset,TargetProperty,StratSeed,RequestedBins,StratifiedKFoldSeconds,RandomTargetEmd,LabelTargetEmd,StratifiedKFoldTargetEmd,RandomToStratifiedKFoldRatio,LabelToStratifiedKFoldRatio,DegreeEmd,NeighHetEmd,PageRankEmd,EigCentralityEmd,ClusteringEmd
Cora,Degree,0,5,0.0005994590173941106,0.26897308119909613,0.40602873607785606,0.1885574117510897,1.4264784327553313,2.1533427527836735,0.1885574117510897,0.007689749517156168,1.6339073801073434e-05,0.0008959212373177023,0.00828364771402311
Cora,Neighborhood Heterogeneity,0,5,0.00047608400927856565,0.007419565127568121,0.013568164222910021,0.008607456609868442,0.8619927423231616,1.576326763861247,0.30334823468532485,0.008607456609868442,2.2895180818670997e-05,0.0009724538221559642,0.009400708636494264
Cora,PageRank,0,5,0.0005512089992407709,1.9076487445213708e-05,2.7733618360247745e-05,1.818829889278788e-05,1.0488329644053749,1.52480550950506,0.2831474727075204,0.015143664751805192,1.818829889278788e-05,0.0010567739623395765,0.009903528132089024
Cora,Eigenvector Centrality,0,5,0.0005449590098578483,0.0012609059738635017,0.0007100571108405935,0.0007682033004389589,1.6413701596218182,0.9243088521422127,0.29509392750217806,0.01129700619257225,2.1897876762120615e-05,0.0007682033004389589,0.014670542451921838
Cora,Clustering Coefficient,0,5,0.000482457980979234,0.009579890009678002,0.009601060828420552,0.0066142205994945465,1.448377759037866,1.451578562280529,0.27022315616964077,0.013948899087426133,1.9786558591181007e-05,0.000868187426991549,0.0066142205994945465
Cora,Degree,0,10,0.0005370409926399589,0.26897308119909613,0.40602873607785606,0.2896395305347192,0.9286476908125434,1.401841576418331,0.2896395305347192,0.010640351687783257,2.2535236025401e-05,0.0010301378775363558,0.010458137379857744
Cora,Neighborhood Heterogeneity,0,10,0.0004833750135730952,0.007419565127568121,0.013568164222910021,0.0035582520164691043,2.0851713406546857,3.813154369086502,0.26371586495224597,0.0035582520164691043,1.940338344595081e-05,0.0006240484413192398,0.014154831347826366
Cora,PageRank,0,10,0.0005757909966632724,1.9076487445213708e-05,2.7733618360247745e-05,1.6483708060257254e-05,1.1572934545721376,1.682486626119907,0.2277899291714855,0.014067376353748644,1.6483708060257254e-05,0.0007070614868773864,0.010979806488372608
Cora,Eigenvector Centrality,0,10,0.0005703750066459179,0.0012609059738635017,0.0007100571108405935,0.0005868467110718065,2.148612150455108,1.2099532934993495,0.2634997271238374,0.013355933978012732,1.7366621482282347e-05,0.0005868467110718065,0.011005575766784062
Cora,Clustering Coefficient,0,10,0.0005126250034663826,0.009579890009678002,0.009601060828420552,0.0031988031029123337,2.994835787471896,3.0014541437950077,0.25419518851154,0.009343571912746174,1.8973479981188512e-05,0.0009444747937856464,0.0031988031029123337
Cora,Degree,0,20,0.0005580410070251673,0.26897308119909613,0.40602873607785606,0.15944945278528916,1.6868861981062355,2.546441702905087,0.15944945278528916,0.019303025477475175,1.4285347016632351e-05,0.0008616742436448824,0.012580735159345931
Cora,Neighborhood Heterogeneity,0,20,0.0005139170098118484,0.007419565127568121,0.013568164222910021,0.002567268328516927,2.890062189897499,5.285058858942162,0.2398806347008134,0.002567268328516927,1.814500252384387e-05,0.0008232579635419187,0.007795167981503194
Cora,PageRank,0,20,0.0006080829771235585,1.9076487445213708e-05,2.7733618360247745e-05,1.2206231927975138e-05,1.562848187530569,2.272086793360513,0.18530335709765497,0.012564463190878237,1.2206231927975138e-05,0.000773851662507762,0.012153219271761596
Cora,Eigenvector Centrality,0,20,0.0006057909922674298,0.0012609059738635017,0.0007100571108405935,0.0006143173828330568,2.052531816776147,1.1558473367073097,0.24861676837389304,0.014119287839142281,1.7435259617119135e-05,0.0006143173828330568,0.02104060257154681
Cora,Clustering Coefficient,0,20,0.0005395830085035414,0.009579890009678002,0.009601060828420552,0.0020628456593552473,4.644016854209172,4.654279773612056,0.28581266413990486,0.007815727317247992,2.127756110629372e-05,0.0008185773984725952,0.0020628456593552473
Cora,Degree,0,50,0.0006410829955711961,0.26897308119909613,0.40602873607785606,0.1885596332871617,1.426461626542681,2.15331738293904,0.1885596332871617,0.007504550309655425,1.6488640582227527e-05,0.0009482616921904181,0.012474478071190037
Cora,Neighborhood Heterogeneity,0,50,0.0006056250131223351,0.007419565127568121,0.013568164222910021,0.0018256867005681187,4.0639859649847345,7.43181413256057,0.2275329332143682,0.0018256867005681187,1.7517441198360786e-05,0.0008546638238465494,0.010699970326900378
Cora,PageRank,0,50,0.0007186659786384553,1.9076487445213708e-05,2.7733618360247745e-05,1.2396694946896622e-05,1.5388365630461287,2.237178415622025,0.21371334267762063,0.005546609675262286,1.2396694946896622e-05,0.0006278625786911061,0.010786481178129102
Cora,Eigenvector Centrality,0,50,0.0006866250187158585,0.0012609059738635017,0.0007100571108405935,0.0005222069309947238,2.4145715022618908,1.3597236434377538,0.25783518191161225,0.008638012064032247,1.8066784268400557e-05,0.0005222069309947238,0.010542955266018783
Cora,Clustering Coefficient,0,50,0.000626583001576364,0.009579890009678002,0.009601060828420552,0.0023690044085684443,4.043846425539998,4.052783014541681,0.26149794983452906,0.008088501869119203,1.948048459120644e-05,0.0007812424672095042,0.0023690044085684443
Cora,Degree,1,5,0.0006173329893499613,0.2543631225334695,0.2595341421732891,0.20882387376911446,1.2180749161597557,1.2428375045864837,0.20882387376911446,0.00827857660181364,1.7669340391429605e-05,0.0008021887678598941,0.007903381172926759
Cora,Neighborhood Heterogeneity,1,5,0.0004850830009672791,0.011869421763793889,0.015016288963528513,0.00581010070283941,2.0428943267701496,2.584514405437072,0.22687107465029005,0.00581010070283941,1.762864234240436e-05,0.0007317112831566289,0.017185017796922313
Cora,PageRank,1,5,0.0005577499978244305,1.854918284356529e-05,2.057194222610257e-05,1.3257160726048915e-05,1.3991821647842069,1.5517607918625356,0.20266988637935918,0.007261075721043386,1.3257160726048915e-05,0.0007902754737632896,0.01059950637198745
Cora,Eigenvector Centrality,1,5,0.0005620000010821968,0.0010592496219496896,0.0007407850821359054,0.0005816959721822157,1.8209677780231917,1.2734918540984073,0.2628828221733292,0.008902527058878552,1.941395379627588e-05,0.0005816959721822157,0.011543722621593219
Cora,Clustering Coefficient,1,5,0.00048474999493919313,0.010070372456558504,0.01312044524318939,0.005722389266966657,1.759819541584007,2.292826410626958,0.278799764410379,0.012772873197385673,2.002285852906595e-05,0.0008590293725588315,0.005722389266966657
Cora,Degree,1,10,0.0005204160115681589,0.2543631225334695,0.2595341421732891,0.2311628949433969,1.1003631123228208,1.1227327042985824,0.2311628949433969,0.0111430524928838,1.853488144615851e-05,0.0008226148226929079,0.012577960915942352
Cora,Neighborhood Heterogeneity,1,10,0.0004835000145249069,0.011869421763793889,0.015016288963528513,0.0035397389095604263,3.3531913135559095,4.242202418650497,0.2762589608629494,0.0035397389095604263,1.9124289001450628e-05,0.0008093434706002243,0.01539959793946193
Cora,PageRank,1,10,0.0005771669966634363,1.854918284356529e-05,2.057194222610257e-05,1.3876499601902831e-05,1.3367335693953906,1.482502274801465,0.2045624729039323,0.012880747872304843,1.3876499601902831e-05,0.0007409709685260141,0.01020740021518515
Cora,Eigenvector Centrality,1,10,0.0005676249857060611,0.0010592496219496896,0.0007407850821359054,0.0008719847094327108,1.2147571058199038,0.8495390734750838,0.30762501200561165,0.009032251092517587,2.1889096190462052e-05,0.0008719847094327108,0.010218308133954166
Cora,Clustering Coefficient,1,10,0.0005126670002937317,0.010070372456558504,0.01312044524318939,0.0033303902022539323,3.0237815526069904,3.9396120113222084,0.28395007087102836,0.007392716958834042,2.0749343911649068e-05,0.0009753578442554419,0.0033303902022539323
Cora,Degree,1,20,0.0005622910102829337,0.2543631225334695,0.2595341421732891,0.19179951746221305,1.3261927136160927,1.3531532592328894,0.19179951746221305,0.010698676790375252,1.6921874151649428e-05,0.0007502713960504796,0.011138791709314253
Cora,Neighborhood Heterogeneity,1,20,0.0005175420083105564,0.011869421763793889,0.015016288963528513,0.0030528017825977444,3.888042070551253,4.918854885740595,0.2956121368086976,0.0030528017825977444,2.10756149194349e-05,0.0010109548615333866,0.012456985730747983
Cora,PageRank,1,20,0.0006366250163409859,1.854918284356529e-05,2.057194222610257e-05,1.1671613407111354e-05,1.589256103381862,1.7625619962333887,0.17912552824324263,0.014038948055536894,1.1671613407111354e-05,0.0008123031953646782,0.013169913498559057
Cora,Eigenvector Centrality,1,20,0.0006101250182837248,0.0010592496219496896,0.0007407850821359054,0.0005701333177326728,1.8578981248844615,1.299319052396178,0.2911351482097528,0.00995625299258327,2.0284593769264287e-05,0.0005701333177326728,0.008755898566345462
Cora,Clustering Coefficient,1,20,0.0005460000247694552,0.010070372456558504,0.01312044524318939,0.00172845453279822,5.826229308013924,7.590853559768513,0.25670626075310254,0.006417515489549747,1.940919580288755e-05,0.0007535073686566493,0.00172845453279822
Cora,Degree,1,50,0.0006531249964609742,0.2543631225334695,0.2595341421732891,0.1651666811461095,1.5400389519751576,1.5713468380689952,0.1651666811461095,0.009861671746848325,1.5954105251937283e-05,0.0007887111031160743,0.012423501092861259
Cora,Neighborhood Heterogeneity,1,50,0.0006065829948056489,0.011869421763793889,0.015016288963528513,0.0017077585819620087,6.9502925584231905,8.792981116965963,0.2890977910808422,0.0017077585819620087,2.042949875693459e-05,0.0008379502397922619,0.00887059623796989
Cora,PageRank,1,50,0.0007020000193733722,1.854918284356529e-05,2.057194222610257e-05,1.0495829948828084e-05,1.7672907177422787,1.9600110068856003,0.1849394745268224,0.009120034844694338,1.0495829948828084e-05,0.0007446064714365803,0.0139327819543901
Cora,Eigenvector Centrality,1,50,0.0007042079814709723,0.0010592496219496896,0.0007407850821359054,0.0005480305102934991,1.932829654652632,1.3517223370267764,0.2455397605740242,0.008677263515432024,1.9295095834922277e-05,0.0005480305102934991,0.015268950441008839
Cora,Clustering Coefficient,1,50,0.000630916008958593,0.010070372456558504,0.01312044524318939,0.0022717775550743138,4.432816247376422,5.775409310600482,0.24967381352115697,0.016309617475442795,1.894332782397928e-05,0.0007061098894262141,0.0022717775550743138
Cora,Degree,2,5,0.0007233330106828362,0.22191878311971394,0.2880084787518428,0.1860701739216906,1.1926617707849867,1.5478487104174683,0.1860701739216906,0.012342766820032347,1.5772610380511323e-05,0.0006969803315346376,0.010122475225935647
Cora,Neighborhood Heterogeneity,2,5,0.0004916659963782877,0.00908160894129743,0.01513166615556232,0.007302011059035066,1.2437133918142178,2.072260098379242,0.24738382391482264,0.007302011059035066,2.0041059523258006e-05,0.0010227275871375657,0.008130136623880815
Cora,PageRank,2,5,0.0005525829910766333,1.66699110775385e-05,2.2586675250915984e-05,1.6052049571705713e-05,1.038491128691869,1.4070898018361833,0.2282437099019649,0.012279043453186086,1.6052049571705713e-05,0.0007810932167652176,0.009110847111521419
Cora,Eigenvector Centrality,2,5,0.0005429170269053429,0.0008027274574307344,0.0007339245870973372,0.0008031634406625741,0.9994571674832708,0.913792324127555,0.26134025200601363,0.009856553207093869,1.9366019578466483e-05,0.0008031634406625741,0.010438701812291434
Cora,Clustering Coefficient,2,5,0.00048279098700731993,0.010381056564755062,0.00902135762287154,0.007595975792747733,1.3666521389742168,1.187649601448795,0.3699184641857184,0.009929076900279388,2.6346554449739618e-05,0.0007137647003292063,0.007595975792747733
Cora,Degree,2,10,0.0005204580083955079,0.22191878311971394,0.2880084787518428,0.19681162926679446,1.1275694629756083,1.463371243989975,0.19681162926679446,0.010578542134553611,1.7461568790016393e-05,0.0008978899155349289,0.00858236927125928
Cora,Neighborhood Heterogeneity,2,10,0.0005037910013925284,0.00908160894129743,0.01513166615556232,0.00330901908309054,2.744501833702161,4.5728555126462815,0.3479909369791304,0.00330901908309054,2.5301693009915703e-05,0.0009321779749044284,0.010214664304838136
Cora,PageRank,2,10,0.0005795409961137921,1.66699110775385e-05,2.2586675250915984e-05,1.3901923251473692e-05,1.199108265525159,1.6247158642975283,0.21378243899815375,0.009201693538149846,1.3901923251473692e-05,0.0011447899245382817,0.009261242719148296
Cora,Eigenvector Centrality,2,10,0.0005681659968104213,0.0008027274574307344,0.0007339245870973372,0.000635323024877629,1.2634949875858026,1.1551991008647926,0.28378962962177773,0.008324511542082974,2.0961443433358444e-05,0.000635323024877629,0.015731080124088585
Cora,Clustering Coefficient,2,10,0.0005109999910928309,0.010381056564755062,0.00902135762287154,0.0036934436414286773,2.8106714417712135,2.4425329038950623,0.24705370365476403,0.006282765214081426,1.9520427385847158e-05,0.0007189858215482819,0.0036934436414286773
Cora,Degree,2,20,0.0005597079871222377,0.22191878311971394,0.2880084787518428,0.17799083814344374,1.2467989107443185,1.6181084473557863,0.17799083814344374,0.008544083839824166,1.5046355246106535e-05,0.0007328945675722395,0.01020505261512322
Cora,Neighborhood Heterogeneity,2,20,0.0005221249884925783,0.00908160894129743,0.01513166615556232,0.003127953744345145,2.9033706005773166,4.837560716144868,0.35271615729833294,0.003127953744345145,2.6075772800185414e-05,0.0012817428963656824,0.014618480890677663
Cora,PageRank,2,20,0.0006165410159155726,1.66699110775385e-05,2.2586675250915984e-05,1.4719253268867915e-05,1.132524237000279,1.5344987166358588,0.22802417680074133,0.01190319516726368,1.4719253268867915e-05,0.001180038637590927,0.006313945095523135
Cora,Eigenvector Centrality,2,20,0.0006227500271052122,0.0008027274574307344,0.0007339245870973372,0.0005486256054349074,1.4631607593203657,1.3377512457070597,0.31055396374575817,0.008617259230190208,2.4350210218712543e-05,0.0005486256054349074,0.01691605925765053
Cora,Clustering Coefficient,2,20,0.0005582089943345636,0.010381056564755062,0.00902135762287154,0.0023694362891598956,4.3812347317579725,3.807385606502271,0.24994466662435738,0.0072832520109512,1.7082412851747774e-05,0.0009720231065998619,0.0023694362891598956
Cora,Degree,2,50,0.000674000009894371,0.22191878311971394,0.2880084787518428,0.17650452270992517,1.2572979984451982,1.6317342713374425,0.17650452270992517,0.011787407764353743,1.5042672751194958e-05,0.0007651342184267693,0.011030584821195219
Cora,Neighborhood Heterogeneity,2,50,0.0006194580055307597,0.00908160894129743,0.01513166615556232,0.0014826589835370367,6.125217627341596,10.205762972861205,0.2742329058617682,0.0014826589835370367,2.138073690433207e-05,0.0007208451324053324,0.011827258221456008
Cora,PageRank,2,50,0.0007176249928306788,1.66699110775385e-05,2.2586675250915984e-05,1.3246095193666567e-05,1.258477372675759,1.7051572497920355,0.21914020166529974,0.007818094021533658,1.3246095193666567e-05,0.0007212427821969791,0.0071196293934724765
Cora,Eigenvector Centrality,2,50,0.0006948339869268239,0.0008027274574307344,0.0007339245870973372,0.0005101843752656609,1.5734065885744577,1.4385477538687288,0.32106250539074954,0.011507577903813262,2.4565185676945634e-05,0.0005101843752656609,0.0191840906241878
Cora,Clustering Coefficient,2,50,0.00063308299286291,0.010381056564755062,0.00902135762287154,0.0023740447994737893,4.372729852046616,3.799994686229652,0.26862626969727776,0.010350009106974542,2.0498634010843774e-05,0.000918711085967258,0.0023740447994737893
Cora,Degree,3,5,0.0006262910028453916,0.33609025691001554,0.23781076657532427,0.19165707518887976,1.753602138500734,1.2408139190319984,0.19165707518887976,0.013973129260999856,1.6269640504389625e-05,0.0008137992483317369,0.012849567306638202
Cora,Neighborhood Heterogeneity,3,5,0.0004911669821012765,0.009094417088835563,0.012022368079523789,0.0062005766619202,1.4667050477236088,1.9389112876157377,0.2848890572442667,0.0062005766619202,2.2025414287122183e-05,0.0007888766384627946,0.010584352072712995
Cora,PageRank,3,5,0.000570792006328702,2.4507559756539373e-05,1.7364371710429918e-05,1.5808527250225696e-05,1.5502746947024735,1.0984180522054645,0.23262773049073754,0.017434891075073823,1.5808527250225696e-05,0.0007689387254955738,0.010235371309751815
Cora,Eigenvector Centrality,3,5,0.0005474589997902513,0.0009334696125981728,0.000664730457370697,0.0008862958398777219,1.0532257634504516,0.7500096778773178,0.28001698784956697,0.018152531566618328,2.1850986222335882e-05,0.0008862958398777219,0.011848466807891525
Cora,Clustering Coefficient,3,5,0.0004967080021742731,0.010765921365833448,0.017183309792097333,0.005377579737844264,2.002001251616816,3.195361227500029,0.3202152336984898,0.010511014901340028,2.4325441980318594e-05,0.0008053811561599224,0.005377579737844264
Cora,Degree,3,10,0.0005259579920675606,0.33609025691001554,0.23781076657532427,0.19950709403969466,1.684603038943296,1.1919915315292426,0.19950709403969466,0.01601077108754622,1.690992130784274e-05,0.0008352754384854845,0.014170476190240758
Cora,Neighborhood Heterogeneity,3,10,0.0004896250029560179,0.009094417088835563,0.012022368079523789,0.003820187168436809,2.380620814596613,3.147062578204316,0.2529557204941675,0.003820187168436809,1.8049378368089365e-05,0.000744691630447786,0.009202532322540676
Cora,PageRank,3,10,0.0005826249835081398,2.4507559756539373e-05,1.7364371710429918e-05,1.3965103125085243e-05,1.7549143416289508,1.2434116350518483,0.22391668657401223,0.014683418311738134,1.3965103125085243e-05,0.0009441705461668025,0.011047860191433865
Cora,Eigenvector Centrality,3,10,0.0005758329934906214,0.0009334696125981728,0.000664730457370697,0.0005559239978840475,1.679131708922687,1.1957218251070068,0.29763391699013103,0.012696293079718868,2.1664753857979064e-05,0.0005559239978840475,0.012623742104405927
Cora,Clustering Coefficient,3,10,0.0005159589927643538,0.010765921365833448,0.017183309792097333,0.0032660308780889614,3.296331776303617,5.261220862110076,0.2380750709327378,0.01113577405542945,1.8143071104913446e-05,0.0006641039645973887,0.0032660308780889614
Cora,Degree,3,20,0.0005714999861083925,0.33609025691001554,0.23781076657532427,0.1666477344105159,2.016770633569486,1.4270267004621084,0.1666477344105159,0.010770136838019903,1.419459174589928e-05,0.0009819012157372162,0.006216240522334779
Cora,Neighborhood Heterogeneity,3,20,0.0005184579931665212,0.009094417088835563,0.012022368079523789,0.0026117372122283176,3.4821332890058505,4.603207406638886,0.26629730296352594,0.0026117372122283176,2.0412779024461076e-05,0.0008816859626516902,0.014309914318050398
Cora,PageRank,3,20,0.0006144169892650098,2.4507559756539373e-05,1.7364371710429918e-05,1.3502608287037103e-05,1.8150241224184325,1.2860012925873159,0.2020862480499464,0.007314968300252217,1.3502608287037103e-05,0.0008730365866158763,0.012753710225097298
Cora,Eigenvector Centrality,3,20,0.0006092499825172126,0.0009334696125981728,0.000664730457370697,0.000582358004647631,1.602913680499661,1.1414464162348166,0.2184337703224053,0.012097534785281597,1.5556715017039386e-05,0.000582358004647631,0.00967578821714988
Cora,Clustering Coefficient,3,20,0.0005485420115292072,0.010765921365833448,0.017183309792097333,0.002273306382861542,4.735798679402713,7.558730280107563,0.23890002349186154,0.009708773643040059,1.8334031943558222e-05,0.0008140098075585786,0.002273306382861542
Cora,Degree,3,50,0.0006517499859910458,0.33609025691001554,0.23781076657532427,0.169605960051824,1.9815946138173528,1.4021368500414721,0.169605960051824,0.014200777137327194,1.4802407048532658e-05,0.0007659388641899766,0.010034979446482
Cora,Neighborhood Heterogeneity,3,50,0.000614999997196719,0.009094417088835563,0.012022368079523789,0.0016982116231198136,5.355290804174366,7.07942868594745,0.2385186527472829,0.0016982116231198136,1.8418755920254738e-05,0.0007490847661624011,0.01046515332216072
Cora,PageRank,3,50,0.0007022089848760515,2.4507559756539373e-05,1.7364371710429918e-05,1.1803708881974556e-05,2.0762592505110717,1.4710945418983563,0.19810025821502858,0.014811642059580968,1.1803708881974556e-05,0.0008839077516794131,0.014954973129902693
Cora,Eigenvector Centrality,3,50,0.0007080830109771341,0.0009334696125981728,0.000664730457370697,0.0005003042336506347,1.8658039445055348,1.3286524731567275,0.2796963370759124,0.006806587577907414,2.1040598568088377e-05,0.0005003042336506347,0.010753606650307283
Cora,Clustering Coefficient,3,50,0.0006378329999279231,0.010765921365833448,0.017183309792097333,0.0023313696632542924,4.617852559171421,7.370478420016687,0.2191874846173718,0.008871970487503836,1.6651628075654633e-05,0.0008936941715438527,0.0023313696632542924
Cora,Degree,4,5,0.0006582089990843087,0.24653707914472472,0.38153285626156747,0.24164902375780956,1.0202279128253966,1.5788719123647492,0.24164902375780956,0.008125651631350437,1.952261774854463e-05,0.0009255434919970239,0.02151681607491287
Cora,Neighborhood Heterogeneity,4,5,0.0004887089889962226,0.013779527545468923,0.012081757015680731,0.006397053870943042,2.154042755221877,1.8886439381977036,0.2735613178764505,0.006397053870943042,2.0246491467368215e-05,0.0007516816791950284,0.006888798620304909
Cora,PageRank,4,5,0.0006365830195136368,1.8391325592067183e-05,2.5897297087781245e-05,1.659340605785035e-05,1.1083514456253685,1.560698086787867,0.23771214649378974,0.010705217738225786,1.659340605785035e-05,0.000970147477390243,0.0096896757625446
Cora,Eigenvector Centrality,4,5,0.000589250004850328,0.0007365098638704858,0.0008589489229825498,0.000745163855893042,0.9883864576171844,1.1526980491467103,0.3040672587626168,0.010182265318146947,2.3148641855958204e-05,0.000745163855893042,0.009104669331064746
Cora,Clustering Coefficient,4,5,0.000499875022796914,0.0112117419072951,0.014874719803874198,0.00749170383836498,1.4965543418681104,1.9854922357849798,0.3279466728981146,0.013496787145805161,2.45012513572859e-05,0.0008110198116063014,0.00749170383836498
Cora,Degree,4,10,0.0005294169823173434,0.24653707914472472,0.38153285626156747,0.18851905524327245,1.3077568144322786,2.023842394972871,0.18851905524327245,0.009072380147152882,1.7363689976840432e-05,0.0006820783000241117,0.00889136926601128
Cora,Neighborhood Heterogeneity,4,10,0.00051758301560767,0.013779527545468923,0.012081757015680731,0.005304703536427912,2.5976055873515977,2.277555556632739,0.2542057602022361,0.005304703536427912,1.9698484335964903e-05,0.0008965764719704096,0.015812318602931464
Cora,PageRank,4,10,0.0006957909790799022,1.8391325592067183e-05,2.5897297087781245e-05,1.5506796917995407e-05,1.1860170536395123,1.670061020643652,0.21905213010197597,0.010232948762194828,1.5506796917995407e-05,0.0007800025374236269,0.008662520900566944
Cora,Eigenvector Centrality,4,10,0.0007086659898050129,0.0007365098638704858,0.0008589489229825498,0.0005817919125179009,1.265933485879841,1.4763851206957457,0.32805752099928287,0.015397210975394515,2.5391345242352428e-05,0.0005817919125179009,0.014334677746020194
Cora,Clustering Coefficient,4,10,0.0006176659953780472,0.0112117419072951,0.014874719803874198,0.004406790246056209,2.5441968601362137,3.3754090785659936,0.25786266145642955,0.006176229015604067,1.7517222510049647e-05,0.0009655155286852054,0.004406790246056209
Cora,Degree,4,20,0.0006944999913685024,0.24653707914472472,0.38153285626156747,0.16848044323362196,1.4632979021954862,2.2645527809570054,0.16848044323362196,0.008555773735726992,1.5441030832163723e-05,0.0007711546691730943,0.015163386884809203
Cora,Neighborhood Heterogeneity,4,20,0.0005613749963231385,0.013779527545468923,0.012081757015680731,0.0031753889931865286,4.339477013693701,3.8048116440551714,0.22605480270558087,0.0031753889931865286,1.697468811048147e-05,0.0007321265080272997,0.009427150687433437
Cora,PageRank,4,20,0.0006239170033950359,1.8391325592067183e-05,2.5897297087781245e-05,1.1105519531614926e-05,1.6560526988144229,2.33193026351063,0.15838070251055636,0.009662606038889828,1.1105519531614926e-05,0.0006263022686579586,0.009118978646178244
Cora,Eigenvector Centrality,4,20,0.0006276250060182065,0.0007365098638704858,0.0008589489229825498,0.000556118690848422,1.3243753105058502,1.5445424459158639,0.25415030743792205,0.014285199702136198,1.9480652483214644e-05,0.000556118690848422,0.011163383032715156
Cora,Clustering Coefficient,4,20,0.0005473330093082041,0.0112117419072951,0.014874719803874198,0.002246587695447162,4.9905649933079985,6.621027896671323,0.2609010195661709,0.009503836360511107,1.7427936886876342e-05,0.0008835111821974618,0.002246587695447162
Cora,Degree,4,50,0.0006477079878095537,0.24653707914472472,0.38153285626156747,0.19225799716966993,1.282324182994338,1.9844836723481534,0.19225799716966993,0.014405352653841436,1.7705837407167695e-05,0.000761400013330127,0.006132420326336418
Cora,Neighborhood Heterogeneity,4,50,0.000616374978562817,0.013779527545468923,0.012081757015680731,0.00200812669558324,6.861881561445404,6.01643165356741,0.25341916012093324,0.00200812669558324,1.8412607263019956e-05,0.0007303910695573958,0.012927119086904287
Cora,PageRank,4,50,0.0007024999940767884,1.8391325592067183e-05,2.5897297087781245e-05,1.1095651410794439e-05,1.6575255396159188,2.3340042084042922,0.17407322023702818,0.005860347980815688,1.1095651410794439e-05,0.0009691909135153129,0.012024085730044345
Cora,Eigenvector Centrality,4,50,0.0007001250050961971,0.0007365098638704858,0.0008589489229825498,0.0005183946886416991,1.4207511766763916,1.6569400532115266,0.24403660982633818,0.007444868360127732,1.957410546156101e-05,0.0005183946886416991,0.01317166852763676
Cora,Clustering Coefficient,4,50,0.0006317919760476798,0.0112117419072951,0.014874719803874198,0.002273391708402362,4.931724641141676,6.5429638671144295,0.26726040584874555,0.010006678410797155,1.924265142108597e-05,0.0011386093478204461,0.002273391708402362
Cora,Degree,5,5,0.0005876659997738898,0.25589154640239026,0.26750695907508326,0.22334841966220614,1.1457056503439897,1.1977114477893456,0.22334841966220614,0.009363282112735998,1.767917943031781e-05,0.000920102226766868,0.009430069869494202
Cora,Neighborhood Heterogeneity,5,5,0.00047225001617334783,0.00973871530011235,0.010536215976324525,0.00612722387335716,1.5894172469295498,1.71957418140683,0.3082974019604121,0.00612722387335716,2.3132988204548385e-05,0.0008159327813863963,0.01356452930272504
Cora,PageRank,5,5,0.0005437910149339586,1.7684857438320454e-05,1.771831498264785e-05,1.8190757524254174e-05,0.972189168853513,0.9740284294935818,0.2711003667126345,0.008208809856674906,1.8190757524254174e-05,0.0008011434856631453,0.012922658610115642
Cora,Eigenvector Centrality,5,5,0.0005355839966796339,0.0006472242515689817,0.0006557287421285052,0.0008165537849027041,0.7926290509401059,0.8030441524518047,0.28127386041823693,0.005915425084051826,2.0756666372457142e-05,0.0008165537849027041,0.010881879785298365
Cora,Clustering Coefficient,5,5,0.0004842919879592955,0.01375781370940748,0.0091739736485613,0.005207451806628504,2.6419473900642387,1.7617011139467211,0.24585428373661983,0.010312082450623723,1.8468608535325446e-05,0.0008687116346764905,0.005207451806628504
Cora,Degree,5,10,0.0005178749852348119,0.25589154640239026,0.26750695907508326,0.2229937950029166,1.1475276538481411,1.1996161555597744,0.2229937950029166,0.01281328435085859,1.802501863423005e-05,0.0006233854179194139,0.006942539915634867
Cora,Neighborhood Heterogeneity,5,10,0.0004885000234935433,0.00973871530011235,0.010536215976324525,0.0035556483334112056,2.73894220882335,2.9632334214042833,0.3051114159781735,0.0035556483334112056,2.2363086159014384e-05,0.0007051720244603163,0.012909363242793601
Cora,PageRank,5,10,0.0005709590041078627,1.7684857438320454e-05,1.771831498264785e-05,1.5107584824790706e-05,1.1705946147858517,1.1728092337812381,0.22244281274998712,0.013740563247288683,1.5107584824790706e-05,0.0011319847709562458,0.014152806922706002
Cora,Eigenvector Centrality,5,10,0.0005649169906973839,0.0006472242515689817,0.0006557287421285052,0.0006849465771224247,0.9449266164495328,0.9573428994759438,0.2490838208933331,0.011825090187607138,1.783467176724287e-05,0.0006849465771224247,0.012295055057801277
Cora,Clustering Coefficient,5,10,0.0005080419941805303,0.01375781370940748,0.0091739736485613,0.003132701833429859,4.391676718988812,2.928454138425653,0.2667797621630511,0.008612780454155604,1.837601078313191e-05,0.0008090507540302351,0.003132701833429859
Cora,Degree,5,20,0.000564667017897591,0.25589154640239026,0.26750695907508326,0.20075048223704353,1.2746746286777877,1.3325345777212856,0.20075048223704353,0.007726852385413563,1.803272601973724e-05,0.0009574572662064804,0.009546207243140745
Cora,Neighborhood Heterogeneity,5,20,0.0005099579866509885,0.00973871530011235,0.010536215976324525,0.0026481698962680816,3.6775266246461675,3.9786782529219997,0.26441938562951406,0.0026481698962680816,2.1255865449976023e-05,0.0010145790325968667,0.009260763416596535
Cora,PageRank,5,20,0.0006041660089977086,1.7684857438320454e-05,1.771831498264785e-05,1.4664055473776269e-05,1.2060004457802471,1.2082820481914784,0.22396671395431822,0.015040820314331033,1.4664055473776269e-05,0.0007605364988750719,0.011577949463008299
Cora,Eigenvector Centrality,5,20,0.0006022080196999013,0.0006472242515689817,0.0006557287421285052,0.0005671045176619512,1.1412786028179547,1.1562749399915424,0.2274231510475159,0.012292444992248148,1.6892636801819436e-05,0.0005671045176619512,0.010707603691106056
Cora,Clustering Coefficient,5,20,0.0005434580089058727,0.01375781370940748,0.0091739736485613,0.0025916002319608896,5.308617254983755,3.539887647571312,0.26660151739275645,0.011853727360846548,1.9104134618718224e-05,0.0009732916851826302,0.0025916002319608896
Cora,Degree,5,50,0.0006375419907271862,0.25589154640239026,0.26750695907508326,0.1780984289992083,1.4367984481408749,1.5020175112059657,0.1780984289992083,0.009496064837896905,1.544761485652464e-05,0.0008059692985808861,0.008974248462214066
Cora,Neighborhood Heterogeneity,5,50,0.0006015840044710785,0.00973871530011235,0.010536215976324525,0.0014543589701210308,6.696225278757623,7.244577296791938,0.2765292779764955,0.0014543589701210308,1.908765898186427e-05,0.0009854080395126196,0.015901900079630465
Cora,PageRank,5,50,0.0007001250050961971,1.7684857438320454e-05,1.771831498264785e-05,1.317843242466505e-05,1.3419545563872284,1.344493367017298,0.20640544915293138,0.010720298894315913,1.317843242466505e-05,0.0009340383400049293,0.010733068301927114
Cora,Eigenvector Centrality,5,50,0.0006898329884279519,0.0006472242515689817,0.0006557287421285052,0.0005088451004337546,1.2719474964331359,1.288660815579324,0.24509858366043188,0.01097047744061532,1.847863119663648e-05,0.0005088451004337546,0.009587077109540789
Cora,Clustering Coefficient,5,50,0.0006288340082392097,0.01375781370940748,0.0091739736485613,0.0027302045788510933,5.039114583566097,3.3601781051959967,0.23013436605778118,0.01067608252928157,1.7146613120523964e-05,0.0008995153599333086,0.0027302045788510933
Cora,Degree,6,5,0.0005982500151731074,0.24935932259854016,0.3067864541752459,0.2533080490624357,0.9844113660086566,1.2111200386673413,0.2533080490624357,0.014166823707217049,2.2161976166335102e-05,0.0008642512555777522,0.011530707152570156
Cora,Neighborhood Heterogeneity,6,5,0.0004760420124512166,0.007242704318780585,0.016098834070162753,0.004962524167593709,1.4594799086474814,3.244081746803655,0.2155690164409479,0.004962524167593709,1.767271055819844e-05,0.0009074933213335433,0.010604188867502381
Cora,PageRank,6,5,0.0005596250121016055,1.7408434291532966e-05,2.2449133411090207e-05,1.5796279860879712e-05,1.1020591205557098,1.4211658446674285,0.25065211957159395,0.012717333889372975,1.5796279860879712e-05,0.001176513035745527,0.01598081667439562
Cora,Eigenvector Centrality,6,5,0.00054187499335967,0.0007864906013803255,0.0010044466191262715,0.0007311478287079967,1.075693000101121,1.3737941626677852,0.3139147115730344,0.011706612761082643,2.269327718518635e-05,0.0007311478287079967,0.00997161186468152
Cora,Clustering Coefficient,6,5,0.000480332993902266,0.008919852570901072,0.008934585606170876,0.003864439803167391,2.3081877387739715,2.312000202163291,0.2805681836923581,0.009252837628819826,2.0273078981258874e-05,0.0008882658949541655,0.003864439803167391
Cora,Degree,6,10,0.0005243330087978393,0.24935932259854016,0.3067864541752459,0.19786824118933807,1.2602291358112938,1.550458286439637,0.19786824118933807,0.013016680575860482,1.5943570281734213e-05,0.0008218085560926187,0.014630424006636944
Cora,Neighborhood Heterogeneity,6,10,0.0004840410256292671,0.007242704318780585,0.016098834070162753,0.004356772163323848,1.6624014401650546,3.695128748224628,0.23308826247437434,0.004356772163323848,1.678957728982708e-05,0.001085178326935498,0.013156114491431883
Cora,PageRank,6,10,0.0005717499880120158,1.7408434291532966e-05,2.2449133411090207e-05,1.6448441558385236e-05,1.0583637501303786,1.3648182614386275,0.23005174204345052,0.008679530752936936,1.6448441558385236e-05,0.001098655056711125,0.015489850322432181
Cora,Eigenvector Centrality,6,10,0.0005801660008728504,0.0007864906013803255,0.0010044466191262715,0.0006781406499908237,1.1597750428188724,1.4811774211439224,0.24588743046528982,0.008069748524425824,1.787657650056846e-05,0.0006781406499908237,0.014393681735664132
Cora,Clustering Coefficient,6,10,0.0005057500093244016,0.008919852570901072,0.008934585606170876,0.0032565880185745646,2.739017806374343,2.743541877330132,0.26368259732365446,0.011707136923232409,1.8782688567444345e-05,0.0009030753464615394,0.0032565880185745646
Cora,Degree,6,20,0.0005537919932976365,0.24935932259854016,0.3067864541752459,0.17718090941465375,1.407371276185113,1.7314870726692022,0.17718090941465375,0.009234673029840162,1.60069072982852e-05,0.0008548839091040061,0.015842698573966155
Cora,Neighborhood Heterogeneity,6,20,0.0005198330036364496,0.007242704318780585,0.016098834070162753,0.0032038166068326795,2.2606488471700583,5.024892509711472,0.23446662535986315,0.0032038166068326795,1.7270005649998677e-05,0.0008985445941487715,0.011167184523842511
Cora,PageRank,6,20,0.0006140419864095747,1.7408434291532966e-05,2.2449133411090207e-05,1.2876729781992639e-05,1.3519297668168555,1.7433877848771837,0.21072227356494772,0.007742960101738079,1.2876729781992639e-05,0.0010305313037245396,0.008879870197905529
Cora,Eigenvector Centrality,6,20,0.00060450000455603,0.0007864906013803255,0.0010044466191262715,0.0006168552538766361,1.2750002475258393,1.6283343828455892,0.31902808109245157,0.009520026609213045,2.3027169973492883e-05,0.0006168552538766361,0.010703910392516593
Cora,Clustering Coefficient,6,20,0.0005389169964473695,0.008919852570901072,0.008934585606170876,0.0017125223754850915,5.208604978591548,5.217208098457722,0.26388997494520255,0.008870684833722275,1.968766362111918e-05,0.00077928976339437,0.0017125223754850915
Cora,Degree,6,50,0.0006467089988291264,0.24935932259854016,0.3067864541752459,0.16116473554396135,1.5472325366768696,1.9035582017355337,0.16116473554396135,0.0064492168295898575,1.3911772115309768e-05,0.0009444989242412695,0.008594509148760124
Cora,Neighborhood Heterogeneity,6,50,0.0006047079805284739,0.007242704318780585,0.016098834070162753,0.001934622376328248,3.743730253201472,8.321434853202204,0.2862420825285616,0.001934622376328248,1.95234859649997e-05,0.0008242245366846113,0.009201870405495874
Cora,PageRank,6,50,0.0007000409823376685,1.7408434291532966e-05,2.2449133411090207e-05,1.1358007143153709e-05,1.532701474133716,1.976502843161348,0.18202328276596483,0.008966289474544845,1.1358007143153709e-05,0.0009911511047763471,0.012111448252984571
Cora,Eigenvector Centrality,6,50,0.0006929579831194133,0.0007864906013803255,0.0010044466191262715,0.0005037557949139372,1.5612537053091196,1.9939157609052882,0.24366422597597753,0.012857098046565273,1.9139227250578016e-05,0.0005037557949139372,0.013633518472074918
Cora,Clustering Coefficient,6,50,0.000630208000075072,0.008919852570901072,0.008934585606170876,0.0023955735496658036,3.7234726406732297,3.7296227483465505,0.20390847887979335,0.013332197957627042,1.557048204021489e-05,0.001001097388180228,0.0023955735496658036
Cora,Degree,7,5,0.000604458007728681,0.2833432711390203,0.2114195971137009,0.23160980049830235,1.2233647735519602,0.9128266448951523,0.23160980049830235,0.005630537011004472,2.1336397877755357e-05,0.0005997010762374665,0.006544221891653756
Cora,Neighborhood Heterogeneity,7,5,0.0005062090058345348,0.012769200916858342,0.011704593339307779,0.004872774205307793,2.6205197242567007,2.4020389302172576,0.296225635403897,0.004872774205307793,2.18223241697844e-05,0.000841934429654014,0.016532075160077014
Cora,PageRank,7,5,0.0005668750090990216,2.0725859951069656e-05,1.6884881676058242e-05,1.7080569920748865e-05,1.2134173535914994,0.9885432251032263,0.23853232451348294,0.008457297245758432,1.7080569920748865e-05,0.0009773331186575672,0.012485969285809445
Cora,Eigenvector Centrality,7,5,0.0005547500040847808,0.0007709881002942494,0.0006784283281764664,0.0007698482996812279,1.0014805522250207,0.8812493688138092,0.27628548026088495,0.006623816498826362,1.9640612139742638e-05,0.0007698482996812279,0.012189996682703739
Cora,Clustering Coefficient,7,5,0.0004931250005029142,0.007699052149613685,0.009507984864934756,0.003637101975008151,2.1168095375154916,2.6141650496102598,0.25959882363166525,0.0075573597759031035,1.9016287432804008e-05,0.0010607476725055325,0.003637101975008151
Cora,Degree,7,10,0.0005224999913480133,0.2833432711390203,0.2114195971137009,0.19439665634338904,1.4575521846348676,1.0875680739088533,0.19439665634338904,0.006969589516881494,1.7086802206371828e-05,0.000968719346333665,0.008742669221462121
Cora,Neighborhood Heterogeneity,7,10,0.0004887919931206852,0.012769200916858342,0.011704593339307779,0.004475662973011471,2.85303004132738,2.6151641466051427,0.2550744311807254,0.004475662973011471,1.7213595218539556e-05,0.0007007542249947516,0.01283307217813367
Cora,PageRank,7,10,0.000580541993258521,2.0725859951069656e-05,1.6884881676058242e-05,1.1925329884578713e-05,1.7379695280271772,1.415883823716524,0.18145194600363426,0.01206941638192912,1.1925329884578713e-05,0.0007162021336843552,0.01086091981322762
Cora,Eigenvector Centrality,7,10,0.0005732910067308694,0.0007709881002942494,0.0006784283281764664,0.0007730053890385032,0.9973903302967098,0.877650192090283,0.24596234005708353,0.008013928425576912,1.8164728832075344e-05,0.0007730053890385032,0.012007107293810113
Cora,Clustering Coefficient,7,10,0.0007470000127796084,0.007699052149613685,0.009507984864934756,0.0035149693781926306,2.1903610874620125,2.704997922293049,0.24283782261778897,0.010726933876549105,1.7920971277574673e-05,0.0007597317265285577,0.0035149693781926306
Cora,Degree,7,20,0.000651458976790309,0.2833432711390203,0.2114195971137009,0.1824186456615391,1.553258276375637,1.1589801927702632,0.1824186456615391,0.009679117729376787,1.5864583290735173e-05,0.0007929830120825225,0.01022403690232838
Cora,Neighborhood Heterogeneity,7,20,0.0006567910022567958,0.012769200916858342,0.011704593339307779,0.0029031375383365915,4.3984140428202725,4.031704727986863,0.2329653304259836,0.0029031375383365915,1.655769289937082e-05,0.0008014666215934897,0.01965369868568994
Cora,PageRank,7,20,0.0014752080023754388,2.0725859951069656e-05,1.6884881676058242e-05,1.4017355957244139e-05,1.4785855488216075,1.2045696583264816,0.20164186225091835,0.012842404333486435,1.4017355957244139e-05,0.0008020584775605023,0.011434950621877321
Cora,Eigenvector Centrality,7,20,0.0013669169857166708,0.0007709881002942494,0.0006784283281764664,0.0005678317108767977,1.3577757027760122,1.1947700615890133,0.3579286274764784,0.010225388358225007,2.772385326606102e-05,0.0005678317108767977,0.011145596118096863
Cora,Clustering Coefficient,7,20,0.002263166999910027,0.007699052149613685,0.009507984864934756,0.0022926404497253822,3.358159431643935,4.147176617281461,0.21926567261205757,0.011288735720789637,1.4489551233253743e-05,0.0010138086047310536,0.0022926404497253822
Cora,Degree,7,50,0.0008627500210423023,0.2833432711390203,0.2114195971137009,0.15933852912167096,1.7782470611527943,1.3268579688736855,0.15933852912167096,0.009612778941980865,1.5102150191235786e-05,0.0010547296788733114,0.013107819804179766
Cora,Neighborhood Heterogeneity,7,50,0.0008798330090939999,0.012769200916858342,0.011704593339307779,0.0016994106380799547,7.513899601855718,6.8874426680840255,0.2783858413617505,0.0016994106380799547,2.1173213426525692e-05,0.0007015966566092287,0.007689021117617439
Cora,PageRank,7,50,0.001065958000253886,2.0725859951069656e-05,1.6884881676058242e-05,1.1680781942425955e-05,1.7743555228773622,1.4455266573148149,0.2027223367956074,0.009817010566091943,1.1680781942425955e-05,0.0009923602980368908,0.012920119203883279
Cora,Eigenvector Centrality,7,50,0.0019837080035358667,0.0007709881002942494,0.0006784283281764664,0.0005710242351907213,1.3501845504626269,1.188090253209432,0.2609827751160575,0.008377993272558056,1.9019074709878917e-05,0.0005710242351907213,0.016465462693418385
Cora,Clustering Coefficient,7,50,0.002300833002664149,0.007699052149613685,0.009507984864934756,0.0022557754126233598,3.4130401929773906,4.214951901562497,0.21057557460685256,0.014012894212324411,1.606455154363313e-05,0.0007142813804656121,0.0022557754126233598
Cora,Degree,8,5,0.0006985419895499945,0.238400905290557,0.27429666948823445,0.21008484786764609,1.1347839109308353,1.3056470862717426,0.21008484786764609,0.011305662961547055,1.6998338146087325e-05,0.0009499058394576767,0.014393199237929638
Cora,Neighborhood Heterogeneity,8,5,0.0005492090131156147,0.010633640863312302,0.015330581742263682,0.006325712723727313,1.6810186184121587,2.4235342975282017,0.29601046678986326,0.006325712723727313,2.0980320369996905e-05,0.0008128844122188561,0.009066043541939798
Cora,PageRank,8,5,0.0006251670129131526,1.9084286570170062e-05,2.214144375284728e-05,1.70981516902762e-05,1.1161607942116567,1.2949612422399566,0.2636379479748884,0.010192001431329414,1.70981516902762e-05,0.0008221105439539004,0.009039054354353078
Cora,Eigenvector Centrality,8,5,0.0006368749891407788,0.0008317814571610252,0.0007151531334016575,0.0006377388332177861,1.3042665960361457,1.1213887192556058,0.26298598103944437,0.008295332763849061,2.0210403893919596e-05,0.0006377388332177861,0.012404475219036603
Cora,Clustering Coefficient,8,5,0.0005572919908445328,0.00924092562691111,0.0069270369545945815,0.004743810158319154,1.9479965088201152,1.460226426314032,0.23216152527825312,0.011047835461090427,1.734693585833589e-05,0.0008712694933234379,0.004743810158319154
Cora,Degree,8,10,0.0005836250202264637,0.238400905290557,0.27429666948823445,0.1888584364373725,1.2623259505254525,1.4523929916109106,0.1888584364373725,0.009149730347632994,1.6895701859653366e-05,0.0008631170571389852,0.020351728405957576
Cora,Neighborhood Heterogeneity,8,10,0.0005452080222312361,0.010633640863312302,0.015330581742263682,0.0047541546356496015,2.236704877787244,3.224670402452934,0.25679663243744494,0.0047541546356496015,1.7782562911670717e-05,0.0007616293585346759,0.010452168816399666
Cora,PageRank,8,10,0.0006458339921664447,1.9084286570170062e-05,2.214144375284728e-05,1.6507107945915732e-05,1.156125387481457,1.3413278586044277,0.25689987190350705,0.012228730619643467,1.6507107945915732e-05,0.0008207059155047401,0.010686880485254636
Cora,Eigenvector Centrality,8,10,0.0006386669992934912,0.0008317814571610252,0.0007151531334016575,0.0006500754427859476,1.2795152722526522,1.1001079049176423,0.2731673604424733,0.011012496090791676,1.9694587834851418e-05,0.0006500754427859476,0.010921836499759297
Cora,Clustering Coefficient,8,10,0.0005753329896833748,0.00924092562691111,0.0069270369545945815,0.0031988481564513963,2.888829095646234,2.165478514703557,0.21710529880481183,0.011617693869649497,1.7001770202589744e-05,0.0008219719564069186,0.0031988481564513963
Cora,Degree,8,20,0.0006202499789651483,0.238400905290557,0.27429666948823445,0.20091731002468607,1.1865622989938767,1.3652216897316238,0.20091731002468607,0.010381281192903397,1.815897088731101e-05,0.0008674551802028962,0.009027539302495174
Cora,Neighborhood Heterogeneity,8,20,0.000582040986046195,0.010633640863312302,0.015330581742263682,0.0023540447716707213,4.5171786838044525,6.512442722736835,0.30823432444100457,0.0023540447716707213,2.378776877620223e-05,0.0007577679922143486,0.012319611071382757
Cora,PageRank,8,20,0.0006829169869888574,1.9084286570170062e-05,2.214144375284728e-05,1.7249416267161203e-05,1.1063728925425735,1.2836053933604314,0.26025697459812835,0.008666218923639933,1.7249416267161203e-05,0.000680540092059147,0.011473768495833364
Cora,Eigenvector Centrality,8,20,0.0007069589919410646,0.0008317814571610252,0.0007151531334016575,0.0005918088559542977,1.4054900476603536,1.208419114054091,0.2783427828544587,0.008934415912189731,2.002317076683703e-05,0.0005918088559542977,0.01363828085074334
Cora,Clustering Coefficient,8,20,0.0006367919850163162,0.00924092562691111,0.0069270369545945815,0.002390416216498068,3.865822848394561,2.897837166090937,0.2585616060716417,0.006995585506183602,1.9513013399679218e-05,0.0006845551849867231,0.002390416216498068
Cora,Degree,8,50,0.0007442920177709311,0.238400905290557,0.27429666948823445,0.16309112971677892,1.461765000368565,1.6818613615870652,0.16309112971677892,0.00934366228774681,1.3900254149454448e-05,0.0008896877005232295,0.010969009631190102
Cora,Neighborhood Heterogeneity,8,50,0.0007094999891705811,0.010633640863312302,0.015330581742263682,0.002147645427275643,4.951301890089658,7.13832066856167,0.2364409180668569,0.002147645427275643,1.8623602950445358e-05,0.0009515088747192749,0.007530582070860353
Cora,PageRank,8,50,0.0008386659901589155,1.9084286570170062e-05,2.214144375284728e-05,1.4924876064612721e-05,1.2786897852652468,1.4835261383071203,0.21279049845899226,0.008668628225286102,1.4924876064612721e-05,0.0010429737396424918,0.012944810595272874
Cora,Eigenvector Centrality,8,50,0.000790167017839849,0.0008317814571610252,0.0007151531334016575,0.0005165550526143323,1.6102474517504053,1.3844664373762334,0.29008176028513416,0.01630347901634473,2.1199171336265384e-05,0.0005165550526143323,0.010308956786042147
Cora,Clustering Coefficient,8,50,0.0007824999920558184,0.00924092562691111,0.0069270369545945815,0.002228631807463078,4.1464568512240465,3.1082016021658805,0.23946876292086278,0.008265051187805031,1.7881111825056905e-05,0.0006815362666858114,0.002228631807463078
Cora,Degree,9,5,0.000622541003394872,0.2816809898987388,0.24863324904828593,0.20817438024458088,1.3531011336159433,1.1943508550676147,0.20817438024458088,0.013065794726402982,1.6830718436055896e-05,0.0008407763516340035,0.008555407452442345
Cora,Neighborhood Heterogeneity,9,5,0.00048058299580588937,0.006780189195165952,0.008407966502689124,0.005871464439498343,1.154769694176203,1.4320050115823404,0.2775085975712775,0.005871464439498343,2.0022203714624748e-05,0.0008076120428117852,0.012197497827124362
Cora,PageRank,9,5,0.000550166005268693,1.9875081629175985e-05,1.8820805444105386e-05,1.637717890773391e-05,1.2135839597984874,1.1492092472176332,0.24051899032001592,0.013599549474141517,1.637717890773391e-05,0.000879964744152068,0.00941547407216523
Cora,Eigenvector Centrality,9,5,0.0005406250129453838,0.0007425106476293614,0.0006163022663068185,0.0006877027893348695,1.0796970132220938,0.89617531856006,0.32693239408332947,0.01256875758526022,2.4151875661940497e-05,0.0006877027893348695,0.013386321330013195
Cora,Clustering Coefficient,9,5,0.0005693749990314245,0.01060239184866423,0.009324180811772543,0.004601922859726841,2.303904731096158,2.0261488721099514,0.21181732662525374,0.010290246393004632,1.5904088827991202e-05,0.0008259054165693253,0.004601922859726841
Cora,Degree,9,10,0.0005265409999992698,0.2816809898987388,0.24863324904828593,0.18604876153797006,1.514017011294383,1.3363875523436,0.18604876153797006,0.01992901442436395,1.515792234130019e-05,0.0010200210962006894,0.01146834432270367
Cora,Neighborhood Heterogeneity,9,10,0.0005097090033814311,0.006780189195165952,0.008407966502689124,0.003959113635082397,1.7125523084474041,2.123699210900305,0.25196998917351004,0.003959113635082397,2.0899716688713676e-05,0.0008064723959426362,0.011759910587107698
Cora,PageRank,9,10,0.000607750000199303,1.9875081629175985e-05,1.8820805444105386e-05,1.5175362561488245e-05,1.3096940220469329,1.2402211392213112,0.25013100161444646,0.008256292327225034,1.5175362561488245e-05,0.0006711337571122314,0.009059097022237481
Cora,Eigenvector Centrality,9,10,0.0005808749992866069,0.0007425106476293614,0.0006163022663068185,0.0005979423246351781,1.2417763671143176,1.0307052050259904,0.30078335794838706,0.011030943513211832,2.3358027078116844e-05,0.0005979423246351781,0.009985384262698084
Cora,Clustering Coefficient,9,10,0.0005087910103611648,0.01060239184866423,0.009324180811772543,0.003841886877806018,2.7596835060169513,2.426979530718846,0.24125034518186933,0.00886109825410875,1.7116154428029297e-05,0.0009399921714289085,0.003841886877806018
Cora,Degree,9,20,0.0005673329869750887,0.2816809898987388,0.24863324904828593,0.21359596900315184,1.3187561132981038,1.164035305575533,0.21359596900315184,0.006291868253878561,1.7444345756890334e-05,0.0009651058828582904,0.009617584465236289
Cora,Neighborhood Heterogeneity,9,20,0.00051833302131854,0.006780189195165952,0.008407966502689124,0.003137024258931021,2.1613442025075007,2.68023636691743,0.2568864469746482,0.003137024258931021,1.9674885622503157e-05,0.0010151836895744488,0.012264212563441911
Cora,PageRank,9,20,0.0006166669772937894,1.9875081629175985e-05,1.8820805444105386e-05,1.5880425539542494e-05,1.2515459097545427,1.1851575008013042,0.24237151464037004,0.012865002112314491,1.5880425539542494e-05,0.0007172331301449703,0.011447699882494507
Cora,Eigenvector Centrality,9,20,0.0006223329983185977,0.0007425106476293614,0.0006163022663068185,0.0005816325676495168,1.2765974412849375,1.059607560830729,0.288371209750916,0.014792946534524582,2.1783198842187407e-05,0.0005816325676495168,0.007473068896555665
Cora,Clustering Coefficient,9,20,0.000538624997716397,0.01060239184866423,0.009324180811772543,0.002216737734979435,4.782880573268444,4.206262502162461,0.24063706521403033,0.011802142313308667,1.8926607365703028e-05,0.0008075386441824666,0.002216737734979435
Cora,Degree,9,50,0.0006440420111175627,0.2816809898987388,0.24863324904828593,0.17042232770897045,1.6528408788064692,1.458924146798863,0.17042232770897045,0.009434398019527035,1.49518315749998e-05,0.0009001127171960402,0.012425431894073875
Cora,Neighborhood Heterogeneity,9,50,0.0006205830140970647,0.006780189195165952,0.008407966502689124,0.0017323055396259702,3.9139684311290104,4.853627902445273,0.2735684519793609,0.0017323055396259702,1.9421696837545422e-05,0.0007014596339155745,0.006757374139445769
Cora,PageRank,9,50,0.0006956659781280905,1.9875081629175985e-05,1.8820805444105386e-05,1.4076876325738583e-05,1.4118957337741036,1.3370015483969877,0.2158614249927743,0.013004255027689657,1.4076876325738583e-05,0.0010158938516645819,0.011324562472248674
Cora,Eigenvector Centrality,9,50,0.0006925839988980442,0.0007425106476293614,0.0006163022663068185,0.0005450762036169886,1.3622143889280938,1.130671752348005,0.3199282213131903,0.007748955436476186,2.2589879393579014e-05,0.0005450762036169886,0.00939338087893792
Cora,Clustering Coefficient,9,50,0.0006306249997578561,0.01060239184866423,0.009324180811772543,0.0026381440676368556,4.018882811870631,3.534371350737025,0.23733556338613077,0.015187932992671955,1.7436722891678477e-05,0.0008359644459053952,0.0026381440676368556
Cora,Degree,10,5,0.0006317919760476798,0.2847329563022215,0.28529517922541725,0.20140410147142443,1.4137396121628631,1.4165311289149463,0.20140410147142443,0.011498304658208388,1.55596410465696e-05,0.0008517268638095085,0.012871924333789258
Cora,Neighborhood Heterogeneity,10,5,0.0006206670077517629,0.010333561781212317,0.008451411873895778,0.006299160540805935,1.6404664898237706,1.3416727227616392,0.26092035952372494,0.006299160540805935,2.0053761170547137e-05,0.0006679522856433542,0.01232235834746243
Cora,PageRank,10,5,0.0005979999841656536,2.27284530016776e-05,1.9763915404712027e-05,1.6336166299305873e-05,1.3912966227971941,1.2098257964937464,0.24155388660153304,0.015161993130012808,1.6336166299305873e-05,0.0009401769760468091,0.012262794229177993
Cora,Eigenvector Centrality,10,5,0.0005649999948218465,0.0007347129533300764,0.0007038743524150349,0.00076810783392391,0.9565231870852892,0.9163743960522629,0.30477359237807194,0.01348922532155275,2.2135057433305393e-05,0.00076810783392391,0.012333726915909893
Cora,Clustering Coefficient,10,5,0.0005363750096876174,0.007183150628266697,0.01552911907811107,0.008559319301635204,0.8392198462434275,1.8142936991665133,0.24433486791940373,0.007278343227264167,1.7762985073879055e-05,0.0009451507507507589,0.008559319301635204
Cora,Degree,10,10,0.0005409579898696393,0.2847329563022215,0.28529517922541725,0.2089621762276132,1.362605240060644,1.3652957888161439,0.2089621762276132,0.01255581440500123,1.693535595298811e-05,0.0008436600221034772,0.0068170238493413275
Cora,Neighborhood Heterogeneity,10,10,0.0005470830074045807,0.010333561781212317,0.008451411873895778,0.0034064309263683785,3.033545081223474,2.4810166583667943,0.35535140484248434,0.0034064309263683785,2.5324556381007655e-05,0.0008610955856709068,0.02077841907759404
Cora,PageRank,10,10,0.0006015420076437294,2.27284530016776e-05,1.9763915404712027e-05,1.884481750371987e-05,1.206085068066651,1.048771918370169,0.27599878523788035,0.01245323724255489,1.884481750371987e-05,0.0008164198662418172,0.012992313596634825
Cora,Eigenvector Centrality,10,10,0.0005872919864486903,0.0007347129533300764,0.0007038743524150349,0.0006062619797421768,1.2118737078688748,1.1610069176931885,0.28425250001140745,0.009475953206690303,2.0023603010143122e-05,0.0006062619797421768,0.01786425607689333
Cora,Clustering Coefficient,10,10,0.0005185409972909838,0.007183150628266697,0.01552911907811107,0.0038292415978406526,1.875867699838356,4.055403317165492,0.2429212284516158,0.010465612724435839,1.7301778277912666e-05,0.0008402845469277535,0.0038292415978406526
Cora,Degree,10,20,0.0006059999868739396,0.2847329563022215,0.28529517922541725,0.17451779343093582,1.6315411208479584,1.634762700218994,0.17451779343093582,0.012106933333864974,1.6285109460575573e-05,0.0010656684037377683,0.011251687837118
Cora,Neighborhood Heterogeneity,10,20,0.000528500007931143,0.010333561781212317,0.008451411873895778,0.0032858724363823283,3.144845693580648,2.572045031425685,0.22802576058972107,0.0032858724363823283,1.668427453005565e-05,0.0008110442765206297,0.012694767188385794
Cora,PageRank,10,20,0.0006142909987829626,2.27284530016776e-05,1.9763915404712027e-05,1.2256806450723701e-05,1.854353586560519,1.61248490658389,0.21240461915481523,0.010914887712460875,1.2256806450723701e-05,0.0009679509690292719,0.01227997254483434
Cora,Eigenvector Centrality,10,20,0.0006085410132072866,0.0007347129533300764,0.0007038743524150349,0.0005835679256449963,1.2590016021151695,1.206156681138821,0.22694779975591578,0.012455092196100831,1.73023421867079e-05,0.0005835679256449963,0.010665819653751853
Cora,Clustering Coefficient,10,20,0.0005472080083563924,0.007183150628266697,0.01552911907811107,0.002640652012161472,2.7202185654091617,5.880789671108503,0.22448928674052954,0.010793430437456375,1.6941849881717325e-05,0.0008895930892396933,0.002640652012161472
Cora,Degree,10,50,0.0006789169856347144,0.2847329563022215,0.28529517922541725,0.15742623893227786,1.8086753404857043,1.8122466823853072,0.15742623893227786,0.008950145558425854,1.4261569157683382e-05,0.000966668451451011,0.013074391609535408
Cora,Neighborhood Heterogeneity,10,50,0.000610999995842576,0.010333561781212317,0.008451411873895778,0.0018423720634973165,5.6088354713740305,4.587244911786565,0.26624908706705525,0.0018423720634973165,1.9377116005893162e-05,0.0007174447466788992,0.015219111108189399
Cora,PageRank,10,50,0.0007434999861288816,2.27284530016776e-05,1.9763915404712027e-05,1.2214898075233394e-05,1.8607157310433242,1.6180172182349046,0.18916069027286458,0.006899504035647925,1.2214898075233394e-05,0.0010012736682485737,0.010810698737313886
Cora,Eigenvector Centrality,10,50,0.0007004579820204526,0.0007347129533300764,0.0007038743524150349,0.0005503241335503851,1.335054940422324,1.2790177815281865,0.3367995858210452,0.015713899547373157,2.6714825396113527e-05,0.0005503241335503851,0.022440682595797116
Cora,Clustering Coefficient,10,50,0.0006688339926768094,0.007183150628266697,0.01552911907811107,0.0024739752571964254,2.903485233885012,6.276990456124885,0.2476359415600787,0.008303483484339926,1.7669371476776612e-05,0.0007843059422872984,0.0024739752571964254
Cora,Degree,11,5,0.0006291659956332296,0.27148373432092904,0.24604484518648984,0.18347524851658825,1.4796749780468825,1.3410247277263918,0.18347524851658825,0.007241727641128906,1.4682753808960269e-05,0.0007019363122107723,0.012617346126555008
Cora,Neighborhood Heterogeneity,11,5,0.0004960419901181012,0.007048145374629387,0.009419484381069978,0.007219896515360659,0.9762114123982437,1.3046564256190647,0.2745986150289252,0.007219896515360659,2.0740374724047478e-05,0.0009151302234814065,0.018227533718579537
Cora,PageRank,11,5,0.0005565000174101442,2.139389741232361e-05,1.709484154415488e-05,1.586077067705397e-05,1.3488561084408404,1.0778064882361775,0.23051156777004253,0.013632078868466532,1.586077067705397e-05,0.0009184749751444475,0.015843791900782146
Cora,Eigenvector Centrality,11,5,0.0005474580102600157,0.0006477400997804084,0.0006472269876281475,0.0007544146377284965,0.8585995915067612,0.8579194454350919,0.29457961419565154,0.01047097691490766,2.1452403184818177e-05,0.0007544146377284965,0.01510833750936548
Cora,Clustering Coefficient,11,5,0.0004864160146098584,0.013726354580824232,0.012100960820763165,0.005782959572642298,2.3735864669986806,2.092520390080144,0.2620468596612925,0.00965719451964879,1.9403466070305112e-05,0.0009603541031728018,0.005782959572642298
Cora,Degree,11,10,0.0005231660034041852,0.27148373432092904,0.24604484518648984,0.2038441943761627,1.3318198006657385,1.207024050596469,0.2038441943761627,0.009561980139277802,1.7153892401375276e-05,0.0009553650481666278,0.014375925060161748
Cora,Neighborhood Heterogeneity,11,10,0.00048491600318811834,0.007048145374629387,0.009419484381069978,0.003981403717406759,1.7702664373911106,2.3658701929392003,0.23532490902003728,0.003981403717406759,1.795515307322608e-05,0.0008160454148462938,0.015202779166289135
Cora,PageRank,11,10,0.0005800419894512743,2.139389741232361e-05,1.709484154415488e-05,1.56655555656628e-05,1.3656647747122812,1.091237490588902,0.21851580696461217,0.007637332667636801,1.56655555656628e-05,0.000996647663378162,0.010245943474577222
Cora,Eigenvector Centrality,11,10,0.000599749997491017,0.0006477400997804084,0.0006472269876281475,0.0006386337507088706,1.0142591102669252,1.013455657346231,0.23994572318892765,0.00899949176667033,1.792510709600864e-05,0.0006386337507088706,0.013471642357648153
Cora,Clustering Coefficient,11,10,0.0005157089908607304,0.013726354580824232,0.012100960820763165,0.0030288663664711428,4.531845555410379,3.9952111967427917,0.2752870967633695,0.01258008252683937,2.0230202904742563e-05,0.0007766145690862523,0.0030288663664711428
Cora,Degree,11,20,0.0005661670002155006,0.27148373432092904,0.24604484518648984,0.15652191758923029,1.7344774361466733,1.5719513853146103,0.15652191758923029,0.0061891510109415866,1.4895313501937083e-05,0.000677813767487877,0.01207317735390144
Cora,Neighborhood Heterogeneity,11,20,0.0005277919990476221,0.007048145374629387,0.009419484381069978,0.002593456141794098,2.717665150008525,3.632019924791857,0.25302705447076285,0.002593456141794098,1.7983902864333776e-05,0.000837740622001548,0.010463525181145707
Cora,PageRank,11,20,0.0006199579802341759,2.139389741232361e-05,1.709484154415488e-05,1.2139047061110395e-05,1.762403366971266,1.4082523494715873,0.20263107145933884,0.01231985266836965,1.2139047061110395e-05,0.0008115109973769304,0.017679053891207473
Cora,Eigenvector Centrality,11,20,0.0006080419989302754,0.0006477400997804084,0.0006472269876281475,0.0006161355166762949,1.051294856811051,1.0504620657474408,0.25234095345728674,0.011318519411437999,1.7676115376634036e-05,0.0006161355166762949,0.014122021282002583
Cora,Clustering Coefficient,11,20,0.0005471670010592788,0.013726354580824232,0.012100960820763165,0.0024388646757868863,5.6281739274424885,4.961718844387648,0.2426170875698376,0.012863613113342318,1.806743721521536e-05,0.0011583855984932043,0.0024388646757868863
Cora,Degree,11,50,0.0006459169962909073,0.27148373432092904,0.24604484518648984,0.17016826055246762,1.5953840830218926,1.4458915216485235,0.17016826055246762,0.012110489706146336,1.4230175734186783e-05,0.0008691940718945346,0.017093953866516465
Cora,Neighborhood Heterogeneity,11,50,0.0006136250158306211,0.007048145374629387,0.009419484381069978,0.0020492318372817217,3.4394084878061704,4.596592835276655,0.229972235232116,0.0020492318372817217,1.8001950689455808e-05,0.0009027443937909584,0.011768072875379343
Cora,PageRank,11,50,0.0007050000131130219,2.139389741232361e-05,1.709484154415488e-05,1.1914835274304241e-05,1.7955680393217097,1.4347526550385417,0.18219236533715616,0.013871512494855565,1.1914835274304241e-05,0.0008535135270068796,0.017392820738574764
Cora,Eigenvector Centrality,11,50,0.000696083006914705,0.0006477400997804084,0.0006472269876281475,0.0005668076842734255,1.1427863766715298,1.1418811099179245,0.24721046954638143,0.013473568210643114,1.8993897536873066e-05,0.0005668076842734255,0.015162037454863869
Cora,Clustering Coefficient,11,50,0.0006382080027833581,0.013726354580824232,0.012100960820763165,0.002102730231485726,6.527872370544462,5.754880316821711,0.20793001329183552,0.012811596230117048,1.5858001246048372e-05,0.0009991361486845144,0.002102730231485726
Cora,Degree,12,5,0.0006275000050663948,0.298396846881667,0.3074145383385578,0.23342409424825875,1.278346384261028,1.316978606379881,0.23342409424825875,0.00961056821096894,1.9333321689484762e-05,0.0009701741423713087,0.010841377547898316
Cora,Neighborhood Heterogeneity,12,5,0.000484666001284495,0.011414328363112843,0.017162936639706895,0.004802239929163531,2.376875901971234,3.5739440121427646,0.2549017236268663,0.004802239929163531,1.8881693160498723e-05,0.0007895358338657485,0.013002553142535966
Cora,PageRank,12,5,0.0005624999757856131,2.196892386700498e-05,2.2777877049041755e-05,1.8356638568154956e-05,1.1967835933271904,1.2408522924538457,0.2645566705136659,0.014646006193450096,1.8356638568154956e-05,0.0006286794534851334,0.013967043642343847
Cora,Eigenvector Centrality,12,5,0.0005487909947987646,0.0009390241550082992,0.0009775675399556684,0.0008002652603193462,1.1733911261293302,1.2215543875609065,0.3293105590254197,0.008010861452799944,2.3674156271661163e-05,0.0008002652603193462,0.009749710117299325
Cora,Clustering Coefficient,12,5,0.00048816599883139133,0.012263719309257197,0.01687718196201249,0.005140069981483034,2.385905124528833,3.2834537317219588,0.2762353823556239,0.010194199536342001,2.1239180795748175e-05,0.0009783442083537803,0.005140069981483034
Cora,Degree,12,10,0.0005197910068091005,0.298396846881667,0.3074145383385578,0.15922863814488797,1.8740149407680344,1.9306485436296332,0.15922863814488797,0.009633178600264105,1.4345909953487568e-05,0.0007352570879649539,0.010646686770539255
Cora,Neighborhood Heterogeneity,12,10,0.0004884579975623637,0.011414328363112843,0.017162936639706895,0.0032385150420265545,3.524556228699848,5.299631595648512,0.24342799558799735,0.0032385150420265545,1.8581356320876068e-05,0.0009844893682676634,0.012470249187092585
Cora,PageRank,12,10,0.0005761249922215939,2.196892386700498e-05,2.2777877049041755e-05,1.8438665555564297e-05,1.1914595338150893,1.235332187158631,0.25174414106634974,0.008806419410926924,1.8438665555564297e-05,0.000921660208473065,0.007789254973733041
Cora,Eigenvector Centrality,12,10,0.000568666000617668,0.0009390241550082992,0.0009775675399556684,0.0005936002607045342,1.581913312999201,1.6468448628971453,0.23510856364675886,0.010074797135476547,1.725259173068157e-05,0.0005936002607045342,0.011423296603456774
Cora,Clustering Coefficient,12,10,0.0005090000049676746,0.012263719309257197,0.01687718196201249,0.003053099310259715,4.016809826017082,5.527885026634398,0.2834900295395788,0.016848114165452288,2.0054653155669983e-05,0.0008190954213953798,0.003053099310259715
Cora,Degree,12,20,0.0005688329983968288,0.298396846881667,0.3074145383385578,0.18485035717917309,1.614261673254084,1.663045411595201,0.18485035717917309,0.010256951950890793,1.6038087584448894e-05,0.0008191981141063657,0.015775070665862347
Cora,Neighborhood Heterogeneity,12,20,0.0005155830003786832,0.011414328363112843,0.017162936639706895,0.0031856145681804517,3.583085184606134,5.3876375413206254,0.2871530352323413,0.0031856145681804517,2.1549483913081725e-05,0.0010890525108157654,0.013360493103441026
Cora,PageRank,12,20,0.0006328749877866358,2.196892386700498e-05,2.2777877049041755e-05,1.4044266917547697e-05,1.5642627697110891,1.621863012342908,0.2156511407355972,0.0099424160437267,1.4044266917547697e-05,0.0008038895905658776,0.007221176899563063
Cora,Eigenvector Centrality,12,20,0.000618249992839992,0.0009390241550082992,0.0009775675399556684,0.0006633031458740441,1.415678729777368,1.473786979658469,0.28255831328166064,0.013402372906932136,2.232433074414967e-05,0.0006633031458740441,0.011843309782504169
Cora,Clustering Coefficient,12,20,0.000542874971870333,0.012263719309257197,0.01687718196201249,0.002240535015453039,5.473567350955887,7.532657086637809,0.2318995210418601,0.013483170741123282,1.785903090478347e-05,0.0008142591663394576,0.002240535015453039
Cora,Degree,12,50,0.0006880419969093055,0.298396846881667,0.3074145383385578,0.1872307194773489,1.593738718275699,1.641902243374911,0.1872307194773489,0.010492390134301446,1.5993716583903568e-05,0.0007597643539494939,0.009687043795384737
Cora,Neighborhood Heterogeneity,12,50,0.0006033329991623759,0.011414328363112843,0.017162936639706895,0.0014639041751424553,7.797182737047726,11.724084766707314,0.26217046471924965,0.0014639041751424553,1.931400640661196e-05,0.0006728370546396883,0.006870198222742495
Cora,PageRank,12,50,0.0007361249881796539,2.196892386700498e-05,2.2777877049041755e-05,1.2589935571470141e-05,1.7449591971533531,1.8092131544071084,0.1953610709927659,0.00837513711475063,1.2589935571470141e-05,0.0008496336986191889,0.013021658403159003
Cora,Eigenvector Centrality,12,50,0.0006937090074643493,0.0009390241550082992,0.0009775675399556684,0.0004905488447486853,1.9142317122148635,1.992803673722826,0.2575769749402751,0.013720423700660452,1.924573678189705e-05,0.0004905488447486853,0.010804940567735895
Cora,Clustering Coefficient,12,50,0.0006299999949987978,0.012263719309257197,0.01687718196201249,0.0023790292444049728,5.15492583292078,7.094146489247423,0.2471977871445418,0.00814515004503256,1.8455334091436365e-05,0.0007286731205206797,0.0023790292444049728
Cora,Degree,13,5,0.0005922910058870912,0.24142829576235347,0.2592699526708017,0.215688946141269,1.1193355064391017,1.2020548911254294,0.215688946141269,0.013054668856817251,1.684422711055661e-05,0.0007596793442364284,0.008382949499323597
Cora,Neighborhood Heterogeneity,13,5,0.00047825000365264714,0.00986468230241527,0.008579644380009044,0.004140507895191671,2.3824812202075556,2.072123661440785,0.23897249191272532,0.004140507895191671,1.7199074025029097e-05,0.001027575522388195,0.011335336385646391
Cora,PageRank,13,5,0.0005734580045100302,1.8440235327897376e-05,1.8423307672667823e-05,1.5040655614122965e-05,1.2260260324411825,1.22490057251019,0.22111596532134667,0.010472666331664608,1.5040655614122965e-05,0.0008654518920113837,0.0167761027024613
Cora,Eigenvector Centrality,13,5,0.0005401250091381371,0.0008144125455340137,0.000827666015692084,0.0008157275150056891,0.9983879795060411,1.0146354027132598,0.22836713159503969,0.008248249517994657,1.562079177903635e-05,0.0008157275150056891,0.008768513575536827
Cora,Clustering Coefficient,13,5,0.00048474999493919313,0.010951126212500056,0.009949250509471997,0.005985509513407904,1.8296063497967667,1.6622228211625216,0.24767287850130887,0.008657663528930689,1.6943185633452346e-05,0.0006377240393753656,0.005985509513407904
Cora,Degree,13,10,0.0005370409926399589,0.24142829576235347,0.2592699526708017,0.17458198625212656,1.3828935100651751,1.4850899467736098,0.17458198625212656,0.018639915638705644,1.4807441552959072e-05,0.0007468559768642702,0.009947070597650109
Cora,Neighborhood Heterogeneity,13,10,0.00048170899390242994,0.00986468230241527,0.008579644380009044,0.003403856483360855,2.8980899607950596,2.520565841112604,0.2793767310790877,0.003403856483360855,2.1383439748796278e-05,0.0010684423345730034,0.008886825997604448
Cora,PageRank,13,10,0.0005766249960288405,1.8440235327897376e-05,1.8423307672667823e-05,1.5499472305401347e-05,1.1897331060407272,1.1886409620698868,0.2216202761743089,0.009631915620256781,1.5499472305401347e-05,0.0009224325404270118,0.006821142055426947
Cora,Eigenvector Centrality,13,10,0.0005752500146627426,0.0008144125455340137,0.000827666015692084,0.0006285843326829496,1.2956297241102153,1.3167143574186868,0.2952711476456339,0.008078613245544748,2.1829589799283537e-05,0.0006285843326829496,0.010880633975205625
Cora,Clustering Coefficient,13,10,0.000510000012582168,0.010951126212500056,0.009949250509471997,0.00385967492812236,2.837318275875507,2.5777431246812466,0.2679988474610395,0.00928000983380951,2.0747118981875364e-05,0.0009419779304316166,0.00385967492812236
Cora,Degree,13,20,0.0005828339781146497,0.24142829576235347,0.2592699526708017,0.1875077687015607,1.2875642296539365,1.3827157907438943,0.1875077687015607,0.007865372692112233,1.7162960805945905e-05,0.0009104050218263577,0.011684358800373707
Cora,Neighborhood Heterogeneity,13,20,0.00053495800239034,0.00986468230241527,0.008579644380009044,0.0029194234228970576,3.378983063931905,2.9388146689236083,0.26340541208703144,0.0029194234228970576,2.1230598192097817e-05,0.0007529311461879111,0.009612712311800723
Cora,PageRank,13,20,0.000613874988630414,1.8440235327897376e-05,1.8423307672667823e-05,1.4219404014195555e-05,1.2968360213612378,1.2956455597066807,0.22104650932354347,0.007752014605645535,1.4219404014195555e-05,0.0009419687696781218,0.006779131855268008
Cora,Eigenvector Centrality,13,20,0.0006204170058481395,0.0008144125455340137,0.000827666015692084,0.0006049096690687452,1.3463374569426159,1.3682472904859841,0.23261055867178917,0.015165631869905003,1.6675152505719247e-05,0.0006049096690687452,0.007459791842066459
Cora,Clustering Coefficient,13,20,0.0005588330095633864,0.010951126212500056,0.009949250509471997,0.002099988871405264,5.214849641165867,4.737763444819681,0.2274272697048642,0.012275706453738378,1.7495534822580036e-05,0.0008884331581473943,0.002099988871405264
Cora,Degree,13,50,0.0006674159958492965,0.24142829576235347,0.2592699526708017,0.15231564003607573,1.585052563907236,1.7021886433290372,0.15231564003607573,0.009687179614751504,1.567671647245793e-05,0.0008333648490826895,0.012064688261866399
Cora,Neighborhood Heterogeneity,13,50,0.0006526669894810766,0.00986468230241527,0.008579644380009044,0.0016983488055760717,5.808395937293469,5.051756359965685,0.23394950415264457,0.0016983488055760717,1.7645068740561726e-05,0.0005656810209974946,0.00726653746071589
Cora,PageRank,13,50,0.0007154159829951823,1.8440235327897376e-05,1.8423307672667823e-05,1.3689500821049903e-05,1.3470348969585817,1.3457983540450866,0.2055744767851828,0.012912452009142894,1.3689500821049903e-05,0.0007400281552574519,0.014517203862582786
Cora,Eigenvector Centrality,13,50,0.0007000420009717345,0.0008144125455340137,0.000827666015692084,0.0004794481970489246,1.69864554825077,1.7262887227160144,0.281979848461416,0.01003195866319063,1.8856094100136585e-05,0.0004794481970489246,0.010384183198380314
Cora,Clustering Coefficient,13,50,0.0006693750037811697,0.010951126212500056,0.009949250509471997,0.0022866354376722972,4.789187656274523,4.351043609994925,0.2762503981259604,0.009411400934321957,1.97909172557281e-05,0.0010295671105054395,0.0022866354376722972
Cora,Degree,14,5,0.0006902500172145665,0.3503461188460132,0.2295697684586136,0.25797018581723413,1.3580876322437712,0.8899081408626749,0.25797018581723413,0.011493029886532637,1.998772371828707e-05,0.0008856934263147577,0.011932954101341224
Cora,Neighborhood Heterogeneity,14,5,0.0004947499837726355,0.015521927828171491,0.011980955488645932,0.005382400768096466,2.8838298181316886,2.225950092691278,0.26322973341758454,0.005382400768096466,1.9841633998865938e-05,0.0008257942721464695,0.01088855335459732
Cora,PageRank,14,5,0.0005536250246223062,2.40534439957878e-05,1.764970737045806e-05,1.5073838317873188e-05,1.5957079735469506,1.1708834205505998,0.22203894152238793,0.011776675857259047,1.5073838317873188e-05,0.0007240729681825828,0.006341892090691764
Cora,Eigenvector Centrality,14,5,0.0005390830046962947,0.0008990572416929038,0.0008232701027149905,0.0007587884569591498,1.1848588805579385,1.0849797399584218,0.30147589688272136,0.01325868878183217,2.2110852141543814e-05,0.0007587884569591498,0.010488481121320033
Cora,Clustering Coefficient,14,5,0.0004938749771099538,0.012789612269641277,0.014365672123839029,0.004591137460019892,2.7857175658569506,3.1290006559238996,0.33394768158631705,0.010845396880247191,2.422112765777916e-05,0.0006674605785385886,0.004591137460019892
Cora,Degree,14,10,0.000521958019817248,0.3503461188460132,0.2295697684586136,0.22004939023771483,1.5921249246250648,1.0432647334792162,0.22004939023771483,0.009183024608426547,1.7861796888472328e-05,0.0009433494110276322,0.01252585077673963
Cora,Neighborhood Heterogeneity,14,10,0.00048641598550602794,0.015521927828171491,0.011980955488645932,0.004001499054257701,3.879028238593671,2.9941167862823503,0.2829451235152371,0.004001499054257701,2.109910808935808e-05,0.0008381033539833395,0.013349893212436162
Cora,PageRank,14,10,0.00058637501206249,2.40534439957878e-05,1.764970737045806e-05,1.6510941158966116e-05,1.4568184674757803,1.0689703997202817,0.25099757094928554,0.01865512444804095,1.6510941158966116e-05,0.0008468846439434414,0.007933846981773112
Cora,Eigenvector Centrality,14,10,0.000567917013540864,0.0008990572416929038,0.0008232701027149905,0.0005861485078331864,1.5338386597902405,1.4045418383105175,0.28258037348746434,0.008195385636049195,2.2463844999784315e-05,0.0005861485078331864,0.008325954099478861
Cora,Clustering Coefficient,14,10,0.0005135830142535269,0.012789612269641277,0.014365672123839029,0.0031058516484585544,4.117908296099335,4.625356826353495,0.2703406829840108,0.012607065302946535,2.006390766897805e-05,0.0007704884820134407,0.0031058516484585544
Cora,Degree,14,20,0.0005594580143224448,0.3503461188460132,0.2295697684586136,0.18084273633317605,1.9372971563566268,1.2694442315651826,0.18084273633317605,0.017005487979147922,1.5748406780285927e-05,0.0009192819026414964,0.00933418431822015
Cora,Neighborhood Heterogeneity,14,20,0.0005165830079931766,0.015521927828171491,0.011980955488645932,0.002806250792029666,5.531197664961729,4.2693815972094615,0.2801313218984906,0.002806250792029666,2.161750948263784e-05,0.000987221153362752,0.006522533812162638
Cora,PageRank,14,20,0.0006123339990153909,2.40534439957878e-05,1.764970737045806e-05,1.3014489139234856e-05,1.8482050073923948,1.3561582926255156,0.21467052751164703,0.007497748828117522,1.3014489139234856e-05,0.0009217091978422195,0.011096021012956933
Cora,Eigenvector Centrality,14,20,0.0006044160109013319,0.0008990572416929038,0.0008232701027149905,0.0005448425547801821,1.6501230195861452,1.511023864586239,0.24536050125188064,0.00845841806887107,1.8079749266189428e-05,0.0005448425547801821,0.011659232655004601
Cora,Clustering Coefficient,14,20,0.0005502089916262776,0.012789612269641277,0.014365672123839029,0.002269359062009053,5.635781698784454,6.330277285922821,0.25176469606812235,0.007998582967281022,1.7294572731955985e-05,0.0006893875766329587,0.002269359062009053
Cora,Degree,14,50,0.0006494999979622662,0.3503461188460132,0.2295697684586136,0.1626280467447852,2.154278587603139,1.411624704678899,0.1626280467447852,0.011214620210765311,1.4152840083351707e-05,0.0010633269281077001,0.01046468450194358
Cora,Neighborhood Heterogeneity,14,50,0.0006116660078987479,0.015521927828171491,0.011980955488645932,0.0019258957414579135,8.059588841720636,6.220978234043077,0.3100591324541945,0.0019258957414579135,2.292333778774022e-05,0.0006651187900299715,0.012559515107146701
Cora,PageRank,14,50,0.0007043750083539635,2.40534439957878e-05,1.764970737045806e-05,1.3639556698291204e-05,1.7635062874734977,1.2940088714664206,0.21249012360979086,0.005750709142543731,1.3639556698291204e-05,0.0008862108330048038,0.022536592874927347
Cora,Eigenvector Centrality,14,50,0.0006912919925525784,0.0008990572416929038,0.0008232701027149905,0.000549226812307947,1.6369507488443769,1.4989619666517475,0.28349282635777706,0.010526310350181594,2.0977140990408993e-05,0.000549226812307947,0.011413726904015346
Cora,Clustering Coefficient,14,50,0.0006252920138649642,0.012789612269641277,0.014365672123839029,0.0024428598312261464,5.235508032903295,5.880678023441262,0.27337749055224836,0.01538468119208528,1.9358247563636898e-05,0.0006728825063397722,0.0024428598312261464
Cora,Degree,15,5,0.0006400000129360706,0.2878368834772684,0.28831647936363475,0.24708829110750524,1.1649151086322982,1.1668560985683922,0.24708829110750524,0.008942801806248481,2.0116568366682564e-05,0.0010580920759801038,0.012350009495930358
Cora,Neighborhood Heterogeneity,15,5,0.00047208298929035664,0.017254887068295307,0.007742363030010704,0.004623762804847537,3.731784651713826,1.6744723630489087,0.22656579227174736,0.004623762804847537,1.5744692694422252e-05,0.0008062096292353749,0.013853786503851977
Cora,PageRank,15,5,0.0005484170105773956,2.154781476447538e-05,2.0952925074721342e-05,1.87858090003934e-05,1.1470261815194724,1.1153592094054912,0.27768292719909393,0.006799757368232634,1.87858090003934e-05,0.0010858106335592404,0.01110802644863525
Cora,Eigenvector Centrality,15,5,0.0005478750099427998,0.0009352574181781183,0.0009074415161169896,0.0007059364493953479,1.3248464772986146,1.2854436357468662,0.3653431728675324,0.008756056389664195,2.6105955370648605e-05,0.0007059364493953479,0.009506565825138476
Cora,Clustering Coefficient,15,5,0.0004817500011995435,0.019374029788086507,0.012045609653505911,0.005193108401538203,3.7307193091420743,2.3195374951037016,0.32668135546987853,0.010960052311238814,2.2790453964187436e-05,0.0006197471547822845,0.005193108401538203
Cora,Degree,15,10,0.0005170420045033097,0.2878368834772684,0.28831647936363475,0.24640571331926192,1.1681420840446386,1.1700884507903844,0.24640571331926192,0.012184988516199554,1.9954251067928735e-05,0.0008737551673653049,0.008396002342025427
Cora,Neighborhood Heterogeneity,15,10,0.0004854580038227141,0.017254887068295307,0.007742363030010704,0.00361362434985402,4.774953176578068,2.142547835754835,0.25082990290718404,0.00361362434985402,1.8371626061832954e-05,0.0007804510776802109,0.012954192097510517
Cora,PageRank,15,10,0.0005668750090990216,2.154781476447538e-05,2.0952925074721342e-05,1.569695195753687e-05,1.3727387853875175,1.334840364639125,0.23959847342488966,0.012712653543404515,1.569695195753687e-05,0.0007413466778414035,0.010643116561065431
Cora,Eigenvector Centrality,15,10,0.0005666250071953982,0.0009352574181781183,0.0009074415161169896,0.0006526073632853081,1.4331088963966236,1.3904861746407733,0.2951418754038224,0.011493021673605497,2.1012710331406286e-05,0.0006526073632853081,0.009272111765971657
Cora,Clustering Coefficient,15,10,0.0005077499954495579,0.019374029788086507,0.012045609653505911,0.003309290455744026,5.854436184185184,3.639937265886715,0.26139816709874203,0.008670675922856915,1.883944533968611e-05,0.0006561645536094307,0.003309290455744026
Cora,Degree,15,20,0.0005505000008270144,0.2878368834772684,0.28831647936363475,0.22862683873291195,1.2589811636836181,1.2610788871574865,0.22862683873291195,0.009424137223016025,2.018907412930407e-05,0.0008649322654279527,0.009310395764345277
Cora,Neighborhood Heterogeneity,15,20,0.0005150000215508044,0.017254887068295307,0.007742363030010704,0.0026586164253412513,6.490175455107454,2.9121775357334294,0.22841195725619468,0.0026586164253412513,1.6326934315611714e-05,0.0010115959799151353,0.01126718405554949
Cora,PageRank,15,20,0.0006061249878257513,2.154781476447538e-05,2.0952925074721342e-05,1.5816112827986973e-05,1.362396373800902,1.3247834852091256,0.24488999300966635,0.00948355719447087,1.5816112827986973e-05,0.0008787054571760525,0.009960365974626458
Cora,Eigenvector Centrality,15,20,0.0006045830086804926,0.0009352574181781183,0.0009074415161169896,0.0005686962875411633,1.6445639591245311,1.5956522593816074,0.30239635030538736,0.017040968718301176,2.2682668914325532e-05,0.0005686962875411633,0.015910185126262043
Cora,Clustering Coefficient,15,20,0.0005357910122256726,0.019374029788086507,0.012045609653505911,0.0024289283813784166,7.976369306159512,4.959228006002395,0.22922161194515986,0.007049182951241395,1.8225132910076868e-05,0.0008549820496284184,0.0024289283813784166
Cora,Degree,15,50,0.0006354579818435013,0.2878368834772684,0.28831647936363475,0.186932365671847,1.5397915842062129,1.542357196023314,0.186932365671847,0.009365462872599851,1.646147604540564e-05,0.0007310584507473832,0.008594189071759743
Cora,Neighborhood Heterogeneity,15,50,0.0006002919981256127,0.017254887068295307,0.007742363030010704,0.00175205543804259,9.84836820436036,4.419017150884525,0.24099780237188875,0.00175205543804259,1.7905690084905918e-05,0.0009596462159518357,0.018218485754166798
Cora,PageRank,15,50,0.0006965420034248382,2.154781476447538e-05,2.0952925074721342e-05,1.2284405593567454e-05,1.754078746452215,1.7056523341831882,0.20776601456237423,0.01134782231558961,1.2284405593567454e-05,0.0009618309925319484,0.012722980503795422
Cora,Eigenvector Centrality,15,50,0.0006882500019855797,0.0009352574181781183,0.0009074415161169896,0.0005166496403309142,1.8102353029396978,1.756396298922754,0.2755538684866954,0.008250840447823905,1.963487308051056e-05,0.0005166496403309142,0.014627268321640805
Cora,Clustering Coefficient,15,50,0.0006268750003073364,0.019374029788086507,0.012045609653505911,0.00250391433139414,7.73749706416647,4.810711573665984,0.2592429285156936,0.010662928881860389,1.8237020484816343e-05,0.0008941137326992152,0.00250391433139414
Cora,Degree,16,5,0.0006317500083241612,0.24224379092506337,0.23236923940458332,0.2224676546615003,1.0888944340859519,1.0445079746902934,0.2224676546615003,0.0095377828857222,1.829392436511589e-05,0.0010460348351866704,0.00910745794365447
Cora,Neighborhood Heterogeneity,16,5,0.0004903330118395388,0.012352209305832145,0.008280617578806724,0.007453091440862726,1.6573269500101997,1.1110312605863062,0.2611463748757788,0.007453091440862726,1.9071644101690428e-05,0.000733868841846814,0.01574156952440513
Cora,PageRank,16,5,0.0005529589834623039,1.7425630834877997e-05,1.678117120347015e-05,1.8069826113634934e-05,0.9643496691829897,0.9286847088587973,0.25860441169659437,0.01151247268317781,1.8069826113634934e-05,0.0009233787494262235,0.010784182147975288
Cora,Eigenvector Centrality,16,5,0.0005436250066850334,0.0009057702379777395,0.0007522924481391756,0.0010011274567640568,0.9047501712773512,0.7514452261361503,0.2884903656917356,0.011402260170891087,2.0133867012792315e-05,0.0010011274567640568,0.014456642979238949
Cora,Clustering Coefficient,16,5,0.0004823339986614883,0.012656765217917398,0.007086807464317424,0.006166339469038962,2.052557320508659,1.1492730006027252,0.2717516948934896,0.010860802839236346,1.9860447645034867e-05,0.0011183233287616386,0.006166339469038962
Cora,Degree,16,10,0.0005369579885154963,0.24224379092506337,0.23236923940458332,0.22323518378757692,1.0851505878910843,1.0409167384013178,0.22323518378757692,0.009721399438540498,1.7808115074283408e-05,0.0009152620051281604,0.01334358667118547
Cora,Neighborhood Heterogeneity,16,10,0.0004837500164285302,0.012352209305832145,0.008280617578806724,0.004506592011425696,2.740920250716112,1.8374455814532644,0.3002236588110677,0.004506592011425696,2.2137969077809255e-05,0.000897427612319733,0.0114245150952632
Cora,PageRank,16,10,0.0005743750080000609,1.7425630834877997e-05,1.678117120347015e-05,1.593131758032513e-05,1.0937972171490897,1.053344842249242,0.23527580954663213,0.014260656605869452,1.593131758032513e-05,0.0007175575155812235,0.009106390196174253
Cora,Eigenvector Centrality,16,10,0.0005848750006407499,0.0009057702379777395,0.0007522924481391756,0.0006702615008484826,1.3513684387826645,1.1223864822712482,0.3019381154202737,0.009739365633766225,2.118941350464243e-05,0.0006702615008484826,0.015339706516452657
Cora,Clustering Coefficient,16,10,0.0005267500237096101,0.012656765217917398,0.007086807464317424,0.0031095448674709836,4.07029509376761,2.2790497536963272,0.24521837634084354,0.015861345587588355,1.8072788409903764e-05,0.000706697877263262,0.0031095448674709836
Cora,Degree,16,20,0.0005684580246452242,0.24224379092506337,0.23236923940458332,0.1974062150841653,1.227133557176917,1.1771120747414732,0.1974062150841653,0.011479889670105041,1.622866068181631e-05,0.0008896788889383174,0.012525034226246071
Cora,Neighborhood Heterogeneity,16,20,0.0005142909940332174,0.012352209305832145,0.008280617578806724,0.0029910465784373503,4.129728167685528,2.7684682808025243,0.2286843891108763,0.0029910465784373503,1.5800993071896947e-05,0.0006977986130386498,0.016947227674404357
Cora,PageRank,16,20,0.0006091250106692314,1.7425630834877997e-05,1.678117120347015e-05,1.21881477933664e-05,1.4297193577158773,1.3768434292045244,0.20628392155863845,0.006471419116877299,1.21881477933664e-05,0.0007040715582146152,0.01178979444600732
Cora,Eigenvector Centrality,16,20,0.0006025409966241568,0.0009057702379777395,0.0007522924481391756,0.0005935230290868489,1.5260911432051614,1.2675033844880421,0.25521210898962576,0.011520950796324533,1.7805226485427543e-05,0.0005935230290868489,0.012238172518616792
Cora,Clustering Coefficient,16,20,0.0005485000147018582,0.012656765217917398,0.007086807464317424,0.0020868859636950384,6.064905049007729,3.395876721394747,0.21357066162693958,0.010899382670570067,1.638320974730596e-05,0.0008794056321456842,0.0020868859636950384
Cora,Degree,16,50,0.0006459589931182563,0.24224379092506337,0.23236923940458332,0.2086984703248142,1.1607358240242005,1.1134209035788734,0.2086984703248142,0.009897143576811915,1.733163200252282e-05,0.0008918615779272361,0.012160264885814728
Cora,Neighborhood Heterogeneity,16,50,0.0006041669985279441,0.012352209305832145,0.008280617578806724,0.0018500651692582397,6.676634699730393,4.475851832898801,0.25542786598328154,0.0018500651692582397,1.786353387184286e-05,0.0008719415827956734,0.006191088053908443
Cora,PageRank,16,50,0.0007016670133452863,1.7425630834877997e-05,1.678117120347015e-05,1.0983826156245884e-05,1.5864809390641186,1.5278074292834325,0.1848720818876912,0.012258338047808326,1.0983826156245884e-05,0.0008137650252505308,0.015020582553257875
Cora,Eigenvector Centrality,16,50,0.0007119580113794655,0.0009057702379777395,0.0007522924481391756,0.0005638797008389819,1.6063182211206886,1.3341364248790288,0.25656122920643243,0.009385618836095908,1.8353244113388295e-05,0.0005638797008389819,0.012297281631921494
Cora,Clustering Coefficient,16,50,0.0006612500001210719,0.012656765217917398,0.007086807464317424,0.002141434682851558,5.910413854446174,3.309373627441465,0.22754096499919935,0.010243870995412779,1.7968345270207283e-05,0.0007517401642867709,0.002141434682851558
Cora,Degree,17,5,0.0005939579859841615,0.2028958130714697,0.319221275138127,0.25957196168395125,0.7816553519694508,1.2297987543308062,0.25957196168395125,0.013653361359891586,2.2732050363892048e-05,0.0009997973713980115,0.013181397646315752
Cora,Neighborhood Heterogeneity,17,5,0.00047187498421408236,0.010983519941056785,0.010923400338230185,0.0067466073688123105,1.6280063950112975,1.6190953083658057,0.24979724730422395,0.0067466073688123105,1.7527389560293112e-05,0.0007203796407612461,0.007274204515954193
Cora,PageRank,17,5,0.0005473329802043736,1.758631507597885e-05,2.3185549386052597e-05,1.6724523801220908e-05,1.0515285986615075,1.3863204514295364,0.22278648488382508,0.008864637354648054,1.6724523801220908e-05,0.0010565751228177947,0.012351087730252956
Cora,Eigenvector Centrality,17,5,0.0005422499962151051,0.0009256326776737182,0.0007087634546121527,0.0005944223301243941,1.5571970142508138,1.192356711202001,0.3155808616108243,0.01255981844096086,2.242821349649673e-05,0.0005944223301243941,0.012268460413787017
Cora,Clustering Coefficient,17,5,0.0004778339935000986,0.009805104890503125,0.013934411473688253,0.004207912197743869,2.330159097844358,3.3114786665841986,0.28133870206901,0.011510458837246185,1.9041698142745847e-05,0.000840274796779726,0.004207912197743869
Cora,Degree,17,10,0.0005152919911779463,0.2028958130714697,0.319221275138127,0.17871517073481735,1.135302684362103,1.7862013270926875,0.17871517073481735,0.010208920521256484,1.578622067635892e-05,0.0009900375099185332,0.015766079284974636
Cora,Neighborhood Heterogeneity,17,10,0.00048395799240097404,0.010983519941056785,0.010923400338230185,0.0036033550729137587,3.048137005320225,3.0314526648624898,0.24928292090020637,0.0036033550729137587,1.6532570007979087e-05,0.0009859895738855084,0.016128933044106324
Cora,PageRank,17,10,0.0005701250047422945,1.758631507597885e-05,2.3185549386052597e-05,1.591520892673162e-05,1.1050005788136652,1.4568171547600304,0.24705323919756284,0.011174520376133071,1.591520892673162e-05,0.0010610911753856469,0.010265518428173765
Cora,Eigenvector Centrality,17,10,0.0005665839998982847,0.0009256326776737182,0.0007087634546121527,0.0007070400096413563,1.3091659100639046,1.0024375494276068,0.31514301851258786,0.012161709447741068,2.2538190248790063e-05,0.0007070400096413563,0.012946644898253095
Cora,Clustering Coefficient,17,10,0.0005210410163272172,0.009805104890503125,0.013934411473688253,0.003090960596095086,3.1721869579606556,4.50811682662408,0.29801022001297106,0.013440397375315901,2.222575265643276e-05,0.0008832580038304495,0.003090960596095086
Cora,Degree,17,20,0.0005675000138580799,0.2028958130714697,0.319221275138127,0.16433448970414627,1.234651432190199,1.942509303511549,0.16433448970414627,0.01052651404758058,1.4899809439733216e-05,0.0006889640791257047,0.014179847456039982
Cora,Neighborhood Heterogeneity,17,20,0.0005187079950701445,0.010983519941056785,0.010923400338230185,0.002108522461436903,5.20910739246847,5.180594723561149,0.281285722715603,0.002108522461436903,2.1339470477481924e-05,0.0011193063291275427,0.012260299014522861
Cora,PageRank,17,20,0.0006157500029075891,1.758631507597885e-05,2.3185549386052597e-05,1.3273706227586214e-05,1.3248986209616358,1.7467276274253376,0.1949199474766397,0.007864210951231746,1.3273706227586214e-05,0.0006603140158810461,0.008448808769621178
Cora,Eigenvector Centrality,17,20,0.0006029579963069409,0.0009256326776737182,0.0007087634546121527,0.0005583718959380893,1.6577350765811996,1.2693394129756457,0.32670854686988016,0.008295419923496025,2.4885124475118147e-05,0.0005583718959380893,0.011604626861596004
Cora,Clustering Coefficient,17,20,0.0005407079879660159,0.009805104890503125,0.013934411473688253,0.002496654308231596,3.9272977673261353,5.581233824701237,0.2210699226009753,0.016310716451617198,1.5800798211355423e-05,0.0008667238548405905,0.002496654308231596
Cora,Degree,17,50,0.0006404580199159682,0.2028958130714697,0.319221275138127,0.1864491629378001,1.0882098362606019,1.7121089207819078,0.1864491629378001,0.010762897414089914,1.7210131079168122e-05,0.0010063473596455773,0.011149180403303982
Cora,Neighborhood Heterogeneity,17,50,0.0006054169789422303,0.010983519941056785,0.010923400338230185,0.001976334026357557,5.557522055773003,5.5271022977640785,0.28318453054867404,0.001976334026357557,2.1334138181561363e-05,0.0007419478268768509,0.012272735098855575
Cora,PageRank,17,50,0.0006975409924052656,1.758631507597885e-05,2.3185549386052597e-05,1.5152179514746712e-05,1.1606459030440563,1.5301791642243603,0.24706729683601586,0.0050922647820609785,1.5152179514746712e-05,0.0008794535593612179,0.009948460537943647
Cora,Eigenvector Centrality,17,50,0.000689499982399866,0.0009256326776737182,0.0007087634546121527,0.000536257241365006,1.726098234715831,1.321685564204306,0.2582813449394952,0.013361885613474534,1.882102388365606e-05,0.000536257241365006,0.012260006452904381
Cora,Clustering Coefficient,17,50,0.0006272919999901205,0.009805104890503125,0.013934411473688253,0.0020048211929829854,4.890762789630156,6.950451004039497,0.21822518470913566,0.009188162226069918,1.6190075721886853e-05,0.0007729905283404947,0.0020048211929829854
Cora,Degree,18,5,0.0006250420119613409,0.26716172430975077,0.26499468690179323,0.22523490980820232,1.1861470521476933,1.1765258197650095,0.22523490980820232,0.012443393547663825,1.7795378854067558e-05,0.0009987445918503116,0.014233717211789171
Cora,Neighborhood Heterogeneity,18,5,0.0004936250043101609,0.007501351993891509,0.007108499854189217,0.00843573908780219,0.8892347091125927,0.8426647363320993,0.28940344623414527,0.00843573908780219,2.0762687809154577e-05,0.0008555904173186714,0.013424671158702684
Cora,PageRank,18,5,0.0005697919987142086,1.9329748735098753e-05,1.8833226939430322e-05,1.7950547478724843e-05,1.0768333811550066,1.0491728434328613,0.2709933239365208,0.010543598705693725,1.7950547478724843e-05,0.0009535986148930661,0.014664067233109885
Cora,Eigenvector Centrality,18,5,0.0005569579952862114,0.00092922346019854,0.0006466479657595101,0.0006161833596358652,1.5080307601095662,1.0494408127828183,0.3348489381163363,0.008678040930697298,2.3467081051524437e-05,0.0006161833596358652,0.008278098274602321
Cora,Clustering Coefficient,18,5,0.00048554097884334624,0.009384536590963269,0.014027424759983137,0.005069549152527877,1.8511580238419758,2.766996499676605,0.26252496646361884,0.010917114751119047,1.8737940399687392e-05,0.0009981798450050547,0.005069549152527877
Cora,Degree,18,10,0.0005217080179136246,0.26716172430975077,0.26499468690179323,0.20749729836529895,1.287543145932496,1.2770994561831361,0.20749729836529895,0.013581047378833871,1.8151415625514463e-05,0.0010537362152945198,0.009323563617291173
Cora,Neighborhood Heterogeneity,18,10,0.0005002079997211695,0.007501351993891509,0.007108499854189217,0.004478647930174905,1.6749144185572449,1.5871977357933578,0.347458953141475,0.004478647930174905,2.3994491297675104e-05,0.0009107990607747114,0.012717721695557118
Cora,PageRank,18,10,0.0005936670058872551,1.9329748735098753e-05,1.8833226939430322e-05,1.915051817952026e-05,1.0093590446952065,0.9834317151569689,0.2740170813656565,0.007700488037453886,1.915051817952026e-05,0.0007766766349190036,0.010919503550602911
Cora,Eigenvector Centrality,18,10,0.0005691669939551502,0.00092922346019854,0.0006466479657595101,0.0007947070011342277,1.1692654762979648,0.8136935560358678,0.21353031027040648,0.008371464883866312,1.570911348521191e-05,0.0007947070011342277,0.01387500385115773
Cora,Clustering Coefficient,18,10,0.0005192910030018538,0.009384536590963269,0.014027424759983137,0.0033648496917698368,2.788991322232646,4.168811698868195,0.26018357323286456,0.009303731640068152,1.9990730627500876e-05,0.0010999674628947651,0.0033648496917698368
Cora,Degree,18,20,0.0005730830016545951,0.26716172430975077,0.26499468690179323,0.19957372702431472,1.3386617982897198,1.3278034681865116,0.19957372702431472,0.01633471344932865,1.6875788595015786e-05,0.0010122205989807035,0.008457368705939198
Cora,Neighborhood Heterogeneity,18,20,0.0005217090074438602,0.007501351993891509,0.007108499854189217,0.003111383063415814,2.410938107266096,2.2846752422651524,0.2907676325962565,0.003111383063415814,1.998045977362786e-05,0.0008673096127628102,0.013556598255900155
Cora,PageRank,18,20,0.0006460830045398325,1.9329748735098753e-05,1.8833226939430322e-05,1.2614171124035635e-05,1.5323835823240848,1.4930213609949057,0.2137879097196349,0.006932491875813405,1.2614171124035635e-05,0.0007492374748899487,0.012948524177061785
Cora,Eigenvector Centrality,18,20,0.0006074169941712171,0.00092922346019854,0.0006466479657595101,0.000515888478901127,1.80120994788998,1.2534646385918689,0.22930868709162558,0.014947094788326867,1.731513231081096e-05,0.000515888478901127,0.01349803516992044
Cora,Clustering Coefficient,18,20,0.0005473750061355531,0.009384536590963269,0.014027424759983137,0.002695528879788365,3.481519586501362,5.203960107852556,0.23559422971672211,0.009314680922361714,1.9035033922410165e-05,0.0010195227459476627,0.002695528879788365
Cora,Degree,18,50,0.000639582984149456,0.26716172430975077,0.26499468690179323,0.16084739944317464,1.660963902646966,1.647491273213979,0.16084739944317464,0.009709540631050433,1.4536461727182956e-05,0.0006852537597594875,0.006508207311405415
Cora,Neighborhood Heterogeneity,18,50,0.0006365419831126928,0.007501351993891509,0.007108499854189217,0.0016913082578112026,4.435236426740648,4.202959348988601,0.2613878110129073,0.0016913082578112026,2.0740400408242984e-05,0.0008423244072771095,0.008190796093855628
Cora,PageRank,18,50,0.000697124982252717,1.9329748735098753e-05,1.8833226939430322e-05,1.2251527020832077e-05,1.5777419991998638,1.5372146596425855,0.19696215067743023,0.009381432998434565,1.2251527020832077e-05,0.0008864513916659773,0.014869627909737181
Cora,Eigenvector Centrality,18,50,0.0007301660079974681,0.00092922346019854,0.0006466479657595101,0.0005656097948298282,1.6428701707298232,1.1432757559547981,0.28254387380095125,0.01732273068316486,2.0043538103650066e-05,0.0005656097948298282,0.012334057773013777
Cora,Clustering Coefficient,18,50,0.0006575830047950149,0.009384536590963269,0.014027424759983137,0.0022571462830998593,4.157699773926475,6.214672422878382,0.2130571281249102,0.011081275730373224,1.721304682896668e-05,0.0008236853305001558,0.0022571462830998593
Cora,Degree,19,5,0.0007102089875843376,0.24904330531440527,0.2912765920512298,0.2738938510974583,0.9092694279791971,1.063465247153673,0.2738938510974583,0.010490566413654657,2.057823519469512e-05,0.0007184901970217992,0.007675269667273865
Cora,Neighborhood Heterogeneity,19,5,0.0004812090191990137,0.012298331699679069,0.01166104755964115,0.007110520491116476,1.729596548528899,1.639971022404038,0.295674389186138,0.007110520491116476,2.1263563647379363e-05,0.0010094630085005535,0.00854676916889365
Cora,PageRank,19,5,0.0005517909885384142,1.7827537802686293e-05,2.178412077748488e-05,1.9394183225059553e-05,0.9192208610080073,1.1232296057375208,0.278490998099079,0.013569257438736276,1.9394183225059553e-05,0.0009141011703907348,0.010931476400546033
Cora,Eigenvector Centrality,19,5,0.0005389589932747185,0.0009306331244099467,0.0007534519284396421,0.000689468362170044,1.3497836528435572,1.0928013086317916,0.28877409362915046,0.009162404266685142,2.0320191130035744e-05,0.000689468362170044,0.013316641977651108
Cora,Clustering Coefficient,19,5,0.0004796659923158586,0.00973731912400324,0.01293990538483046,0.0054726965860615595,1.7792543348380156,2.3644477966834807,0.29612281808006136,0.016447296875355046,2.2249082573342485e-05,0.0006138891930717843,0.0054726965860615595
Cora,Degree,19,10,0.0005231249961070716,0.24904330531440527,0.2912765920512298,0.1906325803306664,1.3064047335582465,1.5279475918858616,0.1906325803306664,0.008750409236444096,1.7055654912129842e-05,0.0009079075455239814,0.011056019485722667
Cora,Neighborhood Heterogeneity,19,10,0.00047900000936351717,0.012298331699679069,0.01166104755964115,0.0042033569512479425,2.9258356695183343,2.774222530917599,0.27771634393758743,0.0042033569512479425,2.0786772457984005e-05,0.001102591513627318,0.014435729608598239
Cora,PageRank,19,10,0.0005757499893661588,1.7827537802686293e-05,2.178412077748488e-05,1.5869442119995433e-05,1.1233878083353457,1.3727086694520265,0.2401318969791182,0.010258857280469226,1.5869442119995433e-05,0.0008665461395444298,0.011862540204046776
Cora,Eigenvector Centrality,19,10,0.0005640830204356462,0.0009306331244099467,0.0007534519284396421,0.0006099225946112882,1.525821690542636,1.235323851086099,0.27051669009824586,0.008526469778470578,1.9640291650961575e-05,0.0006099225946112882,0.01769512969828217
Cora,Clustering Coefficient,19,10,0.0005047500017099082,0.00973731912400324,0.01293990538483046,0.003622719021158355,2.6878482894016322,3.5718766234023196,0.2897143534815679,0.010665283003688505,2.1430641146420145e-05,0.0007883520164831531,0.003622719021158355
Cora,Degree,19,20,0.0005508329777512699,0.24904330531440527,0.2912765920512298,0.2237740357483117,1.112923152507805,1.301654997985741,0.2237740357483117,0.004856445348594818,1.9443833446571327e-05,0.001073719940480836,0.006106069952536849
Cora,Neighborhood Heterogeneity,19,20,0.0005078750255052,0.012298331699679069,0.01166104755964115,0.003207141629705345,3.8346705944535957,3.635962768726402,0.28022424759368886,0.003207141629705345,1.9892841618587923e-05,0.0008716735709010638,0.013055078721755289
Cora,PageRank,19,20,0.000605874985922128,1.7827537802686293e-05,2.178412077748488e-05,1.4842684001477963e-05,1.2010993295357573,1.4676672207880812,0.23610658746700688,0.01387145431781854,1.4842684001477963e-05,0.0006298243099522897,0.0216809522961672
Cora,Eigenvector Centrality,19,20,0.0006111660040915012,0.0009306331244099467,0.0007534519284396421,0.0005499442396981281,1.6922317886642178,1.3700514962266397,0.2945415972151172,0.008151661890922077,2.1075015528409586e-05,0.0005499442396981281,0.013978726608049547
Cora,Clustering Coefficient,19,20,0.0005400000081863254,0.00973731912400324,0.01293990538483046,0.002193923429678696,4.438313111697471,5.8980660900848,0.24481222715720916,0.014630827384181758,1.7875471040267874e-05,0.0007424333814829593,0.002193923429678696
Cora,Degree,19,50,0.0006397499819286168,0.24904330531440527,0.2912765920512298,0.16744990337929896,1.487270522636762,1.7394849813167401,0.16744990337929896,0.007231413677258464,1.6114586062323564e-05,0.0010510152606158967,0.01116275764512811
Cora,Neighborhood Heterogeneity,19,50,0.0006020839791744947,0.012298331699679069,0.01166104755964115,0.0018168728447793975,6.768955645419599,6.418196844731322,0.2815326930466733,0.0018168728447793975,2.1088044301886953e-05,0.0007884898653379756,0.01636238252756788
Cora,PageRank,19,50,0.0006954169948585331,1.7827537802686293e-05,2.178412077748488e-05,1.2434486463401144e-05,1.433717255244815,1.7519115760512378,0.1979001779112866,0.013358027943498382,1.2434486463401144e-05,0.0008256973228757622,0.009124643154012683
Cora,Eigenvector Centrality,19,50,0.0006895409896969795,0.0009306331244099467,0.0007534519284396421,0.0005412552253478276,1.7193979491133646,1.3920455510714937,0.2723886107961178,0.013325970315463256,1.9358870103906433e-05,0.0005412552253478276,0.0133761331597441
Cora,Clustering Coefficient,19,50,0.0006270409794524312,0.00973731912400324,0.01293990538483046,0.0022290202961734672,4.368429996227123,5.8051985471124885,0.3231117802294895,0.00894680359405183,2.3470267232426834e-05,0.0008286046625903465,0.0022290202961734672
Cora,Degree,20,5,0.0006181669887155294,0.2541098563389522,0.2279572989937774,0.2463588001194522,1.0314624694378354,0.9253060937269039,0.2463588001194522,0.009467649466887895,2.1092814318469217e-05,0.0008625069745143786,0.009171448378420235
Cora,Neighborhood Heterogeneity,20,5,0.0004866250092163682,0.009681831907976727,0.009489793878026006,0.007782961126683784,1.2439779346684243,1.2193037744323774,0.21403668347454258,0.007782961126683784,1.725783052778069e-05,0.0009171343958804751,0.013543645724152408
Cora,PageRank,20,5,0.000555209000594914,1.7738457906169886e-05,1.586601540864169e-05,1.8209656431294936e-05,0.9741237004167057,0.8712968016999217,0.2565864176977243,0.008249688952468193,1.8209656431294936e-05,0.0007411664170986548,0.010218525702222906
Cora,Eigenvector Centrality,20,5,0.0005428339936770499,0.0007673271537528824,0.0007512687107300168,0.000737381828612356,1.040610337790503,1.0188326882746674,0.3286554859694761,0.0063199439772301785,2.4017173785212706e-05,0.000737381828612356,0.010980790281513327
Cora,Clustering Coefficient,20,5,0.0005006669962313026,0.00786113160638302,0.007579366509194302,0.006558692144874499,1.1985821918057786,1.155621630315038,0.25142569369377865,0.012511803757340841,1.716368170483352e-05,0.000773254697405413,0.006558692144874499
Cora,Degree,20,10,0.0005271670233923942,0.2541098563389522,0.2279572989937774,0.250697641414798,1.0136108776488586,0.909291757622103,0.250697641414798,0.014934191554101806,2.0552688825818964e-05,0.0007780126630960698,0.010108059531286667
Cora,Neighborhood Heterogeneity,20,10,0.00048741698265075684,0.009681831907976727,0.009489793878026006,0.0036970911617302976,2.6187701315553915,2.566827125134948,0.26916365876895487,0.0036970911617302976,2.0148023680408438e-05,0.0007108466643494067,0.009821477519491964
Cora,PageRank,20,10,0.0005947919853497297,1.7738457906169886e-05,1.586601540864169e-05,1.6851530264932954e-05,1.052631875401997,0.9415177826109915,0.2544537209051673,0.011134750957557438,1.6851530264932954e-05,0.000995232812563203,0.008546893230557889
Cora,Eigenvector Centrality,20,10,0.0005719169857911766,0.0007673271537528824,0.0007512687107300168,0.00069132784896834,1.109932364070036,1.0867039594182786,0.28388590323732166,0.005901447456998237,1.929397732287533e-05,0.00069132784896834,0.007730259878272536
Cora,Clustering Coefficient,20,10,0.000532791018486023,0.00786113160638302,0.007579366509194302,0.004388661386299714,1.7912367609229267,1.727033790498205,0.22675975906942408,0.008169798225720875,1.7205775793148176e-05,0.0008719931825764858,0.004388661386299714
Cora,Degree,20,20,0.0005782500084023923,0.2541098563389522,0.2279572989937774,0.1775472392014117,1.4312239237394562,1.2839247741564708,0.1775472392014117,0.013801024815927359,1.5836795099732333e-05,0.001014670567605992,0.00799113804523936
Cora,Neighborhood Heterogeneity,20,20,0.0005170829826965928,0.009681831907976727,0.009489793878026006,0.0023539542249579716,4.113007723482639,4.031426685111279,0.25637619086801083,0.0023539542249579716,1.9792906933705215e-05,0.0009697061938765159,0.00970238090220574
Cora,PageRank,20,20,0.0006122499762568623,1.7738457906169886e-05,1.586601540864169e-05,1.4191804523957174e-05,1.249908556464797,1.1179702610656932,0.20540140451655864,0.010001442618828722,1.4191804523957174e-05,0.0007239929151839174,0.011103165037062823
Cora,Eigenvector Centrality,20,20,0.0006024999893270433,0.0007673271537528824,0.0007512687107300168,0.0006013524266795791,1.2760024233871434,1.2492985434152377,0.2292252288678335,0.01048206332365632,1.62393699710989e-05,0.0006013524266795791,0.013884578066491429
Cora,Clustering Coefficient,20,20,0.0005580830038525164,0.00786113160638302,0.007579366509194302,0.0029090237584946917,2.70232636754086,2.605467379584529,0.25680418263758614,0.012358659965621818,1.8929609391051402e-05,0.0007702859533725191,0.0029090237584946917
Cora,Degree,20,50,0.000691332999849692,0.2541098563389522,0.2279572989937774,0.19117605469842683,1.3291929093306227,1.1923946194693245,0.19117605469842683,0.011929895134774483,1.7763381385172703e-05,0.0008402773527836124,0.02152093406409274
Cora,Neighborhood Heterogeneity,20,50,0.000614999997196719,0.009681831907976727,0.009489793878026006,0.002055674437273851,4.70980799898274,4.616389495318612,0.2804510367052451,0.002055674437273851,2.153875323427249e-05,0.0008143310557268758,0.008225066222623666
Cora,PageRank,20,50,0.0007052909932099283,1.7738457906169886e-05,1.586601540864169e-05,1.2973766966991052e-05,1.367255782480259,1.2229305065374874,0.21304136982755142,0.011654206528003737,1.2973766966991052e-05,0.001031565887341778,0.01368091225945039
Cora,Eigenvector Centrality,20,50,0.0007462089997716248,0.0007673271537528824,0.0007512687107300168,0.0005126602682546465,1.4967556513892721,1.4654318995457039,0.24247158854346879,0.009200012170591316,1.7111458948825967e-05,0.0005126602682546465,0.016058684514035755
Cora,Clustering Coefficient,20,50,0.0006439169810619205,0.00786113160638302,0.007579366509194302,0.00260490149488481,3.017822985560014,2.909655710236162,0.269842096742364,0.010813771191368449,1.8728602751309484e-05,0.0008340951380060472,0.00260490149488481
Cora,Degree,21,5,0.000611374998698011,0.31682623961939294,0.23489586038363944,0.22977789263717954,1.3788369106494642,1.0222735428883978,0.22977789263717954,0.008157777201057318,1.881949594745368e-05,0.0012586627739134843,0.00869492581558142
Cora,Neighborhood Heterogeneity,21,5,0.0004767920181620866,0.0070524292261755165,0.004970192048538389,0.006972406455549121,1.011477066223342,0.7128373941227663,0.30856710248435465,0.006972406455549121,2.349818039808613e-05,0.0010552159657632482,0.010401293946468116
Cora,PageRank,21,5,0.0005546660104300827,2.257687051687449e-05,1.7827021418297847e-05,1.520931025457165e-05,1.4844112020193867,1.1721124179802538,0.21964395335612363,0.005298060080320079,1.520931025457165e-05,0.0009909231308556734,0.011280801013732834
Cora,Eigenvector Centrality,21,5,0.000546959025086835,0.0008547846313070905,0.0006552090969644506,0.0007913687799706497,1.0801343860681398,0.8279440806203537,0.29466543702042236,0.015467607040391126,2.1838965921057077e-05,0.0007913687799706497,0.01030933095230723
Cora,Clustering Coefficient,21,5,0.00048645801143720746,0.010448934716038397,0.01332117297712361,0.004943962759865337,2.1134735886083016,2.694432305450143,0.2648808848125262,0.008937617389235335,1.7553737516527527e-05,0.0008758069542524272,0.004943962759865337
Cora,Degree,21,10,0.0005229160015005618,0.31682623961939294,0.23489586038363944,0.18903221093304456,1.6760436650217945,1.2426234620238337,0.18903221093304456,0.010187529878823428,1.6144677474114917e-05,0.00090930734707032,0.009719448979247437
Cora,Neighborhood Heterogeneity,21,10,0.00048637500731274486,0.0070524292261755165,0.004970192048538389,0.004192165316904131,1.6822879569510059,1.1855906608685036,0.22005849299435729,0.004192165316904131,1.802488112483768e-05,0.0007510036946054183,0.011674070962303561
Cora,PageRank,21,10,0.0005987089825794101,2.257687051687449e-05,1.7827021418297847e-05,1.2096779197503655e-05,1.8663538573584573,1.4736998276348394,0.19697223272344286,0.007716547804698301,1.2096779197503655e-05,0.0009541123161468316,0.010186535348797468
Cora,Eigenvector Centrality,21,10,0.0005714579892810434,0.0008547846313070905,0.0006552090969644506,0.0007415551639223782,1.1526919006076324,0.8835608311306078,0.22600754494099234,0.011878541940753062,1.6537058603105422e-05,0.0007415551639223782,0.010022571472380986
Cora,Clustering Coefficient,21,10,0.0005119590205140412,0.010448934716038397,0.01332117297712361,0.0033911374670606335,3.081247757583627,3.9282314876695703,0.25023453124032136,0.009643806233868046,1.8590749996661865e-05,0.0007200522187036908,0.0033911374670606335
Cora,Degree,21,20,0.0005747499817516655,0.31682623961939294,0.23489586038363944,0.19509441714686335,1.623963639005068,1.2040111850397766,0.19509441714686335,0.012244112381890156,1.7197845607360204e-05,0.0007635952767446976,0.009906868101369513
Cora,Neighborhood Heterogeneity,21,20,0.0005204170010983944,0.0070524292261755165,0.004970192048538389,0.0031298203469556454,2.253301609798583,1.5880119296217305,0.27833112709445956,0.0031298203469556454,2.115057529675989e-05,0.0009303397317815026,0.009293701516306943
Cora,PageRank,21,20,0.000610999995842576,2.257687051687449e-05,1.7827021418297847e-05,1.3115403388704202e-05,1.7214011531142908,1.3592430892100187,0.21749652087805066,0.005481264706734317,1.3115403388704202e-05,0.0008954703441969237,0.016583757212986477
Cora,Eigenvector Centrality,21,20,0.000605916982749477,0.0008547846313070905,0.0006552090969644506,0.0005639404753298976,1.5157355584506556,1.161840877942237,0.3129727278892246,0.008943028849850345,2.2867906865216463e-05,0.0005639404753298976,0.01579445551826503
Cora,Clustering Coefficient,21,20,0.0005510829796548933,0.010448934716038397,0.01332117297712361,0.002095020289274074,4.987510034883224,6.358493540766331,0.2912986623320279,0.012721482074935897,2.2243113602536212e-05,0.0007512012064795345,0.002095020289274074
Cora,Degree,21,50,0.0006719590164721012,0.31682623961939294,0.23489586038363944,0.1617388157270272,1.9588757231542535,1.4523159411534345,0.1617388157270272,0.013942096749159454,1.4694333824157282e-05,0.001249500049670195,0.009043611630704794
Cora,Neighborhood Heterogeneity,21,50,0.0006059999868739396,0.0070524292261755165,0.004970192048538389,0.001615667847874247,4.365024182077077,3.076246182083606,0.2729005091266992,0.001615667847874247,2.0114219549737613e-05,0.0008252050865328794,0.013893286152453976
Cora,PageRank,21,50,0.0007016249874141067,2.257687051687449e-05,1.7827021418297847e-05,1.3515506316229145e-05,1.6704420824963577,1.3190050747038253,0.20822893028947562,0.009124062451194436,1.3515506316229145e-05,0.0008383608071219331,0.009606570853944871
Cora,Eigenvector Centrality,21,50,0.0006937079888302833,0.0008547846313070905,0.0006552090969644506,0.0005165935621516953,1.654655988639841,1.268326098055499,0.2785505584382502,0.014452425109429182,1.9783835543280767e-05,0.0005165935621516953,0.012094392091993658
Cora,Clustering Coefficient,21,50,0.0006659170030616224,0.010448934716038397,0.01332117297712361,0.0026961364972300375,3.875521408791226,4.9408377472021705,0.24952696343815856,0.012400080220205336,1.8108883359302434e-05,0.000942253450037589,0.0026961364972300375
Cora,Degree,22,5,0.0006111249967943877,0.2538088790051402,0.3022596618608483,0.2318509535281131,1.094707074277202,1.3036809090552124,0.2318509535281131,0.009095095731728661,1.8662985576057315e-05,0.0007047791514252106,0.010088312827382144
Cora,Neighborhood Heterogeneity,22,5,0.0004818330053240061,0.014598550234806542,0.005289750237093494,0.007513935636431478,1.9428633596520521,0.7039919548213891,0.3182069459483728,0.007513935636431478,2.1902989850453802e-05,0.0008849768305210363,0.016707455316991013
Cora,PageRank,22,5,0.0005553749797400087,2.1076936086661005e-05,2.3665436857470884e-05,1.7430375499241653e-05,1.209207230651916,1.357712394578103,0.25693556458303857,0.011111742300445433,1.7430375499241653e-05,0.0008651821852043903,0.008398544568647285
Cora,Eigenvector Centrality,22,5,0.0005528329929802567,0.0009037831453306576,0.0007674571133602574,0.0006550190041523558,1.3797815629795678,1.1716562550019523,0.23135093159989067,0.008284830083251638,1.6891451257646635e-05,0.0006550190041523558,0.010212365748965602
Cora,Clustering Coefficient,22,5,0.0004914590099360794,0.013588906911778059,0.01257015326461775,0.005837116865880272,2.328016934389195,2.153486653332937,0.26067996816342137,0.010873022190731704,1.809743505544491e-05,0.0007826823566383622,0.005837116865880272
Cora,Degree,22,10,0.0005254590068943799,0.2538088790051402,0.3022596618608483,0.19133094160375438,1.3265438244211298,1.5797740779785991,0.19133094160375438,0.01093334099195457,1.5157100205350542e-05,0.0009615968269836523,0.019130339718654858
Cora,Neighborhood Heterogeneity,22,10,0.0005013330082874745,0.014598550234806542,0.005289750237093494,0.004276729499867293,3.41348458799172,1.2368680874620748,0.38778781120634803,0.004276729499867293,2.8847728082513923e-05,0.0010290958494084596,0.011213018730691355
Cora,PageRank,22,10,0.000582042004680261,2.1076936086661005e-05,2.3665436857470884e-05,1.6024943661259568e-05,1.3152580459683405,1.4767875231088812,0.23360547334903742,0.007832006259008322,1.6024943661259568e-05,0.0009438960044702131,0.011122171378487155
Cora,Eigenvector Centrality,22,10,0.0005972920043859631,0.0009037831453306576,0.0007674571133602574,0.0006230120408327258,1.450667220047063,1.2318495680026738,0.23326490532069952,0.009677052619558599,1.7304313509189687e-05,0.0006230120408327258,0.011704325675350711
Cora,Clustering Coefficient,22,10,0.0005325000092852861,0.013588906911778059,0.01257015326461775,0.0034003887712171902,3.996280374409608,3.6966812062840058,0.3115034583372367,0.010215032152602657,2.3678410949820406e-05,0.0013518246956730623,0.0034003887712171902
Cora,Degree,22,20,0.0005737920000683516,0.2538088790051402,0.3022596618608483,0.1675373220830428,1.5149393332151708,1.8041333005849765,0.1675373220830428,0.00906176874770116,1.5829054930197307e-05,0.0010457917095537189,0.011030721750423468
Cora,Neighborhood Heterogeneity,22,20,0.0005188339855521917,0.014598550234806542,0.005289750237093494,0.0029209131333448176,4.997940564596436,1.8109919725808676,0.2831191045482764,0.0029209131333448176,2.261986576481699e-05,0.0008197024331644917,0.012300659774261969
Cora,PageRank,22,20,0.0006497919966932386,2.1076936086661005e-05,2.3665436857470884e-05,1.4890860450774879e-05,1.4154276817203146,1.5892591926237145,0.2211410711976905,0.009801263766459019,1.4890860450774879e-05,0.0008399100437177705,0.014591067961759876
Cora,Eigenvector Centrality,22,20,0.0006083339976612478,0.0009037831453306576,0.0007674571133602574,0.0006162213708626014,1.466653362030467,1.2454243712546882,0.25348626461524904,0.010251208975136223,1.8016930020616368e-05,0.0006162213708626014,0.013606968619922777
Cora,Clustering Coefficient,22,20,0.0005599999858532101,0.013588906911778059,0.01257015326461775,0.0029709597736336,4.5739114451752725,4.231007560645616,0.2759978674059716,0.005754091483616021,2.176394268579487e-05,0.0009261780858696061,0.0029709597736336
Cora,Degree,22,50,0.0006647919944953173,0.2538088790051402,0.3022596618608483,0.14750853520706758,1.720638596599524,2.0490994737121224,0.14750853520706758,0.010489400859858267,1.2756117327394261e-05,0.0009735485695952326,0.014044809732284965
Cora,Neighborhood Heterogeneity,22,50,0.000625082990154624,0.014598550234806542,0.005289750237093494,0.0018533807279294307,7.876714166071979,2.854108795553909,0.23406529000813162,0.0018533807279294307,1.765201940564958e-05,0.0008171396449097422,0.019151431808030646
Cora,PageRank,22,50,0.0007188750023487955,2.1076936086661005e-05,2.3665436857470884e-05,1.1499652857336705e-05,1.832832377475991,2.0579261957783785,0.17900219319511268,0.00974785873242807,1.1499652857336705e-05,0.0009783966567013889,0.0063036524484707925
Cora,Eigenvector Centrality,22,50,0.0007463329820893705,0.0009037831453306576,0.0007674571133602574,0.0005463300764778527,1.654280414428722,1.4047498872988897,0.30621447765082727,0.012261682730353673,2.2797630042403488e-05,0.0005463300764778527,0.01378234677990918
Cora,Clustering Coefficient,22,50,0.0007034160080365837,0.013588906911778059,0.01257015326461775,0.0021035259185346964,6.460061552863589,5.975753925282767,0.2640065869501596,0.007553154772003359,1.9951751032232253e-05,0.0007499776345990606,0.0021035259185346964
Cora,Degree,23,5,0.0006187499966472387,0.23116233275875753,0.2978329001270821,0.19197598097365462,1.2041211175812694,1.5514071011203974,0.19197598097365462,0.00733073420203222,1.5221819652748301e-05,0.0009301544979286997,0.014691233600760915
Cora,Neighborhood Heterogeneity,23,5,0.00048237500595860183,0.010955154264734441,0.009070313853056748,0.007512452671441144,1.4582659943244434,1.207370515296272,0.2760795836633831,0.007512452671441144,2.1344438752637796e-05,0.0009149461992110256,0.009696148728161618
Cora,PageRank,23,5,0.0005889589956495911,1.5465953178182158e-05,2.179432151386826e-05,1.875670744580439e-05,0.8245558674340615,1.1619481498467015,0.2780338261257796,0.010443958147567097,1.875670744580439e-05,0.0005714310023574498,0.009615349089489885
Cora,Eigenvector Centrality,23,5,0.0005577919946517795,0.0011207511559173976,0.000833303694315032,0.0007262434773738786,1.543216828562884,1.1474164247619638,0.25858325421020856,0.015118354929785397,1.9555830727179522e-05,0.0007262434773738786,0.013156788343961088
Cora,Clustering Coefficient,23,5,0.0004815419961232692,0.010379572279097958,0.008702424634738607,0.004772257686270079,2.174981520583074,1.8235445792828266,0.2086811846584387,0.011546726488417208,1.6757373081229595e-05,0.0007990167236400187,0.004772257686270079
Cora,Degree,23,10,0.0005183329922147095,0.23116233275875753,0.2978329001270821,0.19627272088609515,1.1777608814671203,1.5174441908304024,0.19627272088609515,0.009599297460060259,1.7947173659392194e-05,0.000994107992893273,0.006232323081666537
Cora,Neighborhood Heterogeneity,23,10,0.0004901249776594341,0.010955154264734441,0.009070313853056748,0.004433439600759834,2.471028197351977,2.04588641548251,0.23713887130270656,0.004433439600759834,1.689009333343639e-05,0.0008217848494417983,0.015526257550199157
Cora,PageRank,23,10,0.0006065409979782999,1.5465953178182158e-05,2.179432151386826e-05,1.3850328644046206e-05,1.1166488229743528,1.5735598825113015,0.19256906561699097,0.012921334490946106,1.3850328644046206e-05,0.0008375718835049141,0.013732831574696316
Cora,Eigenvector Centrality,23,10,0.0006460000004153699,0.0011207511559173976,0.000833303694315032,0.00067587979273678,1.658210776474378,1.2329170116786734,0.2789371429919746,0.010752225574000893,2.025601913510133e-05,0.00067587979273678,0.012085556752293423
Cora,Clustering Coefficient,23,10,0.0005340829957276583,0.010379572279097958,0.008702424634738607,0.0033557067474984186,3.093110650039854,2.5933209572695857,0.2794197704438914,0.013571571283895602,2.0971317772237133e-05,0.000747961082767028,0.0033557067474984186
Cora,Degree,23,20,0.0005524999869521707,0.23116233275875753,0.2978329001270821,0.20334234383661748,1.1368135549007587,1.4646870617680414,0.20334234383661748,0.009804112869701816,1.6740325211468428e-05,0.0012306249648662093,0.009851435568792654
Cora,Neighborhood Heterogeneity,23,20,0.00055158298346214,0.010955154264734441,0.009070313853056748,0.002890192042391249,3.790458939770144,3.1383083615275167,0.2512099155426381,0.002890192042391249,2.0464442138551048e-05,0.0010173334526093656,0.013708264444825407
Cora,PageRank,23,20,0.0006099999882280827,1.5465953178182158e-05,2.179432151386826e-05,1.2007942370931574e-05,1.2879769656141606,1.8149921810606975,0.19626085556623224,0.009309553114628378,1.2007942370931574e-05,0.0008827323707906452,0.010063986861454318
Cora,Eigenvector Centrality,23,20,0.0006256250198930502,0.0011207511559173976,0.000833303694315032,0.0005674505484354531,1.9750640104366413,1.468504518345389,0.3179476790877184,0.007066908493741292,2.245521800358258e-05,0.0005674505484354531,0.016983990963674554
Cora,Clustering Coefficient,23,20,0.000555584003450349,0.010379572279097958,0.008702424634738607,0.0025760270875893948,4.0292946953484865,3.378234909355009,0.22573858089907856,0.017023425818965137,1.7723909726360974e-05,0.0008724990370885396,0.0025760270875893948
Cora,Degree,23,50,0.0006660840008407831,0.23116233275875753,0.2978329001270821,0.18103649155599102,1.2768825266770238,1.6451539552453613,0.18103649155599102,0.015462932186800473,1.527985784783045e-05,0.0009221401442160484,0.010976940925349154
Cora,Neighborhood Heterogeneity,23,50,0.0006067919894121587,0.010955154264734441,0.009070313853056748,0.001771104698600068,6.1854921808934895,5.121274795457426,0.3314612527788955,0.001771104698600068,2.3718183338652893e-05,0.0008907088116358426,0.013487035176147138
Cora,PageRank,23,50,0.000716290989657864,1.5465953178182158e-05,2.179432151386826e-05,1.1069669601469461e-05,1.3971467744736576,1.9688321601735195,0.1746624481728456,0.00825603921918542,1.1069669601469461e-05,0.0009499745349273468,0.008568330945665486
Cora,Eigenvector Centrality,23,50,0.0007194999780040234,0.0011207511559173976,0.000833303694315032,0.0005051596407528631,2.2186078726461393,1.6495848581116266,0.2886877076122413,0.008999828063262395,2.1626108136292407e-05,0.0005051596407528631,0.017011072625509934
Cora,Clustering Coefficient,23,50,0.0006526249926537275,0.010379572279097958,0.008702424634738607,0.0022911854266809287,4.530219229848227,3.7982192682436744,0.2568653459082255,0.010186230389290972,1.9287999245260758e-05,0.0008327902763770629,0.0022911854266809287
Cora,Degree,24,5,0.0006139999895822257,0.24099912521853567,0.28107407027430764,0.23197215066262,1.0389140443373501,1.2116716143357287,0.23197215066262,0.007638458786545545,2.0476465052627e-05,0.0010367820652406703,0.01673944455533868
Cora,Neighborhood Heterogeneity,24,5,0.00047616701340302825,0.0127430617807684,0.012339493915763953,0.0058059826493822644,2.1948156841502473,2.1253067156645447,0.339348847325532,0.0058059826493822644,2.5420272178640927e-05,0.0006329678117228965,0.008137796082415721
Cora,PageRank,24,5,0.0005450420139823109,1.8078077717556612e-05,2.3013396452662082e-05,1.5508035534641288e-05,1.16572325857614,1.4839659350312675,0.22977542527126804,0.011852374590624368,1.5508035534641288e-05,0.0006620815245704856,0.010142462243033964
Cora,Eigenvector Centrality,24,5,0.0005557909898925573,0.0006557794110414185,0.0008790989588841902,0.0007455706667619287,0.8795670756328429,1.1790954205617894,0.2769586651326724,0.009302885310275101,1.9976558354688466e-05,0.0007455706667619287,0.00890024011667232
Cora,Clustering Coefficient,24,5,0.0004915830213576555,0.013634427365200708,0.01641953419744998,0.006649432180708699,2.050464911087723,2.4693137325449013,0.2949868192386063,0.011338885422007575,2.1814823330049996e-05,0.0007279472687920757,0.006649432180708699
Cora,Degree,24,10,0.0005167920025996864,0.24099912521853567,0.28107407027430764,0.17894256333848488,1.3467959814718067,1.5707502174462118,0.17894256333848488,0.012475112847594984,1.589869571633415e-05,0.0010124281086363169,0.00848166277050153
Cora,Neighborhood Heterogeneity,24,10,0.00048329101991839707,0.0127430617807684,0.012339493915763953,0.0038613489338691085,3.300158053315252,3.195643317165761,0.27959328298973124,0.0038613489338691085,1.8755443478084285e-05,0.0008782477054770706,0.011598309849712937
Cora,PageRank,24,10,0.0005726660019718111,1.8078077717556612e-05,2.3013396452662082e-05,1.3626324633937827e-05,1.326702408992313,1.688892424839545,0.21159989718267433,0.008407443142668522,1.3626324633937827e-05,0.0007545163859575562,0.013743208730515488
Cora,Eigenvector Centrality,24,10,0.0005642090109176934,0.0006557794110414185,0.0008790989588841902,0.0006971032507846336,0.9407206325652583,1.2610742496103826,0.2548720023959923,0.006959820639147224,1.9474239029447145e-05,0.0006971032507846336,0.009829377488031171
Cora,Clustering Coefficient,24,10,0.0005085000011604279,0.013634427365200708,0.01641953419744998,0.0034586118250439593,3.9421675674827754,4.74743481721638,0.2539678311703495,0.011876260492239688,1.8026746472228048e-05,0.0007423097485924921,0.0034586118250439593
Cora,Degree,24,20,0.0005524590087588876,0.24099912521853567,0.28107407027430764,0.19273400938084456,1.2504234514331027,1.4583522190881326,0.19273400938084456,0.010482278726801622,1.6712264779109383e-05,0.0008074734455893823,0.014403135522847827
Cora,Neighborhood Heterogeneity,24,20,0.0005153329984750599,0.0127430617807684,0.012339493915763953,0.0025844264011140416,4.930711811052302,4.7745580645844266,0.23544884453778034,0.0025844264011140416,1.9730476480107126e-05,0.0010416912712362236,0.012248141034988235
Cora,PageRank,24,20,0.0006312080076895654,1.8078077717556612e-05,2.3013396452662082e-05,1.469777569853299e-05,1.2299873183777743,1.5657740956653114,0.21442505130211803,0.010893037413246182,1.469777569853299e-05,0.0007204808313784836,0.013194933789667417
Cora,Eigenvector Centrality,24,20,0.0005985419848002493,0.0006557794110414185,0.0008790989588841902,0.0006382643836344755,1.0274416493478877,1.377327297942473,0.3289784096616669,0.009562960633409575,2.325340882169289e-05,0.0006382643836344755,0.01250547312173236
Cora,Clustering Coefficient,24,20,0.0005386670236475766,0.013634427365200708,0.01641953419744998,0.0024600433348574715,5.54235251550585,6.674489820888169,0.2619084373103714,0.013505482158856169,1.9232292116353118e-05,0.0007984175922812729,0.0024600433348574715
Cora,Degree,24,50,0.0008693340059835464,0.24099912521853567,0.28107407027430764,0.15696111879659438,1.53540652020228,1.7907241769762803,0.15696111879659438,0.012919645187650822,1.4513204620891504e-05,0.0007859094316505409,0.0066546321423704615
Cora,Neighborhood Heterogeneity,24,50,0.0006622920045629144,0.0127430617807684,0.012339493915763953,0.0017195304480331157,7.410779957600952,7.176083406884989,0.24221725742213712,0.0017195304480331157,1.7472930033612994e-05,0.0007942103620440878,0.012277396837375814
Cora,PageRank,24,50,0.0007157920044846833,1.8078077717556612e-05,2.3013396452662082e-05,1.3455654488592255e-05,1.3435301666584305,1.710314163623398,0.20551257199502104,0.013340078828434646,1.3455654488592255e-05,0.0006550133181672909,0.006451839000230901
Cora,Eigenvector Centrality,24,50,0.0007119170040823519,0.0006557794110414185,0.0008790989588841902,0.0005359966825917606,1.2234766227851634,1.6401201489408317,0.26822971795246947,0.013111226699716877,2.0103890416842272e-05,0.0005359966825917606,0.01173989407363652
Cora,Clustering Coefficient,24,50,0.000631249975413084,0.013634427365200708,0.01641953419744998,0.0020493512309171036,6.653045685633485,8.012064476669568,0.3239177827333074,0.011620435120082153,2.3848451059370545e-05,0.0008739190525131184,0.0020493512309171036
