Dataset,TargetProperty,StratSeed,RequestedBins,StratifiedKFoldSeconds,RandomTargetEmd,LabelTargetEmd,StratifiedKFoldTargetEmd,RandomToStratifiedKFoldRatio,LabelToStratifiedKFoldRatio,DegreeEmd,NeighHetEmd,PageRankEmd,EigCentralityEmd,ClusteringEmd
chameleon,Degree,0,50,0.0008494169742334634,1.7564722361289877,2.9454230145648923,1.3886469734181375,1.2648803257788788,2.121074017332692,1.3886469734181375,0.012456141425157255,4.642393015682165e-05,0.000983496433624396,0.00979605243483872
chameleon,Neighborhood Heterogeneity,0,50,0.0007015000155661255,0.009202796466276832,0.011366081543095138,0.0022405045994784165,4.107466000480079,5.073000763194654,3.152846507674878,0.0022405045994784165,4.933101988041736e-05,0.0006861911930105388,0.011389966032242465
chameleon,PageRank,0,50,0.0007082079828251153,3.1239074616128574e-05,4.208146298627647e-05,2.6838206614446658e-05,1.1639777226885564,1.567968515587199,2.1475627677687164,0.007090634803910573,2.6838206614446658e-05,0.0005949254944250705,0.010208069451239588
chameleon,Eigenvector Centrality,0,50,0.0006920000014360994,0.0006554480611159158,0.0007942883237409305,0.0002202969113763008,2.9752939204685913,3.605535451126524,2.065532340784057,0.00917092276341036,3.585759427812665e-05,0.0002202969113763008,0.010657794246459943
chameleon,Clustering Coefficient,0,50,0.0006782920099794865,0.013609894047914597,0.01027891472506229,0.0021725045328222724,6.264610196340608,4.731366296257659,2.8492283523748076,0.008726079181514607,4.18709303939114e-05,0.0006493665402537999,0.0021725045328222724
chameleon,Degree,0,150,0.0009810420160647482,1.7564722361289877,2.9454230145648923,0.7809338284395514,2.249194710438835,3.771667851103833,0.7809338284395514,0.013264489596600482,2.756355400412818e-05,0.0005471934775359384,0.010208171071569865
chameleon,Neighborhood Heterogeneity,0,150,0.0009681249794084579,0.009202796466276832,0.011366081543095138,0.001137325888768993,8.091609060475761,9.993689280560947,2.130812825618316,0.001137325888768993,3.7481927910834964e-05,0.0005207870486664986,0.015316294636727717
chameleon,PageRank,0,150,0.000995458016404882,3.1239074616128574e-05,4.208146298627647e-05,1.6387625617615277e-05,1.9062599637710345,2.5678804219839235,1.5900648626735594,0.008392111057938982,1.6387625617615277e-05,0.0005663009686563672,0.009591600462392578
chameleon,Eigenvector Centrality,0,150,0.0009890410001389682,0.0006554480611159158,0.0007942883237409305,0.00013145457771521652,4.986118190086008,6.042302501337598,1.7719060370090127,0.01050679148673253,3.366944980302361e-05,0.00013145457771521652,0.009326806886520229
chameleon,Clustering Coefficient,0,150,0.000978750002104789,0.013609894047914597,0.01027891472506229,0.0014203112958965953,9.582331765743737,7.237085809821398,3.01396502048676,0.00842607564991354,4.5857738383956413e-05,0.000693156030008008,0.0014203112958965953
chameleon,Degree,0,200,0.0011224999907426536,1.7564722361289877,2.9454230145648923,1.0409309442146946,1.6874051500641247,2.8296046254893463,1.0409309442146946,0.00933742140564093,2.847068626974989e-05,0.0003998102380185396,0.013317558677414965
chameleon,Neighborhood Heterogeneity,0,200,0.0011129590275231749,0.009202796466276832,0.011366081543095138,0.0030225588848751444,3.0447037813977875,3.7604169103109624,2.078221762981485,0.0030225588848751444,4.062400649996598e-05,0.0005534464983076872,0.012373274348198437
chameleon,PageRank,0,200,0.001131749973865226,3.1239074616128574e-05,4.208146298627647e-05,2.8337012833531983e-05,1.102412410215748,1.4850352517213916,1.7633581013443664,0.00805371399550389,2.8337012833531983e-05,0.0005534287971264067,0.010204668428099204
chameleon,Eigenvector Centrality,0,200,0.001139500003773719,0.0006554480611159158,0.0007942883237409305,0.00036213097744046673,1.8099751248805263,2.1933730424139406,2.054284886229962,0.009105223559272756,4.457675119594475e-05,0.00036213097744046673,0.007871414938526982
chameleon,Clustering Coefficient,0,200,0.0011300000187475234,0.013609894047914597,0.01027891472506229,0.004531767328838728,3.003219949379474,2.268191188821752,2.0655340819871713,0.010369812539702119,3.232581001133975e-05,0.0007608257036807511,0.004531767328838728
chameleon,Degree,0,250,0.0012736250064335763,1.7564722361289877,2.9454230145648923,1.0330525144827198,1.7002739081551006,2.8511842072614804,1.0330525144827198,0.008118600940816529,2.7259241931183384e-05,0.0007194124390011436,0.011866078331395878
chameleon,Neighborhood Heterogeneity,0,250,0.0012709579896181822,0.009202796466276832,0.011366081543095138,0.0031652946585748903,2.9074059318130607,3.5908446982349775,2.231942335569337,0.0031652946585748903,4.001547948682033e-05,0.0006732351752975216,0.01634133200254253
chameleon,PageRank,0,250,0.001279459014767781,3.1239074616128574e-05,4.208146298627647e-05,1.9698853579797793e-05,1.5858321140152989,2.136239188529896,2.2495607392861396,0.011628959141423869,1.9698853579797793e-05,0.0007052110931491263,0.008371263953525398
chameleon,Eigenvector Centrality,0,250,0.0012786660226993263,0.0006554480611159158,0.0007942883237409305,0.0004861528605612564,1.3482345045943176,1.6338242313825662,2.24382263172881,0.010124361707965374,4.541029054207294e-05,0.0004861528605612564,0.011488576747065568
chameleon,Clustering Coefficient,0,250,0.0012645829992834479,0.013609894047914597,0.01027891472506229,0.003640364626634518,3.7386073769475154,2.8235948261493378,1.8873990324447987,0.00989461052727809,2.359893898287507e-05,0.0010354188950561622,0.003640364626634518
chameleon,Degree,1,50,0.0008059999963734299,2.7063789655551664,1.5872114232068495,1.550140314808505,1.7458928973726462,1.0239146792352949,1.550140314808505,0.010962619140008165,5.2791253138079695e-05,0.0005699510565071147,0.010869375362497465
chameleon,Neighborhood Heterogeneity,1,50,0.0007049579871818423,0.014835715583659287,0.00944440306003003,0.0019871429971581736,7.4658520322271436,4.75275461984192,1.8073170536557264,0.0019871429971581736,3.5197204323397884e-05,0.000572957173706232,0.0120871431874218
chameleon,PageRank,1,50,0.0007522910018451512,4.1094073446203285e-05,2.783598601009328e-05,2.2822909739139794e-05,1.8005624136404328,1.219651058004948,1.8253838813106587,0.012170200605215916,2.2822909739139794e-05,0.000482127437601819,0.011153283730683753
chameleon,Eigenvector Centrality,1,50,0.0007182499975897372,0.0010098749699039592,0.00048224006575175386,0.00018098796580364574,5.579790708292588,2.664486910002277,1.9284497170767163,0.006954763251441673,3.977261411279225e-05,0.00018098796580364574,0.012001757469121526
chameleon,Clustering Coefficient,1,50,0.0007198329840321094,0.013809095188557278,0.013646615545393736,0.001986113920013938,6.952821310703249,6.871013494179612,2.169779332033337,0.011435735009607807,3.869410962071504e-05,0.0008761619192308289,0.001986113920013938
chameleon,Degree,1,150,0.000995665992377326,2.7063789655551664,1.5872114232068495,0.9812639026369012,2.7580541363872144,1.6175173864458032,0.9812639026369012,0.016294583750377938,3.0417787936276677e-05,0.0003942964368258959,0.013190740430040504
chameleon,Neighborhood Heterogeneity,1,150,0.0009767500159796327,0.014835715583659287,0.00944440306003003,0.0011819181831187787,12.552235675494595,7.990741825384795,1.972299087894056,0.0011819181831187787,3.852316058403799e-05,0.0006053215548062263,0.010987856427633808
chameleon,PageRank,1,150,0.0011035000206902623,4.1094073446203285e-05,2.783598601009328e-05,2.4471029657218287e-05,1.6792948241996697,1.1375077550887778,2.0449820545587114,0.007055341968486102,2.4471029657218287e-05,0.0006568660275118445,0.011591312480091742
chameleon,Eigenvector Centrality,1,150,0.0010672500065993518,0.0010098749699039592,0.00048224006575175386,0.00013174214244536915,7.665542332611862,3.6604844645799597,1.6809576833032225,0.00872133435043144,3.7799537999331014e-05,0.00013174214244536915,0.011055697856603316
chameleon,Clustering Coefficient,1,150,0.0010428329987917095,0.013809095188557278,0.013646615545393736,0.0014505932234102612,9.519619260382928,9.407610159181171,2.307222427966133,0.007258381977613515,4.52023527098102e-05,0.0005126407066672802,0.0014505932234102612
chameleon,Degree,1,200,0.0012108329974580556,2.7063789655551664,1.5872114232068495,1.0587288404450865,2.556253180386975,1.4991670790224156,1.0587288404450865,0.01029670585426567,3.084564447242922e-05,0.00041994533863913325,0.012676881004377341
chameleon,Neighborhood Heterogeneity,1,200,0.0012195419985800982,0.014835715583659287,0.00944440306003003,0.003030002481191789,4.896271760749174,3.1169621538775996,2.0564279884874823,0.003030002481191789,3.305842481509926e-05,0.0005025369459660836,0.010322312117122073
chameleon,PageRank,1,200,0.0013821249885950238,4.1094073446203285e-05,2.783598601009328e-05,2.8002930429024205e-05,1.4674918951914582,0.9940383232621293,2.1053060682008065,0.00756278372122429,2.8002930429024205e-05,0.000558988902209798,0.01223848754782063
chameleon,Eigenvector Centrality,1,200,0.0015818329993635416,0.0010098749699039592,0.00048224006575175386,0.0003189898167229794,3.165853318700032,1.5117726036080519,1.9372711930835518,0.010922467081849779,3.521917704558496e-05,0.0003189898167229794,0.009891712949839688
chameleon,Clustering Coefficient,1,200,0.0015051670197863132,0.013809095188557278,0.013646615545393736,0.004512294425096131,3.0603267179896148,3.0243185084499458,2.5147093181418128,0.009941777051813979,4.3349629644360645e-05,0.0009406097799367835,0.004512294425096131
chameleon,Degree,1,250,0.0031954169971868396,2.7063789655551664,1.5872114232068495,0.9039209430284938,2.9940438778724645,1.7559184079628263,0.9039209430284938,0.008106179514639896,2.487147947388958e-05,0.0003852866945349792,0.011078100971492939
chameleon,Neighborhood Heterogeneity,1,250,0.009612042020307854,0.014835715583659287,0.00944440306003003,0.0031542138840777675,4.7034589691424715,2.9942177059408244,2.043610620246775,0.0031542138840777675,4.2048782738360484e-05,0.000695087953229044,0.013214145895593674
chameleon,PageRank,1,250,0.0014964579895604402,4.1094073446203285e-05,2.783598601009328e-05,2.454117365691375e-05,1.674495035188598,1.1342565110879004,1.9883525945196425,0.007613953289284395,2.454117365691375e-05,0.0004306152457259016,0.011247020779005652
chameleon,Eigenvector Centrality,1,250,0.004357124998932704,0.0010098749699039592,0.00048224006575175386,0.0004669802629491464,2.162564566489898,1.0326776183349515,1.8296242760544807,0.006570398430962851,3.420525875161912e-05,0.0004669802629491464,0.00902377831340728
chameleon,Clustering Coefficient,1,250,0.0024939999857451767,0.013809095188557278,0.013646615545393736,0.0036617681165150547,3.771155012868359,3.7267831034536867,2.174718314992913,0.008312405271232148,3.35680942709832e-05,0.0007931573403996452,0.0036617681165150547
chameleon,Degree,2,50,0.0008091249910648912,2.3530746497336907,3.222795694008507,1.098264593276037,2.1425389329129274,2.9344437704170727,1.098264593276037,0.012124959209263854,3.1509205488329585e-05,0.00037970082517692203,0.0098581478994444
chameleon,Neighborhood Heterogeneity,2,50,0.0007136249914765358,0.012345510125029494,0.011696659429174316,0.0018792891423046027,6.569244639965299,6.223980741372514,2.2895199435702875,0.0018792891423046027,3.0478972474081702e-05,0.00048522682829425383,0.009055352768210859
chameleon,PageRank,2,50,0.0007178329979069531,4.029077306242275e-05,4.9678011245225306e-05,1.9852326732703622e-05,2.0295239749429452,2.502377273661757,1.6347049124280262,0.01169445555326108,1.9852326732703622e-05,0.0005506549749450669,0.01638693234774084
chameleon,Eigenvector Centrality,2,50,0.0007462499779649079,0.0007035452807979604,0.0011147123454339739,0.0002433467135968116,2.8911230005909494,4.580757754883356,2.1958671839221013,0.007332844928944956,4.3717868425641506e-05,0.0002433467135968116,0.011473201946426492
chameleon,Clustering Coefficient,2,50,0.0007404170173685998,0.014901671847866865,0.011438687677340862,0.002123189702365849,7.018530577490124,5.387501486369705,2.3265091214404725,0.012544152099986966,3.1965584606698184e-05,0.0008411245415992287,0.002123189702365849
chameleon,Degree,2,150,0.001003334007691592,2.3530746497336907,3.222795694008507,0.8600705574618633,2.735908849941104,3.747129425659255,0.8600705574618633,0.011226233425791255,2.9329886032422202e-05,0.0006023211276701393,0.014009152100682588
chameleon,Neighborhood Heterogeneity,2,150,0.0010792080138344318,0.012345510125029494,0.011696659429174316,0.0011555119485089176,10.684017712633993,10.122491112504534,2.5550788113488343,0.0011555119485089176,3.5003540009593645e-05,0.0011275817437186272,0.011601384229380575
chameleon,PageRank,2,150,0.0010335409897379577,4.029077306242275e-05,4.9678011245225306e-05,2.248838213900725e-05,1.7916261300334422,2.2090522536548436,1.829005310733,0.010972953165155949,2.248838213900725e-05,0.0008245096792866433,0.01194918181287123
chameleon,Eigenvector Centrality,2,150,0.0010086249967571348,0.0007035452807979604,0.0011147123454339739,0.00013209803426158866,5.3259330067301125,8.438523341131267,1.998546999656836,0.011639951311530993,4.219931323807574e-05,0.00013209803426158866,0.010864446954375457
chameleon,Clustering Coefficient,2,150,0.00098916600109078,0.014901671847866865,0.011438687677340862,0.0013589679227147835,10.965433104629938,8.417187400928508,2.4779961965316653,0.013511244819161055,4.3540637404029446e-05,0.0008353223531005474,0.0013589679227147835
chameleon,Degree,2,200,0.001133708021370694,2.3530746497336907,3.222795694008507,0.9604060749827326,2.450083054478802,3.3556594215279727,0.9604060749827326,0.011161609844571097,2.3669161824157603e-05,0.0004596203486790298,0.00992546552122524
chameleon,Neighborhood Heterogeneity,2,200,0.0011210829834453762,0.012345510125029494,0.011696659429174316,0.0031004680129226385,3.981821477781372,3.772546396357925,2.595154187282332,0.0031004680129226385,4.0567914777442374e-05,0.0008418094724669768,0.009333770500008014
chameleon,PageRank,2,200,0.0011479170061647892,4.029077306242275e-05,4.9678011245225306e-05,2.5970994107044764e-05,1.5513758501640749,1.912826711232817,2.08597633614796,0.01191610457468258,2.5970994107044764e-05,0.0006581623890604788,0.014199025115765613
chameleon,Eigenvector Centrality,2,200,0.001189000002341345,0.0007035452807979604,0.0011147123454339739,0.0003231541282505628,2.177119892005387,3.4494758011250393,1.9911191783045308,0.008263253484388191,3.639299288351111e-05,0.0003231541282505628,0.007758508671803997
chameleon,Clustering Coefficient,2,200,0.0011642919853329659,0.014901671847866865,0.011438687677340862,0.004522540705446276,3.294977937936856,2.5292614090937438,2.054063199703934,0.010424973290887906,3.360267797896032e-05,0.0007856786116637498,0.004522540705446276
chameleon,Degree,2,250,0.001289624982746318,2.3530746497336907,3.222795694008507,0.9386494182146375,2.5068727515000937,3.4334391855677495,0.9386494182146375,0.011308070391832776,2.6378441716271162e-05,0.0005429769239377654,0.008928016229231447
chameleon,Neighborhood Heterogeneity,2,250,0.001282332988921553,0.012345510125029494,0.011696659429174316,0.0032500467296099774,3.7985638829602366,3.5989203855471876,2.257746699016721,0.0032500467296099774,3.8483470349855286e-05,0.0006912729700021953,0.013351405455179577
chameleon,PageRank,2,250,0.0012975000136066228,4.029077306242275e-05,4.9678011245225306e-05,2.345221160498081e-05,1.717994607121221,2.118265521477498,1.7340109407500723,0.008665203906030535,2.345221160498081e-05,0.0007446051588620498,0.008978997912339113
chameleon,Eigenvector Centrality,2,250,0.001289999985601753,0.0007035452807979604,0.0011147123454339739,0.00047023892538750246,1.4961442849891697,2.3705233345269967,1.900950218101249,0.0074559817792156785,3.0322781400666305e-05,0.00047023892538750246,0.011223702341362402
chameleon,Clustering Coefficient,2,250,0.0012782500125467777,0.014901671847866865,0.011438687677340862,0.003699563417844786,4.0279541569658965,3.0919020396208188,1.6784098218079948,0.013534700557231705,3.0351825658286978e-05,0.000600090298043298,0.003699563417844786
chameleon,Degree,3,50,0.000801417016191408,3.0424061420400075,2.0057126321428376,0.957947080887586,3.1759647299317053,2.093761411417888,0.957947080887586,0.014592202529813095,2.7072385525649146e-05,0.0004174099786970228,0.010603157641667773
chameleon,Neighborhood Heterogeneity,3,50,0.0007820000173524022,0.007759542512536552,0.00953416344848422,0.002049963452142288,3.785210172614317,4.650894355467979,1.9357281543780407,0.002049963452142288,3.534148797004845e-05,0.0004722414389348896,0.010051175289648016
chameleon,PageRank,3,50,0.0007991250022314489,5.3844702540236484e-05,3.39505431565341e-05,2.3038821912520728e-05,2.337129161581562,1.4736232297573888,1.906252552431043,0.009038417196119603,2.3038821912520728e-05,0.000582183832453666,0.016469072210941692
chameleon,Eigenvector Centrality,3,50,0.0007937499904073775,0.0011361029552709372,0.0005652462019099221,0.00021535582155047685,5.27546897544466,2.624708251861374,2.385164498608435,0.011285471028439308,3.873972788305848e-05,0.00021535582155047685,0.00847755077705658
chameleon,Clustering Coefficient,3,50,0.0008597499981988221,0.01090060900711757,0.013119200265583752,0.002205668040646117,4.942089564812483,5.947948659464042,2.9068867339119064,0.009375228723721896,4.7078267517931864e-05,0.0006266012339279585,0.002205668040646117
chameleon,Degree,3,150,0.0009847079927567393,3.0424061420400075,2.0057126321428376,0.6418956164608358,4.739721013853714,3.1246710223720817,0.6418956164608358,0.010381846380385602,2.4209953986081705e-05,0.0005020268504662402,0.012113781669094935
chameleon,Neighborhood Heterogeneity,3,150,0.0009674589964561164,0.007759542512536552,0.00953416344848422,0.0011907380710200778,6.516582195015509,8.006935933707505,2.3864634374016536,0.0011907380710200778,3.0101015850732516e-05,0.0009432054850460886,0.01249672927097951
chameleon,PageRank,3,150,0.0009996669832617044,5.3844702540236484e-05,3.39505431565341e-05,2.0275659213147385e-05,2.6556326467216347,1.6744483027471424,1.8069669029165603,0.006284708807362689,2.0275659213147385e-05,0.0004064626846697822,0.008788731910517312
chameleon,Eigenvector Centrality,3,150,0.0009908339998219162,0.0011361029552709372,0.0005652462019099221,0.00013115407329352554,8.662353571957427,4.309787623941266,1.567140590149743,0.01011345632851542,3.4265738554498074e-05,0.00013115407329352554,0.008180613865827488
chameleon,Clustering Coefficient,3,150,0.0009778329986147583,0.01090060900711757,0.013119200265583752,0.0013594558966347156,8.01836163578505,9.650331649640023,1.9487231507368807,0.010969404356697483,3.7596489437098554e-05,0.0006682367361250309,0.0013594558966347156
chameleon,Degree,3,200,0.0011276250006631017,3.0424061420400075,2.0057126321428376,1.1120662607161464,2.7358137275747976,1.8035909396722478,1.1120662607161464,0.008633561056915567,2.8930383173686332e-05,0.00040406162380040943,0.013865423473997381
chameleon,Neighborhood Heterogeneity,3,200,0.0011167499760631472,0.007759542512536552,0.00953416344848422,0.0029527802120748216,2.627876765363507,3.228876775012278,2.468491509761537,0.0029527802120748216,3.5043882883928885e-05,0.0006078945512528215,0.012560128080555344
chameleon,PageRank,3,200,0.0011529579933267087,5.3844702540236484e-05,3.39505431565341e-05,2.441622702297287e-05,2.2052834981250293,1.3904909683461957,2.2111823353356557,0.006711538793045445,2.441622702297287e-05,0.0009195630513695347,0.011932429247750898
chameleon,Eigenvector Centrality,3,200,0.0012054169783368707,0.0011361029552709372,0.0005652462019099221,0.0003073101295797118,3.6969264788788827,1.8393347550338572,1.4282535415258546,0.01111870514256252,2.6596151773248372e-05,0.0003073101295797118,0.012965348545355337
chameleon,Clustering Coefficient,3,200,0.0011342079960741103,0.01090060900711757,0.013119200265583752,0.004487130719006233,2.429304981231243,2.923739263938642,2.7947118772404798,0.007727034355520188,3.4735334596577155e-05,0.0009116995770904383,0.004487130719006233
chameleon,Degree,3,250,0.0012957080034539104,3.0424061420400075,2.0057126321428376,0.9081056840438999,3.350277611402915,2.2086775442382067,0.9081056840438999,0.009590630450491432,2.5738538909587142e-05,0.0005925471436805383,0.011038824218502784
chameleon,Neighborhood Heterogeneity,3,250,0.0012771250039804727,0.007759542512536552,0.00953416344848422,0.0031800136734119926,2.440097216377991,2.9981517149435866,3.0913493041410653,0.0031800136734119926,5.143971777359716e-05,0.0006243997648949209,0.013263501469296524
chameleon,PageRank,3,250,0.0013386250066105276,5.3844702540236484e-05,3.39505431565341e-05,2.5062134871882022e-05,2.148448359068026,1.3546548739798003,1.8133059249420782,0.008641454394028492,2.5062134871882022e-05,0.0007905939257937457,0.009711200756181874
chameleon,Eigenvector Centrality,3,250,0.0014139169943518937,0.0011361029552709372,0.0005652462019099221,0.00047841433513639176,2.3747259892349257,1.1814992996578486,1.6984872589906914,0.006711683079246966,3.104941501957859e-05,0.00047841433513639176,0.008855111347239859
chameleon,Clustering Coefficient,3,250,0.001310332998400554,0.01090060900711757,0.013119200265583752,0.0036347922306310967,2.9989634387506476,3.60933980078028,2.3001871698095977,0.008762669267856972,3.4863420397074365e-05,0.0008796159483668136,0.0036347922306310967
chameleon,Degree,4,50,0.0008017919899430126,2.8940643312954526,2.487197960950824,1.2642397559216778,2.2891736458529355,1.9673467388609085,1.2642397559216778,0.008731523616637732,3.616581589436631e-05,0.000791978113928074,0.012682202663246165
chameleon,Neighborhood Heterogeneity,4,50,0.0008370419964194298,0.011557789167553765,0.008145022943966535,0.0018405623326546335,6.279488046940538,4.425290466647229,1.8038519159457376,0.0018405623326546335,2.7009999811911978e-05,0.0006599681946293787,0.011886983359774297
chameleon,PageRank,4,50,0.0007439590117428452,5.2050931351131116e-05,3.2669690089999164e-05,3.818315239483942e-05,1.3631910433399934,0.8556048424753578,2.59638586305634,0.01202537748987759,3.818315239483942e-05,0.0007240796428657039,0.009796578188362774
chameleon,Eigenvector Centrality,4,50,0.0007149580051191151,0.0008001951237026246,0.001035102041293137,0.00024381208456103858,3.2820158407787825,4.245491125498328,1.8548221902684143,0.011988669647492668,3.465319012104118e-05,0.00024381208456103858,0.008330131379894527
chameleon,Clustering Coefficient,4,50,0.0007407919911202043,0.01292789021226492,0.010220912787075737,0.0020430461911443787,6.32775228886214,5.002781058685051,2.306847238700785,0.009913947449176192,3.120354822661781e-05,0.0005436140322822715,0.0020430461911443787
chameleon,Degree,4,150,0.0010043749934993684,2.8940643312954526,2.487197960950824,0.6688145670754383,4.327155049792776,3.7188154735126795,0.6688145670754383,0.007525899685984909,2.5973583315191583e-05,0.0004089542067636626,0.011588027046560038
chameleon,Neighborhood Heterogeneity,4,150,0.0009825419983826578,0.011557789167553765,0.008145022943966535,0.0011066317525354875,10.444114892847455,7.360192697620376,2.217789745215371,0.0011066317525354875,4.28758815967932e-05,0.0004953023313062719,0.01588602310907885
chameleon,PageRank,4,150,0.0011298750177957118,5.2050931351131116e-05,3.2669690089999164e-05,2.167194616981075e-05,2.4017654410584783,1.5074645273671077,1.7387562018454468,0.007839037307590665,2.167194616981075e-05,0.0005397545700381298,0.008841045712064908
chameleon,Eigenvector Centrality,4,150,0.0012876669934485108,0.0008001951237026246,0.001035102041293137,0.00012971306617582412,6.168963137591491,7.979936577014314,1.6791476232895008,0.011140095814972745,3.205483332119112e-05,0.00012971306617582412,0.013147615056822524
chameleon,Clustering Coefficient,4,150,0.001063875010004267,0.01292789021226492,0.010220912787075737,0.0013743324632435716,9.406668734109443,7.437001642930918,1.5605186029327922,0.009771736175843846,3.3006637438322153e-05,0.0006604595905736261,0.0013743324632435716
chameleon,Degree,4,200,0.0011985829914920032,2.8940643312954526,2.487197960950824,0.8279250612088156,3.495563145618471,3.004134163204795,0.8279250612088156,0.010906562923729326,2.398481539839472e-05,0.0003685980693045642,0.014066562646319152
chameleon,Neighborhood Heterogeneity,4,200,0.0011812919983640313,0.011557789167553765,0.008145022943966535,0.0029833029347437895,3.8741587496699745,2.7302031078067643,1.7687937577296857,0.0029833029347437895,3.433524077386946e-05,0.0008412716796735518,0.012865115586076665
chameleon,PageRank,4,200,0.001177833997644484,5.2050931351131116e-05,3.2669690089999164e-05,2.2125598700743986e-05,2.352520808821362,1.4765562067660853,1.5823884518735778,0.01282732744902645,2.2125598700743986e-05,0.0004037528562143799,0.008744151965285534
chameleon,Eigenvector Centrality,4,200,0.001152832992374897,0.0008001951237026246,0.001035102041293137,0.00031891374941446325,2.5091270764330815,3.245711554279552,2.1267603576184797,0.016614938755018023,4.0259251236278894e-05,0.00031891374941446325,0.012015645937785173
chameleon,Clustering Coefficient,4,200,0.0011882079998031259,0.01292789021226492,0.010220912787075737,0.004621027240040332,2.7976225935755545,2.2118269934687786,1.5696682087299947,0.011238779539239113,2.6779932787728056e-05,0.0005393202767531866,0.004621027240040332
chameleon,Degree,4,250,0.001387041003908962,2.8940643312954526,2.487197960950824,0.9277220338776411,3.119538208227095,2.6809732550546115,0.9277220338776411,0.008012920679219115,2.4401660779359454e-05,0.0005157793618610172,0.009083909076564095
chameleon,Neighborhood Heterogeneity,4,250,0.0012891659862361848,0.011557789167553765,0.008145022943966535,0.003250080575184503,3.5561546553034744,2.5060987737216798,1.841471908462756,0.003250080575184503,2.7321976855835135e-05,0.0006301452022523461,0.0149905345897289
chameleon,PageRank,4,250,0.00135983299696818,5.2050931351131116e-05,3.2669690089999164e-05,1.984524940007638e-05,2.622840877521589,1.6462221981384333,1.5191334345796608,0.007953757926722982,1.984524940007638e-05,0.0003128864303810668,0.00981187521089259
chameleon,Eigenvector Centrality,4,250,0.0013282910222187638,0.0008001951237026246,0.001035102041293137,0.0004795588977138233,1.6686065622332398,2.1584461183552768,1.9887618178922524,0.008038739132909745,3.7196725028848225e-05,0.0004795588977138233,0.008537002004617666
chameleon,Clustering Coefficient,4,250,0.0013052909926045686,0.01292789021226492,0.010220912787075737,0.0037501629593638683,3.447287585192791,2.7254583061663773,1.4899230555866736,0.00804123424617589,2.3683858289184807e-05,0.0005207175197924684,0.0037501629593638683
chameleon,Degree,5,50,0.0007983329996932298,2.578955839482152,2.3586508838225098,1.352255876592263,1.9071507723680374,1.744234153203609,1.352255876592263,0.00998026962238391,3.890416230199909e-05,0.0005259705066672853,0.008283648192662143
chameleon,Neighborhood Heterogeneity,5,50,0.0007045419770292938,0.010046895774225309,0.009903771056298609,0.0021333191447879115,4.7095137165818395,4.642423558845066,2.372670089889771,0.0021333191447879115,3.42162852234622e-05,0.0006774427563365095,0.011476697528086801
chameleon,PageRank,5,50,0.0007465420057997108,4.5660499338300505e-05,3.288237840679909e-05,2.5281501031983057e-05,1.8060833998953003,1.3006497662144478,1.9574958590862501,0.008219075265416716,2.5281501031983057e-05,0.0007930302233667469,0.01351763707196071
chameleon,Eigenvector Centrality,5,50,0.0006961250037420541,0.0008143723829401206,0.0007558401956793449,0.0002748580786441591,2.9628831976026277,2.7499289793765973,1.7791493479823024,0.009748692217416435,3.106362239888065e-05,0.0002748580786441591,0.014052961115578088
chameleon,Clustering Coefficient,5,50,0.0006862079899292439,0.013271939097506036,0.018816349038410746,0.0021924020120177995,6.053606512288808,8.582526806337368,2.233196387898906,0.008463962740520286,3.723198549305107e-05,0.0007027795992380731,0.0021924020120177995
chameleon,Degree,5,150,0.0009735840139910579,2.578955839482152,2.3586508838225098,0.6317677440789607,4.082126483430949,3.733414543442909,0.6317677440789607,0.007720675742457307,2.6902137367410775e-05,0.0004011711282424441,0.011590716219667667
chameleon,Neighborhood Heterogeneity,5,150,0.0009886249899864197,0.010046895774225309,0.009903771056298609,0.0012941218129830043,7.7634853793761485,7.652889362454997,1.958567100329112,0.0012941218129830043,3.945778127394402e-05,0.00043648573719396594,0.007188524038709501
chameleon,PageRank,5,150,0.0009994159918278456,4.5660499338300505e-05,3.288237840679909e-05,2.367892395148709e-05,1.9283181715456679,1.3886770561942703,2.661143763432094,0.007598060134571918,2.367892395148709e-05,0.0008372605283459933,0.009079633201693289
chameleon,Eigenvector Centrality,5,150,0.00104599999031052,0.0008143723829401206,0.0007558401956793449,0.00011990484017671613,6.791822429685874,6.303667096052046,1.6309776709433457,0.0075001765935995045,2.7503534876105857e-05,0.00011990484017671613,0.008741560249851763
chameleon,Clustering Coefficient,5,150,0.001002584001980722,0.013271939097506036,0.018816349038410746,0.0013573221900265793,9.77803147625999,13.862846402033906,2.032644290619118,0.006600352674498546,3.3407343865932704e-05,0.000781364640308104,0.0013573221900265793
chameleon,Degree,5,200,0.0011718329915311188,2.578955839482152,2.3586508838225098,0.9525635424834519,2.7073845727482837,2.476108709423429,0.9525635424834519,0.008580274617979833,2.5014920830393484e-05,0.00038456985361153706,0.011750344897673121
chameleon,Neighborhood Heterogeneity,5,200,0.0011456670181360096,0.010046895774225309,0.009903771056298609,0.002954097199291098,3.401003791153618,3.352554228302048,2.4315552258572835,0.002954097199291098,3.8554034483141817e-05,0.0007352265323816057,0.014269257515403661
chameleon,PageRank,5,200,0.001164834015071392,4.5660499338300505e-05,3.288237840679909e-05,2.040773263906776e-05,2.237411678497289,1.6112705408463828,1.5254950147741961,0.009983547860551847,2.040773263906776e-05,0.000645702317262931,0.013648571594038475
chameleon,Eigenvector Centrality,5,200,0.001155665988335386,0.0008143723829401206,0.0007558401956793449,0.00030591693017869274,2.6620703289106227,2.4707367298627188,2.263817286197148,0.009167314622178173,4.604123107830558e-05,0.00030591693017869274,0.006646732482027724
chameleon,Clustering Coefficient,5,200,0.001168832997791469,0.013271939097506036,0.018816349038410746,0.004540337426920877,2.923117347801763,4.1442622583166555,2.3333978734207554,0.010271501574073208,4.30491527622716e-05,0.0010330332000460887,0.004540337426920877
chameleon,Degree,5,250,0.001288209023186937,2.578955839482152,2.3586508838225098,0.9457636007521621,2.72685038568953,2.4939116730086504,0.9457636007521621,0.011534313468257083,2.6406604832942795e-05,0.00048490553694167905,0.010376363479710039
chameleon,Neighborhood Heterogeneity,5,250,0.0012679999927058816,0.010046895774225309,0.009903771056298609,0.003333411718960002,3.0139978560343756,2.971061450335486,2.1961500081408585,0.003333411718960002,3.3329003073467024e-05,0.0007469562521272086,0.013887745172907334
chameleon,PageRank,5,250,0.0012944589834660292,4.5660499338300505e-05,3.288237840679909e-05,1.968382108204678e-05,2.319696930183263,1.6705282104393058,2.2245811511143314,0.008138861419048906,1.968382108204678e-05,0.0008110980331010924,0.010112515050136535
chameleon,Eigenvector Centrality,5,250,0.038208708981983364,0.0008143723829401206,0.0007558401956793449,0.00048630483567260394,1.6746129653713382,1.554251860633771,2.2969026028636983,0.013916572866642721,4.819852134979411e-05,0.00048630483567260394,0.007174233104009313
chameleon,Clustering Coefficient,5,250,0.003296999988378957,0.013271939097506036,0.018816349038410746,0.0036915937713656853,3.595178646266963,5.097080069958439,2.363233880281932,0.007506642242003434,4.150856546621004e-05,0.0006023532219981574,0.0036915937713656853
chameleon,Degree,6,50,0.0008197909919545054,2.5432010857182465,2.4030638672286235,1.1725251433031734,2.1689949253912633,2.0494774725758496,1.1725251433031734,0.010359962357164645,3.3954933095344894e-05,0.0006011686055255195,0.017526396123840136
chameleon,Neighborhood Heterogeneity,6,50,0.0007055840105749667,0.008889896367750973,0.009386393071493212,0.0020662134391417454,4.302506313889634,4.542799351548159,2.912329177306293,0.0020662134391417454,4.877747905373967e-05,0.000688261486074845,0.0110793296236413
chameleon,PageRank,6,50,0.0007070830033626407,4.661077789270216e-05,4.597882654813344e-05,2.4284411349493388e-05,1.919370299814763,1.8933473777239664,2.093646424767706,0.01291353420340861,2.4284411349493388e-05,0.0006016159948879102,0.007654926642505629
chameleon,Eigenvector Centrality,6,50,0.0007084170065354556,0.0004300388232219607,0.000864840842622424,0.0002343330537563784,1.8351607523070368,3.690648112841757,1.9490016568735116,0.009477038954689949,3.5103189770918536e-05,0.0002343330537563784,0.01522712748454837
chameleon,Clustering Coefficient,6,50,0.0006852079823147506,0.015203989436164692,0.015260662316348633,0.002151187039375637,7.067720824767295,7.094065758585969,2.8290395683645086,0.010609069507138738,3.403627062111527e-05,0.000724712020676994,0.002151187039375637
chameleon,Degree,6,150,0.0010436250013299286,2.5432010857182465,2.4030638672286235,0.7366334136242607,3.452465009977776,3.2622249042511795,0.7366334136242607,0.009511217738429185,2.7582503282178073e-05,0.0006272769279824139,0.011941783855526838
chameleon,Neighborhood Heterogeneity,6,150,0.000992790999589488,0.008889896367750973,0.009386393071493212,0.001224747374325662,7.258555155217779,7.663942187801219,2.506484969391148,0.001224747374325662,3.369020796914185e-05,0.000972779948014412,0.014174278527971979
chameleon,PageRank,6,150,0.0010028340038843453,4.661077789270216e-05,4.597882654813344e-05,2.2267837609465215e-05,2.0931883333337082,2.0648087773277806,1.6660422135708148,0.009545060329303783,2.2267837609465215e-05,0.0006382620926446687,0.012635083497588217
chameleon,Eigenvector Centrality,6,150,0.000997916009509936,0.0004300388232219607,0.000864840842622424,0.00011798629745257755,3.644820055437429,7.330010868169086,1.4189657266201898,0.011702702640485525,3.197769505366647e-05,0.00011798629745257755,0.008093920451362507
chameleon,Clustering Coefficient,6,150,0.0009832500072661787,0.015203989436164692,0.015260662316348633,0.0013647358075407029,11.140610037603368,11.18213666852402,1.7150120055383202,0.008162199206621115,2.3146618252352608e-05,0.0009829606020483115,0.0013647358075407029
chameleon,Degree,6,200,0.001145249989349395,2.5432010857182465,2.4030638672286235,1.0171913238045964,2.500219011115748,2.3624502205155014,1.0171913238045964,0.013646434703322325,3.176798394704389e-05,0.000502672198358126,0.015692025525380297
chameleon,Neighborhood Heterogeneity,6,200,0.0011355839960742742,0.008889896367750973,0.009386393071493212,0.003106240559125463,2.861947166852348,3.021785625687624,2.4984279158421026,0.003106240559125463,4.026647449123864e-05,0.0007465832155046422,0.008906848836750293
chameleon,PageRank,6,200,0.0011620419973041862,4.661077789270216e-05,4.597882654813344e-05,2.4052683234789e-05,1.9378618775175105,1.9115882456569833,1.8470626538475508,0.011970186644423944,2.4052683234789e-05,0.0005983569147459818,0.011146403299882012
chameleon,Eigenvector Centrality,6,200,0.0011529999901540577,0.0004300388232219607,0.000864840842622424,0.0003375254850996394,1.2740928972963652,2.5622979028298207,1.715671117593315,0.0065405723748379494,3.632213589673104e-05,0.0003375254850996394,0.009885925383442535
chameleon,Clustering Coefficient,6,200,0.0011680419847834855,0.015203989436164692,0.015260662316348633,0.0045141577463933226,3.3680678191434996,3.380622294057279,1.896961163677411,0.007480827783359888,3.392725644675466e-05,0.0006104302202097002,0.0045141577463933226
chameleon,Degree,6,250,0.0014476669894065708,2.5432010857182465,2.4030638672286235,1.2480525246429113,2.037735620498744,1.9254509083391185,1.2480525246429113,0.010607707672976387,3.621055513853442e-05,0.0005446645750080885,0.011088834189742856
chameleon,Neighborhood Heterogeneity,6,250,0.0013043329818174243,0.008889896367750973,0.009386393071493212,0.0031805990683672902,2.795038348644949,2.9511399801520937,1.8917666048672914,0.0031805990683672902,3.423627689349744e-05,0.0006097439422175211,0.00891749301475349
chameleon,PageRank,6,250,0.0013257079990580678,4.661077789270216e-05,4.597882654813344e-05,2.5290508807657977e-05,1.8430146363282496,1.8180269482838964,2.058595589510918,0.007125239515028779,2.5290508807657977e-05,0.0006996186278070657,0.009437637488188537
chameleon,Eigenvector Centrality,6,250,0.0013621659891214222,0.0004300388232219607,0.000864840842622424,0.00046540839271549993,0.9240031549771378,1.8582407540533838,1.6608503688023095,0.013200549609503554,3.387993478869732e-05,0.00046540839271549993,0.010902831353004789
chameleon,Clustering Coefficient,6,250,0.001270917011424899,0.015203989436164692,0.015260662316348633,0.0037327305612956975,4.0731548089254845,4.088337496037052,2.011107632514954,0.011536375141806231,3.549411599533851e-05,0.0009281254805211844,0.0037327305612956975
chameleon,Degree,7,50,0.0007807080110069364,2.1570878930375477,2.950985816878266,1.3700729857480425,1.5744328334886517,2.1538894990087445,1.3700729857480425,0.010736070657525682,3.7724525758021734e-05,0.0006490331690910637,0.01608516650707014
chameleon,Neighborhood Heterogeneity,7,50,0.0006874590180814266,0.013232228569193547,0.010728779346050987,0.0019376846715733116,6.828886435092445,5.536906754461606,1.473239319795387,0.0019376846715733116,2.59511709546968e-05,0.0005778481397864162,0.010585074622972819
chameleon,PageRank,7,50,0.0007068749982863665,4.404398130293826e-05,4.6165296760307784e-05,2.2137832611197678e-05,1.9895344804739419,2.0853575673418283,1.5702622968183635,0.009011497294155624,2.2137832611197678e-05,0.0004204913974912591,0.013266613013574954
chameleon,Eigenvector Centrality,7,50,0.0007008750108070672,0.00096557692025993,0.0006027734817490354,0.00018545309297091886,5.206582995147691,3.2502746225082215,1.8780937889976794,0.007899798643255922,4.048066182374417e-05,0.00018545309297091886,0.011039442534508375
chameleon,Clustering Coefficient,7,50,0.0007510840077884495,0.011648954618840532,0.012323452985408488,0.002101671662584232,5.542709085451,5.863643310608981,2.0104639715738117,0.012846908468839319,3.4436772534837994e-05,0.0007635815213645929,0.002101671662584232
chameleon,Degree,7,150,0.001033000007737428,2.1570878930375477,2.950985816878266,0.7731813901836792,2.7898859445195696,3.816679830042497,0.7731813901836792,0.01048482515798726,2.6488700081579426e-05,0.00040993672256484624,0.012589945364895907
chameleon,Neighborhood Heterogeneity,7,150,0.0010270409984514117,0.013232228569193547,0.010728779346050987,0.0012918737757848255,10.242663654314713,8.304820135800924,2.3702876617407536,0.0012918737757848255,3.2994003427921524e-05,0.0009640602008416252,0.012718771044183053
chameleon,PageRank,7,150,0.0010297090047970414,4.404398130293826e-05,4.6165296760307784e-05,2.1343241978844143e-05,2.06360314644774,2.1629936448299545,2.3505604210180886,0.013954838905346231,2.1343241978844143e-05,0.0009116731507590545,0.009454936045096425
chameleon,Eigenvector Centrality,7,150,0.001043917000060901,0.00096557692025993,0.0006027734817490354,0.00013272541810986464,7.274996259274657,4.54150749971708,1.9269827794884986,0.011438141261016771,3.79127509681254e-05,0.00013272541810986464,0.01030367859204009
chameleon,Clustering Coefficient,7,150,0.0010142500104848295,0.011648954618840532,0.012323452985408488,0.0013820126667387074,8.428978184642762,8.917033310909908,2.4325021634861477,0.008077977310529286,4.258477592011224e-05,0.0004994137387079361,0.0013820126667387074
chameleon,Degree,7,200,0.0012092079850845039,2.1570878930375477,2.950985816878266,1.0558208902716926,2.0430433920306954,2.7949682034789953,1.0558208902716926,0.008448801420932685,2.959671885517377e-05,0.000542892126544739,0.0077010631616653445
chameleon,Neighborhood Heterogeneity,7,200,0.0011697500012814999,0.013232228569193547,0.010728779346050987,0.002898609260776179,4.565026665805335,3.7013541256602736,1.9405561042059898,0.002898609260776179,3.417124537453919e-05,0.0005248429719702747,0.015330007094432625
chameleon,PageRank,7,200,0.0011975420056842268,4.404398130293826e-05,4.6165296760307784e-05,2.6558103421619635e-05,1.65840085053228,1.7382753590275917,1.8469796056981416,0.009280733060767014,2.6558103421619635e-05,0.0007714235428761363,0.014138972744055706
chameleon,Eigenvector Centrality,7,200,0.0012163750070612878,0.00096557692025993,0.0006027734817490354,0.0002989001087389504,3.2304334860688635,2.016638549554621,1.4738852744001478,0.008042507583250383,3.158543177945206e-05,0.0002989001087389504,0.0093649977745591
chameleon,Clustering Coefficient,7,200,0.001165791996754706,0.011648954618840532,0.012323452985408488,0.004553203896860343,2.558408295062968,2.7065453831105852,1.8344723303647785,0.007018120967104359,3.504768995864569e-05,0.0006463848739631194,0.004553203896860343
chameleon,Degree,7,250,0.0012635829916689545,2.1570878930375477,2.950985816878266,0.9301421474533621,2.3190948812968455,3.172618104617424,0.9301421474533621,0.007586997916558105,2.76322971271215e-05,0.0004082993922227953,0.009181188346977414
chameleon,Neighborhood Heterogeneity,7,250,0.0012877499975729734,0.013232228569193547,0.010728779346050987,0.003250578790421483,4.070729990666617,3.300575078403145,2.224248675301307,0.003250578790421483,4.2099913963083965e-05,0.000671633136067451,0.012358721520917035
chameleon,PageRank,7,250,0.0013006250082980841,4.404398130293826e-05,4.6165296760307784e-05,2.252894887297985e-05,1.9549949512186304,2.0491544909880925,1.768074929139002,0.010666649803307877,2.252894887297985e-05,0.0006395087441397365,0.007840172350040461
chameleon,Eigenvector Centrality,7,250,0.0012990000250283629,0.00096557692025993,0.0006027734817490354,0.00044111424083971096,2.188949779589625,1.3664793061352718,1.3557521248139106,0.006765974591679315,2.7054617239711608e-05,0.00044111424083971096,0.010206874521915267
chameleon,Clustering Coefficient,7,250,0.0012783329875674099,0.011648954618840532,0.012323452985408488,0.0036805609681969482,3.164994336324547,3.348254000380155,1.6422435319574873,0.008055679064687796,4.0998566258726245e-05,0.000593474037792154,0.0036805609681969482
chameleon,Degree,8,50,0.0008040000102482736,2.2919275296277544,2.15778213015055,1.1379280825962759,2.0141233568983856,1.8962377000375927,1.1379280825962759,0.009877844553861833,3.092511916881097e-05,0.00043765183454782635,0.0075138480850729505
chameleon,Neighborhood Heterogeneity,8,50,0.0007096669869497418,0.012104150803028338,0.007521126336164285,0.002183314991748896,5.543932437038128,3.4448196273042826,2.3390680715165866,0.002183314991748896,3.0682601070168385e-05,0.0007183119543091744,0.01648923925689049
chameleon,PageRank,8,50,0.0007092500163707882,4.348138019732673e-05,3.412984489624837e-05,2.37381200130352e-05,1.8317111958929355,1.4377652854356961,1.8694111279008276,0.010312452807611252,2.37381200130352e-05,0.0006207741089238423,0.00854802562243937
chameleon,Eigenvector Centrality,8,50,0.0007037910108920187,0.0005523132687935983,0.0006013871273791929,0.00017005695590030908,3.2478134509086227,3.5363865252988447,1.8370325758655277,0.009602503494768625,3.680341148970237e-05,0.00017005695590030908,0.008785710216322724
chameleon,Clustering Coefficient,8,50,0.0006864999886602163,0.01657723208392679,0.012761914519224472,0.0020618694052906964,8.039904002353445,6.189487310145722,3.2608340020010487,0.010333608304533282,4.562252501396193e-05,0.0009811074878854418,0.0020618694052906964
chameleon,Degree,8,150,0.0009754589991644025,2.2919275296277544,2.15778213015055,0.883250019748877,2.594879681156858,2.443002640140381,0.883250019748877,0.006176741788467809,3.079127804655539e-05,0.00033741152584549174,0.010865291167414656
chameleon,Neighborhood Heterogeneity,8,150,0.0009702919924166054,0.012104150803028338,0.007521126336164285,0.0011981723130223862,10.102178686215552,6.2771658587171535,2.8389665915066336,0.0011981723130223862,4.168553669284692e-05,0.0007316362502251749,0.010250973953223132
chameleon,PageRank,8,150,0.0009988750098273158,4.348138019732673e-05,3.412984489624837e-05,1.5712294930878125e-05,2.767347506434355,2.17217440522808,1.4102925322833801,0.007289969058183352,1.5712294930878125e-05,0.0006267329545393179,0.010526625967258625
chameleon,Eigenvector Centrality,8,150,0.000994000001810491,0.0005523132687935983,0.0006013871273791929,0.00013687520472507325,4.035159398687085,4.393689336115592,1.9725687902232523,0.010374909420726374,3.6636579043499286e-05,0.00013687520472507325,0.007210275825954973
chameleon,Clustering Coefficient,8,150,0.0009806659945752472,0.01657723208392679,0.012761914519224472,0.0013653712105768131,12.141190582833215,9.346846059419319,2.102449414302961,0.00860323501511124,3.2716945179398795e-05,0.0009142944919236466,0.0013653712105768131
chameleon,Degree,8,200,0.0011282089981250465,2.2919275296277544,2.15778213015055,1.0541801587682587,2.1741326760557924,2.0468817518551847,1.0541801587682587,0.010133334498985585,2.8052961226145763e-05,0.0004457734095111612,0.013532793031140208
chameleon,Neighborhood Heterogeneity,8,200,0.0011255000135861337,0.012104150803028338,0.007521126336164285,0.0029615079682696116,4.087157938697261,2.5396272496132526,2.003296277838609,0.0029615079682696116,3.9253493834159056e-05,0.0006481933577690973,0.011992572859815833
chameleon,PageRank,8,200,0.0011420410010032356,4.348138019732673e-05,3.412984489624837e-05,2.4342770433820214e-05,1.786213295464374,1.4020526130760633,1.9851359929163146,0.008885416425188648,2.4342770433820214e-05,0.0004961224011973591,0.01115837363294024
chameleon,Eigenvector Centrality,8,200,0.001178582984721288,0.0005523132687935983,0.0006013871273791929,0.00033008545287786247,1.673243288906658,1.8219134534284276,1.8711506622032927,0.0060998462992363205,3.1156179709650594e-05,0.00033008545287786247,0.015288384911588265
chameleon,Clustering Coefficient,8,200,0.0011492080229800195,0.01657723208392679,0.012761914519224472,0.00451419098432869,3.6722487244061535,2.8270657053563517,2.320538580412724,0.008979299075084435,3.745918361701329e-05,0.0004996190570880721,0.00451419098432869
chameleon,Degree,8,250,0.0012715829943772405,2.2919275296277544,2.15778213015055,0.9921995281606264,2.3099461999106254,2.1747461764577944,0.9921995281606264,0.011812242697724604,3.0267507377161352e-05,0.0004965112552363053,0.012223767951297843
chameleon,Neighborhood Heterogeneity,8,250,0.0012638329935725778,0.012104150803028338,0.007521126336164285,0.003181844525007299,3.804130185462337,2.363762992519891,2.6977339111435192,0.003181844525007299,4.432223534289465e-05,0.0006803939050136607,0.014317045365368156
chameleon,PageRank,8,250,0.001283124991459772,4.348138019732673e-05,3.412984489624837e-05,2.3614266929300547e-05,1.841318230521698,1.4453061362620623,1.9405717496335337,0.007763017364549919,2.3614266929300547e-05,0.0007234399714345517,0.013515947039508846
chameleon,Eigenvector Centrality,8,250,0.0012870409991592169,0.0005523132687935983,0.0006013871273791929,0.0004805130625688714,1.149424046540745,1.2515520892691587,2.2682434918247263,0.007505566208377806,4.68527468962687e-05,0.0004805130625688714,0.0077923947274081
chameleon,Clustering Coefficient,8,250,0.0012687499984167516,0.01657723208392679,0.012761914519224472,0.0036428165864850525,4.550663392010668,3.503309655109049,1.899843670186923,0.013294139269717781,2.868214089678466e-05,0.0006156571916008868,0.0036428165864850525
chameleon,Degree,9,50,0.0008083750144578516,2.7137830946068915,2.215501032148631,1.158023988470211,2.343460171487372,1.9131736943337272,1.158023988470211,0.009450309847467028,3.2100029790134756e-05,0.0006156455074946244,0.01338177295355178
chameleon,Neighborhood Heterogeneity,9,50,0.0007245409942697734,0.008201349728140104,0.011067938449564418,0.0019381097275586636,4.231623014694281,5.710687218677823,2.273048197670623,0.0019381097275586636,4.1566956658937155e-05,0.0004927756636737077,0.01442892271582705
chameleon,PageRank,9,50,0.0007693749794270843,4.1647515682991e-05,3.610158494821425e-05,2.2976151963703456e-05,1.8126410266080937,1.5712633257843034,2.1743956932972948,0.008943819360877764,2.2976151963703456e-05,0.0007245323433733946,0.011647045112043996
chameleon,Eigenvector Centrality,9,50,0.000709082989487797,0.001000431134942676,0.0008678500568552088,0.0002400587401450366,4.167443078049332,3.6151570916804725,2.338080100677355,0.00838170436014271,4.091029406608477e-05,0.0002400587401450366,0.010183977993855873
chameleon,Clustering Coefficient,9,50,0.0007200000109151006,0.012356520935265096,0.01374929958018192,0.002120481413278344,5.827224354756994,6.4840462614218275,2.398228793835198,0.014453826481328803,4.367420216210818e-05,0.0009352465265558659,0.002120481413278344
chameleon,Degree,9,150,0.001013082975987345,2.7137830946068915,2.215501032148631,0.6384369139632327,4.250667583991199,3.4701956977948503,0.6384369139632327,0.012401186429277417,2.375992164363429e-05,0.0004989568097215627,0.014719863061465832
chameleon,Neighborhood Heterogeneity,9,150,0.0009839999838732183,0.008201349728140104,0.011067938449564418,0.0011217168906310232,7.311425723050693,9.866962459073017,2.4785096114157907,0.0011217168906310232,3.764109746028709e-05,0.0005013715342615706,0.010004394967189103
chameleon,PageRank,9,150,0.0009902089950628579,4.1647515682991e-05,3.610158494821425e-05,1.7834481182660197e-05,2.3352244035830623,2.0242576489028723,2.000021264014399,0.012771138989284891,1.7834481182660197e-05,0.0007676053270399904,0.011471096787259069
chameleon,Eigenvector Centrality,9,150,0.0010269999911542982,0.001000431134942676,0.0008678500568552088,0.0001312053540075156,7.624926151149062,6.614440877203055,1.6756482088976377,0.014049320991235023,3.817718967100195e-05,0.0001312053540075156,0.01154430279608175
chameleon,Clustering Coefficient,9,150,0.0009998749883379787,0.012356520935265096,0.01374929958018192,0.0013930976356377946,8.869816888037409,9.86958790859418,2.343195807497864,0.012765842519678583,3.3680059027128816e-05,0.0009908658366361628,0.0013930976356377946
chameleon,Degree,9,200,0.0011260000173933804,2.7137830946068915,2.215501032148631,1.1582814464965492,2.342939276818483,1.9127484419696534,1.1582814464965492,0.009744521681682695,2.6984118630686788e-05,0.0003908215938036502,0.013814149541858731
chameleon,Neighborhood Heterogeneity,9,200,0.0011235830024816096,0.008201349728140104,0.011067938449564418,0.0030309515752128314,2.705866301266859,3.6516381654125354,1.8981737916291692,0.0030309515752128314,3.628803500343096e-05,0.0005118288922467575,0.011404804151548029
chameleon,PageRank,9,200,0.001144084002589807,4.1647515682991e-05,3.610158494821425e-05,2.4548899352937218e-05,1.6965125435657453,1.470598922957203,2.125284378728316,0.009807784983372852,2.4548899352937218e-05,0.0010144476010312516,0.009193492970979576
chameleon,Eigenvector Centrality,9,200,0.0011391660082153976,0.001000431134942676,0.0008678500568552088,0.00033328793577787656,3.0017022146562917,2.6039048033037626,1.5970965901629501,0.008492902222157027,2.8605594970220574e-05,0.00033328793577787656,0.011860446014232287
chameleon,Clustering Coefficient,9,200,0.0011249999806750566,0.012356520935265096,0.01374929958018192,0.0044808609120938064,2.7576220680974384,3.068450427254431,2.0940240816899873,0.013656029367537565,3.8944586828573824e-05,0.0004352046584271173,0.0044808609120938064
chameleon,Degree,9,250,0.0012724999978672713,2.7137830946068915,2.215501032148631,1.2931187767228949,2.098634049289993,1.7133004887325949,1.2931187767228949,0.009736778352431107,4.082753432801825e-05,0.00044896198722735764,0.012642263054860561
chameleon,Neighborhood Heterogeneity,9,250,0.0012788749882020056,0.008201349728140104,0.011067938449564418,0.003229762404927716,2.5393043511891564,3.4268584068839965,2.672122378003383,0.003229762404927716,3.922352702581432e-05,0.0005798615529646908,0.00991355049727479
chameleon,PageRank,9,250,0.0012888339988421649,4.1647515682991e-05,3.610158494821425e-05,1.790518817331453e-05,2.326002680332702,2.0162639229907224,1.5796853311956311,0.007131774626898862,1.790518817331453e-05,0.0006696568846321727,0.008672257952639744
chameleon,Eigenvector Centrality,9,250,0.0012826249876525253,0.001000431134942676,0.0008678500568552088,0.0004373197162085817,2.2876424223816967,1.9844750298001284,1.725069505881859,0.011258060587187604,3.0954591653175666e-05,0.0004373197162085817,0.007925899857555955
chameleon,Clustering Coefficient,9,250,0.0012650830030906945,0.012356520935265096,0.01374929958018192,0.003683993195924619,3.354110683194088,3.7321729028685358,2.8845383208197832,0.008860296827358047,3.490292312974909e-05,0.0008926046946831614,0.003683993195924619
chameleon,Degree,10,50,0.0007785419875290245,2.2311998832593787,2.4357256473503623,1.4368851895625323,1.5528031741622168,1.6951428444272103,1.4368851895625323,0.01084225973644248,4.98112254593521e-05,0.0006655092720128387,0.018642099837312597
chameleon,Neighborhood Heterogeneity,10,50,0.0006937090074643493,0.010703082790419054,0.010717645936560476,0.0021223143043392467,5.043118622220902,5.0499805399451745,1.954046454435471,0.0021223143043392467,2.8861821548085248e-05,0.0006706110252719565,0.013555284192617843
chameleon,PageRank,10,50,0.000731125008314848,4.1608316484841425e-05,3.7175777371046667e-05,2.7906787582350767e-05,1.490974780313159,1.3321410521129968,1.6135520975337898,0.008263545546450287,2.7906787582350767e-05,0.0006043892909559114,0.01130313803755299
chameleon,Eigenvector Centrality,10,50,0.0007037920004222542,0.0007563907356572854,0.0006215862647991801,0.00022057430389025087,3.429187907733966,2.818035708767133,1.5726199988671383,0.008899625960246571,3.406311851643965e-05,0.00022057430389025087,0.01320972637426906
chameleon,Clustering Coefficient,10,50,0.0006967920053284615,0.01547835518502092,0.013167397543862125,0.0019262000837279194,8.03569437867768,6.835944850743788,3.0430922484583824,0.01002789040545081,4.152844404106344e-05,0.0006335837332289457,0.0019262000837279194
chameleon,Degree,10,150,0.0010020839981734753,2.2311998832593787,2.4357256473503623,0.9337021966083772,2.389626897488398,2.608675074555896,0.9337021966083772,0.008882911066151977,3.48511063343037e-05,0.000584188435281838,0.014112904130614539
chameleon,Neighborhood Heterogeneity,10,150,0.000976916984654963,0.010703082790419054,0.010717645936560476,0.0010794743766848387,9.915087399563081,9.928578360030476,3.0804922486615824,0.0010794743766848387,4.927234971315199e-05,0.0007532205304820989,0.018290827949444432
chameleon,PageRank,10,150,0.0010005829972214997,4.1608316484841425e-05,3.7175777371046667e-05,1.975238017377258e-05,2.106496337089005,1.8820910211321802,1.3652287249998944,0.00798370466524625,1.975238017377258e-05,0.000574311169922041,0.012615879970102769
chameleon,Eigenvector Centrality,10,150,0.0010325830080546439,0.0007563907356572854,0.0006215862647991801,0.00013230070642567888,5.717208593154375,4.698283792977038,1.9633243339421838,0.012839352120941939,3.708355063477807e-05,0.00013230070642567888,0.010266225599034614
chameleon,Clustering Coefficient,10,150,0.0010293329833075404,0.01547835518502092,0.013167397543862125,0.0013774712858578893,11.236789720361392,9.559108548430807,2.5588314380762887,0.010864223812498427,4.031058739360778e-05,0.0007592924231738417,0.0013774712858578893
chameleon,Degree,10,200,0.0011378749914001673,2.2311998832593787,2.4357256473503623,0.9486011141159876,2.352094942813408,2.5677027057049617,0.9486011141159876,0.01274094023247091,3.2077536738373336e-05,0.00058586667983617,0.016663027093241516
chameleon,Neighborhood Heterogeneity,10,200,0.0011349160049576312,0.010703082790419054,0.010717645936560476,0.003003471248807059,3.5635709163755718,3.5684196879918164,1.9302267196317555,0.003003471248807059,3.822857131885179e-05,0.0004253722040290806,0.01341892078762888
chameleon,PageRank,10,200,0.0011508750030770898,4.1608316484841425e-05,3.7175777371046667e-05,2.2271926034135635e-05,1.8681957016680721,1.6691765819475273,1.8110602428336988,0.014542147596916804,2.2271926034135635e-05,0.0005623696648044412,0.01272485761805156
chameleon,Eigenvector Centrality,10,200,0.0011447500146459788,0.0007563907356572854,0.0006215862647991801,0.00034325127615502445,2.2036064778260944,1.8108782340504679,1.4520578201356211,0.01098509547876907,2.7990296351495147e-05,0.00034325127615502445,0.009388361077939517
chameleon,Clustering Coefficient,10,200,0.0011349999986123294,0.01547835518502092,0.013167397543862125,0.004525382424670034,3.4203419142304896,2.9096762015250497,2.112271558850508,0.008296795891428333,3.2502959634543346e-05,0.0012196088897279027,0.004525382424670034
chameleon,Degree,10,250,0.001281249977182597,2.2311998832593787,2.4357256473503623,1.1084777871505602,2.0128503332438212,2.1973608091972774,1.1084777871505602,0.010201577929945466,3.670634356434166e-05,0.00045770524850433943,0.01185202513895074
chameleon,Neighborhood Heterogeneity,10,250,0.00126320801791735,0.010703082790419054,0.010717645936560476,0.0031276383315938057,3.4220973321313966,3.4267536077609386,2.2776385272495094,0.0031276383315938057,2.9843342260358447e-05,0.0009198136354575765,0.018279892986398077
chameleon,PageRank,10,250,0.0012908340140711516,4.1608316484841425e-05,3.7175777371046667e-05,2.2625152151476827e-05,1.8390292452519705,1.6431172317495362,2.1148134956830633,0.010714754320599942,2.2625152151476827e-05,0.001089603660763645,0.01145515368692169
chameleon,Eigenvector Centrality,10,250,0.001304916018852964,0.0007563907356572854,0.0006215862647991801,0.0004779024605865376,1.5827303645370534,1.3006550835421458,1.9919940141221624,0.011850521036259295,4.2188657115766135e-05,0.0004779024605865376,0.011972119623052566
chameleon,Clustering Coefficient,10,250,0.0013159590016584843,0.01547835518502092,0.013167397543862125,0.0036760567030944247,4.2105866245184895,3.5819353746034697,2.0098046042439597,0.007391430670178595,3.386216826782458e-05,0.0007754897669779348,0.0036760567030944247
chameleon,Degree,11,50,0.0007852909911889583,2.5906960037166007,2.3727903929276954,1.3844406991432145,1.8712943106338165,1.7138981788068919,1.3844406991432145,0.00962251109830196,3.824462061667392e-05,0.0005150750307515355,0.01787356556307112
chameleon,Neighborhood Heterogeneity,11,50,0.0006953749980311841,0.008776793136059495,0.009723295724939827,0.0019548116991254835,4.489840704342999,4.974031887209239,2.02154654905227,0.0019548116991254835,3.2735626280421685e-05,0.000570495869895085,0.010914415183386088
chameleon,PageRank,11,50,0.0007095000182744116,4.2808709393684095e-05,3.688877726711134e-05,2.561243274690343e-05,1.6714034866078746,1.4402683896386699,2.0173842442835577,0.01733880220101628,2.561243274690343e-05,0.0005624859599263745,0.010538467459693163
chameleon,Eigenvector Centrality,11,50,0.0007044170051813126,0.000956460858285273,0.0006584360539318948,0.00023168731826633178,4.128240015216506,2.8419166783008905,2.2865698374851693,0.011034341478425257,3.6166482715795815e-05,0.00023168731826633178,0.010891140342363917
chameleon,Clustering Coefficient,11,50,0.0006887080089654773,0.013880745862223137,0.013175462300626889,0.0020594506284338596,6.740023611432219,6.397561620909732,2.5691082931815195,0.009171297402529154,3.559607301897789e-05,0.0007641489100056794,0.0020594506284338596
chameleon,Degree,11,150,0.0009777919913176447,2.5906960037166007,2.3727903929276954,0.9188682192457946,2.8194423851583847,2.582296724632916,0.9188682192457946,0.009304921356016013,3.2425353291577744e-05,0.0004854846563967149,0.011963601049452408
chameleon,Neighborhood Heterogeneity,11,150,0.0009724580158945173,0.008776793136059495,0.009723295724939827,0.0012542078139538854,6.997877894246797,7.752539584558298,2.672105185686418,0.0012542078139538854,5.1408095775776503e-05,0.0007852968611277714,0.00971216004330711
chameleon,PageRank,11,150,0.0009993750136345625,4.2808709393684095e-05,3.688877726711134e-05,2.8753080023493807e-05,1.4888390864111114,1.282950460853931,1.8832138697813732,0.010291621396826028,2.8753080023493807e-05,0.0006007066615521771,0.010494009739803334
chameleon,Eigenvector Centrality,11,150,0.000995334004983306,0.000956460858285273,0.0006584360539318948,0.00012295996865237986,7.778636159133089,5.354881439449285,1.9386174834572985,0.008252213878480626,4.1779297647012825e-05,0.00012295996865237986,0.012455414922359642
chameleon,Clustering Coefficient,11,150,0.000987833016552031,0.013880745862223137,0.013175462300626889,0.0014404318569070378,9.636516851292445,9.146883441551934,2.028633579743418,0.011581152331554823,3.0176718708780963e-05,0.0005905697919577418,0.0014404318569070378
chameleon,Degree,11,200,0.0011345419916324317,2.5906960037166007,2.3727903929276954,0.9730569849677412,2.6624298923279275,2.4384906840850213,0.9730569849677412,0.010251324859848412,2.696436606166018e-05,0.0004795803829220086,0.009105732169913904
chameleon,Neighborhood Heterogeneity,11,200,0.0011190420191269368,0.008776793136059495,0.009723295724939827,0.00301207003365797,2.9138741921616713,3.2281107730856755,1.8861407509348016,0.00301207003365797,2.780974974903942e-05,0.0006433697967558312,0.012491521097274015
chameleon,PageRank,11,200,0.001165167021099478,4.2808709393684095e-05,3.688877726711134e-05,1.8951960355191796e-05,2.2588011261830685,1.9464359662933677,1.7476967616670165,0.007930960163666508,1.8951960355191796e-05,0.0006502067222017268,0.009877435890709177
chameleon,Eigenvector Centrality,11,200,0.001160082989372313,0.000956460858285273,0.0006584360539318948,0.00032816298468888,2.9145909286267027,2.0064299895252824,1.591483907650953,0.010343167272335347,3.5572111725161855e-05,0.00032816298468888,0.00742979473436676
chameleon,Clustering Coefficient,11,200,0.0011802500230260193,0.013880745862223137,0.013175462300626889,0.004638502483474746,2.992505859741383,2.840456019494685,1.807999800860213,0.008627606149857914,3.617285684078713e-05,0.00053481958082523,0.004638502483474746
chameleon,Degree,11,250,0.0013144580007065088,2.5906960037166007,2.3727903929276954,1.0440696323762702,2.4813440822143797,2.272636153134057,1.0440696323762702,0.012200939727642341,2.8710007291095185e-05,0.0006318611203902761,0.010717676813488794
chameleon,Neighborhood Heterogeneity,11,250,0.0012837920221500099,0.008776793136059495,0.009723295724939827,0.0032631558590514318,2.6896640905809583,2.9797215165095716,2.198629811581754,0.0032631558590514318,4.298657447067031e-05,0.0006731277591490728,0.01030969510714416
chameleon,PageRank,11,250,0.0013039159821346402,4.2808709393684095e-05,3.688877726711134e-05,1.9797290930676198e-05,2.162351886608453,1.863324502139413,1.4951549924776504,0.008398750540326027,1.9797290930676198e-05,0.0007000487042247577,0.009581913035765771
chameleon,Eigenvector Centrality,11,250,0.0012903339811600745,0.000956460858285273,0.0006584360539318948,0.00048769486601502857,1.9611870555467346,1.3500983910534026,2.0748043972300243,0.008275233473787927,3.8053914521690916e-05,0.00048769486601502857,0.007976230127312654
chameleon,Clustering Coefficient,11,250,0.001297584007261321,0.013880745862223137,0.013175462300626889,0.0037577093426358495,3.693938140645671,3.506248381463412,2.106000248162718,0.006930896345006214,3.885890116421468e-05,0.0005613265948793518,0.0037577093426358495
chameleon,Degree,12,50,0.0007950830040499568,1.8602451438721483,2.1260406590612533,0.9871042191980413,1.8845478599853194,2.153815795447136,0.9871042191980413,0.008063133766145326,2.9314405536606304e-05,0.0004583910680355682,0.00855657896915161
chameleon,Neighborhood Heterogeneity,12,50,0.0007240420090965927,0.01659747113285297,0.007861666282785314,0.0019254069620223003,8.620240531082455,4.0831192770426155,1.9611361966281886,0.0019254069620223003,3.062251268118332e-05,0.00047565502540876755,0.012791193241708725
chameleon,PageRank,12,50,0.0007144999981392175,2.8184509901778352e-05,3.698028563825268e-05,3.1276885857225855e-05,0.9011290328083262,1.1823519069980932,1.8276104381253124,0.010893971746362098,3.1276885857225855e-05,0.00044772114769164797,0.010651701869750611
chameleon,Eigenvector Centrality,12,50,0.0007809170056134462,0.0008272651503491675,0.0006367269865166699,0.00022906204268567464,3.6115331053969686,2.7797140855432105,2.0098979319688706,0.007924538615969293,3.509787784115679e-05,0.00022906204268567464,0.010950191291723239
chameleon,Clustering Coefficient,12,50,0.0006889590003993362,0.011225098067851613,0.01155179502976535,0.0018994398389272197,5.909688655467714,6.081685133175717,1.9205251473672564,0.007583283515405334,2.8248348765384948e-05,0.0007521324206259488,0.0018994398389272197
chameleon,Degree,12,150,0.001022917014779523,1.8602451438721483,2.1260406590612533,1.0410615928693723,1.7868732807104561,2.0421852785880454,1.0410615928693723,0.007271544710541977,3.557946643887742e-05,0.00036869193823656855,0.007065478403159256
chameleon,Neighborhood Heterogeneity,12,150,0.0009890419896692038,0.01659747113285297,0.007861666282785314,0.0011881911595114439,13.968687613933652,6.616499558890713,2.1574885145365683,0.0011881911595114439,3.197941406077457e-05,0.000623427897964955,0.009674206759250887
chameleon,PageRank,12,150,0.0010172499751206487,2.8184509901778352e-05,3.698028563825268e-05,2.4052090417115675e-05,1.1718112402289163,1.537508174837776,1.9577804905493672,0.009281213698799123,2.4052090417115675e-05,0.000660524759538193,0.01644909293839924
chameleon,Eigenvector Centrality,12,150,0.001000082993414253,0.0008272651503491675,0.0006367269865166699,0.00014082667987495254,5.874349598270299,4.52135197025204,1.9361633802251632,0.01064393041838686,3.6426504540345944e-05,0.00014082667987495254,0.009140294850156022
chameleon,Clustering Coefficient,12,150,0.000985958002274856,0.011225098067851613,0.01155179502976535,0.0013468355833008226,8.334423449327913,8.576989777367055,2.6870631770975018,0.01172917850941389,4.4564681483314274e-05,0.0009363212068724837,0.0013468355833008226
chameleon,Degree,12,200,0.0011436250060796738,1.8602451438721483,2.1260406590612533,1.0756829478683019,1.7293619347212168,1.976456597433716,1.0756829478683019,0.008360272707667465,3.1698453040812697e-05,0.00045325247989614476,0.00904510125298165
chameleon,Neighborhood Heterogeneity,12,200,0.001121415989473462,0.01659747113285297,0.007861666282785314,0.0030244386656566582,5.487785657987338,2.599380298915207,2.3063731221740364,0.0030244386656566582,4.637196177207679e-05,0.0005137962722982439,0.015105287204804557
chameleon,PageRank,12,200,0.0012090829841326922,2.8184509901778352e-05,3.698028563825268e-05,2.112561460720647e-05,1.3341391682949626,1.7504951371042143,1.7287814537356876,0.011176955329580709,2.112561460720647e-05,0.0006835751614893284,0.016632156297876264
chameleon,Eigenvector Centrality,12,200,0.0011579589918255806,0.0008272651503491675,0.0006367269865166699,0.00033467142431466954,2.471872679429435,1.9025436301307799,2.044228253312917,0.00799717265921196,4.0667064418555914e-05,0.00033467142431466954,0.009049432905257901
chameleon,Clustering Coefficient,12,200,0.0011485829891171306,0.011225098067851613,0.01155179502976535,0.00451247957029916,2.487567620634664,2.5599661671154137,2.0880607162987004,0.00875117798333589,3.707635955367651e-05,0.0004517581926833672,0.00451247957029916
chameleon,Degree,12,250,0.0012642079964280128,1.8602451438721483,2.1260406590612533,1.2379241036106001,1.502713404195339,1.7174240754019747,1.2379241036106001,0.011445978833527255,3.2999748555264276e-05,0.0003970730228064096,0.013941270552767226
chameleon,Neighborhood Heterogeneity,12,250,0.0012852920044679195,0.01659747113285297,0.007861666282785314,0.0032200752347893505,5.154373709513261,2.441454223754994,2.012988954853943,0.0032200752347893505,4.169565165218534e-05,0.0006031300613972294,0.010780875292947894
chameleon,PageRank,12,250,0.001293959008762613,2.8184509901778352e-05,3.698028563825268e-05,1.9941417828281544e-05,1.4133653958048158,1.8544461560705119,1.4918570483673463,0.009105003730447729,1.9941417828281544e-05,0.0004802070393150464,0.01187223025310179
chameleon,Eigenvector Centrality,12,250,0.0012847089965362102,0.0008272651503491675,0.0006367269865166699,0.00045868582020212,1.8035551000565766,1.388154938463317,2.0622135454172055,0.006465737901872439,3.552402832066654e-05,0.00045868582020212,0.007889722661312801
chameleon,Clustering Coefficient,12,250,0.0012768329761456698,0.011225098067851613,0.01155179502976535,0.0037128536681198406,3.023307426369947,3.1112982256623885,1.6765592772343365,0.011461643554872891,2.7713770045287267e-05,0.0007047630474070652,0.0037128536681198406
chameleon,Degree,13,50,0.0007947909762151539,2.4022821635521856,2.407634018663768,0.7866785985435895,3.053702195534021,3.0605052979973273,0.7866785985435895,0.0135973815539342,2.580603364001264e-05,0.000529791744835275,0.009814144080575809
chameleon,Neighborhood Heterogeneity,13,50,0.000691708002705127,0.010919111554497813,0.014086816137862085,0.0020057847625363544,5.443810202591419,7.023094601660563,1.7588499791589023,0.0020057847625363544,2.9605980505495357e-05,0.0007398710835620863,0.012864309778272551
chameleon,PageRank,13,50,0.000704374979250133,3.5361177523159844e-05,3.4802063689544574e-05,1.8235763780775582e-05,1.9391114048339524,1.9084511133135775,1.8177489901402974,0.007315997751801985,1.8235763780775582e-05,0.0007117227152157027,0.010419103863116824
chameleon,Eigenvector Centrality,13,50,0.0006968750094529241,0.0009282346621005535,0.0008595276859451259,0.0002203704494150048,4.212155779346298,3.9003763355151624,1.8922316419913698,0.00941913357895411,4.002083501908286e-05,0.0002203704494150048,0.012411807905301307
chameleon,Clustering Coefficient,13,50,0.0006810829800087959,0.018063896020812844,0.017411704121983583,0.0020771895530062165,8.696315651438665,8.382337614198214,1.9685894959350332,0.014145770438756611,3.481391905473247e-05,0.0006061687830095418,0.0020771895530062165
chameleon,Degree,13,150,0.0009757500083651394,2.4022821635521856,2.407634018663768,0.8400538591842913,2.859676361566684,2.8660472091654072,0.8400538591842913,0.00905148853189167,3.491204613985187e-05,0.0004340116404577205,0.014426777069884655
chameleon,Neighborhood Heterogeneity,13,150,0.0009649999847169966,0.010919111554497813,0.014086816137862085,0.0011244869262225783,9.710305473428429,12.527327627705805,2.4351905214033343,0.0011244869262225783,3.521766810477925e-05,0.0006205098615064547,0.01499444586009511
chameleon,PageRank,13,150,0.00099179198150523,3.5361177523159844e-05,3.4802063689544574e-05,2.1822244147980697e-05,1.6204189304898764,1.5947976502116512,1.573702345201202,0.007619655111084778,2.1822244147980697e-05,0.0006628236804991743,0.010358594963832044
chameleon,Eigenvector Centrality,13,150,0.0009919580188579857,0.0009282346621005535,0.0008595276859451259,0.00013091139737635293,7.090556519169999,6.565720809427293,2.158126327016486,0.009922041152448326,4.072741267244921e-05,0.00013091139737635293,0.007516373803021445
chameleon,Clustering Coefficient,13,150,0.0009769999887794256,0.018063896020812844,0.017411704121983583,0.0013305456776346977,13.576306566885334,13.08613782650157,2.5397735585035344,0.009597635991381723,3.851327398618808e-05,0.0012091017428781357,0.0013305456776346977
chameleon,Degree,13,200,0.0011237080034334213,2.4022821635521856,2.407634018663768,1.086782980558723,2.210452506642269,2.215376999579057,1.086782980558723,0.007288429725601317,3.2052731366529334e-05,0.0004587947232306944,0.00973271602206644
chameleon,Neighborhood Heterogeneity,13,200,0.001128625008277595,0.010919111554497813,0.014086816137862085,0.0030956391232450043,3.527255962268577,4.550535633202483,1.5870213005910956,0.0030956391232450043,2.5650161527104646e-05,0.0007004530997832963,0.00871450582364074
chameleon,PageRank,13,200,0.0012351250043138862,3.5361177523159844e-05,3.4802063689544574e-05,2.430563913682995e-05,1.4548548723237487,1.4318514108443896,1.5580719077515413,0.0072071387444161295,2.430563913682995e-05,0.0006729233003759504,0.011545764264260173
chameleon,Eigenvector Centrality,13,200,0.001183541986392811,0.0009282346621005535,0.0008595276859451259,0.0003700011341877297,2.508734639795968,2.323040678867277,2.032009289972675,0.00783995814664489,4.114834486571761e-05,0.0003700011341877297,0.014357332056980466
chameleon,Clustering Coefficient,13,200,0.0011452920152805746,0.018063896020812844,0.017411704121983583,0.004547072165601657,3.972643354434793,3.829212180466837,2.0612810911437927,0.008449367847047386,3.156555272087846e-05,0.0006769930370953627,0.004547072165601657
chameleon,Degree,13,250,0.0012989999959245324,2.4022821635521856,2.407634018663768,0.9897242320354442,2.427223751621911,2.4326311721319414,0.9897242320354442,0.011233500711212048,3.171736152110159e-05,0.00042481558246009084,0.009906769789285915
chameleon,Neighborhood Heterogeneity,13,250,0.0012645829992834479,0.010919111554497813,0.014086816137862085,0.0033096955588669415,3.2991286842817407,4.256227162683397,2.0091623581097267,0.0033096955588669415,3.331377835643873e-05,0.0005998041270092467,0.01113498116123102
chameleon,PageRank,13,250,0.0013134590117260814,3.5361177523159844e-05,3.4802063689544574e-05,2.8969069996465743e-05,1.220652838612836,1.201352466399179,2.2648581065514684,0.011166579155293715,2.8969069996465743e-05,0.0006103243793997609,0.00835040624167726
chameleon,Eigenvector Centrality,13,250,0.0013018340105190873,0.0009282346621005535,0.0008595276859451259,0.00048354162649234106,1.919658228463307,1.7775670983700516,1.6591983417040617,0.007759534864956415,3.017426002545236e-05,0.00048354162649234106,0.010077670629104678
chameleon,Clustering Coefficient,13,250,0.0012787920131813735,0.018063896020812844,0.017411704121983583,0.003734829424733631,4.836605361729784,4.661981081833581,1.9275981163509788,0.006707170918231378,2.9591483539716136e-05,0.0006504958594984151,0.003734829424733631
chameleon,Degree,14,50,0.0007869580003898591,2.693295846030401,2.3278465445055843,1.246884393257392,2.160020496362431,1.8669305326889685,1.246884393257392,0.01323294080260413,3.383394233367894e-05,0.0007338248803946399,0.01544895733518856
chameleon,Neighborhood Heterogeneity,14,50,0.0006845839961897582,0.009781025374753333,0.011297951888685372,0.0020739532543273694,4.71612624553852,5.447544135872801,2.680234549330661,0.0020739532543273694,4.637087406553763e-05,0.0005127954284893756,0.011508968789077048
chameleon,PageRank,14,50,0.0007472079887520522,3.9522478837056234e-05,3.7117906724404446e-05,2.446108441527874e-05,1.6157288109585988,1.5174268685005672,1.7494627670829044,0.010563684216233892,2.446108441527874e-05,0.0010034998705848786,0.008741192381400479
chameleon,Eigenvector Centrality,14,50,0.000702541001373902,0.000807963438597444,0.0008840355235532019,0.00020545046226423625,3.9326435662057406,4.302913285326252,1.9040865643382787,0.013256320049922726,3.690772342675495e-05,0.00020545046226423625,0.014058913420758651
chameleon,Clustering Coefficient,14,50,0.0007128330180421472,0.008293131713047859,0.01588140655732372,0.0020595275488319,4.026715601717232,7.7111891833304975,2.8846015832629144,0.0075567223150422745,3.857756190908507e-05,0.0009059580100051446,0.0020595275488319
chameleon,Degree,14,150,0.0009984170028474182,2.693295846030401,2.3278465445055843,0.7304335710056546,3.6872563816067414,3.1869380555724254,0.7304335710056546,0.007882240025956106,3.0450729750864698e-05,0.0003514487488145898,0.008120585155088615
chameleon,Neighborhood Heterogeneity,14,150,0.000993207999272272,0.009781025374753333,0.011297951888685372,0.0011312067879366984,8.646540560982448,9.987521299525298,1.7646556075503437,0.0011312067879366984,3.348729445337917e-05,0.000536066420772179,0.011188297586475849
chameleon,PageRank,14,150,0.0010035000159405172,3.9522478837056234e-05,3.7117906724404446e-05,2.2708571008510735e-05,1.740421219029765,1.6345329131671635,1.8531303720434154,0.013751749522226778,2.2708571008510735e-05,0.0007401831531509515,0.013137016116073518
chameleon,Eigenvector Centrality,14,150,0.0010043749934993684,0.000807963438597444,0.0008840355235532019,0.0001344949712678276,6.0073877185229465,6.573000575558852,1.8457543232257172,0.00712407840974582,3.7641092802425095e-05,0.0001344949712678276,0.010621246065834946
chameleon,Clustering Coefficient,14,150,0.0009987499797716737,0.008293131713047859,0.01588140655732372,0.001372184405687839,6.04374432377457,11.573813615352083,1.816524027713956,0.00864051525621993,3.335587566420296e-05,0.0005663592174053485,0.001372184405687839
chameleon,Degree,14,200,0.001121417008107528,2.693295846030401,2.3278465445055843,0.9431941043954787,2.855505386939006,2.4680461144289816,0.9431941043954787,0.009745816042527942,2.6878369712694598e-05,0.0005039951447286284,0.014247851551339319
chameleon,Neighborhood Heterogeneity,14,200,0.0011391669977456331,0.009781025374753333,0.011297951888685372,0.0031858147356335865,3.070180216492755,3.546330476256795,1.6620613863634446,0.0031858147356335865,3.299657827359607e-05,0.00045735626235531127,0.012433210363154309
chameleon,PageRank,14,200,0.0011497499945107847,3.9522478837056234e-05,3.7117906724404446e-05,1.9885126567364096e-05,1.987539717344389,1.866616568854189,1.5589419314476527,0.00850709235186185,1.9885126567364096e-05,0.0006337211027035978,0.010055074048908482
chameleon,Eigenvector Centrality,14,200,0.001164042012533173,0.000807963438597444,0.0008840355235532019,0.0003413550327551267,2.3669299148052754,2.589783183854127,2.418778086901654,0.007581568110568532,4.596513269300967e-05,0.0003413550327551267,0.008377580781318086
chameleon,Clustering Coefficient,14,200,0.0011407090059947222,0.008293131713047859,0.01588140655732372,0.004530184342164118,1.830638907088302,3.505686602973203,2.2372645991181455,0.009045295712079885,3.733363232251567e-05,0.0005003635361422181,0.004530184342164118
chameleon,Degree,14,250,0.0012735420023091137,2.693295846030401,2.3278465445055843,1.225656446274294,2.197431306478568,1.8992651257060555,1.225656446274294,0.010264573508256684,3.4640662389213236e-05,0.00045225204972393584,0.01226912719292411
chameleon,Neighborhood Heterogeneity,14,250,0.0012752909970004112,0.009781025374753333,0.011297951888685372,0.0033283066066992517,2.938739284135055,3.3945045405206153,2.422084552874028,0.0033283066066992517,3.049424218998561e-05,0.0008509400398803907,0.011535033040636588
chameleon,PageRank,14,250,0.0013384579797275364,3.9522478837056234e-05,3.7117906724404446e-05,2.2145241610144925e-05,1.7846939551542598,1.6761120685809279,2.2453203051715627,0.008986075344287785,2.2145241610144925e-05,0.0006463627702458448,0.010137723033775655
chameleon,Eigenvector Centrality,14,250,0.0012880840222351253,0.000807963438597444,0.0008840355235532019,0.00047623256435777426,1.6965732691695015,1.8563105291746949,1.7846747277639743,0.009204271852932716,3.523631618336007e-05,0.00047623256435777426,0.014821175135288606
chameleon,Clustering Coefficient,14,250,0.0012644999951589853,0.008293131713047859,0.01588140655732372,0.0036276525219665788,2.286087673179924,4.377874248196816,1.7760631461089134,0.005698502233030161,2.754596142861041e-05,0.0008336628957714871,0.0036276525219665788
chameleon,Degree,15,50,0.0007749589858576655,2.701828513464668,2.147690643960668,1.2188668908005256,2.21667233219385,1.7620387100269097,1.2188668908005256,0.007541272243246774,3.68290391342259e-05,0.0006057084062849544,0.011554908959674195
chameleon,Neighborhood Heterogeneity,15,50,0.0006892500096000731,0.015887890407570777,0.008795379746726633,0.0023218392451460337,6.842803799093979,3.788108830150057,2.218418209047501,0.0023218392451460337,3.276794749152976e-05,0.0006003602058876057,0.009807315927238621
chameleon,PageRank,15,50,0.000705082988133654,3.095097089733755e-05,3.2667378783890285e-05,2.645461607138619e-05,1.1699648490009538,1.2348460735827473,1.6759007493904527,0.011969352942659791,2.645461607138619e-05,0.0005790921844733769,0.01394868944687857
chameleon,Eigenvector Centrality,15,50,0.0006924170011188835,0.0012422307874804762,0.0007352779743971686,0.00019333208792594086,6.425373050108132,3.8031864357603657,1.830227809312475,0.006791163489526493,3.5821690981079335e-05,0.00019333208792594086,0.011886384824561358
chameleon,Clustering Coefficient,15,50,0.0006821250135544688,0.01890928523506895,0.010514158606971507,0.002226262557162832,8.493735464502938,4.72278463883022,2.8593420500171076,0.011511637923494735,4.009484864173694e-05,0.0012517532767329065,0.002226262557162832
chameleon,Degree,15,150,0.0009672500018496066,2.701828513464668,2.147690643960668,1.054756571930485,2.5615659436182545,2.036195555558211,1.054756571930485,0.009158745128500522,3.352516106025049e-05,0.0003799028054559606,0.009814433870000038
chameleon,Neighborhood Heterogeneity,15,150,0.0009673750028014183,0.015887890407570777,0.008795379746726633,0.0010733147706751115,14.802638370081636,8.194594900799109,2.461773469347839,0.0010733147706751115,4.356840862684763e-05,0.0006936263812352321,0.01219034152509307
chameleon,PageRank,15,150,0.0009887499909382313,3.095097089733755e-05,3.2667378783890285e-05,2.471397726216454e-05,1.2523670540363179,1.3218179509253607,2.0475288695540397,0.0068186403031028605,2.471397726216454e-05,0.00072614863062718,0.010039350331968917
chameleon,Eigenvector Centrality,15,150,0.0009872079826891422,0.0012422307874804762,0.0007352779743971686,0.00013766631202132161,9.023491435494261,5.341015994408926,1.7368487754300108,0.006840111123420682,3.5350330661698115e-05,0.00013766631202132161,0.010239705330234168
chameleon,Clustering Coefficient,15,150,0.0009847500186879188,0.01890928523506895,0.010514158606971507,0.001295812913566012,14.592604408480192,8.113948006612366,2.34904636553378,0.012525863698032314,3.3062783447883746e-05,0.0010097164301405377,0.001295812913566012
chameleon,Degree,15,200,0.0011247500078752637,2.701828513464668,2.147690643960668,1.103190427675555,2.4491043845961173,1.946799564319912,1.103190427675555,0.008146418327515347,3.2290883787500476e-05,0.00038103609975023874,0.009233455585818052
chameleon,Neighborhood Heterogeneity,15,200,0.0011192920210305601,0.015887890407570777,0.008795379746726633,0.0029699945163632717,5.349467926636221,2.961412789911978,2.448846119555501,0.0029699945163632717,4.423085838956253e-05,0.0005880377483614544,0.01746634541851534
chameleon,PageRank,15,200,0.0011430000013206154,3.095097089733755e-05,3.2667378783890285e-05,2.039699312015477e-05,1.5174281186943253,1.6015781635779858,1.6022725151786943,0.009128453777766422,2.039699312015477e-05,0.0005234855929767044,0.010693671041907517
chameleon,Eigenvector Centrality,15,200,0.0011436250060796738,0.0012422307874804762,0.0007352779743971686,0.00036245220976748136,3.4272953895835987,2.0286204762521955,2.067905002447334,0.009497714924355848,4.203209051707207e-05,0.00036245220976748136,0.012669585435431268
chameleon,Clustering Coefficient,15,200,0.0011833750177174807,0.01890928523506895,0.010514158606971507,0.004602775326703474,4.108235552008108,2.2843084575457193,2.231224930675731,0.011889987593749523,3.484665842215796e-05,0.0006107603342533503,0.004602775326703474
chameleon,Degree,15,250,0.0013154999760445207,2.701828513464668,2.147690643960668,1.069693212965525,2.5257975658033316,2.0077631772633167,1.069693212965525,0.016346477251679554,2.6379395432716593e-05,0.0004857660092996448,0.011478214443653361
chameleon,Neighborhood Heterogeneity,15,250,0.0012649169948417693,0.015887890407570777,0.008795379746726633,0.0031841376238243187,4.989699656413901,2.762248616679738,2.118681138337887,0.0031841376238243187,3.790044578764121e-05,0.0006531950872763662,0.014324280920683857
chameleon,PageRank,15,250,0.0012905829935334623,3.095097089733755e-05,3.2667378783890285e-05,1.9318721648715835e-05,1.6021231352745817,1.6909700019442937,1.5833547713410436,0.007065622614169089,1.9318721648715835e-05,0.0008595663944666272,0.007652418790603482
chameleon,Eigenvector Centrality,15,250,0.001308208011323586,0.0012422307874804762,0.0007352779743971686,0.00047609445925417087,2.6092107633987207,1.5443951512248715,1.48989712169346,0.007764962812909742,2.5934646054295828e-05,0.00047609445925417087,0.006645209948748979
chameleon,Clustering Coefficient,15,250,0.0012805419974029064,0.01890928523506895,0.010514158606971507,0.0036549989080605846,5.17354059760926,2.876651641067255,1.7413720655139406,0.00885739332387586,3.2074041362769836e-05,0.000592855119230598,0.0036549989080605846
chameleon,Degree,16,50,0.0007789169903844595,2.3000712826456526,2.451650119521971,0.9780158692058031,2.351772967153819,2.5067590380847617,0.9780158692058031,0.015697429843063864,3.016794746836277e-05,0.0005465603114372683,0.014412132037578523
chameleon,Neighborhood Heterogeneity,16,50,0.0006930420058779418,0.010719285020861002,0.012742627875636622,0.0018355539637516793,5.839809252435113,6.942115637718452,2.4957777183406478,0.0018355539637516793,3.888584034349242e-05,0.0015240630129549234,0.0085469109628367
chameleon,PageRank,16,50,0.0007013749855104834,4.04134293677581e-05,3.9892495483535396e-05,2.5464121322618095e-05,1.587073390663652,1.5666158269557697,2.0954575795422477,0.010797185043713194,2.5464121322618095e-05,0.0008348432897402893,0.014175237412871067
chameleon,Eigenvector Centrality,16,50,0.0007222080021165311,0.0005988816499416654,0.0006893408233553672,0.00023253050455747693,2.5754971421120954,2.9645178152743212,1.5754034282523977,0.008563217838383782,2.9513765427899106e-05,0.00023253050455747693,0.009233780549800919
chameleon,Clustering Coefficient,16,50,0.0006995410076342523,0.014934468707301557,0.014250148382486536,0.002124192113902873,7.0306582015605885,6.708502629879415,2.079053384957275,0.012095787839414836,3.402866975797599e-05,0.0007273605606073726,0.002124192113902873
chameleon,Degree,16,150,0.0010219170071650296,2.3000712826456526,2.451650119521971,0.9659379014070097,2.381179244851362,2.5381032424039214,0.9659379014070097,0.012480435489266816,3.453870454059504e-05,0.0007120751737084556,0.008474399622371051
chameleon,Neighborhood Heterogeneity,16,150,0.000988874991890043,0.010719285020861002,0.012742627875636622,0.0010883076102769246,9.849499277261723,11.708663759499213,2.1076599309665673,0.0010883076102769246,3.843072461314637e-05,0.0005471980952799562,0.012379629176826381
chameleon,PageRank,16,150,0.0010137089993804693,4.04134293677581e-05,3.9892495483535396e-05,2.0025726153102836e-05,2.0180756022920217,1.9920623691018742,1.5935204193213341,0.00969822378301331,2.0025726153102836e-05,0.0003814438024003253,0.011821102521629049
chameleon,Eigenvector Centrality,16,150,0.0009953330154530704,0.0005988816499416654,0.0006893408233553672,0.00013206102348589042,4.534885722778385,5.219865825354725,1.5232655699246083,0.008846333431349543,3.308139066706122e-05,0.00013206102348589042,0.010035058344977438
chameleon,Clustering Coefficient,16,150,0.0009881250152830034,0.014934468707301557,0.014250148382486536,0.0014087941867253965,10.60088751644785,10.11513854668126,1.5833318232746145,0.011329744673517583,2.844742037885107e-05,0.0008192259843768302,0.0014087941867253965
chameleon,Degree,16,200,0.0011309170222375542,2.3000712826456526,2.451650119521971,0.8643260870835278,2.6611151936958435,2.836487474067233,0.8643260870835278,0.011377352732380637,2.4047332322916085e-05,0.0006240560344262285,0.014666156887452025
chameleon,Neighborhood Heterogeneity,16,200,0.0011178330169059336,0.010719285020861002,0.012742627875636622,0.0029259284577189447,3.663549938339149,4.355071581473588,2.6765670688325116,0.0029259284577189447,5.050616318581039e-05,0.0007751886025642544,0.01207908134530657
chameleon,PageRank,16,200,0.0011607919877860695,4.04134293677581e-05,3.9892495483535396e-05,2.4122323771515122e-05,1.6753539066364886,1.6537583966368323,1.8983913988376238,0.008588804454826732,2.4122323771515122e-05,0.0005504955136826278,0.014960327222281578
chameleon,Eigenvector Centrality,16,200,0.001170167000964284,0.0005988816499416654,0.0006893408233553672,0.000350616831880954,1.708080147575475,1.9660802353876188,1.6458353761671851,0.010393875267800907,2.716006814697221e-05,0.000350616831880954,0.009264759825777718
chameleon,Clustering Coefficient,16,200,0.001161209016572684,0.014934468707301557,0.014250148382486536,0.004501007268708639,3.3180281247549126,3.165990973077227,2.039886550012409,0.009879527726034096,2.7726825377227318e-05,0.0007783991600094905,0.004501007268708639
chameleon,Degree,16,250,0.001289291976718232,2.3000712826456526,2.451650119521971,1.0614769288682333,2.166859420202408,2.3096593556074425,1.0614769288682333,0.010415988608198984,2.9700829856614684e-05,0.00037892466060673034,0.007373020605275231
chameleon,Neighborhood Heterogeneity,16,250,0.0012699580111075193,0.010719285020861002,0.012742627875636622,0.003168107256377604,3.38349814365735,4.022157977759399,2.185604826142586,0.003168107256377604,4.112369470936379e-05,0.000729718052388947,0.010511633102688666
chameleon,PageRank,16,250,0.0013337910058908165,4.04134293677581e-05,3.9892495483535396e-05,2.2924113909504146e-05,1.7629222018044077,1.7401979261233866,1.8966104528575916,0.010234638494494384,2.2924113909504146e-05,0.0007124880021774941,0.013196773818863505
chameleon,Eigenvector Centrality,16,250,0.0013425410143099725,0.0005988816499416654,0.0006893408233553672,0.0004647881053417976,1.2885046821524349,1.4831292269160743,2.049707670920485,0.007904394322263825,3.698237624703638e-05,0.0004647881053417976,0.009248379588314681
chameleon,Clustering Coefficient,16,250,0.001301624986808747,0.014934468707301557,0.014250148382486536,0.0036840596578216573,4.053807509765501,3.8680558150658415,2.468663509132619,0.012302142451753931,3.3993472706250375e-05,0.0006982340024036795,0.0036840596578216573
chameleon,Degree,17,50,0.0008036250073928386,2.616369553406167,2.2853793993954192,0.9960852597694752,2.6266522145018745,2.2943612275964473,0.9960852597694752,0.01645542570092392,3.117589810592727e-05,0.0005713990043857406,0.01353335809428434
chameleon,Neighborhood Heterogeneity,17,50,0.0007102499948814511,0.008089757247897485,0.007039844929256885,0.0019502050896906746,4.148157181345791,3.609797229261404,1.708179716291846,0.0019502050896906746,2.990550037082672e-05,0.0005370079499056534,0.01037042820139918
chameleon,PageRank,17,50,0.0007289159984793514,3.859126221255107e-05,3.8384958044618156e-05,1.8113177361796088e-05,2.1305628185338095,2.1191730902817114,1.5288595970518166,0.00917500430677481,1.8113177361796088e-05,0.0005208444492311616,0.01209294672449893
chameleon,Eigenvector Centrality,17,50,0.0007569590234197676,0.0008427538038526391,0.0009565809898058215,0.000218502785532445,3.8569476439351864,4.377889222212139,2.0372933651652163,0.009251016013270311,3.675772154341317e-05,0.000218502785532445,0.008400381856780232
chameleon,Clustering Coefficient,17,50,0.0007339159783441573,0.012762480865411652,0.011311834745448234,0.002119337838413607,6.021919032486478,5.337438203771943,2.8759974541095814,0.016189106672225468,4.234599357961293e-05,0.0009139018496488634,0.002119337838413607
chameleon,Degree,17,150,0.0011516670056153089,2.616369553406167,2.2853793993954192,0.9129406761557795,2.8658702824187925,2.50331643565135,0.9129406761557795,0.007221314205599039,3.104337942532801e-05,0.00029664542119833685,0.010683217501673416
chameleon,Neighborhood Heterogeneity,17,150,0.0010799579904414713,0.008089757247897485,0.007039844929256885,0.001134191960257215,7.132617344653783,6.206925437613198,2.406253313175509,0.001134191960257215,3.678454919352449e-05,0.0007213698887733609,0.01272221624607297
chameleon,PageRank,17,150,0.001130083022871986,3.859126221255107e-05,3.8384958044618156e-05,2.0192187178305196e-05,1.9111977257230521,1.900980696427951,1.6984546562006506,0.012598934505229692,2.0192187178305196e-05,0.0008777340308666383,0.010955445114217107
chameleon,Eigenvector Centrality,17,150,0.0011948329920414835,0.0008427538038526391,0.0009565809898058215,0.00013297332064354428,6.337766100553148,7.193781317758364,1.885331820480562,0.009620996460621435,4.136447028494233e-05,0.00013297332064354428,0.014294778172853526
chameleon,Clustering Coefficient,17,150,0.0010992499883286655,0.012762480865411652,0.011311834745448234,0.001360781179001082,9.378789964438143,8.312750734656685,2.0483319502770305,0.010167519505004658,3.8053311140737886e-05,0.000686196721984829,0.001360781179001082
chameleon,Degree,17,200,0.0012747090077027678,2.616369553406167,2.2853793993954192,1.1780201187066168,2.220988853975394,1.9400172909649498,1.1780201187066168,0.011916441999727105,3.3984792360333737e-05,0.0005752854912289006,0.015151642952888653
chameleon,Neighborhood Heterogeneity,17,200,0.0012236249749548733,0.008089757247897485,0.007039844929256885,0.0030015573864454943,2.6951866002727143,2.34539741303884,2.733655669273519,0.0030015573864454943,4.3418343475200684e-05,0.001025643297797672,0.013827420696796888
chameleon,PageRank,17,200,0.001184666994959116,3.859126221255107e-05,3.8384958044618156e-05,2.2869474566064178e-05,1.68745731787893,1.6784363774398767,1.8226710728884676,0.009162132186788012,2.2869474566064178e-05,0.0009087929006454575,0.013684574441755729
chameleon,Eigenvector Centrality,17,200,0.0013441250193864107,0.0008427538038526391,0.0009565809898058215,0.0003492054602266843,2.41334658199666,2.7393070806649575,2.3886875824404425,0.007566273195661474,4.5542427755678675e-05,0.0003492054602266843,0.011332990645009559
chameleon,Clustering Coefficient,17,200,0.0014660830202046782,0.012762480865411652,0.011311834745448234,0.004515000773611117,2.8266840927258943,2.50538932608,2.0704242604585885,0.009395452008571295,3.23867253568911e-05,0.0006273442007912766,0.004515000773611117
chameleon,Degree,17,250,0.0015032090013846755,2.616369553406167,2.2853793993954192,1.0787802853134674,2.4253034552313064,2.1184845797690337,1.0787802853134674,0.008946521104201122,2.6926971785871895e-05,0.0005648952951271418,0.011721943096215536
chameleon,Neighborhood Heterogeneity,17,250,0.001441999978851527,0.008089757247897485,0.007039844929256885,0.0031779727436397356,2.545571627097178,2.215199907974712,1.918129825933033,0.0031779727436397356,3.6505092687330904e-05,0.0008019084631890121,0.013375572910759456
chameleon,PageRank,17,250,0.0015752089966554195,3.859126221255107e-05,3.8384958044618156e-05,2.334592563198156e-05,1.6530191529302627,1.6441823147091088,1.6635050304386705,0.0076519870774337225,2.334592563198156e-05,0.0007074960039709416,0.016057514738070416
chameleon,Eigenvector Centrality,17,250,0.0014628339849878103,0.0008427538038526391,0.0009565809898058215,0.00047288246744400466,1.782163353206644,2.0228726071750436,2.0311895008119256,0.009707836742387562,4.1001698385109274e-05,0.00047288246744400466,0.009693707004939696
chameleon,Clustering Coefficient,17,250,0.0013926250103395432,0.012762480865411652,0.011311834745448234,0.003661197286320543,3.4858763042069727,3.0896545203158077,2.4417951854908386,0.014133163951679743,3.396940230172454e-05,0.0004972602029460777,0.003661197286320543
chameleon,Degree,18,50,0.0007907079998403788,2.586688425990483,2.674930247733452,0.9853266286218243,2.625209093971694,2.714765002824368,0.9853266286218243,0.009238131888010117,2.8684520931041717e-05,0.0005479297541435278,0.014728469721399098
chameleon,Neighborhood Heterogeneity,18,50,0.0006966250075493008,0.013300468491580852,0.01095317928789272,0.0021598785452430084,6.15797055851787,5.071201485850389,2.3018594029921253,0.0021598785452430084,4.033987784405581e-05,0.0010133587081025033,0.01721982780476972
chameleon,PageRank,18,50,0.0007104999967850745,4.2797759737885556e-05,3.3238424862881295e-05,3.30558393582567e-05,1.2947110274238283,1.0055235476747617,1.9753031738157572,0.009461911453496757,3.30558393582567e-05,0.0007403918795628038,0.011494144214299873
chameleon,Eigenvector Centrality,18,50,0.0007385000062640756,0.0006882068016920431,0.0015066969362275762,0.0002285514057268137,3.011168535601365,6.592376587823411,1.5373110972424462,0.008980000934604134,3.252188458671864e-05,0.0002285514057268137,0.013112028266863963
chameleon,Clustering Coefficient,18,50,0.0006990830006543547,0.015071930533654401,0.013286188701943258,0.0021556689142819413,6.991765031168944,6.163371663393365,2.4912169561940747,0.008540367157251818,3.778855990961361e-05,0.0009475666732346362,0.0021556689142819413
chameleon,Degree,18,150,0.0010061250068247318,2.586688425990483,2.674930247733452,0.620033517207433,4.171852576035987,4.3141704012729205,0.620033517207433,0.010600745548283738,2.5794933350773795e-05,0.00038082016182170526,0.008083273982483635
chameleon,Neighborhood Heterogeneity,18,150,0.0009949580125976354,0.013300468491580852,0.01095317928789272,0.001179610796309192,11.275302441445795,9.285417971896676,2.5044795072712684,0.001179610796309192,5.470782503064561e-05,0.0006356678618176356,0.011855943220508723
chameleon,PageRank,18,150,0.0010577909997664392,4.2797759737885556e-05,3.3238424862881295e-05,1.8201397268169554e-05,2.3513447405892243,1.8261468816467386,2.0510028821928152,0.00921843256298929,1.8201397268169554e-05,0.0007452898380254956,0.007458157170850311
chameleon,Eigenvector Centrality,18,150,0.0010397500009275973,0.0006882068016920431,0.0015066969362275762,0.0001273160884033539,5.405497532344181,11.834301187876308,1.7593104949969915,0.010345918165038779,3.3288011222644854e-05,0.0001273160884033539,0.011664211167486786
chameleon,Clustering Coefficient,18,150,0.0010103749809786677,0.015071930533654401,0.013286188701943258,0.001415282319659926,10.649416250233374,9.38765963326367,1.7432682039547043,0.01174331217210135,3.5867152011450154e-05,0.0005900071587892559,0.001415282319659926
chameleon,Degree,18,200,0.0011453329934738576,2.586688425990483,2.674930247733452,0.8992398156128136,2.876527908439761,2.9746572619346723,0.8992398156128136,0.013206399738591158,2.575783857686151e-05,0.0004302892343006023,0.009302204328644866
chameleon,Neighborhood Heterogeneity,18,200,0.0011838749924208969,0.013300468491580852,0.01095317928789272,0.002947188277207421,4.512934784127053,3.7164844107860313,1.9789707825863398,0.002947188277207421,4.134679984321673e-05,0.0006047749287934682,0.013029630697985035
chameleon,PageRank,18,200,0.001191916991956532,4.2797759737885556e-05,3.3238424862881295e-05,2.580235119417506e-05,1.658676739023196,1.2881936461040397,1.8490394210417112,0.00955713975887022,2.580235119417506e-05,0.0004935900320744927,0.013405017944890085
chameleon,Eigenvector Centrality,18,200,0.0011546250025276095,0.0006882068016920431,0.0015066969362275762,0.00034421245941086714,1.9993663299403381,4.377229513441629,1.5313609426424084,0.008684974469052423,3.082345847832556e-05,0.00034421245941086714,0.008851370689926346
chameleon,Clustering Coefficient,18,200,0.0011438329820521176,0.015071930533654401,0.013286188701943258,0.0046212992985436,3.2614054100335617,2.8749898770093494,2.559095236063201,0.012960674446976336,3.8639773320700465e-05,0.000801765628217794,0.0046212992985436
chameleon,Degree,18,250,0.0012656670005526394,2.586688425990483,2.674930247733452,1.2064072426429366,2.1441254118498954,2.2172697188665316,1.2064072426429366,0.007457821218432662,3.209055320459806e-05,0.000296902645110824,0.007433987277110463
chameleon,Neighborhood Heterogeneity,18,250,0.0012594999861903489,0.013300468491580852,0.01095317928789272,0.0032164211451129387,4.135176300463549,3.4053933840520503,1.8578168488008302,0.0032164211451129387,3.362377422398439e-05,0.0009011725671165604,0.008844801539809967
chameleon,PageRank,18,250,0.0012873749947175384,4.2797759737885556e-05,3.3238424862881295e-05,1.7559757728444055e-05,2.4372636798148926,1.8928749118810595,1.70678008236361,0.012971486042741736,1.7559757728444055e-05,0.0007092538821310993,0.011313901509143642
chameleon,Eigenvector Centrality,18,250,0.0012758750235661864,0.0006882068016920431,0.0015066969362275762,0.00048041064653246885,1.4325386139116927,3.1362688298077614,1.9103793841551266,0.008709772822043386,3.356606626075876e-05,0.00048041064653246885,0.010376664738197542
chameleon,Clustering Coefficient,18,250,0.0012750829919241369,0.015071930533654401,0.013286188701943258,0.0037416245327208638,4.028178242324672,3.5509144719771504,2.0984125307695107,0.008663075945720957,3.680083937176795e-05,0.0007782431412226425,0.0037416245327208638
chameleon,Degree,19,50,0.0007896249881014228,2.956819441682143,2.6826837464594924,1.388582717816129,2.129379405162433,1.9319581844419322,1.388582717816129,0.00851834891052877,3.978837266448745e-05,0.0003979240355305197,0.014668076667826883
chameleon,Neighborhood Heterogeneity,19,50,0.0006907499919179827,0.007815989747937499,0.013526648753774406,0.0017408984344906638,4.489629948012579,7.769924129854198,2.8568296171156597,0.0017408984344906638,4.101856560731869e-05,0.0005077139685890176,0.017992004613749814
chameleon,PageRank,19,50,0.0007070410065352917,4.15460884186521e-05,4.278353812685257e-05,2.86882777249429e-05,1.4481904008664148,1.491324733295321,2.079570805497577,0.008431341191642445,2.86882777249429e-05,0.000458157687390014,0.010545138092362466
chameleon,Eigenvector Centrality,19,50,0.0007069169951137155,0.0008717668135223109,0.0011148178796959243,0.0002331633508979185,3.7388672369182925,4.781274052730542,1.3730466139505033,0.007181223062915333,2.9568803875672245e-05,0.0002331633508979185,0.009894649504467029
chameleon,Clustering Coefficient,19,50,0.0006874169921502471,0.015583800386342087,0.011556922753483318,0.0021673565270407245,7.190233905641713,5.33226656957218,2.668467174828728,0.009180719572781217,4.119423384130726e-05,0.0015587840301956731,0.0021673565270407245
chameleon,Degree,19,150,0.0009706249984446913,2.956819441682143,2.6826837464594924,0.8528377902290958,3.4670361416417297,3.1455967092392205,0.8528377902290958,0.005972835246442396,2.91189302884999e-05,0.0004938989895598149,0.011842283858356922
chameleon,Neighborhood Heterogeneity,19,150,0.0009727919823490083,0.007815989747937499,0.013526648753774406,0.0012058057752431163,6.481964101027487,11.217933295307981,2.0638522931429106,0.0012058057752431163,3.0413532219006254e-05,0.0006174475374592216,0.012524115565603488
chameleon,PageRank,19,150,0.0009946670033968985,4.15460884186521e-05,4.278353812685257e-05,2.3391480330030616e-05,1.7761205290335602,1.8290222561043263,2.1762658076731314,0.008306649887958201,2.3391480330030616e-05,0.0008734493308175863,0.01379287649979197
chameleon,Eigenvector Centrality,19,150,0.0009910420048981905,0.0008717668135223109,0.0011148178796959243,0.00014363378620865878,6.069371535300777,7.761529575474764,1.4566339317941162,0.009355052547248383,2.82948953626158e-05,0.00014363378620865878,0.009479950122673183
chameleon,Clustering Coefficient,19,150,0.000978999974904582,0.015583800386342087,0.011556922753483318,0.001350843536536271,11.536347448721463,8.55533778776237,2.514289379575418,0.010228545662937027,3.340119056243269e-05,0.0009154010819057902,0.001350843536536271
chameleon,Degree,19,200,0.0011211250093765557,2.956819441682143,2.6826837464594924,1.1267323916866245,2.6242428668053384,2.38094135417882,1.1267323916866245,0.012342835483727405,3.157537466851336e-05,0.0004565623633909224,0.010228804364454907
chameleon,Neighborhood Heterogeneity,19,200,0.0011132080107927322,0.007815989747937499,0.013526648753774406,0.0030837177095698444,2.53459962423985,4.386474388299723,2.1528226604313545,0.0030837177095698444,4.155020049979624e-05,0.0008834087130461408,0.010255077673578103
chameleon,PageRank,19,200,0.0011762499925680459,4.15460884186521e-05,4.278353812685257e-05,2.0732951790364053e-05,2.003867507084122,2.063552674961452,1.6813993291224438,0.009463752408219017,2.0732951790364053e-05,0.0004281870712844906,0.008622055539767474
chameleon,Eigenvector Centrality,19,200,0.0011989169870503247,0.0008717668135223109,0.0011148178796959243,0.0003258027107038608,2.6757506456559397,3.4217575332245804,2.383117486378353,0.009390242278656511,4.777553893964046e-05,0.0003258027107038608,0.011597139651071538
chameleon,Clustering Coefficient,19,200,0.001214374991832301,0.015583800386342087,0.011556922753483318,0.0045220207902744195,3.446202728624868,2.5556987217615124,2.4603230090529826,0.013301552569766801,3.3412890876802644e-05,0.0009789997639281678,0.0045220207902744195
chameleon,Degree,19,250,0.0012869159982074052,2.956819441682143,2.6826837464594924,1.19689908870687,2.4703999439724624,2.2413616751583163,1.19689908870687,0.008774010349128388,3.6128490074219145e-05,0.0005246011563814839,0.010957035250239475
chameleon,Neighborhood Heterogeneity,19,250,0.001280625001527369,0.007815989747937499,0.013526648753774406,0.0031949969551321247,2.446321501303052,4.233696915437289,2.3581412371000474,0.0031949969551321247,3.881237342007187e-05,0.0009217694655114805,0.012187944182873507
chameleon,PageRank,19,250,0.001286707993131131,4.15460884186521e-05,4.278353812685257e-05,2.7745929534590602e-05,1.497375979667827,1.5419753039275441,1.964077545896766,0.010932085059538268,2.7745929534590602e-05,0.0006452038985950198,0.008366722726308968
chameleon,Eigenvector Centrality,19,250,0.0013064169907011092,0.0008717668135223109,0.0011148178796959243,0.0005006770907978049,1.7411757588772283,2.226620510875614,1.8195463499124842,0.006596366815337181,3.3646318993915487e-05,0.0005006770907978049,0.012287446511409367
chameleon,Clustering Coefficient,19,250,0.0012732500035781413,0.015583800386342087,0.011556922753483318,0.0037515693500694996,4.153941706036539,3.080556875023307,2.2276082765442027,0.008679896312835568,3.501191766555814e-05,0.0006836719197563149,0.0037515693500694996
chameleon,Degree,20,50,0.0009427919867448509,2.412044543303126,2.6970084987476244,1.1316614849681215,2.1314187814486525,2.383229026146099,1.1316614849681215,0.010199909652854623,3.507307720635381e-05,0.000644109691594903,0.010463244254489544
chameleon,Neighborhood Heterogeneity,20,50,0.0007214169891085476,0.009609029671889036,0.010730097339898385,0.0020215425592038905,4.753315545171206,5.307876052891033,2.4443821980206346,0.0020215425592038905,5.189956959651351e-05,0.0006081665365019141,0.012705727640853582
chameleon,PageRank,20,50,0.0007265410094987601,3.9504586458141605e-05,3.969194688121485e-05,2.748870185961563e-05,1.4371208454983035,1.4439367520489328,1.9419946783447906,0.009811404025540258,2.748870185961563e-05,0.0005410267756904988,0.010437593486754954
chameleon,Eigenvector Centrality,20,50,0.0007388750091195107,0.0005201883895876903,0.0005602765550993875,0.00022329637575649463,2.3295872484511677,2.509116205765788,1.6143411533800553,0.014841548817545087,2.712292114602472e-05,0.00022329637575649463,0.016958469297156414
chameleon,Clustering Coefficient,20,50,0.0006867499905638397,0.012027909692239307,0.011231294849995828,0.0020223733802841254,5.947422869336568,5.553521896346327,3.449416675366332,0.013289602743677142,5.012439124160556e-05,0.000974360909592822,0.0020223733802841254
chameleon,Degree,20,150,0.0010032499849330634,2.412044543303126,2.6970084987476244,0.8138521915409779,2.963737848682414,3.313879997842125,0.8138521915409779,0.010999057470756943,2.8058833106936693e-05,0.0003003181271007005,0.011395662834155254
chameleon,Neighborhood Heterogeneity,20,150,0.0010846660006791353,0.009609029671889036,0.010730097339898385,0.0010739214779524441,8.947609177357888,9.991510143140594,2.093733412532041,0.0010739214779524441,3.4274323678196785e-05,0.0005651007982593497,0.015176553653284349
chameleon,PageRank,20,150,0.0010200419928878546,3.9504586458141605e-05,3.969194688121485e-05,1.697052724701008e-05,2.3278349507438927,2.338875292646426,2.006196355132283,0.011662288133979213,1.697052724701008e-05,0.0010315045614563956,0.011483180531725473
chameleon,Eigenvector Centrality,20,150,0.001040208007907495,0.0005201883895876903,0.0005602765550993875,0.00013528738810782457,3.8450619593091573,4.141380530259369,1.5006235831293044,0.006098772974800054,3.183436809723303e-05,0.00013528738810782457,0.013228635663927481
chameleon,Clustering Coefficient,20,150,0.0010089580027852207,0.012027909692239307,0.011231294849995828,0.0013760983412635034,8.740588758500751,8.16169492631137,2.436265149800617,0.00959326701451283,3.643476097515623e-05,0.0009041784891077331,0.0013760983412635034
chameleon,Degree,20,200,0.0011298329918645322,2.412044543303126,2.6970084987476244,0.9198895523495064,2.6221023351580413,2.9318829547081457,0.9198895523495064,0.011288172357559283,2.4402238044450177e-05,0.0006223152145395062,0.013305319852877476
chameleon,Neighborhood Heterogeneity,20,200,0.0011277500016149133,0.009609029671889036,0.010730097339898385,0.002881767591489812,3.334422144334469,3.7234429908871154,2.192227428051226,0.002881767591489812,3.794801202601602e-05,0.0005639838093016055,0.01674924573293284
chameleon,PageRank,20,200,0.0012159580073785037,3.9504586458141605e-05,3.969194688121485e-05,2.2650919607647917e-05,1.7440610422193707,1.7523326897426785,2.652146028393168,0.008827540523075623,2.2650919607647917e-05,0.0016406927122989377,0.010290323433415202
chameleon,Eigenvector Centrality,20,200,0.0013318330165930092,0.0005201883895876903,0.0005602765550993875,0.0003305643459656123,1.5736373142970599,1.6949092118896316,1.497340018232465,0.008748718566310763,3.3077653215015385e-05,0.0003305643459656123,0.008462587530571225
chameleon,Clustering Coefficient,20,200,0.0012079160078428686,0.012027909692239307,0.011231294849995828,0.004557462835057155,2.6391679159109294,2.464374424208547,2.3236797730619205,0.011419900771800953,3.805116230209408e-05,0.0006996786288677304,0.004557462835057155
chameleon,Degree,20,250,0.0013315829855855554,2.412044543303126,2.6970084987476244,1.0504905823898985,2.2961124866209177,2.567379987940346,1.0504905823898985,0.008584190234362094,3.196262815030645e-05,0.0006413358141857477,0.010816302595251664
chameleon,Neighborhood Heterogeneity,20,250,0.001283457997487858,0.009609029671889036,0.010730097339898385,0.0032710260136367486,2.937619460019412,3.2803460734231797,1.9214709622947623,0.0032710260136367486,3.612398628201477e-05,0.0007700370160925993,0.01032810288712679
chameleon,PageRank,20,250,0.0013151669991202652,3.9504586458141605e-05,3.969194688121485e-05,2.2605868443411393e-05,1.7475367759939096,1.755824908057593,2.1052067612021843,0.008968679321332112,2.2605868443411393e-05,0.0007633711983563885,0.010178024155378575
chameleon,Eigenvector Centrality,20,250,0.0013000420003663749,0.0005201883895876903,0.0005602765550993875,0.00047148187375928286,1.103305171501195,1.1883310606028499,2.176377056708863,0.007456071606961707,4.294224405605862e-05,0.00047148187375928286,0.014501106031599842
chameleon,Clustering Coefficient,20,250,0.0012845419987570494,0.012027909692239307,0.011231294849995828,0.0035940843280295705,3.3465852758200354,3.1249391569377285,1.6437480317800728,0.011023360481269917,2.603042703610925e-05,0.0006755512364560121,0.0035940843280295705
chameleon,Degree,21,50,0.0007912080036476254,2.8612307677067434,2.079683031181888,1.210607001693956,2.3634678832215017,1.7178845226170565,1.210607001693956,0.008743918256461026,3.4455746030053686e-05,0.0004149356143531447,0.012554883253606399
chameleon,Neighborhood Heterogeneity,21,50,0.0007125420088414103,0.009129811246875447,0.008810054029447095,0.0019322361526355927,4.7249976326249135,4.559512054171059,2.0840657473723847,0.0019322361526355927,3.2528323717749354e-05,0.0008686418167566854,0.009414868279912553
chameleon,PageRank,21,50,0.0007133750186767429,3.8554185352680474e-05,3.41092445382142e-05,3.1986805915417993e-05,1.2053152620061052,1.066353565542259,2.1797186832999165,0.007009622320660362,3.1986805915417993e-05,0.0004821729321449207,0.00903790037113211
chameleon,Eigenvector Centrality,21,50,0.000708334002410993,0.001116659112079459,0.000424087839603165,0.00018768747216976622,5.9495665809246105,2.2595426039920823,1.8340946264516038,0.007952637820843161,3.5394986725179354e-05,0.00018768747216976622,0.010561754373028408
chameleon,Clustering Coefficient,21,50,0.0006956249999348074,0.011937571725221524,0.01561535127987124,0.0021081369960485054,5.6626166836393095,7.407180514900443,2.544236483069433,0.011570214379139913,4.0845256917377244e-05,0.0006292881433014537,0.0021081369960485054
chameleon,Degree,21,150,0.0009788749739527702,2.8612307677067434,2.079683031181888,0.8840009596302514,3.2366828752126042,2.3525800606050824,0.8840009596302514,0.007899379942201173,3.244138907171064e-05,0.0003575838879265637,0.016819395328403573
chameleon,Neighborhood Heterogeneity,21,150,0.0009687920100986958,0.009129811246875447,0.008810054029447095,0.0011619239063087178,7.85749496787589,7.582298618362625,2.744129078396808,0.0011619239063087178,4.653063858317053e-05,0.0005473671712311276,0.01290170742975969
chameleon,PageRank,21,150,0.0010047919931821525,3.8554185352680474e-05,3.41092445382142e-05,2.08892410950851e-05,1.8456479666823153,1.6328618346139703,1.4487940790457967,0.006144710783803769,2.08892410950851e-05,0.00042278324767058796,0.011031849999329137
chameleon,Eigenvector Centrality,21,150,0.0009998330206144601,0.001116659112079459,0.000424087839603165,0.0001417744267041351,7.8763084290919565,2.991285871944885,1.684545399934415,0.00978850626919682,3.2321534181000666e-05,0.0001417744267041351,0.007709275098406092
chameleon,Clustering Coefficient,21,150,0.0009851669892668724,0.011937571725221524,0.01561535127987124,0.0014090141602427788,8.472286554710445,11.082465826447516,2.1598261933845473,0.010391292697501947,3.213924104431636e-05,0.0009481030819318819,0.0014090141602427788
chameleon,Degree,21,200,0.001131458004238084,2.8612307677067434,2.079683031181888,0.8365435657655353,3.4203009679339083,2.486042707505298,0.8365435657655353,0.007497507090468687,2.691416585644128e-05,0.0007485010242891567,0.015550136227087955
chameleon,Neighborhood Heterogeneity,21,200,0.0011588330089580268,0.009129811246875447,0.008810054029447095,0.0030868941770751937,2.9576042206687716,2.854018804685604,1.9522860422059516,0.0030868941770751937,3.240104879915607e-05,0.000575972758882994,0.014366560462928205
chameleon,PageRank,21,200,0.0011795829923357815,3.8554185352680474e-05,3.41092445382142e-05,2.1449689936527933e-05,1.7974239006142598,1.5901975571277405,1.6223148006328827,0.008502405957855888,2.1449689936527933e-05,0.0005155905459510125,0.009880336318468455
chameleon,Eigenvector Centrality,21,200,0.0011624580074567348,0.001116659112079459,0.000424087839603165,0.0003370358257491651,3.3131763058047112,1.2582871232175399,1.3114382477425974,0.01089897976030592,2.5523769704787075e-05,0.0003370358257491651,0.009227052039981695
chameleon,Clustering Coefficient,21,200,0.0011554999800864607,0.011937571725221524,0.01561535127987124,0.0045789077535680345,2.6070784492042622,3.4102786341793516,1.5478858288926935,0.010974880986973665,2.7416195465192185e-05,0.00040559559284241716,0.0045789077535680345
chameleon,Degree,21,250,0.001266125007532537,2.8612307677067434,2.079683031181888,0.9757663643247193,2.932290835508419,2.131332978075275,0.9757663643247193,0.006931343973019047,2.912748258955038e-05,0.000569545669960023,0.012899505777088269
chameleon,Neighborhood Heterogeneity,21,250,0.001270458014914766,0.009129811246875447,0.008810054029447095,0.0032719240569004243,2.7903493748948276,2.6926217956883387,1.5616315111280794,0.0032719240569004243,3.420981601244959e-05,0.0005722340299123032,0.011541385497861571
chameleon,PageRank,21,250,0.001322958996752277,3.8554185352680474e-05,3.41092445382142e-05,2.397175567759327e-05,1.6083171325126429,1.4228930495106196,2.198475334733913,0.008156071386745935,2.397175567759327e-05,0.000779744621385034,0.011507450554175212
chameleon,Eigenvector Centrality,21,250,0.0013047500106040388,0.001116659112079459,0.000424087839603165,0.00045953452752483474,2.429978696256096,0.9228639290444741,1.867000958614231,0.008836801812460267,3.612221008700871e-05,0.00045953452752483474,0.012257094419822747
chameleon,Clustering Coefficient,21,250,0.001278374984394759,0.011937571725221524,0.01561535127987124,0.003611924083789772,3.3050450253916073,4.323277820248925,2.13051508877596,0.00956961258642149,2.7831677008119194e-05,0.0009037048989517631,0.003611924083789772
chameleon,Degree,22,50,0.0007793339900672436,2.3569489536651984,2.154459717754912,1.3105660434150128,1.7984205874307326,1.6439154124128836,1.3105660434150128,0.01076184579719269,3.85000142042838e-05,0.000496221141896929,0.013302438796735932
chameleon,Neighborhood Heterogeneity,22,50,0.0006896670092828572,0.010834950735005667,0.009007299612881516,0.0021215927019069213,5.106989067820153,4.2455366691192005,2.2585877306014606,0.0021215927019069213,3.431397336820149e-05,0.001252045272935409,0.008503255727561002
chameleon,PageRank,22,50,0.0008107089961413294,3.634257652212116e-05,2.7439818945042212e-05,2.7976913756214914e-05,1.299020214981642,0.9808022137161791,2.1331974991700395,0.011813955276999136,2.7976913756214914e-05,0.0006554280606535492,0.011406538193235598
chameleon,Eigenvector Centrality,22,50,0.0007024169899523258,0.0007789563960269261,0.0010369573912389896,0.00020122378046698034,3.8710951271226532,5.153254694015394,1.9115976726045354,0.012017172084804902,4.2254227925521344e-05,0.00020122378046698034,0.009135411687802445
chameleon,Clustering Coefficient,22,50,0.0007265410094987601,0.014656730057050477,0.011930156594310704,0.002017437603934473,7.265022734019848,5.913519491777153,1.7805986614453446,0.010963111079256852,3.0256594806583554e-05,0.0007192080630367177,0.002017437603934473
chameleon,Degree,22,150,0.0010003329953178763,2.3569489536651984,2.154459717754912,0.8707953831066,2.7066622072072564,2.4741285490843836,0.8707953831066,0.012039815052505927,2.975939100476081e-05,0.00032810944662352135,0.01593466424974454
chameleon,Neighborhood Heterogeneity,22,150,0.00099683299777098,0.010834950735005667,0.009007299612881516,0.0012357373953828395,8.768004250327738,7.289007880263262,2.2816337679609986,0.0012357373953828395,3.358246741133964e-05,0.000644201787677611,0.012513030206027976
chameleon,PageRank,22,150,0.001009916013572365,3.634257652212116e-05,2.7439818945042212e-05,2.620576074573124e-05,1.3868163139679563,1.0470911037952597,1.6165599008161937,0.011479368295164627,2.620576074573124e-05,0.0008038081196237229,0.013281537712541053
chameleon,Eigenvector Centrality,22,150,0.0010041659988928586,0.0007789563960269261,0.0010369573912389896,0.0001355086778532085,5.748387545118997,7.652331995758138,1.5893506518906957,0.012015589651172996,3.408069598006639e-05,0.0001355086778532085,0.007855130305085821
chameleon,Clustering Coefficient,22,150,0.0009938330040313303,0.014656730057050477,0.011930156594310704,0.001403999763795985,10.439268178666335,8.497263961110091,2.148344705129598,0.009737288771411483,4.216401436402691e-05,0.00046345538807924673,0.001403999763795985
chameleon,Degree,22,200,0.0011279580066911876,2.3569489536651984,2.154459717754912,0.8896760422389717,2.6492215612928796,2.4216227204825787,0.8896760422389717,0.009162161215751332,2.5398750195540254e-05,0.00040425989462679476,0.010293942998951245
chameleon,Neighborhood Heterogeneity,22,200,0.0011770830024033785,0.010834950735005667,0.009007299612881516,0.0029888672641010952,3.6251026819233103,3.0136164697131407,2.5307759339567113,0.0029888672641010952,4.735297702705182e-05,0.0006941930801338131,0.011019900572564743
chameleon,PageRank,22,200,0.0011567919864319265,3.634257652212116e-05,2.7439818945042212e-05,2.6157617564032516e-05,1.3893687539836677,1.0490182784372826,1.8046409832222206,0.014498435462649981,2.6157617564032516e-05,0.0008882330956155442,0.006998400473265584
chameleon,Eigenvector Centrality,22,200,0.0011826670088339597,0.0007789563960269261,0.0010369573912389896,0.0003366302076116597,2.313982460319006,3.080405049196402,1.789209356623545,0.007548616832740725,3.560934139692906e-05,0.0003366302076116597,0.010523110764823885
chameleon,Clustering Coefficient,22,200,0.0011517500097397715,0.014656730057050477,0.011930156594310704,0.0045385343408548065,3.229397192197948,2.628636405131558,3.4115072760953753,0.012982849586741582,4.532589890168052e-05,0.0008949901393953408,0.0045385343408548065
chameleon,Degree,22,250,0.0012699170038104057,2.3569489536651984,2.154459717754912,1.1145333448651504,2.1147406351941584,1.9330599014205219,1.1145333448651504,0.00906549149885127,2.940469786267895e-05,0.00046200502319312237,0.011647539280380027
chameleon,Neighborhood Heterogeneity,22,250,0.0012829159968532622,0.010834950735005667,0.009007299612881516,0.003239966118790899,3.3441555676048518,2.7800598162560073,3.3340303048083357,0.003239966118790899,6.117906915909443e-05,0.0007205960166532714,0.00936525731038675
chameleon,PageRank,22,250,0.0012972920085303485,3.634257652212116e-05,2.7439818945042212e-05,1.8098396029525548e-05,2.0080551040452552,1.516146452993799,1.4948472046641421,0.007894213958355328,1.8098396029525548e-05,0.000591374939419589,0.011770716330083232
chameleon,Eigenvector Centrality,22,250,0.0012818329851143062,0.0007789563960269261,0.0010369573912389896,0.0004370047671182325,1.7824894706839158,2.372874323722054,1.8255573513697076,0.009435655775688386,3.203194273205495e-05,0.0004370047671182325,0.014757197922496199
chameleon,Clustering Coefficient,22,250,0.0012912499951198697,0.014656730057050477,0.011930156594310704,0.0036674478008741156,3.9964386278537156,3.2529860660776735,1.876321568083584,0.009249042159785573,2.9940093256428724e-05,0.0008878650765619496,0.0036674478008741156
chameleon,Degree,23,50,0.0007859579927753657,1.9162311639542744,2.338323780211652,1.3810784676802967,1.38748898690227,1.6931143558694206,1.3810784676802967,0.011423883934464949,4.2611881861739613e-05,0.0005983201376949766,0.012612857568567828
chameleon,Neighborhood Heterogeneity,23,50,0.0006916249985806644,0.010803469061908471,0.012100177929384368,0.0017246287381406517,6.264228829652842,7.016105937344958,2.556895067810397,0.0017246287381406517,4.424040956170149e-05,0.0007945562531170392,0.01298430576340236
chameleon,PageRank,23,50,0.0007102919917088002,3.147840437788697e-05,4.135343161794452e-05,2.3634020268652944e-05,1.3319106956863556,1.749741734494227,2.1100374911130024,0.009798537048802632,2.3634020268652944e-05,0.001014694378155228,0.012090766697886546
chameleon,Eigenvector Centrality,23,50,0.0007002499769441783,0.0006287367696001585,0.0006214685993703218,0.00024821011362260916,2.5330827999866306,2.503800470899559,1.9120152616262456,0.01052080516221559,3.121584060582205e-05,0.00024821011362260916,0.012269924994493024
chameleon,Clustering Coefficient,23,50,0.0006830839847680181,0.0104455067703084,0.015436847493477101,0.002160064646305178,4.835738035977577,7.146474768651973,1.950767000606819,0.012592231772656604,2.850986222706197e-05,0.0008883037360333908,0.002160064646305178
chameleon,Degree,23,150,0.0009692909952718765,1.9162311639542744,2.338323780211652,0.9143141767970165,2.0958125911020296,2.557462018584422,0.9143141767970165,0.01059487002458648,3.431387487032288e-05,0.00039901832530595156,0.012273738615700849
chameleon,Neighborhood Heterogeneity,23,150,0.0009672499727457762,0.010803469061908471,0.012100177929384368,0.0011156947987156717,9.683175967428411,10.845419323737502,2.223374063007932,0.0011156947987156717,3.9760975610841e-05,0.0005784084630728134,0.010170503369404628
chameleon,PageRank,23,150,0.0009976669971365482,3.147840437788697e-05,4.135343161794452e-05,2.4661237278196057e-05,1.2764324848258213,1.676859565132471,1.8715725350164731,0.016118591278870963,2.4661237278196057e-05,0.0009660926306104985,0.01089977822561886
chameleon,Eigenvector Centrality,23,150,0.0009879169811028987,0.0006287367696001585,0.0006214685993703218,0.00013619822478683178,4.616336010136804,4.562971362827984,1.962410161666454,0.008426797976946709,3.950531682419195e-05,0.00013619822478683178,0.011867067880416193
chameleon,Clustering Coefficient,23,150,0.0009797500097192824,0.0104455067703084,0.015436847493477101,0.0014296664275284636,7.306254500475383,10.797516956569762,2.8485823647494115,0.015649261388549045,4.3457846341599174e-05,0.0009761633412201223,0.0014296664275284636
chameleon,Degree,23,200,0.0011178330169059336,1.9162311639542744,2.338323780211652,1.1360967915887796,1.686679496096906,2.0582082420474164,1.1360967915887796,0.010200567090398164,3.114755187672441e-05,0.000495420695674015,0.00790971080081861
chameleon,Neighborhood Heterogeneity,23,200,0.0011146249889861792,0.010803469061908471,0.012100177929384368,0.0029434345762736147,3.670361539200797,4.110904324805201,1.6165532281092942,0.0029434345762736147,3.1252776028481647e-05,0.0006460725547425565,0.00969060087321489
chameleon,PageRank,23,200,0.0011993329972028732,3.147840437788697e-05,4.135343161794452e-05,2.5567234439527715e-05,1.2312009909534998,1.6174385898386752,1.899711747698015,0.01131106951661432,2.5567234439527715e-05,0.0006947985840580206,0.009558533249369578
chameleon,Eigenvector Centrality,23,200,0.0011659580050036311,0.0006287367696001585,0.0006214685993703218,0.0003602890643734661,1.7450897953106526,1.7249166317357996,2.3680878922755353,0.01005639328646335,4.806005919504075e-05,0.0003602890643734661,0.006311422068895738
chameleon,Clustering Coefficient,23,200,0.00115758299943991,0.0104455067703084,0.015436847493477101,0.004602413443051654,2.269571584464705,3.354076656625099,2.6500289984614946,0.009867035075510008,3.192530220205257e-05,0.0007572213859395703,0.004602413443051654
chameleon,Degree,23,250,0.0013173749903216958,1.9162311639542744,2.338323780211652,0.9420788314152141,2.034045453580211,2.482089292569035,0.9420788314152141,0.00943584963394571,2.673008115667429e-05,0.0004465629879052085,0.009941149599788188
chameleon,Neighborhood Heterogeneity,23,250,0.0012942080211360008,0.010803469061908471,0.012100177929384368,0.00320527143572542,3.370531725174601,3.7750868130910242,1.9406427096930536,0.00320527143572542,3.454035926280534e-05,0.000788692706850002,0.017112323819687657
chameleon,PageRank,23,250,0.00132154201855883,3.147840437788697e-05,4.135343161794452e-05,2.8778631090942896e-05,1.093811734074931,1.4369492241400987,1.9550571206063179,0.009299026730564975,2.8778631090942896e-05,0.0003945773921777031,0.007380236697373385
chameleon,Eigenvector Centrality,23,250,0.0013245419831946492,0.0006287367696001585,0.0006214685993703218,0.0004659187805487799,1.3494557331636305,1.3338560824664085,2.195357449567976,0.007417175025501985,4.62019329814165e-05,0.0004659187805487799,0.007779643316691937
chameleon,Clustering Coefficient,23,250,0.0012880419963039458,0.0104455067703084,0.015436847493477101,0.003698179224380198,2.8244998786014843,4.174175062071056,2.6086473899860607,0.009016149382502373,3.833242085473452e-05,0.0008520913567659763,0.003698179224380198
chameleon,Degree,24,50,0.0007836669974494725,2.2334563821634767,1.9744461653271723,1.1241453537563395,1.9868039081426319,1.7563975679208625,1.1241453537563395,0.009531724307086573,3.160601778552089e-05,0.0004737193681648215,0.00932706078199201
chameleon,Neighborhood Heterogeneity,24,50,0.0006829579942859709,0.010671690557398143,0.010660236643293993,0.0022651402114926464,4.711271515667403,4.706214912969682,2.0364495344472475,0.0022651402114926464,3.2814886747919154e-05,0.000829990427679962,0.01022191367376927
chameleon,PageRank,24,50,0.0007090000144671649,2.9411244919117614e-05,3.5301782336379964e-05,2.324762889984577e-05,1.26512880284805,1.5185110915382067,1.984639220428695,0.015004750938545053,2.324762889984577e-05,0.0007377029992179998,0.009216866954451243
chameleon,Eigenvector Centrality,24,50,0.0007097499910742044,0.0006738327593164648,0.0006998633524862854,0.00026667371567354775,2.5268060544120003,2.624418198541294,1.932179744994387,0.008459663206771712,3.5805681972255225e-05,0.00026667371567354775,0.011925976629086383
chameleon,Clustering Coefficient,24,50,0.0006775829824618995,0.011131833965707216,0.015526184299210169,0.002110247309515369,5.275132405340542,7.35751882217817,2.222149316485703,0.008530278969115328,3.131341301513079e-05,0.0004690203003017724,0.002110247309515369
chameleon,Degree,24,150,0.0009677920024842024,2.2334563821634767,1.9744461653271723,0.8809939602731378,2.5351551575575275,2.2411574362155986,0.8809939602731378,0.010097747370971442,3.071154589188536e-05,0.0003510876447232399,0.010648905053711442
chameleon,Neighborhood Heterogeneity,24,150,0.0010288330086041242,0.010671690557398143,0.010660236643293993,0.0011164907468089729,9.558243619930355,9.547984767237768,1.8095533502856185,0.0011164907468089729,3.234800407667709e-05,0.0007055066789393204,0.024004436718869992
chameleon,PageRank,24,150,0.0010186250146944076,2.9411244919117614e-05,3.5301782336379964e-05,2.1391571323105293e-05,1.3748987615206263,1.6502659764058607,1.633308311317467,0.007228429988371321,2.1391571323105293e-05,0.0004468067575723415,0.011911289262775192
chameleon,Eigenvector Centrality,24,150,0.001022582990117371,0.0006738327593164648,0.0006998633524862854,0.0001427851003177331,4.7192092019196386,4.901515290663464,1.6987184821280945,0.012624254926438039,3.544371643237699e-05,0.0001427851003177331,0.00723521275596162
chameleon,Clustering Coefficient,24,150,0.0010049590200651437,0.011131833965707216,0.015526184299210169,0.0013431630456318543,8.287775636702802,11.55941890279322,2.1068123308169064,0.007595024262904787,3.8899731518690737e-05,0.0007416665923723327,0.0013431630456318543
chameleon,Degree,24,200,0.001142708002589643,2.2334563821634767,1.9744461653271723,0.9305714549879311,2.4000912237227854,2.121756641839803,0.9305714549879311,0.008492465614783996,2.7034009903247282e-05,0.0003257110870009611,0.013838218864966195
chameleon,Neighborhood Heterogeneity,24,200,0.0011262500192970037,0.010671690557398143,0.010660236643293993,0.0030337158884833023,3.5176961026279305,3.5139205631492234,2.528577955225554,0.0030337158884833023,4.707385270659343e-05,0.0006400908240356304,0.014400656435336043
chameleon,PageRank,24,200,0.001188666996313259,2.9411244919117614e-05,3.5301782336379964e-05,2.435873835521515e-05,1.2074207001291892,1.449245105456044,2.2358394453245722,0.007774709325997669,2.435873835521515e-05,0.0005896745829402789,0.010813586964554455
chameleon,Eigenvector Centrality,24,200,0.0011551249772310257,0.0006738327593164648,0.0006998633524862854,0.0003648483354282949,1.8468845651315733,1.9182309045338437,2.036100549590251,0.01116083017024164,4.4032569882686235e-05,0.0003648483354282949,0.012262984338403633
chameleon,Clustering Coefficient,24,200,0.0011949169856961817,0.011131833965707216,0.015526184299210169,0.004625805295840328,2.406464010864728,3.3564284067839627,2.0904595214091777,0.008735865108411034,3.761347883757397e-05,0.0007981073759401554,0.004625805295840328
chameleon,Degree,24,250,0.0012817499809898436,2.2334563821634767,1.9744461653271723,1.1626852730285222,1.9209466516642524,1.6981776677915628,1.1626852730285222,0.007614180123012302,3.02897136327816e-05,0.00035702627416698727,0.010547246659174418
chameleon,Neighborhood Heterogeneity,24,250,0.0012668749841395766,0.010671690557398143,0.010660236643293993,0.0031331611325966673,3.4060458769172124,3.402390171506793,1.956024730418323,0.0031331611325966673,3.551724891896323e-05,0.00064535057328989,0.008340762961941594
chameleon,PageRank,24,250,0.0013108749990351498,2.9411244919117614e-05,3.5301782336379964e-05,2.0318268545384112e-05,1.4475271282797981,1.7374404840416284,1.9193075637812487,0.0058849803923900585,2.0318268545384112e-05,0.0006856074866190878,0.010823581516268508
chameleon,Eigenvector Centrality,24,250,0.0013094999885652214,0.0006738327593164648,0.0006998633524862854,0.00047272316602658265,1.4254278354502583,1.4804930301362256,2.1368103356089625,0.009205351421345011,3.6149863058827736e-05,0.00047272316602658265,0.00871435501594601
chameleon,Clustering Coefficient,24,250,0.0012865409953519702,0.011131833965707216,0.015526184299210169,0.0036492565881628427,3.0504388213796036,4.254615679690138,1.8369941411245763,0.010384245457855098,2.3921691336693862e-05,0.0007518735223057371,0.0036492565881628427
