Dataset,TargetProperty,StratSeed,RequestedBins,StratifiedKFoldSeconds,RandomTargetEmd,LabelTargetEmd,StratifiedKFoldTargetEmd,RandomToStratifiedKFoldRatio,LabelToStratifiedKFoldRatio,DegreeEmd,NeighHetEmd,PageRankEmd,EigCentralityEmd,ClusteringEmd
Cora,Degree,0,100,0.0009920409938786179,0.26897308119909613,0.40602873607785606,0.15527257003321804,1.7322639867528034,2.614941814842073,0.15527257003321804,0.009168277910444406,1.4551035647854252e-05,0.0007685373896727532,0.007245331495111811
Cora,Neighborhood Heterogeneity,0,100,0.0008401669911108911,0.007419565127568121,0.013568164222910021,0.002392293086206984,3.1014448732667415,5.671614527976815,0.23778407489500125,0.002392293086206984,1.7840393336138063e-05,0.0009501070182836826,0.006793719173884781
Cora,PageRank,0,100,0.0009329589956905693,1.9076487445213708e-05,2.7733618360247745e-05,1.4360041455830987e-05,1.3284423658448128,1.931304895292369,0.22565101409293015,0.01178311975083132,1.4360041455830987e-05,0.0008116148952293841,0.0088794943267889
Cora,Eigenvector Centrality,0,100,0.0009068340004887432,0.0012609059738635017,0.0007100571108405935,0.0006015615762685275,2.096054707624234,1.1803564902616641,0.25861178457684997,0.006143848720714366,1.8451836455927102e-05,0.0006015615762685275,0.01546881068556984
Cora,Clustering Coefficient,0,100,0.0008450419991277158,0.009579890009678002,0.009601060828420552,0.003335085599115645,2.8724570104642213,2.8788049191200487,0.24722452113983792,0.006561604221304152,1.9622321364022635e-05,0.0012116952456262722,0.003335085599115645
Cora,Degree,0,150,0.0010104169778060168,0.26897308119909613,0.40602873607785606,0.1778094993426396,1.5127036642782732,2.283504186103337,0.1778094993426396,0.015168291389085983,1.5197461431332507e-05,0.000803270783974656,0.012596978994842517
Cora,Neighborhood Heterogeneity,0,150,0.0009670410072430968,0.007419565127568121,0.013568164222910021,0.002575442805635475,2.880889108208089,5.268284037688874,0.2521571734855529,0.002575442805635475,1.7807330554979375e-05,0.0008863776190953217,0.025634875622480697
Cora,PageRank,0,150,0.0010520000068936497,1.9076487445213708e-05,2.7733618360247745e-05,1.3374711044943032e-05,1.4263102493288267,2.0735863576457456,0.18888964675228945,0.012801410753803264,1.3374711044943032e-05,0.000953137602205123,0.011890111339580768
Cora,Eigenvector Centrality,0,150,0.0010722499864641577,0.0012609059738635017,0.0007100571108405935,0.0005117559760656039,2.4638812888075807,1.3874915859303392,0.21723682180017337,0.00613640510014599,1.631708458925786e-05,0.0005117559760656039,0.014619025721760492
Cora,Clustering Coefficient,0,150,0.0009894999966491014,0.009579890009678002,0.009601060828420552,0.005634494197347059,1.7002218254459451,1.7039791846695145,0.21214190060138227,0.016738999789027313,1.7025197513377843e-05,0.0009180399653659924,0.005634494197347059
Cora,Degree,0,200,0.001162542001111433,0.26897308119909613,0.40602873607785606,0.19756538587673295,1.3614382904448485,2.0551613040717047,0.19756538587673295,0.014236662101075557,1.850027146595752e-05,0.0008621487403545642,0.011278469020476864
Cora,Neighborhood Heterogeneity,0,200,0.0011182919843122363,0.007419565127568121,0.013568164222910021,0.0022814490766879807,3.2521283088813155,5.947169437858837,0.30686120861213817,0.0022814490766879807,2.073536517918714e-05,0.0009521995410459571,0.011090201446659584
Cora,PageRank,0,200,0.0012043750029988587,1.9076487445213708e-05,2.7733618360247745e-05,1.1308213742323395e-05,1.6869585135109266,2.4525198225117357,0.176999412436451,0.008242054420218066,1.1308213742323395e-05,0.0006901626989271345,0.011924813874913552
Cora,Eigenvector Centrality,0,200,0.0011682919866871089,0.0012609059738635017,0.0007100571108405935,0.0005612493808144879,2.2466055499850506,1.2651365598126008,0.2776882478031683,0.008134490104685857,2.0397873929781188e-05,0.0005612493808144879,0.016843551968841308
Cora,Clustering Coefficient,0,200,0.001121750014135614,0.009579890009678002,0.009601060828420552,0.005217212290338504,1.8362085873750096,1.8402664668639763,0.2528474727488287,0.013594032316033006,2.0621246039366477e-05,0.0007449056416134459,0.005217212290338504
Cora,Degree,0,250,0.0013012920098844916,0.26897308119909613,0.40602873607785606,0.1454410961625176,1.8493609323360876,2.7917056924829193,0.1454410961625176,0.012183723998634023,1.3054914545638104e-05,0.0009109121772104658,0.008426957374574598
Cora,Neighborhood Heterogeneity,0,250,0.0012261670199222863,0.007419565127568121,0.013568164222910021,0.0034538022829495247,2.1482309986870067,3.928471612255377,0.21488670664753026,0.0034538022829495247,1.5082966624009765e-05,0.0008554119068685652,0.01211097853703444
Cora,PageRank,0,250,0.001316417008638382,1.9076487445213708e-05,2.7733618360247745e-05,9.704428030551817e-06,1.9657508289160832,2.857831319160264,0.18298955322914598,0.009807190636960303,9.704428030551817e-06,0.0008487894875124016,0.011505785248687448
Cora,Eigenvector Centrality,0,250,0.0013412499974947423,0.0012609059738635017,0.0007100571108405935,0.00041599089047119253,3.031090350164338,1.7069054325596227,0.2920493873764154,0.012604578876089439,2.209940785675443e-05,0.00041599089047119253,0.009288119992947621
Cora,Clustering Coefficient,0,250,0.001274749985896051,0.009579890009678002,0.009601060828420552,0.0017342469270436194,5.523948095447339,5.536155595090219,0.25006258737097165,0.009043321754773029,1.7568674173767236e-05,0.00097438780000714,0.0017342469270436194
Cora,Degree,1,100,0.0008966669847723097,0.2543631225334695,0.2595341421732891,0.16915524614936814,1.5037258868628924,1.5342955544170012,0.16915524614936814,0.014067092887725669,1.6106472676169606e-05,0.0008770392250582303,0.013025491231381147
Cora,Neighborhood Heterogeneity,1,100,0.0008182089950423688,0.011869421763793889,0.015016288963528513,0.0025206384958061847,4.708894902439253,5.957335408672238,0.2730365779591337,0.0025206384958061847,2.1516324172857146e-05,0.0008775428126149008,0.011385949901411674
Cora,PageRank,1,100,0.0008873339975252748,1.854918284356529e-05,2.057194222610257e-05,1.2801830709092697e-05,1.4489476751469965,1.6069531533088492,0.20597902202984858,0.010530061413780592,1.2801830709092697e-05,0.0009499654616024379,0.009499896640523062
Cora,Eigenvector Centrality,1,100,0.000863666005898267,0.0010592496219496896,0.0007407850821359054,0.0006078966185137143,1.7424831619223633,1.2186037223682846,0.3357718357324272,0.011896129927888065,2.4757188773100342e-05,0.0006078966185137143,0.011956721243945747
Cora,Clustering Coefficient,1,100,0.0008127090113703161,0.010070372456558504,0.01312044524318939,0.0031853389352890686,3.161475956292425,4.119010726875353,0.24265812604092735,0.008164283087429119,1.8546553347099253e-05,0.0009342239584076007,0.0031853389352890686
Cora,Degree,1,150,0.0009879580175038427,0.2543631225334695,0.2595341421732891,0.18504172362102195,1.3746257738845022,1.402570928839988,0.18504172362102195,0.013397247648509903,1.6525424999983982e-05,0.0009604225534658815,0.009680174065429611
Cora,Neighborhood Heterogeneity,1,150,0.0009371249761898071,0.011869421763793889,0.015016288963528513,0.0023265524869287564,5.101721035944698,6.454309132458588,0.27771891406843385,0.0023265524869287564,2.1419219890343875e-05,0.0006824920032373028,0.010682812748384346
Cora,PageRank,1,150,0.0010317499982193112,1.854918284356529e-05,2.057194222610257e-05,1.2672738476797284e-05,1.4637075386292615,1.6233225568229048,0.1956769210320082,0.012573983333944655,1.2672738476797284e-05,0.0007346683016455198,0.007594128866369461
Cora,Eigenvector Centrality,1,150,0.0010512080043554306,0.0010592496219496896,0.0007407850821359054,0.0005110764668573659,2.0725853969819177,1.4494603648863524,0.26943789908497423,0.013355448270501702,2.0703455777973883e-05,0.0005110764668573659,0.010446316370256725
Cora,Clustering Coefficient,1,150,0.0009778330277185887,0.010070372456558504,0.01312044524318939,0.005459859400119679,1.8444380557378024,2.403073830601168,0.19439263339847884,0.010285624866855286,1.6007478000845703e-05,0.0008820155432221196,0.005459859400119679
Cora,Degree,1,200,0.0011208330106455833,0.2543631225334695,0.2595341421732891,0.18322013759075903,1.3882923890255754,1.4165153764537892,0.18322013759075903,0.008617443233577752,1.6985062212458137e-05,0.0008390662689225567,0.008151631685685723
Cora,Neighborhood Heterogeneity,1,200,0.0010872090060729533,0.011869421763793889,0.015016288963528513,0.0023119806615015588,5.133875884621402,6.494988999508285,0.2716268576638257,0.0023119806615015588,1.88245449176706e-05,0.0009640896849757195,0.012308183813813498
Cora,PageRank,1,200,0.0011831670126412064,1.854918284356529e-05,2.057194222610257e-05,1.3126763628466695e-05,1.4130811956832632,1.567175490346323,0.21304061319553744,0.009286529884603722,1.3126763628466695e-05,0.001030279069298615,0.009433020820773923
Cora,Eigenvector Centrality,1,200,0.0011855410120915622,0.0010592496219496896,0.0007407850821359054,0.000534483239276663,1.9818200910906267,1.3859837459794597,0.24181826249140065,0.009379772670590822,1.702710088279549e-05,0.000534483239276663,0.015198405486259203
Cora,Clustering Coefficient,1,200,0.0011123330041300505,0.010070372456558504,0.01312044524318939,0.005179440042199836,1.9442975253134445,2.533178323581252,0.2734207586194036,0.015633371483801756,1.9411784961192615e-05,0.0007941424115926238,0.005179440042199836
Cora,Degree,1,250,0.0012696250050794333,0.2543631225334695,0.2595341421732891,0.13754493283389427,1.8493092932812754,1.8869044233473486,0.13754493283389427,0.01291639077155693,1.3683188467681842e-05,0.0006706145852584375,0.008395273098737851
Cora,Neighborhood Heterogeneity,1,250,0.0012139159953221679,0.011869421763793889,0.015016288963528513,0.003540735286529152,3.352247712205854,4.241008646045497,0.25222343268791436,0.003540735286529152,1.9092211899605453e-05,0.0007739747877330944,0.012563296774909033
Cora,PageRank,1,250,0.00132004200713709,1.854918284356529e-05,2.057194222610257e-05,9.248162023931371e-06,2.0057156000906735,2.2244357498137224,0.1770639941523909,0.008839913802010352,9.248162023931371e-06,0.0009852557138624505,0.007432012791264875
Cora,Eigenvector Centrality,1,250,0.0013278749829623848,0.0010592496219496896,0.0007407850821359054,0.00040658461321940644,2.6052378459734866,1.8219702813400698,0.2894661368738022,0.006808813330266894,2.1214689084617882e-05,0.00040658461321940644,0.008667336261888547
Cora,Clustering Coefficient,1,250,0.0012721249950118363,0.010070372456558504,0.01312044524318939,0.0016662233102302474,6.043831216817467,7.874361835315063,0.19763910561179207,0.01446002175908842,1.566891242266016e-05,0.0006506854249459298,0.0016662233102302474
Cora,Degree,2,100,0.0009727500146254897,0.22191878311971394,0.2880084787518428,0.15918051090836075,1.3941328737628644,1.80931997961514,0.15918051090836075,0.01339939078160898,1.4946995510112503e-05,0.0007222290784178525,0.015777471404472703
Cora,Neighborhood Heterogeneity,2,100,0.0008356249891221523,0.00908160894129743,0.01513166615556232,0.0022942820131638406,3.958366447189197,6.595381940294072,0.2159096015967727,0.0022942820131638406,1.5334478888565355e-05,0.001070731985844572,0.01128936891847254
Cora,PageRank,2,100,0.0009042499877978116,1.66699110775385e-05,2.2586675250915984e-05,1.1998807008958961e-05,1.389297374738325,1.8824100791063265,0.19642672018449456,0.01207512828939858,1.1998807008958961e-05,0.0009022530314157466,0.011416561614747033
Cora,Eigenvector Centrality,2,100,0.0008834170002955943,0.0008027274574307344,0.0007339245870973372,0.0005736472312675193,1.399339896850969,1.279400556812019,0.2529162013320995,0.010600189395663423,1.8354146897573055e-05,0.0005736472312675193,0.007966214015266393
Cora,Clustering Coefficient,2,100,0.0008360419888049364,0.010381056564755062,0.00902135762287154,0.0030686448257042018,3.3829449657383486,2.9398506947773897,0.21702121794641935,0.008811315784181466,1.5410180518086075e-05,0.0011400685252786944,0.0030686448257042018
Cora,Degree,2,150,0.0009989580139517784,0.22191878311971394,0.2880084787518428,0.17653661357927433,1.2570694465035752,1.6314376542773756,0.17653661357927433,0.00942485425054245,1.5391435065182715e-05,0.0010146108029711498,0.011506516322489502
Cora,Neighborhood Heterogeneity,2,150,0.0009361249976791441,0.00908160894129743,0.01513166615556232,0.0026392474774810685,3.440984227051354,5.7333259895749435,0.25256869969322693,0.0026392474774810685,1.888607385611093e-05,0.0007269919663155294,0.009722701120009324
Cora,PageRank,2,150,0.001032250002026558,1.66699110775385e-05,2.2586675250915984e-05,1.2386580429378692e-05,1.3458041283129711,1.823479480853694,0.18194144762362716,0.009043427054528966,1.2386580429378692e-05,0.0007034601874437174,0.007092674700487987
Cora,Eigenvector Centrality,2,150,0.0010219999821856618,0.0008027274574307344,0.0007339245870973372,0.0005084840814347205,1.5786678221386738,1.4433580398948218,0.3100368596660289,0.0106019240576955,2.333901237434611e-05,0.0005084840814347205,0.013372074904566303
Cora,Clustering Coefficient,2,150,0.0009830420021899045,0.010381056564755062,0.00902135762287154,0.005980233791346748,1.735894770498136,1.5085292544791848,0.24402287358017918,0.00936117137444876,1.8449536272836528e-05,0.0009977996730778339,0.005980233791346748
Cora,Degree,2,200,0.0011382500233594328,0.22191878311971394,0.2880084787518428,0.193579266074402,1.1463974816105547,1.4878064401853195,0.193579266074402,0.010095510769563831,1.6630453514705545e-05,0.0008160920490415666,0.010519067451209205
Cora,Neighborhood Heterogeneity,2,200,0.0010933330049738288,0.00908160894129743,0.01513166615556232,0.0022395162526312193,4.055165453980251,6.756667265881213,0.2924998655240231,0.0022395162526312193,2.1343101150863685e-05,0.0008065872518172891,0.013109388382133155
Cora,PageRank,2,200,0.001170957984868437,1.66699110775385e-05,2.2586675250915984e-05,1.0477724650593691e-05,1.5909857944772337,2.1556851324238773,0.17967313940334112,0.007329131412300287,1.0477724650593691e-05,0.000838737540737521,0.013560799963217135
Cora,Eigenvector Centrality,2,200,0.0012092500110156834,0.0008027274574307344,0.0007339245870973372,0.0005466449823792472,1.4684621341202109,1.3425982324084713,0.2754578940984581,0.009840119609308143,2.170344988579037e-05,0.0005466449823792472,0.007872785052898412
Cora,Clustering Coefficient,2,200,0.0011454169871285558,0.010381056564755062,0.00902135762287154,0.005095589847969018,2.0372629812214393,1.770424600886439,0.20981817689425603,0.01108193212602371,1.5443095777479383e-05,0.0009192841276153654,0.005095589847969018
Cora,Degree,2,250,0.0012736250064335763,0.22191878311971394,0.2880084787518428,0.1468334381015103,1.5113640733951548,1.9614638360012657,0.1468334381015103,0.010664524236017955,1.3562943191945389e-05,0.0006845795870833152,0.014411657799536636
Cora,Neighborhood Heterogeneity,2,250,0.0012388750037644058,0.00908160894129743,0.01513166615556232,0.0035861215752875054,2.5324319743870767,4.219507297197304,0.28625839293556565,0.0035861215752875054,2.0506684273582553e-05,0.0008787205777923605,0.01266993034900448
Cora,PageRank,2,250,0.0013263330038171262,1.66699110775385e-05,2.2586675250915984e-05,1.0048527978891628e-05,1.6589406042910997,2.247759602039476,0.174294630309546,0.016100073004913805,1.0048527978891628e-05,0.0009603517700177599,0.008521426011705132
Cora,Eigenvector Centrality,2,250,0.0013426249788608402,0.0008027274574307344,0.0007339245870973372,0.0004059389858796842,1.9774583997917703,1.8079677306846902,0.23005450762917068,0.00853821804935283,1.6786040168419133e-05,0.0004059389858796842,0.006260550467452798
Cora,Clustering Coefficient,2,250,0.00125029101036489,0.010381056564755062,0.00902135762287154,0.0017003886401726752,6.105108161449997,5.305468061675251,0.2051634936196612,0.009963624369326678,1.5162310098736231e-05,0.0008108554073141038,0.0017003886401726752
Cora,Degree,3,100,0.0009071250096894801,0.33609025691001554,0.23781076657532427,0.18540717386084618,1.8127144161221165,1.2826405884046785,0.18540717386084618,0.01209074390791323,1.6268803288564163e-05,0.0005980047639403748,0.007984223453232802
Cora,Neighborhood Heterogeneity,3,100,0.0008114999800454825,0.009094417088835563,0.012022368079523789,0.002427629569929479,3.7462128495575002,4.952307480697325,0.22544204059241024,0.002427629569929479,1.709718829487284e-05,0.0007534784270131316,0.009033362112246784
Cora,PageRank,3,100,0.0008695409924257547,2.4507559756539373e-05,1.7364371710429918e-05,1.2583518032089103e-05,1.9475920560564137,1.379929815028612,0.1973175309612347,0.007580947160991967,1.2583518032089103e-05,0.001016013419859653,0.01097102538249992
Cora,Eigenvector Centrality,3,100,0.0008797500049695373,0.0009334696125981728,0.000664730457370697,0.0005825607591406567,1.602355802294591,1.1410491471331676,0.2152289632447792,0.010733132876361675,1.5812551560966276e-05,0.0005825607591406567,0.0066422979098342385
Cora,Clustering Coefficient,3,100,0.0008285410003736615,0.010765921365833448,0.017183309792097333,0.0033130012210021826,3.249597765791574,5.186629477576644,0.26708724391268046,0.009163099186962526,2.0006134023998494e-05,0.0009102416369736795,0.0033130012210021826
Cora,Degree,3,150,0.0009959160233847797,0.33609025691001554,0.23781076657532427,0.15518842368736716,2.1656915440231668,1.5324001682909216,0.15518842368736716,0.013026674084581783,1.4084592002769849e-05,0.0009232161820784208,0.011341495498065202
Cora,Neighborhood Heterogeneity,3,150,0.0009136660082731396,0.009094417088835563,0.012022368079523789,0.0029827328797296594,3.049021637385054,4.0306552964318545,0.2734149292281563,0.0029827328797296594,2.0559039731782952e-05,0.0007711214981088318,0.010775872898236435
Cora,PageRank,3,150,0.0010487500112503767,2.4507559756539373e-05,1.7364371710429918e-05,1.1450613219455e-05,2.1402836063749104,1.51645779816641,0.17418331372118087,0.012027020028190208,1.1450613219455e-05,0.0007335332223158415,0.010689161115416741
Cora,Eigenvector Centrality,3,150,0.0010205830039922148,0.0009334696125981728,0.000664730457370697,0.0005220875844279742,1.7879559683858979,1.2732163667500533,0.37285569555553677,0.007917430183866179,2.768341836431691e-05,0.0005220875844279742,0.010837102027640296
Cora,Clustering Coefficient,3,150,0.000950833986280486,0.010765921365833448,0.017183309792097333,0.005725564557722891,1.8803248583254386,3.0011555400104144,0.2414330934742667,0.011565279364722401,1.829196999505856e-05,0.0007127887139095733,0.005725564557722891
Cora,Degree,3,200,0.0011420000228099525,0.33609025691001554,0.23781076657532427,0.18043936885525394,1.8626215500655108,1.3179538815949468,0.18043936885525394,0.01543046470144297,1.4959115109076012e-05,0.0007954553944584417,0.011449507372451612
Cora,Neighborhood Heterogeneity,3,200,0.001080874993931502,0.009094417088835563,0.012022368079523789,0.0022380915664901536,4.0634696207258925,5.371705188263432,0.2181364371137473,0.0022380915664901536,1.7980617360746133e-05,0.0010079401735266164,0.013429479740131797
Cora,PageRank,3,200,0.0011872090108226985,2.4507559756539373e-05,1.7364371710429918e-05,1.0493817713736047e-05,2.3354283850823725,1.654723970257321,0.17164949415925818,0.008363494239419091,1.0493817713736047e-05,0.0008767240134782524,0.009407603349850972
Cora,Eigenvector Centrality,3,200,0.0011950419866479933,0.0009334696125981728,0.000664730457370697,0.0005401222372890874,1.7282562134144381,1.2307037397812524,0.2641608572658827,0.01577893360714653,1.790332408177889e-05,0.0005401222372890874,0.011020551020021186
Cora,Clustering Coefficient,3,200,0.0011124169977847487,0.010765921365833448,0.017183309792097333,0.004913271886660702,2.1911918603695453,3.497325242421287,0.26196427796193716,0.009682824178511417,1.9565222280293083e-05,0.0007383869249315583,0.004913271886660702
Cora,Degree,3,250,0.0012737079814542085,0.33609025691001554,0.23781076657532427,0.14562396636233638,2.307932308846524,1.6330468982256119,0.14562396636233638,0.009831130203573978,1.343995298401321e-05,0.0009491916352082706,0.010675178203341577
Cora,Neighborhood Heterogeneity,3,250,0.0012453340168576688,0.009094417088835563,0.012022368079523789,0.0034675846948395046,2.6226950137281344,3.4670726564849597,0.2645731411130685,0.0034675846948395046,1.918325337267967e-05,0.001067758656639552,0.00877458528808758
Cora,PageRank,3,250,0.0013112080050632358,2.4507559756539373e-05,1.7364371710429918e-05,9.729959782162552e-06,2.5187729759652093,1.7846293406333653,0.15959925887138482,0.012715490295432222,9.729959782162552e-06,0.0007474844555786809,0.016994255985668148
Cora,Eigenvector Centrality,3,250,0.0013249579933471978,0.0009334696125981728,0.000664730457370697,0.00040589375713155553,2.2997880509298474,1.637695691770024,0.27586637362808997,0.007532331130182525,1.9669975510424756e-05,0.00040589375713155553,0.012717404946958919
Cora,Clustering Coefficient,3,250,0.0012695420009549707,0.010765921365833448,0.017183309792097333,0.0016196549130840427,6.647046404060031,10.609241297813236,0.22320109706201255,0.013065984373549552,1.707138994672024e-05,0.0009561976413073941,0.0016196549130840427
Cora,Degree,4,100,0.0009259580110665411,0.24653707914472472,0.38153285626156747,0.15407083991906054,1.6001540542924302,2.4763469613198814,0.15407083991906054,0.009802429834830999,1.3832003167160277e-05,0.0009583244971858374,0.007296014535798766
Cora,Neighborhood Heterogeneity,4,100,0.0007748750213067979,0.013779527545468923,0.012081757015680731,0.0024625081429871403,5.595728722648484,4.906281041176571,0.25282612484506695,0.0024625081429871403,1.8508245618877477e-05,0.0009062866236935101,0.009995189605738952
Cora,PageRank,4,100,0.0009130839898716658,1.8391325592067183e-05,2.5897297087781245e-05,1.2759917993729407e-05,1.4413357202691437,2.0295817810512515,0.21432629520816932,0.00999149654406755,1.2759917993729407e-05,0.0010236694122163098,0.018131930990181254
Cora,Eigenvector Centrality,4,100,0.000909958005649969,0.0007365098638704858,0.0008589489229825498,0.0006059717372312861,1.2154194966841765,1.4174735721291698,0.2744666628388388,0.01249728974143095,1.8266631794322945e-05,0.0006059717372312861,0.009625094090126638
Cora,Clustering Coefficient,4,100,0.0008145000028889626,0.0112117419072951,0.014874719803874198,0.0036456803996242106,3.0753496407558885,4.0800942960900946,0.2328889257051522,0.008005196805593284,1.7195513911035736e-05,0.0009799784319753694,0.0036456803996242106
Cora,Degree,4,150,0.0009792920027393848,0.24653707914472472,0.38153285626156747,0.16322238270231484,1.5104367125577336,2.337503288120769,0.16322238270231484,0.010225013457314825,1.542393682271111e-05,0.0008888439125014379,0.009670702842219296
Cora,Neighborhood Heterogeneity,4,150,0.0009368750033900142,0.013779527545468923,0.012081757015680731,0.002830643662861797,4.867983818047144,4.268201319083026,0.25531814628138805,0.002830643662861797,1.8585326087780133e-05,0.0006637881686085887,0.008133667190325784
Cora,PageRank,4,150,0.0010184999846387655,1.8391325592067183e-05,2.5897297087781245e-05,1.3513186375410276e-05,1.3609910409830193,1.9164463782506644,0.20997432115877412,0.0131340548768133,1.3513186375410276e-05,0.000710258634782752,0.010539314978657548
Cora,Eigenvector Centrality,4,150,0.001031208987114951,0.0007365098638704858,0.0008589489229825498,0.0005513140819604901,1.3359170171228598,1.558002871844123,0.22391033227560087,0.014340934600460093,1.833697715911986e-05,0.0005513140819604901,0.016610592775849843
Cora,Clustering Coefficient,4,150,0.0009588749962858856,0.0112117419072951,0.014874719803874198,0.005579615196617427,2.009411314617553,2.66590423886074,0.22686776098492203,0.009466856024705081,1.6671116446528388e-05,0.0009788677742180456,0.005579615196617427
Cora,Degree,4,200,0.0011043749982491136,0.24653707914472472,0.38153285626156747,0.180960962352096,1.3623771444419996,2.1083710613741014,0.180960962352096,0.012834392541947423,1.459836966641925e-05,0.0005704414531769161,0.014153690940460673
Cora,Neighborhood Heterogeneity,4,200,0.001084457995602861,0.013779527545468923,0.012081757015680731,0.00221173938469939,6.230176864776397,5.462559060647569,0.2751313968060664,0.00221173938469939,2.1677616861578384e-05,0.0008562630500911691,0.010140401167668924
Cora,PageRank,4,200,0.0011750000121537596,1.8391325592067183e-05,2.5897297087781245e-05,1.1412864099865393e-05,1.6114557600211936,2.269132170607962,0.1864536976923833,0.007285970304025317,1.1412864099865393e-05,0.0007820298204763556,0.012890869947997161
Cora,Eigenvector Centrality,4,200,0.0011755409941542894,0.0007365098638704858,0.0008589489229825498,0.000550715673644271,1.337368626167387,1.559695799646659,0.2995559859682339,0.00985706883755905,2.121862937935779e-05,0.000550715673644271,0.014877635642684137
Cora,Clustering Coefficient,4,200,0.0011153749946970493,0.0112117419072951,0.014874719803874198,0.004957799512156508,2.261435114470431,3.000266502790489,0.24929050233282896,0.007512188963121042,1.867316185823078e-05,0.0006721939849991994,0.004957799512156508
Cora,Degree,4,250,0.0012749169836752117,0.24653707914472472,0.38153285626156747,0.13858950513918683,1.7789015041010865,2.752970767002813,0.13858950513918683,0.007995876865923346,1.3410050257941028e-05,0.0006396070663013249,0.011077528942072867
Cora,Neighborhood Heterogeneity,4,250,0.0012503330071922392,0.013779527545468923,0.012081757015680731,0.0034795416897308085,3.9601558981565077,3.4722265438973445,0.2435027711823782,0.0034795416897308085,1.8495955183031057e-05,0.0009806056853436803,0.011468517884474743
Cora,PageRank,4,250,0.0013249159965198487,1.8391325592067183e-05,2.5897297087781245e-05,1.022973823376367e-05,1.7978295408738671,2.5315698697261046,0.16878277464656302,0.013065689774087763,1.022973823376367e-05,0.0007262449537849688,0.011308006846556038
Cora,Eigenvector Centrality,4,250,0.0013403749908320606,0.0007365098638704858,0.0008589489229825498,0.00041667409872446373,1.7675921448564085,2.0614406453676675,0.2079911755549781,0.009109083867830377,1.701105003552046e-05,0.00041667409872446373,0.008910236536544203
Cora,Clustering Coefficient,4,250,0.0012529590167105198,0.0112117419072951,0.014874719803874198,0.0017080538489371861,6.564044754368521,8.708577784669842,0.19361989247825642,0.00676692462510566,1.5244002885018418e-05,0.000733611134694161,0.0017080538489371861
Cora,Degree,5,100,0.0009057499992195517,0.25589154640239026,0.26750695907508326,0.154581888927689,1.655378571043936,1.7305194090377485,0.154581888927689,0.008714706204929817,1.3927560685066893e-05,0.0009350933250364717,0.013500438225686714
Cora,Neighborhood Heterogeneity,5,100,0.0008199169824365526,0.00973871530011235,0.010536215976324525,0.002399625980862964,4.058430512829366,4.390774254134157,0.25699609917408395,0.002399625980862964,2.0047657629735864e-05,0.0007025698644332738,0.0108386252621134
Cora,PageRank,5,100,0.0008760829805396497,1.7684857438320454e-05,1.771831498264785e-05,1.228703215545455e-05,1.4393107476706377,1.4420337440707522,0.17774447029698906,0.010268699618094571,1.228703215545455e-05,0.0010666738322354073,0.009869875667737804
Cora,Eigenvector Centrality,5,100,0.0008913749770727009,0.0006472242515689817,0.0006557287421285052,0.0006126501227535339,1.0564337254354177,1.0703152056533607,0.2755405574052615,0.007865397657510419,2.194915294271128e-05,0.0006126501227535339,0.008364454942079198
Cora,Clustering Coefficient,5,100,0.000807875010650605,0.01375781370940748,0.0091739736485613,0.003083291669036489,4.462053930080094,2.975383010530468,0.23247738236999,0.012097567146326113,1.833190205705095e-05,0.0008575102929942993,0.003083291669036489
Cora,Degree,5,150,0.0009859589918050915,0.25589154640239026,0.26750695907508326,0.1525408665161369,1.6775278143271866,1.7536740493524363,0.1525408665161369,0.010998887019386254,1.3319433533397945e-05,0.0009479363348774455,0.012250990817282712
Cora,Neighborhood Heterogeneity,5,150,0.0009345420112367719,0.00973871530011235,0.010536215976324525,0.003047407518187664,3.19573776791891,3.45743584126568,0.25030983174186366,0.003047407518187664,1.999107726142367e-05,0.000869633316886778,0.012973071697958732
Cora,PageRank,5,150,0.0010147500142920762,1.7684857438320454e-05,1.771831498264785e-05,1.17304619850486e-05,1.5076011039344572,1.5104532971703282,0.17610778659273568,0.008675371536218075,1.17304619850486e-05,0.000871770792313265,0.017156953887723782
Cora,Eigenvector Centrality,5,150,0.0010012910061050206,0.0006472242515689817,0.0006557287421285052,0.0005081841882010694,1.2736017109467788,1.2903367663793939,0.23494923467679213,0.009828150790729084,1.7631890018070136e-05,0.0005081841882010694,0.009133311933817037
Cora,Clustering Coefficient,5,150,0.0009622499928809702,0.01375781370940748,0.0091739736485613,0.005453771450530613,2.5226238088999753,1.6821338649364812,0.25854688146861704,0.00880184695102645,1.9891900226178083e-05,0.0007311256349707099,0.005453771450530613
Cora,Degree,5,200,0.0011184999893885106,0.25589154640239026,0.26750695907508326,0.16269126229160466,1.5728659474270672,1.6442613776983854,0.16269126229160466,0.009307592849341045,1.4047838599859643e-05,0.000974677051396038,0.013929792318769629
Cora,Neighborhood Heterogeneity,5,200,0.0010766669875010848,0.00973871530011235,0.010536215976324525,0.002148842800961277,4.532074331242737,4.903204632563716,0.23031667004296427,0.002148842800961277,1.8002778021040952e-05,0.0005900754663526106,0.014347725840307007
Cora,PageRank,5,200,0.0011744999792426825,1.7684857438320454e-05,1.771831498264785e-05,1.0460196904055894e-05,1.6906811220220177,1.693879679815363,0.17355199145495243,0.010338443708199262,1.0460196904055894e-05,0.0009494858931082319,0.01018015532930261
Cora,Eigenvector Centrality,5,200,0.0011790419812314212,0.0006472242515689817,0.0006557287421285052,0.0005406873730029051,1.197039701471823,1.2127687363710304,0.26544327800311207,0.012567535552182586,2.081874854412428e-05,0.0005406873730029051,0.010550917166975836
Cora,Clustering Coefficient,5,200,0.0010959579958580434,0.01375781370940748,0.0091739736485613,0.005373037627983304,2.5605280777777257,1.7074091573046781,0.22362027925725764,0.009099949339736157,1.756098425833527e-05,0.0009150962196569579,0.005373037627983304
Cora,Degree,5,250,0.0013032919960096478,0.25589154640239026,0.26750695907508326,0.14637739351998616,1.7481630205927337,1.8275155243733605,0.14637739351998616,0.010049986320478311,1.3267690041874976e-05,0.0006517924142642798,0.008970799900348533
Cora,Neighborhood Heterogeneity,5,250,0.0012240420037414879,0.00973871530011235,0.010536215976324525,0.003441050018137702,2.8301580182734303,3.061918868016551,0.3046326512787715,0.003441050018137702,2.3230092685033954e-05,0.0006511530553787878,0.012429193837506878
Cora,PageRank,5,250,0.0013387080107349902,1.7684857438320454e-05,1.771831498264785e-05,1.0215831104470306e-05,1.7311227307371797,1.7343977990096724,0.17322580044236574,0.00685114644931404,1.0215831104470306e-05,0.0007917518239561779,0.012963578197189352
Cora,Eigenvector Centrality,5,250,0.0013017500168643892,0.0006472242515689817,0.0006557287421285052,0.0004075233732062214,1.5881892772846262,1.609057995789319,0.24957952971683223,0.017737441820366604,1.8684142992796717e-05,0.0004075233732062214,0.010753512318756573
Cora,Clustering Coefficient,5,250,0.0012459589925128967,0.01375781370940748,0.0091739736485613,0.0016842968649418988,8.1682831546932,5.446767633137977,0.2340249336141027,0.011373247063871692,1.6840901394345665e-05,0.0010827731960501472,0.0016842968649418988
Cora,Degree,6,100,0.0009258750069420785,0.24935932259854016,0.3067864541752459,0.14125261004041242,1.7653431149144667,2.1718993658770214,0.14125261004041242,0.007439546194397866,1.3492956957282385e-05,0.0011018208849772556,0.00974236075333624
Cora,Neighborhood Heterogeneity,6,100,0.0007813750125933439,0.007242704318780585,0.016098834070162753,0.0027052293846117686,2.677297666504534,5.951005176026181,0.2539007206310361,0.0027052293846117686,1.7866007013423237e-05,0.000771982769506605,0.01576378612315818
Cora,PageRank,6,100,0.0008790830033831298,1.7408434291532966e-05,2.2449133411090207e-05,1.3243672522145281e-05,1.314471817573533,1.6950836992950484,0.20359391642472255,0.01772815053751761,1.3243672522145281e-05,0.0007285172506129133,0.011980669905209674
Cora,Eigenvector Centrality,6,100,0.0008927919843699783,0.0007864906013803255,0.0010044466191262715,0.0006320008829301572,1.2444454155410427,1.589312050434704,0.26929779118763797,0.009100545831572866,1.9863382652260392e-05,0.0006320008829301572,0.007614032760033089
Cora,Clustering Coefficient,6,100,0.0008043330162763596,0.008919852570901072,0.008934585606170876,0.0030117677008734437,2.961666853759745,2.9665586770120926,0.24894260575420812,0.013847843017390388,1.8150071525501424e-05,0.0007691386499840514,0.0030117677008734437
Cora,Degree,6,150,0.0009915830160025507,0.24935932259854016,0.3067864541752459,0.16089958085709474,1.5497823006761726,1.9066951731075215,0.16089958085709474,0.007544917245543919,1.4340732664449587e-05,0.000943779668237142,0.009023023920593856
Cora,Neighborhood Heterogeneity,6,150,0.000942542013945058,0.007242704318780585,0.016098834070162753,0.00253171792956556,2.860786438409995,6.358857707708889,0.2948214674375139,0.00253171792956556,1.911456091178662e-05,0.0007458129127845469,0.01830289550324169
Cora,PageRank,6,150,0.0010264579905197024,1.7408434291532966e-05,2.2449133411090207e-05,1.130816122418538e-05,1.5394575604653211,1.9852151880428643,0.1807077948925141,0.011458304092836148,1.130816122418538e-05,0.0009498473082391811,0.01725242202317446
Cora,Eigenvector Centrality,6,150,0.0010200830001849681,0.0007864906013803255,0.0010044466191262715,0.00047960206893976,1.6398815858300893,2.094333373804595,0.24230535618794474,0.012936013523246224,1.781035265427333e-05,0.00047960206893976,0.013795349073391399
Cora,Clustering Coefficient,6,150,0.0009442919981665909,0.008919852570901072,0.008934585606170876,0.005919439498104916,1.5068745231295506,1.5093634471694906,0.2599489840613297,0.010628184302021466,1.8785720065492415e-05,0.0008399741683301212,0.005919439498104916
Cora,Degree,6,200,0.001111290999688208,0.24935932259854016,0.3067864541752459,0.17638631986349262,1.4137112378756027,1.7392871193903894,0.17638631986349262,0.009522437211626673,1.5316925703801876e-05,0.0007646948315246458,0.013929274072607592
Cora,Neighborhood Heterogeneity,6,200,0.0011067500163335353,0.007242704318780585,0.016098834070162753,0.002300832316471259,3.1478627394666368,6.996961036627483,0.2909462662613014,0.002300832316471259,2.0508595873011856e-05,0.0008154810794335869,0.010103111240878695
Cora,PageRank,6,200,0.0011891250032931566,1.7408434291532966e-05,2.2449133411090207e-05,1.2355504213988232e-05,1.4089618675233084,1.8169338152687056,0.18642562876044635,0.010365061100435,1.2355504213988232e-05,0.0008594586737171826,0.008213028619780635
Cora,Eigenvector Centrality,6,200,0.001186458015581593,0.0007864906013803255,0.0010044466191262715,0.0005543412615988603,1.4187841603417501,1.8119643777358259,0.2661494282536879,0.008539734753724455,2.0111240587378227e-05,0.0005543412615988603,0.014710070075926979
Cora,Clustering Coefficient,6,200,0.0011243329790886492,0.008919852570901072,0.008934585606170876,0.005124715595762622,1.7405556277652685,1.7434305258926857,0.2946579261127561,0.009059298393904356,2.1589306808797158e-05,0.0007738611427969935,0.005124715595762622
Cora,Degree,6,250,0.0012971660180483013,0.24935932259854016,0.3067864541752459,0.1425522862190381,1.7492481475561057,2.152097748217482,0.1425522862190381,0.0067501357509424775,1.355050097506431e-05,0.0007979984137091676,0.010848190245259836
Cora,Neighborhood Heterogeneity,6,250,0.0012048750068061054,0.007242704318780585,0.016098834070162753,0.0035253129533724475,2.054485492373646,4.566639694998426,0.26829821178839114,0.0035253129533724475,1.988682335443394e-05,0.0008077991868762185,0.01705826019212991
Cora,PageRank,6,250,0.001278833020478487,1.7408434291532966e-05,2.2449133411090207e-05,9.7067869360275e-06,1.7934291136977776,2.312725473325111,0.1674626542910938,0.012081748477244752,9.7067869360275e-06,0.0008442653495547113,0.01253372307732573
Cora,Eigenvector Centrality,6,250,0.0012636669853236526,0.0007864906013803255,0.0010044466191262715,0.0004146346808617266,1.8968278286461193,2.422485782035287,0.2756190395897561,0.007181327455732074,2.0381063515563777e-05,0.0004146346808617266,0.00673788641269928
Cora,Clustering Coefficient,6,250,0.0012779590033460408,0.008919852570901072,0.008934585606170876,0.0018228218479648486,4.893430798440311,4.901513341057546,0.24073967499299892,0.009965988915523595,1.8754557154824488e-05,0.0008039070310293754,0.0018228218479648486
Cora,Degree,7,100,0.0021953329851385206,0.2833432711390203,0.2114195971137009,0.1558021600524127,1.818609389264578,1.3569747495322155,0.1558021600524127,0.010191526458982279,1.445659761947216e-05,0.0009262317850377823,0.009621040302601951
Cora,Neighborhood Heterogeneity,7,100,0.0036446250160224736,0.012769200916858342,0.011704593339307779,0.00287226799740083,4.445685753701756,4.075035250853851,0.24453051220350125,0.00287226799740083,1.862838961314639e-05,0.000666309035534272,0.011676936132769553
Cora,PageRank,7,100,0.0013234999787528068,2.0725859951069656e-05,1.6884881676058242e-05,1.3031061648638437e-05,1.590496654064653,1.295741063263443,0.1895128123037654,0.01085891427078093,1.3031061648638437e-05,0.000858665853561726,0.013238761148314283
Cora,Eigenvector Centrality,7,100,0.0018804160063154995,0.0007709881002942494,0.0006784283281764664,0.0006001661196059613,1.284624498297973,1.1304009107043365,0.2565273409582411,0.010331313111791713,1.9795123941350522e-05,0.0006001661196059613,0.01607434268881994
Cora,Clustering Coefficient,7,100,0.0011103750148322433,0.007699052149613685,0.009507984864934756,0.0031693856201426202,2.4291938793068772,2.9999457322289813,0.25264484044922675,0.009430071564637243,1.7947235617189983e-05,0.0010261614789919965,0.0031693856201426202
Cora,Degree,7,150,0.001363874995149672,0.2833432711390203,0.2114195971137009,0.14783347087546458,1.9166381568468323,1.4301199576907822,0.14783347087546458,0.006961825371443464,1.3846418539356721e-05,0.0008753116963861844,0.012201230752561801
Cora,Neighborhood Heterogeneity,7,150,0.0018852080102078617,0.012769200916858342,0.011704593339307779,0.0024325897842296684,5.249220809706714,4.8115771163670695,0.23261805648196354,0.0024325897842296684,1.6745193442214676e-05,0.0008925032328598552,0.014957056718591783
Cora,PageRank,7,150,0.0012165829830337316,2.0725859951069656e-05,1.6884881676058242e-05,1.23757493263303e-05,1.674715558998427,1.3643522691700323,0.17842202872346136,0.011007819517562096,1.23757493263303e-05,0.0007787714270525317,0.011911021199010443
Cora,Eigenvector Centrality,7,150,0.0011847919959109277,0.0007709881002942494,0.0006784283281764664,0.000507284633634067,1.5198333424197639,1.3373721244350858,0.27699179271885516,0.011069944921682154,2.0420383390600155e-05,0.000507284633634067,0.010705013638114142
Cora,Clustering Coefficient,7,150,0.0015060000005178154,0.007699052149613685,0.009507984864934756,0.005813971432498028,1.3242328826348764,1.6353683493848128,0.2195720360374037,0.00740413069835814,1.785769412011228e-05,0.001073686425472733,0.005813971432498028
Cora,Degree,7,200,0.001376583008095622,0.2833432711390203,0.2114195971137009,0.19966766727136193,1.4190743799993293,1.0588574504973172,0.19966766727136193,0.004949159650100203,1.6251012904787994e-05,0.0009969384674214752,0.014909141935109652
Cora,Neighborhood Heterogeneity,7,200,0.0014494160132016987,0.012769200916858342,0.011704593339307779,0.002383285376571954,5.357814486834631,4.911117004436671,0.30646145402689173,0.002383285376571954,2.362419395865401e-05,0.0008736505804687274,0.015739132966053705
Cora,PageRank,7,200,0.0013992080057505518,2.0725859951069656e-05,1.6884881676058242e-05,1.3017420033904604e-05,1.5921634161829292,1.2970989360472824,0.20064007945058995,0.01199316673194181,1.3017420033904604e-05,0.0009400035667704897,0.010822732286459037
Cora,Eigenvector Centrality,7,200,0.0013282079889904708,0.0007709881002942494,0.0006784283281764664,0.0005527033689922045,1.3949401135369661,1.2274727570658885,0.25272964972965106,0.007841661447453463,1.907205777715082e-05,0.0005527033689922045,0.01398374961250622
Cora,Clustering Coefficient,7,200,0.0012333339836914092,0.007699052149613685,0.009507984864934756,0.0050381868280862645,1.5281394700756143,1.887183859862205,0.22874394844254842,0.009313494797352046,1.7222856782385896e-05,0.0008372304402921129,0.0050381868280862645
Cora,Degree,7,250,0.001407292002113536,0.2833432711390203,0.2114195971137009,0.12429339864158884,2.2796325004843263,1.7009720501999328,0.12429339864158884,0.012895451737868501,1.0918790011824872e-05,0.0008316717997588055,0.006642584446498441
Cora,Neighborhood Heterogeneity,7,250,0.0013703330187126994,0.012769200916858342,0.011704593339307779,0.003545024383144725,3.602006513007683,3.3016961448724516,0.3093111528455387,0.003545024383144725,2.3823123476600193e-05,0.0008415371682439476,0.011840575818857304
Cora,PageRank,7,250,0.0014357920153997838,2.0725859951069656e-05,1.6884881676058242e-05,9.784156995105768e-06,2.1183081957328715,1.7257369934379014,0.17108052199790552,0.011106573614988846,9.784156995105768e-06,0.000825876432752478,0.011705175918434665
Cora,Eigenvector Centrality,7,250,0.001411292003467679,0.0007709881002942494,0.0006784283281764664,0.00040557191322210674,1.9009898741977893,1.6727695041469328,0.24540515060064966,0.007842877583196451,1.881378452760773e-05,0.00040557191322210674,0.010560949563551388
Cora,Clustering Coefficient,7,250,0.001343499985523522,0.007699052149613685,0.009507984864934756,0.0016273515673691044,4.731031882717597,5.842612657021654,0.1830119620297253,0.008555155800274453,1.402114275063327e-05,0.0007323910322146628,0.0016273515673691044
Cora,Degree,8,100,0.001018915994791314,0.238400905290557,0.27429666948823445,0.15976863059488963,1.4921634140749935,1.7168368312784932,0.15976863059488963,0.016930218079674892,1.4240920340334522e-05,0.0008087175612651737,0.009711399350843867
Cora,Neighborhood Heterogeneity,8,100,0.0008757920004427433,0.010633640863312302,0.015330581742263682,0.0024677240029127292,4.309088395120805,6.212437745942631,0.26805643310148164,0.0024677240029127292,2.0198287696926285e-05,0.0008813093351151057,0.008367436446445472
Cora,PageRank,8,100,0.0009547910012770444,1.9084286570170062e-05,2.214144375284728e-05,1.2439646179866766e-05,1.5341502719793967,1.7799094469971832,0.19015110042051125,0.008961663670925702,1.2439646179866766e-05,0.0007860629247237159,0.00852567688581754
Cora,Eigenvector Centrality,8,100,0.0009374170040246099,0.0008317814571610252,0.0007151531334016575,0.0005872368287862385,1.4164327174101745,1.2178274562237685,0.3017911666023395,0.012405323010318797,2.1389209921979554e-05,0.0005872368287862385,0.007360395213041016
Cora,Clustering Coefficient,8,100,0.0008605830080341548,0.00924092562691111,0.0069270369545945815,0.0032150574467960475,2.8742645442059263,2.1545608653113466,0.2394429326524857,0.014500011170001678,1.8674301303489413e-05,0.0008102427762934829,0.0032150574467960475
Cora,Degree,8,150,0.0011754579900298268,0.238400905290557,0.27429666948823445,0.16540524792508599,1.441314034960557,1.6583311166309953,0.16540524792508599,0.010143619023822548,1.434961388039803e-05,0.0009123220418981355,0.00968353668613194
Cora,Neighborhood Heterogeneity,8,150,0.0010220409894827753,0.010633640863312302,0.015330581742263682,0.0026896687630306474,3.95351316469564,5.699802872748386,0.2560600839164334,0.0026896687630306474,2.033207094286081e-05,0.0006795742286216939,0.018279476095569548
Cora,PageRank,8,150,0.001077166001778096,1.9084286570170062e-05,2.214144375284728e-05,1.1400661213691563e-05,1.6739631335813128,1.9421192628947372,0.19950485839863388,0.011800101057690037,1.1400661213691563e-05,0.0006683316977854982,0.007376571659573815
Cora,Eigenvector Centrality,8,150,0.0010813330009113997,0.0008317814571610252,0.0007151531334016575,0.00052116652787179,1.5959993834555088,1.3722161634631864,0.2323482894630656,0.006952287443604455,1.7737099368437096e-05,0.00052116652787179,0.013057663688406412
Cora,Clustering Coefficient,8,150,0.0009970839892048389,0.00924092562691111,0.0069270369545945815,0.005900093412982714,1.56623378310878,1.1740554716222211,0.2376967045512254,0.009541266593742128,1.7621445005773766e-05,0.0008532834873162473,0.005900093412982714
Cora,Degree,8,200,0.001161584019428119,0.238400905290557,0.27429666948823445,0.19427209113854993,1.2271495297826156,1.4119200955767395,0.19427209113854993,0.013693544305422963,1.6038322015139263e-05,0.0009683753411327305,0.007976692029138513
Cora,Neighborhood Heterogeneity,8,200,0.0011157919943798333,0.010633640863312302,0.015330581742263682,0.002241319933413973,4.744365453938191,6.839979207659201,0.2355802033107473,0.002241319933413973,1.7873088489173606e-05,0.0006567585978337244,0.01459482959306784
Cora,PageRank,8,200,0.0012218339834362268,1.9084286570170062e-05,2.214144375284728e-05,1.0883047051127865e-05,1.753579349653943,2.0344893896744343,0.19147946010567923,0.012796286362280576,1.0883047051127865e-05,0.0009548622038509551,0.010654629292226955
Cora,Eigenvector Centrality,8,200,0.0011362499790266156,0.0008317814571610252,0.0007151531334016575,0.0005531128345018267,1.5038187604346362,1.2929606561123752,0.24172905648380674,0.02085543553225127,1.8095022844221586e-05,0.0005531128345018267,0.006762886811377243
Cora,Clustering Coefficient,8,200,0.0011233330005779862,0.00924092562691111,0.0069270369545945815,0.004948163777912469,1.8675464357426081,1.3999207110959773,0.20710016227086606,0.016859291103210793,1.6836590457387485e-05,0.0011444181011516733,0.004948163777912469
Cora,Degree,8,250,0.0012774580100085586,0.238400905290557,0.27429666948823445,0.14286781688098676,1.6686816561993958,1.9199332325259222,0.14286781688098676,0.008302639793299496,1.2923164855301929e-05,0.000841676020139296,0.013499567429804168
Cora,Neighborhood Heterogeneity,8,250,0.0012634589802473783,0.010633640863312302,0.015330581742263682,0.003457367278803894,3.075646873996882,4.434177946974563,0.28780938277496587,0.003457367278803894,2.2572023083724795e-05,0.0009025909998104915,0.00792341334172712
Cora,PageRank,8,250,0.0013363329926505685,1.9084286570170062e-05,2.214144375284728e-05,1.0071234820412032e-05,1.89493015608083,2.198483517430431,0.17206182233641334,0.011252032974956893,1.0071234820412032e-05,0.0007754746001307067,0.009267615888759644
Cora,Eigenvector Centrality,8,250,0.00133816699963063,0.0008317814571610252,0.0007151531334016575,0.0004182449405729201,1.9887424245267251,1.709890698072825,0.24389253338905617,0.0125444896096561,1.8485263807660145e-05,0.0004182449405729201,0.014421584962358746
Cora,Clustering Coefficient,8,250,0.0012667500122915953,0.00924092562691111,0.0069270369545945815,0.0016983451837796425,5.441135120921393,4.078697911798214,0.2373101431699879,0.007350512634454747,1.7609495354222363e-05,0.0007408386516949926,0.0016983451837796425
Cora,Degree,9,100,0.001000832999125123,0.2816809898987388,0.24863324904828593,0.1681573089740653,1.6751040535632151,1.4785753326168674,0.1681573089740653,0.008039820233456665,1.5663848262309985e-05,0.0006944382698182072,0.013179459422219953
Cora,Neighborhood Heterogeneity,9,100,0.0008586250187363476,0.006780189195165952,0.008407966502689124,0.0028468205807848108,2.3816707104515844,2.9534585212149964,0.33160890785387637,0.0028468205807848108,2.6344532755018887e-05,0.0007093415238470816,0.010824881756138474
Cora,PageRank,9,100,0.0009494580153841525,1.9875081629175985e-05,1.8820805444105386e-05,1.1968640000152625e-05,1.6605964945827207,1.572509946315152,0.19017636749675199,0.00911056083925763,1.1968640000152625e-05,0.001004459353572844,0.010500302886817766
Cora,Eigenvector Centrality,9,100,0.000975500006461516,0.0007425106476293614,0.0006163022663068185,0.000592005315971643,1.2542296962497674,1.0410417772943432,0.2204892372521617,0.012173961847908445,1.6150918164717687e-05,0.000592005315971643,0.010693991329487137
Cora,Clustering Coefficient,9,100,0.0008779579948168248,0.01060239184866423,0.009324180811772543,0.0032320524315563918,3.2803898059161924,2.8849101334913967,0.22561747040951569,0.010464831729067214,1.8249332728972488e-05,0.0009239616632948077,0.0032320524315563918
Cora,Degree,9,150,0.0010400839964859188,0.2816809898987388,0.24863324904828593,0.16900474287372144,1.6667046445507618,1.4711613699152932,0.16900474287372144,0.015911991454041548,1.4706067139789938e-05,0.0008051875700367521,0.009927412211081763
Cora,Neighborhood Heterogeneity,9,150,0.0009934580011758953,0.006780189195165952,0.008407966502689124,0.002816756058156727,2.407091368644425,2.984982131605412,0.26339855706144144,0.002816756058156727,2.113782889184849e-05,0.0008916274511690797,0.018492687045266444
Cora,PageRank,9,150,0.0010410830145701766,1.9875081629175985e-05,1.8820805444105386e-05,1.0866561155888284e-05,1.8290130008982866,1.7319927780378725,0.1724508853385433,0.006605835319596143,1.0866561155888284e-05,0.0008282230130618106,0.007899792135338656
Cora,Eigenvector Centrality,9,150,0.0010866250086110085,0.0007425106476293614,0.0006163022663068185,0.0005185420357071418,1.43191987630625,1.188529036930169,0.2983632749882718,0.011033966218817037,2.3184581613393426e-05,0.0005185420357071418,0.012946329688175995
Cora,Clustering Coefficient,9,150,0.0010172089969273657,0.01060239184866423,0.009324180811772543,0.005613293703685436,1.888800481204676,1.6610890689098816,0.2988843214129654,0.007170767926845839,2.1479907273307808e-05,0.0011754949059078579,0.005613293703685436
Cora,Degree,9,200,0.0012117079750169069,0.2816809898987388,0.24863324904828593,0.17354722699051858,1.6230797505864378,1.4326546920964027,0.17354722699051858,0.012163408375102639,1.539693952414519e-05,0.0009509394711775827,0.008911089198890398
Cora,Neighborhood Heterogeneity,9,200,0.0010806249920278788,0.006780189195165952,0.008407966502689124,0.0023551979376617176,2.87881926471855,3.569961729431838,0.24052063254395795,0.0023551979376617176,1.684832599416159e-05,0.0008720188077010322,0.01332512771347038
Cora,PageRank,9,200,0.0012218749907333404,1.9875081629175985e-05,1.8820805444105386e-05,9.977210843498569e-06,1.9920478719889083,1.886379444047687,0.17262794730459846,0.011814132883377692,9.977210843498569e-06,0.0007574270143683631,0.01649707903529199
Cora,Eigenvector Centrality,9,200,0.0011816660116892308,0.0007425106476293614,0.0006163022663068185,0.0005595539149541931,1.3269689082421052,1.1014171286019347,0.25393375250478084,0.008958154715705727,2.0123504098471923e-05,0.0005595539149541931,0.012280252906784724
Cora,Clustering Coefficient,9,200,0.0011385839898139238,0.01060239184866423,0.009324180811772543,0.005227960698662144,2.0280167468315944,1.783521596510593,0.19018513475611032,0.012354744809538337,1.444315954825493e-05,0.000811040417354193,0.005227960698662144
Cora,Degree,9,250,0.0012736250064335763,0.2816809898987388,0.24863324904828593,0.13224272166600032,2.1300301925891105,1.880128039683334,0.13224272166600032,0.010799994821221973,1.2116787313701014e-05,0.0007732140050481155,0.009987889473134235
Cora,Neighborhood Heterogeneity,9,250,0.001262917008716613,0.006780189195165952,0.008407966502689124,0.0034470169028595387,1.9669730048440774,2.4392008335422246,0.25819634524169566,0.0034470169028595387,1.867100344687675e-05,0.0008864256900018785,0.006348707340398394
Cora,PageRank,9,250,0.0013122079835738987,1.9875081629175985e-05,1.8820805444105386e-05,1.0708048046626224e-05,1.856088200448261,1.7576317702492232,0.17381861910587088,0.01171002875939103,1.0708048046626224e-05,0.0007497659045828938,0.018682583330159316
Cora,Eigenvector Centrality,9,250,0.0012910000223200768,0.0007425106476293614,0.0006163022663068185,0.0004071088648745051,1.8238626364921993,1.513851255724434,0.2741916205533349,0.015819403452441295,1.985253354437596e-05,0.0004071088648745051,0.00973321414516794
Cora,Clustering Coefficient,9,250,0.001252792018931359,0.01060239184866423,0.009324180811772543,0.0015987938641335623,6.631493957108727,5.832009379661721,0.23332472357970638,0.008091962932120231,1.7706607121389095e-05,0.0010338466378003507,0.0015987938641335623
Cora,Degree,10,100,0.0009470410004723817,0.2847329563022215,0.28529517922541725,0.1890236421510604,1.5063351497304973,1.509309502127889,0.1890236421510604,0.010389739385052079,1.752997217510086e-05,0.0008810974257073542,0.007176702800696372
Cora,Neighborhood Heterogeneity,10,100,0.0007914169982541353,0.010333561781212317,0.008451411873895778,0.0021243116404138737,4.864428356283478,3.9784237458912632,0.2890499529966266,0.0021243116404138737,2.1376000115834066e-05,0.0006533679285949841,0.009915922643834115
Cora,PageRank,10,100,0.0008674999990034848,2.27284530016776e-05,1.9763915404712027e-05,1.1985673141077475e-05,1.8963017541152787,1.6489616538078988,0.18953125659439715,0.011439632756740275,1.1985673141077475e-05,0.0010363941985950232,0.009256579347570883
Cora,Eigenvector Centrality,10,100,0.0008849169826135039,0.0007347129533300764,0.0007038743524150349,0.0006420491488902693,1.1443250950491395,1.0962935682285782,0.30132163764949094,0.01275652768277761,2.2579104316783285e-05,0.0006420491488902693,0.009718181451899791
Cora,Clustering Coefficient,10,100,0.0008097079989966005,0.007183150628266697,0.01552911907811107,0.003124041138743152,2.2993137123528995,4.970843336704159,0.25925686626172306,0.012881492714749612,2.0448833170526614e-05,0.0008999434998556418,0.003124041138743152
Cora,Degree,10,150,0.000995083013549447,0.2847329563022215,0.28529517922541725,0.18400260793221954,1.5474397863268747,1.5504953023845756,0.18400260793221954,0.01095821136353219,1.6800187443084598e-05,0.0007722947259714183,0.010507784611232081
Cora,Neighborhood Heterogeneity,10,150,0.0009348329913336784,0.010333561781212317,0.008451411873895778,0.0027602369688543593,3.743722694034229,3.061842866847606,0.2622178383462642,0.0027602369688543593,2.020739396263215e-05,0.0008781864743498718,0.010790193554340934
Cora,PageRank,10,150,0.0010284589952789247,2.27284530016776e-05,1.9763915404712027e-05,1.2835088262510161e-05,1.7708061321295963,1.5398347873025684,0.19417658221501272,0.013273588076099348,1.2835088262510161e-05,0.001095822811111406,0.011144266612579942
Cora,Eigenvector Centrality,10,150,0.0010500829957891256,0.0007347129533300764,0.0007038743524150349,0.0005234472687150831,1.4036045218720725,1.3446900852933095,0.27533945549717487,0.009056230988247805,2.0802639524211936e-05,0.0005234472687150831,0.012615944535266769
Cora,Clustering Coefficient,10,150,0.000926582986721769,0.007183150628266697,0.01552911907811107,0.005589255674770971,1.2851712367874526,2.778387674803837,0.23201550033722346,0.010793082926012682,1.7280969587148997e-05,0.0006535170209588119,0.005589255674770971
Cora,Degree,10,200,0.0011396249756217003,0.2847329563022215,0.28529517922541725,0.161347940233565,1.76471392129361,1.7681984586380712,0.161347940233565,0.00813656859830106,1.2943551364750754e-05,0.0008017375687602117,0.012203510612799248
Cora,Neighborhood Heterogeneity,10,200,0.0011051670007873327,0.010333561781212317,0.008451411873895778,0.002249400289598961,4.593918578651316,3.7571844873384252,0.3508874643676439,0.002249400289598961,2.5545562302847304e-05,0.0010031654534633787,0.012305274556147466
Cora,PageRank,10,200,0.0012084160116501153,2.27284530016776e-05,1.9763915404712027e-05,1.0382258762479617e-05,2.1891626400042945,1.9036238507305099,0.16337551051377255,0.010747391709037497,1.0382258762479617e-05,0.0006784981987456324,0.008294394725548555
Cora,Eigenvector Centrality,10,200,0.0011663750046864152,0.0007347129533300764,0.0007038743524150349,0.000534501678601495,1.3745755771103043,1.3168795919531957,0.2620981645507783,0.01851255687837357,1.9755005134304226e-05,0.000534501678601495,0.014098639596143136
Cora,Clustering Coefficient,10,200,0.001100791007047519,0.007183150628266697,0.01552911907811107,0.005139819564116299,1.3975491821572752,3.0213354543664854,0.21073964688376795,0.008969185678267284,1.5862832714555667e-05,0.000863347705840146,0.005139819564116299
Cora,Degree,10,250,0.0012721249950118363,0.2847329563022215,0.28529517922541725,0.13875871667029568,2.052000502273129,2.056052304831462,0.13875871667029568,0.006782483131966248,1.1956727194342905e-05,0.0010110961882208798,0.01275830306286726
Cora,Neighborhood Heterogeneity,10,250,0.0012471249792724848,0.010333561781212317,0.008451411873895778,0.003638589459332239,2.8399911275257614,2.3227165274773256,0.3162694451027034,0.003638589459332239,2.3153277666601378e-05,0.0007280998636623613,0.014888751732051253
Cora,PageRank,10,250,0.00132508302340284,2.27284530016776e-05,1.9763915404712027e-05,1.0337168360821794e-05,2.198711698246028,1.9119273977985995,0.18152586723856495,0.012381938620060434,1.0337168360821794e-05,0.0008290043846134087,0.012086956334817973
Cora,Eigenvector Centrality,10,250,0.0013053749862592667,0.0007347129533300764,0.0007038743524150349,0.00041753105598841243,1.7596606115700928,1.6858011932759542,0.1882521132525578,0.009353418067039838,1.4757721647037112e-05,0.00041753105598841243,0.007237298541048579
Cora,Clustering Coefficient,10,250,0.0012470830115489662,0.007183150628266697,0.01552911907811107,0.0016169726835302454,4.442345069543245,9.603822770961857,0.22531030098468757,0.00740446811236325,1.754472983967502e-05,0.0008800691985367592,0.0016169726835302454
Cora,Degree,11,100,0.0009507079957984388,0.27148373432092904,0.24604484518648984,0.15246680020129974,1.7806088536159541,1.6137601422843553,0.15246680020129974,0.011562444176390333,1.3732881393738161e-05,0.001054089060424182,0.008994113552848551
Cora,Neighborhood Heterogeneity,11,100,0.0008322500216308981,0.007048145374629387,0.009419484381069978,0.0023344569060451113,3.0191799027765764,4.034978909517704,0.2604526259347223,0.0023344569060451113,1.921747751926459e-05,0.0008364486818633725,0.011262989618336041
Cora,PageRank,11,100,0.0008919170068111271,2.139389741232361e-05,1.709484154415488e-05,1.2681551019239013e-05,1.6870095290289975,1.348008734753385,0.20149072626567827,0.009911185049696743,1.2681551019239013e-05,0.0010268375497979308,0.011299166193068007
Cora,Eigenvector Centrality,11,100,0.0008742909994907677,0.0006477400997804084,0.0006472269876281475,0.0005729020800084513,1.1306296876612023,1.1297340509194866,0.22049017724905656,0.010366217079646068,1.581880373552106e-05,0.0005729020800084513,0.009206838616651775
Cora,Clustering Coefficient,11,100,0.0008217919967137277,0.013726354580824232,0.012100960820763165,0.003320617301451239,4.133675559307988,3.6441901376212713,0.2334440558329117,0.008467252865722183,1.6566211683088674e-05,0.0008039464258608681,0.003320617301451239
Cora,Degree,11,150,0.0009789169998839498,0.27148373432092904,0.24604484518648984,0.15916633942248018,1.7056604763669365,1.545834666294645,0.15916633942248018,0.0122372240435436,1.3896126969394925e-05,0.0008223730550651492,0.007930608950202166
Cora,Neighborhood Heterogeneity,11,150,0.000937790988245979,0.007048145374629387,0.009419484381069978,0.002685540266184905,2.624479499852008,3.5074820883067064,0.25789710282176553,0.002685540266184905,1.873321746253974e-05,0.0006298301356042132,0.008556218758440533
Cora,PageRank,11,150,0.0010271250212099403,2.139389741232361e-05,1.709484154415488e-05,1.1211359068553255e-05,1.908234075949932,1.5247787034226927,0.1856061640502924,0.008526151977521247,1.1211359068553255e-05,0.0009860445948539974,0.011987009626741003
Cora,Eigenvector Centrality,11,150,0.0010426670196466148,0.0006477400997804084,0.0006472269876281475,0.0005409654183385541,1.1973780168236763,1.1964295048950642,0.2717360947735273,0.008414065908863472,2.085082626389646e-05,0.0005409654183385541,0.016285507522022635
Cora,Clustering Coefficient,11,150,0.0009436669934075326,0.013726354580824232,0.012100960820763165,0.005463548606458417,2.512351508065366,2.2148536953544653,0.26017649353492034,0.007291662575374273,1.9247789345851093e-05,0.0011598967745648382,0.005463548606458417
Cora,Degree,11,200,0.001103583024814725,0.27148373432092904,0.24604484518648984,0.18680164464597104,1.4533262532856637,1.3171449622555373,0.18680164464597104,0.00868438652464169,1.6424123841519597e-05,0.0007839243900500404,0.010048164113586925
Cora,Neighborhood Heterogeneity,11,200,0.0010989169823005795,0.007048145374629387,0.009419484381069978,0.0023675702153208504,2.9769530504396173,3.9785448896574587,0.31052133285675837,0.0023675702153208504,2.2385511759189377e-05,0.0005981504428662586,0.01470252383863806
Cora,PageRank,11,200,0.0011937079834751785,2.139389741232361e-05,1.709484154415488e-05,1.2108831674672886e-05,1.7668011239326735,1.4117663870008903,0.19524445294281095,0.010850730007012404,1.2108831674672886e-05,0.000765626052642726,0.014734524163306567
Cora,Eigenvector Centrality,11,200,0.0012016670079901814,0.0006477400997804084,0.0006472269876281475,0.0005409296350049895,1.197457225234912,1.1965086505607658,0.2471626385146612,0.00892201822153875,1.7642661898558313e-05,0.0005409296350049895,0.010744391148403042
Cora,Clustering Coefficient,11,200,0.0011399170034565032,0.013726354580824232,0.012100960820763165,0.005295820663684824,2.59192209338778,2.285002002379615,0.23420237540741473,0.01805014100276066,1.598955410036072e-05,0.0007407284956442909,0.005295820663684824
Cora,Degree,11,250,0.0012707500136457384,0.27148373432092904,0.24604484518648984,0.14698768423724934,1.846982866147708,1.673914698794456,0.14698768423724934,0.016089410721064724,1.418727428973295e-05,0.0007693937268037211,0.011570046015279627
Cora,Neighborhood Heterogeneity,11,250,0.0012074169935658574,0.007048145374629387,0.009419484381069978,0.003536373607667331,1.993043200907298,2.6635998981123703,0.20812094751646565,0.003536373607667331,1.799255646448906e-05,0.0008940461326633703,0.009326036779795236
Cora,PageRank,11,250,0.0013221249973867089,2.139389741232361e-05,1.709484154415488e-05,1.0143043790607312e-05,2.1092186777439377,1.6853758987006533,0.16653966499255976,0.009806837389472722,1.0143043790607312e-05,0.0006694503809123937,0.007453904145337917
Cora,Eigenvector Centrality,11,250,0.0013202079862821847,0.0006477400997804084,0.0006472269876281475,0.0004072003959185295,1.590715790733182,1.5894556933526196,0.2991494468823509,0.014539040777493179,2.1789795511705308e-05,0.0004072003959185295,0.013222286895379149
Cora,Clustering Coefficient,11,250,0.0012586670054588467,0.013726354580824232,0.012100960820763165,0.0015656023847194704,8.767458912170579,7.7292682604922405,0.23821525237752744,0.010250966483591653,1.8306836225299272e-05,0.0009381104377121238,0.0015656023847194704
Cora,Degree,12,100,0.0009912500099744648,0.298396846881667,0.3074145383385578,0.16079345591289035,1.8557773087688538,1.9118597619115747,0.16079345591289035,0.009014934407440497,1.4665717076373916e-05,0.0009168655839318824,0.012475179544658224
Cora,Neighborhood Heterogeneity,12,100,0.00090637500397861,0.011414328363112843,0.017162936639706895,0.002615633364202016,4.363886972589966,6.561675223523924,0.28640136414605993,0.002615633364202016,2.0229105879374494e-05,0.0008509780961125018,0.017510353349958367
Cora,PageRank,12,100,0.0009850409987848252,2.196892386700498e-05,2.2777877049041755e-05,1.3100223405923355e-05,1.6769884899116745,1.7387395881159236,0.20057420813548038,0.00844397911650618,1.3100223405923355e-05,0.0006955782430281608,0.005251972605304051
Cora,Eigenvector Centrality,12,100,0.0009476669947616756,0.0009390241550082992,0.0009775675399556684,0.0005844904406747314,1.6065688840424774,1.6725124517471521,0.2407698203810998,0.010702511424931335,1.751330516406979e-05,0.0005844904406747314,0.007149205969826799
Cora,Clustering Coefficient,12,100,0.0008559160050936043,0.012263719309257197,0.01687718196201249,0.003385400865722271,3.6225309189908144,4.985283170715963,0.25416144232075666,0.009122730417352495,1.9668376948964134e-05,0.000768888825240899,0.003385400865722271
Cora,Degree,12,150,0.0010034580191131681,0.298396846881667,0.3074145383385578,0.16894254187874874,1.7662623254232113,1.8196395941478813,0.16894254187874874,0.00839458653639381,1.5098274975087235e-05,0.0007681226831924438,0.013317398808413516
Cora,Neighborhood Heterogeneity,12,150,0.0009652089793235064,0.011414328363112843,0.017162936639706895,0.0027588873324608542,4.137294128981906,6.22096322592413,0.24680335417087007,0.0027588873324608542,1.6524460241686707e-05,0.0008522248726377838,0.008711899340848234
Cora,PageRank,12,150,0.0010656249942258,2.196892386700498e-05,2.2777877049041755e-05,1.4844082870024022e-05,1.4799785247338375,1.534475201229114,0.23069955102907008,0.011405626544623296,1.4844082870024022e-05,0.0006953685583106098,0.012841829651260489
Cora,Eigenvector Centrality,12,150,0.0010639159881975502,0.0009390241550082992,0.0009775675399556684,0.0005110665600167036,1.8373813285252087,1.9127988728585916,0.27772709697816894,0.0056671218342466256,2.1156757950118323e-05,0.0005110665600167036,0.009680479125889273
Cora,Clustering Coefficient,12,150,0.0009865839965641499,0.012263719309257197,0.01687718196201249,0.005609303035698609,2.186317842200482,3.008784131397979,0.2538772559711376,0.012695295351498067,1.9526597057413945e-05,0.0008395291142848391,0.005609303035698609
Cora,Degree,12,200,0.0011507089948281646,0.298396846881667,0.3074145383385578,0.18951399410050512,1.574537269914843,1.622120518316586,0.18951399410050512,0.012279045318791783,1.558904420138279e-05,0.000835908813483733,0.007139309807825842
Cora,Neighborhood Heterogeneity,12,200,0.0011087500024586916,0.011414328363112843,0.017162936639706895,0.0022988039368780715,4.965333571950577,7.466028905020627,0.2224525754187047,0.0022988039368780715,1.698641564673769e-05,0.0007586395227697883,0.01371272807325774
Cora,PageRank,12,200,0.0012075410049874336,2.196892386700498e-05,2.2777877049041755e-05,1.2358769760450574e-05,1.777597956174243,1.8430537578209016,0.17569750766925943,0.013309632963209741,1.2358769760450574e-05,0.0007558431295931076,0.010631629353310353
Cora,Eigenvector Centrality,12,200,0.0011979580158367753,0.0009390241550082992,0.0009775675399556684,0.0005401649857223083,1.7384024878114537,1.8097573256224033,0.24012340275208643,0.013046572824880323,1.667307922129021e-05,0.0005401649857223083,0.010212886448706666
Cora,Clustering Coefficient,12,200,0.0011419589864090085,0.012263719309257197,0.01687718196201249,0.005111827764866987,2.3990869554612835,3.301594407778652,0.22344454920534554,0.013966256767596155,1.4926844920822596e-05,0.0009725208206426209,0.005111827764866987
Cora,Degree,12,250,0.0013129999861121178,0.298396846881667,0.3074145383385578,0.12885324197221634,2.3157884296462488,2.3857726327510123,0.12885324197221634,0.00824133903321077,1.2896253061864082e-05,0.0007185017052958322,0.009326947366743625
Cora,Neighborhood Heterogeneity,12,250,0.001264249993255362,0.011414328363112843,0.017162936639706895,0.0036065491454188164,3.1648891787906956,4.758825111674396,0.24149263467095064,0.0036065491454188164,1.6652696315288573e-05,0.0008297707747094438,0.01386748389690556
Cora,PageRank,12,250,0.0013637919910252094,2.196892386700498e-05,2.2777877049041755e-05,8.914261919089464e-06,2.464469191774541,2.5552173871247854,0.1551465278343289,0.008653045725795633,8.914261919089464e-06,0.001108806192480133,0.012262109061041996
Cora,Eigenvector Centrality,12,250,0.0013538330094888806,0.0009390241550082992,0.0009775675399556684,0.00040894182612922423,2.2962291822689975,2.390480693082151,0.23639279586782388,0.012533781889407014,1.7081925683432997e-05,0.00040894182612922423,0.010747548077515639
Cora,Clustering Coefficient,12,250,0.0012819579860661179,0.012263719309257197,0.01687718196201249,0.0016763426640739546,7.315759225177223,10.067859229327546,0.2614406533464028,0.008190184162909021,1.9007889604999206e-05,0.0009255028170042003,0.0016763426640739546
Cora,Degree,13,100,0.0009489580115769058,0.24142829576235347,0.2592699526708017,0.14974764508864385,1.6122343401089132,1.7313791647095724,0.14974764508864385,0.008022922146313526,1.4282934674070662e-05,0.0008137989937655398,0.012788066025066857
Cora,Neighborhood Heterogeneity,13,100,0.0008224589983001351,0.00986468230241527,0.008579644380009044,0.002602313712933658,3.790735242022204,3.2969293200000016,0.2351028642229272,0.002602313712933658,1.7789313813761278e-05,0.0007029723244258315,0.009397989046980727
Cora,PageRank,13,100,0.0009155000152532011,1.8440235327897376e-05,1.8423307672667823e-05,1.3251731597737622e-05,1.3915340189236516,1.3902566269764405,0.2127220338405526,0.014116645149025855,1.3251731597737622e-05,0.0006883251696470374,0.010788127575468697
Cora,Eigenvector Centrality,13,100,0.0009045000188052654,0.0008144125455340137,0.000827666015692084,0.0006348742797170194,1.2827934152522595,1.3036691548773989,0.27504951229626107,0.00882204123080351,2.1996989995651095e-05,0.0006348742797170194,0.015992352950461766
Cora,Clustering Coefficient,13,100,0.0008412500028498471,0.010951126212500056,0.009949250509471997,0.003315446653212159,3.303062108355776,3.000877875634856,0.23552554747842094,0.011547963384828712,1.8028173193919283e-05,0.0007684891248234576,0.003315446653212159
Cora,Degree,13,150,0.000996874994598329,0.24142829576235347,0.2592699526708017,0.17952811591666712,1.344793791934067,1.4441746427682054,0.17952811591666712,0.00932316744374434,1.4501483279588434e-05,0.0007770909191387115,0.01335484648810024
Cora,Neighborhood Heterogeneity,13,150,0.0009629580017644912,0.00986468230241527,0.008579644380009044,0.0025091648075342343,3.9314604894802945,3.419322777940718,0.2646682480443628,0.0025091648075342343,2.118648521230816e-05,0.0007983126836096106,0.00936131208391159
Cora,PageRank,13,150,0.0010592920007184148,1.8440235327897376e-05,1.8423307672667823e-05,1.3491622245131648e-05,1.3667915535176949,1.3655368745086038,0.22278339790581278,0.0130172013146202,1.3491622245131648e-05,0.0011581939010055183,0.011014845366583797
Cora,Eigenvector Centrality,13,150,0.001051125000230968,0.0008144125455340137,0.000827666015692084,0.0005115854394432126,1.5919384774132452,1.6178451376428538,0.3017226324664403,0.0074121118949309495,2.2383534441916933e-05,0.0005115854394432126,0.01077905483528052
Cora,Clustering Coefficient,13,150,0.0009904170001391321,0.010951126212500056,0.009949250509471997,0.005773078242247596,1.8969301563175287,1.7233874359545347,0.23362014757709196,0.01003433292460204,1.6349622507694175e-05,0.0007871463273629786,0.005773078242247596
Cora,Degree,13,200,0.0011492909980006516,0.24142829576235347,0.2592699526708017,0.16698831755134105,1.445779556932931,1.552623300076596,0.16698831755134105,0.012792083545377569,1.3347455797583375e-05,0.0009348582935222593,0.006622071514902003
Cora,Neighborhood Heterogeneity,13,200,0.0011120830022264272,0.00986468230241527,0.008579644380009044,0.0022115656742512186,4.46049711173746,3.879443635746381,0.2564288014766535,0.0022115656742512186,1.8264584143328804e-05,0.0006403709771539477,0.00794624076450114
Cora,PageRank,13,200,0.0012097499857190996,1.8440235327897376e-05,1.8423307672667823e-05,1.0464119530100461e-05,1.762234775210021,1.7606170896340048,0.17136325251096135,0.01663082989063546,1.0464119530100461e-05,0.0006177918046479892,0.00827839979241129
Cora,Eigenvector Centrality,13,200,0.0011997090186923742,0.0008144125455340137,0.000827666015692084,0.0005636688095332415,1.4448423112295432,1.4683551789524265,0.24394799320586688,0.015544592247670085,1.8193391910539096e-05,0.0005636688095332415,0.01089148454994975
Cora,Clustering Coefficient,13,200,0.001126875024056062,0.010951126212500056,0.009949250509471997,0.0051198001483881385,2.138975330110842,1.9432888435311895,0.220838948337115,0.009021571475398754,1.806982851382965e-05,0.0006758574031421893,0.0051198001483881385
Cora,Degree,13,250,0.0012909169890917838,0.24142829576235347,0.2592699526708017,0.14043086838172442,1.7191967730776547,1.8462461683712192,0.14043086838172442,0.006310094813436954,1.3804989665042119e-05,0.0006210597494671193,0.009817040589522019
Cora,Neighborhood Heterogeneity,13,250,0.001244082988705486,0.00986468230241527,0.008579644380009044,0.00362741379326683,2.719480838035626,2.3652235088079823,0.2755416757295421,0.00362741379326683,1.951175908348207e-05,0.0007971937681985552,0.017456324266804296
Cora,PageRank,13,250,0.0013481249916367233,1.8440235327897376e-05,1.8423307672667823e-05,1.0410586816867473e-05,1.7712964362412387,1.769670432296665,0.19092338494352795,0.011512454805940238,1.0410586816867473e-05,0.000808267446719662,0.009726176350713881
Cora,Eigenvector Centrality,13,250,0.0013419589959084988,0.0008144125455340137,0.000827666015692084,0.00041164274998848667,1.9784450122267239,2.0106415471066432,0.2824217497670422,0.008000472446998547,2.133224363194709e-05,0.00041164274998848667,0.014104346248056291
Cora,Clustering Coefficient,13,250,0.0012809170002583414,0.010951126212500056,0.009949250509471997,0.0017284818300507155,6.335690674965752,5.756063116486493,0.22058040183849478,0.014659784883130796,1.559887356007006e-05,0.001129875246019332,0.0017284818300507155
Cora,Degree,14,100,0.0009692920139059424,0.3503461188460132,0.2295697684586136,0.1616403205754103,2.1674426133210103,1.42025063821568,0.1616403205754103,0.008957942784970212,1.4426299597331438e-05,0.0009795544780105921,0.011323295180517622
Cora,Neighborhood Heterogeneity,14,100,0.0008228750084526837,0.015521927828171491,0.011980955488645932,0.002495244231704694,6.22060463298507,4.80151615477769,0.3068422142268622,0.002495244231704694,2.2651950546276334e-05,0.0008370139990812222,0.011763927519372875
Cora,PageRank,14,100,0.0009211249998770654,2.40534439957878e-05,1.764970737045806e-05,1.2050072987434088e-05,1.9961243405638225,1.4646971341056036,0.20115090781686074,0.0072996756377588234,1.2050072987434088e-05,0.0008727589852494701,0.00795840755642438
Cora,Eigenvector Centrality,14,100,0.0008803329837974161,0.0008990572416929038,0.0008232701027149905,0.0005973418798059373,1.505096615668379,1.3782226402448996,0.23091125485283265,0.011962752999950402,1.70493462249636e-05,0.0005973418798059373,0.009890027921602871
Cora,Clustering Coefficient,14,100,0.0008462909900117666,0.012789612269641277,0.014365672123839029,0.0033425734834252145,3.826277068570369,4.297787975365072,0.22973871098739468,0.010973701651336005,1.7246593612778928e-05,0.0008300322115168558,0.0033425734834252145
Cora,Degree,14,150,0.0009889579960145056,0.3503461188460132,0.2295697684586136,0.15091381249068675,2.321498032975834,1.5211978590281847,0.15091381249068675,0.012214963563547381,1.2960419692531147e-05,0.000661790375427541,0.014741605803871178
Cora,Neighborhood Heterogeneity,14,150,0.0009614579903427511,0.015521927828171491,0.011980955488645932,0.0024326789219781047,6.380590421505365,4.925004849757878,0.29137016153851586,0.0024326789219781047,2.344130655487344e-05,0.0006696490351245138,0.011230849184291404
Cora,PageRank,14,150,0.0010485409875400364,2.40534439957878e-05,1.764970737045806e-05,1.4697552313721414e-05,1.636561209809872,1.2008603197132734,0.2191832642025889,0.009879494119830752,1.4697552313721414e-05,0.0008929822615900724,0.010081058336739425
Cora,Eigenvector Centrality,14,150,0.000985999999102205,0.0008990572416929038,0.0008232701027149905,0.0005236563720015608,1.7168839906529851,1.5721571372620224,0.21307205725030384,0.01102243512362026,1.7028937186078085e-05,0.0005236563720015608,0.007536068163460046
Cora,Clustering Coefficient,14,150,0.0009621659992262721,0.012789612269641277,0.014365672123839029,0.005654599302245494,2.261806997458229,2.5405287547314424,0.2545558632044355,0.009803943201305532,1.9660331820014775e-05,0.0010775881779676445,0.005654599302245494
Cora,Degree,14,200,0.0011486250150483102,0.3503461188460132,0.2295697684586136,0.20577057948148658,1.7026054926259964,1.115658851897573,0.20577057948148658,0.010344350998032359,1.7736743869109137e-05,0.0006092347800173024,0.008665913941167528
Cora,Neighborhood Heterogeneity,14,200,0.0010955409961752594,0.015521927828171491,0.011980955488645932,0.0025296255475220288,6.136057505972165,4.736256518433031,0.2811051214043261,0.0025296255475220288,2.0390383503403316e-05,0.0008773053475728699,0.01268591082742158
Cora,PageRank,14,200,0.0011768749973271042,2.40534439957878e-05,1.764970737045806e-05,1.2285292646011252e-05,1.9579056591376676,1.4366533935346268,0.1902353193063147,0.013642226157210604,1.2285292646011252e-05,0.0008143072818094897,0.007408834857924559
Cora,Eigenvector Centrality,14,200,0.0011863749823532999,0.0008990572416929038,0.0008232701027149905,0.000547926915860122,1.6408342347657556,1.5025180893379577,0.3254231328520765,0.021117621978765485,2.419169524520019e-05,0.000547926915860122,0.012482349346656155
Cora,Clustering Coefficient,14,200,0.0010968330025207251,0.012789612269641277,0.014365672123839029,0.005132507878610258,2.4918836117021903,2.798957637007828,0.2738833841866937,0.014982172098414095,2.10254367065395e-05,0.0006634537022938822,0.005132507878610258
Cora,Degree,14,250,0.0012332080223131925,0.3503461188460132,0.2295697684586136,0.14711419895333303,2.3814568637059197,1.5604868197082513,0.14711419895333303,0.011876177902800239,1.2939761346834213e-05,0.0008826096551725482,0.011217461951022365
Cora,Neighborhood Heterogeneity,14,250,0.0012489170185290277,0.015521927828171491,0.011980955488645932,0.003490594410724424,4.446786421384927,3.432353942880305,0.2612977073233917,0.003490594410724424,2.0782278247062213e-05,0.0009700315360106342,0.011434115960135487
Cora,PageRank,14,250,0.0013713749940507114,2.40534439957878e-05,1.764970737045806e-05,9.198699453396685e-06,2.6148744306355063,1.9187176904601204,0.15518358769048046,0.0134049902178778,9.198699453396685e-06,0.0010234940957453303,0.010978591427939121
Cora,Eigenvector Centrality,14,250,0.0013621659891214222,0.0008990572416929038,0.0008232701027149905,0.00041058690328489935,2.189688064816483,2.0051056088940498,0.26293908194462656,0.01092335616639007,1.9694197326800345e-05,0.00041058690328489935,0.008499293215683944
Cora,Clustering Coefficient,14,250,0.0013036669988650829,0.012789612269641277,0.014365672123839029,0.0016132473419562191,7.927868180543617,8.904816856179819,0.23066309668003,0.007375803360845095,1.7340746130886527e-05,0.0006180083060470237,0.0016132473419562191
Cora,Degree,15,100,0.0009382910211570561,0.2878368834772684,0.28831647936363475,0.1549069485185051,1.8581276452094309,1.8612236708619474,0.1549069485185051,0.01225476091704596,1.4495357493561847e-05,0.0008498484806302838,0.017159780611653266
Cora,Neighborhood Heterogeneity,15,100,0.0008167919877450913,0.017254887068295307,0.007742363030010704,0.0026224512581188085,6.579678846223034,2.9523382011548303,0.3174010371419958,0.0026224512581188085,2.4413888885171416e-05,0.0007941320580619332,0.012424956794997966
Cora,PageRank,15,100,0.0008730000117793679,2.154781476447538e-05,2.0952925074721342e-05,1.3171225736906425e-05,1.6359764227635503,1.5908105664008334,0.21260068054364462,0.009775972411904095,1.3171225736906425e-05,0.0007468826542323087,0.008805248050396609
Cora,Eigenvector Centrality,15,100,0.0008903749985620379,0.0009352574181781183,0.0009074415161169896,0.0006206791671884147,1.5068290795302457,1.4620138133966478,0.2807123145346056,0.014443079334906466,2.020464653074141e-05,0.0006206791671884147,0.009797247908309787
Cora,Clustering Coefficient,15,100,0.0008052080229390413,0.019374029788086507,0.012045609653505911,0.003389140964214324,5.716501612843898,3.554177822844953,0.2656210109637366,0.012058844907420607,2.0317324073507554e-05,0.0008276587536827403,0.003389140964214324
Cora,Degree,15,150,0.000980250013526529,0.2878368834772684,0.28831647936363475,0.1638496155286753,1.7567138168041296,1.759640866006039,0.1638496155286753,0.005798965526224763,1.5160165709700687e-05,0.0009014370940633322,0.011708463062826472
Cora,Neighborhood Heterogeneity,15,150,0.0009424590098205954,0.017254887068295307,0.007742363030010704,0.0027329572848126147,6.313632183050526,2.8329615954980283,0.26824321844378163,0.0027329572848126147,2.095985533289779e-05,0.0007540075372864753,0.009482159564005865
Cora,PageRank,15,150,0.001032708998536691,2.154781476447538e-05,2.0952925074721342e-05,1.337175272961761e-05,1.6114428078488392,1.5669542728165997,0.19823438761121448,0.011678213081178479,1.337175272961761e-05,0.0007919021812107539,0.017796845019332867
Cora,Eigenvector Centrality,15,150,0.0010201249970123172,0.0009352574181781183,0.0009074415161169896,0.0005104966977950553,1.8320538060631846,1.7775658883523127,0.24458678607978782,0.007114799239605729,2.112434493741992e-05,0.0005104966977950553,0.007688803380994322
Cora,Clustering Coefficient,15,150,0.0009632500004954636,0.019374029788086507,0.012045609653505911,0.005862703215703574,3.3046240062420518,2.0546169932738674,0.23701709687107134,0.019540523943971787,1.6855520451209453e-05,0.0006602203821473561,0.005862703215703574
Cora,Degree,15,200,0.0011060829856432974,0.2878368834772684,0.28831647936363475,0.17723109799485576,1.6240766250041685,1.6267826731627162,0.17723109799485576,0.011748645552779064,1.5405855776063226e-05,0.0008017486410800412,0.01055507548474573
Cora,Neighborhood Heterogeneity,15,200,0.0010773329995572567,0.017254887068295307,0.007742363030010704,0.0021755691958216,7.931205820267661,3.558775811351206,0.2877813722779915,0.0021755691958216,2.021121202615885e-05,0.0007623677257620337,0.011502941046235945
Cora,PageRank,15,200,0.001175709010567516,2.154781476447538e-05,2.0952925074721342e-05,1.3980013632212114e-05,1.5413300252315836,1.498777156156884,0.20850670692821943,0.010815685121455764,1.3980013632212114e-05,0.001024537346527298,0.011981147652815143
Cora,Eigenvector Centrality,15,200,0.0011835840123239905,0.0009352574181781183,0.0009074415161169896,0.0005585464256290497,1.6744488466196998,1.6246483272988543,0.25025284959353333,0.010022498459254693,1.799130426308316e-05,0.0005585464256290497,0.008698146292908129
Cora,Clustering Coefficient,15,200,0.001115250022849068,0.019374029788086507,0.012045609653505911,0.004997861596534101,3.8764638463622,2.4101527064813593,0.18560790500917093,0.010631791759089937,1.4903997199368849e-05,0.0008895616491849496,0.004997861596534101
Cora,Degree,15,250,0.0012837910035159439,0.2878368834772684,0.28831647936363475,0.1466970458617827,1.9621177903505091,1.9653870851311162,0.1466970458617827,0.00988342478187742,1.372626264845822e-05,0.0008669885065377723,0.007926130536358673
Cora,Neighborhood Heterogeneity,15,250,0.0012207920080982149,0.017254887068295307,0.007742363030010704,0.0033115863606554934,5.210459637501311,2.337961987643344,0.25847637061899187,0.0033115863606554934,1.974345968722966e-05,0.0008019854097935812,0.01185786044702531
Cora,PageRank,15,250,0.0013336660049390048,2.154781476447538e-05,2.0952925074721342e-05,1.1083839738530861e-05,1.9440749120152376,1.8904031065951343,0.1791690703502217,0.011357721068944225,1.1083839738530861e-05,0.0008296853585172785,0.016257615775483635
Cora,Eigenvector Centrality,15,250,0.001307084021391347,0.0009352574181781183,0.0009074415161169896,0.0004041739822054239,2.313997088765521,2.245175483996832,0.3727095194896045,0.007169432099609269,2.800172757163083e-05,0.0004041739822054239,0.006995690716236613
Cora,Clustering Coefficient,15,250,0.0012608329998329282,0.019374029788086507,0.012045609653505911,0.0016314320786761758,11.87547434019291,7.3834576449424185,0.29386629659469066,0.009612709705181448,2.3369557303741424e-05,0.000852704542910125,0.0016314320786761758
Cora,Degree,16,100,0.0009483750036451966,0.24224379092506337,0.23236923940458332,0.16153254937726488,1.4996593061828956,1.438528892786041,0.16153254937726488,0.008998845436989266,1.4100725739236763e-05,0.0007623432576355958,0.008228586913782202
Cora,Neighborhood Heterogeneity,16,100,0.000787208991823718,0.012352209305832145,0.008280617578806724,0.0025304685480330566,4.881392149858399,3.2723653432654918,0.2913963464466647,0.0025304685480330566,2.1012185696365028e-05,0.0008378752418348191,0.008418485913915277
Cora,PageRank,16,100,0.0008823339885566384,1.7425630834877997e-05,1.678117120347015e-05,1.3598824321631173e-05,1.281407158643829,1.2340163242477462,0.18752775547370082,0.010223771599405167,1.3598824321631173e-05,0.0007970261175455592,0.012972906066519616
Cora,Eigenvector Centrality,16,100,0.0009042079909704626,0.0009057702379777395,0.0007522924481391756,0.0005965151308735012,1.5184363163619732,1.2611456259920237,0.3121019200046112,0.010492699093853319,2.2077077507947684e-05,0.0005965151308735012,0.007675769333193148
Cora,Clustering Coefficient,16,100,0.0008022499969229102,0.012656765217917398,0.007086807464317424,0.003016434751636853,4.195935354162482,2.349398560824763,0.24716159474533264,0.012709908053946863,2.002493217267483e-05,0.0009982765479061382,0.003016434751636853
Cora,Degree,16,150,0.0009298750082962215,0.24224379092506337,0.23236923940458332,0.16526495666286667,1.4657904241564663,1.4060406035055966,0.16526495666286667,0.012610462849597038,1.533912923354706e-05,0.0009301236597237906,0.008933201205680205
Cora,Neighborhood Heterogeneity,16,150,0.0009448750060983002,0.012352209305832145,0.008280617578806724,0.002692647196694742,4.587384979730964,3.0752701612640845,0.2931400064320763,0.002692647196694742,2.3245078730912095e-05,0.0007485415794868739,0.009560936452154282
Cora,PageRank,16,150,0.0010440000041853637,1.7425630834877997e-05,1.678117120347015e-05,1.0924581568965615e-05,1.5950845096328874,1.5360928102859193,0.16755964222367964,0.010776613258289566,1.0924581568965615e-05,0.000949038016589902,0.01471633173538607
Cora,Eigenvector Centrality,16,150,0.0010243750002700835,0.0009057702379777395,0.0007522924481391756,0.0005009669026555107,1.8080440707289425,1.5016809377055567,0.26702913235757614,0.01185903328710133,1.9039680384807443e-05,0.0005009669026555107,0.010996367569036356
Cora,Clustering Coefficient,16,150,0.000951958994846791,0.012656765217917398,0.007086807464317424,0.005517650960705422,2.293868406692266,1.2843885042361192,0.2421071397580013,0.01202194010162678,1.6989874232361433e-05,0.000868816216669991,0.005517650960705422
Cora,Degree,16,200,0.0011141669820062816,0.24224379092506337,0.23236923940458332,0.17708614805563488,1.367943193665029,1.312181906693121,0.17708614805563488,0.011095319896339524,1.573728207464776e-05,0.0007181959524183579,0.011910161085562584
Cora,Neighborhood Heterogeneity,16,200,0.0010886249947361648,0.012352209305832145,0.008280617578806724,0.002380911392517466,5.188017220906104,3.4779192559749905,0.2653291958290273,0.002380911392517466,1.9821949152546793e-05,0.0007683085345037084,0.010891192229745633
Cora,PageRank,16,200,0.0011872499890159816,1.7425630834877997e-05,1.678117120347015e-05,1.2283630091051723e-05,1.4186059581501136,1.3661410412948498,0.19434290121548287,0.007772208149566749,1.2283630091051723e-05,0.0009810217640488783,0.013826666856379798
Cora,Eigenvector Centrality,16,200,0.0011877500219270587,0.0009057702379777395,0.0007522924481391756,0.000537861131229067,1.6840224834762887,1.3986741269444611,0.3025679062874872,0.00820160992399864,2.286924681435063e-05,0.000537861131229067,0.008900546550750036
Cora,Clustering Coefficient,16,200,0.0011286670051049441,0.012656765217917398,0.007086807464317424,0.005328005236240395,2.375516662751706,1.3301051988676524,0.22570543215540972,0.01358105713938386,1.728621999570727e-05,0.0007477445395839239,0.005328005236240395
Cora,Degree,16,250,0.0012619159824680537,0.24224379092506337,0.23236923940458332,0.12779368613656633,1.8955849717504063,1.818315492959978,0.12779368613656633,0.008721246632754443,1.1608981092392112e-05,0.0007376013114497748,0.011710184661211076
Cora,Neighborhood Heterogeneity,16,250,0.0012432500079739839,0.012352209305832145,0.008280617578806724,0.003593807585230031,3.4370814276751296,2.304134927211664,0.206594985975961,0.003593807585230031,1.616774046581832e-05,0.0008438069318549198,0.009684464519765307
Cora,PageRank,16,250,0.001308874983806163,1.7425630834877997e-05,1.678117120347015e-05,8.527735664145925e-06,2.0434065408643525,1.9678343542031949,0.15175463517959772,0.009854390871436672,8.527735664145925e-06,0.0008084190234204042,0.009292503563203675
Cora,Eigenvector Centrality,16,250,0.0012906670162919909,0.0009057702379777395,0.0007522924481391756,0.0004171308249418925,2.171429642256517,1.8034928208529593,0.3091438475032039,0.008124332802471261,2.0873421200765582e-05,0.0004171308249418925,0.009478933395685016
Cora,Clustering Coefficient,16,250,0.00125966701307334,0.012656765217917398,0.007086807464317424,0.0017445926585046953,7.254854109477691,4.06215595931235,0.19449098850768415,0.011565251591862936,1.4823047187484741e-05,0.0011588552574840205,0.0017445926585046953
Cora,Degree,17,100,0.0009579579927958548,0.2028958130714697,0.319221275138127,0.1588822659127877,1.2770198857992214,2.009168696733915,0.1588822659127877,0.007043668620591065,1.4500450736370125e-05,0.000744076847168789,0.014761149360848613
Cora,Neighborhood Heterogeneity,17,100,0.0008481669938191772,0.010983519941056785,0.010923400338230185,0.002309866771718511,4.7550447824682065,4.729017479264969,0.24276407870274408,0.002309866771718511,1.4964868950876682e-05,0.0007841114729010565,0.010806608943485004
Cora,PageRank,17,100,0.0009162919886875898,1.758631507597885e-05,2.3185549386052597e-05,1.219112682035946e-05,1.4425504168006278,1.9018380932049859,0.20232445313665393,0.007872728840659125,1.219112682035946e-05,0.000814391083397667,0.008892796296075357
Cora,Eigenvector Centrality,17,100,0.0009132089908234775,0.0009256326776737182,0.0007087634546121527,0.0006178662956480626,1.4981116209014897,1.1471146097534752,0.23872949314410183,0.010190047998922706,1.7018426071642024e-05,0.0006178662956480626,0.011511977335234597
Cora,Clustering Coefficient,17,100,0.000840082997456193,0.009805104890503125,0.013934411473688253,0.0032777221841865114,2.9914386697592024,4.251248486194261,0.2379370969190286,0.009803625277785291,1.7122267207386656e-05,0.0008219043332506105,0.0032777221841865114
Cora,Degree,17,150,0.0009984999778680503,0.2028958130714697,0.319221275138127,0.16959729253490152,1.1963387506891694,1.8822309623394151,0.16959729253490152,0.012256982839924024,1.4545705213186294e-05,0.0008574034998169198,0.011971991748438538
Cora,Neighborhood Heterogeneity,17,150,0.0009597919997759163,0.010983519941056785,0.010923400338230185,0.0026615349395285085,4.126761508155335,4.104173188184886,0.29508630677708364,0.0026615349395285085,2.0904913681305136e-05,0.0007738303235434438,0.01156828985531073
Cora,PageRank,17,150,0.0010552080057095736,1.758631507597885e-05,2.3185549386052597e-05,1.330477313355285e-05,1.3218049567210228,1.7426489841891222,0.20815306659579655,0.007593110301281289,1.330477313355285e-05,0.0011209639658434196,0.008739435003812685
Cora,Eigenvector Centrality,17,150,0.0010469999979250133,0.0009256326776737182,0.0007087634546121527,0.0004983443192497062,1.8574159309517682,1.4222364482437522,0.22242252977303933,0.013632139237046457,1.707192927512e-05,0.0004983443192497062,0.00998826044003527
Cora,Clustering Coefficient,17,150,0.0009887090127449483,0.009805104890503125,0.013934411473688253,0.005892408884238877,1.6640231666084815,2.36480728806181,0.20704284563275097,0.01790264869016038,1.667688611462586e-05,0.0009316595736700332,0.005892408884238877
Cora,Degree,17,200,0.0011567499896045774,0.2028958130714697,0.319221275138127,0.17507638129646969,1.1588988278658292,1.8233257551603501,0.17507638129646969,0.011307413611260296,1.6774766573245645e-05,0.0008558167287512058,0.009871402664713142
Cora,Neighborhood Heterogeneity,17,200,0.0011032499896828085,0.010983519941056785,0.010923400338230185,0.002206439724171752,4.977937906361686,4.950690571132908,0.28765142501161434,0.002206439724171752,2.0888428058524096e-05,0.0006804243262367724,0.01437319521472118
Cora,PageRank,17,200,0.0012029169884044677,1.758631507597885e-05,2.3185549386052597e-05,1.0084662140658235e-05,1.7438675516035658,2.2990903475660964,0.16648597837460993,0.008162042053623243,1.0084662140658235e-05,0.0010164523766968843,0.009502843998707905
Cora,Eigenvector Centrality,17,200,0.0012037080014124513,0.0009256326776737182,0.0007087634546121527,0.0005255507817567547,1.7612621078777826,1.3486107893189205,0.2247584694098051,0.015438161110183073,1.6797770452630475e-05,0.0005255507817567547,0.012646295243461355
Cora,Clustering Coefficient,17,200,0.0011333749862387776,0.009805104890503125,0.013934411473688253,0.005148703170978943,1.9043834078006951,2.7063924664040884,0.27804075570632103,0.009142309953265655,2.1323933932811192e-05,0.0007826573010709886,0.005148703170978943
Cora,Degree,17,250,0.0012922919995617121,0.2028958130714697,0.319221275138127,0.14267372112339113,1.4220965954620024,2.2374216682976185,0.14267372112339113,0.009399541177923276,1.3824116119921951e-05,0.0009255114530560065,0.007977344338063729
Cora,Neighborhood Heterogeneity,17,250,0.0012529169907793403,0.010983519941056785,0.010923400338230185,0.0034542496975283007,3.179712210416079,3.1623076774231054,0.21707288755066792,0.0034542496975283007,1.623814312451756e-05,0.0009369551950835691,0.012284451105456234
Cora,PageRank,17,250,0.0013563749962486327,1.758631507597885e-05,2.3185549386052597e-05,1.0071376843379854e-05,1.7461679122392026,2.3021231105350792,0.17476823157477145,0.013506075575116305,1.0071376843379854e-05,0.000604205524945239,0.010284143278402314
Cora,Eigenvector Centrality,17,250,0.001353375002508983,0.0009256326776737182,0.0007087634546121527,0.0004169431786829065,2.2200451404379016,1.6999041856280883,0.2604278626081572,0.011363775158106847,2.020028316010123e-05,0.0004169431786829065,0.006149008411225343
Cora,Clustering Coefficient,17,250,0.0012848750047851354,0.009805104890503125,0.013934411473688253,0.001438339848831728,6.816959773774736,9.687843582312128,0.22023650603979963,0.006310095286511394,1.818306425303415e-05,0.0007923665023588511,0.001438339848831728
Cora,Degree,18,100,0.0009480000007897615,0.26716172430975077,0.26499468690179323,0.18325438853871823,1.4578735409291685,1.4460482448190037,0.18325438853871823,0.009482480859758183,1.66781719347449e-05,0.0009080123815900419,0.00763296291557512
Cora,Neighborhood Heterogeneity,18,100,0.0008130829955916852,0.007501351993891509,0.007108499854189217,0.0022571455584996986,3.323379817328919,3.1493316093066515,0.2405727877628959,0.0022571455584996986,1.7294049425530462e-05,0.000918167285743237,0.013908423920573867
Cora,PageRank,18,100,0.0008756660099606961,1.9329748735098753e-05,1.8833226939430322e-05,1.1918261138969008e-05,1.621859809053561,1.5801992186470495,0.18120039356551448,0.010580916151188035,1.1918261138969008e-05,0.0007052167450754814,0.009426713644001213
Cora,Eigenvector Centrality,18,100,0.0008827910060063004,0.00092922346019854,0.0006466479657595101,0.0006396400929180785,1.4527286054871325,1.0109559624529807,0.26305964838453877,0.009902157083461219,1.8802393162271864e-05,0.0006396400929180785,0.005300464315888197
Cora,Clustering Coefficient,18,100,0.0008099169936031103,0.009384536590963269,0.014027424759983137,0.003472586868600603,2.7024627305421696,4.03947411274868,0.24532435318264337,0.01568457370729886,1.9061713533799797e-05,0.0008304711759715923,0.003472586868600603
Cora,Degree,18,150,0.0009561250044498593,0.26716172430975077,0.26499468690179323,0.1418195692180608,1.8838142421583917,1.8685339996650194,0.1418195692180608,0.012361531359034585,1.3842556044235123e-05,0.0009456564631810599,0.00839265439019741
Cora,Neighborhood Heterogeneity,18,150,0.0009480419976171106,0.007501351993891509,0.007108499854189217,0.002665677841802228,2.814050473863694,2.66667627374779,0.2186469622227117,0.002665677841802228,1.7249833713878876e-05,0.0006531812107736266,0.011138105602656274
Cora,PageRank,18,150,0.0010412909905426204,1.9329748735098753e-05,1.8833226939430322e-05,1.2748735800616864e-05,1.5162090608359347,1.4772623132184646,0.17668019331937596,0.010650263555270581,1.2748735800616864e-05,0.0008505400870846023,0.008227952038015407
Cora,Eigenvector Centrality,18,150,0.001030458981404081,0.00092922346019854,0.0006466479657595101,0.0004994849831304422,1.8603631572160202,1.294629443525504,0.24230218256498576,0.00833013592017522,1.8253142986756705e-05,0.0004994849831304422,0.00953267549508469
Cora,Clustering Coefficient,18,150,0.000960667006438598,0.009384536590963269,0.014027424759983137,0.005552856896375571,1.690037536729731,2.5261635626048706,0.22828871993549918,0.01418383776341529,1.8225828625377612e-05,0.0009283156911754785,0.005552856896375571
Cora,Degree,18,200,0.001114458020310849,0.26716172430975077,0.26499468690179323,0.15834584001049096,1.687203934704255,1.6735184636630582,0.15834584001049096,0.014641311361614095,1.3403387483001743e-05,0.000995778059269957,0.010652742938140647
Cora,Neighborhood Heterogeneity,18,200,0.0010799590090755373,0.007501351993891509,0.007108499854189217,0.0024135363830549493,3.1080335256419978,2.94526318480088,0.2155747601947513,0.0024135363830549493,1.7834843404276115e-05,0.0007316418463093328,0.009518438280802228
Cora,PageRank,18,200,0.001127541996538639,1.9329748735098753e-05,1.8833226939430322e-05,1.158051153207628e-05,1.66916190891553,1.6262862730428709,0.20159789397171485,0.010286052890867831,1.158051153207628e-05,0.0008065950805697497,0.015240699599435003
Cora,Eigenvector Centrality,18,200,0.0012010830105282366,0.00092922346019854,0.0006466479657595101,0.0005511318965587871,1.6860273665895933,1.1733089117090043,0.25234783870785465,0.011175010652991355,1.9515787753216145e-05,0.0005511318965587871,0.009520566598225973
Cora,Clustering Coefficient,18,200,0.0010961249936372042,0.009384536590963269,0.014027424759983137,0.005214405873793163,1.7997326671727971,2.690129057748057,0.23645663606424092,0.007053777758429117,1.8834859977632796e-05,0.0007409605708307155,0.005214405873793163
Cora,Degree,18,250,0.0012652919976972044,0.26716172430975077,0.26499468690179323,0.14245395528981714,1.8754251067737673,1.8602129113415746,0.14245395528981714,0.0072338674494772355,1.297252856734711e-05,0.0008201508212729187,0.008727625700334135
Cora,Neighborhood Heterogeneity,18,250,0.0012605410011019558,0.007501351993891509,0.007108499854189217,0.003456851140665142,2.1699956661854274,2.056351160328371,0.2901624398257139,0.003456851140665142,2.1095554316699835e-05,0.0007448707341399951,0.011833071085883284
Cora,PageRank,18,250,0.0013250420161057264,1.9329748735098753e-05,1.8833226939430322e-05,1.0330990941642557e-05,1.871044979546314,1.8229835884877823,0.17453030052788615,0.012104398008070585,1.0330990941642557e-05,0.000847068147132503,0.01503648951828998
Cora,Eigenvector Centrality,18,250,0.0012990000250283629,0.00092922346019854,0.0006466479657595101,0.00040863870409614506,2.2739487250818784,1.582444245436345,0.26811933833850055,0.010098156147046181,2.0053946075814965e-05,0.00040863870409614506,0.013151703174221485
Cora,Clustering Coefficient,18,250,0.0012547080114018172,0.009384536590963269,0.014027424759983137,0.0016503943527282378,5.686238913414758,8.49943817172826,0.3122730860844609,0.008194492252914501,2.2055678087759863e-05,0.000830775023931049,0.0016503943527282378
Cora,Degree,19,100,0.0009648749837651849,0.24904330531440527,0.2912765920512298,0.16099749165908808,1.5468769280067671,1.8091995660901816,0.16099749165908808,0.006365066257139182,1.4304942779032679e-05,0.000777345525761782,0.01183648621675266
Cora,Neighborhood Heterogeneity,19,100,0.0008250419923570007,0.012298331699679069,0.01166104755964115,0.002263161019027735,5.434139063142087,5.15254878534926,0.26018505123441293,0.002263161019027735,1.9132508750190643e-05,0.0011326761233464652,0.011458649992385828
Cora,PageRank,19,100,0.0008521249983459711,1.7827537802686293e-05,2.178412077748488e-05,1.0551337833742902e-05,1.6895997534714786,2.064583763759306,0.17024151180032915,0.009785242290610043,1.0551337833742902e-05,0.0006024333895001427,0.014168041423172522
Cora,Eigenvector Centrality,19,100,0.0009094580018427223,0.0009306331244099467,0.0007534519284396421,0.0006155758616571722,1.5118089944342827,1.2239790014041456,0.2557304603535535,0.00586996105221585,1.9234153594390267e-05,0.0006155758616571722,0.013927255558103419
Cora,Clustering Coefficient,19,100,0.0008068749739322811,0.00973731912400324,0.01293990538483046,0.002962989810728673,3.2863154266496077,4.367178495847819,0.22029807231018156,0.009495770981556512,1.727849455235875e-05,0.0007489112989529482,0.002962989810728673
Cora,Degree,19,150,0.0009375420049764216,0.24904330531440527,0.2912765920512298,0.17309932098875852,1.4387306887851903,1.6827136605009907,0.17309932098875852,0.009422779143792895,1.5361975949010244e-05,0.0007973905952053104,0.013594283278045299
Cora,Neighborhood Heterogeneity,19,150,0.0009636249742470682,0.012298331699679069,0.01166104755964115,0.002579300937429492,4.768087167035063,4.521010863998849,0.24140347299332884,0.002579300937429492,1.8175409995960062e-05,0.0008562834500393532,0.006578588981403908
Cora,PageRank,19,150,0.0010128339927177876,1.7827537802686293e-05,2.178412077748488e-05,1.329171123478513e-05,1.3412522652486356,1.6389252213420538,0.1981233319651803,0.014711150253884059,1.329171123478513e-05,0.0007995698287575189,0.016106031153945353
Cora,Eigenvector Centrality,19,150,0.000994375004665926,0.0009306331244099467,0.0007534519284396421,0.0005181505509830047,1.7960670362009736,1.4541177791092523,0.22025415742844073,0.01438966695553521,1.62282046056931e-05,0.0005181505509830047,0.010931944659992855
Cora,Clustering Coefficient,19,150,0.0009792079799808562,0.00973731912400324,0.01293990538483046,0.00565286299844354,1.7225464559612207,2.2890888012664266,0.23321475200297453,0.007393806809406602,1.765238478409384e-05,0.0007557828281514972,0.00565286299844354
Cora,Degree,19,200,0.0011518750106915832,0.24904330531440527,0.2912765920512298,0.1792648855535621,1.3892475625963807,1.6248390818524245,0.1792648855535621,0.008727804511630535,1.4534713602208286e-05,0.0006971542735948391,0.010467015123005975
Cora,Neighborhood Heterogeneity,19,200,0.0010821670002769679,0.012298331699679069,0.01166104755964115,0.0022591751406301312,5.443726552448168,5.161639462971711,0.2693880006645858,0.0022591751406301312,1.9224464437309304e-05,0.0008085898458506512,0.013792171695894154
Cora,PageRank,19,200,0.0011523329885676503,1.7827537802686293e-05,2.178412077748488e-05,1.1896902410429733e-05,1.4985024830545228,1.8310750165007033,0.17967221451893572,0.011516348469276799,1.1896902410429733e-05,0.0008764998946048527,0.0075374579060523
Cora,Eigenvector Centrality,19,200,0.0011304579966235906,0.0009306331244099467,0.0007534519284396421,0.0005576726285997273,1.6687803501252951,1.3510649255487066,0.2255744088797263,0.007805337801094543,1.7558235342736036e-05,0.0005576726285997273,0.011595385195698317
Cora,Clustering Coefficient,19,200,0.0011109169863630086,0.00973731912400324,0.01293990538483046,0.0052192025948613425,1.865671804652743,2.479287812580924,0.20531982024156054,0.011493661073665165,1.6644328675989666e-05,0.0006546717633154507,0.0052192025948613425
Cora,Degree,19,250,0.0012775410141330212,0.24904330531440527,0.2912765920512298,0.15001804884713438,1.6600889508180166,1.9416103214889515,0.15001804884713438,0.010446464374300057,1.3088579363311033e-05,0.000682972853655649,0.00825909666947178
Cora,Neighborhood Heterogeneity,19,250,0.0012337919906713068,0.012298331699679069,0.01166104755964115,0.0034630231847631423,3.551328144088134,3.3673027691377473,0.26829171644007077,0.0034630231847631423,1.872517447291069e-05,0.0009531870056123628,0.015308428136870125
Cora,PageRank,19,250,0.0012731669994536787,1.7827537802686293e-05,2.178412077748488e-05,9.24074541839827e-06,1.9292315712098043,2.357398650341868,0.15501255560804286,0.007331890412976052,9.24074541839827e-06,0.0008305001166455047,0.011365933834344276
Cora,Eigenvector Centrality,19,250,0.0012919589935336262,0.0009306331244099467,0.0007534519284396421,0.0004128583484678884,2.254122092634225,1.8249647396878175,0.28431731848969644,0.011596831901424739,2.14553811077322e-05,0.0004128583484678884,0.008330196996704547
Cora,Clustering Coefficient,19,250,0.0012458749988581985,0.00973731912400324,0.01293990538483046,0.0016846718495370009,5.779950039931724,7.680964924051376,0.2470541177369979,0.012365451511868993,1.893827161995935e-05,0.0006287606931837174,0.0016846718495370009
Cora,Degree,20,100,0.000981624994892627,0.2541098563389522,0.2279572989937774,0.15783496328425287,1.6099719038887037,1.4442763140080548,0.15783496328425287,0.009902749506745549,1.3523854336026419e-05,0.0007814502369276599,0.01792246347059998
Cora,Neighborhood Heterogeneity,20,100,0.0008336669998243451,0.009681831907976727,0.009489793878026006,0.002464398871881217,3.9286789238732402,3.850754026186476,0.32386670150867924,0.002464398871881217,2.2515909226358243e-05,0.0009237902675980098,0.012682018209625829
Cora,PageRank,20,100,0.0008705829968675971,1.7738457906169886e-05,1.586601540864169e-05,1.1311190847280317e-05,1.5682219622733138,1.4026830262930752,0.174305689629929,0.012545845014232403,1.1311190847280317e-05,0.0008840759640220688,0.011861580871077226
Cora,Eigenvector Centrality,20,100,0.0008580840076319873,0.0007673271537528824,0.0007512687107300168,0.0005629094118585845,1.363145006261953,1.3346174267179467,0.2711699960003265,0.012446123518329754,1.953776520795186e-05,0.0005629094118585845,0.010850520128891119
Cora,Clustering Coefficient,20,100,0.0008265830110758543,0.00786113160638302,0.007579366509194302,0.003230071473265776,2.4337330215281563,2.346501175570321,0.2436327718462182,0.007719279773106687,1.896517671504391e-05,0.0008111052622778126,0.003230071473265776
Cora,Degree,20,150,0.0009559160098433495,0.2541098563389522,0.2279572989937774,0.14728849029617233,1.7252526373783867,1.5476925490606475,0.14728849029617233,0.010445225558061941,1.3313812855078367e-05,0.0009168619808757213,0.012461447726777408
Cora,Neighborhood Heterogeneity,20,150,0.0009509169904049486,0.009681831907976727,0.009489793878026006,0.0025647223865573362,3.77500191004017,3.7001251783684443,0.2681787495677696,0.0025647223865573362,1.9490797036112845e-05,0.000780263082461561,0.008930141795019622
Cora,PageRank,20,150,0.0010355830017942935,1.7738457906169886e-05,1.586601540864169e-05,1.2656669239082424e-05,1.4015107427628313,1.2535695694447913,0.19826991909084926,0.012484844632887331,1.2656669239082424e-05,0.0009372011445414007,0.006637950497687917
Cora,Eigenvector Centrality,20,150,0.0010502500226721168,0.0007673271537528824,0.0007512687107300168,0.0004820918830806528,1.5916616327359125,1.5583517107346347,0.2840475071408255,0.011266521075345575,1.9832840009233923e-05,0.0004820918830806528,0.009412690121443669
Cora,Clustering Coefficient,20,150,0.0009595000010449439,0.00786113160638302,0.007579366509194302,0.00580266801901788,1.354744331507275,1.3061864791081284,0.2883522435756213,0.01274081815502115,2.1890446314009136e-05,0.0011485841905606346,0.00580266801901788
Cora,Degree,20,200,0.0011282919731456786,0.2541098563389522,0.2279572989937774,0.18055710623698765,1.4073655788735557,1.2625218898589088,0.18055710623698765,0.01072688550213339,1.5063427253971194e-05,0.0007050694271898919,0.013357653053883565
Cora,Neighborhood Heterogeneity,20,200,0.0010826250072568655,0.009681831907976727,0.009489793878026006,0.0022315089118579517,4.338692916048291,4.25263543766214,0.3040355628330123,0.0022315089118579517,2.180413193227417e-05,0.0008876694148561154,0.014168181987327017
Cora,PageRank,20,200,0.001195166987599805,1.7738457906169886e-05,1.586601540864169e-05,1.2307363644375524e-05,1.4412881928841337,1.289148177229042,0.19366687217302408,0.009437349038612677,1.2307363644375524e-05,0.0010397341887110854,0.01018198989901692
Cora,Eigenvector Centrality,20,200,0.0011986249883193523,0.0007673271537528824,0.0007512687107300168,0.0005373403496842031,1.4280095552173653,1.3981245055792666,0.31069901241991593,0.009432014785530733,2.5089416702083748e-05,0.0005373403496842031,0.013419253383278392
Cora,Clustering Coefficient,20,200,0.0010954580211546272,0.00786113160638302,0.007579366509194302,0.005092610555855678,1.5436349432500764,1.4883067193267423,0.2150956771255521,0.022629953275531526,1.6017405053202397e-05,0.000712056892655968,0.005092610555855678
Cora,Degree,20,250,0.0012685830006375909,0.2541098563389522,0.2279572989937774,0.12612094201551857,2.0148109606387594,1.8074500186156899,0.12612094201551857,0.015082202755841687,1.3333917532830515e-05,0.0007339257928664971,0.012020384372728706
Cora,Neighborhood Heterogeneity,20,250,0.0012290409940760583,0.009681831907976727,0.009489793878026006,0.003672481896118876,2.636318484839532,2.584027408836225,0.27854034440982256,0.003672481896118876,2.0849502878146903e-05,0.0009178966196287459,0.009445810179778278
Cora,PageRank,20,250,0.001321167015703395,1.7738457906169886e-05,1.586601540864169e-05,9.946644018172068e-06,1.7833610888016629,1.595112419792565,0.1802621849817753,0.01296172045077667,9.946644018172068e-06,0.0008731082334462601,0.010234924344330439
Cora,Eigenvector Centrality,20,250,0.0013286250177770853,0.0007673271537528824,0.0007512687107300168,0.0004083885236521665,1.8789145857742857,1.83959310122507,0.32185501042575276,0.008540597166716632,2.254830383040107e-05,0.0004083885236521665,0.011397314175430101
Cora,Clustering Coefficient,20,250,0.0012525419879239053,0.00786113160638302,0.007579366509194302,0.0017351397340981136,4.530546705778171,4.368159151824095,0.19088734669171922,0.01270106772955824,1.4941514495902136e-05,0.0006903000138379042,0.0017351397340981136
Cora,Degree,21,100,0.0009413330117240548,0.31682623961939294,0.23489586038363944,0.1552459760803311,2.040801620877137,1.5130560309150556,0.1552459760803311,0.014048440103874146,1.4516017845076656e-05,0.0008082215965649136,0.015144734811941923
Cora,Neighborhood Heterogeneity,21,100,0.0008185830083675683,0.0070524292261755165,0.004970192048538389,0.00237229193436362,2.9728336230538037,2.0951013560106673,0.2335974748116843,0.00237229193436362,1.720946462920853e-05,0.0010543861878272937,0.007752686100295869
Cora,PageRank,21,100,0.0008541670104023069,2.257687051687449e-05,1.7827021418297847e-05,1.3216025977210155e-05,1.7082949561241985,1.3488942477140207,0.20769217896488942,0.014182223436807284,1.3216025977210155e-05,0.0008286988176273574,0.007423918290466462
Cora,Eigenvector Centrality,21,100,0.0008997079858090729,0.0008547846313070905,0.0006552090969644506,0.000565165637427159,1.51244975755848,1.1593222474515656,0.2513614605726152,0.008799481027418756,1.8004842164607398e-05,0.000565165637427159,0.007620045912197693
Cora,Clustering Coefficient,21,100,0.0007960830116644502,0.010448934716038397,0.01332117297712361,0.0033616262322584125,3.1082975899490703,3.9627168687859036,0.20285945443486728,0.010595758504097172,1.6512740420084077e-05,0.0008763341233326146,0.0033616262322584125
Cora,Degree,21,150,0.00098808400798589,0.31682623961939294,0.23489586038363944,0.18438830991651123,1.7182555649154112,1.2739194826938727,0.18438830991651123,0.012801104447950412,1.6348002030358053e-05,0.0009404200391085069,0.016516856513183464
Cora,Neighborhood Heterogeneity,21,150,0.0009415000095032156,0.0070524292261755165,0.004970192048538389,0.0027920259696422017,2.525918205223315,1.7801381873161155,0.2674461867141912,0.0027920259696422017,1.8834972250500157e-05,0.0010537312430682396,0.008576175190529074
Cora,PageRank,21,150,0.001004124991595745,2.257687051687449e-05,1.7827021418297847e-05,1.4612387732737444e-05,1.5450500581977782,1.219993730275742,0.22048437707528992,0.010076824073774486,1.4612387732737444e-05,0.0006410390287476749,0.011093946537227336
Cora,Eigenvector Centrality,21,150,0.0009725420095492154,0.0008547846313070905,0.0006552090969644506,0.0004779245218056471,1.7885347838558856,1.3709468065982562,0.27728137926499835,0.011475750774615632,1.952176632423312e-05,0.0004779245218056471,0.011140121447392612
Cora,Clustering Coefficient,21,150,0.000977624993538484,0.010448934716038397,0.01332117297712361,0.005789240505214967,1.8048886907748887,2.3010225547071075,0.22500742149209838,0.010354240446876967,1.6984982714885187e-05,0.0008891297033418899,0.005789240505214967
Cora,Degree,21,200,0.001122875022701919,0.31682623961939294,0.23489586038363944,0.1674535404519584,1.8920247297505712,1.4027524276265149,0.1674535404519584,0.010861381464874986,1.4611505688631299e-05,0.0007376799756702532,0.0052259307627037675
Cora,Neighborhood Heterogeneity,21,200,0.0010376670106779784,0.0070524292261755165,0.004970192048538389,0.00226412230077509,3.1148623127651796,2.195195925077419,0.25185601177935757,0.00226412230077509,1.7401258682165584e-05,0.0010088236549482383,0.013808791163861644
Cora,PageRank,21,200,0.0011714160209521651,2.257687051687449e-05,1.7827021418297847e-05,1.2819456113591897e-05,1.7611410590919876,1.3906222900827012,0.1925522847077895,0.008854195195307618,1.2819456113591897e-05,0.0005673318585338783,0.016378959264464747
Cora,Eigenvector Centrality,21,200,0.0011814580066129565,0.0008547846313070905,0.0006552090969644506,0.0005335830421092829,1.601971134479987,1.2279421294469428,0.25707549818298764,0.008424459487573893,2.147385129036678e-05,0.0005335830421092829,0.008913563422286858
Cora,Clustering Coefficient,21,200,0.0010811669926624745,0.010448934716038397,0.01332117297712361,0.0050899508428101465,2.052855722722377,2.6171515970415604,0.22289838279931562,0.012550548435550141,1.637587882759198e-05,0.0011493302379275466,0.0050899508428101465
Cora,Degree,21,250,0.0012818330142181367,0.31682623961939294,0.23489586038363944,0.14263031603632476,2.221310647160765,1.6468859279805332,0.14263031603632476,0.01045876291452652,1.3027046862412799e-05,0.0007726750515333388,0.007988180600094116
Cora,Neighborhood Heterogeneity,21,250,0.0012370420154184103,0.0070524292261755165,0.004970192048538389,0.0036102955126223767,1.9534215970738942,1.3766718073801767,0.23523577454489578,0.0036102955126223767,1.9504171920608966e-05,0.0008242181741966864,0.00920249657650426
Cora,PageRank,21,250,0.0013277910184115171,2.257687051687449e-05,1.7827021418297847e-05,1.0002746249645859e-05,2.257067204686294,1.7822127017296878,0.17074195889327987,0.008198884523672545,1.0002746249645859e-05,0.0008520729105592213,0.008307149924894914
Cora,Eigenvector Centrality,21,250,0.0012877080007456243,0.0008547846313070905,0.0006552090969644506,0.000405765563729253,2.1065972761489573,1.6147479124217619,0.32377720231877405,0.007326167367654457,2.4148779138613697e-05,0.000405765563729253,0.012666986570405275
Cora,Clustering Coefficient,21,250,0.0012535830028355122,0.010448934716038397,0.01332117297712361,0.0017993906457903156,5.806929551670026,7.403157845845519,0.2262412182956178,0.012252031222731122,1.7246824373498417e-05,0.0006290849399339894,0.0017993906457903156
Cora,Degree,22,100,0.0009377090027555823,0.2538088790051402,0.3022596618608483,0.16371821645573337,1.550278793036851,1.8462188778032174,0.16371821645573337,0.010339409976603074,1.4103061934710035e-05,0.0006686823599771082,0.009269985736135137
Cora,Neighborhood Heterogeneity,22,100,0.00082487499457784,0.014598550234806542,0.005289750237093494,0.0024305620745404023,6.006244558706446,2.1763485460842382,0.23661844146761624,0.0024305620745404023,1.8503317539152374e-05,0.0006605004937639749,0.014271276117620104
Cora,PageRank,22,100,0.0009115000138990581,2.1076936086661005e-05,2.3665436857470884e-05,1.2545863374082174e-05,1.679990882907486,1.8863139308817949,0.19282875260487625,0.009432234272675944,1.2545863374082174e-05,0.0007876778344644989,0.0058236011362319835
Cora,Eigenvector Centrality,22,100,0.0009111669787671417,0.0009037831453306576,0.0007674571133602574,0.0006210546841441173,1.4552392380329142,1.2357319459201872,0.2572342317208395,0.012308619510566169,1.85649983788407e-05,0.0006210546841441173,0.01335510149903724
Cora,Clustering Coefficient,22,100,0.0008257919980678707,0.013588906911778059,0.01257015326461775,0.003303649663548547,4.113301438016832,3.8049292584843215,0.23550657928812688,0.0070761104797005606,1.8226005745990074e-05,0.000985114093331918,0.003303649663548547
Cora,Degree,22,150,0.0010127080022357404,0.2538088790051402,0.3022596618608483,0.18172723411898067,1.3966474548276355,1.663260123482386,0.18172723411898067,0.015572703311132752,1.5082067199185753e-05,0.0008478418159599871,0.013160178711063314
Cora,Neighborhood Heterogeneity,22,150,0.0009688750142231584,0.014598550234806542,0.005289750237093494,0.002494037628220413,5.853380105264547,2.1209584720130805,0.343408295953174,0.002494037628220413,2.472928433259288e-05,0.0008500925665565543,0.009998045774864179
Cora,PageRank,22,150,0.0010747079795692116,2.1076936086661005e-05,2.3665436857470884e-05,1.3295137645079732e-05,1.5853116116072077,1.780006908482741,0.20231702182143657,0.012777405720248103,1.3295137645079732e-05,0.000920892585502783,0.013236871935406574
Cora,Eigenvector Centrality,22,150,0.0010651659977156669,0.0009037831453306576,0.0007674571133602574,0.0005274471237775794,1.713504737418525,1.4550408538845088,0.2589821786159913,0.010850724029783234,1.8936888903524833e-05,0.0005274471237775794,0.012228430240222632
Cora,Clustering Coefficient,22,150,0.0009847499895840883,0.013588906911778059,0.01257015326461775,0.005867609793449678,2.3159186432179033,2.1422953650821284,0.24023588098720375,0.01122298130140098,1.7268305668532753e-05,0.0007615797090872346,0.005867609793449678
Cora,Degree,22,200,0.0011401670053601265,0.2538088790051402,0.3022596618608483,0.17634242815423692,1.4392955890521575,1.7140495626865166,0.17634242815423692,0.006403480265956202,1.703046757807976e-05,0.0008009705333496649,0.009957589187622287
Cora,Neighborhood Heterogeneity,22,200,0.0011001669918186963,0.014598550234806542,0.005289750237093494,0.002327333343399117,6.272651176597276,2.2728803555779886,0.23322200700580592,0.002327333343399117,1.764962903987569e-05,0.000878992344203386,0.01339504479341989
Cora,PageRank,22,200,0.0011429580044932663,2.1076936086661005e-05,2.3665436857470884e-05,1.1415359249146204e-05,1.8463664284798944,2.0731223907159038,0.19609901792287696,0.013969224376871916,1.1415359249146204e-05,0.0009005068953171009,0.00957647503650497
Cora,Eigenvector Centrality,22,200,0.0011990420171059668,0.0009037831453306576,0.0007674571133602574,0.0005393668487692925,1.675637179765269,1.4228852127478968,0.2560029395607077,0.01110684795999974,1.862042953898433e-05,0.0005393668487692925,0.013978569579164555
Cora,Clustering Coefficient,22,200,0.0010986670095007867,0.013588906911778059,0.01257015326461775,0.005166684490557414,2.630101941895818,2.4329244968588366,0.22883433120938648,0.01268800416397593,1.784503132810876e-05,0.0010396337455189516,0.005166684490557414
Cora,Degree,22,250,0.001295041001867503,0.2538088790051402,0.3022596618608483,0.16282738452150686,1.558760399861463,1.8563195788539162,0.16282738452150686,0.011959858707443514,1.4235809147070171e-05,0.0007681796332798067,0.012472037273689016
Cora,Neighborhood Heterogeneity,22,250,0.0012277500063646585,0.014598550234806542,0.005289750237093494,0.0035789521441773665,4.079001240225319,1.4780164763307726,0.2685723674744646,0.0035789521441773665,1.9619357783007237e-05,0.0007241430407006994,0.0135016696000787
Cora,PageRank,22,250,0.0013449589896481484,2.1076936086661005e-05,2.3665436857470884e-05,9.779903893439437e-06,2.1551271174351574,2.4198025988114416,0.1786505386439104,0.011144137563410912,9.779903893439437e-06,0.0006290905304940253,0.011864415857536798
Cora,Eigenvector Centrality,22,250,0.0013218749954830855,0.0009037831453306576,0.0007674571133602574,0.00040979249266838,2.2054653550279504,1.8727944681536992,0.21601084419912087,0.010856581307269787,1.6739481076484604e-05,0.00040979249266838,0.011011677374658977
Cora,Clustering Coefficient,22,250,0.0012790000182576478,0.013588906911778059,0.01257015326461775,0.0015795024029582234,8.603283468469325,7.958299551222791,0.2315722983499347,0.0065156783190667145,1.8127474006766924e-05,0.0006316647421868458,0.0015795024029582234
Cora,Degree,23,100,0.0009848750196397305,0.23116233275875753,0.2978329001270821,0.14328229002426224,1.6133349956900773,2.078644193058678,0.14328229002426224,0.010623670822559453,1.2997769610049878e-05,0.0008186631354281949,0.011486889311297457
Cora,Neighborhood Heterogeneity,23,100,0.0008366249967366457,0.010955154264734441,0.009070313853056748,0.0023956448415305355,4.572945903673846,3.7861680061314447,0.2656739157621914,0.0023956448415305355,2.0691956502792876e-05,0.0007328009497136196,0.011950109875199576
Cora,PageRank,23,100,0.0009269170113839209,1.5465953178182158e-05,2.179432151386826e-05,1.3664853463983263e-05,1.131805271014877,1.5949180553828848,0.19406928756406097,0.010839981309383578,1.3664853463983263e-05,0.0007494046867511782,0.014136598477430554
Cora,Eigenvector Centrality,23,100,0.0009064170008059591,0.0011207511559173976,0.000833303694315032,0.000571025136809329,1.9627002099762687,1.4593117545949301,0.23647042369286866,0.008217238433475934,1.7922701727373717e-05,0.000571025136809329,0.011355568489352267
Cora,Clustering Coefficient,23,100,0.0008527919999323785,0.010379572279097958,0.008702424634738607,0.0033676977321787115,3.082097356873818,2.5840872093673997,0.28329857544528175,0.00720641427853976,2.1775211678058756e-05,0.001012364446405138,0.0033676977321787115
Cora,Degree,23,150,0.001001166005153209,0.23116233275875753,0.2978329001270821,0.16365866619155606,1.4124661903830444,1.8198419127923255,0.16365866619155606,0.0100570866311128,1.407728145092702e-05,0.001146809819546276,0.009759832106212951
Cora,Neighborhood Heterogeneity,23,150,0.0009620829951018095,0.010955154264734441,0.009070313853056748,0.0027788180764636056,3.942379084663307,3.2640905606170016,0.2783999282176842,0.0027788180764636056,2.002373082308424e-05,0.0007865720316671421,0.011967042062495298
Cora,PageRank,23,150,0.0010625839931890368,1.5465953178182158e-05,2.179432151386826e-05,1.299900894063181e-05,1.1897794092470595,1.6766140875358888,0.21402469725475512,0.0149745123364937,1.299900894063181e-05,0.0008086980722103838,0.016473652629527845
Cora,Eigenvector Centrality,23,150,0.0010521670046728104,0.0011207511559173976,0.000833303694315032,0.000472869553509974,2.370106401645836,1.7622274221921448,0.23796895001853108,0.008609547221336642,1.7999912463575812e-05,0.000472869553509974,0.007786262212597708
Cora,Clustering Coefficient,23,150,0.0009989159880205989,0.010379572279097958,0.008702424634738607,0.005605401624793087,1.8517089361069825,1.5525068883997837,0.23731122320929304,0.00932383213069296,1.9167929572387457e-05,0.0009539424375670802,0.005605401624793087
Cora,Degree,23,200,0.0011562079889699817,0.23116233275875753,0.2978329001270821,0.1559238609365951,1.482533406819354,1.9101175300436724,0.1559238609365951,0.009320490292082864,1.3278896902932732e-05,0.0008111394797083403,0.010036201802584728
Cora,Neighborhood Heterogeneity,23,200,0.0011286249791737646,0.010955154264734441,0.009070313853056748,0.0021879885038240095,5.006952388272519,4.145503432583994,0.2513576492025661,0.0021879885038240095,1.8545872146210387e-05,0.0007740442916885928,0.01644916679017231
Cora,PageRank,23,200,0.0012180420162621886,1.5465953178182158e-05,2.179432151386826e-05,1.2009411905069655e-05,1.2878193620499734,1.8147700891721437,0.16951395722602874,0.00866479122638809,1.2009411905069655e-05,0.0008166520203272502,0.007846021160591726
Cora,Eigenvector Centrality,23,200,0.001209624984767288,0.0011207511559173976,0.000833303694315032,0.0005298165393067035,2.1153570580940477,1.5728155549946772,0.26004671653593464,0.007380282896874546,1.9399759330957604e-05,0.0005298165393067035,0.007189435422228174
Cora,Clustering Coefficient,23,200,0.00113366698496975,0.010379572279097958,0.008702424634738607,0.005157377599601419,2.0125678367820363,1.687373954432028,0.239988813936196,0.010176744375529923,1.9621557040554505e-05,0.0007385637078911484,0.005157377599601419
Cora,Degree,23,250,0.0013031660055276006,0.23116233275875753,0.2978329001270821,0.12457507027282669,1.8556066815976784,2.3907905448081275,0.12457507027282669,0.00997250008142286,1.29197063450985e-05,0.0006765108378212923,0.011540579116847227
Cora,Neighborhood Heterogeneity,23,250,0.0012575000000651926,0.010955154264734441,0.009070313853056748,0.0035468708438710214,3.0886814736050803,2.5572721004854784,0.26069132671111184,0.0035468708438710214,1.9308569244209e-05,0.0007048652650343424,0.010011862666508699
Cora,PageRank,23,250,0.0013655420043505728,1.5465953178182158e-05,2.179432151386826e-05,8.534291424558845e-06,1.8122129194787397,2.553735328413027,0.15432877285057472,0.01038970499118999,8.534291424558845e-06,0.0009215858258972967,0.009501560453939085
Cora,Eigenvector Centrality,23,250,0.0013692920038010925,0.0011207511559173976,0.000833303694315032,0.00041520039277091996,2.699301771941612,2.006991584843692,0.23838625322748563,0.008865258497630184,1.7723621995231734e-05,0.00041520039277091996,0.006995733814375088
Cora,Clustering Coefficient,23,250,0.0012885420001111925,0.010379572279097958,0.008702424634738607,0.0018581276555819887,5.586038315460596,4.68343744230689,0.2583931753525302,0.00781124528505778,1.8447461030678167e-05,0.0007275140178468006,0.0018581276555819887
Cora,Degree,24,100,0.0009600830089766532,0.24099912521853567,0.28107407027430764,0.14897087618601482,1.617760003758106,1.8867719481178329,0.14897087618601482,0.010671778095710358,1.38253559233322e-05,0.0007982432837222352,0.010284990741061859
Cora,Neighborhood Heterogeneity,24,100,0.0008373750024475157,0.0127430617807684,0.012339493915763953,0.0025385559344087492,5.01980736687465,4.8608319984243025,0.3409003378921082,0.0025385559344087492,2.5469078111130848e-05,0.0006785215137606415,0.009504550708848926
Cora,PageRank,24,100,0.0009071250096894801,1.8078077717556612e-05,2.3013396452662082e-05,1.2096342726373663e-05,1.494507730683008,1.9025086320087443,0.19169772879521757,0.010841456584603382,1.2096342726373663e-05,0.0008409893174675696,0.005672943729337129
Cora,Eigenvector Centrality,24,100,0.0009062910103239119,0.0006557794110414185,0.0008790989588841902,0.0006009619311644389,1.091216226909355,1.462819711692596,0.27741918099631907,0.010481886250483127,2.2291822516583472e-05,0.0006009619311644389,0.012202154121233318
Cora,Clustering Coefficient,24,100,0.0008081670093815774,0.013634427365200708,0.01641953419744998,0.0031671903185772955,4.30489676772102,5.184258773822486,0.23593295502874323,0.010374206527445078,1.8120643293694812e-05,0.0007884510710560479,0.0031671903185772955
Cora,Degree,24,150,0.000992499990388751,0.24099912521853567,0.28107407027430764,0.16475824090895244,1.4627439810535179,1.7059788252390535,0.16475824090895244,0.00783465664146665,1.3870808522789443e-05,0.0008405054576329736,0.007482144623522094
Cora,Neighborhood Heterogeneity,24,150,0.0008910420001484454,0.0127430617807684,0.012339493915763953,0.00284458513869876,4.479761075668716,4.337888765533165,0.2958065610110824,0.00284458513869876,2.1607245602708162e-05,0.0008001436414420702,0.012298321626938499
Cora,PageRank,24,150,0.0010224170109722763,1.8078077717556612e-05,2.3013396452662082e-05,1.0993305719507169e-05,1.6444623827278637,2.0934009332448342,0.1735145930790206,0.00919204710777024,1.0993305719507169e-05,0.0008249230108702884,0.007165608208169633
Cora,Eigenvector Centrality,24,150,0.0009809579933062196,0.0006557794110414185,0.0008790989588841902,0.0005316061297807571,1.2335813571447576,1.6536659561219595,0.2913925904890802,0.013864424355452851,2.1869416812237974e-05,0.0005316061297807571,0.009526175403995692
Cora,Clustering Coefficient,24,150,0.0009809579933062196,0.013634427365200708,0.01641953419744998,0.005601954759078458,2.4338695958058074,2.9310365584157365,0.2590124751289948,0.007028654441057489,1.7745349068735357e-05,0.000789242456511147,0.005601954759078458
Cora,Degree,24,200,0.0011474170023575425,0.24099912521853567,0.28107407027430764,0.1718570239132076,1.4023233949416387,1.6355111002984526,0.1718570239132076,0.013861424528632427,1.5007652925873082e-05,0.0007646040387754965,0.007849598184625032
Cora,Neighborhood Heterogeneity,24,200,0.0011143750161863863,0.0127430617807684,0.012339493915763953,0.0022424309022706047,5.682699862843147,5.5027309440257115,0.2955079210757635,0.0022424309022706047,2.2705595441188072e-05,0.0007050226986108638,0.011878801219913342
Cora,PageRank,24,200,0.0011867499852087349,1.8078077717556612e-05,2.3013396452662082e-05,1.0379831758421104e-05,1.7416542135078406,2.21712615274245,0.1744051721309095,0.012298580428884808,1.0379831758421104e-05,0.000975545824997859,0.013389342892126191
Cora,Eigenvector Centrality,24,200,0.0012066249910276383,0.0006557794110414185,0.0008790989588841902,0.0005561529626202876,1.1791349774561044,1.5806783708251022,0.25807995287159746,0.01673890768594407,1.9805149760145187e-05,0.0005561529626202876,0.009614258539939581
Cora,Clustering Coefficient,24,200,0.0011353750014677644,0.013634427365200708,0.01641953419744998,0.0054321623302517955,2.509944757959528,3.0226516070790708,0.242594537719348,0.012239711442102785,1.7171988896942207e-05,0.0008778744141009513,0.0054321623302517955
Cora,Degree,24,250,0.0012971659889444709,0.24099912521853567,0.28107407027430764,0.14308651174275183,1.6842896111117454,1.9643645431767658,0.14308651174275183,0.015953698286909977,1.2824058889320832e-05,0.0006836072980763462,0.016169541001577782
Cora,Neighborhood Heterogeneity,24,250,0.0012224589881952852,0.0127430617807684,0.012339493915763953,0.003649621316041246,3.491612054313304,3.3810340435945925,0.2608417614768044,0.003649621316041246,1.9875408247642992e-05,0.0006738891447032695,0.008840351776382224
Cora,PageRank,24,250,0.0013672079949174076,1.8078077717556612e-05,2.3013396452662082e-05,1.0423485370401323e-05,1.7343601564301494,2.2078408166630377,0.17152239408605024,0.009465579572012963,1.0423485370401323e-05,0.0010922771004264174,0.01016336491789423
Cora,Eigenvector Centrality,24,250,0.0013287079927977175,0.0006557794110414185,0.0008790989588841902,0.0004094625485421853,1.6015613964603068,2.1469581577461905,0.2298669273698843,0.0102806676899547,1.844714757243302e-05,0.0004094625485421853,0.008530254774991102
Cora,Clustering Coefficient,24,250,0.0012784170103259385,0.013634427365200708,0.01641953419744998,0.0016600890499468366,8.213069874557236,9.890755076045954,0.2180231629541422,0.010893213057160823,1.611481367980841e-05,0.0008122297013179623,0.0016600890499468366
