Dataset,TargetProperty,StratSeed,HyperparamName,Population,Generations,EvolutionSeconds,RandomTargetEmd,LabelTargetEmd,WdesTargetEmd,RandomToWdesRatio,LabelToWdesRatio,DegreeEmd,NeighHetEmd,PageRankEmd,EigCentralityEmd,ClusteringEmd
chameleon_filtered,Degree,0,pop50_gen20,50,20,0.5022157499333844,2.448539325842699,1.9420224719101147,1.0773033707865196,2.272841051314139,1.802670004171879,1.0773033707865196,0.020506803478752625,7.50043530172635e-05,0.0008395443459101053,0.026863492775268522
chameleon_filtered,Neighborhood Heterogeneity,0,pop50_gen20,50,20,0.5018155840225518,0.019957801292786438,0.012643686525858516,0.0063784430803877565,3.1289455814306915,1.9822527796375482,1.6957303370786547,0.0063784430803877565,7.182868015944471e-05,0.0013740391947283073,0.02464328486850758
chameleon_filtered,PageRank,0,pop50_gen20,50,20,0.538202500087209,0.0001196248023866839,0.00012104840430677672,5.870156573728042e-05,2.0378468765563458,2.0620983918645432,1.9074157303370811,0.015548448748049438,5.870156573728042e-05,0.0025755372815517846,0.015492091032479786
chameleon_filtered,Eigenvector Centrality,0,pop50_gen20,50,20,0.4870782920625061,0.0021450094100857447,0.0011682162569849552,0.0005901267979119846,3.6348280025162754,1.9796021145258864,1.6467415730337103,0.010383993678548356,9.894630796096398e-05,0.0005901267979119846,0.024678064788871044
chameleon_filtered,Clustering Coefficient,0,pop50_gen20,50,20,0.5137030830373988,0.025896348713403038,0.02171995525878654,0.008943814046563175,2.89544802458792,2.4284891373756627,1.8188764044943848,0.019266259988372243,8.65823079351291e-05,0.0012142703148078531,0.008943814046563175
chameleon_filtered,Degree,0,pop100_gen50,100,50,2.553950374945998,2.448539325842699,1.9420224719101147,0.7519101123595531,3.2564255827854076,2.582785415421393,0.7519101123595531,0.015962548373957688,7.539229874759894e-05,0.0008137318870937999,0.014949619591198251
chameleon_filtered,Neighborhood Heterogeneity,0,pop100_gen50,100,50,2.536324332933873,0.019957801292786438,0.012643686525858516,0.00506984481106648,3.9365704546266307,2.4939001087883046,2.401348314606744,0.00506984481106648,9.51838944320909e-05,0.0018137422515827992,0.01827486203435997
chameleon_filtered,PageRank,0,pop100_gen50,100,50,2.6118682079249993,0.0001196248023866839,0.00012104840430677672,5.4052142168045365e-05,2.2131371225728014,2.2394746896513995,1.4903370786516879,0.01905041984795184,5.4052142168045365e-05,0.0012545755690502817,0.01558452897986765
chameleon_filtered,Eigenvector Centrality,0,pop100_gen50,100,50,2.5995618749875575,0.0021450094100857447,0.0011682162569849552,0.00042657878819214794,5.028401480477617,2.7385709025427314,2.125842696629217,0.016788588732564714,0.00010350827872259898,0.00042657878819214794,0.015162673065723508
chameleon_filtered,Clustering Coefficient,0,pop100_gen50,100,50,2.529418707941659,0.025896348713403038,0.02171995525878654,0.007403184917121791,3.498001063503222,2.9338663699394423,2.337078651685396,0.021178114824415586,0.00015857010059549067,0.0023845525528507676,0.007403184917121791
chameleon_filtered,Degree,0,pop200_gen50,200,50,5.033054833067581,2.448539325842699,1.9420224719101147,0.81797752808989,2.9934065934065877,2.37417582417582,0.81797752808989,0.012586143999622101,9.36078271614983e-05,0.0009900995015811151,0.019636053677414524
chameleon_filtered,Neighborhood Heterogeneity,0,pop200_gen50,200,50,5.05667595891282,0.019957801292786438,0.012643686525858516,0.004970513469215182,4.015239354323221,2.543738509948126,1.4247191011235985,0.004970513469215182,0.00010160670125551824,0.0012278887101703708,0.024659373505333114
chameleon_filtered,PageRank,0,pop200_gen50,200,50,5.2232687080977485,0.0001196248023866839,0.00012104840430677672,5.210392042572698e-05,2.2958887049047774,2.3232110620030717,1.5779775280898902,0.021477089500410503,5.210392042572698e-05,0.0012337374510494946,0.02604334988428687
chameleon_filtered,Eigenvector Centrality,0,pop200_gen50,200,50,5.372247291030362,0.0021450094100857447,0.0011682162569849552,0.00042583619048933553,5.037170296918348,2.74334658038937,1.4710112359550591,0.018559678941546524,0.00012482691135386024,0.00042583619048933553,0.020273096280378208
chameleon_filtered,Clustering Coefficient,0,pop200_gen50,200,50,5.191607250017114,0.025896348713403038,0.02171995525878654,0.006544835093167135,3.956761071098499,3.3186405691813934,2.0831460674157336,0.017918257177127205,9.108732445619014e-05,0.001321478606531809,0.006544835093167135
chameleon_filtered,Degree,0,pop100_gen100,100,100,5.085282166022807,2.448539325842699,1.9420224719101147,0.6961797752809014,3.5171078114912753,2.7895416397675854,0.6961797752809014,0.017736713629257807,7.862621750371585e-05,0.0008031760047153291,0.012825844634881792
chameleon_filtered,Neighborhood Heterogeneity,0,pop100_gen100,100,100,4.917576124891639,0.019957801292786438,0.012643686525858516,0.004133855127049291,4.827890837827241,3.0585703023616766,2.516853932584272,0.004133855127049291,8.70188885980103e-05,0.0022267935948540973,0.018861789855787126
chameleon_filtered,PageRank,0,pop100_gen100,100,100,5.19236683298368,0.0001196248023866839,0.00012104840430677672,4.9635945344103435e-05,2.410043801067544,2.438724667528808,1.3550561797752834,0.01994006687168324,4.9635945344103435e-05,0.0013382013551841965,0.01709626674539253
chameleon_filtered,Eigenvector Centrality,0,pop100_gen100,100,100,5.278402957948856,0.0021450094100857447,0.0011682162569849552,0.00034842973913446667,6.1562179376942865,3.3528029492744156,1.6898876404494405,0.01641781112158231,0.00011769881544091057,0.00034842973913446667,0.02023299433529781
chameleon_filtered,Clustering Coefficient,0,pop100_gen100,100,100,5.193173624924384,0.025896348713403038,0.02171995525878654,0.006148678536622588,4.211693384059669,3.532459068955833,2.457528089887643,0.02020692307795031,0.0001565143822748071,0.002189119184548223,0.006148678536622588
chameleon_filtered,Degree,1,pop50_gen20,50,20,0.5136582920094952,2.379775280898879,1.9424719101123622,0.9617977528089916,2.474299065420556,2.019626168224296,0.9617977528089916,0.013736299639253805,7.828167549112086e-05,0.0010181706991283282,0.024358734625727907
chameleon_filtered,Neighborhood Heterogeneity,1,pop50_gen20,50,20,0.5032317090081051,0.021016363945653593,0.01735479070103905,0.006742660362231591,3.1169245989869037,2.5738788206284804,1.622471910112362,0.006742660362231591,0.00013819757618765703,0.0008731464220200618,0.027555263306872125
chameleon_filtered,PageRank,1,pop50_gen20,50,20,0.5363054579356685,0.00014895105159612362,0.0001153670637115362,6.066715736561207e-05,2.45521725533416,1.901639515038983,1.791910112359553,0.021848077190139988,6.066715736561207e-05,0.0014080240926664846,0.02786724943656909
chameleon_filtered,Eigenvector Centrality,1,pop50_gen20,50,20,0.516252791043371,0.0019750213623895203,0.0022787096176144833,0.0005215109203905437,3.7871141047448953,4.369437970556833,1.227865168539329,0.016522232204089667,9.763541927369283e-05,0.0005215109203905437,0.020277140406942163
chameleon_filtered,Clustering Coefficient,1,pop50_gen20,50,20,0.5140811660094187,0.029585886398734672,0.022776369438847064,0.008361326598805863,3.5384201357425784,2.7240138475274858,1.3815730337078675,0.01825967440486288,0.00010687267194857727,0.0012063689144022108,0.008361326598805863
chameleon_filtered,Degree,1,pop100_gen50,100,50,2.511219333973713,2.379775280898879,1.9424719101123622,0.805842696629216,2.953151143335186,2.410485220301167,0.805842696629216,0.013543747188837335,6.91342645660453e-05,0.0007408875830099071,0.02576192890759919
chameleon_filtered,Neighborhood Heterogeneity,1,pop100_gen50,100,50,2.459988708025776,0.021016363945653593,0.01735479070103905,0.004715895664909579,4.456494680752559,3.6800624810625036,1.7402247191011255,0.004715895664909579,0.0001127219127675624,0.0009526779165875169,0.018705580986828674
chameleon_filtered,PageRank,1,pop100_gen50,100,50,2.6517225420102477,0.00014895105159612362,0.0001153670637115362,5.201635894634808e-05,2.863542443440883,2.217899638660422,1.4642696629213514,0.0180105021294583,5.201635894634808e-05,0.001579827667181026,0.0195883769669379
chameleon_filtered,Eigenvector Centrality,1,pop100_gen50,100,50,2.6450619590468705,0.0019750213623895203,0.0022787096176144833,0.00043717411082999836,4.51769972983953,5.212361759684789,1.7910112359550587,0.01906174623857388,0.00010194558312650525,0.00043717411082999836,0.019014339301321036
chameleon_filtered,Clustering Coefficient,1,pop100_gen50,100,50,2.5588951249374077,0.029585886398734672,0.022776369438847064,0.007161045976183791,4.131503483866941,3.180592543965884,2.0444943820224744,0.015031320934884998,0.00010020421920925587,0.001827129704474907,0.007161045976183791
chameleon_filtered,Degree,1,pop200_gen50,200,50,5.052515084040351,2.379775280898879,1.9424719101123622,0.7802247191011261,3.050115207373265,2.4896313364055254,0.7802247191011261,0.015055060824902535,8.094323714948617e-05,0.000637764924845554,0.020537424105909172
chameleon_filtered,Neighborhood Heterogeneity,1,pop200_gen50,200,50,5.142956875031814,0.021016363945653593,0.01735479070103905,0.005075253504799319,4.140948609912758,3.41949238291798,2.6993258426966316,0.005075253504799319,0.0001400093541858763,0.0018147631364833425,0.022288999865525565
chameleon_filtered,PageRank,1,pop200_gen50,200,50,5.381309332908131,0.00014895105159612362,0.0001153670637115362,5.310810486190143e-05,2.804676461030674,2.172306167044156,1.1860674157303397,0.018849965153952652,5.310810486190143e-05,0.0010848290417970006,0.027332068487173615
chameleon_filtered,Eigenvector Centrality,1,pop200_gen50,200,50,5.191063916077837,0.0019750213623895203,0.0022787096176144833,0.0005055303073285878,3.9068307750454676,4.507562819835751,1.7995505617977556,0.01440061802860726,0.000131377938679145,0.0005055303073285878,0.02495634988435786
chameleon_filtered,Clustering Coefficient,1,pop200_gen50,200,50,5.11828516703099,0.029585886398734672,0.022776369438847064,0.007032236335429383,4.207180331764004,3.2388515334868018,2.238651685393261,0.014278667314668717,0.00011957278508554487,0.0017534072167905037,0.007032236335429383
chameleon_filtered,Degree,1,pop100_gen100,100,100,4.972866374999285,2.379775280898879,1.9424719101123622,0.683146067415733,3.483552631578937,2.8434210526315717,0.683146067415733,0.01694728456856159,7.215327216543822e-05,0.0007141805394712467,0.021818261335383598
chameleon_filtered,Neighborhood Heterogeneity,1,pop100_gen100,100,100,4.803738125017844,0.021016363945653593,0.01735479070103905,0.004139717969248132,5.076762258147419,4.192264021355803,1.9191011235955078,0.004139717969248132,0.00011324219300724557,0.0017672245673796914,0.016281264273199363
chameleon_filtered,PageRank,1,pop100_gen100,100,100,5.204942709067836,0.00014895105159612362,0.0001153670637115362,5.040600395200308e-05,2.955025987339837,2.2887563914288758,1.5235955056179802,0.018601455229721706,5.040600395200308e-05,0.0017136568760407172,0.02383804607721394
chameleon_filtered,Eigenvector Centrality,1,pop100_gen100,100,100,5.276334583060816,0.0019750213623895203,0.0022787096176144833,0.00038666310451132525,5.107860924267918,5.893268819879712,1.741123595505621,0.022555744651328306,0.00011713414339808684,0.00038666310451132525,0.02028981751591031
chameleon_filtered,Clustering Coefficient,1,pop100_gen100,100,100,4.996261709020473,0.029585886398734672,0.022776369438847064,0.005549749808957111,5.331030662136163,4.104035357069027,2.1582022471910145,0.016299136630939626,0.000103672869151405,0.001987536823438743,0.005549749808957111
chameleon_filtered,Degree,2,pop50_gen20,50,20,0.5000552909914404,2.6665168539325865,2.2979775280898904,1.0080898876404523,2.6451181453410557,2.279536335265266,1.0080898876404523,0.021832238442023807,8.121755019432816e-05,0.0008358715697541752,0.013475118927271854
chameleon_filtered,Neighborhood Heterogeneity,2,pop50_gen20,50,20,0.5173325409414247,0.008639433787863568,0.016991688396907245,0.0070012155099866,1.2339905514321332,2.4269626285135972,2.162696629213486,0.0070012155099866,0.0001252467164196091,0.0020292602446275792,0.016163969622845272
chameleon_filtered,PageRank,2,pop50_gen20,50,20,0.5456981250317767,0.000104679848382552,0.00010580978515267769,5.934790844528583e-05,1.7638338254002448,1.7828730266076034,1.6966292134831484,0.019989903607311538,5.934790844528583e-05,0.002056895803724317,0.019735871569575212
chameleon_filtered,Eigenvector Centrality,2,pop50_gen20,50,20,0.5367280839709565,0.0030761804468004404,0.0017046109702086205,0.0005081876399262328,6.0532374365637285,3.354294430411683,1.9069662921348347,0.01493459026590826,0.00011187402865525423,0.0005081876399262328,0.02879323642272009
chameleon_filtered,Clustering Coefficient,2,pop50_gen20,50,20,0.5495824160752818,0.02526752907235601,0.01834758488522209,0.008536771863178208,2.959845885227745,2.1492415610121918,1.7869662921348344,0.020684807491017854,8.91276091834004e-05,0.001446176908185198,0.008536771863178208
chameleon_filtered,Degree,2,pop100_gen50,100,50,2.442683209083043,2.6665168539325865,2.2979775280898904,0.6921348314606767,3.8525974025973917,3.320129870129862,0.6921348314606767,0.013291876785289702,7.971491082863406e-05,0.0005825502308252493,0.015006037783767662
chameleon_filtered,Neighborhood Heterogeneity,2,pop100_gen50,100,50,2.458439250010997,0.008639433787863568,0.016991688396907245,0.00417622198968121,2.068719960100362,4.068674615212276,1.7384269662921379,0.00417622198968121,0.00012100734716682716,0.0012921333256575023,0.01470485485155151
chameleon_filtered,PageRank,2,pop100_gen50,100,50,2.6452453340170905,0.000104679848382552,0.00010580978515267769,5.285957772880688e-05,1.9803383394321863,2.0017145368721803,1.9577528089887668,0.014960667255303161,5.285957772880688e-05,0.001713628453823321,0.025506813722858308
chameleon_filtered,Eigenvector Centrality,2,pop100_gen50,100,50,2.663907542009838,0.0030761804468004404,0.0017046109702086205,0.0004022789653010435,7.646883660691519,4.2373852904115505,1.6862921348314632,0.022422370170609326,8.172541514356191e-05,0.0004022789653010435,0.021595035495145114
chameleon_filtered,Clustering Coefficient,2,pop100_gen50,100,50,2.4505280419252813,0.02526752907235601,0.01834758488522209,0.005880750645618477,4.296650307929972,3.119939271509867,1.6292134831460703,0.015281620941051599,9.596450888588495e-05,0.0019409321045732245,0.005880750645618477
chameleon_filtered,Degree,2,pop200_gen50,200,50,5.055660291924141,2.6665168539325865,2.2979775280898904,0.7851685393258455,3.396107613050935,2.926731539782477,0.7851685393258455,0.016976272940133385,7.750557771019824e-05,0.0007158231592023978,0.019980912860991545
chameleon_filtered,Neighborhood Heterogeneity,2,pop200_gen50,200,50,5.089412125060335,0.008639433787863568,0.016991688396907245,0.004885142488677179,1.7685121381593505,3.4782380322151734,1.8494382022471936,0.004885142488677179,0.00012170987323357856,0.0019427363153284448,0.032020944389343914
chameleon_filtered,PageRank,2,pop200_gen50,200,50,5.465297834016383,0.000104679848382552,0.00010580978515267769,5.1621462641482225e-05,2.0278357688073885,2.0497246637031656,1.3537078651685417,0.022232288111294247,5.1621462641482225e-05,0.0015194655439992894,0.01548776304489884
chameleon_filtered,Eigenvector Centrality,2,pop200_gen50,200,50,5.463772707968019,0.0030761804468004404,0.0017046109702086205,0.0003508115419025235,8.768754956344019,4.8590504205311005,1.9191011235955089,0.016241725999234093,0.00011453257037944023,0.0003508115419025235,0.020098839324570045
chameleon_filtered,Clustering Coefficient,2,pop200_gen50,200,50,5.222098625032231,0.02526752907235601,0.01834758488522209,0.00619411926213295,4.07927713417244,2.962097452237961,1.7694382022471935,0.017171617042315134,9.229071129004924e-05,0.0016733133922351763,0.00619411926213295
chameleon_filtered,Degree,2,pop100_gen100,100,100,4.85671066690702,2.6665168539325865,2.2979775280898904,0.634606741573036,4.2018413597733595,3.621104815864014,0.634606741573036,0.01356633558074075,7.983661787152428e-05,0.0006080367110013854,0.013588057002202197
chameleon_filtered,Neighborhood Heterogeneity,2,pop100_gen100,100,100,4.841240416979417,0.008639433787863568,0.016991688396907245,0.003497808410712841,2.4699562621564173,4.857809920310758,1.720000000000003,0.003497808410712841,0.00011655615327220634,0.0012897887418317443,0.015194539905236105
chameleon_filtered,PageRank,2,pop100_gen100,100,100,4.936428666929714,0.000104679848382552,0.00010580978515267769,5.123932458919368e-05,2.0429591768004856,2.065011317010858,1.7766292134831492,0.01526190994872471,5.123932458919368e-05,0.0015090595123674337,0.025602327153345678
chameleon_filtered,Eigenvector Centrality,2,pop100_gen100,100,100,5.2471407919656485,0.0030761804468004404,0.0017046109702086205,0.00036621647154091666,8.399896470677302,4.654654016615328,1.533033707865171,0.020893209869607104,7.916342862023097e-05,0.00036621647154091666,0.018922125235401644
chameleon_filtered,Clustering Coefficient,2,pop100_gen100,100,100,4.691229791031219,0.02526752907235601,0.01834758488522209,0.00562460581470684,4.4923199784575445,3.262021462419298,1.6467415730337105,0.015492959629869857,9.705672841379848e-05,0.001889972853972259,0.00562460581470684
chameleon_filtered,Degree,3,pop50_gen20,50,20,0.5280822080094367,2.574382022471913,2.3339325842696654,0.979775280898879,2.6275229357798127,2.3821100917431157,0.979775280898879,0.017751010075378947,7.935789482044098e-05,0.0007567602908172741,0.022508242378612896
chameleon_filtered,Neighborhood Heterogeneity,3,pop50_gen20,50,20,0.5135412910021842,0.015529823899269097,0.0167273184146439,0.006554583438745369,2.3693075302801705,2.552003276938332,2.3901123595505647,0.006554583438745369,0.00010990861669793118,0.0022589396116861403,0.025222066107788026
chameleon_filtered,PageRank,3,pop50_gen20,50,20,0.5435092499246821,0.00013018628854675405,0.00010744887956787141,6.0743131913490206e-05,2.1432264759111224,1.768905820017629,1.8080898876404525,0.02200995713053794,6.0743131913490206e-05,0.001634330344799107,0.017440611398155264
chameleon_filtered,Eigenvector Centrality,3,pop50_gen20,50,20,0.5296943749999627,0.0024144452627256436,0.0018394913459861006,0.0004416726169702869,5.466594871305035,4.164829956188682,1.3761797752809013,0.020441933517459397,9.99820669085249e-05,0.0004416726169702869,0.021458021863193965
chameleon_filtered,Clustering Coefficient,3,pop50_gen20,50,20,0.5189642090117559,0.017176416923666445,0.025614633676097516,0.010228322232765827,1.6792995500907086,2.504284973936639,1.661573033707868,0.018079624532230106,0.00011299005863883122,0.0010006226334382342,0.010228322232765827
chameleon_filtered,Degree,3,pop100_gen50,100,50,2.2760740841040388,2.574382022471913,2.3339325842696654,0.9856179775280923,2.6119471044231615,2.367989056087548,0.9856179775280923,0.023682942751250904,0.00010769494462814474,0.0007886892105024666,0.019256244197693045
chameleon_filtered,Neighborhood Heterogeneity,3,pop100_gen50,100,50,2.5608032499440014,0.015529823899269097,0.0167273184146439,0.005087886520064945,3.0523133403279727,3.287675216158395,1.6089887640449465,0.005087886520064945,0.0001038623986839329,0.001604070569790523,0.031542201882287534
chameleon_filtered,PageRank,3,pop100_gen50,100,50,2.6951357499929145,0.00013018628854675405,0.00010744887956787141,5.4660242851029774e-05,2.3817363728434553,1.9657592788365579,1.960000000000002,0.01840795840147171,5.4660242851029774e-05,0.0021481055388074205,0.02626827111770998
chameleon_filtered,Eigenvector Centrality,3,pop100_gen50,100,50,2.576119333971292,0.0024144452627256436,0.0018394913459861006,0.0003705618039344412,6.515634469311902,4.964060856934782,1.194606741573036,0.009989686814670476,0.00011462306034033759,0.0003705618039344412,0.026723460421402816
chameleon_filtered,Clustering Coefficient,3,pop100_gen50,100,50,3.0845550829544663,0.017176416923666445,0.025614633676097516,0.006249200142020233,2.7485784633733426,4.098865949877683,1.8701123595505642,0.018990010117714323,0.00010915734392945128,0.0015850415429181134,0.006249200142020233
chameleon_filtered,Degree,3,pop200_gen50,200,50,5.06807750009466,2.574382022471913,2.3339325842696654,0.7532584269662946,3.4176610978520214,3.0984486873508286,0.7532584269662946,0.018144180988160404,0.0001018787120389483,0.0010228604873469777,0.017637352650013986
chameleon_filtered,Neighborhood Heterogeneity,3,pop200_gen50,200,50,5.109314333065413,0.015529823899269097,0.0167273184146439,0.004416910599121887,3.5159923550086196,3.7871082149521906,1.8188764044943846,0.004416910599121887,0.00010306197645145764,0.0018244446509724048,0.014486555192518366
chameleon_filtered,PageRank,3,pop200_gen50,200,50,5.457510750042275,0.00013018628854675405,0.00010744887956787141,5.321981598552149e-05,2.446199524293195,2.018963755851824,1.4764044943820254,0.01467865642285748,5.321981598552149e-05,0.0016193307893727145,0.02982255539677011
chameleon_filtered,Eigenvector Centrality,3,pop200_gen50,200,50,5.288416292052716,0.0024144452627256436,0.0018394913459861006,0.0004178372437733377,5.778434782217253,4.40241116223704,1.3806741573033736,0.013482990921631948,0.00010311306583464168,0.0004178372437733377,0.018183875538929414
chameleon_filtered,Clustering Coefficient,3,pop200_gen50,200,50,5.1334803339559585,0.017176416923666445,0.025614633676097516,0.006928694270761751,2.4790265311819057,3.696891892630934,1.4984269662921375,0.014564176293906198,0.0001139260758676596,0.0012361281500692673,0.006928694270761751
chameleon_filtered,Degree,3,pop100_gen100,100,100,4.564835625002161,2.574382022471913,2.3339325842696654,0.810337078651688,3.176927343316688,2.8801996672212917,0.810337078651688,0.02447388087346982,9.264104470795049e-05,0.0007403617905064431,0.015015315350038302
chameleon_filtered,Neighborhood Heterogeneity,3,pop100_gen100,100,100,4.933995125000365,0.015529823899269097,0.0167273184146439,0.004501225156814191,3.45013265460832,3.71617011633404,1.6534831460674184,0.004501225156814191,0.00010959833740729709,0.0017020011818581781,0.03314634550194915
chameleon_filtered,PageRank,3,pop100_gen100,100,100,5.177788749919273,0.00013018628854675405,0.00010744887956787141,5.082954215160402e-05,2.5612327602412956,2.1139061069524243,1.9604494382022497,0.01893776809775762,5.082954215160402e-05,0.0018296307893665316,0.023007682639367328
chameleon_filtered,Eigenvector Centrality,3,pop100_gen100,100,100,5.307319000014104,0.0024144452627256436,0.0018394913459861006,0.0003382854440370414,7.137301664275179,5.4376899107272285,1.5173033707865191,0.014633605096782184,0.0001465875807324033,0.0003382854440370414,0.023623566497189417
chameleon_filtered,Clustering Coefficient,3,pop100_gen100,100,100,4.973077292088419,0.017176416923666445,0.025614633676097516,0.005040777688082029,3.4074934437749267,5.081484497254958,1.6175280898876434,0.019443899025156926,9.017277051596438e-05,0.0014663781012037517,0.005040777688082029
chameleon_filtered,Degree,4,pop50_gen20,50,20,0.5209480829071254,1.7267415730337106,1.8579775280898911,1.0143820224719131,1.7022596366858638,1.8316349136021248,1.0143820224719131,0.015666889182051245,8.34033665548465e-05,0.0010576627730498746,0.020866611273935874
chameleon_filtered,Neighborhood Heterogeneity,4,pop50_gen20,50,20,0.5160877089947462,0.015191880778064212,0.018301871417697218,0.006216348730278815,2.443859158683787,2.9441513357434093,2.124494382022474,0.006216348730278815,0.00010017671146635748,0.001943123878192884,0.024036839284876245
chameleon_filtered,PageRank,4,pop50_gen20,50,20,0.539282500045374,0.00011308397194278137,9.009335792170975e-05,6.130594178578348e-05,1.844584205849439,1.469569756166798,1.2678651685393287,0.01274124066062857,6.130594178578348e-05,0.0010266835513827923,0.023601772534570038
chameleon_filtered,Eigenvector Centrality,4,pop50_gen20,50,20,0.5164827089756727,0.0015291935966532558,0.001557222027223212,0.000646408909484396,2.365675308951121,2.409035525926337,1.4161797752809018,0.010551006092030673,0.00011674065074979232,0.000646408909484396,0.023692276004037588
chameleon_filtered,Clustering Coefficient,4,pop50_gen20,50,20,0.5099863749928772,0.023627060284095357,0.026583391466096073,0.00952916012199545,2.47944834398981,2.7896888210258544,2.1168539325842723,0.026926532067944493,0.00011984360811697881,0.0016532199293311206,0.00952916012199545
chameleon_filtered,Degree,4,pop100_gen50,100,50,2.536874125013128,1.7267415730337106,1.8579775280898911,0.8148314606741598,2.119139547710973,2.280198565912849,0.8148314606741598,0.017700259801042208,8.285242154767396e-05,0.0007375290775356216,0.019351387299202806
chameleon_filtered,Neighborhood Heterogeneity,4,pop100_gen50,100,50,2.472119790967554,0.015191880778064212,0.018301871417697218,0.004932361949611914,3.0800417595589336,3.7105694198166534,1.9496629213483172,0.004932361949611914,7.731711276960143e-05,0.0022481333868243827,0.013994743762151107
chameleon_filtered,PageRank,4,pop100_gen50,100,50,2.7022807089379057,0.00011308397194278137,9.009335792170975e-05,5.32973705190385e-05,2.121755179317643,1.6903902958876227,1.591460674157306,0.018996200641889244,5.32973705190385e-05,0.001322003000543347,0.016924197737095432
chameleon_filtered,Eigenvector Centrality,4,pop100_gen50,100,50,2.642568292096257,0.0015291935966532558,0.001557222027223212,0.0003589045936529619,4.260724503659849,4.338818880454195,1.2710112359550585,0.01489928379068883,8.431042464434696e-05,0.0003589045936529619,0.024342329433527682
chameleon_filtered,Clustering Coefficient,4,pop100_gen50,100,50,2.4868442500010133,0.023627060284095357,0.026583391466096073,0.006118849743151709,3.861356509128051,4.344507968323381,2.7339325842696653,0.014523743875324725,0.00012241491491417404,0.0024328402403684013,0.006118849743151709
chameleon_filtered,Degree,4,pop200_gen50,200,50,5.113801500061527,1.7267415730337106,1.8579775280898911,0.7851685393258453,2.199198626216367,2.3663423010875753,0.7851685393258453,0.01902792225560445,9.612480193124033e-05,0.001046423044814242,0.016354385681809126
chameleon_filtered,Neighborhood Heterogeneity,4,pop200_gen50,200,50,5.168169167009182,0.015191880778064212,0.018301871417697218,0.004740028365860491,3.2050189588488514,3.8611312011367573,1.4170786516853957,0.004740028365860491,8.897834485849856e-05,0.0013306227279471184,0.019957285146492153
chameleon_filtered,PageRank,4,pop200_gen50,200,50,5.299690417014062,0.00011308397194278137,9.009335792170975e-05,5.4960552866226794e-05,2.0575479329333923,1.6392367475086305,1.810337078651688,0.010711232635579743,5.4960552866226794e-05,0.001737291591101291,0.020350968561076304
chameleon_filtered,Eigenvector Centrality,4,pop200_gen50,200,50,5.25744137505535,0.0015291935966532558,0.001557222027223212,0.0004208112851013084,3.6339177460155554,3.700523446866017,1.5761797752809017,0.0221085013210606,0.00012329222772923326,0.0004208112851013084,0.016363813906843622
chameleon_filtered,Clustering Coefficient,4,pop200_gen50,200,50,5.183955040993169,0.023627060284095357,0.026583391466096073,0.006305681391708981,3.746948000760294,4.215784118279306,2.0773033707865194,0.019747786709850414,0.00010398549246014806,0.001798730230073516,0.006305681391708981
chameleon_filtered,Degree,4,pop100_gen100,100,100,4.98442300001625,1.7267415730337106,1.8579775280898911,0.6660674157303398,2.5924426450742177,2.7894736842105203,0.6660674157303398,0.01863165544199474,8.03684864451229e-05,0.000820661903704438,0.01852983928261191
chameleon_filtered,Neighborhood Heterogeneity,4,pop100_gen100,100,100,4.849992833915167,0.015191880778064212,0.018301871417697218,0.0043432151936413175,3.49784205956589,4.213899289285059,1.8184269662921373,0.0043432151936413175,8.214470197281152e-05,0.002099668985794172,0.015093974443385162
chameleon_filtered,PageRank,4,pop100_gen100,100,100,5.265129582956433,0.00011308397194278137,9.009335792170975e-05,4.947471333411613e-05,2.2856923127395343,1.8209980786201816,1.5420224719101152,0.0166861231386494,4.947471333411613e-05,0.0009435645504409938,0.015520092419562112
chameleon_filtered,Eigenvector Centrality,4,pop100_gen100,100,100,5.16007574996911,0.0015291935966532558,0.001557222027223212,0.0003415934632721808,4.4766477145225645,4.558699725417232,1.0988764044943846,0.0149695154538985,7.699860956843561e-05,0.0003415934632721808,0.02222162219278213
chameleon_filtered,Clustering Coefficient,4,pop100_gen100,100,100,4.827953000087291,0.023627060284095357,0.026583391466096073,0.005452889275126683,4.33294334287513,4.875102010113433,2.669213483146069,0.014457552631417014,0.00011754582558406329,0.002327095598122521,0.005452889275126683
chameleon_filtered,Degree,5,pop50_gen20,50,20,0.5018689170246944,1.4993258426966316,2.2930337078651712,0.9204494382022498,1.628906249999998,2.491210937499996,0.9204494382022498,0.014950917710162945,9.369862437307485e-05,0.0009125419725272488,0.022142311977617544
chameleon_filtered,Neighborhood Heterogeneity,5,pop50_gen20,50,20,0.504687707987614,0.018528654857883957,0.01268373439527964,0.006339543271767956,2.922711315876346,2.0007331524598033,2.1024719101123623,0.006339543271767956,0.00012320925041010773,0.001922658663003985,0.028494297932979955
chameleon_filtered,PageRank,5,pop50_gen20,50,20,0.531880124937743,0.00010241513453075335,9.003776607602632e-05,6.593138938108828e-05,1.5533592647166337,1.3656282223267193,1.6458426966292161,0.02149140065640546,6.593138938108828e-05,0.0009941237208308687,0.019181185224119955
chameleon_filtered,Eigenvector Centrality,5,pop50_gen20,50,20,0.5651872920570895,0.0008780498532099723,0.0022609978506854325,0.0006539609293912923,1.34266408549401,3.457389805825208,1.5829213483146098,0.01610051925178993,0.00011007741660435939,0.0006539609293912923,0.01823530502718991
chameleon_filtered,Clustering Coefficient,5,pop50_gen20,50,20,0.4936722500715405,0.025531433974368557,0.021720968248339845,0.011233982127320281,2.2726966880495425,1.933505679657076,1.5231460674157322,0.01650052508109071,9.620838352465826e-05,0.001523657471866692,0.011233982127320281
chameleon_filtered,Degree,5,pop100_gen50,100,50,2.486125333001837,1.4993258426966316,2.2930337078651712,0.8152808988764072,1.8390297684674721,2.81256890848952,0.8152808988764072,0.014477200846323802,8.579244551843137e-05,0.001519013032841899,0.014476946505390578
chameleon_filtered,Neighborhood Heterogeneity,5,pop100_gen50,100,50,2.4770887499907985,0.018528654857883957,0.01268373439527964,0.0045158631162027256,4.1030151670018356,2.808706568135544,2.1631460674157337,0.0045158631162027256,0.0001241812402836594,0.0018044518478777766,0.019965447369869473
chameleon_filtered,PageRank,5,pop100_gen50,100,50,2.656670583994128,0.00010241513453075335,9.003776607602632e-05,5.153318756391021e-05,1.987362695228984,1.7471802217622125,1.404494382022475,0.01679269830916034,5.153318756391021e-05,0.0009169502737968189,0.021898746901038497
chameleon_filtered,Eigenvector Centrality,5,pop100_gen50,100,50,2.63413591706194,0.0008780498532099723,0.0022609978506854325,0.0003639204423194611,2.412752214779932,6.21289047758591,1.4768539325842724,0.02562763684837336,9.461578615935849e-05,0.0003639204423194611,0.016846864382607657
chameleon_filtered,Clustering Coefficient,5,pop100_gen50,100,50,2.5696977080078796,0.025531433974368557,0.021720968248339845,0.0058683940252788275,4.350667979073793,3.701347959045372,1.7775280898876435,0.01543622064121653,0.00012182999047500543,0.0007686608667835043,0.0058683940252788275
chameleon_filtered,Degree,5,pop200_gen50,200,50,5.03282287507318,1.4993258426966316,2.2930337078651712,0.7361797752809016,2.0366300366300325,3.114774114774107,0.7361797752809016,0.0157064719565129,6.398151504068963e-05,0.0008057574444864567,0.027082503403921897
chameleon_filtered,Neighborhood Heterogeneity,5,pop200_gen50,200,50,5.039344875025563,0.018528654857883957,0.01268373439527964,0.004271335318014861,4.337906878848206,2.9695009759089834,2.30921348314607,0.004271335318014861,0.00011930205485301839,0.002591371921899635,0.023256512177723197
chameleon_filtered,PageRank,5,pop200_gen50,200,50,5.411317583988421,0.00010241513453075335,9.003776607602632e-05,5.1934117822908806e-05,1.9720202984862625,1.7336920284859352,1.6044943820224744,0.01595865845889522,5.1934117822908806e-05,0.0016770034708161862,0.02200410448946581
chameleon_filtered,Eigenvector Centrality,5,pop200_gen50,200,50,5.235683290986344,0.0008780498532099723,0.0022609978506854325,0.00045077306300290814,1.947875605877336,5.015822896832781,1.4903370786516885,0.015014470942904432,0.00011682275352535958,0.00045077306300290814,0.01729400650669411
chameleon_filtered,Clustering Coefficient,5,pop200_gen50,200,50,5.131262250011787,0.025531433974368557,0.021720968248339845,0.007460814377073193,3.4220706593137757,2.911340123283,2.8449438202247217,0.018017449626343295,0.0001266917125150228,0.003101103419693799,0.007460814377073193
chameleon_filtered,Degree,5,pop100_gen100,100,100,4.934784249984659,1.4993258426966316,2.2930337078651712,0.7253932584269689,2.06691449814126,3.1610904584882205,0.7253932584269689,0.012470041664547458,8.619675077501087e-05,0.0013837720344713443,0.0170398968340083
chameleon_filtered,Neighborhood Heterogeneity,5,pop100_gen100,100,100,4.817333625047468,0.018528654857883957,0.01268373439527964,0.0036065503984187403,5.137500606121484,3.5168604328503794,1.8889887640449465,0.0036065503984187403,9.781389641741506e-05,0.001840858644977674,0.02015385651389013
chameleon_filtered,PageRank,5,pop100_gen100,100,100,5.137663667090237,0.00010241513453075335,9.003776607602632e-05,4.889786363129259e-05,2.0944705335799565,1.8413435555169309,1.360898876404497,0.021664142002131827,4.889786363129259e-05,0.0013454157873915504,0.02341366599654061
chameleon_filtered,Eigenvector Centrality,5,pop100_gen100,100,100,5.131099374964833,0.0008780498532099723,0.0022609978506854325,0.00035421821429719414,2.4788387998401347,6.3830649001816235,1.4417977528089911,0.022499762181653064,0.00010208607235028589,0.00035421821429719414,0.01617839763031648
chameleon_filtered,Clustering Coefficient,5,pop100_gen100,100,100,4.923711374984123,0.025531433974368557,0.021720968248339845,0.004921847438305869,5.187368014632456,4.413173817475403,1.7851685393258456,0.015250958702788586,0.00011716407089418206,0.0007706193978171095,0.004921847438305869
chameleon_filtered,Degree,6,pop50_gen20,50,20,0.5027134170522913,1.9932584269662947,1.695280898876407,0.8035955056179798,2.480425055928408,2.109619686800892,0.8035955056179798,0.02270881413576308,7.997626571287235e-05,0.0010416581778064625,0.012473482176445705
chameleon_filtered,Neighborhood Heterogeneity,6,pop50_gen20,50,20,0.5370003749849275,0.018861758107884534,0.016099746239821557,0.00616614098294397,3.058924238037638,2.6109922371795777,1.878651685393261,0.00616614098294397,9.1621592714211e-05,0.0012185920265940602,0.025202814394054102
chameleon_filtered,PageRank,6,pop50_gen20,50,20,0.5308965409640223,8.19947677219369e-05,0.00010034681909485653,6.098441535164887e-05,1.3445200261269694,1.6454502107831293,1.7901123595505646,0.018332764025400856,6.098441535164887e-05,0.0024139740504437136,0.021908229203715462
chameleon_filtered,Eigenvector Centrality,6,pop50_gen20,50,20,0.5257645000237972,0.00196344748851537,0.0012158273036232095,0.0005611893360400399,3.4987255858605297,2.1665189010941264,1.6408988764044974,0.01035494989642266,0.00011572383889406834,0.0005611893360400399,0.019797475406833097
chameleon_filtered,Clustering Coefficient,6,pop50_gen20,50,20,0.5173894580220804,0.023488977600218796,0.02073480171897073,0.010289510402524338,2.2828080910882034,2.015139779039811,1.9528089887640476,0.01436897037822878,0.00010941328580740853,0.0022731073140016644,0.010289510402524338
chameleon_filtered,Degree,6,pop100_gen50,100,50,2.5758650000207126,1.9932584269662947,1.695280898876407,0.7757303370786541,2.569524913093854,2.185399768250286,0.7757303370786541,0.01175694865080412,7.82064632282368e-05,0.0008702525521366231,0.018600780422005834
chameleon_filtered,Neighborhood Heterogeneity,6,pop100_gen50,100,50,2.508539667003788,0.018861758107884534,0.016099746239821557,0.005118211130245343,3.6852247060352097,3.145580717583608,2.7959550561797775,0.005118211130245343,0.00011852900109819614,0.0019271468276306578,0.022873126220397923
chameleon_filtered,PageRank,6,pop100_gen50,100,50,2.637410416966304,8.19947677219369e-05,0.00010034681909485653,5.393481045744119e-05,1.520256899514595,1.86052047358242,1.179775280898879,0.011401422089907553,5.393481045744119e-05,0.0010356867855315865,0.020957452986324822
chameleon_filtered,Eigenvector Centrality,6,pop100_gen50,100,50,2.646114791976288,0.00196344748851537,0.0012158273036232095,0.00039636606083402564,4.953621620337328,3.067435443551574,1.4489887640449468,0.011144307707802625,0.00010435594744711023,0.00039636606083402564,0.020435802087983596
chameleon_filtered,Clustering Coefficient,6,pop100_gen50,100,50,2.4792764169396833,0.023488977600218796,0.02073480171897073,0.006088787558870353,3.8577430027098343,3.405407319354338,1.8912359550561824,0.014450084819468884,8.732542949397858e-05,0.0014498760822857525,0.006088787558870353
chameleon_filtered,Degree,6,pop200_gen50,200,50,5.00932695902884,1.9932584269662947,1.695280898876407,0.7047191011235983,2.8284438775510132,2.405612244897953,0.7047191011235983,0.01967036345575967,8.046999333386706e-05,0.001100241870194992,0.021530125633456382
chameleon_filtered,Neighborhood Heterogeneity,6,pop200_gen50,200,50,5.012077666935511,0.018861758107884534,0.016099746239821557,0.005292871362958727,3.5636154394163793,3.041779241508292,1.977528089887643,0.005292871362958727,9.29509668341472e-05,0.0018027394059402795,0.02602105602443544
chameleon_filtered,PageRank,6,pop200_gen50,200,50,4.8387130839983,8.19947677219369e-05,0.00010034681909485653,6.089414559140705e-05,1.346513148769878,1.6478894337096466,2.3626966292134854,0.01607102084109622,6.089414559140705e-05,0.0021244221800700226,0.021536943368832967
chameleon_filtered,Eigenvector Centrality,6,pop200_gen50,200,50,4.919021375011653,0.00196344748851537,0.0012158273036232095,0.0005176972325086615,3.7926559487306513,2.3485296564780604,1.5716853932584294,0.01880196205057789,0.00013890047784975915,0.0005176972325086615,0.027283803843421866
chameleon_filtered,Clustering Coefficient,6,pop200_gen50,200,50,5.066429125028662,0.023488977600218796,0.02073480171897073,0.006243828902694694,3.761950874419619,3.3208471984269243,1.9244943820224738,0.013509907155308153,8.416846432367891e-05,0.001283590547742039,0.006243828902694694
chameleon_filtered,Degree,6,pop100_gen100,100,100,5.037472457974218,1.9932584269662947,1.695280898876407,0.7110112359550587,2.803413400758527,2.384323640960804,0.7110112359550587,0.01009166547756516,7.610986949408902e-05,0.0007654028338386943,0.01565116410442194
chameleon_filtered,Neighborhood Heterogeneity,6,pop100_gen100,100,100,4.914708625059575,0.018861758107884534,0.016099746239821557,0.004244773373258913,4.443525354429811,3.792839999714996,2.301123595505621,0.004244773373258913,0.00010849946121511628,0.0014182094005763218,0.019187671258883866
chameleon_filtered,PageRank,6,pop100_gen100,100,100,5.189617750002071,8.19947677219369e-05,0.00010034681909485653,4.983813184950309e-05,1.645221533775336,2.0134546655535814,1.29483146067416,0.013655696235011122,4.983813184950309e-05,0.0008694420730557186,0.02328530499181559
chameleon_filtered,Eigenvector Centrality,6,pop100_gen100,100,100,5.332170375040732,0.00196344748851537,0.0012158273036232095,0.00034752411920113333,5.649816458865705,3.498540781624243,1.3078651685393285,0.010136038458832855,0.00010207090435453679,0.00034752411920113333,0.018368857965002656
chameleon_filtered,Clustering Coefficient,6,pop100_gen100,100,100,4.83634920802433,0.023488977600218796,0.02073480171897073,0.005411332140299633,4.340701511424538,3.831737025445756,1.9968539325842722,0.01602941917443878,8.458290675033474e-05,0.0016459589179903613,0.005411332140299633
chameleon_filtered,Degree,7,pop50_gen20,50,20,0.5040939589962363,2.066516853932587,2.1271910112359578,0.996853932584272,2.0730387736699707,2.1339044183949483,0.996853932584272,0.01971718826488163,7.133376370919528e-05,0.0010754129357772907,0.02160044076555339
chameleon_filtered,Neighborhood Heterogeneity,7,pop50_gen20,50,20,0.5065050839912146,0.014193058511179482,0.015893819824363407,0.006049186688628086,2.346275498136159,2.627430866738222,2.7680898876404516,0.006049186688628086,0.00013000193523353024,0.0021678133570936405,0.01873120958022594
chameleon_filtered,PageRank,7,pop50_gen20,50,20,0.5355304999975488,0.00014180242033457895,9.632572439039029e-05,5.7620809909392137e-05,2.4609584724262143,1.6717176405861192,2.1343820224719137,0.0203775489832578,5.7620809909392137e-05,0.0021477495112639344,0.02550983850333391
chameleon_filtered,Eigenvector Centrality,7,pop50_gen20,50,20,0.5228990409523249,0.0017050034524691623,0.001963544634617686,0.0005012558906936111,3.4014631730509333,3.91724999361232,2.2211235955056208,0.01516612204691666,0.00015708889732173617,0.0005012558906936111,0.02277493327835766
chameleon_filtered,Clustering Coefficient,7,pop50_gen20,50,20,0.5151826250366867,0.028455107078638985,0.02603777797870439,0.009982474793822431,2.8505062788886963,2.6083489832418754,2.4570786516853955,0.017585243392693857,0.0001031277768540985,0.002164062595051911,0.009982474793822431
chameleon_filtered,Degree,7,pop100_gen50,100,50,2.2916637079324573,2.066516853932587,2.1271910112359578,0.8777528089887665,2.3543266769073186,2.423451100870452,0.8777528089887665,0.011247855841360066,7.347969493041656e-05,0.0009229487649065292,0.029756019310795377
chameleon_filtered,Neighborhood Heterogeneity,7,pop100_gen50,100,50,2.528234332916327,0.014193058511179482,0.015893819824363407,0.004924275233420757,2.8822634475936795,3.2276465207494938,2.852584269662924,0.004924275233420757,0.00014641739447545803,0.002130447710253515,0.01968180891015084
chameleon_filtered,PageRank,7,pop100_gen50,100,50,2.590494457981549,0.00014180242033457895,9.632572439039029e-05,5.2997431871903305e-05,2.675647013940609,1.8175545679876155,1.390112359550564,0.015178309309850913,5.2997431871903305e-05,0.0016876886337882243,0.018059522035033488
chameleon_filtered,Eigenvector Centrality,7,pop100_gen50,100,50,2.5494361659511924,0.0017050034524691623,0.001963544634617686,0.00039818438759553157,4.281944510092329,4.931244658974974,1.210337078651688,0.017844833943867277,9.094684792906279e-05,0.00039818438759553157,0.023954107307079423
chameleon_filtered,Clustering Coefficient,7,pop100_gen50,100,50,2.4236721670022234,0.028455107078638985,0.02603777797870439,0.009042506529348819,3.1468163153970243,2.8794867766138577,2.020224719101126,0.013018939810689911,0.00011118031762222024,0.0013437865664372817,0.009042506529348819
chameleon_filtered,Degree,7,pop200_gen50,200,50,4.781490624998696,2.066516853932587,2.1271910112359578,1.0894382022471936,1.896864686468645,1.9525577557755756,1.0894382022471936,0.015514551401556869,9.036690385728568e-05,0.0008306790000504755,0.013440844141755337
chameleon_filtered,Neighborhood Heterogeneity,7,pop200_gen50,200,50,5.116939250030555,0.014193058511179482,0.015893819824363407,0.005344813524253577,2.6554824498131757,2.973690242370624,1.8017977528089912,0.005344813524253577,9.202574715748871e-05,0.0024976470016586034,0.02299908584750271
chameleon_filtered,PageRank,7,pop200_gen50,200,50,5.438445625011809,0.00014180242033457895,9.632572439039029e-05,5.292820004710921e-05,2.679146848152147,1.8199319890843584,1.5905617977528121,0.015999204745369675,5.292820004710921e-05,0.0009997608684695373,0.021404274482653637
chameleon_filtered,Eigenvector Centrality,7,pop200_gen50,200,50,5.378238457953557,0.0017050034524691623,0.001963544634617686,0.00042256157545164533,4.034923077534459,4.646765699221459,1.3622471910112388,0.018261420986709298,0.0001232715112264205,0.00042256157545164533,0.020592027986246236
chameleon_filtered,Clustering Coefficient,7,pop200_gen50,200,50,5.195665166946128,0.028455107078638985,0.02603777797870439,0.006711736277456621,4.2396044633359615,3.8794399693802144,2.4408988764044968,0.014132004247957389,0.00011100678675266151,0.0031717048651735682,0.006711736277456621
chameleon_filtered,Degree,7,pop100_gen100,100,100,4.765059083001688,2.066516853932587,2.1271910112359578,0.6539325842696655,3.160137457044665,3.2529209621993043,0.6539325842696655,0.01334634439705797,7.947129695084573e-05,0.0007634791482170646,0.036065438740546296
chameleon_filtered,Neighborhood Heterogeneity,7,pop100_gen100,100,100,4.951607625000179,0.014193058511179482,0.015893819824363407,0.0037076117353660293,3.8280865215187614,4.286808047551482,2.84044943820225,0.0037076117353660293,0.00014715817803534923,0.0022560899098753055,0.01945022682566071
chameleon_filtered,PageRank,7,pop100_gen100,100,100,5.011323541984893,0.00014180242033457895,9.632572439039029e-05,5.104095023377181e-05,2.7782088633756237,1.8872243551346604,1.4323595505617999,0.01677406355236353,5.104095023377181e-05,0.0016670788198155217,0.019698626296588456
chameleon_filtered,Eigenvector Centrality,7,pop100_gen100,100,100,5.7655951250344515,0.0017050034524691623,0.001963544634617686,0.00036567899385049596,4.662568758779278,5.369585531676617,1.081348314606744,0.01906546961139426,9.088676919260914e-05,0.00036567899385049596,0.0234023644864087
chameleon_filtered,Clustering Coefficient,7,pop100_gen100,100,100,4.792344165965915,0.028455107078638985,0.02603777797870439,0.009042506529348819,3.1468163153970243,2.8794867766138577,2.020224719101126,0.013018939810689911,0.00011118031762222024,0.0013437865664372817,0.009042506529348819
chameleon_filtered,Degree,8,pop50_gen20,50,20,0.5452032089233398,3.215730337078655,2.504719101123598,1.0507865168539352,3.0603079555175317,2.3836612489307063,1.0507865168539352,0.022273624166009125,9.268713686037915e-05,0.000796264232124749,0.01975275672303183
chameleon_filtered,Neighborhood Heterogeneity,8,pop50_gen20,50,20,0.5111158749787137,0.017729617840704617,0.017279271781444547,0.006853655253986958,2.5868849808853187,2.5211760937921004,2.03550561797753,0.006853655253986958,9.832473437746517e-05,0.0020822026381348007,0.020800138013862074
chameleon_filtered,PageRank,8,pop50_gen20,50,20,0.5446373330196366,0.00011251437329400957,0.000138500218526748,5.7678557555085555e-05,1.9507140619207304,2.401242756365296,1.4292134831460699,0.029895639272636908,5.7678557555085555e-05,0.000999816186254816,0.019556086964540954
chameleon_filtered,Eigenvector Centrality,8,pop50_gen20,50,20,0.5048676250735298,0.0034312790968607843,0.0013559481915410882,0.0007081664045121347,4.8453005889549905,1.9147310334146943,1.8341573033707896,0.019096085486954507,0.00011808463274229692,0.0007081664045121347,0.019290189980729993
chameleon_filtered,Clustering Coefficient,8,pop50_gen20,50,20,0.5197530000004917,0.01755628284855036,0.014642545726488265,0.008033808001760658,2.1853002766188583,1.8226158408664064,1.9460674157303401,0.0155360404887561,0.00010168144231506959,0.001907870460722483,0.008033808001760658
chameleon_filtered,Degree,8,pop100_gen50,100,50,2.5313820829614997,3.215730337078655,2.504719101123598,0.8678651685393284,3.705334023821847,2.886069394096318,0.8678651685393284,0.013256102498997457,7.989232239921542e-05,0.0012632679634152037,0.01890625613972027
chameleon_filtered,Neighborhood Heterogeneity,8,pop100_gen50,100,50,4.45088041597046,0.017729617840704617,0.017279271781444547,0.006034284293902721,2.9381475875472627,2.863516357508082,1.9676404494382047,0.006034284293902721,9.354932904765816e-05,0.001660556656690404,0.020469698462149532
chameleon_filtered,PageRank,8,pop100_gen50,100,50,4.179074791958556,0.00011251437329400957,0.000138500218526748,5.263443310258742e-05,2.1376571696842035,2.631361456041588,1.4804494382022497,0.012981233542387397,5.263443310258742e-05,0.0019023445013440395,0.020293491304580406
chameleon_filtered,Eigenvector Centrality,8,pop100_gen50,100,50,2.7209916251013055,0.0034312790968607843,0.0013559481915410882,0.00040894873257293907,8.390487177384246,3.3156923681118013,1.7892134831460702,0.021839263930581925,9.184505724008863e-05,0.00040894873257293907,0.020948336217466956
chameleon_filtered,Clustering Coefficient,8,pop100_gen50,100,50,2.727674250025302,0.01755628284855036,0.014642545726488265,0.0068647528906610215,2.5574529962228296,2.133004051232251,2.761797752808991,0.015337538745547274,0.00013604247701087758,0.0020560858903386414,0.0068647528906610215
chameleon_filtered,Degree,8,pop200_gen50,200,50,5.21527729195077,3.215730337078655,2.504719101123598,0.7622471910112386,4.218749999999989,3.2859669811320673,0.7622471910112386,0.010624899354376141,7.8058048221993e-05,0.0007324654093594363,0.01579106701312348
chameleon_filtered,Neighborhood Heterogeneity,8,pop200_gen50,200,50,5.109920999966562,0.017729617840704617,0.017279271781444547,0.004469091116628613,3.9671641007130467,3.8663950522628103,1.741123595505621,0.004469091116628613,0.0001294536660648717,0.0009848268164546286,0.017214923781043286
chameleon_filtered,PageRank,8,pop200_gen50,200,50,5.43369224993512,0.00011251437329400957,0.000138500218526748,5.4686412395657504e-05,2.0574466008112835,2.5326257923941986,1.591011235955059,0.017074175841185476,5.4686412395657504e-05,0.0018257585037540255,0.020964073742833326
chameleon_filtered,Eigenvector Centrality,8,pop200_gen50,200,50,5.015118916053325,0.0034312790968607843,0.0013559481915410882,0.0005642732667890635,6.0808819038798525,2.4029991696345387,1.9451685393258455,0.018610336289144623,0.00012810025151533408,0.0005642732667890635,0.022289924740130838
chameleon_filtered,Clustering Coefficient,8,pop200_gen50,200,50,5.074441332952119,0.01755628284855036,0.014642545726488265,0.0064194299192612825,2.7348663462893064,2.2809729073533154,1.616629213483149,0.015009454372809834,9.13321216143368e-05,0.0012719430803647105,0.0064194299192612825
chameleon_filtered,Degree,8,pop100_gen100,100,100,4.951005709008314,3.215730337078655,2.504719101123598,0.7119101123595529,4.517045454545444,3.518308080808073,0.7119101123595529,0.016370499833916002,8.573555004941528e-05,0.001237567621332167,0.016938194664201052
chameleon_filtered,Neighborhood Heterogeneity,8,pop100_gen100,100,100,4.749032083898783,0.017729617840704617,0.017279271781444547,0.00446452581355076,3.9712208151852444,3.870348723037591,1.9784269662921374,0.00446452581355076,0.00011224321456195237,0.0014980963804286404,0.018907642620011388
chameleon_filtered,PageRank,8,pop100_gen100,100,100,5.235377416014671,0.00011251437329400957,0.000138500218526748,4.9627410124001245e-05,2.2671820474386264,2.7908008534131685,1.6588764044943847,0.012161257145193848,4.9627410124001245e-05,0.0019110414769084373,0.023940926888603213
chameleon_filtered,Eigenvector Centrality,8,pop100_gen100,100,100,5.257263083010912,0.0034312790968607843,0.0013559481915410882,0.0003737201564398065,9.181412984379518,3.6282447392143404,1.842696629213486,0.022661709262246494,0.0001118942968055017,0.0003737201564398065,0.02067668178325406
chameleon_filtered,Clustering Coefficient,8,pop100_gen100,100,100,5.519347207969986,0.01755628284855036,0.014642545726488265,0.00562225504221762,3.122640776115616,2.60439016311731,2.642247191011239,0.013667081208543822,0.00013247128345435553,0.0020030770041756882,0.00562225504221762
chameleon_filtered,Degree,9,pop50_gen20,50,20,0.5221814169781283,1.8089887640449462,2.53797752808989,0.9523595505618003,1.8994808872109459,2.6649362907031575,0.9523595505618003,0.01905642382716864,8.845483908894937e-05,0.0011702792854174045,0.018624486271317527
chameleon_filtered,Neighborhood Heterogeneity,9,pop50_gen20,50,20,0.5031827919883654,0.017307249012539216,0.010708100481816883,0.0063210324076621695,2.738041493278832,1.6940429650126203,1.7617977528089916,0.0063210324076621695,0.0001234674570395083,0.001198712711545158,0.0187421991365846
chameleon_filtered,PageRank,9,pop50_gen20,50,20,0.5324112500529736,0.00011755948792693512,0.00011612304529186576,6.0096608149161674e-05,1.9561750911989704,1.9322728664427233,2.095730337078655,0.020340466927527705,6.0096608149161674e-05,0.002793479396828678,0.02334019481809577
chameleon_filtered,Eigenvector Centrality,9,pop50_gen20,50,20,0.5054860840318725,0.0020434657040081738,0.0024075394384273576,0.0005177310931052352,3.9469634550089,4.650173556290534,1.4287640449438233,0.010209052235808928,9.875691117426019e-05,0.0005177310931052352,0.025421473136638072
chameleon_filtered,Clustering Coefficient,9,pop50_gen20,50,20,0.5256304999347776,0.024053102536345527,0.025342368308672224,0.00902308707001727,2.665728741139089,2.808613960169146,1.6094382022471934,0.013255511540710248,9.487150631376284e-05,0.0009831727768028784,0.00902308707001727
chameleon_filtered,Degree,9,pop100_gen50,100,50,2.527612667065114,1.8089887640449462,2.53797752808989,0.8017977528089915,2.2561659192825068,3.165358744394611,0.8017977528089915,0.012725268293883683,9.318106174352592e-05,0.0010939618530653233,0.016484212555639505
chameleon_filtered,Neighborhood Heterogeneity,9,pop100_gen50,100,50,2.6104917919728905,0.017307249012539216,0.010708100481816883,0.004731296832474425,3.6580349162932744,2.2632485047903126,1.736629213483149,0.004731296832474425,8.629378961222091e-05,0.001116224257428149,0.023438767847705745
chameleon_filtered,PageRank,9,pop100_gen50,100,50,3.4931017078924924,0.00011755948792693512,0.00011612304529186576,5.186371050383514e-05,2.266700295541755,2.239003807552081,1.3725842696629238,0.018672469020978105,5.186371050383514e-05,0.0011608422960206737,0.026413760814466197
chameleon_filtered,Eigenvector Centrality,9,pop100_gen50,100,50,2.6664293750654906,0.0020434657040081738,0.0024075394384273576,0.00042626390446837283,4.793898058426365,5.648002125420375,1.4710112359550593,0.0228032429939073,0.00011488283207631818,0.00042626390446837283,0.024682016640422164
chameleon_filtered,Clustering Coefficient,9,pop100_gen50,100,50,2.5730180829996243,0.024053102536345527,0.025342368308672224,0.006247084562719505,3.850292451599957,4.056671244680588,2.068314606741576,0.012415401118943523,0.0001200606407470205,0.001405014766956892,0.006247084562719505
chameleon_filtered,Degree,9,pop200_gen50,200,50,5.201202165917493,1.8089887640449462,2.53797752808989,0.9051685393258451,1.998510427010921,2.8038728897715943,0.9051685393258451,0.019324296277141963,6.900378808454946e-05,0.0011046990473728494,0.02485200631842442
chameleon_filtered,Neighborhood Heterogeneity,9,pop200_gen50,200,50,5.043089749990031,0.017307249012539216,0.010708100481816883,0.004577262413719396,3.7811354141865063,2.339411533348311,1.7932584269662946,0.004577262413719396,0.00011813707823297767,0.0010950832324821181,0.02208142376915139
chameleon_filtered,PageRank,9,pop200_gen50,200,50,5.493101999978535,0.00011755948792693512,0.00011612304529186576,5.387185389267178e-05,2.182206095248688,2.155542029855075,1.6179775280898898,0.01598264190839247,5.387185389267178e-05,0.0018866233618712743,0.021612866954230033
chameleon_filtered,Eigenvector Centrality,9,pop200_gen50,200,50,5.336558416020125,0.0020434657040081738,0.0024075394384273576,0.00037327542876660556,5.474417940554755,6.449766721539813,1.4575280898876435,0.013636124161689467,0.00010041161351884353,0.00037327542876660556,0.020332451945589327
chameleon_filtered,Clustering Coefficient,9,pop200_gen50,200,50,5.205179041950032,0.024053102536345527,0.025342368308672224,0.007281613385818286,3.3032655349694195,3.480323242377736,1.5307865168539356,0.019677209523454125,0.00011810263815901392,0.0013394798533007657,0.007281613385818286
chameleon_filtered,Degree,9,pop100_gen100,100,100,5.04805541690439,1.8089887640449462,2.53797752808989,0.7024719101123624,2.5751759436980097,3.6129238643633927,0.7024719101123624,0.011910224959170539,9.200018758691741e-05,0.001143644201492803,0.01423556311934931
chameleon_filtered,Neighborhood Heterogeneity,9,pop100_gen100,100,100,4.844536542077549,0.017307249012539216,0.010708100481816883,0.004120401592318257,4.200379168090181,2.5988001999077466,1.511011235955059,0.004120401592318257,8.19899139738099e-05,0.0010197500225454818,0.021278144830806138
chameleon_filtered,PageRank,9,pop100_gen100,100,100,5.130527083063498,0.00011755948792693512,0.00011612304529186576,5.01608017938442e-05,2.3436524880541714,2.3150157321870504,1.4566292134831484,0.01971073403828933,5.01608017938442e-05,0.0014766157714886149,0.026876608404557974
chameleon_filtered,Eigenvector Centrality,9,pop100_gen100,100,100,5.301674000103958,0.0020434657040081738,0.0024075394384273576,0.0003786725316875301,5.39639274837707,6.357840183702554,1.3173033707865196,0.01955246812423293,0.00012648297967394502,0.0003786725316875301,0.02971681405904284
chameleon_filtered,Clustering Coefficient,9,pop100_gen100,100,100,5.3399686249904335,0.024053102536345527,0.025342368308672224,0.005047990144368913,4.764886984412404,5.020288785021085,2.117752808988766,0.012345254604568638,0.00014672873377239684,0.0014710829794963233,0.005047990144368913
chameleon_filtered,Degree,10,pop50_gen20,50,20,0.5450476249679923,2.206292134831463,2.3074157303370812,0.9002247191011259,2.450823764353466,2.563155267099347,0.9002247191011259,0.013656324569680042,8.432939415649154e-05,0.0013636785500323828,0.02944610005264344
chameleon_filtered,Neighborhood Heterogeneity,10,pop50_gen20,50,20,0.5170680419541895,0.02042115881160068,0.014608962768584149,0.007195983442865058,2.8378551693095697,2.030155139263027,1.9361797752809011,0.007195983442865058,0.00010902579022145768,0.001254695988916633,0.016609412353342835
chameleon_filtered,PageRank,10,pop50_gen20,50,20,0.5355904169846326,0.00012892573848105376,0.00011377937520604059,6.322798356546414e-05,2.0390613650926945,1.7995097864893514,1.4435955056179803,0.02086602995402357,6.322798356546414e-05,0.0012014620747523806,0.02110870257333494
chameleon_filtered,Eigenvector Centrality,10,pop50_gen20,50,20,0.5424033750314265,0.0021996310622693777,0.0019151165461992348,0.0004108332602282364,5.354072503884869,4.661542118413931,1.419325842696632,0.01836045298264937,9.664506206575273e-05,0.0004108332602282364,0.019352599145467005
chameleon_filtered,Clustering Coefficient,10,pop50_gen20,50,20,0.5100871250033379,0.017216828421585572,0.021532412406309223,0.009519888831219039,1.808511499118097,2.2618344382023587,2.1132584269662944,0.01653881324392356,0.00013658758538659448,0.0018494937316120466,0.009519888831219039
chameleon_filtered,Degree,10,pop100_gen50,100,50,2.5053487500408664,2.206292134831463,2.3074157303370812,0.7631460674157328,2.8910482921083562,3.023557126030618,0.7631460674157328,0.014015064702023947,8.80697037251095e-05,0.0012329085866052707,0.03128640772229344
chameleon_filtered,Neighborhood Heterogeneity,10,pop100_gen50,100,50,2.5653663330012932,0.02042115881160068,0.014608962768584149,0.004893703445624766,4.172945712486582,2.9852570616319927,1.2570786516853962,0.004893703445624766,8.133093542298272e-05,0.0009168620659651298,0.021950642913634758
chameleon_filtered,PageRank,10,pop100_gen50,100,50,2.7225291250506416,0.00012892573848105376,0.00011377937520604059,5.374688593001273e-05,2.398757365197609,2.1169482331348464,1.2395505617977556,0.02102288067215278,5.374688593001273e-05,0.0009830945226801293,0.014249075496143751
chameleon_filtered,Eigenvector Centrality,10,pop100_gen50,100,50,2.5717876669950783,0.0021996310622693777,0.0019151165461992348,0.0005645495368574182,3.896258731366054,3.3922914131854363,2.1600000000000024,0.02006792148637972,0.00011774911847972866,0.0005645495368574182,0.024947239721765966
chameleon_filtered,Clustering Coefficient,10,pop100_gen50,100,50,2.7463712089229375,0.017216828421585572,0.021532412406309223,0.007225063716498607,2.3829310158567223,2.980238410512483,2.211235955056183,0.0169609812785233,0.00011061650708151468,0.0020189756108944723,0.007225063716498607
chameleon_filtered,Degree,10,pop200_gen50,200,50,5.460759875015356,2.206292134831463,2.3074157303370812,0.7806741573033731,2.826137017846857,2.9556706966033337,0.7806741573033731,0.02495080145347988,8.139584478322371e-05,0.0013568662706603962,0.016003226791620678
chameleon_filtered,Neighborhood Heterogeneity,10,pop200_gen50,200,50,5.177659457898699,0.02042115881160068,0.014608962768584149,0.004210769528669584,4.849745081643748,3.4694282527497844,2.6170786516853957,0.004210769528669584,0.00014078667602912903,0.002755596850797566,0.012606121208881086
chameleon_filtered,PageRank,10,pop200_gen50,200,50,5.6959192079957575,0.00012892573848105376,0.00011377937520604059,5.2176790356479885e-05,2.470940385566326,2.1806510984804226,2.0458426966292165,0.02300974330791596,5.2176790356479885e-05,0.0022343599214789704,0.02027623378722339
chameleon_filtered,Eigenvector Centrality,10,pop200_gen50,200,50,5.308757374994457,0.0021996310622693777,0.0019151165461992348,0.0004115243761639902,5.345080849822701,4.6537135030758705,1.677752808988767,0.013405887113277152,0.00011346551688352032,0.0004115243761639902,0.027754252099765342
chameleon_filtered,Clustering Coefficient,10,pop200_gen50,200,50,5.1426755000138655,0.017216828421585572,0.021532412406309223,0.006599183533338821,2.608933110377491,3.2628903708357715,2.377977528089891,0.019693546353766078,0.00010715790549566147,0.00213286895705551,0.006599183533338821
chameleon_filtered,Degree,10,pop100_gen100,100,100,4.901891999994405,2.206292134831463,2.3074157303370812,0.6633707865168565,3.3258807588075783,3.478319783197822,0.6633707865168565,0.01390697503901934,9.380797269251179e-05,0.0010101322903811538,0.029657367647768475
chameleon_filtered,Neighborhood Heterogeneity,10,pop100_gen100,100,100,4.787607624894008,0.02042115881160068,0.014608962768584149,0.004673594513049955,4.369475947170688,3.1258515747979265,1.1698876404494412,0.004673594513049955,8.15085147842448e-05,0.001036608188431953,0.018942841159892643
chameleon_filtered,PageRank,10,pop100_gen100,100,100,5.207617125008255,0.00012892573848105376,0.00011377937520604059,5.145156507359477e-05,2.5057690333936833,2.2113880315067966,1.2530337078651714,0.023003619978769436,5.145156507359477e-05,0.0011196130753776592,0.01641043000397955
chameleon_filtered,Eigenvector Centrality,10,pop100_gen100,100,100,4.762949666939676,0.0021996310622693777,0.0019151165461992348,0.0005538340333166204,3.971643001238016,3.4579249937578056,1.7029213483146095,0.020748057955603916,9.474809631727047e-05,0.0005538340333166204,0.022373834432609048
chameleon_filtered,Clustering Coefficient,10,pop100_gen100,100,100,4.85648041695822,0.017216828421585572,0.021532412406309223,0.005832081460209429,2.9520898394597044,3.6920630401373025,2.1910112359550586,0.018059907425404264,0.0001107543319677023,0.002096478803855723,0.005832081460209429
chameleon_filtered,Degree,11,pop50_gen20,50,20,0.5283432500436902,2.0656179775280927,1.410786516853935,1.0071910112359574,2.0508701472556874,1.4007139669790263,1.0071910112359574,0.014836052405867679,7.877013069289667e-05,0.000787710350123218,0.01833154274637248
chameleon_filtered,Neighborhood Heterogeneity,11,pop50_gen20,50,20,0.5085595829878002,0.023278961276237884,0.018986523978077284,0.006736208855101224,3.4557956525663687,2.8185770938053816,1.803146067415733,0.006736208855101224,0.00011019432691832872,0.0018269128170801518,0.02103404864403078
chameleon_filtered,PageRank,11,pop50_gen20,50,20,0.5509831249946728,0.00011077559722127915,0.0001272603868389726,6.144387178642113e-05,1.8028746236294333,2.0711648393729103,1.4633707865168564,0.019170805096542565,6.144387178642113e-05,0.0018419296407898,0.015304929754723126
chameleon_filtered,Eigenvector Centrality,11,pop50_gen20,50,20,0.5056543330429122,0.0022463439266754135,0.0015437185996279806,0.0005702925208931561,3.938932818472407,2.7068890842375177,1.3128089887640475,0.018040382790096683,9.864267875251366e-05,0.0005702925208931561,0.02076832240576978
chameleon_filtered,Clustering Coefficient,11,pop50_gen20,50,20,0.5517894589575008,0.020769406254396598,0.03471641510451044,0.007696909255452769,2.698408616378425,4.510435806413604,2.0853932584269694,0.015088954866769607,9.08926850423059e-05,0.0017591641127381707,0.007696909255452769
chameleon_filtered,Degree,11,pop100_gen50,100,50,2.501562042045407,2.0656179775280927,1.410786516853935,0.796853932584272,2.5922165820642937,1.7704455724760273,0.796853932584272,0.020058166753458832,8.232443978965236e-05,0.0005826645401042044,0.022083498961739202
chameleon_filtered,Neighborhood Heterogeneity,11,pop100_gen50,100,50,2.5689215410966426,0.023278961276237884,0.018986523978077284,0.004972735811234185,4.6813187267353085,3.8181244085365984,2.0844943820224744,0.004972735811234185,9.038656873414113e-05,0.003120812781230219,0.01899458108661236
chameleon_filtered,PageRank,11,pop100_gen50,100,50,2.6760799170006067,0.00011077559722127915,0.0001272603868389726,5.354882735113832e-05,2.068683904035563,2.3765298538562183,1.2889887640449462,0.014872379292514212,5.354882735113832e-05,0.0014998322023366626,0.018901708683938853
chameleon_filtered,Eigenvector Centrality,11,pop100_gen50,100,50,2.3594193749595433,0.0022463439266754135,0.0015437185996279806,0.0005030202110157473,4.465713061786081,3.0688997495960533,1.7226966292134858,0.022871403941110268,9.216672947778643e-05,0.0005030202110157473,0.02509597811043306
chameleon_filtered,Clustering Coefficient,11,pop100_gen50,100,50,2.5455391249852255,0.020769406254396598,0.03471641510451044,0.007110217455596671,2.921064845639617,4.882609473101851,2.481348314606744,0.013576022767032797,0.00010834547306783486,0.002565148527886743,0.007110217455596671
chameleon_filtered,Degree,11,pop200_gen50,200,50,4.6066250409930944,2.0656179775280927,1.410786516853935,0.9910112359550585,2.0843537414965967,1.4235827664399086,0.9910112359550585,0.014739852996354691,0.00010040424922588198,0.0009755870996372606,0.016588630134595137
chameleon_filtered,Neighborhood Heterogeneity,11,pop200_gen50,200,50,5.557297291932628,0.023278961276237884,0.018986523978077284,0.004772096672252318,4.878141176727411,3.9786545164677247,1.7074157303370814,0.004772096672252318,0.00011415404912600617,0.0009388228471286918,0.022532624701847186
chameleon_filtered,PageRank,11,pop200_gen50,200,50,5.407145833945833,0.00011077559722127915,0.0001272603868389726,5.361051213088868e-05,2.0663036560968377,2.3737953953558524,1.5622471910112385,0.015258468610517089,5.361051213088868e-05,0.001915420043576982,0.020421336565313412
chameleon_filtered,Eigenvector Centrality,11,pop200_gen50,200,50,5.357095709070563,0.0022463439266754135,0.0015437185996279806,0.0003887405549796439,5.778517054370727,3.9710768013612996,1.4098876404494411,0.01802791493327429,7.762251927265754e-05,0.0003887405549796439,0.016829258504610676
chameleon_filtered,Clustering Coefficient,11,pop200_gen50,200,50,5.175114541081712,0.020769406254396598,0.03471641510451044,0.006741184786032241,3.080972694507779,5.149898156840765,2.0071910112359572,0.018815679866192706,9.288752615439634e-05,0.0019089610078577793,0.006741184786032241
chameleon_filtered,Degree,11,pop100_gen100,100,100,5.026116667082533,2.0656179775280927,1.410786516853935,0.704719101123598,2.9311224489795853,2.001913265306119,0.704719101123598,0.017664716505769926,8.07091500091154e-05,0.0005777540941962875,0.022615651030309814
chameleon_filtered,Neighborhood Heterogeneity,11,pop100_gen100,100,100,4.838642874965444,0.023278961276237884,0.018986523978077284,0.004146767602291664,5.613760767151029,4.578632274348965,2.061573033707867,0.004146767602291664,0.00010884992456346549,0.003204182320676282,0.021146099994168898
chameleon_filtered,PageRank,11,pop100_gen100,100,100,5.232993958052248,0.00011077559722127915,0.0001272603868389726,4.924167845732389e-05,2.2496308146214927,2.5844039201317015,1.5258426966292162,0.016633198076670748,4.924167845732389e-05,0.00223470033730501,0.015622527108369824
chameleon_filtered,Eigenvector Centrality,11,pop100_gen100,100,100,4.640716583002359,0.0022463439266754135,0.0015437185996279806,0.0005030202110157473,4.465713061786081,3.0688997495960533,1.7226966292134858,0.022871403941110268,9.216672947778643e-05,0.0005030202110157473,0.02509597811043306
chameleon_filtered,Clustering Coefficient,11,pop100_gen100,100,100,4.9383187079802155,0.020769406254396598,0.03471641510451044,0.005946461277775454,3.4927337931251685,5.838163822618502,2.452584269662924,0.014921592890044272,0.00010762352881058481,0.0026012441446997534,0.005946461277775454
chameleon_filtered,Degree,12,pop50_gen20,50,20,0.5103414159966633,2.347865168539329,2.7617977528089916,0.8498876404494407,2.762559492332095,3.2496033844526644,0.8498876404494407,0.012095203086984955,8.472809718218493e-05,0.0013477042235985448,0.01869755253047982
chameleon_filtered,Neighborhood Heterogeneity,12,pop50_gen20,50,20,0.5121658339630812,0.01854671395896525,0.011310331840695955,0.007214100048197117,2.570897802228329,1.5678091189659247,1.7492134831460704,0.007214100048197117,0.00010066519185615228,0.002118937781004859,0.028858307113262205
chameleon_filtered,PageRank,12,pop50_gen20,50,20,0.68145725002978,0.00010957162903167286,0.00011729642836601339,5.907081437951364e-05,1.8549198988134048,1.9856917430055439,1.5478651685393288,0.01691496751993224,5.907081437951364e-05,0.0013046784540645489,0.020665781365853543
chameleon_filtered,Eigenvector Centrality,12,pop50_gen20,50,20,0.5300281669478863,0.001626272256639618,0.0023165567454080226,0.0005566157930212973,2.9217141824385737,4.161859534803725,1.6516853932584303,0.01657544143497943,9.816751389251312e-05,0.0005566157930212973,0.018886128268895554
chameleon_filtered,Clustering Coefficient,12,pop50_gen20,50,20,0.5575567920459434,0.02464049014190723,0.024627483913600482,0.00948871117303167,2.5968216012243235,2.595450895754469,1.791910112359553,0.01515025734901428,0.00011161516530807468,0.0015488296634138857,0.00948871117303167
chameleon_filtered,Degree,12,pop100_gen50,100,50,2.5409262500470504,2.347865168539329,2.7617977528089916,0.7964044943820248,2.9480812641083474,3.4678329571106032,0.7964044943820248,0.02087981459130062,7.687664918677007e-05,0.0008169857377736428,0.025988771278671365
chameleon_filtered,Neighborhood Heterogeneity,12,pop100_gen50,100,50,2.3505172920413315,0.01854671395896525,0.011310331840695955,0.006710124927876366,2.7639893680541285,1.6855620368122524,1.6719101123595528,0.006710124927876366,7.470736421725858e-05,0.001453288439093785,0.018628601428168346
chameleon_filtered,PageRank,12,pop100_gen50,100,50,2.396929583977908,0.00010957162903167286,0.00011729642836601339,5.907603978579256e-05,1.8547558270489246,1.9855161041824352,2.210337078651688,0.021520722812732273,5.907603978579256e-05,0.002745942705824751,0.019748886405622036
chameleon_filtered,Eigenvector Centrality,12,pop100_gen50,100,50,2.63299004198052,0.001626272256639618,0.0023165567454080226,0.0003763036448618512,4.321702111699333,6.156083729293875,1.29483146067416,0.013805881967621563,8.985746163123093e-05,0.0003763036448618512,0.02310542828243268
chameleon_filtered,Clustering Coefficient,12,pop100_gen50,100,50,2.557487125042826,0.02464049014190723,0.024627483913600482,0.006911924886239522,3.564924467128151,3.563042758556253,2.45168539325843,0.014085347258140524,9.80837612326772e-05,0.0018921814584556718,0.006911924886239522
chameleon_filtered,Degree,12,pop200_gen50,200,50,5.108772499952465,2.347865168539329,2.7617977528089916,0.8085393258426994,2.903835464146742,3.41578654808226,0.8085393258426994,0.017201153522127123,6.805200518770425e-05,0.0007706109942939689,0.014073449421570896
chameleon_filtered,Neighborhood Heterogeneity,12,pop200_gen50,200,50,5.2744360830402,0.01854671395896525,0.011310331840695955,0.005373792241463498,3.4513269448456088,2.104720713507841,1.7325842696629237,0.005373792241463498,0.00011419858024478375,0.0014324955678141269,0.022948391891383358
chameleon_filtered,PageRank,12,pop200_gen50,200,50,5.359448541072197,0.00010957162903167286,0.00011729642836601339,5.5017620995392985e-05,1.9915733732079777,2.1319792867058984,1.6561797752809018,0.017992330730128812,5.5017620995392985e-05,0.002112701448521942,0.022821756387244534
chameleon_filtered,Eigenvector Centrality,12,pop200_gen50,200,50,5.344270166940987,0.001626272256639618,0.0023165567454080226,0.00037293792147719793,4.360704994005419,6.211641702276342,1.2413483146067439,0.017250798200623366,9.512586159829939e-05,0.00037293792147719793,0.021655783633956684
chameleon_filtered,Clustering Coefficient,12,pop200_gen50,200,50,5.1678809999721125,0.02464049014190723,0.024627483913600482,0.006329617094325139,3.8928879543122488,3.8908331335998856,2.0391011235955085,0.014495035414113086,0.00010039419685795592,0.0011093721959627189,0.006329617094325139
chameleon_filtered,Degree,12,pop100_gen100,100,100,4.706849790993147,2.347865168539329,2.7617977528089916,0.7608988764044968,3.0856467808623687,3.6296515062020003,0.7608988764044968,0.02332933849163269,7.739328612791659e-05,0.0007518101936640171,0.025758894489030165
chameleon_filtered,Neighborhood Heterogeneity,12,pop100_gen100,100,100,4.748958833049983,0.01854671395896525,0.011310331840695955,0.004763034779285449,3.8938858980466295,2.3746061838315473,1.6512359550561826,0.004763034779285449,8.266101481536667e-05,0.001549435145285183,0.02231008370052131
chameleon_filtered,PageRank,12,pop100_gen100,100,100,4.765620333957486,0.00010957162903167286,0.00011729642836601339,5.907603978579256e-05,1.8547558270489246,1.9855161041824352,2.210337078651688,0.021520722812732273,5.907603978579256e-05,0.002745942705824751,0.019748886405622036
chameleon_filtered,Eigenvector Centrality,12,pop100_gen100,100,100,5.273572916048579,0.001626272256639618,0.0023165567454080226,0.00034426114334563577,4.723949501924625,6.7290682965118025,1.3253932584269688,0.012697956049710166,8.457489584554136e-05,0.00034426114334563577,0.02312858229192672
chameleon_filtered,Clustering Coefficient,12,pop100_gen100,100,100,4.925658707972616,0.02464049014190723,0.024627483913600482,0.005925773792119867,4.15818946289754,4.155994605523126,2.587865168539329,0.014335226810882595,9.95478958354417e-05,0.0020070110165106244,0.005925773792119867
chameleon_filtered,Degree,13,pop50_gen20,50,20,0.4956325839739293,2.0130337078651714,2.3146067415730363,0.9824719101123621,2.048947849954252,2.3559011893870045,0.9824719101123621,0.02210822169156221,0.00010561989282539312,0.0010803964065977773,0.02281847286994579
chameleon_filtered,Neighborhood Heterogeneity,13,pop50_gen20,50,20,0.5017428339924663,0.014743327971422266,0.013659824440988252,0.006769650008403854,2.177856750809846,2.017803641847204,2.0107865168539347,0.006769650008403854,0.00012841412875904467,0.0013369401217272097,0.020448816786117967
chameleon_filtered,PageRank,13,pop50_gen20,50,20,0.5300612080609426,0.000130222963695445,0.0001052258142975003,6.64415022743095e-05,1.959964167544078,1.5837362295492117,1.878651685393261,0.014784042548095238,6.64415022743095e-05,0.0016923286561306614,0.01911289240069693
chameleon_filtered,Eigenvector Centrality,13,pop50_gen20,50,20,0.5332332079997286,0.001917230238084895,0.001929239773669927,0.0005602157468816349,3.422306939347738,3.4437442796079534,1.4026966292134857,0.020610346698694014,0.00012217985910837101,0.0005602157468816349,0.020621529546562635
chameleon_filtered,Clustering Coefficient,13,pop50_gen20,50,20,0.5411070419941097,0.01693987157545887,0.021635768144098587,0.008667660354656258,1.9543764848098586,2.496148586680127,1.799101123595508,0.015389277444880329,0.00011926365660085267,0.001591281779199467,0.008667660354656258
chameleon_filtered,Degree,13,pop100_gen50,100,50,2.573978125001304,2.0130337078651714,2.3146067415730363,0.755955056179778,2.6629013079667008,3.061831153388815,0.755955056179778,0.010014710551483572,7.835887564808298e-05,0.0005932969336115352,0.01610708441141503
chameleon_filtered,Neighborhood Heterogeneity,13,pop100_gen50,100,50,2.547261332976632,0.014743327971422266,0.013659824440988252,0.0047920316503791294,3.076634097409566,2.8505288440462477,1.4355056179775305,0.0047920316503791294,0.00010328824735733158,0.0012626756544126456,0.031523832872741776
chameleon_filtered,PageRank,13,pop100_gen50,100,50,2.659893334028311,0.000130222963695445,0.0001052258142975003,5.233512484981659e-05,2.4882517060796,2.010615520636693,1.4593258426966318,0.01987185168425352,5.233512484981659e-05,0.0016666843479953303,0.023651174840783308
chameleon_filtered,Eigenvector Centrality,13,pop100_gen50,100,50,2.5575183749897406,0.001917230238084895,0.001929239773669927,0.0003952451573809735,4.850736820633308,4.881121849673541,1.8220224719101155,0.01309404253122511,9.768198479804724e-05,0.0003952451573809735,0.023643863523995494
chameleon_filtered,Clustering Coefficient,13,pop100_gen50,100,50,2.5537828750675544,0.01693987157545887,0.021635768144098587,0.006618412743598848,2.5595066720253525,3.2690267262379673,1.9397752808988789,0.019431133650745558,0.00010438572814022895,0.001517097139808798,0.006618412743598848
chameleon_filtered,Degree,13,pop200_gen50,200,50,5.132490042014979,2.0130337078651714,2.3146067415730363,0.8089887640449465,2.488333333333329,2.861111111111105,0.8089887640449465,0.014230438772630822,7.54994180778726e-05,0.0008055309260752927,0.021453341951267822
chameleon_filtered,Neighborhood Heterogeneity,13,pop200_gen50,200,50,5.188764332910068,0.014743327971422266,0.013659824440988252,0.0055161467918686605,2.6727584539909945,2.4763344697650482,1.5438202247191035,0.0055161467918686605,0.00012356254291209177,0.0010071375929711773,0.02433499147081545
chameleon_filtered,PageRank,13,pop200_gen50,200,50,5.44123729201965,0.000130222963695445,0.0001052258142975003,5.365165827644914e-05,2.4271936390940496,1.9612779488623948,1.541123595505621,0.01201409049918142,5.365165827644914e-05,0.001813738469197614,0.020726471995356408
chameleon_filtered,Eigenvector Centrality,13,pop200_gen50,200,50,5.348756334045902,0.001917230238084895,0.001929239773669927,0.00039809232098733557,4.816044261617112,4.84621197637043,1.5986516853932613,0.011949578919604914,0.00010501941012482695,0.00039809232098733557,0.024788049604259493
chameleon_filtered,Clustering Coefficient,13,pop200_gen50,200,50,5.137812041910365,0.01693987157545887,0.021635768144098587,0.006949898071461393,2.4374273408439833,3.1131058213561853,2.241348314606744,0.018696414564600146,9.626058520049787e-05,0.002212629020173831,0.006949898071461393
chameleon_filtered,Degree,13,pop100_gen100,100,100,4.930025000008754,2.0130337078651714,2.3146067415730363,0.6476404494382046,3.1082581540596737,3.5739070090215037,0.6476404494382046,0.011949690485770778,7.729308141445524e-05,0.000601749267550586,0.01816958707746771
chameleon_filtered,Neighborhood Heterogeneity,13,pop100_gen100,100,100,4.997834625071846,0.014743327971422266,0.013659824440988252,0.004036363522741898,3.652626402045953,3.384190835147858,1.6489887640449463,0.004036363522741898,0.00010838240868243693,0.001325797778848797,0.02618134440369595
chameleon_filtered,PageRank,13,pop100_gen100,100,100,5.193096249946393,0.000130222963695445,0.0001052258142975003,4.950829722888091e-05,2.630326046024438,2.1254177620173995,1.3141573033707892,0.022663952500632627,4.950829722888091e-05,0.0014529361745542599,0.019337417728042296
chameleon_filtered,Eigenvector Centrality,13,pop100_gen100,100,100,5.052381500019692,0.001917230238084895,0.001929239773669927,0.0003846676778680276,4.984120965688886,5.015341513387599,1.0462921348314633,0.01081306436674648,8.177604713689156e-05,0.0003846676778680276,0.0176849822953386
chameleon_filtered,Clustering Coefficient,13,pop100_gen100,100,100,4.996216207975522,0.01693987157545887,0.021635768144098587,0.005115403019456061,3.3115419275918843,4.229533442782226,2.049438202247194,0.02108558109678913,0.00010697118358539046,0.001568628844545282,0.005115403019456061
chameleon_filtered,Degree,14,pop50_gen20,50,20,0.5222544580465183,2.508314606741576,2.6107865168539353,1.0125842696629241,2.4771415889924504,2.5783399911229425,1.0125842696629241,0.02080948547700817,7.349090997727379e-05,0.0007952249633345737,0.02454097118708822
chameleon_filtered,Neighborhood Heterogeneity,14,pop50_gen20,50,20,0.5291872919769958,0.014599591687405367,0.015738420441662987,0.0071245595373296946,2.049192179658216,2.209037675831086,1.968988764044947,0.0071245595373296946,9.546896036912415e-05,0.0013347213773775297,0.016656569276642403
chameleon_filtered,PageRank,14,pop50_gen20,50,20,0.5421715000411496,0.0001324480821966125,0.0001223236804222107,6.171785234603908e-05,2.146025455552209,1.9819821295201174,1.4062921348314634,0.020790539784043015,6.171785234603908e-05,0.0013360975372717968,0.017063531352288948
chameleon_filtered,Eigenvector Centrality,14,pop50_gen20,50,20,0.5228483750252053,0.002094211831932598,0.002370624899112901,0.0005094638687275887,4.110618947645877,4.653175710053108,1.3631460674157332,0.01494561816701728,0.00010739207276266568,0.0005094638687275887,0.018173319846886214
chameleon_filtered,Clustering Coefficient,14,pop50_gen20,50,20,0.5372750420356169,0.02592451343458494,0.017755276680555116,0.009833555311898853,2.636331683945034,1.8055805980031228,2.081348314606745,0.015759117271793015,0.00011756692381079351,0.0013352698539059048,0.009833555311898853
chameleon_filtered,Degree,14,pop100_gen50,100,50,2.33577200002037,2.508314606741576,2.6107865168539353,0.9716853932584295,2.581406105457906,2.6868640148011056,0.9716853932584295,0.015347874871549308,9.02677992416312e-05,0.001124584903871885,0.02802097403179949
chameleon_filtered,Neighborhood Heterogeneity,14,pop100_gen50,100,50,2.4882402499206364,0.014599591687405367,0.015738420441662987,0.005128565218425198,2.8467204891835984,3.06877650402498,1.6175280898876427,0.005128565218425198,9.209084982452218e-05,0.0007961199200436184,0.018743491256134007
chameleon_filtered,PageRank,14,pop100_gen50,100,50,2.7271669999463484,0.0001324480821966125,0.0001223236804222107,5.2844123067510485e-05,2.5063919033608477,2.3148019745911443,1.6125842696629242,0.019880039871073837,5.2844123067510485e-05,0.0013167576559776665,0.021246586083746594
chameleon_filtered,Eigenvector Centrality,14,pop100_gen50,100,50,2.6502635419601575,0.002094211831932598,0.002370624899112901,0.0004473213100303436,4.681672401859279,5.299601977272426,1.9811235955056201,0.013257194693420038,0.00015323921516667086,0.0004473213100303436,0.015710561840439372
chameleon_filtered,Clustering Coefficient,14,pop100_gen50,100,50,2.5814103750744835,0.02592451343458494,0.017755276680555116,0.006436209277826084,4.027916482439379,2.758654343594029,2.2633707865168566,0.018538060418089454,0.00011484906054132788,0.0018632364775238313,0.006436209277826084
chameleon_filtered,Degree,14,pop200_gen50,200,50,5.061673833988607,2.508314606741576,2.6107865168539353,0.7842696629213508,3.198280802292257,3.3289398280802223,0.7842696629213508,0.01242111600558744,8.082891828330994e-05,0.001096571574229691,0.0260116629479741
chameleon_filtered,Neighborhood Heterogeneity,14,pop200_gen50,200,50,5.217208916088566,0.014599591687405367,0.015738420441662987,0.004928671955811173,2.9621755755506616,3.1932375663806414,1.83730337078652,0.004928671955811173,9.425008420508449e-05,0.0017397686070079028,0.015353467263855216
chameleon_filtered,PageRank,14,pop200_gen50,200,50,5.312445832998492,0.0001324480821966125,0.0001223236804222107,5.142221122855153e-05,2.5756979140382117,2.3788101969891957,1.4094382022471938,0.012407847337759606,5.142221122855153e-05,0.0009271437899141318,0.022329334788201198
chameleon_filtered,Eigenvector Centrality,14,pop200_gen50,200,50,5.138718375004828,0.002094211831932598,0.002370624899112901,0.000376442716449312,5.5631620441103244,6.297438615556547,1.5101123595505643,0.0177375051479661,9.235177416450371e-05,0.000376442716449312,0.016929096322898164
chameleon_filtered,Clustering Coefficient,14,pop200_gen50,200,50,5.236877499963157,0.02592451343458494,0.017755276680555116,0.007193755454745432,3.60375239298461,2.4681512726211277,2.874157303370789,0.014096693841510266,0.0001406569197841873,0.0021647454924476396,0.007193755454745432
chameleon_filtered,Degree,14,pop100_gen100,100,100,4.792051166994497,2.508314606741576,2.6107865168539353,0.7541573033707891,3.325983313468407,3.4618593563766304,0.7541573033707891,0.01945148968880765,6.784498997798683e-05,0.0007682556386926422,0.02031523784217462
chameleon_filtered,Neighborhood Heterogeneity,14,pop100_gen100,100,100,4.906254041008651,0.014599591687405367,0.015738420441662987,0.0041331460465038735,3.532319333296921,3.807854903887495,2.125393258426969,0.0041331460465038735,0.00012611800457755946,0.0010636631953488684,0.022745035786578775
chameleon_filtered,PageRank,14,pop100_gen100,100,100,5.271286083967425,0.0001324480821966125,0.0001223236804222107,5.056881855032778e-05,2.6191650505893413,2.4189546825277337,1.5739325842696654,0.019065041357881563,5.056881855032778e-05,0.00150667155707266,0.01933589603897414
chameleon_filtered,Eigenvector Centrality,14,pop100_gen100,100,100,5.251193332951516,0.002094211831932598,0.002370624899112901,0.0003750128348425377,5.5843737529994835,6.321450038125471,1.919101123595508,0.01567322310227691,0.00015079853333458077,0.0003750128348425377,0.02025757499959486
chameleon_filtered,Clustering Coefficient,14,pop100_gen100,100,100,5.131081125000492,0.02592451343458494,0.017755276680555116,0.00532045704974107,4.872610227319964,3.337171320914847,2.339325842696632,0.02067339414500453,0.00011660553100722158,0.0019036920607560664,0.00532045704974107
chameleon_filtered,Degree,15,pop50_gen20,50,20,0.539062250056304,1.7662921348314633,2.5653932584269685,1.0871910112359577,1.6246382802811064,2.35965274906986,1.0871910112359577,0.015645454841969386,8.397503679434144e-05,0.0009849699058418241,0.020462536594601212
chameleon_filtered,Neighborhood Heterogeneity,15,pop50_gen20,50,20,0.5190347079187632,0.014643163881107656,0.016526686205120555,0.006135294911231884,2.3867090487044753,2.6937068949799223,2.6220224719101157,0.006135294911231884,0.00010424341811263638,0.0021776009793120507,0.021212465936535772
chameleon_filtered,PageRank,15,pop50_gen20,50,20,0.5084398749750108,0.00011133226245278582,9.848829872562823e-05,5.846735881913078e-05,1.9041780696335715,1.6845005609078825,1.3186516853932617,0.013621341211909648,5.846735881913078e-05,0.001466352327104657,0.01666297564805342
chameleon_filtered,Eigenvector Centrality,15,pop50_gen20,50,20,0.5371730830520391,0.0013354076812974126,0.002006407623504474,0.0004862908301785327,2.746109115006636,4.125941718390739,1.8813483146067447,0.011813938242665833,0.00011134283883038648,0.0004862908301785327,0.02054703465940267
chameleon_filtered,Clustering Coefficient,15,pop50_gen20,50,20,0.546008332981728,0.019704106233253152,0.015330706145573369,0.009324268511095326,2.113206650988915,1.6441725297089782,1.8737078651685422,0.02009464240350415,7.32140840425396e-05,0.0015358645872182645,0.009324268511095326
chameleon_filtered,Degree,15,pop100_gen50,100,50,2.71549233305268,1.7662921348314633,2.5653932584269685,0.8179775280898903,2.1593406593406557,3.1362637362637287,0.8179775280898903,0.013296468923433436,8.523123336843648e-05,0.0010843859453343065,0.02590998946699456
chameleon_filtered,Neighborhood Heterogeneity,15,pop100_gen50,100,50,3.678490167018026,0.014643163881107656,0.016526686205120555,0.005144493576515923,2.84637616187377,3.212500114795197,2.0692134831460707,0.005144493576515923,0.00010927060424233773,0.0026795169945926277,0.02687616518416548
chameleon_filtered,PageRank,15,pop100_gen50,100,50,2.6217549580615014,0.00011133226245278582,9.848829872562823e-05,5.30866274722732e-05,2.0971809239706163,1.8552374376591925,1.6566292134831488,0.017047457896759,5.30866274722732e-05,0.0012628760387328197,0.016820331143693214
chameleon_filtered,Eigenvector Centrality,15,pop100_gen50,100,50,2.6651919160503894,0.0013354076812974126,0.002006407623504474,0.0004166562420662597,3.205058622606802,4.815498775571927,1.1083146067415761,0.015776556253098362,9.266991051799541e-05,0.0004166562420662597,0.02342202667965642
chameleon_filtered,Clustering Coefficient,15,pop100_gen50,100,50,2.9677915839711204,0.019704106233253152,0.015330706145573369,0.006492070974356253,3.0351033300597874,2.361450792224826,1.6800000000000033,0.017665081862988097,8.547642252186563e-05,0.0017547796985975506,0.006492070974356253
chameleon_filtered,Degree,15,pop200_gen50,200,50,5.245606333017349,1.7662921348314633,2.5653932584269685,0.7411235955056206,2.383262583383864,3.4614918132201242,0.7411235955056206,0.01765424423756894,9.183700271198967e-05,0.0008097008137121357,0.021066624734018706
chameleon_filtered,Neighborhood Heterogeneity,15,pop200_gen50,200,50,5.0698287499835715,0.014643163881107656,0.016526686205120555,0.0036798199910796072,3.979315269932962,4.4911670258826595,1.9802247191011264,0.0036798199910796072,0.00010148782401490066,0.002248145877969875,0.01722892934605911
chameleon_filtered,PageRank,15,pop200_gen50,200,50,5.414649500045925,0.00011133226245278582,9.848829872562823e-05,5.3366304155724224e-05,2.0861902320969326,1.8455146985303101,1.2494382022471935,0.016731161589451718,5.3366304155724224e-05,0.001839637337050256,0.016541569374941986
chameleon_filtered,Eigenvector Centrality,15,pop200_gen50,200,50,5.26265033299569,0.0013354076812974126,0.002006407623504474,0.0004407058663349374,3.030156354402825,4.55271367315905,2.1788764044943845,0.015382583281548495,0.00017284454896052863,0.0004407058663349374,0.015580305794402427
chameleon_filtered,Clustering Coefficient,15,pop200_gen50,200,50,5.237337415921502,0.019704106233253152,0.015330706145573369,0.006858884666751762,2.872785764829698,2.235160217795833,1.9146067415730363,0.019891050701144698,8.767130625206266e-05,0.0018592977979145335,0.006858884666751762
chameleon_filtered,Degree,15,pop100_gen100,100,100,5.027863666065969,1.7662921348314633,2.5653932584269685,0.6889887640449462,2.5636007827788596,3.7234181343770287,0.6889887640449462,0.016287965317874138,6.889262097176856e-05,0.0009461128481413721,0.023069271171856597
chameleon_filtered,Neighborhood Heterogeneity,15,pop100_gen100,100,100,5.0239262079121545,0.014643163881107656,0.016526686205120555,0.003691723890435155,3.966484037185571,4.476685336067347,2.1330337078651715,0.003691723890435155,0.00010175563176111368,0.0032652956043094324,0.024502419954891795
chameleon_filtered,PageRank,15,pop100_gen100,100,100,5.072551249992102,0.00011133226245278582,9.848829872562823e-05,5.114686639407425e-05,2.1767171735409483,1.925597904020154,1.6557303370786545,0.013916098029258537,5.114686639407425e-05,0.0013390038961125343,0.014363520785897727
chameleon_filtered,Eigenvector Centrality,15,pop100_gen100,100,100,5.301881749997847,0.0013354076812974126,0.002006407623504474,0.00036598581794768483,3.6487962533244938,5.482200470924467,1.20044943820225,0.016648581980654355,8.822321825852962e-05,0.00036598581794768483,0.02504752546293338
chameleon_filtered,Clustering Coefficient,15,pop100_gen100,100,100,5.170402665971778,0.019704106233253152,0.015330706145573369,0.0053094439431656485,3.71114309599528,2.8874410031783375,1.6049438202247217,0.018905686000257393,8.231383878448133e-05,0.001684634606752971,0.0053094439431656485
chameleon_filtered,Degree,16,pop50_gen20,50,20,0.5110428329790011,1.9676404494382045,2.3303370786516884,0.9285393258426996,2.119070667957401,2.5096805421103534,0.9285393258426996,0.01835106567720348,7.908887338700421e-05,0.001029556917516066,0.018539472686113858
chameleon_filtered,Neighborhood Heterogeneity,16,pop50_gen20,50,20,0.5496399160474539,0.02305745637358239,0.012184176767726287,0.006420692277004879,3.5911168732008165,1.8976422233102184,1.4557303370786538,0.006420692277004879,0.00010572458902940974,0.0009201336149734518,0.014639884248447957
chameleon_filtered,PageRank,16,pop50_gen20,50,20,0.5537797500146553,0.00012895923935153905,0.00010518240561169501,5.673092076560354e-05,2.273173740372784,1.854057790570324,1.3905617977528117,0.012104817422504504,5.673092076560354e-05,0.0010686970159704532,0.01776438506495461
chameleon_filtered,Eigenvector Centrality,16,pop50_gen20,50,20,0.5854864169377834,0.0016051216385700087,0.002438564925302543,0.0005842093873620115,2.747510863900888,4.174128280125462,2.2112359550561824,0.017999979783728547,0.0001591150960116299,0.0005842093873620115,0.03088699773942275
chameleon_filtered,Clustering Coefficient,16,pop50_gen20,50,20,0.5539549589157104,0.02495161036657555,0.018299359131633105,0.010301349148239623,2.422169174883222,1.7764041261294639,1.7235955056179797,0.019233276371875496,9.799948804353941e-05,0.0015991820740228393,0.010301349148239623
chameleon_filtered,Degree,16,pop100_gen50,100,50,2.6731031669769436,1.9676404494382045,2.3303370786516884,0.7955056179775305,2.473446327683611,2.929378531073441,0.7955056179775305,0.01353382512257339,8.616525417553969e-05,0.000772554053421601,0.028291037329024805
chameleon_filtered,Neighborhood Heterogeneity,16,pop100_gen50,100,50,2.6186801659641787,0.02305745637358239,0.012184176767726287,0.004217146924288753,5.46754874504904,2.8891990216302985,1.8907865168539353,0.004217146924288753,0.00011857037690407384,0.0014247586062335793,0.018732481966910783
chameleon_filtered,PageRank,16,pop100_gen50,100,50,2.8007370829582214,0.00012895923935153905,0.00010518240561169501,5.395454801589067e-05,2.3901458559815576,1.949463195961103,1.5694382022471938,0.01495233295631877,5.395454801589067e-05,0.0010425361091997095,0.016670822583843118
chameleon_filtered,Eigenvector Centrality,16,pop100_gen50,100,50,2.7888260420877486,0.0016051216385700087,0.002438564925302543,0.0004224963803251181,3.799137018250524,5.771800751111823,1.5838202247191042,0.01398320416721065,9.217321091735659e-05,0.0004224963803251181,0.02069294079299903
chameleon_filtered,Clustering Coefficient,16,pop100_gen50,100,50,2.6900359579594806,0.02495161036657555,0.018299359131633105,0.006027139379790773,4.139876116062497,3.0361599389905516,2.087640449438205,0.02117147803474008,0.00011598817416586553,0.0017413422232967113,0.006027139379790773
chameleon_filtered,Degree,16,pop200_gen50,200,50,5.4585079170065,1.9676404494382045,2.3303370786516884,0.7784269662921377,2.527713625866044,2.993648960739023,0.7784269662921377,0.014731370035265933,8.205595708413413e-05,0.0008669810627602327,0.016720875187331407
chameleon_filtered,Neighborhood Heterogeneity,16,pop200_gen50,200,50,5.245149584021419,0.02305745637358239,0.012184176767726287,0.00593847709467237,3.882722119829021,2.051734236485844,2.2633707865168575,0.00593847709467237,0.00012084009098158358,0.0012342453620239689,0.022301518054759516
chameleon_filtered,PageRank,16,pop200_gen50,200,50,5.661893083015457,0.00012895923935153905,0.00010518240561169501,5.3471536872194735e-05,2.4117361664724846,1.9670727973107875,1.3865168539325865,0.025268105955354954,5.3471536872194735e-05,0.0017151391563271531,0.022182885365090978
chameleon_filtered,Eigenvector Centrality,16,pop200_gen50,200,50,5.7443940420635045,0.0016051216385700087,0.002438564925302543,0.00040838804680935786,3.930383494596514,5.971195641876621,1.8395505617977554,0.02137999164003334,0.0001056583124965471,0.00040838804680935786,0.0224404964372147
chameleon_filtered,Clustering Coefficient,16,pop200_gen50,200,50,5.458722459035926,0.02495161036657555,0.018299359131633105,0.006620434731150586,3.7688779332228433,2.7640721304192666,1.7361797752809014,0.01699430699679958,8.85943911352043e-05,0.0017601899666258678,0.006620434731150586
chameleon_filtered,Degree,16,pop100_gen100,100,100,5.304569083964452,1.9676404494382045,2.3303370786516884,0.7024719101123619,2.801023672424818,3.3173384516954507,0.7024719101123619,0.01466775408035583,8.559590563192576e-05,0.0006700115813816344,0.027127976095795054
chameleon_filtered,Neighborhood Heterogeneity,16,pop100_gen100,100,100,5.0947147499537095,0.02305745637358239,0.012184176767726287,0.003941845124943201,5.849406976362277,3.0909831263098777,1.8615730337078673,0.003941845124943201,0.00011562066241698936,0.001559044683112153,0.01708975030377877
chameleon_filtered,PageRank,16,pop100_gen100,100,100,5.645815999945626,0.00012895923935153905,0.00010518240561169501,4.967316367567621e-05,2.5961551431177994,2.11748956234089,1.6746067415730366,0.018875907941229557,4.967316367567621e-05,0.0011906283993310045,0.0157848810350948
chameleon_filtered,Eigenvector Centrality,16,pop100_gen100,100,100,5.520407957956195,0.0016051216385700087,0.002438564925302543,0.00041448813230412807,3.8725394371297965,5.883316638637223,1.5995505617977552,0.0123234090242493,0.00012201128689004673,0.00041448813230412807,0.016059797866241555
chameleon_filtered,Clustering Coefficient,16,pop100_gen100,100,100,5.203371541923843,0.02495161036657555,0.018299359131633105,0.0049863776046358416,5.003955244660574,3.669870311189463,1.8552808988764071,0.01993076601641231,0.00011115614952919694,0.0015198215832314971,0.0049863776046358416
chameleon_filtered,Degree,17,pop50_gen20,50,20,0.5551828750176355,2.6835955056179808,2.387415730337082,0.910112359550564,2.948641975308638,2.6232098765432075,0.910112359550564,0.019884665480323048,7.744218290808039e-05,0.0010013509583966487,0.02611324766833552
chameleon_filtered,Neighborhood Heterogeneity,17,pop50_gen20,50,20,0.5290396669879556,0.02093180370339182,0.01518934596455499,0.006976792429772648,3.000204451270155,2.1771245335802494,1.6256179775280928,0.006976792429772648,0.0001040957585162345,0.0011035450922172838,0.02512458361482382
chameleon_filtered,PageRank,17,pop50_gen20,50,20,0.5546181249665096,0.00011641876479443871,9.311347437486945e-05,5.7349818530778106e-05,2.0299761669160277,1.6236053881303556,1.9267415730337105,0.0166783445328474,5.7349818530778106e-05,0.0024185228104092187,0.020869272155401762
chameleon_filtered,Eigenvector Centrality,17,pop50_gen20,50,20,0.5832825829274952,0.003132225499265016,0.0022927173169651925,0.0004832236933385193,6.481936921645841,4.74462934779782,1.3860674157303399,0.01631899030523354,0.00011249255435515432,0.0004832236933385193,0.026554032510068125
chameleon_filtered,Clustering Coefficient,17,pop50_gen20,50,20,0.5267597920028493,0.016691176304688547,0.024524077894974856,0.008828822970771477,1.890532448090308,2.7777290332090443,1.8305617977528115,0.02010309780414184,9.257583807551216e-05,0.0022585060139327065,0.008828822970771477
chameleon_filtered,Degree,17,pop100_gen50,100,50,2.6464269999414682,2.6835955056179808,2.387415730337082,0.7743820224719127,3.465467208357509,3.082994776552519,0.7743820224719127,0.01277760830362526,7.962276523248539e-05,0.0006279966852450028,0.025163176324299198
chameleon_filtered,Neighborhood Heterogeneity,17,pop100_gen50,100,50,2.6408614580286667,0.02093180370339182,0.01518934596455499,0.005034824015802878,4.1574052315816505,3.0168573751296885,2.461573033707867,0.005034824015802878,0.00011266001093435148,0.0021307862441622073,0.027279770137949844
chameleon_filtered,PageRank,17,pop100_gen50,100,50,2.7860064590349793,0.00011641876479443871,9.311347437486945e-05,5.341995983915937e-05,2.17931209879155,1.7430465064972371,1.514606741573036,0.01673828537670079,5.341995983915937e-05,0.0011339907547331218,0.02665816339687264
chameleon_filtered,Eigenvector Centrality,17,pop100_gen50,100,50,2.7526378750335425,0.003132225499265016,0.0022927173169651925,0.0004047393799940421,7.738870132456899,5.664675666101337,1.726292134831463,0.011845305406310581,0.0001153364303344243,0.0004047393799940421,0.01740020245331823
chameleon_filtered,Clustering Coefficient,17,pop100_gen50,100,50,2.6490628329338506,0.016691176304688547,0.024524077894974856,0.006123843890355101,2.725604473846358,4.004686979953826,1.911910112359553,0.014245758818441562,0.00011240164334790334,0.0017799461438711196,0.006123843890355101
chameleon_filtered,Degree,17,pop200_gen50,200,50,5.3297594169853255,2.6835955056179808,2.387415730337082,0.6957303370786541,3.8572351421188547,3.431524547803611,0.6957303370786541,0.021523000707619637,8.227349133988806e-05,0.0009497147096068868,0.01531679089576338
chameleon_filtered,Neighborhood Heterogeneity,17,pop200_gen50,200,50,5.366762915975414,0.02093180370339182,0.01518934596455499,0.0049991337657811896,4.187086140136702,3.0383955853562616,1.409438202247194,0.0049991337657811896,0.00011241246202013243,0.000979919353925085,0.023282920676097912
chameleon_filtered,PageRank,17,pop200_gen50,200,50,5.671421292005107,0.00011641876479443871,9.311347437486945e-05,5.1692193958097026e-05,2.252153678925113,1.8013062949185237,1.5348314606741602,0.015830722710724617,5.1692193958097026e-05,0.0008362066293037639,0.01356429496135966
chameleon_filtered,Eigenvector Centrality,17,pop200_gen50,200,50,5.476739207981154,0.003132225499265016,0.0022927173169651925,0.0004067303052969015,7.700988734976561,5.636947350878057,1.6849438202247224,0.02295356703775652,9.99079245962423e-05,0.0004067303052969015,0.02858231414248002
chameleon_filtered,Clustering Coefficient,17,pop200_gen50,200,50,5.494490167009644,0.016691176304688547,0.024524077894974856,0.006408990234198507,2.6043379213817612,3.826511977520868,1.617528089887643,0.019061984719938776,8.310113460692194e-05,0.001491679855932122,0.006408990234198507
chameleon_filtered,Degree,17,pop100_gen100,100,100,5.184266708907671,2.6835955056179808,2.387415730337082,0.6413483146067441,4.184302733006295,3.7224947442186314,0.6413483146067441,0.013735509798600424,7.032826884987174e-05,0.0005966194002737036,0.019589557232165274
chameleon_filtered,Neighborhood Heterogeneity,17,pop100_gen100,100,100,5.09926612500567,0.02093180370339182,0.01518934596455499,0.0038064955794409384,5.498969660294754,3.9903753065137817,2.4543820224719126,0.0038064955794409384,0.00011236065443890288,0.0021393087636594793,0.029581655411337105
chameleon_filtered,PageRank,17,pop100_gen100,100,100,5.446037416928448,0.00011641876479443871,9.311347437486945e-05,4.924645218910903e-05,2.3640030828491843,1.8907651259284364,1.6692134831460703,0.01862088942084084,4.924645218910903e-05,0.0016280740588428468,0.021096828514230472
chameleon_filtered,Eigenvector Centrality,17,pop100_gen100,100,100,5.508941584033892,0.003132225499265016,0.0022927173169651925,0.0003624701428031667,8.641333807639759,6.325258404001055,1.4665168539325864,0.013812942854808954,0.00010721786396531902,0.0003624701428031667,0.0170738379835966
chameleon_filtered,Clustering Coefficient,17,pop100_gen100,100,100,5.179156207945198,0.016691176304688547,0.024524077894974856,0.005309914573937062,3.1433982736021298,4.618544715455067,1.9343820224719124,0.013950662063748648,0.00010833033616078426,0.001781183075294588,0.005309914573937062
chameleon_filtered,Degree,18,pop50_gen20,50,20,0.5261107080150396,1.5191011235955085,1.9613483146067439,1.0188764044943848,1.490957212174679,1.9250110277900279,1.0188764044943848,0.02046851502124513,8.739678996837847e-05,0.0015361747314138227,0.017534714342769587
chameleon_filtered,Neighborhood Heterogeneity,18,pop50_gen20,50,20,0.5346586670493707,0.01738058328461111,0.010798885254712575,0.007140592457203376,2.4340533910568873,1.5123234268633747,1.8521348314606765,0.007140592457203376,0.00012476659137824708,0.0016614090938192089,0.021823949449595974
chameleon_filtered,PageRank,18,pop50_gen20,50,20,0.51109579205513,9.938957238408012e-05,0.00010349436941734017,5.910954975250045e-05,1.68144695400722,1.7508908433693855,1.294382022471913,0.015955025162338536,5.910954975250045e-05,0.0014363042858489743,0.014523291736889016
chameleon_filtered,Eigenvector Centrality,18,pop50_gen20,50,20,0.6025549999903888,0.0011031596009082488,0.0029954847452169212,0.0005069827602889104,2.1759311900065392,5.908454842744371,1.2943820224719123,0.012130586364296033,9.35376257172797e-05,0.0005069827602889104,0.03186230359237218
chameleon_filtered,Clustering Coefficient,18,pop50_gen20,50,20,0.5628436249680817,0.02344585244103189,0.016574561360722346,0.008622654132473668,2.7190992565424565,1.9222110855984704,1.704719101123598,0.02091539379167422,9.416860315892282e-05,0.0010398798534572455,0.008622654132473668
chameleon_filtered,Degree,18,pop100_gen50,100,50,2.7257250420516357,1.5191011235955085,1.9613483146067439,0.8683146067415761,1.7494824016563117,2.258799171842645,0.8683146067415761,0.02080127180794651,0.00010276088413021141,0.0010182748166725508,0.025881527404222993
chameleon_filtered,Neighborhood Heterogeneity,18,pop100_gen50,100,50,2.5907963749486953,0.01738058328461111,0.010798885254712575,0.005125476820499032,3.391017829814102,2.1069035394956996,2.1550561797752836,0.005125476820499032,0.0001377914102031398,0.001752992573970517,0.02213092587859536
chameleon_filtered,PageRank,18,pop100_gen50,100,50,2.8739333749981597,9.938957238408012e-05,0.00010349436941734017,5.6110244494223766e-05,1.7713266673488068,1.844482595829614,1.4278651685393287,0.01930642430325237,5.6110244494223766e-05,0.0010795779428516526,0.024829063358668257
chameleon_filtered,Eigenvector Centrality,18,pop100_gen50,100,50,2.5606202089693397,0.0011031596009082488,0.0029954847452169212,0.0005292456587812769,2.0843999050432553,5.659913681889783,1.339325842696632,0.020164379584655327,8.729876360902717e-05,0.0005292456587812769,0.0204152349066428
chameleon_filtered,Clustering Coefficient,18,pop100_gen50,100,50,2.70433033304289,0.02344585244103189,0.016574561360722346,0.006482881144982494,3.616579097578875,2.5566659314046554,2.1307865168539357,0.016853680793991244,9.503164223888683e-05,0.0014740778398546685,0.006482881144982494
chameleon_filtered,Degree,18,pop200_gen50,200,50,5.445042417035438,1.5191011235955085,1.9613483146067439,0.8292134831460695,1.831978319783197,2.365311653116528,0.8292134831460695,0.015069677010178561,8.332248010862773e-05,0.0009786699537508252,0.02065165363795018
chameleon_filtered,Neighborhood Heterogeneity,18,pop200_gen50,200,50,5.24716645909939,0.01738058328461111,0.010798885254712575,0.005314816530752044,3.2702132207283863,2.0318453501130618,2.0723595505618,0.005314816530752044,0.00011878750171519288,0.0021590624524108603,0.015126481053974383
chameleon_filtered,PageRank,18,pop200_gen50,200,50,5.723362541990355,9.938957238408012e-05,0.00010349436941734017,5.4358747685235946e-05,1.8284007012007513,1.903913791697774,2.24359550561798,0.013733013694624546,5.4358747685235946e-05,0.0022705135474985535,0.02153964143002443
chameleon_filtered,Eigenvector Centrality,18,pop200_gen50,200,50,5.478813624940813,0.0011031596009082488,0.0029954847452169212,0.0004007082675751129,2.753024307644117,7.475475271184457,1.7959550561797784,0.02285309268266298,9.872072278405719e-05,0.0004007082675751129,0.020561497870992117
chameleon_filtered,Clustering Coefficient,18,pop200_gen50,200,50,5.424548959010281,0.02344585244103189,0.016574561360722346,0.005672697156078943,4.133104905116781,2.9218131877462925,2.2516853932584295,0.012951173778162909,9.514283427691306e-05,0.0015732954177024292,0.005672697156078943
chameleon_filtered,Degree,18,pop100_gen100,100,100,5.290017417049967,1.5191011235955085,1.9613483146067439,0.7528089887640478,2.0179104477611904,2.6053731343283513,0.7528089887640478,0.020353336509610156,9.871528651144732e-05,0.0009182869771044132,0.023707335570596004
chameleon_filtered,Neighborhood Heterogeneity,18,pop100_gen100,100,100,5.15668712509796,0.01738058328461111,0.010798885254712575,0.004257888969745524,4.081971936823396,2.536206399801444,2.2458426966292158,0.004257888969745524,0.00013977918666833552,0.0019520136487505204,0.020147743246713073
chameleon_filtered,PageRank,18,pop100_gen100,100,100,5.593602417036891,9.938957238408012e-05,0.00010349436941734017,5.045041792393136e-05,1.970044579887103,2.051407573538597,1.5608988764044973,0.015478818899627472,5.045041792393136e-05,0.001215518895787093,0.023764979937580925
chameleon_filtered,Eigenvector Centrality,18,pop100_gen100,100,100,4.98653008393012,0.0011031596009082488,0.0029954847452169212,0.0005195509526375215,2.1232943473744283,5.765526422404235,1.5141573033707898,0.018155218380806814,0.00010203715575534344,0.0005195509526375215,0.026395687663138163
chameleon_filtered,Clustering Coefficient,18,pop100_gen100,100,100,5.16564716596622,0.02344585244103189,0.016574561360722346,0.006114615146805226,3.8343954407796077,2.7106466985714137,1.9168539325842726,0.016244651563884157,9.050485937271768e-05,0.0013465954374351102,0.006114615146805226
chameleon_filtered,Degree,19,pop50_gen20,50,20,0.5280454580206424,2.0750561797752836,1.8373033707865194,0.8656179775280926,2.3971962616822386,2.1225337487019695,0.8656179775280926,0.011762762725604376,7.460630591935992e-05,0.0006236302760701041,0.024926301535457503
chameleon_filtered,Neighborhood Heterogeneity,19,pop50_gen20,50,20,0.5299865419510752,0.01214414211094714,0.013481092243716953,0.00638742343219143,1.9012583461655157,2.110568116679841,2.106966292134834,0.00638742343219143,0.00012172168327217653,0.002265939676447687,0.028256178186347913
chameleon_filtered,PageRank,19,pop50_gen20,50,20,0.5712490420555696,8.125343713196123e-05,0.00010300143055166507,5.876927397217834e-05,1.3825836468632744,1.7526408544782508,1.4683146067415755,0.012261509235655322,5.876927397217834e-05,0.001886543511216883,0.03185645431017549
chameleon_filtered,Eigenvector Centrality,19,pop50_gen20,50,20,0.5430765419732779,0.0015067825537472437,0.0013515494702373836,0.0004734606825229177,3.182487182923174,2.854618176604268,1.608988764044947,0.01592413914044586,0.0001079863791727169,0.0004734606825229177,0.02467881819412817
chameleon_filtered,Clustering Coefficient,19,pop50_gen20,50,20,0.5369249579962343,0.013446976622035856,0.013324832496239978,0.00827429737917815,1.6251502702663903,1.61038839742106,1.615730337078654,0.020752339578662692,0.00011400570617184535,0.001063822035667279,0.00827429737917815
chameleon_filtered,Degree,19,pop100_gen50,100,50,2.729737165966071,2.0750561797752836,1.8373033707865194,0.7415730337078676,2.7981818181818126,2.4775757575757527,0.7415730337078676,0.01875963192140118,7.110419100031988e-05,0.0008646940639682807,0.015205353415717396
chameleon_filtered,Neighborhood Heterogeneity,19,pop100_gen50,100,50,2.627649834030308,0.01214414211094714,0.013481092243716953,0.004570437331966465,2.657107236983388,2.949628506976292,1.3784269662921376,0.004570437331966465,8.394560192653602e-05,0.0011654223100523795,0.019461222260631187
chameleon_filtered,PageRank,19,pop100_gen50,100,50,2.8128332920605317,8.125343713196123e-05,0.00010300143055166507,5.217461437435272e-05,1.5573366110378513,1.9741675484677295,1.7069662921348345,0.012507261471885642,5.217461437435272e-05,0.0013252389030611455,0.021544012467084976
chameleon_filtered,Eigenvector Centrality,19,pop100_gen50,100,50,2.503545792074874,0.0015067825537472437,0.0013515494702373836,0.0005844153293821012,2.5782734948796704,2.312652324959321,1.4251685393258455,0.014292202406050097,7.559706330662467e-05,0.0005844153293821012,0.019667536911743326
chameleon_filtered,Clustering Coefficient,19,pop100_gen50,100,50,2.6632185840280727,0.013446976622035856,0.013324832496239978,0.006264101339878264,2.1466729052466422,2.1271738391925394,1.6462921348314634,0.016367552117601533,0.00010753309237997548,0.0008452195779628441,0.006264101339878264
chameleon_filtered,Degree,19,pop200_gen50,200,50,5.277648083982058,2.0750561797752836,1.8373033707865194,0.7325842696629239,2.8325153374233065,2.5079754601226942,0.7325842696629239,0.0180504799755604,8.294517677648113e-05,0.0006017683851367479,0.02302699875024331
chameleon_filtered,Neighborhood Heterogeneity,19,pop200_gen50,200,50,5.977803500019945,0.01214414211094714,0.013481092243716953,0.004486224204301832,2.706985107722023,3.0049974387793545,1.3694382022471943,0.004486224204301832,8.600815813613103e-05,0.0016654990532811906,0.023862640317622984
chameleon_filtered,PageRank,19,pop200_gen50,200,50,5.690050959005021,8.125343713196123e-05,0.00010300143055166507,5.425252574363027e-05,1.4976894811482782,1.8985554891655592,1.108764044943823,0.014401141327669776,5.425252574363027e-05,0.0009083034197818534,0.013695326723632106
chameleon_filtered,Eigenvector Centrality,19,pop200_gen50,200,50,5.676121708005667,0.0015067825537472437,0.0013515494702373836,0.00041874255905662434,3.5983506361088304,3.227638177696241,1.6197752808988795,0.018750601006525276,0.00011456557238718719,0.00041874255905662434,0.01872724422518707
chameleon_filtered,Clustering Coefficient,19,pop200_gen50,200,50,5.408764749998227,0.013446976622035856,0.013324832496239978,0.007044566714957878,1.908843675720127,1.8915049051841724,1.5020224719101152,0.0182163871724284,7.821958771585685e-05,0.0011161880116443508,0.007044566714957878
chameleon_filtered,Degree,19,pop100_gen100,100,100,5.226372292032465,2.0750561797752836,1.8373033707865194,0.641348314606744,3.2354590049053877,2.864751226348977,0.641348314606744,0.020471962170905605,6.859776530466413e-05,0.0006206039886677182,0.012247985204874676
chameleon_filtered,Neighborhood Heterogeneity,19,pop100_gen100,100,100,5.090526083949953,0.01214414211094714,0.013481092243716953,0.004095815949225688,2.9650116756938223,3.2914301840798164,1.4471910112359576,0.004095815949225688,8.724439832936843e-05,0.0015324103604640303,0.01731137606485446
chameleon_filtered,PageRank,19,pop100_gen100,100,100,5.495250582927838,8.125343713196123e-05,0.00010300143055166507,4.9672362295059236e-05,1.6357876569128518,2.073616510119357,1.6337078651685424,0.013223475701688376,4.9672362295059236e-05,0.0014476242262260377,0.01904305749221078
chameleon_filtered,Eigenvector Centrality,19,pop100_gen100,100,100,5.152445332962088,0.0015067825537472437,0.0013515494702373836,0.0004095748294536034,3.6788944177975464,3.299884106746572,1.681348314606744,0.016438759795567952,0.00010929182764895548,0.0004095748294536034,0.028119891877650304
chameleon_filtered,Clustering Coefficient,19,pop100_gen100,100,100,5.24258733401075,0.013446976622035856,0.013324832496239978,0.0050202091646013225,2.6785689960596972,2.654238510657387,1.746067415730339,0.01825519461310311,0.00010841747623001727,0.0010977523083680204,0.0050202091646013225
