Dataset,TargetProperty,StratSeed,HyperparamName,Population,Generations,EvolutionSeconds,RandomTargetEmd,LabelTargetEmd,WdesTargetEmd,RandomToWdesRatio,LabelToWdesRatio,DegreeEmd,NeighHetEmd,PageRankEmd,EigCentralityEmd,ClusteringEmd
Cora,Degree,0,pop50_gen20,50,20,1.4375572500284761,0.26897308119909613,0.40602873607785606,0.1743686694218999,1.5425539581786494,2.3285647440219597,0.1743686694218999,0.014674395700625948,1.517041575229704e-05,0.0007382650967896128,0.014311457135950856
Cora,Neighborhood Heterogeneity,0,pop50_gen20,50,20,1.3204711249563843,0.007419565127568121,0.013568164222910021,0.004174723224668787,1.7772591686378856,3.2500751529429803,0.3305819506672482,0.004174723224668787,2.2314342638002698e-05,0.0011129022311875065,0.0077172327585620535
Cora,PageRank,0,pop50_gen20,50,20,1.6382874170085415,1.9076487445213708e-05,2.7733618360247745e-05,1.2390442256086535e-05,1.5396131188007272,2.238307381370847,0.18269429949914942,0.01261433736755026,1.2390442256086535e-05,0.0008513571730868598,0.019174211572374415
Cora,Eigenvector Centrality,0,pop50_gen20,50,20,1.5420206669950858,0.0012609059738635017,0.0007100571108405935,0.0005037179665856042,2.503198332214377,1.4096322901754648,0.24271571571136655,0.009155064928284226,1.919054476500424e-05,0.0005037179665856042,0.014271852646040894
Cora,Clustering Coefficient,0,pop50_gen20,50,20,1.3931050830287859,0.009579890009678002,0.009601060828420552,0.005007790551172701,1.912997341199629,1.9172249179175875,0.2660089717615753,0.018932522187220777,2.0667822510952377e-05,0.0007359967354790981,0.005007790551172701
Cora,Degree,0,pop100_gen50,100,50,7.190684792003594,0.26897308119909613,0.40602873607785606,0.1424993945180752,1.8875384145227263,2.84933657052384,0.1424993945180752,0.008924106867674756,1.160348029809626e-05,0.0008276861530948185,0.009141945408717714
Cora,Neighborhood Heterogeneity,0,pop100_gen50,100,50,6.474839000031352,0.007419565127568121,0.013568164222910021,0.0023487876691079567,3.1588913826280387,5.776667002029629,0.2554872097100923,0.0023487876691079567,1.7638264082380668e-05,0.0008547556293607237,0.012440178567584222
Cora,PageRank,0,pop100_gen50,100,50,8.084675000049174,1.9076487445213708e-05,2.7733618360247745e-05,1.0131671253804255e-05,1.8828569312344041,2.7373192107703144,0.1624875388702056,0.015996806861750295,1.0131671253804255e-05,0.0008518539703091235,0.007738511347145968
Cora,Eigenvector Centrality,0,pop100_gen50,100,50,8.069590667029843,0.0012609059738635017,0.0007100571108405935,0.0004771452961049129,2.642603802566375,1.4881360387224039,0.2964047204286502,0.0069661531103556995,2.1665598277775123e-05,0.0004771452961049129,0.00912676850575281
Cora,Clustering Coefficient,0,pop100_gen50,100,50,7.06940137501806,0.009579890009678002,0.009601060828420552,0.0022618769579033477,4.235371856194204,4.244731701639632,0.3243161792094299,0.015626456976343923,2.4139391607649344e-05,0.001037751939018642,0.0022618769579033477
Cora,Degree,0,pop200_gen50,200,50,14.921802749973722,0.26897308119909613,0.40602873607785606,0.14018823634286354,1.9186565735890904,2.896311036289925,0.14018823634286354,0.009391719725826423,1.1981530045441673e-05,0.0010813887095313082,0.016866911040331545
Cora,Neighborhood Heterogeneity,0,pop200_gen50,200,50,13.47165091696661,0.007419565127568121,0.013568164222910021,0.002184451220058692,3.396535047080965,6.211246146547264,0.23694814462294325,0.002184451220058692,1.7982173778435765e-05,0.0008729203739979441,0.012865349255250073
Cora,PageRank,0,pop200_gen50,200,50,16.352341374964453,1.9076487445213708e-05,2.7733618360247745e-05,1.043787027568467e-05,1.8276225840488698,2.6570188771989276,0.15351261475329275,0.014480413716900117,1.043787027568467e-05,0.0008478386963671815,0.01381929555057713
Cora,Eigenvector Centrality,0,pop200_gen50,200,50,15.850823584012687,0.0012609059738635017,0.0007100571108405935,0.0005039008719134423,2.5022897243172344,1.4091206235550306,0.26051916219940524,0.015384917113665209,1.9217668714847384e-05,0.0005039008719134423,0.01174785143873064
Cora,Clustering Coefficient,0,pop200_gen50,200,50,14.641842124983668,0.009579890009678002,0.009601060828420552,0.0027689434348436037,3.4597637095533864,3.4674095207592575,0.25996993501034565,0.012154961868142805,1.9491644772165198e-05,0.0007446028916639357,0.0027689434348436037
Cora,Degree,0,pop100_gen100,100,100,14.479534541023895,0.26897308119909613,0.40602873607785606,0.12695162523095332,2.118705299831917,3.198294904371639,0.12695162523095332,0.008208323318969802,1.1574649728594512e-05,0.0007722068767160863,0.007889914566637509
Cora,Neighborhood Heterogeneity,0,pop100_gen100,100,100,13.041268666973338,0.007419565127568121,0.013568164222910021,0.0018412969763676775,4.0295320216104855,7.368808180892095,0.24681928475061868,0.0018412969763676775,1.6982497160039144e-05,0.0008985411813294951,0.01251391434974258
Cora,PageRank,0,pop100_gen100,100,100,16.17161058296915,1.9076487445213708e-05,2.7733618360247745e-05,9.617845408063531e-06,1.9834470856872082,2.883558342182968,0.1636325094933884,0.01516604152111388,9.617845408063531e-06,0.0008863499484984365,0.007742033681512004
Cora,Eigenvector Centrality,0,pop100_gen100,100,100,16.039878832991235,0.0012609059738635017,0.0007100571108405935,0.0004480985096140044,2.8139035207897836,1.584600474240011,0.2728477826556286,0.009461079254702808,2.002412447976907e-05,0.0004480985096140044,0.00693452186393023
Cora,Clustering Coefficient,0,pop100_gen100,100,100,14.04744816699531,0.009579890009678002,0.009601060828420552,0.0018281081713645113,5.240329954068042,5.251910679472682,0.3194368094744261,0.0162663368892823,2.3529145897826743e-05,0.0009764859694076939,0.0018281081713645113
Cora,Degree,1,pop50_gen20,50,20,1.530983416014351,0.2543631225334695,0.2595341421732891,0.1638302715411235,1.5526014828683299,1.5841647561949055,0.1638302715411235,0.009770036632501686,1.2515080718945648e-05,0.0009802613369360503,0.010646293843492062
Cora,Neighborhood Heterogeneity,1,pop50_gen20,50,20,1.3120278749847785,0.011869421763793889,0.015016288963528513,0.003728704815555967,3.1832559429953435,4.027213122605286,0.2764622581121239,0.003728704815555967,2.031613458841231e-05,0.0009251595683609452,0.0180159507926765
Cora,PageRank,1,pop50_gen20,50,20,1.5821952499682084,1.854918284356529e-05,2.057194222610257e-05,1.162778722565192e-05,1.5952461533389741,1.7692052517712964,0.1842551235397198,0.01395535053263841,1.162778722565192e-05,0.0008580845952463609,0.015867528986238284
Cora,Eigenvector Centrality,1,pop50_gen20,50,20,1.5675839589675888,0.0010592496219496896,0.0007407850821359054,0.0005305644010381028,1.9964581488640416,1.39622085591586,0.3700839489767245,0.009374583271567014,2.5069501405595768e-05,0.0005305644010381028,0.014463867484622634
Cora,Clustering Coefficient,1,pop50_gen20,50,20,1.4492758329724893,0.010070372456558504,0.01312044524318939,0.0029601646002633515,3.4019636798786768,4.432336378194012,0.24321432613299931,0.00886317200296153,1.9309917054785135e-05,0.0008436383213752622,0.0029601646002633515
Cora,Degree,1,pop100_gen50,100,50,7.319192499970086,0.2543631225334695,0.2595341421732891,0.14083443534451892,1.8061145479884153,1.8428315598979663,0.14083443534451892,0.010401096150180752,1.2143329380026557e-05,0.00075613193488477,0.00863328702832392
Cora,Neighborhood Heterogeneity,1,pop100_gen50,100,50,6.939439125009812,0.011869421763793889,0.015016288963528513,0.002706848697484524,4.384959445581184,5.547516925302533,0.24998136478823954,0.002706848697484524,1.7573961196495745e-05,0.0009980972099784431,0.010887175448670598
Cora,PageRank,1,pop100_gen50,100,50,8.062007458065636,1.854918284356529e-05,2.057194222610257e-05,1.0368235096989276e-05,1.7890395684557339,1.984131535759277,0.17258594566412833,0.014146394344954499,1.0368235096989276e-05,0.0008505820732145947,0.007281630098899219
Cora,Eigenvector Centrality,1,pop100_gen50,100,50,8.021780000068247,0.0010592496219496896,0.0007407850821359054,0.00048547279872985377,2.1818928366759427,1.5259044050954598,0.2594052578187303,0.011346058742249388,1.9818110031873165e-05,0.00048547279872985377,0.01556295113092546
Cora,Clustering Coefficient,1,pop100_gen50,100,50,7.127133166999556,0.010070372456558504,0.01312044524318939,0.002523744830451415,3.9902498600689533,5.198800245127227,0.19789338132065945,0.008898064586657862,1.5272858008024705e-05,0.0009746786469150911,0.002523744830451415
Cora,Degree,1,pop200_gen50,200,50,14.946486416971311,0.2543631225334695,0.2595341421732891,0.13415612614967776,1.896023162219793,1.9345679516992558,0.13415612614967776,0.014687016909878312,1.2218758668866244e-05,0.0006218116375445591,0.00892645348682489
Cora,Neighborhood Heterogeneity,1,pop200_gen50,200,50,13.353724457905628,0.011869421763793889,0.015016288963528513,0.002225437826431151,5.33352207049901,6.7475661576264105,0.2630558662319721,0.002225437826431151,1.878762448544162e-05,0.0008551513522330849,0.005369928560542467
Cora,PageRank,1,pop200_gen50,200,50,16.73397683305666,1.854918284356529e-05,2.057194222610257e-05,1.062399232915228e-05,1.7459710313105414,1.9363664419874507,0.16950509425423205,0.009463663499339893,1.062399232915228e-05,0.0007673836254610017,0.014764761443085164
Cora,Eigenvector Centrality,1,pop200_gen50,200,50,17.09112725011073,0.0010592496219496896,0.0007407850821359054,0.0004842781566939562,2.18727524111539,1.5296685838425106,0.23554225484016905,0.009467789154447327,1.817855022030784e-05,0.0004842781566939562,0.012261696852755292
Cora,Clustering Coefficient,1,pop200_gen50,200,50,15.526234958088025,0.010070372456558504,0.01312044524318939,0.0025928045344121636,3.8839690084241703,5.060329488417851,0.23772916114283954,0.008173027725345935,1.7975024941658774e-05,0.0007504720744329148,0.0025928045344121636
Cora,Degree,1,pop100_gen100,100,100,14.744334334041923,0.2543631225334695,0.2595341421732891,0.12618805658482973,2.015746413865042,2.0567250910851267,0.12618805658482973,0.010750334861385649,1.2053058069347582e-05,0.0008315439625221465,0.007887794725192146
Cora,Neighborhood Heterogeneity,1,pop100_gen100,100,100,12.955756249953993,0.011869421763793889,0.015016288963528513,0.002706848697484524,4.384959445581184,5.547516925302533,0.24998136478823954,0.002706848697484524,1.7573961196495745e-05,0.0009980972099784431,0.010887175448670598
Cora,PageRank,1,pop100_gen100,100,100,15.720288792042993,1.854918284356529e-05,2.057194222610257e-05,9.934416687045857e-06,1.8671637628963957,2.070775051435852,0.17030195571643295,0.011669471087473127,9.934416687045857e-06,0.0008252795715744813,0.006939794822837195
Cora,Eigenvector Centrality,1,pop100_gen100,100,100,15.881372332922183,0.0010592496219496896,0.0007407850821359054,0.0004540879682865047,2.332696957258645,1.6313691043857619,0.27508161021810557,0.008016153806006466,2.022799508936905e-05,0.0004540879682865047,0.01671229575175555
Cora,Clustering Coefficient,1,pop100_gen100,100,100,14.18499224993866,0.010070372456558504,0.01312044524318939,0.0019599666513178777,5.138032552639202,6.694218615590846,0.18455403046236524,0.008326775770017194,1.4851304542930232e-05,0.0009633829177677803,0.0019599666513178777
Cora,Degree,2,pop50_gen20,50,20,1.5737523750867695,0.22191878311971394,0.2880084787518428,0.15605324702583231,1.42207091072561,1.8455782512757795,0.15605324702583231,0.013284360543425872,1.3729968856795625e-05,0.0007109400958207841,0.009355382902948677
Cora,Neighborhood Heterogeneity,2,pop50_gen20,50,20,1.3134847920155153,0.00908160894129743,0.01513166615556232,0.004357938059969303,2.0839233638307837,3.4722077155150997,0.21537714927191912,0.004357938059969303,1.8661018469038557e-05,0.0008315149059655881,0.01577570296821992
Cora,PageRank,2,pop50_gen20,50,20,1.6081539170118049,1.66699110775385e-05,2.2586675250915984e-05,1.2644551068740342e-05,1.3183474041043328,1.7862773560031247,0.1838137763587389,0.010420401862237314,1.2644551068740342e-05,0.0008503286838636708,0.007878577436037306
Cora,Eigenvector Centrality,2,pop50_gen20,50,20,1.696426042006351,0.0008027274574307344,0.0007339245870973372,0.0005191939615666802,1.5461032231740237,1.413584597329873,0.23807379140856097,0.01245782137361474,1.86507564457371e-05,0.0005191939615666802,0.011167606993226154
Cora,Clustering Coefficient,2,pop50_gen20,50,20,1.3692327499156818,0.010381056564755062,0.00902135762287154,0.004086792966264274,2.540147409092846,2.2074418002921097,0.22302161709751295,0.01388552146631165,1.5300089266406928e-05,0.0008074266183233644,0.004086792966264274
Cora,Degree,2,pop100_gen50,100,50,7.225458332919516,0.22191878311971394,0.2880084787518428,0.13933388193016158,1.592712268154177,2.06703835967336,0.13933388193016158,0.01768481300964144,1.1541371843228096e-05,0.0007197452328476149,0.012913740193565365
Cora,Neighborhood Heterogeneity,2,pop100_gen50,100,50,6.324325500056148,0.00908160894129743,0.01513166615556232,0.0026305519083651948,3.4523587663933855,5.752278108424089,0.26279854686756243,0.0026305519083651948,1.9862196355250202e-05,0.0006758648407092216,0.01300379183130749
Cora,PageRank,2,pop100_gen50,100,50,8.364160917000845,1.66699110775385e-05,2.2586675250915984e-05,9.86165893877141e-06,1.6903759480060945,2.290352504700379,0.15519358107654976,0.006235849664001016,9.86165893877141e-06,0.0008999104530854058,0.011217339206454187
Cora,Eigenvector Centrality,2,pop100_gen50,100,50,8.232430332922377,0.0008027274574307344,0.0007339245870973372,0.00048756174391301736,1.6464119005488331,1.5052956805164595,0.33105434696325065,0.009559162877495012,2.3866832092737755e-05,0.00048756174391301736,0.01677321986837878
Cora,Clustering Coefficient,2,pop100_gen50,100,50,7.250593000091612,0.010381056564755062,0.00902135762287154,0.002981988009875705,3.481253623547522,3.025282996777565,0.2707418712408351,0.014424606431662896,1.919076598158097e-05,0.0008725385081124427,0.002981988009875705
Cora,Degree,2,pop200_gen50,200,50,14.82483149995096,0.22191878311971394,0.2880084787518428,0.1329975240602675,1.668593341776438,2.1655175973150635,0.1329975240602675,0.013175542077685749,1.2300798723034224e-05,0.0007930926347610275,0.006826619714204273
Cora,Neighborhood Heterogeneity,2,pop200_gen50,200,50,13.121466499986127,0.00908160894129743,0.01513166615556232,0.0020974010480900055,4.329934396460601,7.214483929690959,0.24373983477232036,0.0020974010480900055,1.8789706238046616e-05,0.0006029375095353034,0.011577280872309042
Cora,PageRank,2,pop200_gen50,200,50,16.627660624915734,1.66699110775385e-05,2.2586675250915984e-05,1.0476331263681783e-05,1.5911974008809697,2.1559718457182657,0.1701717978826917,0.012435844886008334,1.0476331263681783e-05,0.0007700039885710874,0.01039188312747862
Cora,Eigenvector Centrality,2,pop200_gen50,200,50,15.303082791040652,0.0008027274574307344,0.0007339245870973372,0.0005310748375483407,1.5115147634116006,1.3819607618493737,0.24590155258370067,0.008806875123839217,2.0893427252710216e-05,0.0005310748375483407,0.009158862675262525
Cora,Clustering Coefficient,2,pop200_gen50,200,50,14.54137541691307,0.010381056564755062,0.00902135762287154,0.002471679525700137,4.200001034444174,3.649889692036882,0.25030008217063815,0.008877980626242888,1.8687323839011213e-05,0.001075961846382333,0.002471679525700137
Cora,Degree,2,pop100_gen100,100,100,14.375493582920171,0.22191878311971394,0.2880084787518428,0.12687814931073702,1.7490701458468874,2.269961221190907,0.12687814931073702,0.015098794764147595,1.1449588609289315e-05,0.0007305945893391539,0.010157819221187862
Cora,Neighborhood Heterogeneity,2,pop100_gen100,100,100,11.960658833035268,0.00908160894129743,0.01513166615556232,0.0026305519083651948,3.4523587663933855,5.752278108424089,0.26279854686756243,0.0026305519083651948,1.9862196355250202e-05,0.0006758648407092216,0.01300379183130749
Cora,PageRank,2,pop100_gen100,100,100,16.38061883300543,1.66699110775385e-05,2.2586675250915984e-05,9.277567689276363e-06,1.796797569777551,2.434547071752781,0.14950959213433865,0.005672488473151086,9.277567689276363e-06,0.0008952551971197886,0.010023601962089016
Cora,Eigenvector Centrality,2,pop100_gen100,100,100,16.3244637909811,0.0008027274574307344,0.0007339245870973372,0.00046309853270135124,1.733383720195044,1.584813026325522,0.32315019315727117,0.011909439448105824,2.303388777926125e-05,0.00046309853270135124,0.016711623454819063
Cora,Clustering Coefficient,2,pop100_gen100,100,100,14.230107832932845,0.010381056564755062,0.00902135762287154,0.0019024978376448569,5.456540532842863,4.741849080911058,0.2503406249520471,0.01370135990298576,1.7977107298032886e-05,0.0009461211666247025,0.0019024978376448569
Cora,Degree,3,pop50_gen20,50,20,1.373223082977347,0.33609025691001554,0.23781076657532427,0.16393394725440477,2.050156557192184,1.4506499145431544,0.16393394725440477,0.011476484632732374,1.3750572740270494e-05,0.0005961506346525126,0.011600621173624096
Cora,Neighborhood Heterogeneity,3,pop50_gen20,50,20,1.2478091249940917,0.009094417088835563,0.012022368079523789,0.004119185903718662,2.207819045172356,2.9186272143411642,0.2604978092581452,0.004119185903718662,1.8403377660290088e-05,0.0007330474055105384,0.009572776414207215
Cora,PageRank,3,pop50_gen20,50,20,1.6680374580901116,2.4507559756539373e-05,1.7364371710429918e-05,1.1695851851386665e-05,2.0954061378294346,1.4846607097174536,0.16435641490503614,0.011687302828962139,1.1695851851386665e-05,0.0005968099887549757,0.011439348491078308
Cora,Eigenvector Centrality,3,pop50_gen20,50,20,1.5649710830766708,0.0009334696125981728,0.000664730457370697,0.0005064619200935691,1.843119049159143,1.3124983952354952,0.2532349247594937,0.007646021503260011,1.952213205549944e-05,0.0005064619200935691,0.016108293986511098
Cora,Clustering Coefficient,3,pop50_gen20,50,20,1.4411737499758601,0.010765921365833448,0.017183309792097333,0.0035507875742642947,3.0319812550499003,4.83929534862632,0.2882806728366789,0.008394066592369147,2.1380075494789685e-05,0.0009477750812607154,0.0035507875742642947
Cora,Degree,3,pop100_gen50,100,50,8.051975208916701,0.33609025691001554,0.23781076657532427,0.1415895843185606,2.373693365423337,1.679578111058486,0.1415895843185606,0.011379458416087156,1.3287114644045456e-05,0.0008652343363722993,0.008254135859520267
Cora,Neighborhood Heterogeneity,3,pop100_gen50,100,50,6.737492499989457,0.009094417088835563,0.012022368079523789,0.0020992182961508538,4.332287454578292,5.727069024487885,0.22855204198104487,0.0020992182961508538,1.7070860227243893e-05,0.000752907392991386,0.009270735901129408
Cora,PageRank,3,pop100_gen50,100,50,8.478402707958594,2.4507559756539373e-05,1.7364371710429918e-05,1.0418093423539415e-05,2.3524035310688585,1.6667513914969858,0.1761885870332375,0.015982710056557724,1.0418093423539415e-05,0.0007783511069906106,0.010739848739622014
Cora,Eigenvector Centrality,3,pop100_gen50,100,50,8.19017299998086,0.0009334696125981728,0.000664730457370697,0.00048650133514243233,1.918740083878459,1.366348680576765,0.32864642149780926,0.007919337675842589,2.3396007257821234e-05,0.00048650133514243233,0.01090125254629196
Cora,Clustering Coefficient,3,pop100_gen50,100,50,7.208882333012298,0.010765921365833448,0.017183309792097333,0.0026932527809161487,3.99736758544115,6.380132571979442,0.22849368661109937,0.009965707873445266,1.6593702960685482e-05,0.0006916391220585826,0.0026932527809161487
Cora,Degree,3,pop200_gen50,200,50,15.171835416113026,0.33609025691001554,0.23781076657532427,0.13781969301958003,2.438622881435872,1.725520942362994,0.13781969301958003,0.010137277361736032,1.2025573874861473e-05,0.0008703999712474051,0.011096266270308106
Cora,Neighborhood Heterogeneity,3,pop200_gen50,200,50,13.728201790945604,0.009094417088835563,0.012022368079523789,0.00201600801067287,4.511101662636836,5.963452533857324,0.24901660255158858,0.00201600801067287,1.85974398737974e-05,0.0009762538942606564,0.009810322123024299
Cora,PageRank,3,pop200_gen50,200,50,16.944613624946214,2.4507559756539373e-05,1.7364371710429918e-05,1.0449655822345474e-05,2.3452982732821277,1.6617170943848756,0.17294346083905807,0.011901663606747818,1.0449655822345474e-05,0.000911237121473963,0.020992245252850754
Cora,Eigenvector Centrality,3,pop200_gen50,200,50,16.320307416957803,0.0009334696125981728,0.000664730457370697,0.0004755573077001356,1.9628961588511127,1.3977925406833307,0.23928017113222694,0.010554194557409208,1.8555992513279643e-05,0.0004755573077001356,0.016325919045636465
Cora,Clustering Coefficient,3,pop200_gen50,200,50,14.640732708969153,0.010765921365833448,0.017183309792097333,0.0023496279980307596,4.581968454094199,7.313204390864763,0.22795184237728838,0.008635362453355283,1.718562323822237e-05,0.0008289695898352781,0.0023496279980307596
Cora,Degree,3,pop100_gen100,100,100,14.653099667048082,0.33609025691001554,0.23781076657532427,0.12615478089624257,2.664110345421128,1.8850713772862435,0.12615478089624257,0.012954360373430299,1.302607324552565e-05,0.0008740379035318335,0.009591621980070433
Cora,Neighborhood Heterogeneity,3,pop100_gen100,100,100,13.198991292039864,0.009094417088835563,0.012022368079523789,0.00154105804445233,5.901411125670863,7.801372649656663,0.2338339560670013,0.00154105804445233,1.7600417887573067e-05,0.000734882596141639,0.008943224041685068
Cora,PageRank,3,pop100_gen100,100,100,16.987492791027762,2.4507559756539373e-05,1.7364371710429918e-05,9.616346768014918e-06,2.5485311987764785,1.8057139711502321,0.17102802725168673,0.014766711601233478,9.616346768014918e-06,0.0006946001750803993,0.010012237300061906
Cora,Eigenvector Centrality,3,pop100_gen100,100,100,16.815129792084917,0.0009334696125981728,0.000664730457370697,0.00046829584889809193,1.993333092306162,1.4194669009661713,0.3122016513579299,0.008562145464270261,2.3002851963505984e-05,0.00046829584889809193,0.00944752002272881
Cora,Clustering Coefficient,3,pop100_gen100,100,100,14.210984125034884,0.010765921365833448,0.017183309792097333,0.002112511371065629,5.096266705727941,8.134067360512923,0.21472203994599845,0.009697994340564781,1.5847158723136443e-05,0.0007088279569129514,0.002112511371065629
Cora,Degree,4,pop50_gen20,50,20,1.4345303330337629,0.24653707914472472,0.38153285626156747,0.15835746453801056,1.5568390152239928,2.4093139996566952,0.15835746453801056,0.008150310947007426,1.3027222891481111e-05,0.0008586048511831651,0.0115010155701856
Cora,Neighborhood Heterogeneity,4,pop50_gen20,50,20,1.3902707080123946,0.013779527545468923,0.012081757015680731,0.0037341377548537865,3.6901497614965395,3.2354877642037616,0.2963020622897144,0.0037341377548537865,2.056602871815885e-05,0.000975238111840203,0.012230111269966338
Cora,PageRank,4,pop50_gen20,50,20,1.6328280000016093,1.8391325592067183e-05,2.5897297087781245e-05,1.2212619395573837e-05,1.5059280074455335,2.1205358366581932,0.17673681276794062,0.0138358092857992,1.2212619395573837e-05,0.0010194236459962977,0.013243927230412076
Cora,Eigenvector Centrality,4,pop50_gen20,50,20,1.4541896249866113,0.0007365098638704858,0.0008589489229825498,0.0005734839742559054,1.2842727904055318,1.4977731925238795,0.22768704233019393,0.008342372639916886,1.7220982097530264e-05,0.0005734839742559054,0.013240486992665123
Cora,Clustering Coefficient,4,pop50_gen20,50,20,1.460837124963291,0.0112117419072951,0.014874719803874198,0.004085232608164986,2.7444561871181223,3.6410949462570894,0.2784491082910351,0.010315469216363286,1.9834207647343588e-05,0.0007257777240738455,0.004085232608164986
Cora,Degree,4,pop100_gen50,100,50,7.322217082954012,0.24653707914472472,0.38153285626156747,0.13489365496755978,1.8276402934149407,2.8283973501446105,0.13489365496755978,0.015197296616228049,1.255095502398093e-05,0.000926821297581324,0.01306728886908956
Cora,Neighborhood Heterogeneity,4,pop100_gen50,100,50,6.699633582960814,0.013779527545468923,0.012081757015680731,0.002800428998179119,4.920505949063011,4.314252217619683,0.28396858467911573,0.002800428998179119,2.1795143429691918e-05,0.0008685913825054658,0.011863029513648721
Cora,PageRank,4,pop100_gen50,100,50,8.76810383296106,1.8391325592067183e-05,2.5897297087781245e-05,1.0505224417776385e-05,1.750683741791023,2.465182661301286,0.16460964583707666,0.012133796033475705,1.0505224417776385e-05,0.0008918975865644885,0.008627799698453176
Cora,Eigenvector Centrality,4,pop100_gen50,100,50,8.492437250097282,0.0007365098638704858,0.0008589489229825498,0.0004713969524465592,1.5623984415851344,1.8221350785672,0.2934364107263322,0.008514369137259142,2.3031661953624053e-05,0.0004713969524465592,0.0106998417772349
Cora,Clustering Coefficient,4,pop100_gen50,100,50,7.289683790993877,0.0112117419072951,0.014874719803874198,0.0023938420250892065,4.683576355410208,6.213743282963667,0.26872120233118657,0.009205213607293131,1.943315943805687e-05,0.0010630523050804137,0.0023938420250892065
Cora,Degree,4,pop200_gen50,200,50,14.352123999968171,0.24653707914472472,0.38153285626156747,0.16734639390341005,1.47321417207844,2.27989888136928,0.16734639390341005,0.010434543030276744,1.356104316678054e-05,0.0007713090694371189,0.010090514647778225
Cora,Neighborhood Heterogeneity,4,pop200_gen50,200,50,13.655064790975302,0.013779527545468923,0.012081757015680731,0.002464932607670447,5.590224861559866,4.901455308791964,0.24478041032768533,0.002464932607670447,2.047011912010822e-05,0.001326119991595267,0.008999682078197171
Cora,PageRank,4,pop200_gen50,200,50,17.277833250002004,1.8391325592067183e-05,2.5897297087781245e-05,1.022464642341244e-05,1.7987248488079397,2.53283057578221,0.1824724531794124,0.006908184722139029,1.022464642341244e-05,0.0006909272337380897,0.01279070951940107
Cora,Eigenvector Centrality,4,pop200_gen50,200,50,16.809976042015478,0.0007365098638704858,0.0008589489229825498,0.0005115045501136612,1.4398891734332104,1.6792595936667292,0.28816797899669877,0.007415861666267063,1.9415828904466966e-05,0.0005115045501136612,0.01229007032156649
Cora,Clustering Coefficient,4,pop200_gen50,200,50,14.989567875047214,0.0112117419072951,0.014874719803874198,0.002520362999263003,4.4484631422432415,5.901816447957623,0.30795659817722953,0.007455817062513493,2.150975893827672e-05,0.000868436538387711,0.002520362999263003
Cora,Degree,4,pop100_gen100,100,100,15.21387708291877,0.24653707914472472,0.38153285626156747,0.12011569880754398,2.0524967310038305,3.1763779426774224,0.12011569880754398,0.01610315441624371,1.2314165803273229e-05,0.0009012134362386493,0.008763141077740438
Cora,Neighborhood Heterogeneity,4,pop100_gen100,100,100,12.610046415938996,0.013779527545468923,0.012081757015680731,0.002800428998179119,4.920505949063011,4.314252217619683,0.28396858467911573,0.002800428998179119,2.1795143429691918e-05,0.0008685913825054658,0.011863029513648721
Cora,PageRank,4,pop100_gen100,100,100,16.748760416987352,1.8391325592067183e-05,2.5897297087781245e-05,9.719477769544877e-06,1.8922133501549614,2.664474131411477,0.15338711055905876,0.012650036606396946,9.719477769544877e-06,0.000931430522379296,0.00990258996330567
Cora,Eigenvector Centrality,4,pop100_gen100,100,100,17.046045790892094,0.0007365098638704858,0.0008589489229825498,0.00044702315555922246,1.647587724956032,1.9214864203354554,0.3088158953817495,0.008129193805178738,2.4723974906330174e-05,0.00044702315555922246,0.011359306718621303
Cora,Clustering Coefficient,4,pop100_gen100,100,100,14.57874416699633,0.0112117419072951,0.014874719803874198,0.0018633741938199025,6.016903069968526,7.98267994330282,0.2814949823459398,0.008464271843323216,1.9913286604665992e-05,0.0010671479719342597,0.0018633741938199025
Cora,Degree,5,pop50_gen20,50,20,1.5132178750354797,0.25589154640239026,0.26750695907508326,0.16153164363534717,1.5841573864007583,1.6560653569462351,0.16153164363534717,0.007466492896528012,1.2852575813366492e-05,0.000887839166104623,0.015767384797691193
Cora,Neighborhood Heterogeneity,5,pop50_gen20,50,20,1.3637630839366466,0.00973871530011235,0.010536215976324525,0.0037924194081758234,2.567942585442239,2.77823068661926,0.33947964391385943,0.0037924194081758234,2.5267061231940275e-05,0.0006883078572334726,0.010025571554350837
Cora,PageRank,5,pop50_gen20,50,20,1.7908645829884335,1.7684857438320454e-05,1.771831498264785e-05,1.2641047159386894e-05,1.3990025680102114,1.4016493063623068,0.20724435557807414,0.012531364645242085,1.2641047159386894e-05,0.0010670023653885762,0.0105647085097371
Cora,Eigenvector Centrality,5,pop50_gen20,50,20,1.6765292501077056,0.0006472242515689817,0.0006557287421285052,0.000539913444469245,1.1987555749889267,1.214507156370427,0.2314599611647275,0.006299028104074159,1.7474743919463478e-05,0.000539913444469245,0.010154801898996054
Cora,Clustering Coefficient,5,pop50_gen20,50,20,1.4541212079348043,0.01375781370940748,0.0091739736485613,0.004118679412992011,3.3403458560065804,2.227406585621306,0.3331117795242403,0.007841464954952089,2.30806140645281e-05,0.0007468039049735099,0.004118679412992011
Cora,Degree,5,pop100_gen50,100,50,7.51817808393389,0.25589154640239026,0.26750695907508326,0.13744591680511395,1.8617617194494156,1.9462706880873317,0.13744591680511395,0.010586156878853023,1.2132593586324135e-05,0.0007796468244287008,0.011125322351142573
Cora,Neighborhood Heterogeneity,5,pop100_gen50,100,50,6.633527708007023,0.00973871530011235,0.010536215976324525,0.0022274649489165722,4.372107091897995,4.730137720662804,0.24929541892966306,0.0022274649489165722,1.968869954718482e-05,0.0008023393724458733,0.013012026845863108
Cora,PageRank,5,pop100_gen50,100,50,8.650965792010538,1.7684857438320454e-05,1.771831498264785e-05,1.0317757000069804e-05,1.7140215105086123,1.7172642254055777,0.170681434377228,0.010859733602423562,1.0317757000069804e-05,0.0007088735691088554,0.01179098605072047
Cora,Eigenvector Centrality,5,pop100_gen50,100,50,7.742625750019215,0.0006472242515689817,0.0006557287421285052,0.0004989986338044998,1.29704613945407,1.3140892533693986,0.3335746589813668,0.01139089958776084,2.5156319164288515e-05,0.0004989986338044998,0.010816289684983651
Cora,Clustering Coefficient,5,pop100_gen50,100,50,6.976888875011355,0.01375781370940748,0.0091739736485613,0.002777631574539274,4.953073631332654,3.3028043505312574,0.2921252268901112,0.00965458506584915,2.0360443847115767e-05,0.0006918440107936202,0.002777631574539274
Cora,Degree,5,pop200_gen50,200,50,14.795937709044665,0.25589154640239026,0.26750695907508326,0.1395293861718507,1.833961672326306,1.9172087430070794,0.1395293861718507,0.00837563449128581,1.164302879033215e-05,0.0009727491632773108,0.00885493588121905
Cora,Neighborhood Heterogeneity,5,pop200_gen50,200,50,13.356069999979809,0.00973871530011235,0.010536215976324525,0.0023224193543819045,4.19334918206632,4.536741375516423,0.2781526223893333,0.0023224193543819045,2.0157912203021815e-05,0.0007911758018874466,0.011649785486937372
Cora,PageRank,5,pop200_gen50,200,50,16.7014971250901,1.7684857438320454e-05,1.771831498264785e-05,1.0034112952897343e-05,1.7624734265338287,1.765807806412195,0.1680047604747347,0.00943339218904326,1.0034112952897343e-05,0.0008672113544899796,0.012616093345135013
Cora,Eigenvector Centrality,5,pop200_gen50,200,50,16.417159167001955,0.0006472242515689817,0.0006557287421285052,0.000485858639033579,1.3321246131516256,1.3496286562544502,0.2687865537766328,0.006616156744232103,2.0442085468332734e-05,0.000485858639033579,0.0071236916033342425
Cora,Clustering Coefficient,5,pop200_gen50,200,50,14.397431874996983,0.01375781370940748,0.0091739736485613,0.0019245568553116267,7.148561847594675,4.766797937531359,0.2408183999848371,0.007898870518689132,1.8886038323998863e-05,0.0006125706047898256,0.0019245568553116267
Cora,Degree,5,pop100_gen100,100,100,14.690142791951075,0.25589154640239026,0.26750695907508326,0.12421155443175698,2.0601267536908536,2.1536398952486673,0.12421155443175698,0.011772377385687715,1.180968487060286e-05,0.0007664695599681843,0.014923710469731238
Cora,Neighborhood Heterogeneity,5,pop100_gen100,100,100,12.996066166902892,0.00973871530011235,0.010536215976324525,0.001608365055893981,6.055040343250469,6.550885905978701,0.27014639781653704,0.001608365055893981,2.006460169930535e-05,0.0008987110596215975,0.013255327692070953
Cora,PageRank,5,pop100_gen100,100,100,16.537026458070613,1.7684857438320454e-05,1.771831498264785e-05,9.638660211834192e-06,1.8347837821492317,1.8382549642006871,0.16712137396071586,0.009981211362424507,9.638660211834192e-06,0.0007065265876846509,0.01174059270734885
Cora,Eigenvector Centrality,5,pop100_gen100,100,100,15.034912708913907,0.0006472242515689817,0.0006557287421285052,0.0004989986338044998,1.29704613945407,1.3140892533693986,0.3335746589813668,0.01139089958776084,2.5156319164288515e-05,0.0004989986338044998,0.010816289684983651
Cora,Clustering Coefficient,5,pop100_gen100,100,100,14.33608737506438,0.01375781370940748,0.0091739736485613,0.002126013844794894,6.471177853846364,4.315105318350527,0.2748331256155107,0.009688146595237132,1.9666900570326595e-05,0.0006549287463772639,0.002126013844794894
Cora,Degree,6,pop50_gen20,50,20,1.4362326249247417,0.24935932259854016,0.3067864541752459,0.1552724874182714,1.6059465958500339,1.9757940332908288,0.1552724874182714,0.009468732169649406,1.3127889888635296e-05,0.0009576883216794741,0.005753316298771429
Cora,Neighborhood Heterogeneity,6,pop50_gen20,50,20,1.4869851249968633,0.007242704318780585,0.016098834070162753,0.0033862904761267137,2.138831376056342,4.754120824441743,0.23649537945180893,0.0033862904761267137,1.9295612193869458e-05,0.0011841787536489357,0.014227401792003786
Cora,PageRank,6,pop50_gen20,50,20,1.596256999997422,1.7408434291532966e-05,2.2449133411090207e-05,1.1659879003489287e-05,1.4930201493791995,1.9253315925810357,0.17914780808390568,0.011345068045639064,1.1659879003489287e-05,0.0008329268118928585,0.011146285130194281
Cora,Eigenvector Centrality,6,pop50_gen20,50,20,1.7439596250187606,0.0007864906013803255,0.0010044466191262715,0.0005350023276211701,1.4700694946083146,1.8774621478609907,0.2895686398578392,0.010689193376724328,2.1428782582024552e-05,0.0005350023276211701,0.014461025783450585
Cora,Clustering Coefficient,6,pop50_gen20,50,20,1.4972147499211133,0.008919852570901072,0.008934585606170876,0.0038593374564707154,2.3112393439308345,2.315056847695659,0.2730307042379151,0.01160022355830689,1.984038520639671e-05,0.0010720720625149367,0.0038593374564707154
Cora,Degree,6,pop100_gen50,100,50,7.3751822910271585,0.24935932259854016,0.3067864541752459,0.13864504555594476,1.7985447774108958,2.2127473285834385,0.13864504555594476,0.017534762287708328,1.4239180413812999e-05,0.0008442071827637141,0.009457282858961035
Cora,Neighborhood Heterogeneity,6,pop100_gen50,100,50,6.603191667003557,0.007242704318780585,0.016098834070162753,0.002220991140583183,3.2610235072251625,7.248490899398886,0.2443762005803038,0.002220991140583183,1.714398767451593e-05,0.000632514477041033,0.012222573302933295
Cora,PageRank,6,pop100_gen50,100,50,8.343185957986861,1.7408434291532966e-05,2.2449133411090207e-05,1.0773485967549984e-05,1.6158590027376112,2.0837390496175123,0.16448863105995143,0.006360345522968801,1.0773485967549984e-05,0.0006943127347452361,0.009378845712436459
Cora,Eigenvector Centrality,6,pop100_gen50,100,50,8.207311167032458,0.0007864906013803255,0.0010044466191262715,0.0004485156051469324,1.7535412198705402,2.239490906447319,0.2751752905303203,0.012766330665660677,2.1454427596436837e-05,0.0004485156051469324,0.011203813721540761
Cora,Clustering Coefficient,6,pop100_gen50,100,50,7.239167833933607,0.008919852570901072,0.008934585606170876,0.0027875002739781345,3.1999467961204013,3.2052321894196734,0.32218382798915113,0.009809297907747984,2.3355931969495347e-05,0.0008089742552602212,0.0027875002739781345
Cora,Degree,6,pop200_gen50,200,50,14.981358833028935,0.24935932259854016,0.3067864541752459,0.13623941315903051,1.8303023832572314,2.251818670248807,0.13623941315903051,0.012528747330911503,1.265495081235834e-05,0.0008023077828936715,0.00752886064921821
Cora,Neighborhood Heterogeneity,6,pop200_gen50,200,50,12.522305125021376,0.007242704318780585,0.016098834070162753,0.0035098976873281355,2.063508672896389,4.586696110340978,0.23816514540477263,0.0035098976873281355,1.635761048854011e-05,0.0009605800327455261,0.01185955601840483
Cora,PageRank,6,pop200_gen50,200,50,17.230735582998022,1.7408434291532966e-05,2.2449133411090207e-05,1.0598208423504727e-05,1.6425827456765718,2.118200785833054,0.17524238394214398,0.011784994526862144,1.0598208423504727e-05,0.0008442804429687775,0.009497192073956153
Cora,Eigenvector Centrality,6,pop200_gen50,200,50,16.77449500001967,0.0007864906013803255,0.0010044466191262715,0.00047709064507202076,1.6485139868160656,2.105358026826625,0.2864846893799382,0.00863370924511501,2.1664136274606614e-05,0.00047709064507202076,0.02033662214549635
Cora,Clustering Coefficient,6,pop200_gen50,200,50,15.18426350003574,0.008919852570901072,0.008934585606170876,0.0023771926514682714,3.7522632275477257,3.758460889003857,0.32759661523338696,0.00872916618358332,2.4098440985522027e-05,0.0009806271230482042,0.0023771926514682714
Cora,Degree,6,pop100_gen100,100,100,14.533119832980447,0.24935932259854016,0.3067864541752459,0.13000213277537526,1.9181171668113841,2.3598570856166505,0.13000213277537526,0.017595140353504603,1.5124846008133348e-05,0.0008076043300473682,0.00956617494930262
Cora,Neighborhood Heterogeneity,6,pop100_gen100,100,100,13.288123040925711,0.007242704318780585,0.016098834070162753,0.001724865839908303,4.1989957428605695,9.333383326217763,0.23757929259178395,0.001724865839908303,1.650145434990643e-05,0.0006357783542206522,0.013083105076298538
Cora,PageRank,6,pop100_gen100,100,100,16.788266458082944,1.7408434291532966e-05,2.2449133411090207e-05,1.0316738987147028e-05,1.6873969878680688,2.175991215737663,0.1686430082915058,0.006754066797310253,1.0316738987147028e-05,0.0006819867178022287,0.011142920277551639
Cora,Eigenvector Centrality,6,pop100_gen100,100,100,16.51162583299447,0.0007864906013803255,0.0010044466191262715,0.0004421911348028022,1.7786213686329684,2.271521385371533,0.2738641923315448,0.013796022328414398,2.1143753086177343e-05,0.0004421911348028022,0.011579555322319055
Cora,Clustering Coefficient,6,pop100_gen100,100,100,14.275068416958675,0.008919852570901072,0.008934585606170876,0.0020240569246364978,4.406917840269239,4.414196803173135,0.3310546633180467,0.008553433021831175,2.399730314183072e-05,0.0009058647709995679,0.0020240569246364978
Cora,Degree,7,pop50_gen20,50,20,1.5327678750036284,0.2833432711390203,0.2114195971137009,0.16203164944358167,1.748690901512291,1.3048043258197886,0.16203164944358167,0.010218429850235073,1.3822879788466742e-05,0.0007830247202306623,0.009008715186570324
Cora,Neighborhood Heterogeneity,7,pop50_gen20,50,20,1.3588811249937862,0.012769200916858342,0.011704593339307779,0.0037077327898844643,3.4439377486143603,3.1568060598219385,0.3022812293994697,0.0037077327898844643,2.136351783523195e-05,0.000801291478319769,0.014361465616036823
Cora,PageRank,7,pop50_gen20,50,20,1.6658317080000415,2.0725859951069656e-05,1.6884881676058242e-05,1.2283160770080689e-05,1.6873393045179126,1.3746365444622708,0.17619308551784268,0.008809501190263722,1.2283160770080689e-05,0.0007648834142566952,0.011565424519043308
Cora,Eigenvector Centrality,7,pop50_gen20,50,20,1.6003658749395981,0.0007709881002942494,0.0006784283281764664,0.0005205812917850871,1.48101384444783,1.3032130406571423,0.23844888039468323,0.012053655734843174,1.883304529569327e-05,0.0005205812917850871,0.009883520694348873
Cora,Clustering Coefficient,7,pop50_gen20,50,20,1.466388416942209,0.007699052149613685,0.009507984864934756,0.003989680989080704,1.929741292771302,2.3831441388314034,0.28885929784931913,0.01640969011382059,2.238103367579145e-05,0.0007688907943944921,0.003989680989080704
Cora,Degree,7,pop100_gen50,100,50,7.565014041960239,0.2833432711390203,0.2114195971137009,0.1439283348785158,1.9686413476413738,1.4689226919226974,0.1439283348785158,0.007854521939155219,1.2286114702149853e-05,0.0007495487345424332,0.010172911114436528
Cora,Neighborhood Heterogeneity,7,pop100_gen50,100,50,6.773584499955177,0.012769200916858342,0.011704593339307779,0.002085482055630372,6.12290136104702,5.612416231397335,0.28340620760851865,0.002085482055630372,2.009678221417188e-05,0.0008291057743692383,0.00964412814918653
Cora,PageRank,7,pop100_gen50,100,50,8.327604375081137,2.0725859951069656e-05,1.6884881676058242e-05,9.916017783570687e-06,2.0901394494682344,1.7027885633720714,0.17389382087247682,0.013849245346804175,9.916017783570687e-06,0.0008423329604583128,0.010429199140721407
Cora,Eigenvector Centrality,7,pop100_gen50,100,50,7.662203207961284,0.0007709881002942494,0.0006784283281764664,0.0005466322601513454,1.4104328567816082,1.241105543219551,0.2387594249423383,0.00756563652320901,1.7788513248305645e-05,0.0005466322601513454,0.014845238924584978
Cora,Clustering Coefficient,7,pop100_gen50,100,50,6.847137792035937,0.007699052149613685,0.009507984864934756,0.0025445162460885945,3.025742972342422,3.7366571659938654,0.26553293940041345,0.01290043638816644,2.118453506515526e-05,0.0009146080978599403,0.0025445162460885945
Cora,Degree,7,pop200_gen50,200,50,15.452623291057535,0.2833432711390203,0.2114195971137009,0.1263843617885016,2.2419171733697736,1.672830357505004,0.1263843617885016,0.007909174547193344,1.2100035618419619e-05,0.0009579235385428379,0.009780199014711903
Cora,Neighborhood Heterogeneity,7,pop200_gen50,200,50,13.548730749986134,0.012769200916858342,0.011704593339307779,0.001972137319806315,6.4748031430754605,5.9349788788831885,0.2609360170711477,0.001972137319806315,1.9726204567590014e-05,0.0010183959519271854,0.013546632968753147
Cora,PageRank,7,pop200_gen50,200,50,17.148498916998506,2.0725859951069656e-05,1.6884881676058242e-05,1.0206961510757656e-05,2.030561193870044,1.6542515280637018,0.18067484160372038,0.020442273942404686,1.0206961510757656e-05,0.0008485315286863963,0.009271468804405091
Cora,Eigenvector Centrality,7,pop200_gen50,200,50,17.283906791941263,0.0007709881002942494,0.0006784283281764664,0.00045589640487827957,1.6911475766081037,1.4881194958262522,0.2585543409938152,0.013976238807712971,2.006301530293665e-05,0.00045589640487827957,0.01160529943432575
Cora,Clustering Coefficient,7,pop200_gen50,200,50,14.546273500076495,0.007699052149613685,0.009507984864934756,0.0043531464061223185,1.7686177838598867,2.184163815754648,0.2273336347301221,0.01595170942033889,1.7978919674483727e-05,0.0007917777680474412,0.0043531464061223185
Cora,Degree,7,pop100_gen100,100,100,14.468814332969487,0.2833432711390203,0.2114195971137009,0.1304166643536136,2.17260020062129,1.6211087606140178,0.1304166643536136,0.00847536443274275,1.1722248868339393e-05,0.0007562522980486799,0.009617395442596216
Cora,Neighborhood Heterogeneity,7,pop100_gen100,100,100,12.990473457961343,0.012769200916858342,0.011704593339307779,0.0015461659354491619,8.258622586423032,7.570075805549027,0.2696840714765565,0.0015461659354491619,1.9435856812221327e-05,0.0007767841339109058,0.00874159589338397
Cora,PageRank,7,pop100_gen100,100,100,16.164322249940597,2.0725859951069656e-05,1.6884881676058242e-05,9.53258842761232e-06,2.17421113986571,1.771279836979964,0.17657923281684715,0.014893326534479579,9.53258842761232e-06,0.0008269774180919596,0.009933564730385074
Cora,Eigenvector Centrality,7,pop100_gen100,100,100,14.773082125000656,0.0007709881002942494,0.0006784283281764664,0.0005033975123593549,1.5315691503534339,1.3476990082783011,0.25907077105648,0.011014091319643987,2.070652155403739e-05,0.0005033975123593549,0.007587858223285023
Cora,Clustering Coefficient,7,pop100_gen100,100,100,12.994191666017286,0.007699052149613685,0.009507984864934756,0.0025445162460885945,3.025742972342422,3.7366571659938654,0.26553293940041345,0.01290043638816644,2.118453506515526e-05,0.0009146080978599403,0.0025445162460885945
Cora,Degree,8,pop50_gen20,50,20,1.4789459579624236,0.238400905290557,0.27429666948823445,0.1716180702544805,1.38913638253273,1.598297132006548,0.1716180702544805,0.011559344575874497,1.393541239843416e-05,0.000623790856623908,0.008920472948654811
Cora,Neighborhood Heterogeneity,8,pop50_gen20,50,20,1.1982155840378255,0.010633640863312302,0.015330581742263682,0.004361458102996671,2.438093090016419,3.515012956728931,0.28112526131636434,0.004361458102996671,2.226291886683751e-05,0.0007013005690341197,0.009717149945491308
Cora,PageRank,8,pop50_gen20,50,20,1.6669199590105563,1.9084286570170062e-05,2.214144375284728e-05,1.116763992592393e-05,1.7088916455722103,1.9826430561617034,0.18161627519288526,0.008984584507703763,1.116763992592393e-05,0.0007409144822723027,0.017586741683456933
Cora,Eigenvector Centrality,8,pop50_gen20,50,20,1.63781366602052,0.0008317814571610252,0.0007151531334016575,0.0005412465932417767,1.5367883466556354,1.321307408363116,0.25271020599966204,0.016522891781551453,1.922595825215079e-05,0.0005412465932417767,0.010993832249254336
Cora,Clustering Coefficient,8,pop50_gen20,50,20,1.4747297919820994,0.00924092562691111,0.0069270369545945815,0.003481694432705562,2.6541460790199656,1.9895591323365234,0.26745106099605515,0.009716168876067837,2.1311561918514713e-05,0.0008320337340978612,0.003481694432705562
Cora,Degree,8,pop100_gen50,100,50,7.36660408298485,0.238400905290557,0.27429666948823445,0.13275447995417083,1.7958030898306192,2.066195201720699,0.13275447995417083,0.011473110279242226,1.3233352812984367e-05,0.0008288964939542548,0.008998506116913389
Cora,Neighborhood Heterogeneity,8,pop100_gen50,100,50,6.057127499952912,0.010633640863312302,0.015330581742263682,0.0037130118285833963,2.8638855339626788,4.128880394144252,0.24120477296369583,0.0037130118285833963,1.6380225591745976e-05,0.0008991699655675452,0.00965871150634845
Cora,PageRank,8,pop100_gen50,100,50,8.149040290969424,1.9084286570170062e-05,2.214144375284728e-05,1.0386008797099739e-05,1.8374995576259565,2.131852975036013,0.17745763825407251,0.014174018756048392,1.0386008797099739e-05,0.0009158577555104647,0.009468994840372063
Cora,Eigenvector Centrality,8,pop100_gen50,100,50,7.946051958017051,0.0008317814571610252,0.0007151531334016575,0.0004850656620803106,1.7147811568309075,1.4743429380974242,0.3060304347217627,0.013839662720558052,2.239697726832049e-05,0.0004850656620803106,0.01073689111240927
Cora,Clustering Coefficient,8,pop100_gen50,100,50,6.960924459039234,0.00924092562691111,0.0069270369545945815,0.0040079612670145025,2.3056424479357807,1.7283193357191484,0.2786829418380587,0.0139229126889859,2.1574751382212116e-05,0.0008735480557732357,0.0040079612670145025
Cora,Degree,8,pop200_gen50,200,50,14.824656083015725,0.238400905290557,0.27429666948823445,0.13992403172788664,1.7037881366524694,1.96032565743721,0.13992403172788664,0.010110822149884484,1.1927401760458534e-05,0.0010271171813487953,0.008294370380310273
Cora,Neighborhood Heterogeneity,8,pop200_gen50,200,50,13.213266458013095,0.010633640863312302,0.015330581742263682,0.0024260974737213364,4.383022932298593,6.319029597252103,0.26574123586136916,0.0024260974737213364,1.898549543530481e-05,0.0008774628787992367,0.014858802235805019
Cora,PageRank,8,pop200_gen50,200,50,16.678755249944516,1.9084286570170062e-05,2.214144375284728e-05,1.0319855779213958e-05,1.849278418077241,2.1455187191127343,0.15408301756372428,0.012266829820106687,1.0319855779213958e-05,0.0008753809894550661,0.006800202706012977
Cora,Eigenvector Centrality,8,pop200_gen50,200,50,16.4045425420627,0.0008317814571610252,0.0007151531334016575,0.0004623218208543942,1.799139516330531,1.5468729814223743,0.28017506651283836,0.010425758579869469,2.0276001213302215e-05,0.0004623218208543942,0.01000346043024698
Cora,Clustering Coefficient,8,pop200_gen50,200,50,14.354595500044525,0.00924092562691111,0.0069270369545945815,0.0024021825341972148,3.8468873598730644,2.8836430437662504,0.23892146307806442,0.015772539695038716,2.059990128558512e-05,0.0009741850490246248,0.0024021825341972148
Cora,Degree,8,pop100_gen100,100,100,14.213831417029724,0.238400905290557,0.27429666948823445,0.12556867016341913,1.8985699616018417,2.1844355692487296,0.12556867016341913,0.010053325900993096,1.3015464867119418e-05,0.0008402009687145321,0.008689447430323306
Cora,Neighborhood Heterogeneity,8,pop100_gen100,100,100,12.028678874950856,0.010633640863312302,0.015330581742263682,0.003394197216281706,3.132888334332353,4.516703292526447,0.2698686070728026,0.003394197216281706,2.0897050515992963e-05,0.0010422211719330358,0.012053506204824824
Cora,PageRank,8,pop100_gen100,100,100,15.570729625062086,1.9084286570170062e-05,2.214144375284728e-05,1.0386008797099739e-05,1.8374995576259565,2.131852975036013,0.17745763825407251,0.014174018756048392,1.0386008797099739e-05,0.0009158577555104647,0.009468994840372063
Cora,Eigenvector Centrality,8,pop100_gen100,100,100,16.183772750082426,0.0008317814571610252,0.0007151531334016575,0.0004519190901099724,1.8405539295952624,1.5824804684122291,0.30317093494942216,0.013392451476948782,2.2528948029607855e-05,0.0004519190901099724,0.010103883956678394
Cora,Clustering Coefficient,8,pop100_gen100,100,100,13.176947625004686,0.00924092562691111,0.0069270369545945815,0.0040079612670145025,2.3056424479357807,1.7283193357191484,0.2786829418380587,0.0139229126889859,2.1574751382212116e-05,0.0008735480557732357,0.0040079612670145025
Cora,Degree,9,pop50_gen20,50,20,1.4141448329901323,0.2816809898987388,0.24863324904828593,0.17948583620637454,1.5693772603586351,1.3852527547767337,0.17948583620637454,0.013866479241765928,1.4683120030738622e-05,0.0013288207317755946,0.009665092250042208
Cora,Neighborhood Heterogeneity,9,pop50_gen20,50,20,1.2509582500206307,0.006780189195165952,0.008407966502689124,0.004293370808106064,1.5792228293826078,1.9583601972637747,0.28681798024045724,0.004293370808106064,2.1113485693565427e-05,0.000888299491178967,0.009531646512510867
Cora,PageRank,9,pop50_gen20,50,20,1.7129385409643874,1.9875081629175985e-05,1.8820805444105386e-05,1.1255700121562313e-05,1.7657792420305958,1.6721132617997487,0.17702631367664048,0.012000601274154315,1.1255700121562313e-05,0.0009432342671914486,0.009321012083651168
Cora,Eigenvector Centrality,9,pop50_gen20,50,20,1.643546334002167,0.0007425106476293614,0.0006163022663068185,0.0004898880613028225,1.5156741024770173,1.2580471233934676,0.263348007796471,0.015601345973467573,1.7759177211922102e-05,0.0004898880613028225,0.01317397800575904
Cora,Clustering Coefficient,9,pop50_gen20,50,20,1.4815458749653772,0.01060239184866423,0.009324180811772543,0.003295633486477664,3.217102839914382,2.829252964575901,0.2669127500624705,0.012424429872786441,1.937554575880526e-05,0.0008108397200393089,0.003295633486477664
Cora,Degree,9,pop100_gen50,100,50,7.548603874980472,0.2816809898987388,0.24863324904828593,0.1334337450845478,2.11101764190353,1.8633461040214685,0.1334337450845478,0.014046465544889784,1.1886465642909426e-05,0.000764778640954169,0.009946607538589452
Cora,Neighborhood Heterogeneity,9,pop100_gen50,100,50,6.571030083927326,0.006780189195165952,0.008407966502689124,0.0023172043999459754,2.9260211983561004,3.6284958300981787,0.28160096221023984,0.0023172043999459754,2.3140997726589778e-05,0.0009228446299125104,0.01483734761375025
Cora,PageRank,9,pop100_gen50,100,50,8.631781709031202,1.9875081629175985e-05,1.8820805444105386e-05,1.046633838063495e-05,1.898952709760397,1.7982225263161808,0.15789588173255162,0.010044948225890592,1.046633838063495e-05,0.0008560912324138262,0.010860801436977128
Cora,Eigenvector Centrality,9,pop100_gen50,100,50,8.304198750061914,0.0007425106476293614,0.0006163022663068185,0.0004645546336816855,1.598327933454932,1.3266518545353936,0.2580718697042985,0.010263295924255183,1.7133334651481392e-05,0.0004645546336816855,0.009510148177463543
Cora,Clustering Coefficient,9,pop100_gen50,100,50,7.099578832974657,0.01060239184866423,0.009324180811772543,0.0025060296991129536,4.230752673209381,3.720698447856773,0.228349383486461,0.009674887729832585,1.749571003325846e-05,0.0007162841470218513,0.0025060296991129536
Cora,Degree,9,pop200_gen50,200,50,14.941808250034228,0.2816809898987388,0.24863324904828593,0.12600296081894247,2.235510880601408,1.9732333862023663,0.12600296081894247,0.011045493631759625,1.1299669398167835e-05,0.0006886759369798556,0.011117204586081038
Cora,Neighborhood Heterogeneity,9,pop200_gen50,200,50,13.386774250073358,0.006780189195165952,0.008407966502689124,0.002287453626537634,2.964077223907998,3.675688287248779,0.23923289422514946,0.002287453626537634,1.8610445324179564e-05,0.0008271998315805117,0.007164825188004843
Cora,PageRank,9,pop200_gen50,200,50,16.498844125075266,1.9875081629175985e-05,1.8820805444105386e-05,1.0510755105503938e-05,1.8909280474785712,1.7906235332464273,0.1670259798921047,0.007517926800973818,1.0510755105503938e-05,0.0008819334630114521,0.012913265775241795
Cora,Eigenvector Centrality,9,pop200_gen50,200,50,16.291899292031303,0.0007425106476293614,0.0006163022663068185,0.00045881406337874246,1.61832582497898,1.3432506008388685,0.27846076505853523,0.008770880017051216,2.0148661769859205e-05,0.00045881406337874246,0.01735108880668484
Cora,Clustering Coefficient,9,pop200_gen50,200,50,14.410234584007412,0.01060239184866423,0.009324180811772543,0.0023855732037081955,4.444379167314423,3.908570400304128,0.31132660996104095,0.005252165246469875,2.1834551564597186e-05,0.0008054716757707025,0.0023855732037081955
Cora,Degree,9,pop100_gen100,100,100,14.500346834072843,0.2816809898987388,0.24863324904828593,0.12517481650187492,2.250300801475668,1.9862881048805994,0.12517481650187492,0.015509014151007472,1.1978870689545173e-05,0.0007363105746128717,0.010127181371153095
Cora,Neighborhood Heterogeneity,9,pop100_gen100,100,100,12.857942916918546,0.006780189195165952,0.008407966502689124,0.0018957984788047471,3.576429283475683,4.435052879665846,0.2829841802351044,0.0018957984788047471,2.3213088523832107e-05,0.0008806789795539038,0.014079771105721542
Cora,PageRank,9,pop100_gen100,100,100,17.020131708006375,1.9875081629175985e-05,1.8820805444105386e-05,9.735229882217622e-06,2.0415626410096204,1.9332676959671473,0.15543825229409758,0.009460393499940606,9.735229882217622e-06,0.0010257775398185977,0.013208796338845991
Cora,Eigenvector Centrality,9,pop100_gen100,100,100,16.23238866601605,0.0007425106476293614,0.0006163022663068185,0.00045265592736830053,1.6403422616075067,1.3615247896784266,0.25048070967689967,0.012246084072487458,1.7227680500682767e-05,0.00045265592736830053,0.011538456965878425
Cora,Clustering Coefficient,9,pop100_gen100,100,100,14.118513541994616,0.01060239184866423,0.009324180811772543,0.0021067976227744445,5.032468108969065,4.425760078224085,0.23278663832597662,0.01104433920066528,1.718507321893146e-05,0.0007123515815126407,0.0021067976227744445
Cora,Degree,10,pop50_gen20,50,20,1.542961958097294,0.2847329563022215,0.28529517922541725,0.16415815011512536,1.7345039286964195,1.7379288145324345,0.16415815011512536,0.00664533181805643,1.2995297798783714e-05,0.0007610262317486343,0.009287301000264123
Cora,Neighborhood Heterogeneity,10,pop50_gen20,50,20,1.3175739580765367,0.010333561781212317,0.008451411873895778,0.003441444456193374,3.002681552106874,2.455774597403787,0.26332003558447337,0.003441444456193374,1.941694144463713e-05,0.0008687490758479324,0.012384762441014403
Cora,PageRank,10,pop50_gen20,50,20,1.6691322500118986,2.27284530016776e-05,1.9763915404712027e-05,1.166938724604823e-05,1.9476989256119217,1.6936549441706943,0.1617213225157846,0.009587421616612307,1.166938724604823e-05,0.0007474130888488577,0.015204862514317541
Cora,Eigenvector Centrality,10,pop50_gen20,50,20,1.5845897080143914,0.0007347129533300764,0.0007038743524150349,0.0005440143186151317,1.3505397343224277,1.2938526217597552,0.2713904882409343,0.02336233404785642,1.847466557849188e-05,0.0005440143186151317,0.011840470645787641
Cora,Clustering Coefficient,10,pop50_gen20,50,20,1.383714040974155,0.007183150628266697,0.01552911907811107,0.005274633998955717,1.3618292055313852,2.9441131045652758,0.28193040240823664,0.0078079781511995,2.069194830972636e-05,0.0008152958949535461,0.005274633998955717
Cora,Degree,10,pop100_gen50,100,50,7.353918584063649,0.2847329563022215,0.28529517922541725,0.13872707010816085,2.052468606741458,2.056521333601165,0.13872707010816085,0.010746182737470696,1.2301394751309668e-05,0.000636782338905793,0.00765856245710018
Cora,Neighborhood Heterogeneity,10,pop100_gen50,100,50,6.648538166075014,0.010333561781212317,0.008451411873895778,0.002297707930645804,4.497334775838077,3.6781924113045936,0.28824055421249584,0.002297707930645804,2.0719539761989403e-05,0.0009494706016098682,0.013676178448053933
Cora,PageRank,10,pop100_gen50,100,50,7.935660540941171,2.27284530016776e-05,1.9763915404712027e-05,1.0788830177525954e-05,2.1066651923971227,1.8318867828582506,0.17992012484689937,0.009609620559011984,1.0788830177525954e-05,0.000759366317606211,0.01101151137249021
Cora,Eigenvector Centrality,10,pop100_gen50,100,50,8.035906958044507,0.0007347129533300764,0.0007038743524150349,0.00048225298314442147,1.5235011062856405,1.4595541697338634,0.25268145902066247,0.00872596577286284,1.5919021002727648e-05,0.00048225298314442147,0.012630241255489474
Cora,Clustering Coefficient,10,pop100_gen50,100,50,7.143054624903016,0.007183150628266697,0.01552911907811107,0.0021627250400037996,3.3213425171486786,7.180348306358809,0.253885656500732,0.01384410024898194,1.835156751014428e-05,0.0009485137714797557,0.0021627250400037996
Cora,Degree,10,pop200_gen50,200,50,14.855282292002812,0.2847329563022215,0.28529517922541725,0.13768235675296053,2.068042434900425,2.072125913252009,0.13768235675296053,0.006691676383386788,1.190678823137759e-05,0.000882338914930859,0.012449569128159407
Cora,Neighborhood Heterogeneity,10,pop200_gen50,200,50,13.860768917016685,0.010333561781212317,0.008451411873895778,0.0022301971492534947,4.633474571820357,3.7895357711871736,0.1893509927954012,0.0022301971492534947,1.393489877142643e-05,0.0009344751211936477,0.013882897721954748
Cora,PageRank,10,pop200_gen50,200,50,16.375263459049165,2.27284530016776e-05,1.9763915404712027e-05,1.0333660897410606e-05,2.1994579875727163,1.912576346458634,0.15854604121415777,0.006450061392615848,1.0333660897410606e-05,0.0009781203353384667,0.008201649649632008
Cora,Eigenvector Centrality,10,pop200_gen50,200,50,16.218849333003163,0.0007347129533300764,0.0007038743524150349,0.0004658655082639963,1.577092401770448,1.5108960417309194,0.2633016487213059,0.011421933681165833,1.9284585450149216e-05,0.0004658655082639963,0.008670300092239515
Cora,Clustering Coefficient,10,pop200_gen50,200,50,15.09175212495029,0.007183150628266697,0.01552911907811107,0.002564358030519944,2.8011496611533047,6.055753094259782,0.26053396639487764,0.011284853333299375,1.870622611001737e-05,0.0007665766203322694,0.002564358030519944
Cora,Degree,10,pop100_gen100,100,100,14.344839499914087,0.2847329563022215,0.28529517922541725,0.1266360270665494,2.248435637929398,2.2528753138748563,0.1266360270665494,0.011685394315911795,1.238782241924659e-05,0.0006847965969835916,0.007755774446360017
Cora,Neighborhood Heterogeneity,10,pop100_gen100,100,100,13.052395332953893,0.010333561781212317,0.008451411873895778,0.0017326718311259932,5.96394631434445,4.877676038862793,0.27881809989108064,0.0017326718311259932,2.0391996721439323e-05,0.0010898346411803658,0.013616677249660886
Cora,PageRank,10,pop100_gen100,100,100,16.104866625042632,2.27284530016776e-05,1.9763915404712027e-05,9.987537133465975e-06,2.27568145158827,1.978857764492071,0.16311806017444802,0.006657253811744639,9.987537133465975e-06,0.000836505976190584,0.011292900818882443
Cora,Eigenvector Centrality,10,pop100_gen100,100,100,16.05663712497335,0.0007347129533300764,0.0007038743524150349,0.0004654468276704067,1.5785110342407211,1.5122551289864286,0.2559599052334004,0.01035982604596361,1.7255196838802775e-05,0.0004654468276704067,0.01111616579793278
Cora,Clustering Coefficient,10,pop100_gen100,100,100,13.809284583083354,0.007183150628266697,0.01552911907811107,0.001752337542712298,4.099182065772839,8.861945087402987,0.25424920961927644,0.013693630742989474,1.8113687736304603e-05,0.0009337877535253251,0.001752337542712298
Cora,Degree,11,pop50_gen20,50,20,1.4717617499409243,0.27148373432092904,0.24604484518648984,0.16890546993260527,1.6073116781194439,1.4567014631596231,0.16890546993260527,0.012625829108619781,1.5006035023529732e-05,0.001111760860201895,0.011730890542747788
Cora,Neighborhood Heterogeneity,11,pop50_gen20,50,20,1.3749770829454064,0.007048145374629387,0.009419484381069978,0.0038706397848653333,1.820925161310149,2.4335729762044234,0.2340965164430374,0.0038706397848653333,1.8473537144666227e-05,0.0008516160262423938,0.010960924788363705
Cora,PageRank,11,pop50_gen20,50,20,1.6516529170330614,2.139389741232361e-05,1.709484154415488e-05,1.2118839391982062e-05,1.7653421025183331,1.4106005526787482,0.19694416479900423,0.012590957709620793,1.2118839391982062e-05,0.0007851020243918701,0.0176053039769244
Cora,Eigenvector Centrality,11,pop50_gen20,50,20,1.6066867500776425,0.0006477400997804084,0.0006472269876281475,0.0005009021605422797,1.2931469472584447,1.2921225712571407,0.29528825196212616,0.011219787588557573,2.0537075090762405e-05,0.0005009021605422797,0.010415900474428452
Cora,Clustering Coefficient,11,pop50_gen20,50,20,1.4936591669684276,0.013726354580824232,0.012100960820763165,0.00344033245797151,3.9898337583681,3.5173812323644262,0.3197961391556867,0.00978259581793619,2.280358199495629e-05,0.0009413609405923531,0.00344033245797151
Cora,Degree,11,pop100_gen50,100,50,7.30527204205282,0.27148373432092904,0.24604484518648984,0.13440452007733056,2.0199003289824553,1.8306292455411934,0.13440452007733056,0.017087791074928974,1.2668653232716598e-05,0.001195688697224476,0.014813746078644021
Cora,Neighborhood Heterogeneity,11,pop100_gen50,100,50,6.284079707926139,0.007048145374629387,0.009419484381069978,0.0027141443805603323,2.5968203552879174,3.4705170618540695,0.2504252327325994,0.0027141443805603323,1.9704903490424707e-05,0.0008646600105310301,0.014002068699593237
Cora,PageRank,11,pop100_gen50,100,50,7.989289958029985,2.139389741232361e-05,1.709484154415488e-05,9.902827870872434e-06,2.1603826393115746,1.7262585765462601,0.16443295463078184,0.011018992424366974,9.902827870872434e-06,0.0008688541024155386,0.009149812897322631
Cora,Eigenvector Centrality,11,pop100_gen50,100,50,8.017247666954063,0.0006477400997804084,0.0006472269876281475,0.00047694807844314276,1.3580935306307682,1.3570177067089366,0.29710657268699175,0.014416902701809713,2.2767425636434803e-05,0.00047694807844314276,0.013097487679095049
Cora,Clustering Coefficient,11,pop100_gen50,100,50,7.193670041975565,0.013726354580824232,0.012100960820763165,0.0024175611691707294,5.677769297366998,5.005441423810605,0.22216835279910835,0.011546200980874588,1.6011013175902385e-05,0.0010698606096031815,0.0024175611691707294
Cora,Degree,11,pop200_gen50,200,50,13.675928417011164,0.27148373432092904,0.24604484518648984,0.15177716790259604,1.7886994339962612,1.6210926095576554,0.15177716790259604,0.010755921753881573,1.2666429326816367e-05,0.0007636115887793903,0.012193384345128608
Cora,Neighborhood Heterogeneity,11,pop200_gen50,200,50,13.30586179101374,0.007048145374629387,0.009419484381069978,0.0019092695348925108,3.6915402701516355,4.933554015777181,0.29080233288892693,0.0019092695348925108,2.462818575766529e-05,0.0007895622846090684,0.010204029350506592
Cora,PageRank,11,pop200_gen50,200,50,16.4862209999701,2.139389741232361e-05,1.709484154415488e-05,1.0462162429647719e-05,2.0448829346882915,1.633968279417212,0.18233825728827185,0.009299249466060287,1.0462162429647719e-05,0.0008411265634050192,0.011096462764552964
Cora,Eigenvector Centrality,11,pop200_gen50,200,50,16.28520683408715,0.0006477400997804084,0.0006472269876281475,0.0004873880810697437,1.3290027494285788,1.327949969986097,0.23652416270078658,0.010609984717184575,1.6894812640344883e-05,0.0004873880810697437,0.007365849929743547
Cora,Clustering Coefficient,11,pop200_gen50,200,50,14.06380462506786,0.013726354580824232,0.012100960820763165,0.0031074265156340844,4.417274072858746,3.8942065918150632,0.2866319213051911,0.011584898232014895,2.160014864855167e-05,0.0009840715106768966,0.0031074265156340844
Cora,Degree,11,pop100_gen100,100,100,15.222856832901016,0.27148373432092904,0.24604484518648984,0.12477082538185388,2.175859087972439,1.971974172916496,0.12477082538185388,0.017631333041147536,1.281268746089565e-05,0.001185371065612811,0.015601708674082015
Cora,Neighborhood Heterogeneity,11,pop100_gen100,100,100,12.326653165975586,0.007048145374629387,0.009419484381069978,0.0027141443805603323,2.5968203552879174,3.4705170618540695,0.2504252327325994,0.0027141443805603323,1.9704903490424707e-05,0.0008646600105310301,0.014002068699593237
Cora,PageRank,11,pop100_gen100,100,100,16.21116254106164,2.139389741232361e-05,1.709484154415488e-05,9.379458381256239e-06,2.280931002911302,1.8225830159145373,0.16177432907167386,0.012614424375138582,9.379458381256239e-06,0.0007869722729882931,0.01106078543103527
Cora,Eigenvector Centrality,11,pop100_gen100,100,100,16.105947542004287,0.0006477400997804084,0.0006472269876281475,0.0004632235392795276,1.3983315718105944,1.3972238730242612,0.3000831720939755,0.013001080070561938,2.2650776427953504e-05,0.0004632235392795276,0.012276348230676637
Cora,Clustering Coefficient,11,pop100_gen100,100,100,14.117805166984908,0.013726354580824232,0.012100960820763165,0.001885399602100894,7.280342355821548,6.418247255000535,0.20682322286408317,0.011055815441208799,1.5959794495720313e-05,0.0011140982976071208,0.001885399602100894
Cora,Degree,12,pop50_gen20,50,20,1.474850416998379,0.298396846881667,0.3074145383385578,0.16703383737954763,1.7864454984867877,1.8404327120859105,0.16703383737954763,0.010493711653331933,1.3593805342455626e-05,0.0009302429466964404,0.012070169206864148
Cora,Neighborhood Heterogeneity,12,pop50_gen20,50,20,1.4064101250842214,0.011414328363112843,0.017162936639706895,0.0037642858540914833,3.032269281756688,4.559413738744663,0.23929819731062735,0.0037642858540914833,1.8624962069148448e-05,0.001019476042509857,0.013116158754230079
Cora,PageRank,12,pop50_gen20,50,20,1.6777584579540417,2.196892386700498e-05,2.2777877049041755e-05,1.2830798550200097e-05,1.7122023840567875,1.7752501498580955,0.19274695977751197,0.012618961941574743,1.2830798550200097e-05,0.0008674088488680502,0.011916313121960776
Cora,Eigenvector Centrality,12,pop50_gen20,50,20,1.7363551669986919,0.0009390241550082992,0.0009775675399556684,0.0005141395822213617,1.8263992648673457,1.9013660370828616,0.2798406381855515,0.022393993061838036,2.040956264424309e-05,0.0005141395822213617,0.010959335959107017
Cora,Clustering Coefficient,12,pop50_gen20,50,20,1.6601250829407945,0.012263719309257197,0.01687718196201249,0.0034322451654359085,3.573089542890989,4.917242547814623,0.2593396988284181,0.008391926787887864,1.8358583609095793e-05,0.000909523231708916,0.0034322451654359085
Cora,Degree,12,pop100_gen50,100,50,7.843058333033696,0.298396846881667,0.3074145383385578,0.14530557339472988,2.0535815654576237,2.1156417552095594,0.14530557339472988,0.010956093030589026,1.4016333867038216e-05,0.0006897787355774019,0.019781424479514902
Cora,Neighborhood Heterogeneity,12,pop100_gen50,100,50,6.533841374912299,0.011414328363112843,0.017162936639706895,0.0025102040170606435,4.547171578698452,6.8372676177150185,0.21487195887202085,0.0025102040170606435,1.6577290670885155e-05,0.0006344345832398089,0.00993817670467612
Cora,PageRank,12,pop100_gen50,100,50,9.219549375004135,2.196892386700498e-05,2.2777877049041755e-05,1.0046417531030714e-05,2.186742069911868,2.2672636269283997,0.15721770772397367,0.006506860421555865,1.0046417531030714e-05,0.0008889409262543569,0.011813074830731699
Cora,Eigenvector Centrality,12,pop100_gen50,100,50,7.8485949580790475,0.0009390241550082992,0.0009775675399556684,0.0005067340883534433,1.8530905589152644,1.9291529076564162,0.23910177120703055,0.014466586103991538,1.8580477171590013e-05,0.0005067340883534433,0.013465080106468153
Cora,Clustering Coefficient,12,pop100_gen50,100,50,7.447867791983299,0.012263719309257197,0.01687718196201249,0.002366222250167778,5.1828264688102035,7.132543006395872,0.2555905801510692,0.012925824959277785,1.8974925258651792e-05,0.0006261193961117583,0.002366222250167778
Cora,Degree,12,pop200_gen50,200,50,15.252124165999703,0.298396846881667,0.3074145383385578,0.13307603546224228,2.2423034007977436,2.3100668521627297,0.13307603546224228,0.009050309613174651,1.296024884354683e-05,0.0007923018951107675,0.0140604645174635
Cora,Neighborhood Heterogeneity,12,pop200_gen50,200,50,13.605135167017579,0.011414328363112843,0.017162936639706895,0.002197301033055367,5.19470395335004,7.8109172942233025,0.26049487642753333,0.002197301033055367,2.011432779172216e-05,0.0007517008370788945,0.009519903549059868
Cora,PageRank,12,pop200_gen50,200,50,16.566390249994583,2.196892386700498e-05,2.2777877049041755e-05,1.03545711836182e-05,2.1216642850224123,2.199789507949713,0.1594994096406403,0.009154243552035538,1.03545711836182e-05,0.0007642184512601817,0.0077385691601331436
Cora,Eigenvector Centrality,12,pop200_gen50,200,50,15.300932874903083,0.0009390241550082992,0.0009775675399556684,0.0005082231973601557,1.8476609487442455,1.9235004325528824,0.2863980323457057,0.013334620929827803,2.286742239192595e-05,0.0005082231973601557,0.01182214604965054
Cora,Clustering Coefficient,12,pop200_gen50,200,50,14.208184125018306,0.012263719309257197,0.01687718196201249,0.002359061144710965,5.19855932380242,7.1541943708628635,0.33619184709963945,0.013102351648551697,2.5596482230542018e-05,0.0007634981603555016,0.002359061144710965
Cora,Degree,12,pop100_gen100,100,100,14.631986334105022,0.298396846881667,0.3074145383385578,0.1305323524816669,2.2859991504679003,2.355083107704918,0.1305323524816669,0.01046904898950774,1.2975511789112495e-05,0.0007530846273838403,0.020271878888275162
Cora,Neighborhood Heterogeneity,12,pop100_gen100,100,100,12.913291667005979,0.011414328363112843,0.017162936639706895,0.0017316246084202193,6.591687544522865,9.911464965472415,0.20836894448937313,0.0017316246084202193,1.567229698854224e-05,0.000685306459391246,0.00824978288600455
Cora,PageRank,12,pop100_gen100,100,100,16.95656041696202,2.196892386700498e-05,2.2777877049041755e-05,9.503510605447366e-06,2.3116640554294223,2.3967855663764492,0.1533907395717234,0.006731553873284465,9.503510605447366e-06,0.0008429867883670561,0.010043601835436537
Cora,Eigenvector Centrality,12,pop100_gen100,100,100,16.018309999955818,0.0009390241550082992,0.0009775675399556684,0.00046966730573167685,1.9993389864457973,2.0814042792115433,0.26648104465028355,0.0118785865485306,1.9696126897338126e-05,0.00046966730573167685,0.0114285752915405
Cora,Clustering Coefficient,12,pop100_gen100,100,100,14.025548208970577,0.012263719309257197,0.01687718196201249,0.0019997701124999955,6.132564554595635,8.43956105580237,0.2689947938176245,0.012098111504659018,2.0024948328375344e-05,0.000627783687964799,0.0019997701124999955
Cora,Degree,13,pop50_gen20,50,20,1.4623002089792863,0.24142829576235347,0.2592699526708017,0.14857214421260911,1.62499031727553,1.7450778141815215,0.14857214421260911,0.008015156556861486,1.2479443507978983e-05,0.0008924564163072408,0.00921826710428725
Cora,Neighborhood Heterogeneity,13,pop50_gen20,50,20,1.3263552089920267,0.00986468230241527,0.008579644380009044,0.0034526717002091962,2.8571156365134778,2.4849290998299103,0.2098167361701831,0.0034526717002091962,1.6028468952813474e-05,0.0009028559807026905,0.012090224970511982
Cora,PageRank,13,pop50_gen20,50,20,1.6708267090143636,1.8440235327897376e-05,1.8423307672667823e-05,1.180729493928999e-05,1.5617662997928166,1.5603326390503187,0.18312103995453166,0.010818965511015043,1.180729493928999e-05,0.0008111723403008417,0.008289643098637185
Cora,Eigenvector Centrality,13,pop50_gen20,50,20,1.5903109170030802,0.0008144125455340137,0.000827666015692084,0.0005019170178713532,1.6226039694528878,1.6490096693717284,0.26460350915852543,0.016613298719913024,2.0489254434963888e-05,0.0005019170178713532,0.01186421968659282
Cora,Clustering Coefficient,13,pop50_gen20,50,20,1.426800832967274,0.010951126212500056,0.009949250509471997,0.0031209940173768528,3.508858444305609,3.1878467097588956,0.2932429527158282,0.013199204511918852,2.2706893617727764e-05,0.0008116964727117329,0.0031209940173768528
Cora,Degree,13,pop100_gen50,100,50,7.30667504190933,0.24142829576235347,0.2592699526708017,0.13426937310679984,1.7980890963892253,1.9309686689649959,0.13426937310679984,0.012030646282298437,1.1806408135443665e-05,0.0010595723805515145,0.00659925546511716
Cora,Neighborhood Heterogeneity,13,pop100_gen50,100,50,6.5591781249968335,0.00986468230241527,0.008579644380009044,0.002285787022602224,4.3156611726603265,3.753474971715283,0.24518385538305823,0.002285787022602224,1.830887756478929e-05,0.0007014330397450112,0.01251654098497508
Cora,PageRank,13,pop100_gen50,100,50,8.193209540913813,1.8440235327897376e-05,1.8423307672667823e-05,1.0347137273302715e-05,1.7821581796808825,1.7805222049390348,0.16521131235988934,0.013618647392812901,1.0347137273302715e-05,0.0009720925006290231,0.009834136485097157
Cora,Eigenvector Centrality,13,pop100_gen50,100,50,8.158486542059109,0.0008144125455340137,0.000827666015692084,0.0005030904556108879,1.6188193126126724,1.6451634223254616,0.28901735334010564,0.009848672491702026,2.0541356729858573e-05,0.0005030904556108879,0.009209269088824957
Cora,Clustering Coefficient,13,pop100_gen50,100,50,7.2415550840087235,0.010951126212500056,0.009949250509471997,0.0022238436941771364,4.924413636252514,4.473898293986622,0.3251630569694425,0.008623037148127097,2.3482089327689986e-05,0.0006566156831943059,0.0022238436941771364
Cora,Degree,13,pop200_gen50,200,50,14.904032208956778,0.24142829576235347,0.2592699526708017,0.13201076307527254,1.8288531187770731,1.9640061660954569,0.13201076307527254,0.005933918267501037,1.312156582381749e-05,0.0007127714451519324,0.00816845229112651
Cora,Neighborhood Heterogeneity,13,pop200_gen50,200,50,13.73933099990245,0.00986468230241527,0.008579644380009044,0.0019955992496845923,4.943218085482042,4.299282223805742,0.2767264506371088,0.0019955992496845923,2.118217418939153e-05,0.0007182746390392455,0.014531870718597826
Cora,PageRank,13,pop200_gen50,200,50,16.693726832978427,1.8440235327897376e-05,1.8423307672667823e-05,9.924907731022449e-06,1.8579754923321279,1.856269919274089,0.1564408098614261,0.010404781948324494,9.924907731022449e-06,0.0008785385572809926,0.015161813015842893
Cora,Eigenvector Centrality,13,pop200_gen50,200,50,15.900414792005904,0.0008144125455340137,0.000827666015692084,0.0005308979532590689,1.5340284145653782,1.558992666314156,0.2850462241206272,0.010060537616842672,2.0896692274675655e-05,0.0005308979532590689,0.010121992723800514
Cora,Clustering Coefficient,13,pop200_gen50,200,50,15.363572207977995,0.010951126212500056,0.009949250509471997,0.0029413534054703915,3.7231589349763,3.3825416867514697,0.26544185239152995,0.00802116360300099,1.9931220009216682e-05,0.0009792456101277737,0.0029413534054703915
Cora,Degree,13,pop100_gen100,100,100,14.32603466603905,0.24142829576235347,0.2592699526708017,0.12406522522592409,1.9459787811025209,2.089787466219228,0.12406522522592409,0.011941107946714505,1.1681098771365167e-05,0.0010543708654453627,0.007151838105455685
Cora,Neighborhood Heterogeneity,13,pop100_gen100,100,100,12.872527417028323,0.00986468230241527,0.008579644380009044,0.0017976476437959806,5.48755054221006,4.772706380818848,0.2375751850169278,0.0017976476437959806,1.8110784124575852e-05,0.000698308039507135,0.0127698387202751
Cora,PageRank,13,pop100_gen100,100,100,16.30103566707112,1.8440235327897376e-05,1.8423307672667823e-05,9.686505514193432e-06,1.9037035906165838,1.9019560403566114,0.16479588209222912,0.014898657455593295,9.686505514193432e-06,0.0009293810126582477,0.008732257447113919
Cora,Eigenvector Centrality,13,pop100_gen100,100,100,16.273586333030835,0.0008144125455340137,0.000827666015692084,0.0004828333722224685,1.6867362373592687,1.7141856037878254,0.2748475217737468,0.009539468053458842,1.9276055511375244e-05,0.0004828333722224685,0.01071631192150017
Cora,Clustering Coefficient,13,pop100_gen100,100,100,14.155254582990892,0.010951126212500056,0.009949250509471997,0.0018520906804970591,5.912845590023174,5.371902474452193,0.28157701395065127,0.00925464946866601,2.1485818706691737e-05,0.0006191010629408457,0.0018520906804970591
Cora,Degree,14,pop50_gen20,50,20,1.5350666249869391,0.3503461188460132,0.2295697684586136,0.16082937326477503,2.1783714736563375,1.427411944711558,0.16082937326477503,0.011037079724975018,1.378121583344549e-05,0.0008540738996721239,0.009524832236182794
Cora,Neighborhood Heterogeneity,14,pop50_gen20,50,20,1.3523894170066342,0.015521927828171491,0.011980955488645932,0.003409405611302299,4.552678559780555,3.514089215119681,0.3030917978903487,0.003409405611302299,2.0407790646081368e-05,0.0007217831897926592,0.015136807862277038
Cora,PageRank,14,pop50_gen20,50,20,1.5627471669577062,2.40534439957878e-05,1.764970737045806e-05,1.1994134936019183e-05,2.005433832793869,1.4715281647745029,0.18358855793867246,0.008304951287399323,1.1994134936019183e-05,0.0009605853879380164,0.015582549209690285
Cora,Eigenvector Centrality,14,pop50_gen20,50,20,7.0270015419228,0.0008990572416929038,0.0008232701027149905,0.0004997924062043909,1.7988613482959424,1.6472241124414222,0.30357834048474663,0.008672445793909965,2.1767240278870927e-05,0.0004997924062043909,0.011834055902704938
Cora,Clustering Coefficient,14,pop50_gen20,50,20,1.5347098340280354,0.012789612269641277,0.014365672123839029,0.003577587702666795,3.5749262722777364,4.015463300349174,0.2999711623460558,0.016717436664140353,2.2384350723925814e-05,0.0007014873860194702,0.003577587702666795
Cora,Degree,14,pop100_gen50,100,50,7.732032791944221,0.3503461188460132,0.2295697684586136,0.14345379160139718,2.442222787805359,1.6003046409292516,0.14345379160139718,0.009729826035149849,1.3193800686364193e-05,0.0009381945943086712,0.011117866286255922
Cora,Neighborhood Heterogeneity,14,pop100_gen50,100,50,6.547736292006448,0.015521927828171491,0.011980955488645932,0.0024184127015357904,6.418229534733437,4.954057461341292,0.2788452661035992,0.0024184127015357904,2.128882901211694e-05,0.0008405514601995536,0.01096561521669268
Cora,PageRank,14,pop100_gen50,100,50,8.2733712089248,2.40534439957878e-05,1.764970737045806e-05,1.0698158108738516e-05,2.248372453585292,1.649789355425711,0.18621880828604043,0.011430458226322871,1.0698158108738516e-05,0.0006769594749046258,0.022135857611034704
Cora,Eigenvector Centrality,14,pop100_gen50,100,50,8.030205707997084,0.0008990572416929038,0.0008232701027149905,0.0004725537851987853,1.902550079700885,1.7421722743553356,0.27378944897714386,0.006921685108197924,2.03135770634733e-05,0.0004725537851987853,0.008537996984387718
Cora,Clustering Coefficient,14,pop100_gen50,100,50,7.259296625037678,0.012789612269641277,0.014365672123839029,0.0022779149198847008,5.614613679376856,6.306500738212893,0.2796833796267527,0.009435399373473992,2.0610227112461132e-05,0.0008830561393663623,0.0022779149198847008
Cora,Degree,14,pop200_gen50,200,50,15.050716541940346,0.3503461188460132,0.2295697684586136,0.13554609039020113,2.584701025588122,1.6936657324290454,0.13554609039020113,0.010074877719132172,1.4282570417576153e-05,0.0007844997196728353,0.008994745357359443
Cora,Neighborhood Heterogeneity,14,pop200_gen50,200,50,13.55420933291316,0.015521927828171491,0.011980955488645932,0.0021645797935094194,7.170873476096665,5.535002925081032,0.22967559316801137,0.0021645797935094194,1.576478488308817e-05,0.0009186603595285498,0.011118348338195118
Cora,PageRank,14,pop200_gen50,200,50,16.968823999981396,2.40534439957878e-05,1.764970737045806e-05,1.0431228281165762e-05,2.305907161404741,1.6920066261348834,0.16012928916779798,0.007062781454900177,1.0431228281165762e-05,0.0009419483409160463,0.011902309507288527
Cora,Eigenvector Centrality,14,pop200_gen50,200,50,16.12628924997989,0.0008990572416929038,0.0008232701027149905,0.0004616447395121277,1.947508906184092,1.7833412411133143,0.32833925509547895,0.005789919533433559,2.290546118789802e-05,0.0004616447395121277,0.010245345607154012
Cora,Clustering Coefficient,14,pop200_gen50,200,50,14.496660999953747,0.012789612269641277,0.014365672123839029,0.002554448423348539,5.0067999622696675,5.6237863299692545,0.2508663411362362,0.01122223248503457,1.8908674673768705e-05,0.0008738714007690488,0.002554448423348539
Cora,Degree,14,pop100_gen100,100,100,14.725028792046942,0.3503461188460132,0.2295697684586136,0.1254395883389873,2.792946975393762,1.8301221448385612,0.1254395883389873,0.008174534522294396,1.2617988481177946e-05,0.001018403222812799,0.010001651164305606
Cora,Neighborhood Heterogeneity,14,pop100_gen100,100,100,12.785261000040919,0.015521927828171491,0.011980955488645932,0.0016688746359498925,9.30083512194833,7.1790626033612135,0.26253374178297284,0.0016688746359498925,1.992374003943728e-05,0.0007944374666728875,0.012959953265115037
Cora,PageRank,14,pop100_gen100,100,100,16.25354604201857,2.40534439957878e-05,1.764970737045806e-05,1.0017891302251784e-05,2.4010486109368303,1.7618186141120162,0.18851675713725274,0.010429400833199707,1.0017891302251784e-05,0.0006955882022926274,0.018875809406162725
Cora,Eigenvector Centrality,14,pop100_gen100,100,100,16.317497250041924,0.0008990572416929038,0.0008232701027149905,0.00046506819546306534,1.933172920581504,1.7702137250973824,0.26088752814235266,0.00831150586723008,1.942520954314063e-05,0.00046506819546306534,0.009748576163016979
Cora,Clustering Coefficient,14,pop100_gen100,100,100,14.335966833052225,0.012789612269641277,0.014365672123839029,0.001738074196257167,7.358496143135258,8.26528128360377,0.2714613990678026,0.008744347539117667,1.9991005566332265e-05,0.0009558333005814887,0.001738074196257167
Cora,Degree,15,pop50_gen20,50,20,1.440541125019081,0.2878368834772684,0.28831647936363475,0.1661352033703412,1.7325460085400155,1.7354327891658967,0.1661352033703412,0.009453806955284918,1.4239379413554911e-05,0.0008634541568839401,0.008827420075482467
Cora,Neighborhood Heterogeneity,15,pop50_gen20,50,20,1.409771875012666,0.017254887068295307,0.007742363030010704,0.0028533920422198432,6.047149081859633,2.713389157694365,0.3213375940212228,0.0028533920422198432,2.3319319954581033e-05,0.0009997529445889193,0.00664437893341383
Cora,PageRank,15,pop50_gen20,50,20,1.5969888339750469,2.154781476447538e-05,2.0952925074721342e-05,1.2313953673061918e-05,1.7498697279991813,1.7015595178466598,0.17641753219340578,0.008742220910004546,1.2313953673061918e-05,0.0007399795871490674,0.014195128532832915
Cora,Eigenvector Centrality,15,pop50_gen20,50,20,1.5494225420989096,0.0009352574181781183,0.0009074415161169896,0.0005595203471236703,1.6715342399717936,1.6218204052486738,0.30556640369287885,0.011745131014146723,2.3416690106811934e-05,0.0005595203471236703,0.015832032138991755
Cora,Clustering Coefficient,15,pop50_gen20,50,20,1.499941417016089,0.019374029788086507,0.012045609653505911,0.003576519047285947,5.417007300097717,3.367970223071162,0.26458248365455506,0.01554138876950272,2.0614151790955872e-05,0.0008517783048572853,0.003576519047285947
Cora,Degree,15,pop100_gen50,100,50,7.347999084042385,0.2878368834772684,0.28831647936363475,0.1391828094173813,2.06804909803267,2.0714948963203605,0.1391828094173813,0.009734589307652855,1.3068957199778906e-05,0.0008298517695011726,0.010869247866704231
Cora,Neighborhood Heterogeneity,15,pop100_gen50,100,50,6.713554582907818,0.017254887068295307,0.007742363030010704,0.0026412541769993037,6.532838535024437,2.9313206950823294,0.29092747236839633,0.0026412541769993037,2.1065441079704027e-05,0.001126985095380085,0.008578394003266973
Cora,PageRank,15,pop100_gen50,100,50,8.184402874903753,2.154781476447538e-05,2.0952925074721342e-05,1.0608716804700918e-05,2.0311424238346287,1.9750668681660646,0.16855903725054364,0.008899847858317225,1.0608716804700918e-05,0.0007024986955757519,0.010225624732176716
Cora,Eigenvector Centrality,15,pop100_gen50,100,50,7.778742749942467,0.0009352574181781183,0.0009074415161169896,0.00048637842384065613,1.922900713384689,1.865710877862212,0.28863660321512963,0.009190174016644745,2.1191706085841428e-05,0.00048637842384065613,0.011430634374253507
Cora,Clustering Coefficient,15,pop100_gen50,100,50,7.318652166984975,0.019374029788086507,0.012045609653505911,0.0029928200509344452,6.473503070135264,4.024835923477899,0.23744344037170864,0.009424868561670043,1.6914847259792545e-05,0.0009335808151469188,0.0029928200509344452
Cora,Degree,15,pop200_gen50,200,50,14.854731583036482,0.2878368834772684,0.28831647936363475,0.1347377917953602,2.136274312068548,2.1398337876987767,0.1347377917953602,0.015144457497636637,1.3523520614002284e-05,0.0008096397175552229,0.020658056863324364
Cora,Neighborhood Heterogeneity,15,pop200_gen50,200,50,13.655223749927245,0.017254887068295307,0.007742363030010704,0.002658300101140724,6.49094775299859,2.9125240700582746,0.3031352100299117,0.002658300101140724,2.1809737973411168e-05,0.0008300189174188365,0.007922414652836695
Cora,PageRank,15,pop200_gen50,200,50,16.70534641703125,2.154781476447538e-05,2.0952925074721342e-05,1.0428356318716e-05,2.066271433955804,2.009226040456315,0.1654593637377612,0.015633481440675168,1.0428356318716e-05,0.0006616579690649698,0.009276728854323433
Cora,Eigenvector Centrality,15,pop200_gen50,200,50,16.592853249982,0.0009352574181781183,0.0009074415161169896,0.00047704703087875146,1.9605140743781881,1.9022055633496422,0.2374017752360204,0.00959487833943767,1.6375788880081663e-05,0.00047704703087875146,0.009177451780537218
Cora,Clustering Coefficient,15,pop200_gen50,200,50,14.440975082921796,0.019374029788086507,0.012045609653505911,0.002533638064452133,7.646723523738935,4.754274030892657,0.29768623844646197,0.008318544911931755,2.2050694706962144e-05,0.0010176136998772576,0.002533638064452133
Cora,Degree,15,pop100_gen100,100,100,14.395142042078078,0.2878368834772684,0.28831647936363475,0.1226006113284404,2.3477605891064357,2.351672444693204,0.1226006113284404,0.011271893712823975,1.2366211222085192e-05,0.0008422975961633001,0.010875334201075868
Cora,Neighborhood Heterogeneity,15,pop100_gen100,100,100,13.178014665958472,0.017254887068295307,0.007742363030010704,0.0018119827048832654,9.522655498749327,4.272868062782915,0.2957491476530277,0.0018119827048832654,2.1857464274620686e-05,0.001261878402201453,0.00987223294202499
Cora,PageRank,15,pop100_gen100,100,100,18.697639291989617,2.154781476447538e-05,2.0952925074721342e-05,9.659428686051594e-06,2.2307545782278875,2.169168152250845,0.17015660579996833,0.008407388532623124,9.659428686051594e-06,0.0008166900277436246,0.009133573882322485
Cora,Eigenvector Centrality,15,pop100_gen100,100,100,17.73024325002916,0.0009352574181781183,0.0009074415161169896,0.00046891935117922956,1.9944952491854955,1.9351760890971395,0.29845513978665583,0.009330993922975381,2.155634245837765e-05,0.00046891935117922956,0.010522228247073237
Cora,Clustering Coefficient,15,pop100_gen100,100,100,14.362954834010452,0.019374029788086507,0.012045609653505911,0.0020243661619814253,9.5704177198474,5.950311697423263,0.23724835726474938,0.011391003788076535,1.7949230808466642e-05,0.000862208077135487,0.0020243661619814253
Cora,Degree,16,pop50_gen20,50,20,1.5073307090206072,0.24224379092506337,0.23236923940458332,0.1489172570705202,1.6267005966296313,1.5603916159598896,0.1489172570705202,0.008554645326542942,1.405442525988686e-05,0.0006826929404394454,0.011144327687222033
Cora,Neighborhood Heterogeneity,16,pop50_gen20,50,20,1.3480097079882398,0.012352209305832145,0.008280617578806724,0.0034715185326726038,3.5581573854720574,2.385301274031154,0.2529079025599411,0.0034715185326726038,1.7812863003665917e-05,0.0010101308106690687,0.0187756174692928
Cora,PageRank,16,pop50_gen20,50,20,1.612466208054684,1.7425630834877997e-05,1.678117120347015e-05,1.1565681618921514e-05,1.506667000617549,1.4509452841945838,0.20232214193314296,0.007317210585613335,1.1565681618921514e-05,0.0009447334642147906,0.01132267542005247
Cora,Eigenvector Centrality,16,pop50_gen20,50,20,1.706292457995005,0.0009057702379777395,0.0007522924481391756,0.0005436177032926081,1.666189736816203,1.3838630412193291,0.27343412914330095,0.008511632130312429,1.9408334817761675e-05,0.0005436177032926081,0.011793825517621264
Cora,Clustering Coefficient,16,pop50_gen20,50,20,1.3502455829875544,0.012656765217917398,0.007086807464317424,0.0050615165172801175,2.500587556062882,1.4001352045622932,0.25553241519850034,0.010993277307851528,1.7707737853652734e-05,0.0008404814928627705,0.0050615165172801175
Cora,Degree,16,pop100_gen50,100,50,7.238639874965884,0.24224379092506337,0.23236923940458332,0.13235086866140605,1.8303150812315179,1.7557061903315105,0.13235086866140605,0.007590468284127331,1.2579538969271658e-05,0.001064381286500872,0.007843464970836815
Cora,Neighborhood Heterogeneity,16,pop100_gen50,100,50,6.552336750086397,0.012352209305832145,0.008280617578806724,0.0022162347371259537,5.573511279698953,3.736344999963836,0.25520502223918584,0.0022162347371259537,1.9286003560557815e-05,0.000939857317044092,0.0145423166219826
Cora,PageRank,16,pop100_gen50,100,50,8.17228762502782,1.7425630834877997e-05,1.678117120347015e-05,1.0578530813185164e-05,1.6472637970821575,1.5863423286108849,0.16464691424559363,0.00841536940786004,1.0578530813185164e-05,0.0007804434837032302,0.012925362484196564
Cora,Eigenvector Centrality,16,pop100_gen50,100,50,8.283334249979816,0.0009057702379777395,0.0007522924481391756,0.0004877040047347166,1.8572130414849213,1.5425184965384489,0.3070701982326492,0.010032861405730294,2.2360389447449732e-05,0.0004877040047347166,0.016419177964549888
Cora,Clustering Coefficient,16,pop100_gen50,100,50,6.655646207975224,0.012656765217917398,0.007086807464317424,0.004738428326929203,2.671089303174028,1.4956029669251358,0.2562700145413368,0.007171157809848301,1.8764362366968265e-05,0.0008940781292962284,0.004738428326929203
Cora,Degree,16,pop200_gen50,200,50,14.75561229197774,0.24224379092506337,0.23236923940458332,0.12943775279606812,1.8715080082294346,1.7952199755096638,0.12943775279606812,0.008435173050554065,1.3470780320415235e-05,0.0009358606060126857,0.01110417531091713
Cora,Neighborhood Heterogeneity,16,pop200_gen50,200,50,13.366829958045855,0.012352209305832145,0.008280617578806724,0.0022374930622113343,5.520557589405148,3.7008461472604144,0.2768070616677333,0.0022374930622113343,2.019866530426783e-05,0.0009516965482507205,0.010932539856390375
Cora,PageRank,16,pop200_gen50,200,50,17.577344833058305,1.7425630834877997e-05,1.678117120347015e-05,1.0723439454968364e-05,1.6250038905944852,1.5649056698590422,0.1631271256536146,0.014699853641385771,1.0723439454968364e-05,0.0007567975957547721,0.014817962507454239
Cora,Eigenvector Centrality,16,pop200_gen50,200,50,17.792407833971083,0.0009057702379777395,0.0007522924481391756,0.00048010324314944183,1.8866155371831141,1.5669389009001329,0.21632061095727853,0.011629182010063716,1.7175802109698357e-05,0.00048010324314944183,0.019075145838940426
Cora,Clustering Coefficient,16,pop200_gen50,200,50,15.114707959000953,0.012656765217917398,0.007086807464317424,0.0023537309949396364,5.37732019722245,3.010882500826808,0.2398807858257151,0.011997727083483465,1.77680086360965e-05,0.0007705864013100144,0.0023537309949396364
Cora,Degree,16,pop100_gen100,100,100,14.194939999957569,0.24224379092506337,0.23236923940458332,0.12289665292293026,1.9711178877831355,1.8907694707544593,0.12289665292293026,0.009825465682125363,1.2132813530510495e-05,0.0010558283709876481,0.00791008965158
Cora,Neighborhood Heterogeneity,16,pop100_gen100,100,100,13.689128917059861,0.012352209305832145,0.008280617578806724,0.0015392989786393804,8.02456798662371,5.3794731846870585,0.2506703200473798,0.0015392989786393804,1.887142394349329e-05,0.0009691046428268859,0.016046835763198826
Cora,PageRank,16,pop100_gen100,100,100,17.55741537490394,1.7425630834877997e-05,1.678117120347015e-05,9.889390262704622e-06,1.762053106610064,1.6968863355262829,0.16693079135336183,0.007845053302000698,9.889390262704622e-06,0.000752053648966243,0.011011929739471508
Cora,Eigenvector Centrality,16,pop100_gen100,100,100,16.27922770800069,0.0009057702379777395,0.0007522924481391756,0.0004457694461852968,2.031925350041219,1.6876267644114482,0.30644709313113294,0.009613397431140947,2.2815896987327792e-05,0.0004457694461852968,0.012881437923049285
Cora,Clustering Coefficient,16,pop100_gen100,100,100,13.31813291599974,0.012656765217917398,0.007086807464317424,0.0028521276255876167,4.437657384041416,2.4847441610742598,0.2189520118689044,0.009207245839185033,1.6288160263182205e-05,0.0009141877659846157,0.0028521276255876167
Cora,Degree,17,pop50_gen20,50,20,1.5631898749852553,0.2028958130714697,0.319221275138127,0.15791457185302288,1.2848454116084522,2.021480800614388,0.15791457185302288,0.008850001238181197,1.3171847515398632e-05,0.0009926402911828755,0.01063025349938387
Cora,Neighborhood Heterogeneity,17,pop50_gen20,50,20,1.3993971250019968,0.010983519941056785,0.010923400338230185,0.003227720137980409,3.4028724522347207,3.3842464251144704,0.2329469707652982,0.003227720137980409,1.6219680711460342e-05,0.0008262645185888986,0.011614148749007439
Cora,PageRank,17,pop50_gen20,50,20,1.7076048749731854,1.758631507597885e-05,2.3185549386052597e-05,1.1760770258095383e-05,1.4953370136512552,1.9714311968719145,0.17181852031048514,0.009517442642207294,1.1760770258095383e-05,0.0009803275992068987,0.007621951738977275
Cora,Eigenvector Centrality,17,pop50_gen20,50,20,1.633053500088863,0.0009256326776737182,0.0007087634546121527,0.0005291496759835038,1.749283274062847,1.3394385119764267,0.29701808099643906,0.009873911784085757,2.0865815015498027e-05,0.0005291496759835038,0.020437961120180297
Cora,Clustering Coefficient,17,pop50_gen20,50,20,1.4422336249845102,0.009805104890503125,0.013934411473688253,0.004410668997297066,2.223042558059075,3.159251234274778,0.20364715168296477,0.008849766402660433,1.659284597306139e-05,0.0009778657319889886,0.004410668997297066
Cora,Degree,17,pop100_gen50,100,50,7.272634916938841,0.2028958130714697,0.319221275138127,0.13358967273670513,1.5187986385097416,2.389565515047614,0.13358967273670513,0.014743794234443738,1.1899892885469804e-05,0.0008025166799947428,0.013321072139640223
Cora,Neighborhood Heterogeneity,17,pop100_gen50,100,50,6.691941624972969,0.010983519941056785,0.010923400338230185,0.002112169085504208,5.20011395699168,5.171650514723161,0.2409573361604287,0.002112169085504208,1.8541291686222045e-05,0.0008222598207005778,0.011993042690719253
Cora,PageRank,17,pop100_gen50,100,50,8.225677166949026,1.758631507597885e-05,2.3185549386052597e-05,1.0167439751085463e-05,1.7296699568936573,2.2803724392443376,0.15876084209092695,0.014976529958879301,1.0167439751085463e-05,0.001067371795803187,0.016779766450826315
Cora,Eigenvector Centrality,17,pop100_gen50,100,50,8.055425166967325,0.0009256326776737182,0.0007087634546121527,0.00048389175577166445,1.9128920189962886,1.464714879223111,0.2431027395348087,0.009823192530215113,1.757265533189032e-05,0.00048389175577166445,0.011971884065228111
Cora,Clustering Coefficient,17,pop100_gen50,100,50,6.873568249982782,0.009805104890503125,0.013934411473688253,0.0027283508202063083,3.5937845008369185,5.107265301254251,0.3121512491878662,0.016653460232166097,2.3722902056618767e-05,0.0006662226600416823,0.0027283508202063083
Cora,Degree,17,pop200_gen50,200,50,14.514365790993907,0.2028958130714697,0.319221275138127,0.1365206495505465,1.4861913837902445,2.338263670653984,0.1365206495505465,0.014350316637551047,1.3460814447998297e-05,0.0007754050788009153,0.009045804922587488
Cora,Neighborhood Heterogeneity,17,pop200_gen50,200,50,13.640585084096529,0.010983519941056785,0.010923400338230185,0.0028755331680602914,3.8196464095963765,3.7987391206475394,0.21744180459576096,0.0028755331680602914,1.7101373252641862e-05,0.0012055009228403336,0.014437672894208997
Cora,PageRank,17,pop200_gen50,200,50,16.571623874944635,1.758631507597885e-05,2.3185549386052597e-05,1.0205604669585552e-05,1.7232016764659794,2.2718447496942047,0.16711900532974125,0.007551279776933201,1.0205604669585552e-05,0.0009006039653809263,0.009257116159999476
Cora,Eigenvector Centrality,17,pop200_gen50,200,50,16.175777291995473,0.0009256326776737182,0.0007087634546121527,0.0004856656038252505,1.9059053603614353,1.4593651455440027,0.24824425455611543,0.011467488162125205,1.8108183483160865e-05,0.0004856656038252505,0.009334133495449811
Cora,Clustering Coefficient,17,pop200_gen50,200,50,14.692516917013563,0.009805104890503125,0.013934411473688253,0.0026410683179105368,3.7125525394437227,5.276051126429159,0.25670410268949195,0.008366911214406645,2.006955299835863e-05,0.0009388224361912603,0.0026410683179105368
Cora,Degree,17,pop100_gen100,100,100,14.366012749960646,0.2028958130714697,0.319221275138127,0.12268394260731508,1.653809037755622,2.6019808978578856,0.12268394260731508,0.016597046393469612,1.1649691627339657e-05,0.0007949308716130409,0.013743950201094396
Cora,Neighborhood Heterogeneity,17,pop100_gen100,100,100,12.948135250015184,0.010983519941056785,0.010923400338230185,0.0018222206715449972,6.0275465603977825,5.994554067355967,0.23311648253121398,0.0018222206715449972,1.84149112757413e-05,0.0008297659788231316,0.01156781017915473
Cora,PageRank,17,pop100_gen100,100,100,16.25277466699481,1.758631507597885e-05,2.3185549386052597e-05,9.49768079602967e-06,1.8516430962104438,2.4411801032252933,0.15352363478120087,0.017432964541159883,9.49768079602967e-06,0.0010527392149170594,0.01695622880729896
Cora,Eigenvector Centrality,17,pop100_gen100,100,100,16.017643166938797,0.0009256326776737182,0.0007087634546121527,0.00046718930737921205,1.9812796719732992,1.517079786324942,0.24603282471172574,0.01181404213902363,1.8169239692170725e-05,0.00046718930737921205,0.010888984135468462
Cora,Clustering Coefficient,17,pop100_gen100,100,100,13.938712583039887,0.009805104890503125,0.013934411473688253,0.001862221270848614,5.265273812512591,7.482683015073897,0.32535819649636555,0.01550243009330303,2.5027827519873602e-05,0.0005856214408057833,0.001862221270848614
Cora,Degree,18,pop50_gen20,50,20,1.467084375093691,0.26716172430975077,0.26499468690179323,0.16954308000228707,1.5757748668134781,1.562993233921541,0.16954308000228707,0.008966426614802316,1.4445255535507215e-05,0.0006781951900077913,0.00900737415727755
Cora,Neighborhood Heterogeneity,18,pop50_gen20,50,20,1.3235034580575302,0.007501351993891509,0.007108499854189217,0.0037108316377755905,2.0214746251296103,1.9156082916362958,0.2925030089219992,0.0037108316377755905,2.1363538015014926e-05,0.0007388746841449605,0.010410187554544901
Cora,PageRank,18,pop50_gen20,50,20,1.6323501250008121,1.9329748735098753e-05,1.8833226939430322e-05,1.191556680832694e-05,1.6222265416354822,1.5805565309968403,0.1865596140842221,0.01379903873741023,1.191556680832694e-05,0.0006476791754992783,0.017445340219045917
Cora,Eigenvector Centrality,18,pop50_gen20,50,20,1.484428583062254,0.00092922346019854,0.0006466479657595101,0.0005262271221175892,1.765822058846481,1.2288381548205567,0.29301593389441866,0.010305138214449179,2.295262930358286e-05,0.0005262271221175892,0.008378025172273275
Cora,Clustering Coefficient,18,pop50_gen20,50,20,1.3810543330619112,0.009384536590963269,0.014027424759983137,0.004588730250615775,2.045127100182873,3.056929475882954,0.2265478940457643,0.011286968163374397,1.72584193957825e-05,0.0010496997536609853,0.004588730250615775
Cora,Degree,18,pop100_gen50,100,50,7.308932250016369,0.26716172430975077,0.26499468690179323,0.14128663833101382,1.8909199586434362,1.8755820793255031,0.14128663833101382,0.008174348083860477,1.4675766643692029e-05,0.000693564402347465,0.013215908465797283
Cora,Neighborhood Heterogeneity,18,pop100_gen50,100,50,6.63716599997133,0.007501351993891509,0.007108499854189217,0.0022812018427312763,3.2883333045664043,3.1161205120184503,0.3087263387643814,0.0022812018427312763,2.4248442562736182e-05,0.000825134201525105,0.010382484760996156
Cora,PageRank,18,pop100_gen50,100,50,8.192282000090927,1.9329748735098753e-05,1.8833226939430322e-05,1.0191243265468793e-05,1.8967017302583828,1.8479812961823163,0.16869401294618372,0.006995127271105224,1.0191243265468793e-05,0.0007187735733193517,0.007241810085156354
Cora,Eigenvector Centrality,18,pop100_gen50,100,50,7.6583704999648035,0.00092922346019854,0.0006466479657595101,0.0005453737720348311,1.7038286544868788,1.1856968540067803,0.24441331081142353,0.012132979030213768,1.7925278972937967e-05,0.0005453737720348311,0.010955172243784044
Cora,Clustering Coefficient,18,pop100_gen50,100,50,7.108698833035305,0.009384536590963269,0.014027424759983137,0.002414610321687458,3.8865636026954675,5.809394846858779,0.2107033658246138,0.008175319706474886,1.5881391825276227e-05,0.0008216332227685965,0.002414610321687458
Cora,Degree,18,pop200_gen50,200,50,14.96914033300709,0.26716172430975077,0.26499468690179323,0.12787292596057415,2.0892751323460153,2.072328328386703,0.12787292596057415,0.007524939802824449,1.1504165451021167e-05,0.0007714528472306124,0.008183919109881546
Cora,Neighborhood Heterogeneity,18,pop200_gen50,200,50,13.56185454200022,0.007501351993891509,0.007108499854189217,0.002319550691713951,3.2339676906774764,3.0646020712470996,0.23048475115979855,0.002319550691713951,1.6915363730147916e-05,0.0008252056498644007,0.013479409883845847
Cora,PageRank,18,pop200_gen50,200,50,16.95614879205823,1.9329748735098753e-05,1.8833226939430322e-05,1.0242511728131587e-05,1.8872078693362488,1.8387313033485617,0.16957867193188444,0.011152956092560052,1.0242511728131587e-05,0.000803992712314943,0.012633439316320338
Cora,Eigenvector Centrality,18,pop200_gen50,200,50,17.29910533397924,0.00092922346019854,0.0006466479657595101,0.0004788559119499413,1.9405074407762126,1.350401967736611,0.3069672731063832,0.013073502548308694,2.207391221279773e-05,0.0004788559119499413,0.009060908185506842
Cora,Clustering Coefficient,18,pop200_gen50,200,50,15.048854833003134,0.009384536590963269,0.014027424759983137,0.002134660757914501,4.396266037200064,6.571266515288127,0.20845870562910945,0.009611814780233074,1.5839619753706696e-05,0.0009615216087893539,0.002134660757914501
Cora,Degree,18,pop100_gen100,100,100,14.846424207906239,0.26716172430975077,0.26499468690179323,0.12710351482570834,2.101922395113135,2.0848730050083133,0.12710351482570834,0.01130465028259794,1.4071178847285332e-05,0.000719736801103602,0.014553715996342767
Cora,Neighborhood Heterogeneity,18,pop100_gen100,100,100,13.184165374957956,0.007501351993891509,0.007108499854189217,0.0016057218287058382,4.671638548961725,4.426980892399306,0.2946740803573611,0.0016057218287058382,2.3705057508548312e-05,0.0007963392406318606,0.011748355297998326
Cora,PageRank,18,pop100_gen100,100,100,16.411689250031486,1.9329748735098753e-05,1.8833226939430322e-05,9.517948210913781e-06,2.03087349361013,1.9787065995836322,0.17144383230910618,0.007618473594104036,9.517948210913781e-06,0.0007768361824978074,0.01114831997333362
Cora,Eigenvector Centrality,18,pop100_gen100,100,100,15.327992500038818,0.00092922346019854,0.0006466479657595101,0.0005453737720348311,1.7038286544868788,1.1856968540067803,0.24441331081142353,0.012132979030213768,1.7925278972937967e-05,0.0005453737720348311,0.010955172243784044
Cora,Clustering Coefficient,18,pop100_gen100,100,100,14.423072707955725,0.009384536590963269,0.014027424759983137,0.0018502774666040358,5.07196177889334,7.581254710802271,0.21362778180267897,0.009729438832713438,1.607152900194571e-05,0.0007292965469744262,0.0018502774666040358
Cora,Degree,19,pop50_gen20,50,20,1.4533104590373114,0.24904330531440527,0.2912765920512298,0.16052042358859245,1.5514742594543203,1.8145765226595731,0.16052042358859245,0.0145528035277647,1.4314267004773531e-05,0.0008642382878793174,0.010618575335746993
Cora,Neighborhood Heterogeneity,19,pop50_gen20,50,20,1.2844512910814956,0.012298331699679069,0.01166104755964115,0.003974839244018716,3.0940450530635752,2.9337155149578784,0.3020234758028408,0.003974839244018716,2.2691567538862433e-05,0.0009514165970647798,0.01368278470891591
Cora,PageRank,19,pop50_gen20,50,20,1.7180569589836523,1.7827537802686293e-05,2.178412077748488e-05,1.2668717667949753e-05,1.4072093379890926,1.7195205819919674,0.19391697784207484,0.008299557034084021,1.2668717667949753e-05,0.0008902164192858568,0.011706490068324171
Cora,Eigenvector Centrality,19,pop50_gen20,50,20,1.6128619579831138,0.0009306331244099467,0.0007534519284396421,0.0005050286695748622,1.842733255506786,1.4918993194463692,0.3153429809389076,0.01115556216920352,2.284280005469177e-05,0.0005050286695748622,0.009755621470519811
Cora,Clustering Coefficient,19,pop50_gen20,50,20,1.46149333298672,0.00973731912400324,0.01293990538483046,0.0035173555435017226,2.768363619649664,3.6788732969394577,0.28294430643326446,0.0064072294670224185,2.0535401080342223e-05,0.0008663981453641929,0.0035173555435017226
Cora,Degree,19,pop100_gen50,100,50,7.453322582994588,0.24904330531440527,0.2912765920512298,0.12498986783089341,1.9925079499352019,2.3304016325972605,0.12498986783089341,0.01113530978936105,1.1754151063547459e-05,0.0009279479458560926,0.011651881197805521
Cora,Neighborhood Heterogeneity,19,pop100_gen50,100,50,6.777245749952272,0.012298331699679069,0.01166104755964115,0.0018645931127418106,6.5957187204209164,6.253936840136688,0.2582645035803332,0.0018645931127418106,1.8448042035110578e-05,0.0008399087778372772,0.012711435838967344
Cora,PageRank,19,pop100_gen50,100,50,8.333891541929916,1.7827537802686293e-05,2.178412077748488e-05,1.0732396995649523e-05,1.6610956350117174,2.02975353840482,0.16397355104641975,0.008647450465727765,1.0732396995649523e-05,0.0009501816044807457,0.010157008567107353
Cora,Eigenvector Centrality,19,pop100_gen50,100,50,8.491816916037351,0.0009306331244099467,0.0007534519284396421,0.00048440098300216243,1.9212040377007085,1.5554302218174454,0.2711892311779477,0.013448287233019543,1.910943755772336e-05,0.00048440098300216243,0.01021151755800451
Cora,Clustering Coefficient,19,pop100_gen50,100,50,7.282418875023723,0.00973731912400324,0.01293990538483046,0.0024171147287600676,4.028488597642319,5.353451050901659,0.2785548644904797,0.008439038649663031,2.149892228291442e-05,0.0009678973587096875,0.0024171147287600676
Cora,Degree,19,pop200_gen50,200,50,14.908076500054449,0.24904330531440527,0.2912765920512298,0.13425523083840157,1.854998898435251,2.1695735073580074,0.13425523083840157,0.01117414762507165,1.1970328076118061e-05,0.0008847322346211429,0.010688096466603424
Cora,Neighborhood Heterogeneity,19,pop200_gen50,200,50,13.496519749984145,0.012298331699679069,0.01166104755964115,0.0019548016638008844,6.291345013368975,5.9653353972328835,0.24187938344706783,0.0019548016638008844,1.897974108989028e-05,0.0008299305879807875,0.011344805077171248
Cora,PageRank,19,pop200_gen50,200,50,16.814718500012532,1.7827537802686293e-05,2.178412077748488e-05,1.0074555341141356e-05,1.7695607596579637,2.1622910431118774,0.16723335146865645,0.018198206394639177,1.0074555341141356e-05,0.0008957555328078376,0.01299187456692348
Cora,Eigenvector Centrality,19,pop200_gen50,200,50,16.213858166942373,0.0009306331244099467,0.0007534519284396421,0.00048174255091590676,1.931805946227072,1.5640136562716984,0.30510946545943024,0.009342258043832615,2.117459293561999e-05,0.00048174255091590676,0.013934501766012445
Cora,Clustering Coefficient,19,pop200_gen50,200,50,14.638394791982137,0.00973731912400324,0.01293990538483046,0.002670577828480382,3.6461469200259145,4.845357902261008,0.24192808697322668,0.013454086194041514,1.9156971972474156e-05,0.0009153278484843683,0.002670577828480382
Cora,Degree,19,pop100_gen100,100,100,14.43017399997916,0.24904330531440527,0.2912765920512298,0.11671933487068813,2.133693664295784,2.495529916906496,0.11671933487068813,0.011252588604521371,1.1914959318593857e-05,0.000854151788530777,0.013225483307511493
Cora,Neighborhood Heterogeneity,19,pop100_gen100,100,100,12.88371012499556,0.012298331699679069,0.01166104755964115,0.001688567973255012,7.283290868043571,6.905879860532016,0.2614269100477455,0.001688567973255012,1.9006163799647434e-05,0.0008398615179135262,0.013516711279259528
Cora,PageRank,19,pop100_gen100,100,100,16.554182459018193,1.7827537802686293e-05,2.178412077748488e-05,9.923680442146533e-06,1.7964643165021266,2.1951654836613104,0.16110553991955598,0.012804766629468795,9.923680442146533e-06,0.0008751890350903235,0.012313631401979767
Cora,Eigenvector Centrality,19,pop100_gen100,100,100,16.457296082982793,0.0009306331244099467,0.0007534519284396421,0.0004736656864396654,1.9647467634928395,1.5906829437086856,0.288212014778361,0.013174078275112282,2.014637732983744e-05,0.0004736656864396654,0.007926470130468282
Cora,Clustering Coefficient,19,pop100_gen100,100,100,14.356551750097424,0.00973731912400324,0.01293990538483046,0.0019480844312438894,4.998407136689539,6.642374004584638,0.292516348213416,0.007024003964533676,2.224326704243953e-05,0.0009447423473055453,0.0019480844312438894
Cora,Degree,20,pop50_gen20,50,20,1.4664794999407604,0.2541098563389522,0.2279572989937774,0.1673079890356243,1.5188148384524873,1.3625009798261292,0.1673079890356243,0.010906085314051742,1.3844795099058092e-05,0.0006956596168249602,0.012152565096638066
Cora,Neighborhood Heterogeneity,20,pop50_gen20,50,20,1.3135740000288934,0.009681831907976727,0.009489793878026006,0.004480848567894527,2.160713927568869,2.1178564136312903,0.23873044523098857,0.004480848567894527,1.6615957411614892e-05,0.0007320656403021458,0.014283756987184084
Cora,PageRank,20,pop50_gen20,50,20,1.6321996659971774,1.7738457906169886e-05,1.586601540864169e-05,1.191011334111772e-05,1.4893609656031366,1.332146466974992,0.16784569244709896,0.01066489405654883,1.191011334111772e-05,0.0008364318865069628,0.008177746658304879
Cora,Eigenvector Centrality,20,pop50_gen20,50,20,1.6990668750368059,0.0007673271537528824,0.0007512687107300168,0.0005533739189436894,1.386634113905474,1.3576149598161038,0.23844478390232,0.011465638316333968,1.8290808454323746e-05,0.0005533739189436894,0.010011648847164815
Cora,Clustering Coefficient,20,pop50_gen20,50,20,1.3263603328960016,0.00786113160638302,0.007579366509194302,0.004993623442639921,1.5742339599053081,1.5178089810447153,0.21752044193515546,0.006787717053442143,1.816874892121046e-05,0.0008230473128454119,0.004993623442639921
Cora,Degree,20,pop100_gen50,100,50,7.539717582985759,0.2541098563389522,0.2279572989937774,0.14193024705183563,1.7903855000417668,1.6061220474767655,0.14193024705183563,0.010760869669862156,1.2258493242949526e-05,0.0007646837706876362,0.01191802636162293
Cora,Neighborhood Heterogeneity,20,pop100_gen50,100,50,6.542005792027339,0.009681831907976727,0.009489793878026006,0.002726303120892491,3.551267587885551,3.4808286009368605,0.263892017146389,0.002726303120892491,1.7238765166943217e-05,0.0008467797426993849,0.013007160117440505
Cora,PageRank,20,pop100_gen50,100,50,8.28438487497624,1.7738457906169886e-05,1.586601540864169e-05,1.0669377229695712e-05,1.6625579473185226,1.4870610596167086,0.17512037375566072,0.011925214786918199,1.0669377229695712e-05,0.0010468612378425955,0.013281719095292924
Cora,Eigenvector Centrality,20,pop100_gen50,100,50,8.415972874965519,0.0007673271537528824,0.0007512687107300168,0.0004748691237427685,1.6158708060550495,1.5820542401425344,0.28541116557327717,0.00782563138648435,2.1292255010301126e-05,0.0004748691237427685,0.015147653144015194
Cora,Clustering Coefficient,20,pop100_gen50,100,50,6.564936624956317,0.00786113160638302,0.007579366509194302,0.004316256967235363,1.8212844290913965,1.7560044656120224,0.26782497322293214,0.007545058156480366,1.9907942984917678e-05,0.0008851510453440232,0.004316256967235363
Cora,Degree,20,pop200_gen50,200,50,15.131184999947436,0.2541098563389522,0.2279572989937774,0.13109557585171744,1.9383556972691174,1.738863401855914,0.13109557585171744,0.010063251908237383,1.319238533407993e-05,0.0008103515069512771,0.017433953154514154
Cora,Neighborhood Heterogeneity,20,pop200_gen50,200,50,13.393875916022807,0.009681831907976727,0.009489793878026006,0.0024359034207484657,3.9746370178345773,3.8958005466038275,0.2789936939305826,0.0024359034207484657,2.1879471035091017e-05,0.0007113476049675445,0.010839444474522588
Cora,PageRank,20,pop200_gen50,200,50,16.5388597920537,1.7738457906169886e-05,1.586601540864169e-05,1.0877128941704623e-05,1.6308033122746066,1.4586583917203455,0.16348422674631116,0.013259887986548952,1.0877128941704623e-05,0.0008880620886834608,0.006578535122467052
Cora,Eigenvector Centrality,20,pop200_gen50,200,50,16.974816833040677,0.0007673271537528824,0.0007512687107300168,0.0004764691356377483,1.6104446151078058,1.5767416072490246,0.2908533405661021,0.008541427784402318,2.340902171106285e-05,0.0004764691356377483,0.014441625828191123
Cora,Clustering Coefficient,20,pop200_gen50,200,50,14.95431404095143,0.00786113160638302,0.007579366509194302,0.002650955804493383,2.965395195596382,2.8591070799246214,0.2954515545095373,0.009061327787605437,2.3501187675112133e-05,0.0008419511509985616,0.002650955804493383
Cora,Degree,20,pop100_gen100,100,100,14.92001912498381,0.2541098563389522,0.2279572989937774,0.12458682577526074,2.039620599992932,1.82970629177907,0.12458682577526074,0.009764757976681611,1.1757781182077026e-05,0.0008866237356936528,0.010980473520661373
Cora,Neighborhood Heterogeneity,20,pop100_gen100,100,100,13.325457083061337,0.009681831907976727,0.009489793878026006,0.0020297938519655253,4.769859706985242,4.67525008455252,0.2527522338351182,0.0020297938519655253,1.6689043156920436e-05,0.0009008796375309658,0.012365449528975744
Cora,PageRank,20,pop100_gen100,100,100,16.31400025007315,1.7738457906169886e-05,1.586601540864169e-05,9.996176039868208e-06,1.774524361658176,1.5872084830601754,0.17505981699963044,0.008751828927176542,9.996176039868208e-06,0.001058652175158941,0.0102685750484891
Cora,Eigenvector Centrality,20,pop100_gen100,100,100,16.341349291964434,0.0007673271537528824,0.0007512687107300168,0.0004584658261656367,1.6736845146570616,1.6386580369865886,0.28493923373447694,0.00809707803735018,2.1080567534856623e-05,0.0004584658261656367,0.016025771976069032
Cora,Clustering Coefficient,20,pop100_gen100,100,100,12.846184916910715,0.00786113160638302,0.007579366509194302,0.0037545267227918544,2.093774312128882,2.018727543789676,0.3023940088768935,0.010525241377312216,2.2284022673575764e-05,0.0008039763234444029,0.0037545267227918544
Cora,Degree,21,pop50_gen20,50,20,1.4937614999944344,0.31682623961939294,0.23489586038363944,0.17236042801675344,1.8381611328361136,1.3628178061892928,0.17236042801675344,0.004511872136309978,1.3480940195571127e-05,0.0007949822918460024,0.00901160635775545
Cora,Neighborhood Heterogeneity,21,pop50_gen20,50,20,1.4125757090514526,0.0070524292261755165,0.004970192048538389,0.002479248420744381,2.844583530704867,2.0047172388824657,0.28710291113209807,0.002479248420744381,2.1299462666645905e-05,0.0007482664853960166,0.014556414552699168
Cora,PageRank,21,pop50_gen20,50,20,1.6543669580714777,2.257687051687449e-05,1.7827021418297847e-05,1.1593227962029227e-05,1.9474188371711043,1.5377099007011577,0.17163329558468152,0.016182091653311505,1.1593227962029227e-05,0.0009663567557220287,0.007779323963202191
Cora,Eigenvector Centrality,21,pop50_gen20,50,20,1.5949658749159425,0.0008547846313070905,0.0006552090969644506,0.0005363702571016932,1.5936465901856065,1.2215612038313044,0.28377838290651525,0.012609276167407573,2.0558190800316975e-05,0.0005363702571016932,0.01385163618658845
Cora,Clustering Coefficient,21,pop50_gen20,50,20,1.4412822079611942,0.010448934716038397,0.01332117297712361,0.004268209912836378,2.448083606341354,3.1210210484402383,0.30201176966787335,0.011998533267901512,2.0220021501278147e-05,0.0009746726653454598,0.004268209912836378
Cora,Degree,21,pop100_gen50,100,50,7.387225041980855,0.31682623961939294,0.23489586038363944,0.13879123874936627,2.282753886155077,1.6924401172600096,0.13879123874936627,0.014379793359099799,1.2921854464416948e-05,0.0009720900064107205,0.013708436355133427
Cora,Neighborhood Heterogeneity,21,pop100_gen50,100,50,6.472339208004996,0.0070524292261755165,0.004970192048538389,0.002762455900683337,2.5529563112413802,1.7991932639753392,0.2540244355064229,0.002762455900683337,1.830440764804719e-05,0.0009121609498973079,0.009004984984064986
Cora,PageRank,21,pop100_gen50,100,50,8.122498707962222,2.257687051687449e-05,1.7827021418297847e-05,1.0657726127504038e-05,2.118357166132381,1.6726852618488899,0.1650361313951212,0.009654575702066646,1.0657726127504038e-05,0.0007797617628843552,0.014646798894471996
Cora,Eigenvector Centrality,21,pop100_gen50,100,50,8.093932458898053,0.0008547846313070905,0.0006552090969644506,0.0004988717990679809,1.7134354615836076,1.313381710869501,0.30518779248902433,0.016791998605467973,2.1766019547745555e-05,0.0004988717990679809,0.0085345032533128
Cora,Clustering Coefficient,21,pop100_gen50,100,50,7.152501542004757,0.010448934716038397,0.01332117297712361,0.0028537246514319732,3.6615076758702756,4.667995200742008,0.2625084696692349,0.007648528341852173,1.9508690981998897e-05,0.0008044890409253179,0.0028537246514319732
Cora,Degree,21,pop200_gen50,200,50,14.933939708978869,0.31682623961939294,0.23489586038363944,0.13712348074261033,2.310517774954213,1.713024342085906,0.13712348074261033,0.00808096974953823,1.2718187228678864e-05,0.0008439979721882108,0.013757399636190387
Cora,Neighborhood Heterogeneity,21,pop200_gen50,200,50,13.012197790900245,0.0070524292261755165,0.004970192048538389,0.002184227995667405,3.2287971952399603,2.275491413166195,0.2809807435943645,0.002184227995667405,2.0069710466780395e-05,0.0007489879831696448,0.009376981303036078
Cora,PageRank,21,pop200_gen50,200,50,16.514795541996136,2.257687051687449e-05,1.7827021418297847e-05,1.0361259402484164e-05,2.1789697217175714,1.7205458068180137,0.1625099789032635,0.0082583865268372,1.0361259402484164e-05,0.0007324238056838413,0.00962919006021449
Cora,Eigenvector Centrality,21,pop200_gen50,200,50,16.59793845808599,0.0008547846313070905,0.0006552090969644506,0.0004618696203414543,1.850705466783373,1.4186018480281575,0.2773497189535215,0.008679164929401876,1.9204960227606325e-05,0.0004618696203414543,0.012632474969967753
Cora,Clustering Coefficient,21,pop200_gen50,200,50,14.598543833009899,0.010448934716038397,0.01332117297712361,0.002241783470737992,4.6609919523577465,5.942221071305473,0.2574218401901076,0.009379780369895691,1.6799132628379077e-05,0.0006794520528181765,0.002241783470737992
Cora,Degree,21,pop100_gen100,100,100,14.494004791020416,0.31682623961939294,0.23489586038363944,0.12928056576972205,2.450687291883702,1.8169464140653757,0.12928056576972205,0.015467138861645089,1.3006949140731539e-05,0.0010029855853332678,0.01377841054766038
Cora,Neighborhood Heterogeneity,21,pop100_gen100,100,100,12.738990249927156,0.0070524292261755165,0.004970192048538389,0.002030450916864843,3.4733315479819407,2.447826739989711,0.24083999774843826,0.002030450916864843,1.7840365191619473e-05,0.00090314684753101,0.010258819938011688
Cora,PageRank,21,pop100_gen100,100,100,16.137559291906655,2.257687051687449e-05,1.7827021418297847e-05,9.885883371994061e-06,2.2837484185614616,1.8032805716482974,0.16218462814513485,0.009826032537156701,9.885883371994061e-06,0.0007818257197515687,0.01557156942286198
Cora,Eigenvector Centrality,21,pop100_gen100,100,100,16.260363792069256,0.0008547846313070905,0.0006552090969644506,0.00047044334173951036,1.8169767865061934,1.3927481565404896,0.3016496502209073,0.015148491823616727,2.0797257494124416e-05,0.00047044334173951036,0.008184450150645289
Cora,Clustering Coefficient,21,pop100_gen100,100,100,13.648355624987744,0.010448934716038397,0.01332117297712361,0.0026297415868283777,3.9733693867010045,5.065582505842228,0.26106948051026035,0.007435438719629067,1.9451756608699843e-05,0.0007831409948812987,0.0026297415868283777
Cora,Degree,22,pop50_gen20,50,20,1.5193244999973103,0.2538088790051402,0.3022596618608483,0.16243345026001332,1.5625407118968342,1.8608215326154183,0.16243345026001332,0.010903097704702646,1.3782225002133964e-05,0.0008574727458024178,0.008818630943016019
Cora,Neighborhood Heterogeneity,22,pop50_gen20,50,20,1.3079555419972166,0.014598550234806542,0.005289750237093494,0.004201822466438009,3.4743377073667996,1.258918071704669,0.2904556241520425,0.004201822466438009,2.204320479960387e-05,0.0007849714075086724,0.014417718819803171
Cora,PageRank,22,pop50_gen20,50,20,1.675057000014931,2.1076936086661005e-05,2.3665436857470884e-05,1.2148332395148532e-05,1.7349653764065704,1.9480399521272351,0.17227870672184334,0.016211216585512143,1.2148332395148532e-05,0.0007664799665061346,0.009287151802238686
Cora,Eigenvector Centrality,22,pop50_gen20,50,20,1.5924643330508843,0.0009037831453306576,0.0007674571133602574,0.0005619402326055183,1.6083261046110446,1.3657272941676197,0.2764075891823051,0.009746774823820479,1.9842251842896903e-05,0.0005619402326055183,0.016006425060943113
Cora,Clustering Coefficient,22,pop50_gen20,50,20,1.3506360410246998,0.013588906911778059,0.01257015326461775,0.0050444214748028345,2.693848438251126,2.491891949831386,0.28712307320912195,0.007304483447691424,2.1480294932292765e-05,0.0008595023021881743,0.0050444214748028345
Cora,Degree,22,pop100_gen50,100,50,8.165803083917126,0.2538088790051402,0.3022596618608483,0.12528366471682845,2.025873680968784,2.4126023336244886,0.12528366471682845,0.010339692597605072,1.2443237182327009e-05,0.0009604351326668239,0.009204046963370701
Cora,Neighborhood Heterogeneity,22,pop100_gen50,100,50,6.7762003330281,0.014598550234806542,0.005289750237093494,0.0021371920166029907,6.83071531308195,2.4750935788640134,0.253615321252198,0.0021371920166029907,1.9497581109933725e-05,0.0006565590029790698,0.016480789772236153
Cora,PageRank,22,pop100_gen50,100,50,8.49434883298818,2.1076936086661005e-05,2.3665436857470884e-05,1.0792747017066123e-05,1.952879656433429,2.19271672170669,0.18844511990335314,0.009226310806317634,1.0792747017066123e-05,0.0007298808798753796,0.010283824876295339
Cora,Eigenvector Centrality,22,pop100_gen50,100,50,8.676959667005576,0.0009037831453306576,0.0007674571133602574,0.0004983611015698248,1.813510610045133,1.5399619090309957,0.2537385061829253,0.00860623054449492,1.852457758302756e-05,0.0004983611015698248,0.008925808582407598
Cora,Clustering Coefficient,22,pop100_gen50,100,50,7.236160417087376,0.013588906911778059,0.01257015326461775,0.0022706065977676207,5.984703349817703,5.536033092203764,0.32747032619715666,0.006452613929451739,2.3439232363098472e-05,0.0008035280055163809,0.0022706065977676207
Cora,Degree,22,pop200_gen50,200,50,15.291002667043358,0.2538088790051402,0.3022596618608483,0.1466743086164134,1.7304249217148726,2.060753956927289,0.1466743086164134,0.012136235408134136,1.3246652635809402e-05,0.0008399796567405285,0.015360424719809631
Cora,Neighborhood Heterogeneity,22,pop200_gen50,200,50,14.295723582967184,0.014598550234806542,0.005289750237093494,0.0019678025703240756,7.418706762031682,2.6881508932180784,0.25712817931658627,0.0019678025703240756,1.931021640866435e-05,0.0008894288550266777,0.010452451545025767
Cora,PageRank,22,pop200_gen50,200,50,16.49317274999339,2.1076936086661005e-05,2.3665436857470884e-05,1.0067914985874602e-05,2.0934757709249814,2.350579726852457,0.17320337350679704,0.012995126010432321,1.0067914985874602e-05,0.0009576226407375949,0.017154679221894006
Cora,Eigenvector Centrality,22,pop200_gen50,200,50,16.433229041984305,0.0009037831453306576,0.0007674571133602574,0.0005033808308307471,1.7954262259830445,1.5246053611014467,0.22148618304810194,0.008716356485706324,1.681487779016258e-05,0.0005033808308307471,0.014949065007014923
Cora,Clustering Coefficient,22,pop200_gen50,200,50,14.906470875022933,0.013588906911778059,0.01257015326461775,0.002747201463202338,4.946454453303122,4.5756212032462535,0.26549521862468733,0.007946474223365974,1.931458658546952e-05,0.0009228245742009301,0.002747201463202338
Cora,Degree,22,pop100_gen100,100,100,14.463455333025195,0.2538088790051402,0.3022596618608483,0.11452774772602994,2.2161343783018825,2.6391827994723633,0.11452774772602994,0.009874256744388812,1.225606132813441e-05,0.0008941335570379969,0.010912130817724516
Cora,Neighborhood Heterogeneity,22,pop100_gen100,100,100,12.87806191702839,0.014598550234806542,0.005289750237093494,0.0016187915226409365,9.01817808570563,3.267715553923624,0.2627989004998351,0.0016187915226409365,2.005799312701324e-05,0.000696730499352239,0.01607226698520618
Cora,PageRank,22,pop100_gen100,100,100,16.371637834003195,2.1076936086661005e-05,2.3665436857470884e-05,1.0209454350396397e-05,2.0644527477457855,2.3179923280182,0.183455463244322,0.008165053603504387,1.0209454350396397e-05,0.0008193706121748858,0.012722185872664354
Cora,Eigenvector Centrality,22,pop100_gen100,100,100,16.02203016693238,0.0009037831453306576,0.0007674571133602574,0.0004708010573832486,1.9196710184848764,1.6301091540147505,0.2397318925340312,0.007685190132470762,1.7433822449935607e-05,0.0004708010573832486,0.009199484799676423
Cora,Clustering Coefficient,22,pop100_gen100,100,100,13.898986165993847,0.013588906911778059,0.01257015326461775,0.0018872573266450025,7.200346619363881,6.660540185563272,0.3013581695759824,0.006107882149551552,2.171030484143897e-05,0.0008007112427359353,0.0018872573266450025
Cora,Degree,23,pop50_gen20,50,20,1.5005595410475507,0.23116233275875753,0.2978329001270821,0.15917038050237883,1.4522949058056864,1.8711578070433206,0.15917038050237883,0.013605346791460743,1.2992401338978617e-05,0.0006520981348721974,0.011309999693954794
Cora,Neighborhood Heterogeneity,23,pop50_gen20,50,20,1.3701360409613699,0.010955154264734441,0.009070313853056748,0.003624663171763083,3.022392356364995,2.502388062900981,0.2821311325490624,0.003624663171763083,2.0179144247561423e-05,0.0008846969975148687,0.012320339076073649
Cora,PageRank,23,pop50_gen20,50,20,1.6832039579749107,1.5465953178182158e-05,2.179432151386826e-05,1.2104387995298843e-05,1.2777145927732072,1.800530644121193,0.1853009491742051,0.011387377854413978,1.2104387995298843e-05,0.0009422655016738883,0.012113949489228105
Cora,Eigenvector Centrality,23,pop50_gen20,50,20,1.6361437919549644,0.0011207511559173976,0.000833303694315032,0.0005183107993595532,2.162314883853945,1.6077297547045082,0.238004185293355,0.011889347595307477,1.9416782444369918e-05,0.0005183107993595532,0.007614439136646474
Cora,Clustering Coefficient,23,pop50_gen20,50,20,1.4572630419861525,0.010379572279097958,0.008702424634738607,0.0038974577303898354,2.6631648107854557,2.232846444204583,0.3112275465797901,0.01427727433507105,2.475629269810413e-05,0.0009161145101141532,0.0038974577303898354
Cora,Degree,23,pop100_gen50,100,50,7.6689394999993965,0.23116233275875753,0.2978329001270821,0.1363600410564027,1.695235136099304,2.184165521069983,0.1363600410564027,0.009401446389218172,1.1632134580895559e-05,0.0011069631364527984,0.012157660033041731
Cora,Neighborhood Heterogeneity,23,pop100_gen50,100,50,6.608539792010561,0.010955154264734441,0.009070313853056748,0.0022961686037927904,4.771058295387724,3.9501950501694374,0.21853106957229204,0.0022961686037927904,1.8484058026282843e-05,0.0009114836968495847,0.010595806990809743
Cora,PageRank,23,pop100_gen50,100,50,8.279712583986111,1.5465953178182158e-05,2.179432151386826e-05,1.0927257534548551e-05,1.4153554200844702,1.994491430714566,0.17455608646629334,0.01634071123247314,1.0927257534548551e-05,0.0008885831903367546,0.010524080692861372
Cora,Eigenvector Centrality,23,pop100_gen50,100,50,7.9295349169988185,0.0011207511559173976,0.000833303694315032,0.0005070239056172827,2.2104503229545456,1.6435195364220863,0.26590861475115696,0.01228767149568853,2.1042326829830235e-05,0.0005070239056172827,0.0076150176226435305
Cora,Clustering Coefficient,23,pop100_gen50,100,50,7.462674249894917,0.010379572279097958,0.008702424634738607,0.0022725294404794018,4.567409378383381,3.8294001739765298,0.30934122972368394,0.013143007206564633,2.1832820826372045e-05,0.000734809433893178,0.0022725294404794018
Cora,Degree,23,pop200_gen50,200,50,15.226668416988105,0.23116233275875753,0.2978329001270821,0.13143263979730832,1.7587893929183003,2.2660497467477754,0.13143263979730832,0.00899833673176291,1.3131761893026811e-05,0.000840087951751304,0.011113337355883804
Cora,Neighborhood Heterogeneity,23,pop200_gen50,200,50,13.567985625006258,0.010955154264734441,0.009070313853056748,0.0022121912001991572,4.9521733310159535,4.100149142732406,0.27991104526274374,0.0022121912001991572,2.124871068699763e-05,0.0009136358226768995,0.012763457165499332
Cora,PageRank,23,pop200_gen50,200,50,17.517659208970144,1.5465953178182158e-05,2.179432151386826e-05,1.0150799780924131e-05,1.5236191740523262,2.147054614831946,0.177952246888278,0.005668769304360602,1.0150799780924131e-05,0.0007725676349116127,0.00934044302813394
Cora,Eigenvector Centrality,23,pop200_gen50,200,50,16.449437875067815,0.0011207511559173976,0.000833303694315032,0.000475790178417229,2.3555575687705574,1.7514100376916417,0.29271381304884125,0.016059327134478364,2.2688783208699247e-05,0.000475790178417229,0.009522113580710895
Cora,Clustering Coefficient,23,pop200_gen50,200,50,14.558908165898174,0.010379572279097958,0.008702424634738607,0.0026260397379102357,3.9525572021076387,3.3138967811903224,0.28220173508112734,0.010708454510725881,1.9043550639554522e-05,0.0007946082933122638,0.0026260397379102357
Cora,Degree,23,pop100_gen100,100,100,14.44573166698683,0.23116233275875753,0.2978329001270821,0.11831358270224972,1.953810606348598,2.51731790488176,0.11831358270224972,0.011550889327986216,1.1798282223522013e-05,0.0011380118407277218,0.0121287216746187
Cora,Neighborhood Heterogeneity,23,pop100_gen100,100,100,13.073872000095434,0.010955154264734441,0.009070313853056748,0.0018111660552997942,6.048674682632059,5.007996824209131,0.22004564133262736,0.0018111660552997942,1.856106463317966e-05,0.0009077787198788729,0.011348814291346522
Cora,PageRank,23,pop100_gen100,100,100,16.278799541993067,1.5465953178182158e-05,2.179432151386826e-05,9.954713438745774e-06,1.5536311791744317,2.1893469508665433,0.1749811000677865,0.01712864593726581,9.954713438745774e-06,0.0008805743072072332,0.011839618488828803
Cora,Eigenvector Centrality,23,pop100_gen100,100,100,16.027008083998226,0.0011207511559173976,0.000833303694315032,0.0004922505484529062,2.276790060345906,1.6928446234016832,0.27612490299922016,0.011289041776355088,2.018517311363114e-05,0.0004922505484529062,0.009202145295044383
Cora,Clustering Coefficient,23,pop100_gen100,100,100,14.343497875030152,0.010379572279097958,0.008702424634738607,0.001768580169848819,5.86887292758983,4.920571192134594,0.311753662741223,0.012574944476164751,2.204892557371112e-05,0.0007567519926374921,0.001768580169848819
Cora,Degree,24,pop50_gen20,50,20,1.4562461249297485,0.24099912521853567,0.28107407027430764,0.17547106916747812,1.3734407977449228,1.6018257118273833,0.17547106916747812,0.01312279710498701,1.3198287898797345e-05,0.0009069271194082805,0.012984830590697619
Cora,Neighborhood Heterogeneity,24,pop50_gen20,50,20,1.2464859170140699,0.0127430617807684,0.012339493915763953,0.004139128545928808,3.078682297340658,2.981181613192689,0.22021479644377098,0.004139128545928808,1.5551722183103298e-05,0.0010170218496754761,0.011999957803097271
Cora,PageRank,24,pop50_gen20,50,20,1.5333098330302164,1.8078077717556612e-05,2.3013396452662082e-05,1.3763846874255103e-05,1.3134465882042874,1.6720177623966457,0.17384025112445042,0.012341579550982293,1.3763846874255103e-05,0.0008630670822385566,0.012700332772552341
Cora,Eigenvector Centrality,24,pop50_gen20,50,20,1.6200767080299556,0.0006557794110414185,0.0008790989588841902,0.0005164237226214293,1.2698475734472514,1.7022822933496888,0.25066825165121165,0.016980372344541788,1.8565753551208966e-05,0.0005164237226214293,0.012814230060606802
Cora,Clustering Coefficient,24,pop50_gen20,50,20,1.4617078750161454,0.013634427365200708,0.01641953419744998,0.003913046749791811,3.4843507468767427,4.196099675610459,0.28510927846754874,0.010374654601139316,2.0070813140227504e-05,0.0007623314423630434,0.003913046749791811
Cora,Degree,24,pop100_gen50,100,50,7.305455042049289,0.24099912521853567,0.28107407027430764,0.13673277853903784,1.7625556051267495,2.055645129701359,0.13673277853903784,0.005995515492097798,1.3711771371266991e-05,0.0008002876112387722,0.008922361386214297
Cora,Neighborhood Heterogeneity,24,pop100_gen50,100,50,6.379086542059667,0.0127430617807684,0.012339493915763953,0.0022227677744493506,5.732970365707797,5.551409399401083,0.24764399047239843,0.0022227677744493506,1.7668233833470166e-05,0.0006629979324025625,0.012891254854937213
Cora,PageRank,24,pop100_gen50,100,50,8.03063487506006,1.8078077717556612e-05,2.3013396452662082e-05,1.0300448979036292e-05,1.755076672322685,2.23421294542592,0.16419672222780185,0.014453886868913019,1.0300448979036292e-05,0.0010572110840626754,0.01646667625352387
Cora,Eigenvector Centrality,24,pop100_gen50,100,50,7.4673114999895915,0.0006557794110414185,0.0008790989588841902,0.0005343623614394429,1.227218566208345,1.6451363762150282,0.2570352687338769,0.01733464589553507,2.010227840050111e-05,0.0005343623614394429,0.014679306936893588
Cora,Clustering Coefficient,24,pop100_gen50,100,50,7.1412963749608025,0.013634427365200708,0.01641953419744998,0.0025128278765494463,5.425929683621295,6.5342852770309445,0.23778842829969954,0.008350753234466966,1.7902813162126365e-05,0.0006136933103187945,0.0025128278765494463
Cora,Degree,24,pop200_gen50,200,50,14.997127000009641,0.24099912521853567,0.28107407027430764,0.13855810944439167,1.739336125362314,2.02856455967388,0.13855810944439167,0.01418689008864974,1.2567396412660654e-05,0.0009210154042526147,0.015045002560710877
Cora,Neighborhood Heterogeneity,24,pop200_gen50,200,50,13.251671624951996,0.0127430617807684,0.012339493915763953,0.0023118415895874503,5.512082591715295,5.337517056246896,0.22263054917167371,0.0023118415895874503,1.7572605621303467e-05,0.0010868068312587151,0.015802105652683092
Cora,PageRank,24,pop200_gen50,200,50,16.663997124996968,1.8078077717556612e-05,2.3013396452662082e-05,1.0309856085116161e-05,1.753475273399311,2.2321743642848135,0.17723821698527534,0.010703230644617588,1.0309856085116161e-05,0.0006205897798796875,0.009230553082820317
Cora,Eigenvector Centrality,24,pop200_gen50,200,50,15.765392917091958,0.0006557794110414185,0.0008790989588841902,0.0004968624587071999,1.3198409329368714,1.7693004240480192,0.31819274323001256,0.007365479083681364,2.2309401675033424e-05,0.0004968624587071999,0.01238892951395409
Cora,Clustering Coefficient,24,pop200_gen50,200,50,14.557022458058782,0.013634427365200708,0.01641953419744998,0.0027371625709374722,4.9812267309102305,5.998742775379369,0.31491904939171605,0.01012319980251377,2.3157539096139506e-05,0.0011416742225911995,0.0027371625709374722
Cora,Degree,24,pop100_gen100,100,100,14.358994625043124,0.24099912521853567,0.28107407027430764,0.12484198909105806,1.9304332378327789,2.2514385770423444,0.12484198909105806,0.006156137889136337,1.347778511851564e-05,0.0008374830750360575,0.009122920109039019
Cora,Neighborhood Heterogeneity,24,pop100_gen100,100,100,12.83973808400333,0.0127430617807684,0.012339493915763953,0.0017343640585448822,7.347397288352324,7.1147080423914515,0.2439545792291268,0.0017343640585448822,1.776911134167939e-05,0.0005867319581875312,0.014440225972387791
Cora,PageRank,24,pop100_gen100,100,100,15.984707292052917,1.8078077717556612e-05,2.3013396452662082e-05,9.595081335028516e-06,1.8840984340132105,2.398457673167154,0.15694321553311494,0.010469158902482009,9.595081335028516e-06,0.0010300826460690061,0.01598332280564932
Cora,Eigenvector Centrality,24,pop100_gen100,100,100,14.696962790912949,0.0006557794110414185,0.0008790989588841902,0.0005308010053215392,1.2354524661161332,1.6561742537613793,0.2543174576253563,0.006707137182676191,1.9646411607681296e-05,0.0005308010053215392,0.013186077397148286
Cora,Clustering Coefficient,24,pop100_gen100,100,100,14.52246362506412,0.013634427365200708,0.01641953419744998,0.0018482828927957825,7.376807640402253,8.883669410916406,0.24488720223646093,0.008660034450379935,1.8732090700257204e-05,0.0005905076113765127,0.0018482828927957825
Cora,Degree,25,pop50_gen20,50,20,1.4867419169750065,0.24668039391249758,0.2933008275085839,0.16668984586841512,1.4798765493323867,1.7595602538388295,0.16668984586841512,0.011756817832255611,1.3478569268174975e-05,0.0007302727734477749,0.007096847060942435
Cora,Neighborhood Heterogeneity,25,pop50_gen20,50,20,1.3322500420035794,0.01679231817353801,0.011313113034348638,0.004109960086418223,4.085761861539707,2.75260897830467,0.28316039287920625,0.004109960086418223,2.2612393215415167e-05,0.0006609353202503361,0.01241121828704801
Cora,PageRank,25,pop50_gen20,50,20,1.613191333017312,1.819812628467371e-05,2.1388169364613513e-05,1.19342829217643e-05,1.524861309554357,1.7921620850473017,0.17343520414510838,0.01254333546309346,1.19342829217643e-05,0.0007075641028396972,0.00831759203353919
Cora,Eigenvector Centrality,25,pop50_gen20,50,20,1.6839216250227764,0.0010134993373305964,0.0007090165644619538,0.0005103160731038272,1.986022762650459,1.3893674956181514,0.2372469316531655,0.017803303611787592,1.8809126721824202e-05,0.0005103160731038272,0.014007774939110294
Cora,Clustering Coefficient,25,pop50_gen20,50,20,1.424306333065033,0.011611173636419458,0.009585143905356534,0.004023980869884598,2.885494243602716,2.382005336330394,0.3254945726161038,0.01179899213256287,2.3438104991376363e-05,0.0009639878233869637,0.004023980869884598
Cora,Degree,25,pop100_gen50,100,50,7.433088624966331,0.24668039391249758,0.2933008275085839,0.12941626887989352,1.9061003384468809,2.2663366054911194,0.12941626887989352,0.009997999909777759,1.2426703166566831e-05,0.0006854863621638621,0.012444300508137246
Cora,Neighborhood Heterogeneity,25,pop100_gen50,100,50,6.641823832993396,0.01679231817353801,0.011313113034348638,0.002317687328047887,7.245290583558411,4.881207614780941,0.2578768611522907,0.002317687328047887,1.9527272481405198e-05,0.0008519928747491329,0.006668988778233809
Cora,PageRank,25,pop100_gen50,100,50,8.105623916955665,1.819812628467371e-05,2.1388169364613513e-05,1.054944989370523e-05,1.7250308279612172,2.0274203470434657,0.16687997006356628,0.009193113092055175,1.054944989370523e-05,0.0007276665908726692,0.01322830862530466
Cora,Eigenvector Centrality,25,pop100_gen50,100,50,8.204122500028461,0.0010134993373305964,0.0007090165644619538,0.0004815940960059996,2.10446794455298,1.4722285226127876,0.25661807433485123,0.011958289393215438,1.9775634600556697e-05,0.0004815940960059996,0.015747436420053246
Cora,Clustering Coefficient,25,pop100_gen50,100,50,7.180862625013106,0.011611173636419458,0.009585143905356534,0.0021785456870470794,5.329782021766034,4.399790173025366,0.29030468563667505,0.009817021450027755,2.3701153754230338e-05,0.0007045080021835416,0.0021785456870470794
Cora,Degree,25,pop200_gen50,200,50,15.07383412506897,0.24668039391249758,0.2933008275085839,0.13841568026854806,1.7821708742383742,2.1189855581357144,0.13841568026854806,0.019802443054684923,1.3336163854498125e-05,0.000696055186523597,0.012106261403221857
Cora,Neighborhood Heterogeneity,25,pop200_gen50,200,50,13.189051166991703,0.01679231817353801,0.011313113034348638,0.0023495289228511393,7.147100003842742,4.815055871123409,0.2613611052275927,0.0023495289228511393,1.913694232099697e-05,0.0007128913286802935,0.01250670247672436
Cora,PageRank,25,pop200_gen50,200,50,16.500984125072137,1.819812628467371e-05,2.1388169364613513e-05,1.0674115809504569e-05,1.7048837214666084,2.003741550711752,0.16046631684341234,0.015536126817846063,1.0674115809504569e-05,0.0009252227692508492,0.014733619780199492
Cora,Eigenvector Centrality,25,pop200_gen50,200,50,16.221621916047297,0.0010134993373305964,0.0007090165644619538,0.00045753848874591506,2.215112744085281,1.5496326143081967,0.2603541408581008,0.014509907882119377,1.8287643670198274e-05,0.00045753848874591506,0.013625541269290178
Cora,Clustering Coefficient,25,pop200_gen50,200,50,14.379768874961883,0.011611173636419458,0.009585143905356534,0.002511920949459171,4.62242796251984,3.8158620825310057,0.2649153352453566,0.012591460866069382,1.9143102414410065e-05,0.0009552055920451382,0.002511920949459171
Cora,Degree,25,pop100_gen100,100,100,14.539391834056005,0.24668039391249758,0.2933008275085839,0.12173402486610944,2.0263882195944136,2.409357842486307,0.12173402486610944,0.008150660211232022,1.2480531275275804e-05,0.0007019828548977238,0.011649927399760725
Cora,Neighborhood Heterogeneity,25,pop100_gen100,100,100,12.16878845798783,0.01679231817353801,0.011313113034348638,0.002317687328047887,7.245290583558411,4.881207614780941,0.2578768611522907,0.002317687328047887,1.9527272481405198e-05,0.0008519928747491329,0.006668988778233809
Cora,PageRank,25,pop100_gen100,100,100,16.178496582899243,1.819812628467371e-05,2.1388169364613513e-05,9.817859372823956e-06,1.8535737367604295,2.1784962029316106,0.16276042611459562,0.0065327874871330405,9.817859372823956e-06,0.0006499079188221831,0.011115146538766852
Cora,Eigenvector Centrality,25,pop100_gen100,100,100,16.305082667036913,0.0010134993373305964,0.0007090165644619538,0.0004695419856528187,2.1584850094321104,1.510017391684763,0.24700680657494223,0.011972775254718213,1.9165636969768204e-05,0.0004695419856528187,0.01570274415071175
Cora,Clustering Coefficient,25,pop100_gen100,100,100,13.824448207975365,0.011611173636419458,0.009585143905356534,0.001860677347830723,6.240293971416583,5.151427202857823,0.2960007484511162,0.009284627998512613,2.406164827921261e-05,0.0006780909017630478,0.001860677347830723
Cora,Degree,26,pop50_gen20,50,20,1.4891427080146968,0.31984468551194684,0.2691548874795988,0.16068469232788163,1.9905112358761268,1.6750499601441855,0.16068469232788163,0.008854265786383982,1.2334325754911966e-05,0.0012019802467692386,0.01193991369848567
Cora,Neighborhood Heterogeneity,26,pop50_gen20,50,20,1.329524000058882,0.015246437018861178,0.012266059565700621,0.0034457364174624804,4.424725275443153,3.5597788337895064,0.25583666690520646,0.0034457364174624804,1.8790081073233418e-05,0.0007613273007486237,0.008333255185053966
Cora,PageRank,26,pop50_gen20,50,20,1.6629705409286544,2.1789172652526903e-05,1.9444499746651564e-05,1.1040377225145636e-05,1.9735895076936085,1.7612169720401079,0.17883263911422406,0.010328911717173692,1.1040377225145636e-05,0.0009553063454212868,0.0060506870911194045
Cora,Eigenvector Centrality,26,pop50_gen20,50,20,1.567737208912149,0.0007704269123327834,0.0008868875641576144,0.0005192765068076388,1.4836544735465589,1.7079293065075132,0.25957816989495613,0.008759102197590476,2.0801232448092512e-05,0.0005192765068076388,0.011123327505476918
Cora,Clustering Coefficient,26,pop50_gen20,50,20,1.3710974169662222,0.012193634592018712,0.013298748180487036,0.00450558974133623,2.7063348622598795,2.951610986344044,0.2820250358148368,0.01090724643575498,2.160391736404971e-05,0.001150564234314388,0.00450558974133623
Cora,Degree,26,pop100_gen50,100,50,7.207128082984127,0.31984468551194684,0.2691548874795988,0.1343144063128207,2.381313325147138,2.003916741832832,0.1343144063128207,0.005770647487133328,1.183124354936498e-05,0.0009235323932113373,0.012474833904880807
Cora,Neighborhood Heterogeneity,26,pop100_gen50,100,50,6.528038499993272,0.015246437018861178,0.012266059565700621,0.0019016916680576232,8.017302318221649,6.450077986737515,0.25230987915478365,0.0019016916680576232,1.7273093956263253e-05,0.0007787177108989315,0.017848377610759386
Cora,PageRank,26,pop100_gen50,100,50,8.186688875081018,2.1789172652526903e-05,1.9444499746651564e-05,9.789923410147982e-06,2.2256734541907455,1.9861748587834607,0.1626284991119929,0.011262601070776956,9.789923410147982e-06,0.000983573577203209,0.01262501466067717
Cora,Eigenvector Centrality,26,pop100_gen50,100,50,7.7969642910175025,0.0007704269123327834,0.0008868875641576144,0.0005239447759321416,1.4704353354074948,1.692711913349584,0.2313410722112356,0.01180257944795269,1.7407108650501798e-05,0.0005239447759321416,0.010887665502306302
Cora,Clustering Coefficient,26,pop100_gen50,100,50,7.255257333046757,0.012193634592018712,0.013298748180487036,0.002875343786188328,4.240757105494883,4.625098481916277,0.22019622117822513,0.00978080539009141,1.5675338997137265e-05,0.000988499227494938,0.002875343786188328
Cora,Degree,26,pop200_gen50,200,50,15.018908457946964,0.31984468551194684,0.2691548874795988,0.13744452847100758,2.327081980418119,1.9582801183415177,0.13744452847100758,0.010797143632246018,1.2852887023899942e-05,0.000878480589821873,0.009156588624262881
Cora,Neighborhood Heterogeneity,26,pop200_gen50,200,50,13.296470500063151,0.015246437018861178,0.012266059565700621,0.0017620973724153783,8.652437292930225,6.961056612261465,0.24588623355605943,0.0017620973724153783,1.8082821117401748e-05,0.0007382745045520605,0.013019325636771606
Cora,PageRank,26,pop200_gen50,200,50,16.371585667016916,2.1789172652526903e-05,1.9444499746651564e-05,1.0444329624724875e-05,2.086220316232204,1.8617278892290583,0.16113174195519384,0.013755160032276698,1.0444329624724875e-05,0.0009845702848779827,0.013048975121903353
Cora,Eigenvector Centrality,26,pop200_gen50,200,50,16.310448292060755,0.0007704269123327834,0.0008868875641576144,0.0004907370261820777,1.569938421656679,1.8072562632120477,0.22966655287632914,0.012816260940731416,1.6017678493261333e-05,0.0004907370261820777,0.01446436382806079
Cora,Clustering Coefficient,26,pop200_gen50,200,50,14.634884083992802,0.012193634592018712,0.013298748180487036,0.0027293807356589747,4.467546221276715,4.8724415786851445,0.25464041960252215,0.009070504258816904,1.9765230204695172e-05,0.0009591762195417314,0.0027293807356589747
Cora,Degree,26,pop100_gen100,100,100,14.421830040984787,0.31984468551194684,0.2691548874795988,0.12645613201231679,2.5292936010473106,2.1284447278000185,0.12645613201231679,0.006617402450281193,1.1726760706776581e-05,0.0008935399565483063,0.011325453296050027
Cora,Neighborhood Heterogeneity,26,pop100_gen100,100,100,12.61445154203102,0.015246437018861178,0.012266059565700621,0.0017102275742830395,8.914858611873791,7.172179743881624,0.25050655304276914,0.0017102275742830395,1.6727589676856576e-05,0.0008277527356140774,0.016330257721339187
Cora,PageRank,26,pop100_gen100,100,100,15.955369457951747,2.1789172652526903e-05,1.9444499746651564e-05,9.188590034725872e-06,2.3713292866675326,2.1161570679686617,0.15899202188465691,0.01130051223657918,9.188590034725872e-06,0.0010017863785398095,0.011607885788176023
Cora,Eigenvector Centrality,26,pop100_gen100,100,100,19.261354250018485,0.0007704269123327834,0.0008868875641576144,0.0005222923545655128,1.4750874784940897,1.6980672920157962,0.2530574436737064,0.008803583668486426,1.8221716758265652e-05,0.0005222923545655128,0.014187996199824943
Cora,Clustering Coefficient,26,pop100_gen100,100,100,14.058851832989603,0.012193634592018712,0.013298748180487036,0.0021662240424211556,5.628981284128891,6.1391379285141845,0.23466691824596966,0.0111648581764844,1.5857605535582696e-05,0.0009570248262762966,0.0021662240424211556
Cora,Degree,27,pop50_gen20,50,20,1.475344334030524,0.3138086833487661,0.20504968649289984,0.1630912203917203,1.9241298372471882,1.2572699253853254,0.1630912203917203,0.012930230149183503,1.4308548948564877e-05,0.0008742281358240818,0.011414978833878365
Cora,Neighborhood Heterogeneity,27,pop50_gen20,50,20,1.3402554169297218,0.012505923026738353,0.009877658497984571,0.0034593625975381666,3.615094594489203,2.8553406066811107,0.3307180628221575,0.0034593625975381666,2.3391459130045537e-05,0.0010359129798838708,0.017707195628993075
Cora,PageRank,27,pop50_gen20,50,20,1.689744250033982,2.3018530335156367e-05,1.4990466547343097e-05,1.1304772089224554e-05,2.0361781868293565,1.3260299658435097,0.1837482395334123,0.009504280402435034,1.1304772089224554e-05,0.0007289416629267605,0.008245805481523915
Cora,Eigenvector Centrality,27,pop50_gen20,50,20,1.791130708064884,0.0006059800848690099,0.0007982862963996444,0.0005590620353836616,1.0839227966054792,1.4279028906904987,0.25572074906730274,0.01279414872244924,1.8597180761585894e-05,0.0005590620353836616,0.014749896791096218
Cora,Clustering Coefficient,27,pop50_gen20,50,20,1.3681696250569075,0.012005088409548299,0.01215693557065363,0.005031591500217631,2.3859425807975554,2.4161213345971757,0.24162200061020145,0.008301600438395855,1.9212841527562713e-05,0.0009355489373572255,0.005031591500217631
Cora,Degree,27,pop100_gen50,100,50,7.457107707974501,0.3138086833487661,0.20504968649289984,0.13111596360859737,2.3933674795354167,1.5638804066986591,0.13111596360859737,0.009915641624990668,1.263474965418375e-05,0.0006574364063994836,0.009236285587676146
Cora,Neighborhood Heterogeneity,27,pop100_gen50,100,50,7.071140540996566,0.012505923026738353,0.009877658497984571,0.002068803160072497,6.045003830282291,4.774576280924875,0.30628823164086494,0.002068803160072497,2.099302380320256e-05,0.0010576367662933667,0.017078133537643106
Cora,PageRank,27,pop100_gen50,100,50,8.344199958024547,2.3018530335156367e-05,1.4990466547343097e-05,1.0466083114502249e-05,2.19934526444386,1.432290034709515,0.17130569810299845,0.011138873586274469,1.0466083114502249e-05,0.0007720595974980294,0.008797553989945046
Cora,Eigenvector Centrality,27,pop100_gen50,100,50,7.830728417029604,0.0006059800848690099,0.0007982862963996444,0.0005159293501916576,1.1745408254907386,1.5472783165041817,0.25187607109144955,0.009229991951138848,1.955203544665478e-05,0.0005159293501916576,0.010503724983450691
Cora,Clustering Coefficient,27,pop100_gen50,100,50,7.389170042006299,0.012005088409548299,0.01215693557065363,0.0024596410937024987,4.880829337371752,4.942564832641412,0.2502414809708496,0.007872721544606776,1.8461138758528232e-05,0.0008056693311967209,0.0024596410937024987
Cora,Degree,27,pop200_gen50,200,50,14.730442499974743,0.3138086833487661,0.20504968649289984,0.13637840373958726,2.301014491619799,1.5035348770061825,0.13637840373958726,0.010885221577292497,1.1925787614576628e-05,0.0010426840114375793,0.012324769260912328
Cora,Neighborhood Heterogeneity,27,pop200_gen50,200,50,13.42416745889932,0.012505923026738353,0.009877658497984571,0.0022153593849369795,5.645098990155094,4.458716073403847,0.22447039713518535,0.0022153593849369795,1.6060689770303207e-05,0.0007149632816571179,0.016002051254998113
Cora,PageRank,27,pop200_gen50,200,50,16.44313270796556,2.3018530335156367e-05,1.4990466547343097e-05,1.0676115734937913e-05,2.156077257557964,1.4041124056276704,0.17567282998014122,0.01024694483612805,1.0676115734937913e-05,0.0009122349826112576,0.009131257656050875
Cora,Eigenvector Centrality,27,pop200_gen50,200,50,16.42467383306939,0.0006059800848690099,0.0007982862963996444,0.0004829165008881882,1.254834083644856,1.6530524323178493,0.2754750165499385,0.015501174327497102,2.0008852807770916e-05,0.0004829165008881882,0.012662247930219436
Cora,Clustering Coefficient,27,pop200_gen50,200,50,14.1668534160126,0.012005088409548299,0.01215693557065363,0.003413135362183216,3.5173197472804683,3.561808800597182,0.2443256251203499,0.005459497512801512,1.6404692926513227e-05,0.0007531355848052763,0.003413135362183216
Cora,Degree,27,pop100_gen100,100,100,14.773818875080906,0.3138086833487661,0.20504968649289984,0.121974749708697,2.572734800425592,1.6810830682793314,0.121974749708697,0.010061462599561708,1.2254104242987674e-05,0.0007322585151943545,0.008721827672584937
Cora,Neighborhood Heterogeneity,27,pop100_gen100,100,100,12.915600167005323,0.012505923026738353,0.009877658497984571,0.001864669820516291,6.706776121509654,5.297269462563425,0.2960971228165969,0.001864669820516291,2.103407172071083e-05,0.001035714790457948,0.01735538033940137
Cora,PageRank,27,pop100_gen100,100,100,16.339032166986726,2.3018530335156367e-05,1.4990466547343097e-05,9.75028474455884e-06,2.3608059598466484,1.5374388482047714,0.1593327611878827,0.010604307103280395,9.75028474455884e-06,0.0007263325826256439,0.006905011931173252
Cora,Eigenvector Centrality,27,pop100_gen100,100,100,14.859862874960527,0.0006059800848690099,0.0007982862963996444,0.0005159293501916576,1.1745408254907386,1.5472783165041817,0.25187607109144955,0.009229991951138848,1.955203544665478e-05,0.0005159293501916576,0.010503724983450691
Cora,Clustering Coefficient,27,pop100_gen100,100,100,14.163900417042896,0.012005088409548299,0.01215693557065363,0.00193255711960348,6.212022551763691,6.29059573315379,0.28379181287287264,0.008146563957256131,2.0668887715876308e-05,0.0008685933699418152,0.00193255711960348
Cora,Degree,28,pop50_gen20,50,20,1.4179748750757426,0.2916429067254979,0.27186682889689795,0.1702066090002909,1.713464056645412,1.5972753966118514,0.1702066090002909,0.011880152835362015,1.2894866781174241e-05,0.0007188764676241651,0.006448317235317349
Cora,Neighborhood Heterogeneity,28,pop50_gen20,50,20,1.3514628750272095,0.007533428096605612,0.010099497762311588,0.003973169614065034,1.896075131033231,2.541924645391259,0.26954841874135294,0.003973169614065034,1.9602103786286924e-05,0.0010269336712173973,0.00989308338942634
Cora,PageRank,28,pop50_gen20,50,20,1.6472999999532476,2.1747244564414747e-05,1.9504916163017363e-05,1.2167941571756885e-05,1.7872574778705763,1.602975823642217,0.177657193650652,0.009325427618754531,1.2167941571756885e-05,0.000850390578076928,0.006840739266125455
Cora,Eigenvector Centrality,28,pop50_gen20,50,20,1.7347679170779884,0.0009301525090955967,0.0009835927520713016,0.0005180922075699694,1.7953416312867005,1.8984897624395662,0.2551036869468986,0.006861758179937785,1.8478345699661634e-05,0.0005180922075699694,0.01059329746249994
Cora,Clustering Coefficient,28,pop50_gen20,50,20,1.4907192919636145,0.006609664334918601,0.008941230055238749,0.0036812754461638406,1.7954821451370493,2.4288402718020374,0.3046237721869861,0.012202670401961655,2.256953724382541e-05,0.0007252468558413235,0.0036812754461638406
Cora,Degree,28,pop100_gen50,100,50,7.4275558340596035,0.2916429067254979,0.27186682889689795,0.1453199242154945,2.0069024141040805,1.8708159281293555,0.1453199242154945,0.011118387600425224,1.2131308418802485e-05,0.0008227018899204387,0.011506866512376337
Cora,Neighborhood Heterogeneity,28,pop100_gen50,100,50,6.76301991706714,0.007533428096605612,0.010099497762311588,0.002444519644910588,3.0817621418138197,4.1314856206365205,0.22055586217678758,0.002444519644910588,1.6796780534987328e-05,0.0008643769092465236,0.014004729198469424
Cora,PageRank,28,pop100_gen50,100,50,8.07029112498276,2.1747244564414747e-05,1.9504916163017363e-05,1.078587154844845e-05,2.0162714219921423,1.8083764557555064,0.16345094400523033,0.013057573744708752,1.078587154844845e-05,0.0008045769629796091,0.01347561231108384
Cora,Eigenvector Centrality,28,pop100_gen50,100,50,7.914042334072292,0.0009301525090955967,0.0009835927520713016,0.0004805489524661124,1.9356040718061698,2.046810729736557,0.27154803695954766,0.009468532642343985,1.9420186016103478e-05,0.0004805489524661124,0.008763201711021388
Cora,Clustering Coefficient,28,pop100_gen50,100,50,7.282501499983482,0.006609664334918601,0.008941230055238749,0.0025129782874312033,2.630211477742245,3.5580212132984967,0.22829363451733736,0.011828409550097323,1.869281328404913e-05,0.001003848804611004,0.0025129782874312033
Cora,Degree,28,pop200_gen50,200,50,15.061555374995805,0.2916429067254979,0.27186682889689795,0.12939501870356818,2.253895935465834,2.1010610116276522,0.12939501870356818,0.009367552532008378,1.313532682747271e-05,0.0008210418184648822,0.012689615703296816
Cora,Neighborhood Heterogeneity,28,pop200_gen50,200,50,13.766322167008184,0.007533428096605612,0.010099497762311588,0.0022488441811853704,3.3499111052837494,4.490972672454399,0.26437250265468376,0.0022488441811853704,2.048267015112132e-05,0.0008088351011718987,0.012955219716191036
Cora,PageRank,28,pop200_gen50,200,50,16.425714417011477,2.1747244564414747e-05,1.9504916163017363e-05,1.0642132727009028e-05,2.0435043540870037,1.8328014377715078,0.18266263278702832,0.011635405477100107,1.0642132727009028e-05,0.0008147867563203192,0.013511193307670786
Cora,Eigenvector Centrality,28,pop200_gen50,200,50,15.970409540925175,0.0009301525090955967,0.0009835927520713016,0.0005055193146703722,1.839994006365731,1.9457075595868398,0.2775038613168254,0.006161671414755596,1.988233859333693e-05,0.0005055193146703722,0.008239357709542983
Cora,Clustering Coefficient,28,pop200_gen50,200,50,14.456312958034687,0.006609664334918601,0.008941230055238749,0.002770168421958372,2.3860153348531408,3.2276846361990303,0.2972659973693982,0.013079570521883027,2.1885892288995798e-05,0.0007216599689852801,0.002770168421958372
Cora,Degree,28,pop100_gen100,100,100,14.55340050009545,0.2916429067254979,0.27186682889689795,0.1275754003195392,2.286043437802409,2.131028616927329,0.1275754003195392,0.00972684069122654,1.2057372072689644e-05,0.000833841254871654,0.009521327100401614
Cora,Neighborhood Heterogeneity,28,pop100_gen100,100,100,13.068726916913874,0.007533428096605612,0.010099497762311588,0.0017115553833466821,4.4015099773605675,5.900771812924675,0.24252844173188345,0.0017115553833466821,1.7212799693939284e-05,0.0008404802728251519,0.01001474381179921
Cora,PageRank,28,pop100_gen100,100,100,16.08348462509457,2.1747244564414747e-05,1.9504916163017363e-05,9.564759756795837e-06,2.273684349359968,2.039247891109755,0.15705449786650336,0.013352157203592396,9.564759756795837e-06,0.0007791579778393277,0.012032138018503955
Cora,Eigenvector Centrality,28,pop100_gen100,100,100,15.868172582937405,0.0009301525090955967,0.0009835927520713016,0.0004680309141711041,1.987374083489598,2.1015550945246257,0.2734609497835404,0.00925463409582156,1.9705698919340824e-05,0.0004680309141711041,0.008102275857594172
Cora,Clustering Coefficient,28,pop100_gen100,100,100,14.365924666984938,0.006609664334918601,0.008941230055238749,0.0017971295395868797,3.6779008910164688,4.975284117412115,0.22522234024629206,0.012344141054385178,1.8482800584863655e-05,0.0009864072956542844,0.0017971295395868797
Cora,Degree,29,pop50_gen20,50,20,1.545012415968813,0.3198422554235122,0.3084310376819164,0.16384320884029724,1.952123970760801,1.8824767890291572,0.16384320884029724,0.011158206968671834,1.3118126193016822e-05,0.0007739520244699073,0.010871786572529471
Cora,Neighborhood Heterogeneity,29,pop50_gen20,50,20,1.3848114169668406,0.013440465348453967,0.006986901486208581,0.002773319374301284,4.846346033204411,2.519328120285056,0.2891564960530655,0.002773319374301284,2.137110978775806e-05,0.0007346770661184473,0.017895469819419488
Cora,PageRank,29,pop50_gen20,50,20,1.6421815000940114,2.474734285739294e-05,2.157527509297414e-05,1.2026398851418459e-05,2.057751714635184,1.7939929782413158,0.1855496745691449,0.010347792151747323,1.2026398851418459e-05,0.0010377242476510141,0.014817135875180864
Cora,Eigenvector Centrality,29,pop50_gen20,50,20,1.6462018340826035,0.001006637496854353,0.0009200296167746777,0.0005070517107645222,1.9852758120795322,1.8144690122186469,0.2968457331198483,0.008472959212448752,2.2713324315441108e-05,0.0005070517107645222,0.014485719652888623
Cora,Clustering Coefficient,29,pop50_gen20,50,20,1.4940061250235885,0.017347926007700448,0.008374324506178971,0.004928928424561557,3.519614105421626,1.6990152391843452,0.24705665562786386,0.00888782017210038,1.782554598537465e-05,0.0010498191849850128,0.004928928424561557
Cora,Degree,29,pop100_gen50,100,50,7.447180958930403,0.3198422554235122,0.3084310376819164,0.12943146801511368,2.4711321004731577,2.3829679320789356,0.12943146801511368,0.009473287255716998,1.2831521126322817e-05,0.0009721854503444649,0.007912726567078967
Cora,Neighborhood Heterogeneity,29,pop100_gen50,100,50,6.680882416898385,0.013440465348453967,0.006986901486208581,0.002222375413205127,6.047792496529659,3.143888941847146,0.2766214278971934,0.002222375413205127,2.0736860407321097e-05,0.0006525276301139816,0.009683176792561785
Cora,PageRank,29,pop100_gen50,100,50,8.062356374925002,2.474734285739294e-05,2.157527509297414e-05,1.0576511306932563e-05,2.33983987150582,2.0399236068354827,0.1644671431137797,0.01309866664356997,1.0576511306932563e-05,0.0008888996771156052,0.005600478878547771
Cora,Eigenvector Centrality,29,pop100_gen50,100,50,8.225622750003822,0.001006637496854353,0.0009200296167746777,0.0004666919351720075,2.156963557733945,1.9713852917462236,0.30287643281394167,0.011286317838094136,2.301313779953047e-05,0.0004666919351720075,0.012115073886945474
Cora,Clustering Coefficient,29,pop100_gen50,100,50,7.146637667086907,0.017347926007700448,0.008374324506178971,0.002200919044118343,7.882128174618881,3.8049216433281425,0.23121639013647233,0.008720581517828103,1.8155546351803542e-05,0.001017729747784691,0.002200919044118343
Cora,Degree,29,pop200_gen50,200,50,14.856371500063688,0.3198422554235122,0.3084310376819164,0.13192516290785877,2.4244219099195004,2.3379242510190084,0.13192516290785877,0.006336201390679643,1.2343374563590493e-05,0.0007895660935859014,0.010845678920402783
Cora,Neighborhood Heterogeneity,29,pop200_gen50,200,50,13.439554832992144,0.013440465348453967,0.006986901486208581,0.002210476120185634,6.080348584505518,3.160812922793225,0.23780816420449993,0.002210476120185634,1.6264999713668387e-05,0.0008502440051026041,0.01198105356108892
Cora,PageRank,29,pop200_gen50,200,50,16.453672916977666,2.474734285739294e-05,2.157527509297414e-05,1.030280809015239e-05,2.4019997888776454,2.094115983155716,0.1755126073582483,0.013447290944213815,1.030280809015239e-05,0.0008408494567229711,0.009736594579025992
Cora,Eigenvector Centrality,29,pop200_gen50,200,50,16.41533262503799,0.001006637496854353,0.0009200296167746777,0.00046821274265970746,2.149957498243416,1.9649820112720564,0.3034957678528853,0.013936220245399839,2.1181464668386677e-05,0.00046821274265970746,0.011087728603384264
Cora,Clustering Coefficient,29,pop200_gen50,200,50,14.321214290917851,0.017347926007700448,0.008374324506178971,0.0026768432165382326,6.480740411138185,3.1284329446118546,0.26349496467440114,0.014464809046214966,1.95284785237173e-05,0.0007876745792049519,0.0026768432165382326
Cora,Degree,29,pop100_gen100,100,100,14.502147417049855,0.3198422554235122,0.3084310376819164,0.1210034941387256,2.6432480954378557,2.5489432340549825,0.1210034941387256,0.010300561823412846,1.278042412876136e-05,0.001082599789563592,0.007976241176030184
Cora,Neighborhood Heterogeneity,29,pop100_gen100,100,100,13.160817541996948,0.013440465348453967,0.006986901486208581,0.0018578988249411774,7.234228886968322,3.760646915974982,0.2631861147406533,0.0018578988249411774,2.0215819351409313e-05,0.0005999510597298883,0.009645242322737859
Cora,PageRank,29,pop100_gen100,100,100,16.45801791595295,2.474734285739294e-05,2.157527509297414e-05,9.56433211523763e-06,2.587461681507918,2.255805719941595,0.16012004636874502,0.01210749035304028,9.56433211523763e-06,0.0009262483823103153,0.005269731343027396
Cora,Eigenvector Centrality,29,pop100_gen100,100,100,16.287121959030628,0.001006637496854353,0.0009200296167746777,0.00044928663072271073,2.240524039709577,2.047756496325613,0.32302084938300607,0.009540172682313173,2.5082974226254585e-05,0.00044928663072271073,0.013396335932835231
Cora,Clustering Coefficient,29,pop100_gen100,100,100,15.543395375018008,0.017347926007700448,0.008374324506178971,0.0017308229813934278,10.022934866357165,4.838348344229334,0.21575096377136077,0.008736995850422554,1.6910133368418684e-05,0.0009820110871959088,0.0017308229813934278
Cora,Degree,30,pop50_gen20,50,20,1.4378334160428494,0.3121661128258011,0.2628712953732482,0.16196341957248914,1.9273865274626811,1.623028805313636,0.16196341957248914,0.011038946375250245,1.3046125130931243e-05,0.000847218368508868,0.008529789664389963
Cora,Neighborhood Heterogeneity,30,pop50_gen20,50,20,2.89376445801463,0.0047197271512543605,0.006500346639260452,0.0043205936480131945,1.0923793200095793,1.5045031236042312,0.22794447554203012,0.0043205936480131945,1.7207704389863887e-05,0.0006830502414696849,0.013017820847777917
Cora,PageRank,30,pop50_gen20,50,20,1.6063110838877037,2.137773164458406e-05,2.033221683726974e-05,1.2408050105396207e-05,1.7228921114113631,1.638631103562948,0.18219849395571183,0.013341866460797228,1.2408050105396207e-05,0.000955399834276236,0.01488824673411385
Cora,Eigenvector Centrality,30,pop50_gen20,50,20,1.6515142919961363,0.0009368398982523114,0.0006628103478891658,0.0005580640265873918,1.6787319261217493,1.1876958849010686,0.25524455349124586,0.013025103152721906,2.064872958358356e-05,0.0005580640265873918,0.01246047069649218
Cora,Clustering Coefficient,30,pop50_gen20,50,20,1.4425936249317601,0.012320015581948129,0.009854412161208633,0.003483438081808934,3.5367402240577217,2.8289327755443496,0.24652447633533575,0.008689088383090248,1.7982306766824147e-05,0.0010259789459069048,0.003483438081808934
Cora,Degree,30,pop100_gen50,100,50,7.505888042040169,0.3121661128258011,0.2628712953732482,0.14259778488975963,2.189137180967659,1.8434458542008234,0.14259778488975963,0.008088516471182179,1.3840764564240863e-05,0.0008131801342886576,0.013213167701638212
Cora,Neighborhood Heterogeneity,30,pop100_gen50,100,50,6.582118250080384,0.0047197271512543605,0.006500346639260452,0.0019529455648088373,2.416722327699056,3.3284832697816302,0.26200148088299613,0.0019529455648088373,1.9882499599458948e-05,0.000918439203215485,0.012955522813294346
Cora,PageRank,30,pop100_gen50,100,50,8.133347457973287,2.137773164458406e-05,2.033221683726974e-05,9.637368098910564e-06,2.2182126307908336,2.1097271193333533,0.14552593063042343,0.01403173928343671,9.637368098910564e-06,0.0009654705058843758,0.009331922613439732
Cora,Eigenvector Centrality,30,pop100_gen50,100,50,8.06945641594939,0.0009368398982523114,0.0006628103478891658,0.0004728236150955861,1.981372901738251,1.4018131216969185,0.21764145167478274,0.011804131074116006,1.723825047614988e-05,0.0004728236150955861,0.008077706616675489
Cora,Clustering Coefficient,30,pop100_gen50,100,50,7.2421113749733195,0.012320015581948129,0.009854412161208633,0.002712814900463089,4.541414005004562,3.6325412985332846,0.2760770538325117,0.009579802550524671,1.9868890449608153e-05,0.0009519478144952185,0.002712814900463089
Cora,Degree,30,pop200_gen50,200,50,14.738117833039723,0.3121661128258011,0.2628712953732482,0.13077931777523835,2.3869685064598674,2.0100372126503023,0.13077931777523835,0.007203382237830615,1.2168604071989234e-05,0.001024082155503546,0.008308583393536607
Cora,Neighborhood Heterogeneity,30,pop200_gen50,200,50,13.458642459008843,0.0047197271512543605,0.006500346639260452,0.0020147461834451315,2.342591434114954,3.2263848879192967,0.25871564164001554,0.0020147461834451315,1.922433232114677e-05,0.0007559492696519812,0.007841665319989527
Cora,PageRank,30,pop200_gen50,200,50,16.457721709040925,2.137773164458406e-05,2.033221683726974e-05,1.0450504225173021e-05,2.0456172433373783,1.945572806744941,0.17084168017160678,0.014067857090251563,1.0450504225173021e-05,0.0007879972095422407,0.011880224548026378
Cora,Eigenvector Centrality,30,pop200_gen50,200,50,16.013316083000973,0.0009368398982523114,0.0006628103478891658,0.0004762761745645065,1.967009790294321,1.3916512798382596,0.2683498128826852,0.013665795492057065,2.0818056265492187e-05,0.0004762761745645065,0.008070148204419005
Cora,Clustering Coefficient,30,pop200_gen50,200,50,14.661797416978516,0.012320015581948129,0.009854412161208633,0.0025145547830263963,4.899481874529039,3.9189490830453653,0.28710734009924865,0.010489309274123903,2.1561156088151883e-05,0.0006983266731431167,0.0025145547830263963
Cora,Degree,30,pop100_gen100,100,100,14.59038854110986,0.3121661128258011,0.2628712953732482,0.12886664977358836,2.4223964336332156,2.0398706401935542,0.12886664977358836,0.008699531448241093,1.3335002207573663e-05,0.0007923589327731604,0.015004742163259676
Cora,Neighborhood Heterogeneity,30,pop100_gen100,100,100,12.855939083034173,0.0047197271512543605,0.006500346639260452,0.0016654291474416788,2.8339405242813784,3.90310608484657,0.2789712206500443,0.0016654291474416788,2.0526144188283027e-05,0.0008495490301106192,0.013399273125712046
Cora,PageRank,30,pop100_gen100,100,100,16.02623624994885,2.137773164458406e-05,2.033221683726974e-05,9.302264504369083e-06,2.29812124075201,2.1857276610141665,0.14922188356698535,0.013029516365725,9.302264504369083e-06,0.000993743804685167,0.0086840937316553
Cora,Eigenvector Centrality,30,pop100_gen100,100,100,15.162500374950469,0.0009368398982523114,0.0006628103478891658,0.0004728236150955861,1.981372901738251,1.4018131216969185,0.21764145167478274,0.011804131074116006,1.723825047614988e-05,0.0004728236150955861,0.008077706616675489
Cora,Clustering Coefficient,30,pop100_gen100,100,100,14.178725209087133,0.012320015581948129,0.009854412161208633,0.0018495629080215507,6.661041659365164,5.3279680936885505,0.2731896050206573,0.009243762267934755,1.9272857334673924e-05,0.0009399611873784375,0.0018495629080215507
Cora,Degree,31,pop50_gen20,50,20,1.4717849170556292,0.24605287898631886,0.29792888358281366,0.16700153493533634,1.4733569908898831,1.7839888938635977,0.16700153493533634,0.007048720117613205,1.4005838263801918e-05,0.0009352524046833607,0.011180530016500122
Cora,Neighborhood Heterogeneity,31,pop50_gen20,50,20,1.2222160829696804,0.007869370989417371,0.010584392269237153,0.0037649271940842096,2.0901787959624905,2.8113139308160586,0.3590691187575435,0.0037649271940842096,2.6140119824715668e-05,0.0008751578071075128,0.011370745033687731
Cora,PageRank,31,pop50_gen20,50,20,1.6088263329584152,1.9201663312967807e-05,2.20802080019337e-05,1.1597752756545195e-05,1.6556365458068023,1.9038350329957439,0.17627161606230687,0.007501268675201114,1.1597752756545195e-05,0.0007903626932793844,0.007482162871847981
Cora,Eigenvector Centrality,31,pop50_gen20,50,20,1.588179541984573,0.0005948985242052497,0.0009391983518104571,0.0005160892634278384,1.1527047089760485,1.8198370289130794,0.26192837068504365,0.009020326556556657,1.755718638485989e-05,0.0005160892634278384,0.011328558656313487
Cora,Clustering Coefficient,31,pop50_gen20,50,20,1.367862124927342,0.01987150342907764,0.014609423469776756,0.0051190510752702634,3.8818724675507386,2.8539319602325794,0.2633128047616255,0.012773152861459764,1.9030482912804003e-05,0.0009794252719908018,0.0051190510752702634
Cora,Degree,31,pop100_gen50,100,50,7.353702292079106,0.24605287898631886,0.29792888358281366,0.13409629076318205,1.8348969802666308,2.2217533526633093,0.13409629076318205,0.013698833874760119,1.2954563793829488e-05,0.0007777572106437952,0.006472765513122533
Cora,Neighborhood Heterogeneity,31,pop100_gen50,100,50,6.660191083094105,0.007869370989417371,0.010584392269237153,0.0023096885474798877,3.407113482033619,4.582605858606276,0.2878515103528557,0.0023096885474798877,2.1147251339287286e-05,0.0007841653395997524,0.014666267980023661
Cora,PageRank,31,pop100_gen50,100,50,8.343683458981104,1.9201663312967807e-05,2.20802080019337e-05,1.0341705934322386e-05,1.8567210704803265,2.1350643832032774,0.1632311771641548,0.00746195986323106,1.0341705934322386e-05,0.000909172468033991,0.00871541013631508
Cora,Eigenvector Centrality,31,pop100_gen50,100,50,8.039186874986626,0.0005948985242052497,0.0009391983518104571,0.00046134493361722127,1.289487498087143,2.0357833875980345,0.24046603212409595,0.01367013302746802,1.8427555370414585e-05,0.00046134493361722127,0.015297713860332462
Cora,Clustering Coefficient,31,pop100_gen50,100,50,7.694119708030485,0.01987150342907764,0.014609423469776756,0.00256179695864744,7.756861199323643,5.702803034589493,0.298668320604467,0.009632173847766571,2.1892452027550366e-05,0.0007927645175023161,0.00256179695864744
Cora,Degree,31,pop200_gen50,200,50,14.511558167054318,0.24605287898631886,0.29792888358281366,0.13117356033153277,1.8757810519470233,2.271257125519941,0.13117356033153277,0.011601229327076464,1.187524066305835e-05,0.001095324487975984,0.011742857919004816
Cora,Neighborhood Heterogeneity,31,pop200_gen50,200,50,13.551345749991015,0.007869370989417371,0.010584392269237153,0.0024141870008860416,3.259636054095726,4.384247063443109,0.2541777859752392,0.0024141870008860416,2.1797201974130703e-05,0.000796441542118595,0.009860916597635492
Cora,PageRank,31,pop200_gen50,200,50,16.584927582996897,1.9201663312967807e-05,2.20802080019337e-05,1.0576983143812412e-05,1.8154196760917478,2.0875714465755513,0.16609785133937907,0.011097332392985512,1.0576983143812412e-05,0.0006319522495723656,0.008899988416657666
Cora,Eigenvector Centrality,31,pop200_gen50,200,50,16.313598166918382,0.0005948985242052497,0.0009391983518104571,0.0004701257870606465,1.2654028785034663,1.9977597010420958,0.22848514100159747,0.01199953803855689,1.7819897487997487e-05,0.0004701257870606465,0.009756555408479362
Cora,Clustering Coefficient,31,pop200_gen50,200,50,14.793291624984704,0.01987150342907764,0.014609423469776756,0.0028440523838456533,6.98703847437856,5.136833467892133,0.22135330093611466,0.01141288846465257,1.6489818991652224e-05,0.000696114370767147,0.0028440523838456533
Cora,Degree,31,pop100_gen100,100,100,14.463873166008852,0.24605287898631886,0.29792888358281366,0.12510463308953854,1.9667767124996607,2.381437651230576,0.12510463308953854,0.014841007502543599,1.3028653939346527e-05,0.0008578419743771441,0.0058926484613044654
Cora,Neighborhood Heterogeneity,31,pop100_gen100,100,100,12.83327833400108,0.007869370989417371,0.010584392269237153,0.0019711465220020085,3.992281092034087,5.369662859200869,0.2714729510553683,0.0019711465220020085,2.025190945343676e-05,0.0007634968096444145,0.01368447370740374
Cora,PageRank,31,pop100_gen100,100,100,16.19568733300548,1.9201663312967807e-05,2.20802080019337e-05,9.804750983778344e-06,1.9584039762699086,2.251990697006453,0.15933440240432678,0.008759986439902598,9.804750983778344e-06,0.0009272564729033457,0.009795459308715013
Cora,Eigenvector Centrality,31,pop100_gen100,100,100,16.499999916995876,0.0005948985242052497,0.0009391983518104571,0.0004461985961142917,1.3332595157983627,2.104888630285797,0.2320739473896122,0.015063986118532612,1.819245006319019e-05,0.0004461985961142917,0.016517292764757413
Cora,Clustering Coefficient,31,pop100_gen100,100,100,14.223640750045888,0.01987150342907764,0.014609423469776756,0.0020302400529497457,9.78776051640112,7.195909394335243,0.3189176762910005,0.010591006379806363,2.3414445259829874e-05,0.0007448645254818309,0.0020302400529497457
Cora,Degree,32,pop50_gen20,50,20,1.4754050000337884,0.305200290518482,0.3046058648935087,0.16443951244406194,1.8560033776693619,1.852388518830763,0.16443951244406194,0.01704843063550375,1.4105355788040849e-05,0.0006718002678513148,0.011925082919416713
Cora,Neighborhood Heterogeneity,32,pop50_gen20,50,20,1.3237352080177516,0.010351964155002058,0.011941228742741644,0.0030550955644678976,3.388425643832535,3.9086269122391375,0.26685478157227466,0.0030550955644678976,1.9338513298629733e-05,0.0008808160972997904,0.008876259756080366
Cora,PageRank,32,pop50_gen20,50,20,1.6350969590712339,2.4419241108549366e-05,2.2049157788572903e-05,1.1581506723016145e-05,2.1084684137013494,1.9038246331761133,0.17536005583641934,0.011498744084800904,1.1581506723016145e-05,0.0008041870764661797,0.011773736119952216
Cora,Eigenvector Centrality,32,pop50_gen20,50,20,1.6517990420106798,0.001101460909355932,0.0006544445856910492,0.0004900952331020896,2.2474426090296036,1.3353416672688279,0.28408328142780453,0.01381414301418694,2.204203032128124e-05,0.0004900952331020896,0.008568854162092595
Cora,Clustering Coefficient,32,pop50_gen20,50,20,1.4476997080491856,0.008365722104778931,0.013739790996905874,0.0035008290199429965,2.389640298661358,3.924724949043526,0.25523712620602634,0.0081675104580048,1.894890078414309e-05,0.0009207853349589602,0.0035008290199429965
Cora,Degree,32,pop100_gen50,100,50,7.485608207993209,0.305200290518482,0.3046058648935087,0.13926576590649703,2.1914954370293223,2.187227154575956,0.13926576590649703,0.005914683989029002,1.2187308054827678e-05,0.0008543401242553678,0.011199831040393795
Cora,Neighborhood Heterogeneity,32,pop100_gen50,100,50,6.402150625013746,0.010351964155002058,0.011941228742741644,0.003085279875423198,3.3552755578072513,3.8703875255737383,0.26302927630908385,0.003085279875423198,1.92432652058956e-05,0.0009296599929315615,0.010437010262803244
Cora,PageRank,32,pop100_gen50,100,50,8.079928332939744,2.4419241108549366e-05,2.2049157788572903e-05,1.0329654091157506e-05,2.363994078896889,2.1345494819083677,0.1868647785853422,0.011596389193312958,1.0329654091157506e-05,0.0007855962100760696,0.011595352980071435
Cora,Eigenvector Centrality,32,pop100_gen50,100,50,7.967548583983444,0.001101460909355932,0.0006544445856910492,0.00048114196454965286,2.2892638566392676,1.3601902014587461,0.25009572301714794,0.011162921695319001,1.8639944145627804e-05,0.00048114196454965286,0.015730683341307623
Cora,Clustering Coefficient,32,pop100_gen50,100,50,7.27045229205396,0.008365722104778931,0.013739790996905874,0.0026392704372952347,3.1697100784231313,5.205904935981712,0.22364330162494211,0.007306423773807452,1.6525775536227152e-05,0.001244681747447371,0.0026392704372952347
Cora,Degree,32,pop200_gen50,200,50,14.544265583972447,0.305200290518482,0.3046058648935087,0.1394279793471085,2.1889458051936646,2.184682488549783,0.1394279793471085,0.010624817591944462,1.2716503447802164e-05,0.0009083380040645789,0.008079632833762411
Cora,Neighborhood Heterogeneity,32,pop200_gen50,200,50,13.255081708077341,0.010351964155002058,0.011941228742741644,0.002187998078286213,4.731249198861459,5.457604767228505,0.20386148407253774,0.002187998078286213,1.6314423467058088e-05,0.0008220058977422593,0.01863259438725563
Cora,PageRank,32,pop200_gen50,200,50,16.408909208024852,2.4419241108549366e-05,2.2049157788572903e-05,1.2059443482295191e-05,2.0249061363735352,1.8283727454707088,0.18438094912624817,0.011302066370823396,1.2059443482295191e-05,0.000983536714975979,0.009014897331461122
Cora,Eigenvector Centrality,32,pop200_gen50,200,50,16.7739930000389,0.001101460909355932,0.0006544445856910492,0.00047219083559557346,2.3326604972471805,1.3859747719703186,0.2668230886651699,0.016570600200976532,1.8781297534179107e-05,0.00047219083559557346,0.0059395762492508546
Cora,Clustering Coefficient,32,pop200_gen50,200,50,14.344254625029862,0.008365722104778931,0.013739790996905874,0.002565246278992934,3.2611769767630854,5.3561293936658005,0.2489321428734411,0.01803004627789797,1.883964800610003e-05,0.0009744591407744918,0.002565246278992934
Cora,Degree,32,pop100_gen100,100,100,14.594846500083804,0.305200290518482,0.3046058648935087,0.12719930584906572,2.3993864469719015,2.3947132640405524,0.12719930584906572,0.006569209627039623,1.2016109884861821e-05,0.0009710149080294911,0.010424379867386665
Cora,Neighborhood Heterogeneity,32,pop100_gen100,100,100,12.886424125055782,0.010351964155002058,0.011941228742741644,0.0016950808050539812,6.1070623442475895,7.044636873438825,0.2701579487966036,0.0016950808050539812,2.0904592361805595e-05,0.0010310211705257977,0.012591593886656214
Cora,PageRank,32,pop100_gen100,100,100,16.14237070805393,2.4419241108549366e-05,2.2049157788572903e-05,9.865284698994009e-06,2.475269782233397,2.23502498522129,0.17997800366965402,0.01163162149953691,9.865284698994009e-06,0.000772798693672579,0.011337195450273117
Cora,Eigenvector Centrality,32,pop100_gen100,100,100,15.906437416910194,0.001101460909355932,0.0006544445856910492,0.00046658776704253444,2.360672497561476,1.4026183966185928,0.2506401575317908,0.012330766887003524,1.8622834344552905e-05,0.00046658776704253444,0.016913237160125844
Cora,Clustering Coefficient,32,pop100_gen100,100,100,14.319998000049964,0.008365722104778931,0.013739790996905874,0.001820286253192118,4.5958277661595845,7.548148524887936,0.22977585245099238,0.007633689695887914,1.69828703970842e-05,0.0012350278349350266,0.001820286253192118
Cora,Degree,33,pop50_gen20,50,20,1.425411666976288,0.2679715804985876,0.277889842378438,0.15574138769152243,1.7206189341869738,1.7843031097735913,0.15574138769152243,0.007135201584601921,1.3427135664744887e-05,0.0008257407911709574,0.013050799425119136
Cora,Neighborhood Heterogeneity,33,pop50_gen20,50,20,1.3377189590828493,0.008780419121291964,0.012624833287333537,0.0036331956807289165,2.4167206759230697,3.474856406523267,0.29586794290908036,0.0036331956807289165,2.2405191577883836e-05,0.001222377372391181,0.015301276669038643
Cora,PageRank,33,pop50_gen20,50,20,1.7151957920286804,1.864427056298439e-05,2.1839603417847236e-05,1.1884304857950789e-05,1.5688145655832009,1.8376845494026683,0.15660411543133526,0.008708341169099014,1.1884304857950789e-05,0.0010895912283745673,0.018386898270428602
Cora,Eigenvector Centrality,33,pop50_gen20,50,20,1.5492755419109017,0.0010180136275705842,0.0006917757665341649,0.0005305187817372921,1.9189021437410578,1.3039609347454275,0.25325440677445565,0.014729680020559202,1.787883046000116e-05,0.0005305187817372921,0.013636739320172758
Cora,Clustering Coefficient,33,pop50_gen20,50,20,1.5122389579191804,0.009421581255360216,0.014010681010388442,0.0037247535218159463,2.529450928813907,3.7615055407901865,0.25094609276991353,0.010963340900475406,1.9357266440001062e-05,0.0009079888586575547,0.0037247535218159463
Cora,Degree,33,pop100_gen50,100,50,7.3583918340737,0.2679715804985876,0.277889842378438,0.13715124742474147,1.9538399068927954,2.0261561421883787,0.13715124742474147,0.007648922547721271,1.1691463968418607e-05,0.0010346296970923932,0.005750562839670934
Cora,Neighborhood Heterogeneity,33,pop100_gen50,100,50,6.42312916694209,0.008780419121291964,0.012624833287333537,0.002514629674469676,3.491734473046698,5.0205536884853865,0.2376988283598605,0.002514629674469676,1.7969471033782847e-05,0.0008498226032811283,0.008756042552244988
Cora,PageRank,33,pop100_gen50,100,50,8.272959209047258,1.864427056298439e-05,2.1839603417847236e-05,1.082678256371229e-05,1.7220508912290964,2.017183155690795,0.16715069017685025,0.010707322260495245,1.082678256371229e-05,0.000980732238116875,0.01414780625415453
Cora,Eigenvector Centrality,33,pop100_gen50,100,50,7.936983583960682,0.0010180136275705842,0.0006917757665341649,0.0005284524861734404,1.9264052194021994,1.3090595363518094,0.33078801148714315,0.008293694745547801,2.5374309657518524e-05,0.0005284524861734404,0.009410570857894263
Cora,Clustering Coefficient,33,pop100_gen50,100,50,6.480849999934435,0.009421581255360216,0.014010681010388442,0.004418637409847799,2.1322367919038516,3.17081482611877,0.25307714733852704,0.009879390761262813,1.80109933538257e-05,0.0006812418212795411,0.004418637409847799
Cora,Degree,33,pop200_gen50,200,50,14.927266250015236,0.2679715804985876,0.277889842378438,0.13559709302987938,1.9762339627704184,2.04937905503036,0.13559709302987938,0.009410361089692485,1.2090228031309917e-05,0.0008659152478332464,0.00970931097852792
Cora,Neighborhood Heterogeneity,33,pop200_gen50,200,50,13.172332208952866,0.008780419121291964,0.012624833287333537,0.0020940349276410398,4.193062400913833,6.028950673499793,0.24763934287788913,0.0020940349276410398,1.9008892351941642e-05,0.0006823558787039512,0.010125206244805104
Cora,PageRank,33,pop200_gen50,200,50,16.74153183295857,1.864427056298439e-05,2.1839603417847236e-05,1.0207987919237748e-05,1.8264393248201058,2.139462114437734,0.15863108725692826,0.0127184541225151,1.0207987919237748e-05,0.0008505398200509527,0.0091427056453726
Cora,Eigenvector Centrality,33,pop200_gen50,200,50,15.915127499960363,0.0010180136275705842,0.0006917757665341649,0.0004887191808017178,2.083023682231148,1.4154872444321576,0.2575579362250272,0.014410607527751144,1.986087580041862e-05,0.0004887191808017178,0.01102125604573945
Cora,Clustering Coefficient,33,pop200_gen50,200,50,14.565836291993037,0.009421581255360216,0.014010681010388442,0.00258236650964315,3.6484291521663814,5.425519947718242,0.31037816719888983,0.012836983256240164,2.3441907926605735e-05,0.0007982387776622054,0.00258236650964315
Cora,Degree,33,pop100_gen100,100,100,14.404946083086543,0.2679715804985876,0.277889842378438,0.12193915173410519,2.19758442376993,2.278922220029803,0.12193915173410519,0.006200584989665072,1.1303116388243617e-05,0.0008901451047027239,0.009616688933982626
Cora,Neighborhood Heterogeneity,33,pop100_gen100,100,100,12.833289874950424,0.008780419121291964,0.012624833287333537,0.0017498774642729993,5.017733698822083,7.214695625889797,0.2330042057959675,0.0017498774642729993,1.7619916307484846e-05,0.0008197559939418303,0.00883524595377482
Cora,PageRank,33,pop100_gen100,100,100,20.743640332948416,1.864427056298439e-05,2.1839603417847236e-05,9.569621113533177e-06,1.9482767752025225,2.282180575254132,0.15923562011539544,0.0075905240428947585,9.569621113533177e-06,0.000924751454494197,0.012365192261532102
Cora,Eigenvector Centrality,33,pop100_gen100,100,100,17.54566254199017,0.0010180136275705842,0.0006917757665341649,0.0005284524861734404,1.9264052194021994,1.3090595363518094,0.33078801148714315,0.008293694745547801,2.5374309657518524e-05,0.0005284524861734404,0.009410570857894263
Cora,Clustering Coefficient,33,pop100_gen100,100,100,12.973174582934007,0.009421581255360216,0.014010681010388442,0.004329014100330321,2.176380357514038,3.23646000813889,0.24732308580891002,0.006025694313404326,1.567978895570086e-05,0.0007314209736732035,0.004329014100330321
Cora,Degree,34,pop50_gen20,50,20,1.427047458011657,0.3611368368794148,0.26219140660077267,0.18929287418780077,1.9078205581110497,1.3851097550594957,0.18929287418780077,0.009651195083647469,1.4915182431779868e-05,0.0010399895890669056,0.007666293633807856
Cora,Neighborhood Heterogeneity,34,pop50_gen20,50,20,1.3846950409933925,0.005215454260025451,0.011322506025008705,0.0029761911667513198,1.7523922247637114,3.804361141682931,0.25306693028760086,0.0029761911667513198,1.9068949197080274e-05,0.0008143617605659795,0.010185876012154118
Cora,PageRank,34,pop50_gen20,50,20,1.697706792037934,2.4702475259916506e-05,1.96381199649282e-05,1.2320672293766524e-05,2.004961634473014,1.5939162650128953,0.1725560309933793,0.011161256150224093,1.2320672293766524e-05,0.0008907476905948411,0.013909479616666273
Cora,Eigenvector Centrality,34,pop50_gen20,50,20,1.7324812499573454,0.0007464234153931886,0.0008311100133873553,0.0005473183995756425,1.3637827925608201,1.5185128328076447,0.24604241006055552,0.012733220146766557,1.906595101570649e-05,0.0005473183995756425,0.011052171216840085
Cora,Clustering Coefficient,34,pop50_gen20,50,20,1.5343712500762194,0.018218447261849464,0.01524842450242286,0.003523766978674012,5.170162321205768,4.327307848307501,0.22073840090931954,0.006794549014143005,1.7373139911011306e-05,0.0007595842096464517,0.003523766978674012
Cora,Degree,34,pop100_gen50,100,50,7.742212542099878,0.3611368368794148,0.26219140660077267,0.12960502489092451,2.786441630510447,2.0230034045472602,0.12960502489092451,0.015345083109936989,1.1746136823248482e-05,0.0009444809526739387,0.010470075601506115
Cora,Neighborhood Heterogeneity,34,pop100_gen50,100,50,6.625968083040789,0.005215454260025451,0.011322506025008705,0.0020796260514830043,2.5078808068913414,5.44449133868779,0.22746616522483426,0.0020796260514830043,1.659116467563468e-05,0.0010031034145653061,0.017825139741826312
Cora,PageRank,34,pop100_gen50,100,50,8.28195416694507,2.4702475259916506e-05,1.96381199649282e-05,1.0389328844087853e-05,2.3776776758754425,1.8902202692432302,0.190679524762957,0.0109347046468126,1.0389328844087853e-05,0.0008604945299559476,0.015555498433563242
Cora,Eigenvector Centrality,34,pop100_gen50,100,50,8.53081829205621,0.0007464234153931886,0.0008311100133873553,0.0005142914745004649,1.451362607397284,1.6160291480519262,0.2619679099970988,0.014484739640530115,1.861944477691322e-05,0.0005142914745004649,0.013805479928036976
Cora,Clustering Coefficient,34,pop100_gen50,100,50,7.39856508304365,0.018218447261849464,0.01524842450242286,0.0026651029410818517,6.83592629050719,5.7215142677502095,0.22152169639274963,0.010955588663150394,1.6481190043965418e-05,0.0006268787065699218,0.0026651029410818517
Cora,Degree,34,pop200_gen50,200,50,14.966519208042882,0.3611368368794148,0.26219140660077267,0.14043820096200543,2.571500022113768,1.8669521882561477,0.14043820096200543,0.017005454515263235,1.4143618115652732e-05,0.0009552436327927378,0.011221163484168002
Cora,Neighborhood Heterogeneity,34,pop200_gen50,200,50,13.423073207959533,0.005215454260025451,0.011322506025008705,0.0020276316687928815,2.5721901764980766,5.584103956982177,0.2598679035360048,0.0020276316687928815,1.9215996817459686e-05,0.0006443011176297489,0.010715742728909065
Cora,PageRank,34,pop200_gen50,200,50,16.616251915926114,2.4702475259916506e-05,1.96381199649282e-05,1.014473912500273e-05,2.4350034984176943,1.9357934908871217,0.1641879368334572,0.015841468153334936,1.014473912500273e-05,0.0007896804974401527,0.007250950547943692
Cora,Eigenvector Centrality,34,pop200_gen50,200,50,16.598479708074592,0.0007464234153931886,0.0008311100133873553,0.00048655816581689835,1.5340887643720746,1.7081411263378503,0.24913280148181247,0.009016111353382946,1.937448547260415e-05,0.00048655816581689835,0.008863355415845958
Cora,Clustering Coefficient,34,pop200_gen50,200,50,14.71611895901151,0.018218447261849464,0.01524842450242286,0.0023613983767059015,7.715109589964144,6.457370621086847,0.2356767257786343,0.011562352446836371,1.6785967291906335e-05,0.0006414445294209924,0.0023613983767059015
Cora,Degree,34,pop100_gen100,100,100,15.315409666975029,0.3611368368794148,0.26219140660077267,0.1181360542639938,3.056956990220759,2.2194020973043864,0.1181360542639938,0.014862390862298736,1.2181813439208392e-05,0.0009237404631082292,0.01206738146970383
Cora,Neighborhood Heterogeneity,34,pop100_gen100,100,100,13.04701891692821,0.005215454260025451,0.011322506025008705,0.0016043350099171066,3.250851117619708,7.05744495695679,0.22573922368366434,0.0016043350099171066,1.720768495430624e-05,0.0009368686643166837,0.01835606499137815
Cora,PageRank,34,pop100_gen100,100,100,16.466981458943337,2.4702475259916506e-05,1.96381199649282e-05,9.733329141583907e-06,2.537926633383803,2.0176159337947226,0.17930361382864007,0.009767473282233314,9.733329141583907e-06,0.0007798658988868272,0.015160292774444428
Cora,Eigenvector Centrality,34,pop100_gen100,100,100,15.153266791952774,0.0007464234153931886,0.0008311100133873553,0.0004887577812781243,1.5271847200903006,1.7004537732656941,0.23130359827285013,0.012398132616718393,1.649877587297519e-05,0.0004887577812781243,0.006699818353276495
Cora,Clustering Coefficient,34,pop100_gen100,100,100,14.3137097080471,0.018218447261849464,0.01524842450242286,0.0019327356790763144,9.426248741139997,7.889555032020897,0.22144925920436473,0.011177699428672506,1.6590348043005788e-05,0.0006618228900640286,0.0019327356790763144
Cora,Degree,35,pop50_gen20,50,20,1.4453461660305038,0.25448399525318566,0.2824639408173916,0.1653187621657427,1.539353379612467,1.7086018375470495,0.1653187621657427,0.010061135647420037,1.4695466996873867e-05,0.0010792920910708327,0.009869066854761405
Cora,Neighborhood Heterogeneity,35,pop50_gen20,50,20,1.3101606250274926,0.009322271179471093,0.007282610593916061,0.004254630910779303,2.191088104928841,1.7116903314610046,0.30688623892603034,0.004254630910779303,2.169029238840663e-05,0.0006741272888894275,0.008350204513817154
Cora,PageRank,35,pop50_gen20,50,20,1.6814734999788925,1.8416701455979132e-05,1.9915067761965948e-05,1.2310989793208956e-05,1.4959561956698426,1.6176658494958374,0.17587839208785577,0.015833582839050606,1.2310989793208956e-05,0.0008247351254129428,0.010187823039061695
Cora,Eigenvector Centrality,35,pop50_gen20,50,20,1.580535375047475,0.0008194182653382686,0.0006006422500889131,0.0005076202482172608,1.6142347910983224,1.1832511650162523,0.27211526816202003,0.010304358047106891,1.9117508960754733e-05,0.0005076202482172608,0.01176306267076296
Cora,Clustering Coefficient,35,pop50_gen20,50,20,1.4711068340111524,0.010177941681099078,0.01784404502280727,0.0036451976732823008,2.7921508223542784,4.895220128553326,0.24642021627242858,0.011522920846980863,1.944938263970513e-05,0.0009578503346238023,0.0036451976732823008
Cora,Degree,35,pop100_gen50,100,50,7.323796167038381,0.25448399525318566,0.2824639408173916,0.1425936158574423,1.7846801466035167,1.9809017333551906,0.1425936158574423,0.012613932490945104,1.264202742292354e-05,0.0009856850939335708,0.010478697374154189
Cora,Neighborhood Heterogeneity,35,pop100_gen50,100,50,6.663687749998644,0.009322271179471093,0.007282610593916061,0.0023275443773657293,4.005195892342926,3.1288815219748387,0.269123904859537,0.0023275443773657293,2.0888402284967257e-05,0.0008254864564452343,0.00968480123319413
Cora,PageRank,35,pop100_gen50,100,50,8.197323792031966,1.8416701455979132e-05,1.9915067761965948e-05,1.024224337431947e-05,1.7981120720247288,1.9444048568401817,0.16562363247704964,0.01153219010524644,1.024224337431947e-05,0.0009431465912143437,0.018149609142903318
Cora,Eigenvector Centrality,35,pop100_gen50,100,50,8.16065566695761,0.0008194182653382686,0.0006006422500889131,0.0004688563316917542,1.747695850414554,1.2810795322346216,0.2808572987288046,0.006004963833402552,1.9995476611072902e-05,0.0004688563316917542,0.008230795210515217
Cora,Clustering Coefficient,35,pop100_gen50,100,50,7.103393875062466,0.010177941681099078,0.01784404502280727,0.0024020617348563577,4.237169067475159,7.4286371427811515,0.2817501829392114,0.011847279061365516,2.0697225503048325e-05,0.0007421603022520517,0.0024020617348563577
Cora,Degree,35,pop200_gen50,200,50,14.984538874938153,0.25448399525318566,0.2824639408173916,0.13623514236927758,1.8679761391035503,2.0733559337556806,0.13623514236927758,0.010841268030403759,1.3479524479402733e-05,0.0009547328194035133,0.01382680335610904
Cora,Neighborhood Heterogeneity,35,pop200_gen50,200,50,13.400708499946631,0.009322271179471093,0.007282610593916061,0.002403230008686095,3.8790590770659557,3.0303427335686624,0.2857968625200724,0.002403230008686095,2.2232969993779603e-05,0.0009206339325048843,0.00985346163676069
Cora,PageRank,35,pop200_gen50,200,50,16.39632012497168,1.8416701455979132e-05,1.9915067761965948e-05,1.0071872742679382e-05,1.8285280132600055,1.9772954117635146,0.17360851015358172,0.010540619803588943,1.0071872742679382e-05,0.0008742637340787586,0.016531476353683582
Cora,Eigenvector Centrality,35,pop200_gen50,200,50,15.966039124992676,0.0008194182653382686,0.0006006422500889131,0.00046243867636545965,1.7719501140745684,1.2988581638751877,0.24690538463771192,0.010944813352233648,1.972206359203171e-05,0.00046243867636545965,0.010073588857372345
Cora,Clustering Coefficient,35,pop200_gen50,200,50,14.24187675002031,0.010177941681099078,0.01784404502280727,0.002524040612437071,4.032400125001092,7.069634670251231,0.293534231860881,0.013035175850708167,2.1836513845194952e-05,0.0007619853544129469,0.002524040612437071
Cora,Degree,35,pop100_gen100,100,100,14.49459279095754,0.25448399525318566,0.2824639408173916,0.12774426023337396,1.9921364356275022,2.2111673769245113,0.12774426023337396,0.012450646565365552,1.2141986098605745e-05,0.0008981237664755001,0.010881534555979707
Cora,Neighborhood Heterogeneity,35,pop100_gen100,100,100,12.437678041984327,0.009322271179471093,0.007282610593916061,0.0023275443773657293,4.005195892342926,3.1288815219748387,0.269123904859537,0.0023275443773657293,2.0888402284967257e-05,0.0008254864564452343,0.00968480123319413
Cora,PageRank,35,pop100_gen100,100,100,16.43513041699771,1.8416701455979132e-05,1.9915067761965948e-05,9.69605278627718e-06,1.8994019382860912,2.0539355757377615,0.16791124035491684,0.013062887429186525,9.69605278627718e-06,0.0008563153672121416,0.017358854115978418
Cora,Eigenvector Centrality,35,pop100_gen100,100,100,16.255999541957863,0.0008194182653382686,0.0006006422500889131,0.00045975569247195673,1.7822906355602108,1.306437875427828,0.2724269390939517,0.006906078505251656,1.9151699305115544e-05,0.00045975569247195673,0.007178914981219611
Cora,Clustering Coefficient,35,pop100_gen100,100,100,14.06852249999065,0.010177941681099078,0.01784404502280727,0.0019264934069606419,5.283143790850779,9.26244800959852,0.2572840958862501,0.015057482303796183,1.8641961356886587e-05,0.0006555535183636089,0.0019264934069606419
Cora,Degree,36,pop50_gen20,50,20,1.4867061669938266,0.24192255680928457,0.29429978528072953,0.17844762525198987,1.355706227346317,1.6492222009967477,0.17844762525198987,0.009745237005841074,1.3011086774825865e-05,0.0008121251508798374,0.01163722431034121
Cora,Neighborhood Heterogeneity,36,pop50_gen20,50,20,1.316409582970664,0.011681662962447081,0.012447945032051277,0.0033082466247248412,3.53107379454175,3.762701649574453,0.274664066216805,0.0033082466247248412,2.1280794512029175e-05,0.0007702052275089776,0.012067241291786405
Cora,PageRank,36,pop50_gen20,50,20,1.615745082963258,1.6933001721705534e-05,2.3326839664451182e-05,1.1511615468906168e-05,1.4709492136393003,2.0263741199016696,0.16913804209044064,0.015835635507934633,1.1511615468906168e-05,0.0007120795879896214,0.013835305917135448
Cora,Eigenvector Centrality,36,pop50_gen20,50,20,1.5752197920810431,0.0009645172301849326,0.0008397361426296405,0.0005166420047710176,1.8668966543136947,1.6253733433885664,0.23994919704669065,0.010880114825838639,1.8261673450168485e-05,0.0005166420047710176,0.013487794056278138
Cora,Clustering Coefficient,36,pop50_gen20,50,20,1.4467465829802677,0.007867095034327915,0.009595086934469909,0.0041796972590969735,1.8822164732638091,2.2956416074361647,0.316151416553658,0.012695466566428837,2.3230481754763434e-05,0.001035974325440814,0.0041796972590969735
Cora,Degree,36,pop100_gen50,100,50,7.565906208008528,0.24192255680928457,0.29429978528072953,0.13554165134805635,1.7848576758745067,2.1712867030445087,0.13554165134805635,0.010398673110049725,1.3221532005199569e-05,0.0012165137268137303,0.009353658940032691
Cora,Neighborhood Heterogeneity,36,pop100_gen50,100,50,6.553886165958829,0.011681662962447081,0.012447945032051277,0.0023830960862177633,4.901885001618701,5.223433962248472,0.27007356468090793,0.0023830960862177633,1.936879839615884e-05,0.0010295232530742413,0.011527688774706881
Cora,PageRank,36,pop100_gen50,100,50,8.166038625058718,1.6933001721705534e-05,2.3326839664451182e-05,1.020022822695245e-05,1.6600610638262798,2.286893895453612,0.16476773759783986,0.006566714350316154,1.020022822695245e-05,0.0009078061290036923,0.014242041204827536
Cora,Eigenvector Centrality,36,pop100_gen50,100,50,8.287924458039925,0.0009645172301849326,0.0008397361426296405,0.00048050106186015116,2.0073155019700106,1.7476259872949957,0.2948891653489476,0.006712682863583379,2.2283313996679687e-05,0.00048050106186015116,0.010923357785332415
Cora,Clustering Coefficient,36,pop100_gen50,100,50,7.153639250085689,0.007867095034327915,0.009595086934469909,0.002681251566762579,2.934112983597012,3.578585110555402,0.2670595044330316,0.015517461393060178,1.9301883390226563e-05,0.0006053466349899483,0.002681251566762579
Cora,Degree,36,pop200_gen50,200,50,15.008357124985196,0.24192255680928457,0.29429978528072953,0.13716662790984457,1.7637129416660506,2.145564046920828,0.13716662790984457,0.010779095481387925,1.2186403020220695e-05,0.0007754804560634901,0.006377794034647917
Cora,Neighborhood Heterogeneity,36,pop200_gen50,200,50,13.206062249955721,0.011681662962447081,0.012447945032051277,0.0025710750567196445,4.5434935599862865,4.841533116475109,0.3979523895501872,0.0025710750567196445,2.9511800068848008e-05,0.0008494899638981533,0.013696122772905977
Cora,PageRank,36,pop200_gen50,200,50,16.803282207925804,1.6933001721705534e-05,2.3326839664451182e-05,1.000394055231177e-05,1.6926331812110333,2.3317651222008386,0.16537369002289531,0.011816455062088064,1.000394055231177e-05,0.0007801704823107964,0.010437137066566824
Cora,Eigenvector Centrality,36,pop200_gen50,200,50,15.03903258300852,0.0009645172301849326,0.0008397361426296405,0.0005110380846196739,1.8873685919176613,1.6431967947253698,0.302415929040287,0.0075156080300704305,2.1116199518634388e-05,0.0005110380846196739,0.006513961201460017
Cora,Clustering Coefficient,36,pop200_gen50,200,50,14.336522624944337,0.007867095034327915,0.009595086934469909,0.0024457040794875393,3.2166994773858115,3.923241170076641,0.3193108398154908,0.012935281516505612,2.294093318125105e-05,0.0011736042937495867,0.0024457040794875393
Cora,Degree,36,pop100_gen100,100,100,14.671125833992846,0.24192255680928457,0.29429978528072953,0.12204683326480917,1.9822108475717428,2.4113676480419386,0.12204683326480917,0.008205511610296241,1.2134639324697365e-05,0.0010460385117304618,0.008618221138675228
Cora,Neighborhood Heterogeneity,36,pop100_gen100,100,100,13.026207332964987,0.011681662962447081,0.012447945032051277,0.001802053689956459,6.482416715746872,6.907643818510226,0.2877363612369569,0.001802053689956459,2.0767806353978278e-05,0.0009444417973610335,0.013420628310617392
Cora,PageRank,36,pop100_gen100,100,100,16.062539124977775,1.6933001721705534e-05,2.3326839664451182e-05,9.468567141657488e-06,1.7883383481760244,2.463608201268749,0.153130618351617,0.0065469877627769915,9.468567141657488e-06,0.0008288806344919974,0.014496108589544716
Cora,Eigenvector Centrality,36,pop100_gen100,100,100,16.363213332952,0.0009645172301849326,0.0008397361426296405,0.0004630346842166789,2.0830345178496024,1.8135491168447389,0.3019109995827217,0.00741475176022491,2.2244075566089985e-05,0.0004630346842166789,0.011393060070547419
Cora,Clustering Coefficient,36,pop100_gen100,100,100,14.246064292034134,0.007867095034327915,0.009595086934469909,0.002144199611228863,3.6690124338839896,4.474903774919941,0.2709256915125436,0.013553992885422628,1.9775593668634868e-05,0.0006971266115695816,0.002144199611228863
Cora,Degree,37,pop50_gen20,50,20,1.3990419580368325,0.2526059247792704,0.2843145529039757,0.17809805521694763,1.4183530778680433,1.5963933607115584,0.17809805521694763,0.005989216786029057,1.3327371873229867e-05,0.0007988479562580411,0.008063071537249918
Cora,Neighborhood Heterogeneity,37,pop50_gen20,50,20,1.317813333007507,0.012088976796609294,0.007037446189567383,0.003987252445268296,3.0319065478172513,1.7649863624558748,0.26640415028476844,0.003987252445268296,2.1155120778286633e-05,0.0008449214997921058,0.011140808574311758
Cora,PageRank,37,pop50_gen20,50,20,1.679602749994956,1.875515189976477e-05,2.338777687258535e-05,1.1766786239673899e-05,1.5939060604779494,1.9876095644305265,0.1805934860310762,0.010187522537084059,1.1766786239673899e-05,0.0008019022958858337,0.009172372241691923
Cora,Eigenvector Centrality,37,pop50_gen20,50,20,1.6198382920119911,0.0010174818944024082,0.0009061382994155712,0.0005520899902728954,1.8429638506930217,1.6412873179745053,0.2275863659424823,0.006901534579786492,1.5689281780463863e-05,0.0005520899902728954,0.014187863757759303
Cora,Clustering Coefficient,37,pop50_gen20,50,20,1.4825109170051292,0.011170356844816893,0.014890439765060187,0.003896302704101501,2.8669119658126796,3.821684529126945,0.30499770053385233,0.008946311019522323,2.287416771560478e-05,0.0009453592725698342,0.003896302704101501
Cora,Degree,37,pop100_gen50,100,50,7.198291333974339,0.2526059247792704,0.2843145529039757,0.13519515317853684,1.8684540003122934,2.1029936815006516,0.13519515317853684,0.014464760834039974,1.302450421960241e-05,0.0010033901041759,0.012291896442001335
Cora,Neighborhood Heterogeneity,37,pop100_gen50,100,50,6.5743494590278715,0.012088976796609294,0.007037446189567383,0.0023477102266411696,5.149262740957939,2.9975787086959795,0.2526840503089957,0.0023477102266411696,1.8942766470380182e-05,0.000961068985069154,0.011940753838082671
Cora,PageRank,37,pop100_gen50,100,50,8.659221542067826,1.875515189976477e-05,2.338777687258535e-05,1.0514542796869895e-05,1.7837344202306205,2.224326566015569,0.16710446912909568,0.008059784089095082,1.0514542796869895e-05,0.0007503379407694846,0.013417594506082871
Cora,Eigenvector Centrality,37,pop100_gen50,100,50,7.83004308398813,0.0010174818944024082,0.0009061382994155712,0.0004591685685744173,2.215922351918357,1.9734327683379176,0.2750952578043216,0.008945257494312606,2.112361876485744e-05,0.0004591685685744173,0.010775797369122889
Cora,Clustering Coefficient,37,pop100_gen50,100,50,7.385944958077744,0.011170356844816893,0.014890439765060187,0.0024595931331955574,4.541546605435558,6.054025588254184,0.2538125160777983,0.008610497333508505,1.7825235317310484e-05,0.0006592132655375111,0.0024595931331955574
Cora,Degree,37,pop200_gen50,200,50,14.909324333071709,0.2526059247792704,0.2843145529039757,0.13472278207001945,1.8750052581899888,2.1103672930106874,0.13472278207001945,0.010910772944332188,1.3463936696616918e-05,0.000728154643463014,0.0104747741385112
Cora,Neighborhood Heterogeneity,37,pop200_gen50,200,50,13.58615087508224,0.012088976796609294,0.007037446189567383,0.0023296398651441027,5.189204124415821,3.0208300840233404,0.3044711108477263,0.0023296398651441027,2.3500725390068944e-05,0.0008462869189149274,0.008300123169802862
Cora,PageRank,37,pop200_gen50,200,50,16.77387708297465,1.875515189976477e-05,2.338777687258535e-05,1.0424593517109048e-05,1.7991254881049745,2.2435193117315193,0.18898378648420755,0.012714209949276498,1.0424593517109048e-05,0.0006463386383662383,0.011455901549077894
Cora,Eigenvector Centrality,37,pop200_gen50,200,50,16.141843584016897,0.0010174818944024082,0.0009061382994155712,0.0004631575722036426,2.1968374381991937,1.9564363270674487,0.2957045728592138,0.006678563903541522,2.171892280395256e-05,0.0004631575722036426,0.008422079338445857
Cora,Clustering Coefficient,37,pop200_gen50,200,50,14.180957000004128,0.011170356844816893,0.014890439765060187,0.0024528478922852355,4.554035690492756,6.070673934528924,0.28385516846210057,0.007091198857458287,2.1785956042571457e-05,0.0008662630820598172,0.0024528478922852355
Cora,Degree,37,pop100_gen100,100,100,14.51103370799683,0.2526059247792704,0.2843145529039757,0.12396002113612507,2.037801562665712,2.293598777236085,0.12396002113612507,0.015526037523556862,1.2697953434844986e-05,0.0009278940673632285,0.013584093749890103
Cora,Neighborhood Heterogeneity,37,pop100_gen100,100,100,12.942244125064462,0.012088976796609294,0.007037446189567383,0.0018629571835433966,6.489132924469967,3.7775673277589576,0.2792234521427269,0.0018629571835433966,2.1568542086948505e-05,0.001074891463323909,0.014584334725107007
Cora,PageRank,37,pop100_gen100,100,100,16.311886792071164,1.875515189976477e-05,2.338777687258535e-05,9.444132477625939e-06,1.985905210901852,2.476434646378929,0.15934840765281486,0.00678282943083946,9.444132477625939e-06,0.0007215811039220233,0.012913453598664072
Cora,Eigenvector Centrality,37,pop100_gen100,100,100,15.693741333903745,0.0010174818944024082,0.0009061382994155712,0.0004505676105689976,2.2582224521587007,2.0111039456903215,0.2868307089872652,0.009941456340181835,2.162136890895693e-05,0.0004505676105689976,0.011327370030850112
Cora,Clustering Coefficient,37,pop100_gen100,100,100,14.318155833985656,0.011170356844816893,0.014890439765060187,0.0017977255276097244,6.21360528804924,8.282932815032492,0.23943429334554378,0.007823578727939037,1.720784700157909e-05,0.0006979103684129457,0.0017977255276097244
Cora,Degree,38,pop50_gen20,50,20,1.4694348750635982,0.2955718368346319,0.21167072337959603,0.16384141649895026,1.8040117276239835,1.2919243980105128,0.16384141649895026,0.011977741961374647,1.4360456908796701e-05,0.0008136707557709038,0.013585726938455143
Cora,Neighborhood Heterogeneity,38,pop50_gen20,50,20,1.3632707920623943,0.014357706049345244,0.008911113705286008,0.0038963809516537424,3.6848825172629485,2.287023218688065,0.26790740278988695,0.0038963809516537424,1.9534091903099293e-05,0.0008450133031970453,0.010615144815557757
Cora,PageRank,38,pop50_gen20,50,20,1.657143083983101,2.3022168058004383e-05,1.4955250639702276e-05,1.2312629338629153e-05,1.8698011143546367,1.214626886621387,0.18734501020380095,0.014278898897775266,1.2312629338629153e-05,0.0009006362469367764,0.013197883257016369
Cora,Eigenvector Centrality,38,pop50_gen20,50,20,1.5703374169534072,0.000872267313737562,0.0008980781900088858,0.0005322433612035401,1.6388505283844963,1.6873450294957146,0.27645957614885014,0.008721018450752434,2.074673216755285e-05,0.0005322433612035401,0.010470214976470864
Cora,Clustering Coefficient,38,pop50_gen20,50,20,1.4664004580117762,0.014744766791084973,0.009688595049795284,0.004144903166650034,3.55732479101602,2.3374719891528213,0.26076548370089114,0.008927147889948252,1.6413274807277862e-05,0.0006845125702219792,0.004144903166650034
Cora,Degree,38,pop100_gen50,100,50,7.404165374930017,0.2955718368346319,0.21167072337959603,0.1360261235312866,2.172904947678297,1.556103473983884,0.1360261235312866,0.009621402027478689,1.2550987584957111e-05,0.0006958386877447423,0.0077003545982730955
Cora,Neighborhood Heterogeneity,38,pop100_gen50,100,50,6.6679946249350905,0.014357706049345244,0.008911113705286008,0.0021565597467426644,6.657689902184057,4.132096835594578,0.23063210599997283,0.0021565597467426644,1.8115911065306498e-05,0.0009988441841153161,0.016239849136421493
Cora,PageRank,38,pop100_gen50,100,50,7.964159708935767,2.3022168058004383e-05,1.4955250639702276e-05,1.013687440297145e-05,2.271130838047656,1.4753315514413794,0.17992048250917075,0.01592505274077218,1.013687440297145e-05,0.0007666329197920799,0.010528583911275362
Cora,Eigenvector Centrality,38,pop100_gen50,100,50,8.074664790998213,0.000872267313737562,0.0008980781900088858,0.00047662485542130566,1.830091955583252,1.8842453971793864,0.2699906595742581,0.011337799380805754,2.0184928037735206e-05,0.00047662485542130566,0.00999305386462622
Cora,Clustering Coefficient,38,pop100_gen50,100,50,7.330140208010562,0.014744766791084973,0.009688595049795284,0.0027014342901072554,5.45812527999693,3.586463341075979,0.27134735215619427,0.009509792706358666,2.132642600683603e-05,0.0008350474715983633,0.0027014342901072554
Cora,Degree,38,pop200_gen50,200,50,14.892995500005782,0.2955718368346319,0.21167072337959603,0.14019255347758475,2.1083276500979817,1.5098571081625949,0.14019255347758475,0.009704349746558231,1.2549911430224692e-05,0.0008215188024940946,0.009122217733777381
Cora,Neighborhood Heterogeneity,38,pop200_gen50,200,50,13.583847624948248,0.014357706049345244,0.008911113705286008,0.00222822215449572,6.443570278832727,3.999203439974201,0.2793040621658519,0.00222822215449572,2.0918936821271523e-05,0.00096032787335021,0.014303604191086816
Cora,PageRank,38,pop200_gen50,200,50,16.773149832966737,2.3022168058004383e-05,1.4955250639702276e-05,9.971252776441604e-06,2.3088541203566,1.4998366779985783,0.17459496888877163,0.009526616197253005,9.971252776441604e-06,0.0007950365440628387,0.01451543712546259
Cora,Eigenvector Centrality,38,pop200_gen50,200,50,16.623953333008103,0.000872267313737562,0.0008980781900088858,0.0004836139049417317,1.80364399125922,1.857014822841148,0.3168274224236316,0.010097557067162897,2.2392784452847246e-05,0.0004836139049417317,0.011299251632650017
Cora,Clustering Coefficient,38,pop200_gen50,200,50,14.830980999977328,0.014744766791084973,0.009688595049795284,0.002555279842357633,5.77031389934994,3.7915984344227778,0.2787143788403283,0.01305592322663394,2.249634437996075e-05,0.0011408993588960833,0.002555279842357633
Cora,Degree,38,pop100_gen100,100,100,14.582299374975264,0.2955718368346319,0.21167072337959603,0.12358188748696367,2.391708387410825,1.7127973013191324,0.12358188748696367,0.008893169259669053,1.2141697095681046e-05,0.000680866699171373,0.008164053817070572
Cora,Neighborhood Heterogeneity,38,pop100_gen100,100,100,12.991115750046447,0.014357706049345244,0.008911113705286008,0.0021230270668809526,6.762846443799176,4.197362268384915,0.23283998944664464,0.0021230270668809526,1.8319045536733982e-05,0.0009905223545888773,0.015678546530803063
Cora,PageRank,38,pop100_gen100,100,100,16.13120083301328,2.3022168058004383e-05,1.4955250639702276e-05,9.641827541802807e-06,2.387739042021877,1.5510804953586608,0.16810758988856248,0.016170983352885186,9.641827541802807e-06,0.0008027607909736583,0.007498656343138105
Cora,Eigenvector Centrality,38,pop100_gen100,100,100,16.108599707949907,0.000872267313737562,0.0008980781900088858,0.000459025189467508,1.9002602335384589,1.956489993611682,0.27833362166285347,0.0108266533833106,2.0038064898325358e-05,0.000459025189467508,0.011929861899726385
Cora,Clustering Coefficient,38,pop100_gen100,100,100,14.618864874937572,0.014744766791084973,0.009688595049795284,0.002158200249014157,6.831973445383591,4.489201154629155,0.27724275576985463,0.009563648411066387,2.183948087536803e-05,0.0008247622804328514,0.002158200249014157
Cora,Degree,39,pop50_gen20,50,20,1.462057458003983,0.25199389008063144,0.23177866141963444,0.15358837064454145,1.640709443189782,1.5090899164237723,0.15358837064454145,0.01212902475873578,1.2235788549060505e-05,0.0006479009736488176,0.012049148248558827
Cora,Neighborhood Heterogeneity,39,pop50_gen20,50,20,1.381361624924466,0.010427973410836833,0.01901244042695686,0.0028825899605265807,3.617570849005486,6.595610436207771,0.3084985099134943,0.0028825899605265807,2.4581288815749495e-05,0.0009097081798763628,0.01754166809799931
Cora,PageRank,39,pop50_gen20,50,20,1.6107290000654757,1.8058254497646643e-05,1.5957486222162254e-05,1.1932293990344466e-05,1.5133933602590803,1.3373359921466021,0.17844127599107568,0.008599389583221336,1.1932293990344466e-05,0.0008430298520337533,0.00981470994476837
Cora,Eigenvector Centrality,39,pop50_gen20,50,20,1.6431336250388995,0.0013121468027693726,0.0006997655047228792,0.0005312649414170316,2.4698539287563595,1.3171686105550457,0.28484911593997014,0.014726105473904641,2.016743515477298e-05,0.0005312649414170316,0.006794636640068028
Cora,Clustering Coefficient,39,pop50_gen20,50,20,1.422376708011143,0.01104051667478923,0.009216047802464149,0.003381734644259013,3.264749554945748,2.725242744314588,0.2323895999589806,0.010930480776674415,1.6252157253818284e-05,0.0008147826018988873,0.003381734644259013
Cora,Degree,39,pop100_gen50,100,50,7.452190750045702,0.25199389008063144,0.23177866141963444,0.131217078258529,1.9204351554310886,1.7663757225486694,0.131217078258529,0.012364066193810912,1.2488819716450242e-05,0.0006252388271073557,0.013023447862951319
Cora,Neighborhood Heterogeneity,39,pop100_gen50,100,50,6.475543041015044,0.010427973410836833,0.01901244042695686,0.002468755747229587,4.223979396316951,7.7012237635466505,0.3224568270659696,0.002468755747229587,2.3766588552704933e-05,0.0009737274272921023,0.015418266499473208
Cora,PageRank,39,pop100_gen50,100,50,8.360484916018322,1.8058254497646643e-05,1.5957486222162254e-05,1.0421122754119892e-05,1.7328511450944653,1.5312636266426871,0.17983625858587068,0.015379684669153612,1.0421122754119892e-05,0.0008406509440461686,0.012317621131867896
Cora,Eigenvector Centrality,39,pop100_gen50,100,50,7.947859959094785,0.0013121468027693726,0.0006997655047228792,0.0004952179946993047,2.64963474028464,1.41304539054114,0.2808015870371565,0.009641193222797747,2.068664431553028e-05,0.0004952179946993047,0.011079667486786977
Cora,Clustering Coefficient,39,pop100_gen50,100,50,7.351260167080909,0.01104051667478923,0.009216047802464149,0.0023550189037206916,4.688079852499838,3.9133646816608247,0.2375608452786567,0.010119003925357627,1.8358510596684067e-05,0.000805958492846745,0.0023550189037206916
Cora,Degree,39,pop200_gen50,200,50,15.033754166099243,0.25199389008063144,0.23177866141963444,0.1282266106229682,1.9652230442367618,1.8075706773623306,0.1282266106229682,0.006307149177310144,1.2692618997962686e-05,0.0009097775990165979,0.01601288428308965
Cora,Neighborhood Heterogeneity,39,pop200_gen50,200,50,13.357886707992293,0.010427973410836833,0.01901244042695686,0.0021754788163965834,4.793415285058719,8.739427974963535,0.28603589677874713,0.0021754788163965834,2.117038482223895e-05,0.0008953267575783607,0.017457101463528295
Cora,PageRank,39,pop200_gen50,200,50,16.62607008300256,1.8058254497646643e-05,1.5957486222162254e-05,9.841279893322338e-06,1.8349497924451694,1.621484847005518,0.16074542136630193,0.013061901220885136,9.841279893322338e-06,0.0007762610278208506,0.0103844353806541
Cora,Eigenvector Centrality,39,pop200_gen50,200,50,16.267663249978796,0.0013121468027693726,0.0006997655047228792,0.00047823030125072614,2.743755047176405,1.4632395791165203,0.2472179421690724,0.008287178220000515,2.0131251089686035e-05,0.00047823030125072614,0.01129086027603206
Cora,Clustering Coefficient,39,pop200_gen50,200,50,14.684808957972564,0.01104051667478923,0.009216047802464149,0.0021922133726655973,5.0362418241088625,4.203992146648571,0.2501154055244825,0.012415029188036827,2.0455849793557994e-05,0.0009496602677614863,0.0021922133726655973
Cora,Degree,39,pop100_gen100,100,100,14.543741541914642,0.25199389008063144,0.23177866141963444,0.12049816168141972,2.0912675061953894,1.9235037131307013,0.12049816168141972,0.011006520864313791,1.1979396156526296e-05,0.0006140179669055828,0.013105032338637926
Cora,Neighborhood Heterogeneity,39,pop100_gen100,100,100,13.027841291972436,0.010427973410836833,0.01901244042695686,0.0017526731564016795,5.949753593673993,10.84768164418647,0.2915916179560032,0.0017526731564016795,2.127516354736751e-05,0.000962849424919503,0.015149975262839094
Cora,PageRank,39,pop100_gen100,100,100,16.14971254207194,1.8058254497646643e-05,1.5957486222162254e-05,9.638009238828452e-06,1.8736498430501312,1.6556828102918446,0.17252727696188286,0.017012112257292857,9.638009238828452e-06,0.0007573788849332683,0.011734942015573189
Cora,Eigenvector Centrality,39,pop100_gen100,100,100,15.773164915968664,0.0013121468027693726,0.0006997655047228792,0.00048461219217214933,2.7076223503333923,1.4439700775714301,0.2794387315816881,0.008628092429720211,2.0587042077788453e-05,0.00048461219217214933,0.009947854618538093
Cora,Clustering Coefficient,39,pop100_gen100,100,100,14.499447125010192,0.01104051667478923,0.009216047802464149,0.0018030576466543547,6.123218908322398,5.1113439548452,0.23349520355249834,0.013218624979611576,1.7222677162906368e-05,0.0007447792714749969,0.0018030576466543547
Cora,Degree,40,pop50_gen20,50,20,1.4528561669867486,0.24744601684980147,0.2701663795511787,0.15939231145206093,1.5524338319431656,1.6949774872449501,0.15939231145206093,0.011612680859485424,1.3843204258588355e-05,0.0010490246174544894,0.01295542424532883
Cora,Neighborhood Heterogeneity,40,pop50_gen20,50,20,1.33936054201331,0.009430986291113141,0.013029574147815382,0.003653477487776142,2.581372493102112,3.5663485518687112,0.2702740772018736,0.003653477487776142,1.7401944701206173e-05,0.0010603628675069734,0.011911528262145699
Cora,PageRank,40,pop50_gen20,50,20,1.6230134579818696,1.7070898315235462e-05,1.8399297037089977e-05,1.1510846509499595e-05,1.483027186675394,1.5984312727917558,0.1695947878915133,0.013987520999823536,1.1510846509499595e-05,0.0008184144481728399,0.011147035245388626
Cora,Eigenvector Centrality,40,pop50_gen20,50,20,1.622172584058717,0.0008741094987914982,0.0008238369116679585,0.0005654387357103765,1.5458960336230412,1.4569870432257335,0.29008862236321864,0.018929641885440558,2.1113854996817028e-05,0.0005654387357103765,0.009929560688068903
Cora,Clustering Coefficient,40,pop50_gen20,50,20,1.5040094159776345,0.011458821481651098,0.01250288594392202,0.0033851241339448723,3.3850520773362307,3.693479308054714,0.2569046222629508,0.015064478224086636,1.9649972355778497e-05,0.0006591146623074906,0.0033851241339448723
Cora,Degree,40,pop100_gen50,100,50,7.4581681250128895,0.24744601684980147,0.2701663795511787,0.1368135336420684,1.8086369839490424,1.9747050774815016,0.1368135336420684,0.0077801354225637345,1.2294679811576374e-05,0.0007803394584408003,0.009775633937569214
Cora,Neighborhood Heterogeneity,40,pop100_gen50,100,50,7.06694970803801,0.009430986291113141,0.013029574147815382,0.0026527200483363886,3.5552135616525518,4.911778819625792,0.23763486524852198,0.0026527200483363886,1.879100957351672e-05,0.0009510968771309075,0.009999045386702859
Cora,PageRank,40,pop100_gen50,100,50,7.987107541994192,1.7070898315235462e-05,1.8399297037089977e-05,1.0669009678505861e-05,1.6000452553367777,1.7245552859660263,0.17196245972785634,0.010169400694385653,1.0669009678505861e-05,0.0008618476392256433,0.012803955557200453
Cora,Eigenvector Centrality,40,pop100_gen50,100,50,8.109093916020356,0.0008741094987914982,0.0008238369116679585,0.0004831666805332915,1.8091261960090184,1.7050780711092388,0.23712662011059132,0.009944165560585565,1.934932382544628e-05,0.0004831666805332915,0.008153064354767415
Cora,Clustering Coefficient,40,pop100_gen50,100,50,7.330100249964744,0.011458821481651098,0.01250288594392202,0.002650780929093312,4.322809688226683,4.716680207971232,0.24255032562530093,0.009305389998993266,2.0299755535858608e-05,0.0009032050393644678,0.002650780929093312
Cora,Degree,40,pop200_gen50,200,50,14.97318633296527,0.24744601684980147,0.2701663795511787,0.13048997605143714,1.8962837172432467,2.0703994875796687,0.13048997605143714,0.010279536060188218,1.335324563060777e-05,0.0008827371326310755,0.013182684036520315
Cora,Neighborhood Heterogeneity,40,pop200_gen50,200,50,12.012482749996707,0.009430986291113141,0.013029574147815382,0.003465264188310272,2.7215778591795816,3.760052174887378,0.2812481460122857,0.003465264188310272,2.0330622352401453e-05,0.0008472051034597138,0.013796179225442434
Cora,PageRank,40,pop200_gen50,200,50,16.417353583034128,1.7070898315235462e-05,1.8399297037089977e-05,1.0346442258250545e-05,1.649929307982427,1.7783211443931712,0.16274712813065256,0.009608291118670901,1.0346442258250545e-05,0.0007098195435339732,0.007452168099500063
Cora,Eigenvector Centrality,40,pop200_gen50,200,50,16.497146749985404,0.0008741094987914982,0.0008238369116679585,0.0004967932723889922,1.7595034944576808,1.658309315877549,0.2835073262884472,0.007485804592155856,1.9704906347659613e-05,0.0004967932723889922,0.014172473732804614
Cora,Clustering Coefficient,40,pop200_gen50,200,50,14.37937229196541,0.011458821481651098,0.01250288594392202,0.0024200131777552102,4.735024415148116,5.166453661843124,0.3708231834910085,0.012310322999591991,2.678784158867565e-05,0.0009178575600323356,0.0024200131777552102
Cora,Degree,40,pop100_gen100,100,100,14.697174625005573,0.24744601684980147,0.2701663795511787,0.12397258666803881,1.9959736543401103,2.1792429020990163,0.12397258666803881,0.008876084046630012,1.1726884181266398e-05,0.0007535449176552515,0.009184939558374888
Cora,Neighborhood Heterogeneity,40,pop100_gen100,100,100,12.839993875008076,0.009430986291113141,0.013029574147815382,0.001901009016656252,4.961042377222185,6.854030692991416,0.2448623290924683,0.001901009016656252,1.8885041217676993e-05,0.0008997699468106796,0.011909678171497216
Cora,PageRank,40,pop100_gen100,100,100,16.058774790959433,1.7070898315235462e-05,1.8399297037089977e-05,9.909931908278492e-06,1.722605006092412,1.8566522159168113,0.17046456107429148,0.009212071177599044,9.909931908278492e-06,0.0007589137879644061,0.012831666407585315
Cora,Eigenvector Centrality,40,pop100_gen100,100,100,16.101728291017935,0.0008741094987914982,0.0008238369116679585,0.0004519899224076769,1.9339136902328682,1.822688672525071,0.2470707092363214,0.012986410816471675,1.943440839851923e-05,0.0004519899224076769,0.008053803907876859
Cora,Clustering Coefficient,40,pop100_gen100,100,100,13.60943095793482,0.011458821481651098,0.01250288594392202,0.0026285288314751615,4.359404905298403,4.75660977890254,0.2465555637353301,0.00932725979933853,1.969277474318742e-05,0.0007779995260790071,0.0026285288314751615
Cora,Degree,41,pop50_gen20,50,20,1.481966207968071,0.26911640100436723,0.2603363907345219,0.15780073651627927,1.7054191694257668,1.6497793133409406,0.15780073651627927,0.01322966260379973,1.3607944077927986e-05,0.0009142226377213521,0.00969709400532233
Cora,Neighborhood Heterogeneity,41,pop50_gen20,50,20,1.370588665944524,0.008998522335931824,0.010863661484389317,0.003224745916613419,2.790459331872553,3.3688426205678166,0.2963732935013734,0.003224745916613419,2.1949160296904093e-05,0.0007765098463476689,0.008171158915402196
Cora,PageRank,41,pop50_gen20,50,20,1.666499000042677,1.8160300058823517e-05,1.6477793308667514e-05,1.2486312726618109e-05,1.4544165644762124,1.3196684777516772,0.18985485531115226,0.013510216009470449,1.2486312726618109e-05,0.0006519094133699994,0.018801470903189905
Cora,Eigenvector Centrality,41,pop50_gen20,50,20,1.5834594579646364,0.0007172367552643867,0.0009962499943718325,0.0005376972074326002,1.333904556969996,1.8528085706986146,0.29175102954091603,0.010246781793805945,2.015123401293615e-05,0.0005376972074326002,0.013479845640427476
Cora,Clustering Coefficient,41,pop50_gen20,50,20,1.4837704160017893,0.00918630527617975,0.010464261218049253,0.004214646707481004,2.1796145474955337,2.482832356855718,0.2879343560170421,0.012132296765573324,2.122855047550554e-05,0.0007557635658357028,0.004214646707481004
Cora,Degree,41,pop100_gen50,100,50,7.427699375082739,0.26911640100436723,0.2603363907345219,0.1405309261648334,1.914997704410712,1.8525202803343424,0.1405309261648334,0.011011440060891985,1.3655753111270897e-05,0.0008527877026308997,0.010677823956373383
Cora,Neighborhood Heterogeneity,41,pop100_gen50,100,50,7.107233333052136,0.008998522335931824,0.010863661484389317,0.002313270744435994,3.889956399429494,4.696234329906775,0.23304484428981498,0.002313270744435994,1.687282249306363e-05,0.0010531715952295452,0.010652813651055817
Cora,PageRank,41,pop100_gen50,100,50,8.31434220902156,1.8160300058823517e-05,1.6477793308667514e-05,1.073638972691469e-05,1.6914717629240004,1.5347611001266,0.16871052686805654,0.0134645701505794,1.073638972691469e-05,0.0008269231475405711,0.009639758972950234
Cora,Eigenvector Centrality,41,pop100_gen50,100,50,8.039690208039246,0.0007172367552643867,0.0009962499943718325,0.00047267041877688124,1.5174140939904053,2.1077054006252527,0.28330054510651503,0.007756513945223184,2.0437373278704327e-05,0.00047267041877688124,0.009840232991941193
Cora,Clustering Coefficient,41,pop100_gen50,100,50,7.154670207994059,0.00918630527617975,0.010464261218049253,0.0030792783415460614,2.9832656412500334,3.3982836422625238,0.2541701481226539,0.01034284655007675,1.835127219250154e-05,0.0008585150515179913,0.0030792783415460614
Cora,Degree,41,pop200_gen50,200,50,14.543562792008743,0.26911640100436723,0.2603363907345219,0.13898394919535323,1.9363128085107315,1.8731399722179283,0.13898394919535323,0.015695472972192294,1.3118281504212175e-05,0.0007866809573245977,0.014452390832970716
Cora,Neighborhood Heterogeneity,41,pop200_gen50,200,50,13.596688583958894,0.008998522335931824,0.010863661484389317,0.0021151341146565597,4.254350716381377,5.136157281522207,0.2926282965038738,0.0021151341146565597,2.144892831987259e-05,0.0006469554095654603,0.009009044698595073
Cora,PageRank,41,pop200_gen50,200,50,16.67787395801861,1.8160300058823517e-05,1.6477793308667514e-05,1.090802729792354e-05,1.6648564917215165,1.5106116677764676,0.16426205856075815,0.01144886687240801,1.090802729792354e-05,0.0008817636932202036,0.00827761102536759
Cora,Eigenvector Centrality,41,pop200_gen50,200,50,15.170706207980402,0.0007172367552643867,0.0009962499943718325,0.0004884782328269633,1.4683085285367423,2.0394972128159092,0.25630570117587126,0.013787420482176137,1.824932693946896e-05,0.0004884782328269633,0.016725995831571805
Cora,Clustering Coefficient,41,pop200_gen50,200,50,14.74210483301431,0.00918630527617975,0.010464261218049253,0.0024983482639984273,3.6769514517074278,4.188471787076615,0.22941648246975568,0.008700441083149784,1.692022139117851e-05,0.0007735951925226215,0.0024983482639984273
Cora,Degree,41,pop100_gen100,100,100,14.60410395800136,0.26911640100436723,0.2603363907345219,0.12435526413927642,2.1640933567794933,2.09348910588094,0.12435526413927642,0.011217030712822902,1.2490186321564758e-05,0.0009404028552928302,0.005757575541670593
Cora,Neighborhood Heterogeneity,41,pop100_gen100,100,100,12.938552791951224,0.008998522335931824,0.010863661484389317,0.0017525553576808266,5.134515321581428,6.198755113085446,0.2574379914122152,0.0017525553576808266,1.929023686335667e-05,0.0010524217647051698,0.011435804221875467
Cora,PageRank,41,pop100_gen100,100,100,16.443570957984775,1.8160300058823517e-05,1.6477793308667514e-05,1.0134842945606137e-05,1.7918679308885332,1.6258558121822009,0.17020766788210884,0.012296697531937517,1.0134842945606137e-05,0.0007983881858451521,0.00969249415756853
Cora,Eigenvector Centrality,41,pop100_gen100,100,100,16.235645375098102,0.0007172367552643867,0.0009962499943718325,0.0004625354838285336,1.5506632038857227,2.1538887916784177,0.29072956826325297,0.009452318312560016,2.113884815662061e-05,0.0004625354838285336,0.0109009617817533
Cora,Clustering Coefficient,41,pop100_gen100,100,100,14.261634666938335,0.00918630527617975,0.010464261218049253,0.0021371849836478605,4.29832014845064,4.896282398629013,0.2667214249280936,0.00977735156787751,1.883910359935716e-05,0.0008121655285581647,0.0021371849836478605
Cora,Degree,42,pop50_gen20,50,20,1.4187741660280153,0.34025603802673077,0.31421296362110007,0.1684239628199685,2.020235317645606,1.8656072352184716,0.1684239628199685,0.00959085435272243,1.433383573628583e-05,0.0009338146093765789,0.012250683456806726
Cora,Neighborhood Heterogeneity,42,pop50_gen20,50,20,1.2780314580304548,0.013609074934705537,0.009421712165254678,0.0024757758571749833,5.496892982159682,3.8055594321876325,0.27642137882592943,0.0024757758571749833,2.1161851503159882e-05,0.000930357718462909,0.01699533906889137
Cora,PageRank,42,pop50_gen20,50,20,1.7021850830642506,2.257027658034553e-05,2.3449101744358566e-05,1.1668430241917804e-05,1.9343027393062526,2.0096192253967238,0.1880759207584423,0.009614090025857057,1.1668430241917804e-05,0.0008238405556780539,0.014537472453734216
Cora,Eigenvector Centrality,42,pop50_gen20,50,20,1.6916940840892494,0.000689401504846856,0.000874296315434601,0.00047603346021992787,1.4482206871095824,1.8366278602152784,0.27347703148819114,0.011410977500293445,1.9717907701162776e-05,0.00047603346021992787,0.013648332439306762
Cora,Clustering Coefficient,42,pop50_gen20,50,20,1.4649453751044348,0.012910982119425152,0.017610765758024723,0.004108640453519563,3.142397653307747,4.286275705370837,0.23269253083403715,0.011070891878063866,1.7538390537174784e-05,0.0007018586509638387,0.004108640453519563
Cora,Degree,42,pop100_gen50,100,50,7.262546667014249,0.34025603802673077,0.31421296362110007,0.13249922999343097,2.5679850218269187,2.37143237463854,0.13249922999343097,0.008527412912343078,1.2342273809344616e-05,0.0007882104222338409,0.008801854733964234
Cora,Neighborhood Heterogeneity,42,pop100_gen50,100,50,6.721967500052415,0.013609074934705537,0.009421712165254678,0.002334310755389462,5.8300185197214525,4.036185903484276,0.31480044052304557,0.002334310755389462,2.4692479346723715e-05,0.000768036456222756,0.01103724061081646
Cora,PageRank,42,pop100_gen50,100,50,8.315780999953859,2.257027658034553e-05,2.3449101744358566e-05,1.043684892869591e-05,2.1625566044449487,2.2467606750429936,0.1647925351793818,0.013468152780772439,1.043684892869591e-05,0.0005967041998341949,0.010257723905962125
Cora,Eigenvector Centrality,42,pop100_gen50,100,50,8.30740525003057,0.000689401504846856,0.000874296315434601,0.0004914829117212476,1.4026967945487008,1.7788946361790747,0.2502200151896627,0.01125235937515778,1.8358763417271093e-05,0.0004914829117212476,0.014800426602724303
Cora,Clustering Coefficient,42,pop100_gen50,100,50,7.4752429589862,0.012910982119425152,0.017610765758024723,0.0025645503960840727,5.034403745443845,6.8669992934884,0.3282817218450039,0.00876580190866976,2.4620681644914343e-05,0.0006084086423485798,0.0025645503960840727
Cora,Degree,42,pop200_gen50,200,50,14.789648541947827,0.34025603802673077,0.31421296362110007,0.1348324382994534,2.523547317827524,2.3303959164726744,0.1348324382994534,0.007673490627524518,1.2592665855425878e-05,0.0008652495498206239,0.015326988313336943
Cora,Neighborhood Heterogeneity,42,pop200_gen50,200,50,13.342410750105046,0.013609074934705537,0.009421712165254678,0.002743808443513824,4.959921661760485,3.4338082848046345,0.27277083690764636,0.002743808443513824,2.080234667576187e-05,0.0009411730780736485,0.01284392918741575
Cora,PageRank,42,pop200_gen50,200,50,16.291009582928382,2.257027658034553e-05,2.3449101744358566e-05,1.0106126244011221e-05,2.2333262058467187,2.320285852183397,0.15333885134011396,0.012200528041288922,1.0106126244011221e-05,0.0008924554985421627,0.010269559902745893
Cora,Eigenvector Centrality,42,pop200_gen50,200,50,16.25330533401575,0.000689401504846856,0.000874296315434601,0.00047067545963604227,1.4647067118815742,1.8575353729099564,0.26068544089990053,0.01482452214056578,1.9807479702334633e-05,0.00047067545963604227,0.011838518356742505
Cora,Clustering Coefficient,42,pop200_gen50,200,50,14.588169416994788,0.012910982119425152,0.017610765758024723,0.0034033348251206095,3.7936267757515174,5.174561617633558,0.26942531541807185,0.010839330364213695,1.9947202122791486e-05,0.000826410916585383,0.0034033348251206095
Cora,Degree,42,pop100_gen100,100,100,14.40820437495131,0.34025603802673077,0.31421296362110007,0.12186573324135211,2.792056708450291,2.5783536952000197,0.12186573324135211,0.008431642461550806,1.17351698041782e-05,0.0007844527020717271,0.008817415746555018
Cora,Neighborhood Heterogeneity,42,pop100_gen100,100,100,13.114159374963492,0.013609074934705537,0.009421712165254678,0.0016686844949687861,8.155571035589986,5.646191472181755,0.34629015818112485,0.0016686844949687861,2.6054407101220815e-05,0.0007564805290680304,0.014136575916693345
Cora,PageRank,42,pop100_gen100,100,100,16.453466417035088,2.257027658034553e-05,2.3449101744358566e-05,9.765083847079679e-06,2.3113244016942405,2.401321085570729,0.16428963180301276,0.013057149694265266,9.765083847079679e-06,0.0005890247930750517,0.008430498047852576
Cora,Eigenvector Centrality,42,pop100_gen100,100,100,16.555362459039316,0.000689401504846856,0.000874296315434601,0.00046446618561018236,1.4842878259074335,1.8823680657958193,0.24509710666638243,0.011821681565946604,1.8211325432492785e-05,0.00046446618561018236,0.01228890445582028
Cora,Clustering Coefficient,42,pop100_gen100,100,100,14.278152292012237,0.012910982119425152,0.017610765758024723,0.0018780450247197031,6.874692539041819,9.377179740753615,0.3131379688653876,0.008610994243900688,2.29831489636686e-05,0.0006883634371179669,0.0018780450247197031
Cora,Degree,43,pop50_gen20,50,20,1.4419402088969946,0.24779521209508557,0.36011221205378624,0.16518658530330213,1.500092829209492,2.1800330298769577,0.16518658530330213,0.007969439879500512,1.4635111579426504e-05,0.0008867867288798913,0.01622049488347683
Cora,Neighborhood Heterogeneity,43,pop50_gen20,50,20,1.247279208037071,0.010221558242462897,0.009386191738861937,0.0041096784686254694,2.4871917159693564,2.283923623348875,0.3173476578113471,0.0041096784686254694,2.212959055093802e-05,0.0009145786104505112,0.006533021961433868
Cora,PageRank,43,pop50_gen20,50,20,1.5978136250050738,1.896693398288732e-05,2.91985615577322e-05,1.2613988298396987e-05,1.5036429029585894,2.31477633140367,0.20152591620303267,0.006222348160916488,1.2613988298396987e-05,0.0008804634694434679,0.015604769252682227
Cora,Eigenvector Centrality,43,pop50_gen20,50,20,1.6492604159284383,0.0007117516582723709,0.0007184728277900836,0.0005314585339744848,1.3392421285430745,1.3518887775063506,0.3022102823026264,0.011254264539907397,2.286117542778665e-05,0.0005314585339744848,0.008989797256721832
Cora,Clustering Coefficient,43,pop50_gen20,50,20,1.4432395420735702,0.015087406633388586,0.014145349496052163,0.004161736422910872,3.6252672202714598,3.398905663073776,0.2202941037702355,0.010512126834506093,1.6345384221720507e-05,0.0007387797892223667,0.004161736422910872
Cora,Degree,43,pop100_gen50,100,50,7.762154083000496,0.24779521209508557,0.36011221205378624,0.15634952437517147,1.5848798586715485,2.303251087541988,0.15634952437517147,0.014845364927596482,1.2411209272187827e-05,0.0007654915686441905,0.007938510850239607
Cora,Neighborhood Heterogeneity,43,pop100_gen50,100,50,6.623559457948431,0.010221558242462897,0.009386191738861937,0.0021970393021019004,4.652423938290028,4.27220019682042,0.24554277098208593,0.0021970393021019004,1.787454320255383e-05,0.001027993914392644,0.011940233575406235
Cora,PageRank,43,pop100_gen50,100,50,8.162224875064567,1.896693398288732e-05,2.91985615577322e-05,1.002670393031272e-05,1.8916419707523733,2.9120797582802003,0.17207630614709277,0.011403407525721377,1.002670393031272e-05,0.0010062529070674025,0.010965104469051445
Cora,Eigenvector Centrality,43,pop100_gen50,100,50,8.169627291033976,0.0007117516582723709,0.0007184728277900836,0.00048230278007123703,1.4757361717202704,1.489671752843647,0.21773933527429185,0.014109851598455236,1.7294154210690835e-05,0.00048230278007123703,0.01104317791284711
Cora,Clustering Coefficient,43,pop100_gen50,100,50,7.295012000016868,0.015087406633388586,0.014145349496052163,0.0027052294106291444,5.577126499552498,5.228890917891668,0.3015688487729051,0.015157145647987827,2.3122063067710945e-05,0.0007535271333552001,0.0027052294106291444
Cora,Degree,43,pop200_gen50,200,50,14.901652707951143,0.24779521209508557,0.36011221205378624,0.1282805904232311,1.931665665690691,2.807222907734383,0.1282805904232311,0.004847231378364378,1.2144930491849015e-05,0.0007543651530532165,0.01056684503347046
Cora,Neighborhood Heterogeneity,43,pop200_gen50,200,50,13.567235541995615,0.010221558242462897,0.009386191738861937,0.002149840703000894,4.754565409518459,4.3659940598203635,0.2713997451449773,0.002149840703000894,1.9845412597107586e-05,0.0010616054796636792,0.009319774762360287
Cora,PageRank,43,pop200_gen50,200,50,16.46217041707132,1.896693398288732e-05,2.91985615577322e-05,1.1307087207558907e-05,1.6774376667235507,2.5823239019694353,0.16818034846924018,0.00823873454230098,1.1307087207558907e-05,0.0009649493205818791,0.011203772946159289
Cora,Eigenvector Centrality,43,pop200_gen50,200,50,16.389441333012655,0.0007117516582723709,0.0007184728277900836,0.0004669693445946411,1.5241935397070152,1.5385867104697493,0.2755435365808439,0.009107789861285558,2.136915321968477e-05,0.0004669693445946411,0.017219880346749206
Cora,Clustering Coefficient,43,pop200_gen50,200,50,13.678547875024378,0.015087406633388586,0.014145349496052163,0.003596941912140462,4.194509392121486,3.932604373817806,0.204646984972047,0.00771110802838568,1.4882922572172617e-05,0.0010023609306663947,0.003596941912140462
Cora,Degree,43,pop100_gen100,100,100,14.342264167033136,0.24779521209508557,0.36011221205378624,0.14007245753987094,1.769050221914982,2.5708995071445937,0.14007245753987094,0.014374281174780313,1.2185915941015887e-05,0.0007529346113621143,0.008214157138994488
Cora,Neighborhood Heterogeneity,43,pop100_gen100,100,100,12.955933916033246,0.010221558242462897,0.009386191738861937,0.0016737999000219542,6.106798215443093,5.607714362235787,0.24721623042767288,0.0016737999000219542,1.7600274430670233e-05,0.0009509713141082517,0.013619536824408274
Cora,PageRank,43,pop100_gen100,100,100,16.256480459007435,1.896693398288732e-05,2.91985615577322e-05,9.697207500463484e-06,1.9559171010809848,3.011027819744667,0.16852115628242056,0.011807996592384101,9.697207500463484e-06,0.0010391030263969653,0.008208273403467053
Cora,Eigenvector Centrality,43,pop100_gen100,100,100,16.179701499990188,0.0007117516582723709,0.0007184728277900836,0.0004670999902596943,1.5237672299600291,1.5381563750207599,0.21697096992375417,0.012656335846720022,1.7112056154006664e-05,0.0004670999902596943,0.012116939816421349
Cora,Clustering Coefficient,43,pop100_gen100,100,100,14.31363600003533,0.015087406633388586,0.014145349496052163,0.002049061752140873,7.363080501417375,6.903330014955874,0.30252140716990994,0.016961828379226933,2.354009333808238e-05,0.0007748634289491567,0.002049061752140873
Cora,Degree,44,pop50_gen20,50,20,1.5004820409230888,0.3289653544850692,0.28814464329671735,0.1599072433631889,2.057226099119897,1.8019486624647114,0.1599072433631889,0.009900994961902148,1.308257518471333e-05,0.0009376591577156619,0.012870709887525238
Cora,Neighborhood Heterogeneity,44,pop50_gen20,50,20,1.284186040982604,0.009223049716955502,0.008173581262176138,0.0030692922949500864,3.004943430161476,2.6630182063872345,0.2602619667574168,0.0030692922949500864,1.9038295857651224e-05,0.0007285629770220046,0.009431476857422686
Cora,PageRank,44,pop50_gen20,50,20,1.6263967920094728,2.196957001324212e-05,2.2077265334161556e-05,1.3423438395358852e-05,1.6366574171367365,1.6446803482030923,0.19083423938589397,0.008965689163173926,1.3423438395358852e-05,0.0007358623565386416,0.017305230897941153
Cora,Eigenvector Centrality,44,pop50_gen20,50,20,1.6531153750838712,0.0007309163385657406,0.0009406980652071348,0.0005270912984927181,1.3866977896540602,1.7846966320581952,0.253836965064565,0.009116930004350366,1.9035009828281665e-05,0.0005270912984927181,0.010967401848295682
Cora,Clustering Coefficient,44,pop50_gen20,50,20,1.3278446670155972,0.01654817929209526,0.00883138670680338,0.0037593662761493786,4.401853417976907,2.34916899766658,0.2205258366811087,0.009179212175380477,1.595972118539965e-05,0.0008361509007165137,0.0037593662761493786
Cora,Degree,44,pop100_gen50,100,50,7.220877584069967,0.3289653544850692,0.28814464329671735,0.13403894793008386,2.454251988434444,2.14970833288707,0.13403894793008386,0.00852823827943915,1.322540691248854e-05,0.0006246575547560159,0.013912736786412222
Cora,Neighborhood Heterogeneity,44,pop100_gen50,100,50,6.479221249930561,0.009223049716955502,0.008173581262176138,0.0020743289519772477,4.446281149459975,3.9403496028848704,0.26942184256780777,0.0020743289519772477,1.844910286406008e-05,0.000766580350163233,0.010641616876008645
Cora,PageRank,44,pop100_gen50,100,50,8.180543875088915,2.196957001324212e-05,2.2077265334161556e-05,1.0206354013003001e-05,2.152538505449905,2.1630902970869803,0.16092910461809573,0.011224590222401328,1.0206354013003001e-05,0.0008566886332227059,0.007584870306956535
Cora,Eigenvector Centrality,44,pop100_gen50,100,50,7.7902073750738055,0.0007309163385657406,0.0009406980652071348,0.0004812275748594063,1.5188579722998676,1.9547883669840942,0.30440943778241475,0.012967798319972532,2.1585423981268877e-05,0.0004812275748594063,0.011573000057656782
Cora,Clustering Coefficient,44,pop100_gen50,100,50,7.205761666060425,0.01654817929209526,0.00883138670680338,0.002379703490235569,6.953882851370336,3.7111290305874,0.26326633284653134,0.014993929950617513,1.8540330295786387e-05,0.0009143563065674926,0.002379703490235569
Cora,Degree,44,pop200_gen50,200,50,15.0363299169112,0.3289653544850692,0.28814464329671735,0.1406943576721617,2.338155985271323,2.048018471132554,0.1406943576721617,0.007233365699202856,1.168241223216087e-05,0.000948713673811984,0.009556621741439262
Cora,Neighborhood Heterogeneity,44,pop200_gen50,200,50,13.647797415964305,0.009223049716955502,0.008173581262176138,0.0021365104454185843,4.316875555995012,3.8256687579988746,0.23340299418933755,0.0021365104454185843,1.7158306187083812e-05,0.0007443121961665882,0.00959238400445128
Cora,PageRank,44,pop200_gen50,200,50,16.732767749927007,2.196957001324212e-05,2.2077265334161556e-05,9.779715810688378e-06,2.246442579571821,2.257454691069144,0.19587668800345207,0.01104488146675683,9.779715810688378e-06,0.0006733020508809664,0.007784780076354907
Cora,Eigenvector Centrality,44,pop200_gen50,200,50,17.391818665899336,0.0007309163385657406,0.0009406980652071348,0.00047425922277614214,1.5411747488793586,1.9835103252196726,0.2941951625180555,0.008209580532308466,2.1948467836231046e-05,0.00047425922277614214,0.012511906209741292
Cora,Clustering Coefficient,44,pop200_gen50,200,50,14.64887695806101,0.01654817929209526,0.00883138670680338,0.0026181151381538823,6.32064612092038,3.373184997902986,0.2457189100787362,0.010104111275430566,2.0849046281683316e-05,0.0009685920682311435,0.0026181151381538823
Cora,Degree,44,pop100_gen100,100,100,13.59704416594468,0.3289653544850692,0.28814464329671735,0.13403894793008386,2.454251988434444,2.14970833288707,0.13403894793008386,0.00852823827943915,1.322540691248854e-05,0.0006246575547560159,0.013912736786412222
Cora,Neighborhood Heterogeneity,44,pop100_gen100,100,100,13.084221082972363,0.009223049716955502,0.008173581262176138,0.0012954050951165118,7.119818929016918,6.309672003753379,0.2586703716716482,0.0012954050951165118,1.7365993090652946e-05,0.0008002503028057262,0.011964922514570733
Cora,PageRank,44,pop100_gen100,100,100,16.451355666969903,2.196957001324212e-05,2.2077265334161556e-05,9.434221146382092e-06,2.3287105180555554,2.340125908817382,0.1602608927631068,0.010841402944202824,9.434221146382092e-06,0.0008533831085001494,0.010372910642428828
Cora,Eigenvector Centrality,44,pop100_gen100,100,100,15.22852787503507,0.0007309163385657406,0.0009406980652071348,0.0004812275748594063,1.5188579722998676,1.9547883669840942,0.30440943778241475,0.012967798319972532,2.1585423981268877e-05,0.0004812275748594063,0.011573000057656782
Cora,Clustering Coefficient,44,pop100_gen100,100,100,15.129910624935292,0.01654817929209526,0.00883138670680338,0.0018399033966010124,8.994047906355256,4.799918693078259,0.2621047203490582,0.014304609365298166,1.8513013296430618e-05,0.0007899177995133146,0.0018399033966010124
Cora,Degree,45,pop50_gen20,50,20,1.468464625068009,0.33786983626231276,0.2590617690497743,0.1610714985314615,2.09763887058093,1.6083650516181962,0.1610714985314615,0.01390764884520341,1.3230155920200047e-05,0.000853275195488391,0.012500876478297104
Cora,Neighborhood Heterogeneity,45,pop50_gen20,50,20,1.2893157920334488,0.012650311449590565,0.00953448107000326,0.0038605052825546977,3.2768538115350525,2.4697495203772384,0.2437033199733194,0.0038605052825546977,1.7536275779561262e-05,0.0009261749606948837,0.008003103136506571
Cora,PageRank,45,pop50_gen20,50,20,1.654272082960233,2.2732471234955603e-05,1.9669023872339307e-05,1.1631244062479032e-05,1.9544316250991387,1.6910507394294276,0.18601481384731522,0.011180822256675164,1.1631244062479032e-05,0.0009514340861142886,0.010607281941152695
Cora,Eigenvector Centrality,45,pop50_gen20,50,20,1.6382442079484463,0.0010037999823157952,0.0008562099366196841,0.0005419838677871146,1.8520846135407059,1.5797701509373965,0.309818418694101,0.008204726208352752,2.2431371603054472e-05,0.0005419838677871146,0.011520104382305916
Cora,Clustering Coefficient,45,pop50_gen20,50,20,1.3298222080338746,0.010650731431911803,0.013773937005428366,0.004275163652912129,2.491303794804862,3.221850231638717,0.25409960100305234,0.014077910667587564,1.65485096323588e-05,0.0008332058896779928,0.004275163652912129
Cora,Degree,45,pop100_gen50,100,50,7.362588791991584,0.33786983626231276,0.2590617690497743,0.13453159395555409,2.511453453632138,1.9256574714736667,0.13453159395555409,0.010222406315543752,1.2218904875923407e-05,0.0009679775803768202,0.011884897568557254
Cora,Neighborhood Heterogeneity,45,pop100_gen50,100,50,6.90854637499433,0.012650311449590565,0.00953448107000326,0.0019300536585158013,6.554383290731187,4.940008288337027,0.35099716593454644,0.0019300536585158013,2.6027205071926173e-05,0.0008863675309342247,0.011726121192828435
Cora,PageRank,45,pop100_gen50,100,50,8.34760387497954,2.2732471234955603e-05,1.9669023872339307e-05,1.0847742906928452e-05,2.095594579443469,1.8131904527140577,0.16658820026632642,0.012844685798110447,1.0847742906928452e-05,0.0007660163131422321,0.018863610111864364
Cora,Eigenvector Centrality,45,pop100_gen50,100,50,7.963004874996841,0.0010037999823157952,0.0008562099366196841,0.0005007919954018508,2.004424973906213,1.709711705620684,0.22602981772915925,0.011532786998646353,1.6450425548071624e-05,0.0005007919954018508,0.012229541275171426
Cora,Clustering Coefficient,45,pop100_gen50,100,50,7.200478042010218,0.010650731431911803,0.013773937005428366,0.002314356142547906,4.602027853926695,5.951520058734112,0.2902884749721072,0.007282381417607146,2.15761081804165e-05,0.0007418305096797285,0.002314356142547906
Cora,Degree,45,pop200_gen50,200,50,15.904591833008453,0.33786983626231276,0.2590617690497743,0.13315089568656774,2.537495782661844,1.9456254328141815,0.13315089568656774,0.009248495512652916,1.242477625673191e-05,0.0007935750314046278,0.006432662418004861
Cora,Neighborhood Heterogeneity,45,pop200_gen50,200,50,14.017655250034295,0.012650311449590565,0.00953448107000326,0.0028413287299455256,4.452251975023354,3.3556416649424636,0.2804029940986602,0.0028413287299455256,2.092134328125716e-05,0.0008301142902539755,0.01202578207265145
Cora,PageRank,45,pop200_gen50,200,50,17.06176895799581,2.2732471234955603e-05,1.9669023872339307e-05,9.829970969628986e-06,2.3125674841961,2.000923902329864,0.1820500540387368,0.012268719421264276,9.829970969628986e-06,0.0006133232625301572,0.013543057652735571
Cora,Eigenvector Centrality,45,pop200_gen50,200,50,16.602258083992638,0.0010037999823157952,0.0008562099366196841,0.0004925730736657591,2.037870188164071,1.7382394255693212,0.26304953208354787,0.012773076817755816,1.97337477023998e-05,0.0004925730736657591,0.008039715290085406
Cora,Clustering Coefficient,45,pop200_gen50,200,50,14.296751250047237,0.010650731431911803,0.013773937005428366,0.0026055581354903147,4.087696715278835,5.286367177079463,0.28472285007622694,0.010379200472659505,2.066557845742994e-05,0.0007304798118870492,0.0026055581354903147
Cora,Degree,45,pop100_gen100,100,100,14.29712879192084,0.33786983626231276,0.2590617690497743,0.11771517543983974,2.870231769182442,2.20075082147902,0.11771517543983974,0.008912873073100791,1.1695457890505733e-05,0.0009954824245504551,0.013543158279331141
Cora,Neighborhood Heterogeneity,45,pop100_gen100,100,100,12.873701957985759,0.012650311449590565,0.00953448107000326,0.0015575352153899414,8.122006696602014,6.1215187790256325,0.3085640920762901,0.0015575352153899414,2.267106435051606e-05,0.0009704024654159753,0.011309411074765944
Cora,PageRank,45,pop100_gen100,100,100,16.35240254108794,2.2732471234955603e-05,1.9669023872339307e-05,9.930136570921825e-06,2.289240542926926,1.980740519716076,0.16083024978921145,0.012790253553763708,9.930136570921825e-06,0.00087362265573182,0.020495820659812553
Cora,Eigenvector Centrality,45,pop100_gen100,100,100,14.585268374998122,0.0010037999823157952,0.0008562099366196841,0.0005007919954018508,2.004424973906213,1.709711705620684,0.22602981772915925,0.011532786998646353,1.6450425548071624e-05,0.0005007919954018508,0.012229541275171426
Cora,Clustering Coefficient,45,pop100_gen100,100,100,13.970181541983038,0.010650731431911803,0.013773937005428366,0.0018031842151563899,5.9066241498726,7.638674346000614,0.2872902929140123,0.007497520154075098,2.1278443913128074e-05,0.0007075908211284615,0.0018031842151563899
Cora,Degree,46,pop50_gen20,50,20,1.4797404169803485,0.3140261802938003,0.2945763992652208,0.15286388793576405,2.0542862315902846,1.9270502879594864,0.15286388793576405,0.009189011301503385,1.346793668246002e-05,0.0008486938039076756,0.008485435178747284
Cora,Neighborhood Heterogeneity,46,pop50_gen20,50,20,1.8894327499438077,0.014178792912669047,0.010152078986269181,0.0036958805588461984,3.836377471325931,2.746863386039325,0.340753723563959,0.0036958805588461984,2.3304846710572497e-05,0.0007956224003746208,0.017555653649429622
Cora,PageRank,46,pop50_gen20,50,20,1.609282375080511,2.2942128319194617e-05,2.2775997990079294e-05,1.233533381378497e-05,1.8598708932835164,1.8464030510975458,0.17904402356069243,0.010371232982808018,1.233533381378497e-05,0.0009238390724668613,0.008662456899480158
Cora,Eigenvector Centrality,46,pop50_gen20,50,20,1.5487014579121023,0.0008001406850435225,0.0009451582423662816,0.0005094094146094344,1.570722216936239,1.855400028464211,0.2644356476765483,0.00832396598341373,1.9401885258686224e-05,0.0005094094146094344,0.010050978715447367
Cora,Clustering Coefficient,46,pop50_gen20,50,20,1.4511158330133185,0.009046806000109101,0.008852141417229288,0.00392345775652281,2.3058247498825866,2.2562091824520003,0.2820967687611747,0.01262732641785146,2.116474366784591e-05,0.0009334104333918404,0.00392345775652281
Cora,Degree,46,pop100_gen50,100,50,7.298795375041664,0.3140261802938003,0.2945763992652208,0.1413430915421859,2.2217299541666993,2.0841230798839585,0.1413430915421859,0.01309196103851,1.362603777527565e-05,0.0009387078746115003,0.012205943904162329
Cora,Neighborhood Heterogeneity,46,pop100_gen50,100,50,6.54425325000193,0.014178792912669047,0.010152078986269181,0.002143310167596856,6.6153714600097935,4.736635480832902,0.2492854325960893,0.002143310167596856,1.8783235766125948e-05,0.0008798457636503548,0.011061416410553682
Cora,PageRank,46,pop100_gen50,100,50,7.486054416047409,2.2942128319194617e-05,2.2775997990079294e-05,1.1961356683763574e-05,1.9180205829273878,1.9041316626729798,0.17481270964864984,0.010824065511903003,1.1961356683763574e-05,0.0007271695122567756,0.011906006057466173
Cora,Eigenvector Centrality,46,pop100_gen50,100,50,8.017320250044577,0.0008001406850435225,0.0009451582423662816,0.0004790746184835641,1.6701796634024215,1.9728831499319095,0.24020695971081385,0.008739046013467509,1.7763985620449696e-05,0.0004790746184835641,0.00903752215965813
Cora,Clustering Coefficient,46,pop100_gen50,100,50,7.295585874933749,0.009046806000109101,0.008852141417229288,0.002480818668185594,3.6467018392463557,3.5682339587131184,0.2874182664891594,0.0067776948306304974,2.134931336913528e-05,0.0007251693952338122,0.002480818668185594
Cora,Degree,46,pop200_gen50,200,50,14.89816579199396,0.3140261802938003,0.2945763992652208,0.13968714545782762,2.248067846648113,2.108829687225265,0.13968714545782762,0.008127949177103308,1.3016713356713485e-05,0.0008114806292134925,0.010955314602991094
Cora,Neighborhood Heterogeneity,46,pop200_gen50,200,50,13.30606141698081,0.014178792912669047,0.010152078986269181,0.0028484745616498422,4.977679317752679,3.5640406001691924,0.3085660506550304,0.0028484745616498422,2.3280731674712717e-05,0.0009736967892002345,0.011042915811894514
Cora,PageRank,46,pop200_gen50,200,50,16.55327962501906,2.2942128319194617e-05,2.2775997990079294e-05,1.0915695107888773e-05,2.1017560578999994,2.0865366579924975,0.18537545576625747,0.0072936434679992225,1.0915695107888773e-05,0.0008845239407755751,0.012406690205928855
Cora,Eigenvector Centrality,46,pop200_gen50,200,50,16.43790454196278,0.0008001406850435225,0.0009451582423662816,0.00046940575993854384,1.7045821618130115,2.0135207597154854,0.25160315765207725,0.007311689491991518,1.9668776093117264e-05,0.00046940575993854384,0.006962249197818517
Cora,Clustering Coefficient,46,pop200_gen50,200,50,14.560858833021484,0.009046806000109101,0.008852141417229288,0.0022869626987834933,3.9558170340606686,3.870697769551737,0.271013070923813,0.011037694092559613,1.874404697143132e-05,0.0007568943933862402,0.0022869626987834933
Cora,Degree,46,pop100_gen100,100,100,13.976742416038178,0.3140261802938003,0.2945763992652208,0.13715547690702062,2.2895635477005594,2.1477552767719055,0.13715547690702062,0.012978360199091977,1.3574114959543181e-05,0.0009021028666885677,0.012538719188482364
Cora,Neighborhood Heterogeneity,46,pop100_gen100,100,100,13.112011333927512,0.014178792912669047,0.010152078986269181,0.001602905103494278,8.845684552229427,6.333549605736483,0.2587584895799403,0.001602905103494278,1.9258456078500464e-05,0.0008847910612332976,0.011757125177295416
Cora,PageRank,46,pop100_gen100,100,100,14.86810099997092,2.2942128319194617e-05,2.2775997990079294e-05,1.1961356683763574e-05,1.9180205829273878,1.9041316626729798,0.17481270964864984,0.010824065511903003,1.1961356683763574e-05,0.0007271695122567756,0.011906006057466173
Cora,Eigenvector Centrality,46,pop100_gen100,100,100,16.168817708967254,0.0008001406850435225,0.0009451582423662816,0.00044950150162633063,1.7800623182537825,2.1026809453286077,0.2872271085996724,0.005829974730863078,2.1255436453449383e-05,0.00044950150162633063,0.008195577065784693
Cora,Clustering Coefficient,46,pop100_gen100,100,100,14.059279624954797,0.009046806000109101,0.008852141417229288,0.002062430060990507,4.386478926594128,4.292092897917683,0.29482633164438415,0.007266138560400327,2.13702794187038e-05,0.0006958972278759267,0.002062430060990507
Cora,Degree,47,pop50_gen20,50,20,1.4760992910014465,0.31768153100649216,0.2880278680768634,0.1623406434497355,1.9568822954977005,1.7742190862144984,0.1623406434497355,0.01834800111864305,1.3221804812809378e-05,0.0009003022367458887,0.011589210506647697
Cora,Neighborhood Heterogeneity,47,pop50_gen20,50,20,1.3239952919539064,0.010274027356923687,0.009883455740463695,0.0032857576568174917,3.126836617303928,3.0079685639495946,0.25184412127200967,0.0032857576568174917,2.1267726446363325e-05,0.0008337818781603964,0.0105777226752709
Cora,PageRank,47,pop50_gen20,50,20,1.654740042053163,2.2553091784675095e-05,2.027334688141987e-05,1.1588452955024208e-05,1.9461693353034786,1.7494437747732583,0.18341319965401892,0.008117966377919235,1.1588452955024208e-05,0.0009884331951227746,0.008130113601357741
Cora,Eigenvector Centrality,47,pop50_gen20,50,20,1.6460138750262558,0.0010214660426692127,0.0009207177881725827,0.0004846213596497409,2.1077610846692254,1.8998704242793376,0.29280772710090563,0.007865136937505176,2.126445966753216e-05,0.0004846213596497409,0.01214866937669314
Cora,Clustering Coefficient,47,pop50_gen20,50,20,1.5412354581058025,0.012768371341230794,0.00984849756876673,0.0032214574690220517,3.9635386976277323,3.05715585677326,0.29558872453876395,0.008466615748040548,2.239055145618214e-05,0.0007285579760859392,0.0032214574690220517
Cora,Degree,47,pop100_gen50,100,50,7.393530874978751,0.31768153100649216,0.2880278680768634,0.13856041964040472,2.292729278901917,2.0787167708091543,0.13856041964040472,0.011568856592490535,1.3396623158178872e-05,0.0007564185497699013,0.014023548481007292
Cora,Neighborhood Heterogeneity,47,pop100_gen50,100,50,6.623641792102717,0.010274027356923687,0.009883455740463695,0.0026349490597259305,3.8991369943190937,3.750909606385979,0.2727604989567975,0.0026349490597259305,2.0221771518341044e-05,0.0011442451815807052,0.012991744789570155
Cora,PageRank,47,pop100_gen50,100,50,8.157799249980599,2.2553091784675095e-05,2.027334688141987e-05,1.0405989809989715e-05,2.1673182653921303,1.9482382023820095,0.16490877440957924,0.012023802554525533,1.0405989809989715e-05,0.0009843781456256244,0.007502866542760474
Cora,Eigenvector Centrality,47,pop100_gen50,100,50,7.890127416001633,0.0010214660426692127,0.0009207177881725827,0.0005039703854614911,2.0268374335802393,1.8269283567713437,0.25618449900386825,0.006510493047941691,1.9041995257411986e-05,0.0005039703854614911,0.01285116789566848
Cora,Clustering Coefficient,47,pop100_gen50,100,50,7.174759458983317,0.012768371341230794,0.00984849756876673,0.002917300504211516,4.376776174685443,3.375894102972627,0.24001370420767879,0.010828675509474209,1.811967687140592e-05,0.0007611556473069524,0.002917300504211516
Cora,Degree,47,pop200_gen50,200,50,16.2842520410195,0.31768153100649216,0.2880278680768634,0.13528505939818133,2.3482381012338367,2.129044177961424,0.13528505939818133,0.010143958376774153,1.2620817892359201e-05,0.0008193251320023221,0.009028090958383741
Cora,Neighborhood Heterogeneity,47,pop200_gen50,200,50,13.589444666984491,0.010274027356923687,0.009883455740463695,0.0023944780839688863,4.290716806183633,4.127603341468762,0.3002353367360532,0.0023944780839688863,2.1341694311252322e-05,0.0007625687954994593,0.012079013420614135
Cora,PageRank,47,pop200_gen50,200,50,16.748528790893033,2.2553091784675095e-05,2.027334688141987e-05,1.0456177219477682e-05,2.1569156022588616,1.9388870765938093,0.17548961219304543,0.015155284731715865,1.0456177219477682e-05,0.0007109924820897735,0.010099045896012881
Cora,Eigenvector Centrality,47,pop200_gen50,200,50,15.768284916994162,0.0010214660426692127,0.0009207177881725827,0.0005179191909857144,1.972249842152282,1.7777247960637523,0.28373661198339456,0.013912223609438567,2.1232691688028884e-05,0.0005179191909857144,0.007396335623987334
Cora,Clustering Coefficient,47,pop200_gen50,200,50,15.119368999963626,0.012768371341230794,0.00984849756876673,0.0028079335418735064,4.547248412692665,3.5073827146904715,0.19987890966042268,0.007694780096697386,1.4622024903617164e-05,0.0008261764690049347,0.0028079335418735064
Cora,Degree,47,pop100_gen100,100,100,14.71031483297702,0.31768153100649216,0.2880278680768634,0.12546856704283915,2.53196109985081,2.2956177380946823,0.12546856704283915,0.009157613033348423,1.2880279487214512e-05,0.0007340365719127985,0.012104058813496184
Cora,Neighborhood Heterogeneity,47,pop100_gen100,100,100,13.090042333002202,0.010274027356923687,0.009883455740463695,0.0021855905511954585,4.700801507081953,4.52209849418397,0.2662361648803697,0.0021855905511954585,2.0424650090673973e-05,0.0011276404395347095,0.012605861340561806
Cora,PageRank,47,pop100_gen100,100,100,16.28237316699233,2.2553091784675095e-05,2.027334688141987e-05,9.764023609257026e-06,2.30981536784621,2.0763312024562515,0.1641756755663466,0.010228010075802214,9.764023609257026e-06,0.0010647689622422494,0.008711579423161118
Cora,Eigenvector Centrality,47,pop100_gen100,100,100,15.839987791026942,0.0010214660426692127,0.0009207177881725827,0.00048337752410821397,2.113184812541132,1.9047592042497639,0.24182032685757168,0.007082573277457949,1.7967210785606467e-05,0.00048337752410821397,0.012822037552374408
Cora,Clustering Coefficient,47,pop100_gen100,100,100,13.975431957980618,0.012768371341230794,0.00984849756876673,0.00230335490798069,5.543379918131938,4.275718663521434,0.21165117587717486,0.010308975956015551,1.6198664055736716e-05,0.0009332547322373353,0.00230335490798069
Cora,Degree,48,pop50_gen20,50,20,1.463703375076875,0.2637062020259651,0.3136011606473116,0.1513204603864994,1.7427002359919637,2.07243065376829,0.1513204603864994,0.008394773611744292,1.4528552101891035e-05,0.000719853063236266,0.007672855594553894
Cora,Neighborhood Heterogeneity,48,pop50_gen20,50,20,1.327226624940522,0.009239464365049733,0.013119766806272335,0.004018138654866929,2.2994389090726193,3.2651354104919084,0.2962647969036955,0.004018138654866929,2.2680132132789637e-05,0.0008685373861551081,0.012438237693435151
Cora,PageRank,48,pop50_gen20,50,20,1.4687805419089273,2.0654281493744336e-05,2.3143998465849207e-05,1.3147202544078453e-05,1.571002000197152,1.7603743753284873,0.20424161257041407,0.01284147908998549,1.3147202544078453e-05,0.0010666118644119438,0.007549068611183779
Cora,Eigenvector Centrality,48,pop50_gen20,50,20,1.6388784589944407,0.0007731359391120941,0.0006711729868201665,0.0005320673612282895,1.4530790562444806,1.2614436361417634,0.2290783042298822,0.010487252226417665,1.6965814742236748e-05,0.0005320673612282895,0.011991394994955286
Cora,Clustering Coefficient,48,pop50_gen20,50,20,1.4448688329430297,0.01183222355609575,0.013172902317332045,0.004875994314845292,2.4266278408224866,2.7015827884020003,0.3142480779960045,0.014924700216035707,2.3771654785527522e-05,0.0011452810177821045,0.004875994314845292
Cora,Degree,48,pop100_gen50,100,50,7.3206102079711854,0.2637062020259651,0.3136011606473116,0.13620085011384692,1.9361567993558018,2.3024904792090517,0.13620085011384692,0.009861030790121914,1.3798063200807047e-05,0.0006882264067222718,0.010016683079856824
Cora,Neighborhood Heterogeneity,48,pop100_gen50,100,50,6.663461374933831,0.009239464365049733,0.013119766806272335,0.0020782424025760048,4.445806876809613,6.312914600342211,0.24127544803571555,0.0020782424025760048,1.7585036060814276e-05,0.000785805121913324,0.014445148667360002
Cora,PageRank,48,pop100_gen50,100,50,8.238729375065304,2.0654281493744336e-05,2.3143998465849207e-05,1.0290278290725052e-05,2.007164520745827,2.2491129794526175,0.15770705821906428,0.010035530594409977,1.0290278290725052e-05,0.000711241322583308,0.007893491351784021
Cora,Eigenvector Centrality,48,pop100_gen50,100,50,7.8506351669784635,0.0007731359391120941,0.0006711729868201665,0.0005132507909975197,1.5063511886839553,1.3076901167862205,0.2548320348967133,0.0078228116204664,1.9268926314159247e-05,0.0005132507909975197,0.01052551186656089
Cora,Clustering Coefficient,48,pop100_gen50,100,50,6.996347583015449,0.01183222355609575,0.013172902317332045,0.0029705678876053745,3.9831520449222615,4.43447273913371,0.23675454354753028,0.006817963076971753,1.8358630962386816e-05,0.0008856867250669021,0.0029705678876053745
Cora,Degree,48,pop200_gen50,200,50,15.02935508301016,0.2637062020259651,0.3136011606473116,0.13876407052185058,1.900392522605053,2.2599593646103813,0.13876407052185058,0.01099461850195781,1.133594281487738e-05,0.001202803173032985,0.013266173236255877
Cora,Neighborhood Heterogeneity,48,pop200_gen50,200,50,13.44674575002864,0.009239464365049733,0.013119766806272335,0.0026927293600019666,3.431263647321387,4.872293146557719,0.23071864817927962,0.0026927293600019666,1.6688284309600748e-05,0.0006951031441549454,0.007039283781986515
Cora,PageRank,48,pop200_gen50,200,50,16.504760207957588,2.0654281493744336e-05,2.3143998465849207e-05,1.010869329798503e-05,2.0432197203827878,2.2895143599284498,0.16052706703931718,0.02153654899932331,1.010869329798503e-05,0.000726948261606795,0.010450090767268843
Cora,Eigenvector Centrality,48,pop200_gen50,200,50,16.18548883299809,0.0007731359391120941,0.0006711729868201665,0.00047318594014508227,1.633894571920385,1.4184127842310361,0.30164643932047475,0.010379679690166075,2.214085288664228e-05,0.00047318594014508227,0.00988940648432449
Cora,Clustering Coefficient,48,pop200_gen50,200,50,14.565242834039964,0.01183222355609575,0.013172902317332045,0.0031721176634744884,3.73007082692376,4.152715540476983,0.25289509623568185,0.014031691682024488,2.0465665830847185e-05,0.0006975704437517573,0.0031721176634744884
Cora,Degree,48,pop100_gen100,100,100,14.587899292004295,0.2637062020259651,0.3136011606473116,0.12360241125625726,2.1335037022800414,2.5371767222011683,0.12360241125625726,0.011113065819292025,1.3169164935826448e-05,0.0006884293819651284,0.010457468667175404
Cora,Neighborhood Heterogeneity,48,pop100_gen100,100,100,13.105204417021014,0.009239464365049733,0.013119766806272335,0.001555501665738568,5.939861440561519,8.434428001748836,0.23770426986385812,0.001555501665738568,1.7207310898473317e-05,0.0007473999104064636,0.012744126159864682
Cora,PageRank,48,pop100_gen100,100,100,16.305750625091605,2.0654281493744336e-05,2.3143998465849207e-05,9.612293686331804e-06,2.148736000764696,2.407749827573288,0.16791546681469813,0.010031364431499306,9.612293686331804e-06,0.0008277339798193068,0.010298096181508941
Cora,Eigenvector Centrality,48,pop100_gen100,100,100,15.040799875045195,0.0007731359391120941,0.0006711729868201665,0.0005132507909975197,1.5063511886839553,1.3076901167862205,0.2548320348967133,0.0078228116204664,1.9268926314159247e-05,0.0005132507909975197,0.01052551186656089
Cora,Clustering Coefficient,48,pop100_gen100,100,100,15.140004040906206,0.01183222355609575,0.013172902317332045,0.0019105250631338815,6.193178924691551,6.894912069734488,0.2259445621265236,0.008471763780393504,1.7209350852455904e-05,0.0008154993884121637,0.0019105250631338815
Cora,Degree,49,pop50_gen20,50,20,1.4918887920212,0.3154930318473451,0.2900046744947395,0.1602950238186434,1.968202283087038,1.809193246216106,0.1602950238186434,0.011403122064434378,1.3733342045748025e-05,0.0007884327165828221,0.009784537492098492
Cora,Neighborhood Heterogeneity,49,pop50_gen20,50,20,1.807214291067794,0.008909908242716591,0.010625235320861959,0.0031866575674084525,2.7960042942306376,3.334288387158877,0.2262281097215531,0.0031866575674084525,1.6632874405492965e-05,0.0010890386217055881,0.006960738074136756
Cora,PageRank,49,pop50_gen20,50,20,1.6692952079465613,2.3047210921676986e-05,2.0006104375366654e-05,1.1929086781214908e-05,1.9320180449999007,1.6770859951216777,0.1905664198632425,0.008886891788707661,1.1929086781214908e-05,0.0006578367828258024,0.014142735039763562
Cora,Eigenvector Centrality,49,pop50_gen20,50,20,1.6432599170366302,0.0008739664155879493,0.0008792224777580289,0.000510811575358301,1.7109369829274497,1.7212266130447644,0.2633747720167484,0.012807655307800434,1.8755943597052002e-05,0.000510811575358301,0.013328848481903138
Cora,Clustering Coefficient,49,pop50_gen20,50,20,1.4890974999871105,0.016545362500120776,0.009567545979614522,0.0034703854778025344,4.76758636928062,2.7569115998239884,0.24282428384150062,0.010521250120348071,1.8924246770809506e-05,0.0007924986312917258,0.0034703854778025344
Cora,Degree,49,pop100_gen50,100,50,7.586260207928717,0.3154930318473451,0.2900046744947395,0.13543780637488467,2.329431052464606,2.141238715075035,0.13543780637488467,0.013409802328875165,1.2155249911197586e-05,0.0008166723974470123,0.00916369730109968
Cora,Neighborhood Heterogeneity,49,pop100_gen50,100,50,7.473027750034817,0.008909908242716591,0.010625235320861959,0.00234922587214293,3.7926996924263827,4.522866637412678,0.26697123439233394,0.00234922587214293,1.9824501675098404e-05,0.00074023936450841,0.008315998990057366
Cora,PageRank,49,pop100_gen50,100,50,9.375864750007167,2.3047210921676986e-05,2.0006104375366654e-05,1.043276127656636e-05,2.209118977297476,1.9176231339926797,0.17072293932051946,0.013833259571186543,1.043276127656636e-05,0.0009302619920942513,0.010340866771123247
Cora,Eigenvector Centrality,49,pop100_gen50,100,50,8.77127308305353,0.0008739664155879493,0.0008792224777580289,0.00047904441525197146,1.8243953749638302,1.8353673475048629,0.25740150180069754,0.010502877750087689,1.920366685240228e-05,0.00047904441525197146,0.01103138743544502
Cora,Clustering Coefficient,49,pop100_gen50,100,50,7.608907875022851,0.016545362500120776,0.009567545979614522,0.002991795881057031,5.530244427729855,3.197927385418491,0.30092347894321647,0.009292525269357308,1.8745912610648202e-05,0.0009112769555925139,0.002991795881057031
Cora,Degree,49,pop200_gen50,200,50,14.987423792015761,0.3154930318473451,0.2900046744947395,0.13241161583481237,2.3826688456164793,2.1901754817079597,0.13241161583481237,0.01385688902049872,1.2443411961424933e-05,0.0008307647450644098,0.011936313247604009
Cora,Neighborhood Heterogeneity,49,pop200_gen50,200,50,13.479776542051695,0.008909908242716591,0.010625235320861959,0.002271802752538887,3.921955034502529,4.677006095264023,0.2483104502860165,0.002271802752538887,1.780008016218789e-05,0.0008971509047257864,0.012791177817750115
Cora,PageRank,49,pop200_gen50,200,50,17.59997812495567,2.3047210921676986e-05,2.0006104375366654e-05,1.1158468190990433e-05,2.06544576972364,1.7929077748789908,0.1791115572497331,0.014178037923576947,1.1158468190990433e-05,0.0011939620387084386,0.011033163993442594
Cora,Eigenvector Centrality,49,pop200_gen50,200,50,16.381083166925237,0.0008739664155879493,0.0008792224777580289,0.00047615415277462705,1.8354694808292775,1.8465080533996348,0.2531202733482748,0.012022088596767583,1.911703428797201e-05,0.00047615415277462705,0.013893531795000715
Cora,Clustering Coefficient,49,pop200_gen50,200,50,14.532249875017442,0.016545362500120776,0.009567545979614522,0.0025921374652810155,6.382903191566301,3.690987113053164,0.24073344562450694,0.00732258140982215,1.7604416074829378e-05,0.0008109072897547054,0.0025921374652810155
Cora,Degree,49,pop100_gen100,100,100,14.842690167017281,0.3154930318473451,0.2900046744947395,0.11986646865542964,2.6320374278670644,2.41939783283674,0.11986646865542964,0.014704238913517905,1.240504235448858e-05,0.0007739783736809515,0.011218008063007379
Cora,Neighborhood Heterogeneity,49,pop100_gen100,100,100,12.415326624992304,0.008909908242716591,0.010625235320861959,0.00234922587214293,3.7926996924263827,4.522866637412678,0.26697123439233394,0.00234922587214293,1.9824501675098404e-05,0.00074023936450841,0.008315998990057366
Cora,PageRank,49,pop100_gen100,100,100,16.2721151659498,2.3047210921676986e-05,2.0006104375366654e-05,9.723504985043024e-06,2.370257531325265,2.0574992665855185,0.16269529631900842,0.01199951953305762,9.723504985043024e-06,0.0008215548328275736,0.011402796219932454
Cora,Eigenvector Centrality,49,pop100_gen100,100,100,16.341902415966615,0.0008739664155879493,0.0008792224777580289,0.00045551357993670754,1.9186396500174259,1.930178410663837,0.2644436996113672,0.012085930820706196,1.9285776696731608e-05,0.00045551357993670754,0.011362797121774758
Cora,Clustering Coefficient,49,pop100_gen100,100,100,14.214456333080307,0.016545362500120776,0.009567545979614522,0.0023609187608481753,7.00801856230612,4.052467259050167,0.2955429387307285,0.008458443067873736,1.8746852857951395e-05,0.0008213459553130812,0.0023609187608481753
