Dataset,TargetProperty,StratSeed,HyperparamName,Population,Generations,EvolutionSeconds,RandomTargetEmd,LabelTargetEmd,WdesTargetEmd,RandomToWdesRatio,LabelToWdesRatio,DegreeEmd,NeighHetEmd,PageRankEmd,EigCentralityEmd,ClusteringEmd
actor,Degree,0,pop50_gen20,50,20,4.1476171660469845,0.496157894736802,0.6359473684210127,0.40094736842101336,1.2374639012864481,1.5861118403781078,0.40094736842101336,0.008606475951444167,8.008946059834214e-06,0.00022359050127864353,0.002231595075908157
actor,Neighborhood Heterogeneity,0,pop50_gen20,50,20,4.294624625006691,0.006015496926088082,0.009109474729844618,0.0020373516528818165,2.952606103899252,4.471233386224388,0.49026315789469715,0.0020373516528818165,9.175432327098874e-06,0.0002905197823746315,0.004393861174163545
actor,PageRank,0,pop50_gen20,50,20,5.3532342499820516,9.798000843795103e-06,1.113482221528018e-05,7.491755228655006e-06,1.3078378223462244,1.4862768303869445,0.39205263157890735,0.007659837397795759,7.491755228655006e-06,0.0003548085706532573,0.004305125557369828
actor,Eigenvector Centrality,0,pop50_gen20,50,20,4.787523709004745,0.00031123446953945346,0.0003159572111206976,0.00020347340020860751,1.5296076500435232,1.552818259275011,0.5207368421052239,0.004746638306661659,9.522079063860408e-06,0.00020347340020860751,0.004688254701500025
actor,Clustering Coefficient,0,pop50_gen20,50,20,4.261432375060394,0.004161867841800603,0.006023531106922172,0.0016783881013270057,2.479681450619229,3.5888785806808983,0.540052631578908,0.006928477901181107,9.854607962177157e-06,0.0002856618409892941,0.0016783881013270057
actor,Degree,0,pop100_gen50,100,50,21.11960008298047,0.496157894736802,0.6359473684210127,0.36099999999996024,1.3743986003791042,1.7616270593381795,0.36099999999996024,0.0055102080151830865,7.68641084092332e-06,0.0002969728418516628,0.003988111002210544
actor,Neighborhood Heterogeneity,0,pop100_gen50,100,50,21.629741874989122,0.006015496926088082,0.009109474729844618,0.0013819731157273026,4.352832090313316,6.591643951807629,0.48784210526311833,0.0013819731157273026,9.123924573710497e-06,0.0003071217176413126,0.003480531119416299
actor,PageRank,0,pop100_gen50,100,50,26.331991874962114,9.798000843795103e-06,1.113482221528018e-05,7.169085977134105e-06,1.3667015397842845,1.5531718061123614,0.3751052631578557,0.006403960178949335,7.169085977134105e-06,0.00022863046197645615,0.0028778979813990774
actor,Eigenvector Centrality,0,pop100_gen50,100,50,26.225908208987676,0.00031123446953945346,0.0003159572111206976,0.0001812972577430902,1.7167080926314537,1.7427578059036566,0.46894736842101264,0.0067710013926813445,9.00576834210228e-06,0.0001812972577430902,0.006337159250066613
actor,Clustering Coefficient,0,pop100_gen50,100,50,21.004754457972012,0.004161867841800603,0.006023531106922172,0.0011144160804790221,3.734572674159242,5.405100673289827,0.42415789473680254,0.007414453114824077,8.234186469306358e-06,0.000286844270964077,0.0011144160804790221
actor,Degree,0,pop200_gen50,200,50,43.493125499924645,0.496157894736802,0.6359473684210127,0.3484736842104863,1.4238030508987043,1.824950913759346,0.3484736842104863,0.008191719016746469,7.6258753343221976e-06,0.0003139355186667737,0.003383337201094462
actor,Neighborhood Heterogeneity,0,pop200_gen50,200,50,43.61931358301081,0.006015496926088082,0.009109474729844618,0.0014225807740892217,4.228580222405565,6.403485057413892,0.5271052631578549,0.0014225807740892217,9.591021140294446e-06,0.00027927560842031884,0.005137036550529023
actor,PageRank,0,pop200_gen50,200,50,53.954737166990526,9.798000843795103e-06,1.113482221528018e-05,7.110050473573197e-06,1.3780494076958445,1.5660679564324262,0.39068421052627617,0.009039775621930233,7.110050473573197e-06,0.0002529251363739001,0.005831081853788949
actor,Eigenvector Centrality,0,pop200_gen50,200,50,58.078192917048,0.00031123446953945346,0.0003159572111206976,0.00019091483467977824,1.6302267451426053,1.6549641710695406,0.5450526315789073,0.007021551243372656,9.828823518738985e-06,0.00019091483467977824,0.004262757595703363
actor,Clustering Coefficient,0,pop200_gen50,200,50,46.32924799993634,0.004161867841800603,0.006023531106922172,0.0010240619798302939,4.064078077081137,5.881998575828763,0.5485789473683818,0.008045215721095077,9.950126312463193e-06,0.00030992617163313064,0.0010240619798302939
actor,Degree,0,pop100_gen100,100,100,42.9696996670682,0.496157894736802,0.6359473684210127,0.3412105263157499,1.4541107511954854,1.863797624556632,0.3412105263157499,0.00462282178384301,7.5571428973691125e-06,0.0003182837313188266,0.003989654382801371
actor,Neighborhood Heterogeneity,0,pop100_gen100,100,100,43.301599583006464,0.006015496926088082,0.009109474729844618,0.0010794686895648103,5.5726460473005845,8.43885035101585,0.49721052631574986,0.0010794686895648103,9.259172082783523e-06,0.000297090292337014,0.002709712204036408
actor,PageRank,0,pop100_gen100,100,100,56.19891141704284,9.798000843795103e-06,1.113482221528018e-05,6.842991367625705e-06,1.4318300750969222,1.6271863600411935,0.37557894736838165,0.005303927124624971,6.842991367625705e-06,0.0002515379923414173,0.003374223560036202
actor,Eigenvector Centrality,0,pop100_gen100,100,100,54.23257216694765,0.00031123446953945346,0.0003159572111206976,0.00017285743589903925,1.8005269366672545,1.8278485358607226,0.49363157894732845,0.006754567233355421,9.38638216171038e-06,0.00017285743589903925,0.006445961240962339
actor,Clustering Coefficient,0,pop100_gen100,100,100,42.768083708011545,0.004161867841800603,0.006023531106922172,0.0007775487132182908,5.352549327198475,7.746821523233763,0.4382631578946972,0.007414844115019623,8.544952082435272e-06,0.0002859319190122719,0.0007775487132182908
actor,Degree,1,pop50_gen20,50,20,4.4247913339640945,0.540736842105223,0.5054736842104866,0.37763157894732924,1.4319163763066625,1.3385365853658873,0.37763157894732924,0.005552113276171054,7.67051194173187e-06,0.0002745512723011533,0.003641965668245019
actor,Neighborhood Heterogeneity,1,pop50_gen20,50,20,4.118946874979883,0.00776153839134464,0.006003050755317279,0.0023170383374549815,3.349766926977073,2.590829274715837,0.5375263157894341,0.0023170383374549815,9.660312009964329e-06,0.00031876689537535383,0.00471784492211737
actor,PageRank,1,pop50_gen20,50,20,5.30560333293397,9.816376515667547e-06,9.468123612903362e-06,7.67959096401618e-06,1.2782421045161885,1.2328942592473486,0.40663157894732915,0.006527910982503701,7.67959096401618e-06,0.00027449731572559477,0.004306952611180863
actor,Eigenvector Centrality,1,pop50_gen20,50,20,5.21258874994237,0.0002788365619366752,0.00029068761670026706,0.00019137982546272534,1.4569799155292031,1.5189041791496654,0.5389999999999605,0.00688401303234461,9.98438215077753e-06,0.00019137982546272534,0.004816821686482975
actor,Clustering Coefficient,1,pop50_gen20,50,20,4.212091167108156,0.0036585271334095572,0.003266042509147455,0.0012345142472800195,2.9635357724467877,2.64560940980913,0.4969999999999599,0.007859151673748304,9.182231481323765e-06,0.0003430602207728251,0.0012345142472800195
actor,Degree,1,pop100_gen50,100,50,22.09147620794829,0.540736842105223,0.5054736842104866,0.350105263157855,1.544497895369874,1.4437763078773804,0.350105263157855,0.007741249811296408,7.65471276507524e-06,0.0003884966511289905,0.0031805982111585856
actor,Neighborhood Heterogeneity,1,pop100_gen50,100,50,21.55168745899573,0.00776153839134464,0.006003050755317279,0.0012911563214698905,6.011308051769189,4.6493601553088695,0.5374210526315399,0.0012911563214698905,9.549562332105862e-06,0.0002549425785406842,0.004969897311651145
actor,PageRank,1,pop100_gen50,100,50,27.422054291935638,9.816376515667547e-06,9.468123612903362e-06,7.1460120780849115e-06,1.3736859675583248,1.3249520864846849,0.37952631578943397,0.005135764541692632,7.1460120780849115e-06,0.0002958291022443259,0.004335720344509592
actor,Eigenvector Centrality,1,pop100_gen50,100,50,26.964747834019363,0.0002788365619366752,0.00029068761670026706,0.00018753656805726925,1.486838352782083,1.5500316536212708,0.5594736842104866,0.005043327010775865,1.0174650467138075e-05,0.00018753656805726925,0.0036907519084746947
actor,Clustering Coefficient,1,pop100_gen50,100,50,22.38799104199279,0.0036585271334095572,0.003266042509147455,0.0008574191811232361,4.2669060990877465,3.8091549396747513,0.538368421052592,0.005785003657011614,9.698906193860855e-06,0.000260437118824109,0.0008574191811232361
actor,Degree,1,pop200_gen50,200,50,43.02152279193979,0.540736842105223,0.5054736842104866,0.36063157894732883,1.4994162288383486,1.4016345592528165,0.36063157894732883,0.004662998612676011,7.785771352454358e-06,0.000264213035119037,0.00443073357817157
actor,Neighborhood Heterogeneity,1,pop200_gen50,200,50,43.18890025001019,0.00776153839134464,0.006003050755317279,0.0014593386814782444,5.318531256556943,4.113541860780705,0.5242631578946972,0.0014593386814782444,9.915071832237484e-06,0.0002473026523769702,0.005894969324913514
actor,PageRank,1,pop200_gen50,200,50,57.90307337499689,9.816376515667547e-06,9.468123612903362e-06,7.030815482606835e-06,1.3961931642142742,1.3466608014854116,0.38326315789469767,0.00544848458900263,7.030815482606835e-06,0.0002514279335819095,0.004302012382447868
actor,Eigenvector Centrality,1,pop200_gen50,200,50,54.352839458035305,0.0002788365619366752,0.00029068761670026706,0.00017824035674190116,1.564385120371147,1.6308742981321218,0.4984736842104868,0.007929310166718141,9.098525916408652e-06,0.00017824035674190116,0.004439422673899005
actor,Clustering Coefficient,1,pop200_gen50,200,50,43.33358895895071,0.0036585271334095572,0.003266042509147455,0.0009499384093384127,3.8513308836070212,3.4381623872037133,0.5142631578946967,0.005521135660574628,9.348237364277262e-06,0.00032818005445144565,0.0009499384093384127
actor,Degree,1,pop100_gen100,100,100,43.996613750001416,0.540736842105223,0.5054736842104866,0.3321578947368026,1.6279511963239517,1.5217873554112482,0.3321578947368026,0.007969769121784919,7.462203633210825e-06,0.0003877598573181341,0.002884231209518264
actor,Neighborhood Heterogeneity,1,pop100_gen100,100,100,42.4177094589686,0.00776153839134464,0.006003050755317279,0.0009669563909502346,8.02677190407452,6.2081918186796825,0.5317894736841715,0.0009669563909502346,9.504424987437102e-06,0.0002514479324939495,0.004948232053807912
actor,PageRank,1,pop100_gen100,100,100,56.520452541997656,9.816376515667547e-06,9.468123612903362e-06,6.865222803240245e-06,1.4298700562251843,1.379142947616296,0.37142105263153935,0.005691485104690255,6.865222803240245e-06,0.0003006388767968583,0.0044700865901455234
actor,Eigenvector Centrality,1,pop100_gen100,100,100,56.80953008297365,0.0002788365619366752,0.00029068761670026706,0.000174929266695233,1.593996060261732,1.6617437561589492,0.5549473684210128,0.004416422832757236,1.0211371800638113e-05,0.000174929266695233,0.003652579256784634
actor,Clustering Coefficient,1,pop100_gen100,100,100,43.86663720803335,0.0036585271334095572,0.003266042509147455,0.0007098195810353737,5.154164848584581,4.601229095967547,0.5529473684210133,0.005756892716904218,9.937479882719011e-06,0.00026241417827642724,0.0007098195810353737
actor,Degree,2,pop50_gen20,50,20,4.640376000083052,0.5777894736841707,0.5479999999999603,0.3898421052631182,1.482111516133436,1.4056973133522757,0.3898421052631182,0.007839459353567741,7.928906323829333e-06,0.000338301648584239,0.0022207626763990503
actor,Neighborhood Heterogeneity,2,pop50_gen20,50,20,4.5640562500339,0.005401185589989549,0.005688587478705144,0.0023132265482686044,2.3349142322580594,2.4591570950812915,0.51921052631575,0.0023132265482686044,9.241571031562091e-06,0.000275887501233786,0.004592730383571671
actor,PageRank,2,pop50_gen20,50,20,5.809529833029956,1.0485255007274146e-05,9.98257769997568e-06,7.513978554633854e-06,1.3954331824394033,1.3285342282244665,0.3839473684210132,0.005041609353728986,7.513978554633854e-06,0.00034494565152314163,0.0037154426677251952
actor,Eigenvector Centrality,2,pop50_gen20,50,20,5.405693583074026,0.00040872664021280783,0.000297895091293194,0.00019144576927244812,2.1349473627236204,1.5560285945481351,0.5393157894736453,0.005522268240585139,9.761925947781564e-06,0.00019144576927244812,0.002929931001751524
actor,Clustering Coefficient,2,pop50_gen20,50,20,4.529379874933511,0.006534936127215457,0.0066264791590431695,0.001270427000972311,5.143889512907075,5.215946413270221,0.48231578947364434,0.007258867431922172,8.82227081160331e-06,0.00033270597286590685,0.001270427000972311
actor,Degree,2,pop100_gen50,100,50,22.088014500099234,0.5777894736841707,0.5479999999999603,0.3685789473683808,1.5676138797658776,1.486791375125001,0.3685789473683808,0.005759967128697195,7.847190879462572e-06,0.00024044970563251097,0.0035789629398348356
actor,Neighborhood Heterogeneity,2,pop100_gen50,100,50,22.53506245801691,0.005401185589989549,0.005688587478705144,0.0017105898768886116,3.1574988622133984,3.3255121847512066,0.4903684210525919,0.0017105898768886116,9.01175665842029e-06,0.000341855005593144,0.004102068856352331
actor,PageRank,2,pop100_gen50,100,50,28.36234512506053,1.0485255007274146e-05,9.98257769997568e-06,7.145522750618206e-06,1.467388093665645,1.397039523681038,0.3828947368420656,0.005257629289536883,7.145522750618206e-06,0.00028107298078884537,0.004572387978230734
actor,Eigenvector Centrality,2,pop100_gen50,100,50,26.827356582973152,0.00040872664021280783,0.000297895091293194,0.00018801937665269812,2.17385382022509,1.5843850596497504,0.580684210526276,0.006857481203385088,1.0759355813617248e-05,0.00018801937665269812,0.002924974712372622
actor,Clustering Coefficient,2,pop100_gen50,100,50,22.32022745802533,0.006534936127215457,0.0066264791590431695,0.0009260891187103867,7.056487324152557,7.155336376558215,0.4585789473683814,0.0058936177029421475,8.713007206447156e-06,0.0002949753518011302,0.0009260891187103867
actor,Degree,2,pop200_gen50,200,50,45.49867762508802,0.5777894736841707,0.5479999999999603,0.3483684210525919,1.6585586946669426,1.5730472881100515,0.3483684210525919,0.0047939156570324815,7.478761291319005e-06,0.0003154775896526124,0.003826917701531205
actor,Neighborhood Heterogeneity,2,pop200_gen50,200,50,44.09346074995119,0.005401185589989549,0.005688587478705144,0.001460176281336887,3.6989955658260723,3.8958224095359704,0.4896842105262766,0.001460176281336887,9.21027449797168e-06,0.0002391936446342521,0.0033333356349469364
actor,PageRank,2,pop200_gen50,200,50,56.97713987505995,1.0485255007274146e-05,9.98257769997568e-06,7.113039583573316e-06,1.474089225018309,1.403419393732773,0.39942105263153893,0.006999906788335035,7.113039583573316e-06,0.00021956726760164646,0.0032846537674595935
actor,Eigenvector Centrality,2,pop200_gen50,200,50,55.60624370898586,0.00040872664021280783,0.000297895091293194,0.00018723512820679566,2.1829591707886213,1.5910213758829361,0.5050526315789075,0.008527581791638535,9.526452119035225e-06,0.00018723512820679566,0.006261362305092484
actor,Clustering Coefficient,2,pop200_gen50,200,50,43.25284516601823,0.006534936127215457,0.0066264791590431695,0.0013083147100433894,4.9949267382300775,5.064896930512542,0.48057894736838136,0.006340570655406307,8.803483934120824e-06,0.00024264820790124785,0.0013083147100433894
actor,Degree,2,pop100_gen100,100,100,43.98869875003584,0.5777894736841707,0.5479999999999603,0.34421052631575,1.6785932721713306,1.5920489296636757,0.34421052631575,0.00543058154614348,7.487324493826634e-06,0.000230073926417283,0.003771547645770408
actor,Neighborhood Heterogeneity,2,pop100_gen100,100,100,42.85028708295431,0.005401185589989549,0.005688587478705144,0.0012871109707967205,4.196363571235991,4.419655808841342,0.4772105263157499,0.0012871109707967205,8.721058160971763e-06,0.0003352118970983932,0.004369219190336551
actor,PageRank,2,pop100_gen100,100,100,53.12051712500397,1.0485255007274146e-05,9.98257769997568e-06,6.8640446976429426e-06,1.5275621691208825,1.4543287725681064,0.36994736842101333,0.00516823700629174,6.8640446976429426e-06,0.00031366668998638377,0.004168008484093698
actor,Eigenvector Centrality,2,pop100_gen100,100,100,51.29218683403451,0.00040872664021280783,0.000297895091293194,0.0001809286001806077,2.259049369777946,1.6464787269443706,0.5484736842104866,0.006719192158822948,1.0471308173525949e-05,0.0001809286001806077,0.0029614141356372353
actor,Clustering Coefficient,2,pop100_gen100,100,100,43.19451474992093,0.006534936127215457,0.0066264791590431695,0.0006438700561797887,10.149464266110703,10.291640518832962,0.4677368421052236,0.004790485460801344,8.95561471364272e-06,0.00026844992068401143,0.0006438700561797887
actor,Degree,3,pop50_gen20,50,20,4.3667306249262765,0.5276315789473288,0.6163157894736446,0.37299999999996036,1.4145618738535788,1.6523211514040486,0.37299999999996036,0.005459667314040034,7.564843165961908e-06,0.00035918356860214324,0.0060505323044758785
actor,Neighborhood Heterogeneity,3,pop50_gen20,50,20,4.094059207942337,0.006091901361648188,0.007811699531188138,0.002402484075411366,2.535667738236767,3.2515093902758037,0.5226842105262758,0.002402484075411366,9.787473666520828e-06,0.00029451328644624134,0.005817196017659376
actor,PageRank,3,pop50_gen20,50,20,5.2370402090018615,9.83327029287186e-06,1.0702328982436904e-05,7.68119462970901e-06,1.280174603939749,1.3933156882970879,0.4149473684210129,0.011226993749310313,7.68119462970901e-06,0.00022808108724958797,0.0037822278342370718
actor,Eigenvector Centrality,3,pop50_gen20,50,20,5.19498366699554,0.0002574079023538405,0.00036735115405897784,0.0001982958748568471,1.2981001371796932,1.8525405751590869,0.5154736842104869,0.0068365062007582494,9.881102294721355e-06,0.0001982958748568471,0.004775940021289235
actor,Clustering Coefficient,3,pop50_gen20,50,20,4.360349041991867,0.005183105569152459,0.00431302188229838,0.0011862839068451981,4.369194877587443,3.63574171192158,0.4788947368420661,0.006833490576006865,8.959092308828756e-06,0.00027650063316515816,0.0011862839068451981
actor,Degree,3,pop100_gen50,100,50,21.357280708965845,0.5276315789473288,0.6163157894736446,0.3464736842104871,1.5228619170591498,1.7788242442656197,0.3464736842104871,0.00773571790186198,7.180167421430104e-06,0.00025214088668538455,0.004432653530564342
actor,Neighborhood Heterogeneity,3,pop100_gen50,100,50,21.411732416949235,0.006091901361648188,0.007811699531188138,0.001453081306658288,4.192402265264832,5.375954872857756,0.5197894736841706,0.001453081306658288,9.718683981783478e-06,0.00022689299618507854,0.0026989289096561466
actor,PageRank,3,pop100_gen50,100,50,26.413765499950387,9.83327029287186e-06,1.0702328982436904e-05,7.0829360073837375e-06,1.3883042685435791,1.5110017895516865,0.3873684210525923,0.004819589978181999,7.0829360073837375e-06,0.0002484153326015058,0.0036331346349002965
actor,Eigenvector Centrality,3,pop100_gen50,100,50,26.877247166004963,0.0002574079023538405,0.00036735115405897784,0.0001793410551588276,1.435298248501301,2.0483383112341187,0.44999999999996065,0.00595073733978758,8.722277414971238e-06,0.0001793410551588276,0.004552853904508309
actor,Clustering Coefficient,3,pop100_gen50,100,50,21.405589167028666,0.005183105569152459,0.00431302188229838,0.0010723064722928156,4.8336046672085216,4.022191410517403,0.5392105263157492,0.007612116786602297,9.893667722394207e-06,0.0003440723846723912,0.0010723064722928156
actor,Degree,3,pop200_gen50,200,50,43.81455474998802,0.5276315789473288,0.6163157894736446,0.344052631578908,1.5335780939269383,1.7913415940034556,0.344052631578908,0.008013908212514294,7.39612043863616e-06,0.0003148117417421404,0.005453671807456342
actor,Neighborhood Heterogeneity,3,pop200_gen50,200,50,44.15331487497315,0.006091901361648188,0.007811699531188138,0.0013982252636434178,4.356881197936769,5.586867677410466,0.45378947368417083,0.0013982252636434178,8.793044696567376e-06,0.0002835782163515406,0.0044153117896996
actor,PageRank,3,pop200_gen50,200,50,56.386536375037394,9.83327029287186e-06,1.0702328982436904e-05,7.058516555057142e-06,1.3931072083165574,1.516229210338696,0.37894736842101323,0.00457583518963503,7.058516555057142e-06,0.0002871456840241048,0.004235474333944329
actor,Eigenvector Centrality,3,pop200_gen50,200,50,55.058539125020616,0.0002574079023538405,0.00036735115405897784,0.00018364363882208897,1.4016706704620092,2.0003478280827456,0.5098421052631187,0.008048874959741766,1.0027807193444919e-05,0.00018364363882208897,0.004644655637327598
actor,Clustering Coefficient,3,pop200_gen50,200,50,45.33465829200577,0.005183105569152459,0.00431302188229838,0.0009320455815352649,5.561000096813775,4.627479565102356,0.5249999999999602,0.005388675681266342,9.716158520984116e-06,0.0003587386640739309,0.0009320455815352649
actor,Degree,3,pop100_gen100,100,100,45.09253416606225,0.5276315789473288,0.6163157894736446,0.3256315789473291,1.6203329561985549,1.8926781962179833,0.3256315789473291,0.00839919878189501,7.305406295144992e-06,0.0002665033452812398,0.004181627400795182
actor,Neighborhood Heterogeneity,3,pop100_gen100,100,100,44.060560167068616,0.006091901361648188,0.007811699531188138,0.0011461791029494025,5.314964603675131,6.81542658654891,0.5177368421052232,0.0011461791029494025,9.815980545851475e-06,0.00023540808950035268,0.0025094757417631628
actor,PageRank,3,pop100_gen100,100,100,56.08516345801763,9.83327029287186e-06,1.0702328982436904e-05,6.768881909984889e-06,1.452717069619229,1.5811073563936346,0.3840526315789079,0.004973000120665684,6.768881909984889e-06,0.0002686471871885876,0.003560666233294845
actor,Eigenvector Centrality,3,pop100_gen100,100,100,57.33003429195378,0.0002574079023538405,0.00036735115405897784,0.00017389944212610126,1.4802112025591434,2.112434344628876,0.4361578947368029,0.00558016389735827,8.331580985193865e-06,0.00017389944212610126,0.004696125634693835
actor,Clustering Coefficient,3,pop100_gen100,100,100,44.45684204099234,0.005183105569152459,0.00431302188229838,0.000850928924573251,6.09111456841338,5.06860415452607,0.5411052631578543,0.007811549682170148,9.899885156296068e-06,0.0003369274340084258,0.000850928924573251
actor,Degree,4,pop50_gen20,50,20,4.5866609159857035,0.50721052631575,0.5454736842104863,0.3938421052631188,1.2878524655886954,1.3850060136309323,0.3938421052631188,0.0048683133948790374,7.6269323351092044e-06,0.0003296693491104484,0.005196365428352203
actor,Neighborhood Heterogeneity,4,pop50_gen20,50,20,4.578790417057462,0.006853636174021585,0.006456796404758561,0.002427770693737427,2.823016272377342,2.6595577668905204,0.613105263157855,0.002427770693737427,1.0676584840964883e-05,0.0004027779770112344,0.002984951248465764
actor,PageRank,4,pop50_gen20,50,20,5.458882667007856,9.293377969987334e-06,9.73567270082701e-06,7.43111648584635e-06,1.250603188321423,1.3101224720901663,0.3856315789473293,0.0047606449957544855,7.43111648584635e-06,0.00032387173192178435,0.003576887908673601
actor,Eigenvector Centrality,4,pop50_gen20,50,20,5.224468125030398,0.0003511758988569417,0.00025880116507529807,0.00019954613852357633,1.7598731875006959,1.2969490013194154,0.5691052631578544,0.005429288462490625,1.012820552196061e-05,0.00019954613852357633,0.005967031167516741
actor,Clustering Coefficient,4,pop50_gen20,50,20,4.527526249992661,0.00342781116754739,0.004495776475574645,0.0014755538683492993,2.3230674535671674,3.04683995075291,0.4269473684210129,0.008858776300851452,8.333282652382053e-06,0.0002652905658073271,0.0014755538683492993
actor,Degree,4,pop100_gen50,100,50,22.167011458892375,0.50721052631575,0.5454736842104863,0.34931578947364444,1.45201145095681,1.5615488925720082,0.34931578947364444,0.004286388822292029,7.534560435545313e-06,0.00029961325499541466,0.0044797465025534725
actor,Neighborhood Heterogeneity,4,pop100_gen50,100,50,22.38170562509913,0.006853636174021585,0.006456796404758561,0.0017133827872182158,4.000061296955652,3.7684494398601807,0.49789473684206564,0.0017133827872182158,9.196609351603972e-06,0.00036494260822645986,0.00684445020655289
actor,PageRank,4,pop100_gen50,100,50,28.21908187493682,9.293377969987334e-06,9.73567270082701e-06,7.0435596379952245e-06,1.3194149616986084,1.3822091671247676,0.39173684210522397,0.008770869701708612,7.0435596379952245e-06,0.00034554574797288377,0.0049074191708947685
actor,Eigenvector Centrality,4,pop100_gen50,100,50,27.60469645797275,0.0003511758988569417,0.00025880116507529807,0.0001750901498153404,2.0056862092317065,1.4781023681129057,0.5120526315789075,0.005108021899273518,9.45661032495853e-06,0.0001750901498153404,0.004667806308736404
actor,Clustering Coefficient,4,pop100_gen50,100,50,22.252103584003635,0.00342781116754739,0.004495776475574645,0.0008890643609341224,3.855526459238402,5.056750301914049,0.5672631578946971,0.005888147976641589,1.0270310843332089e-05,0.00034315041034199006,0.0008890643609341224
actor,Degree,4,pop200_gen50,200,50,45.75925516698044,0.50721052631575,0.5454736842104863,0.34747368421048686,1.4597091790367078,1.5698273250530772,0.34747368421048686,0.006542637794621683,7.482529817935098e-06,0.00031712026441336235,0.0041679015297769765
actor,Neighborhood Heterogeneity,4,pop200_gen50,200,50,45.21069370897021,0.006853636174021585,0.006456796404758561,0.0017024828304389513,4.025671244070351,3.792576517845883,0.4973157894736449,0.0017024828304389513,9.768741045329274e-06,0.0002546405625910099,0.006328787908546946
actor,PageRank,4,pop200_gen50,200,50,56.79616641695611,9.293377969987334e-06,9.73567270082701e-06,7.080459635623098e-06,1.3125387966666224,1.3750057484750065,0.37357894736838143,0.005125755640334993,7.080459635623098e-06,0.00030967718977412833,0.004832375848714561
actor,Eigenvector Centrality,4,pop200_gen50,200,50,52.714842417044565,0.0003511758988569417,0.00025880116507529807,0.00019230454472045285,1.8261445633925875,1.3457880855156559,0.4940526315789082,0.006528516977927409,9.316504900968684e-06,0.00019230454472045285,0.003571708014317479
actor,Clustering Coefficient,4,pop200_gen50,200,50,44.51617375004571,0.00342781116754739,0.004495776475574645,0.0010210534427876766,3.3571319814453506,4.403076555229363,0.5417368421052237,0.006134952615260296,1.0008187882737708e-05,0.000289518243140834,0.0010210534427876766
actor,Degree,4,pop100_gen100,100,100,44.47740712505765,0.50721052631575,0.5454736842104863,0.3357368421052233,1.5107383602446143,1.6247060667817008,0.3357368421052233,0.004413468096993473,7.503712333671667e-06,0.0003047639977150326,0.0038582103134139865
actor,Neighborhood Heterogeneity,4,pop100_gen100,100,100,44.658677999977954,0.006853636174021585,0.006456796404758561,0.0013607132183878052,5.0367969395798795,4.745155935509083,0.5045263157894342,0.0013607132183878052,9.27970642482492e-06,0.0003535650067607723,0.006263929867691399
actor,PageRank,4,pop100_gen100,100,100,56.11772295809351,9.293377969987334e-06,9.73567270082701e-06,6.760551523763965e-06,1.3746479022192566,1.4400707792264016,0.375473684210487,0.008486238373737583,6.760551523763965e-06,0.0003717150112360552,0.004992934195956732
actor,Eigenvector Centrality,4,pop100_gen100,100,100,55.43440287502017,0.0003511758988569417,0.00025880116507529807,0.00017054637189282512,2.059122659481891,1.5174826776023949,0.5056842105262762,0.005325715414787592,9.447242699988143e-06,0.00017054637189282512,0.004679229596342418
actor,Clustering Coefficient,4,pop100_gen100,100,100,44.11769425007515,0.00342781116754739,0.004495776475574645,0.0007291973942496903,4.7008000776997365,6.165376496168896,0.5383157894736443,0.006369195383140132,9.6644755729258e-06,0.00031071045166532077,0.0007291973942496903
actor,Degree,5,pop50_gen20,50,20,4.770705375005491,0.47547368421048664,0.5398421052631183,0.3726842105262766,1.275808501624092,1.4485242197430201,0.3726842105262766,0.009230554596668012,7.490297556569361e-06,0.0002730783509637885,0.0038399110959381607
actor,Neighborhood Heterogeneity,5,pop50_gen20,50,20,4.444799207965843,0.006159292837702915,0.006054319873452189,0.0017532897311213747,3.5129920220108373,3.453120021172968,0.4887894736841714,0.0017532897311213747,9.081862525662409e-06,0.00026317129901063107,0.004186716434101982
actor,PageRank,5,pop50_gen20,50,20,5.686924917041324,8.840997955162486e-06,1.0203696283341668e-05,7.38788787161539e-06,1.1966881615962273,1.3811384878409898,0.37773684210522374,0.005207986011022794,7.38788787161539e-06,0.0002692389952326991,0.0030450769735311375
actor,Eigenvector Centrality,5,pop50_gen20,50,20,5.858426499995403,0.00023975777129118178,0.0003333651201591303,0.00019529871483419363,1.2276464363563957,1.7069498918216306,0.4490526315789077,0.006263117341030587,8.816215422527994e-06,0.00019529871483419363,0.003238174571260126
actor,Clustering Coefficient,5,pop50_gen20,50,20,4.623293249984272,0.0026829102041958197,0.00394151912663431,0.0015765482149681833,1.7017622288513163,2.500094249711135,0.5881052631578552,0.003850785247295309,1.0447073649924353e-05,0.0003128641244951771,0.0015765482149681833
actor,Degree,5,pop100_gen50,100,50,22.572337666992098,0.47547368421048664,0.5398421052631183,0.3496842105262765,1.3597230583985944,1.5437989163155326,0.3496842105262765,0.004512774846565567,7.307067830832646e-06,0.0002572858707117384,0.0036439716125970523
actor,Neighborhood Heterogeneity,5,pop100_gen50,100,50,20.11291404196527,0.006159292837702915,0.006054319873452189,0.0025613908924554457,2.4046672672433784,2.3636844697485007,0.5051052631578556,0.0025613908924554457,9.413699473461172e-06,0.00026040714461142975,0.0031942819780065566
actor,PageRank,5,pop100_gen50,100,50,28.73587737500202,8.840997955162486e-06,1.0203696283341668e-05,7.080300991920404e-06,1.2486754398225837,1.4411387729117007,0.3662631578946975,0.004173178673084631,7.080300991920404e-06,0.00024728067522363244,0.006068237493644405
actor,Eigenvector Centrality,5,pop100_gen50,100,50,28.35288262506947,0.00023975777129118178,0.0003333651201591303,0.00017435280471029312,1.3751299939772486,1.9120146688380153,0.47694736842101265,0.008379031124083617,9.16754097003198e-06,0.00017435280471029312,0.004876498704102482
actor,Clustering Coefficient,5,pop100_gen50,100,50,22.087128333048895,0.0026829102041958197,0.00394151912663431,0.0010579138318780057,2.5360384970419805,3.725746849946499,0.4811052631578548,0.007506265297924214,8.95884318205901e-06,0.0002370171558349725,0.0010579138318780057
actor,Degree,5,pop200_gen50,200,50,45.485909415991046,0.47547368421048664,0.5398421052631183,0.3478947368420654,1.3667170953101786,1.5517397881997612,0.3478947368420654,0.005666095555612911,7.496857594692876e-06,0.0002554707488569977,0.00266927120323191
actor,Neighborhood Heterogeneity,5,pop200_gen50,200,50,45.07756000000518,0.006159292837702915,0.006054319873452189,0.0013851502142650488,4.44666056740351,4.3708760328673595,0.5418421052631187,0.0013851502142650488,9.898894465156869e-06,0.00027523324075283363,0.0054429351179004545
actor,PageRank,5,pop200_gen50,200,50,52.96513800008688,8.840997955162486e-06,1.0203696283341668e-05,7.563113186134379e-06,1.1689627984638495,1.3491397037463788,0.38484210526311824,0.005565525696563881,7.563113186134379e-06,0.00028394789184701464,0.004733078958266035
actor,Eigenvector Centrality,5,pop200_gen50,200,50,54.450188374961726,0.00023975777129118178,0.0003333651201591303,0.00017364886213681784,1.3807045340860153,1.9197656469322102,0.4378947368420654,0.005913810769684219,8.410488909637346e-06,0.00017364886213681784,0.0038991669750692965
actor,Clustering Coefficient,5,pop200_gen50,200,50,45.2110855410574,0.0026829102041958197,0.00394151912663431,0.0008539780616561774,3.1416617412778387,4.615480541725224,0.5007368421052236,0.005308185216235482,9.44690814934067e-06,0.00031249264376993096,0.0008539780616561774
actor,Degree,5,pop100_gen100,100,100,45.49906487495173,0.47547368421048664,0.5398421052631183,0.3375789473683816,1.4084814468350952,1.5991580916745316,0.3375789473683816,0.005004879439445701,7.397952709704922e-06,0.0002614394480717736,0.003425958765197803
actor,Neighborhood Heterogeneity,5,pop100_gen100,100,100,39.62775300000794,0.006159292837702915,0.006054319873452189,0.0019829657656189555,3.1061014488973675,3.0531640931089985,0.4978421052631177,0.0019829657656189555,9.031998818757148e-06,0.0002667840978723547,0.004167891195403451
actor,PageRank,5,pop100_gen100,100,100,56.86684787494596,8.840997955162486e-06,1.0203696283341668e-05,6.789263166087067e-06,1.3022028663322411,1.502916595472389,0.3622105263157499,0.004234336695584812,6.789263166087067e-06,0.00027119162861383584,0.005297174321167544
actor,Eigenvector Centrality,5,pop100_gen100,100,100,53.03973879094701,0.00023975777129118178,0.0003333651201591303,0.00017046241963758759,1.4065139507049114,1.9556516965316035,0.48205263157890743,0.00854255476799843,9.206700079995328e-06,0.00017046241963758759,0.004581145050148669
actor,Clustering Coefficient,5,pop100_gen100,100,100,42.68440687505063,0.0026829102041958197,0.00394151912663431,0.0007995911093741792,3.3553527205869877,4.929418399510773,0.5073157894736443,0.00706487730106241,9.36892398652632e-06,0.00023831143634853034,0.0007995911093741792
actor,Degree,6,pop50_gen20,50,20,4.45934304210823,0.5722631578946974,0.5428947368420651,0.39268421052627644,1.4573113523656802,1.382522450073753,0.39268421052627644,0.007147782302118444,7.872484989161306e-06,0.0002913297943863048,0.0032255911862536625
actor,Neighborhood Heterogeneity,6,pop50_gen20,50,20,4.519184250035323,0.003681165836065218,0.004044891518589699,0.0021278284122481133,1.730010660105792,1.9009481663590309,0.4585789473683815,0.0021278284122481133,8.638882058047753e-06,0.00030831570963446694,0.0031018017464160717
actor,PageRank,6,pop50_gen20,50,20,5.167532333987765,1.0131726008734691e-05,9.639165536224194e-06,7.865954168256046e-06,1.2880479331576105,1.2254286422267937,0.43299999999995975,0.006297629976351004,7.865954168256046e-06,0.00030951137656600245,0.004406599303860154
actor,Eigenvector Centrality,6,pop50_gen20,50,20,5.179872333072126,0.00027574706170635895,0.0003366127785468193,0.00019830977573612974,1.3904864784541282,1.6974089012874234,0.4733157894736447,0.007622682860317203,8.760845676182198e-06,0.00019830977573612974,0.0038595348908145406
actor,Clustering Coefficient,6,pop50_gen20,50,20,4.207311667036265,0.003946980960328356,0.0035313381691761377,0.0013837052841795395,2.852472275314535,2.552088374274024,0.5148421052631187,0.007061465279738367,9.592105992363938e-06,0.0003071289921451247,0.0013837052841795395
actor,Degree,6,pop100_gen50,100,50,22.551089707994834,0.5722631578946974,0.5428947368420651,0.34705263157890753,1.6489232635730207,1.5643008795875677,0.34705263157890753,0.008199953067655627,7.608654503299305e-06,0.0002867145389794603,0.0052675123822380045
actor,Neighborhood Heterogeneity,6,pop100_gen50,100,50,21.77881445805542,0.003681165836065218,0.004044891518589699,0.001374203321180841,2.678763600208755,2.9434447262970944,0.5296842105262755,0.001374203321180841,9.358659485889913e-06,0.0003340717662213063,0.002671124720237938
actor,PageRank,6,pop100_gen50,100,50,28.625224792049266,1.0131726008734691e-05,9.639165536224194e-06,7.170551552418161e-06,1.4129632755123167,1.3442711436853878,0.3693684210525924,0.004590411073577245,7.170551552418161e-06,0.00030723473842142126,0.003461719856895814
actor,Eigenvector Centrality,6,pop100_gen50,100,50,27.254367124987766,0.00027574706170635895,0.0003366127785468193,0.00018955263993452367,1.4547255147784226,1.7758274359201434,0.43710526315785503,0.004912771839452411,8.286426259639175e-06,0.00018955263993452367,0.006351848373038616
actor,Clustering Coefficient,6,pop100_gen50,100,50,21.714827749994583,0.003946980960328356,0.0035313381691761377,0.0008944850947608881,4.412573203786537,3.9479005182530487,0.46831578947364455,0.00560038705856392,8.567465183069234e-06,0.00032652357540603484,0.0008944850947608881
actor,Degree,6,pop200_gen50,200,50,45.06806395808235,0.5722631578946974,0.5428947368420651,0.34531578947364483,1.6572168876696374,1.5721688766956887,0.34531578947364483,0.004916191024509702,7.314988635163678e-06,0.00027060444199532204,0.0037961596111533978
actor,Neighborhood Heterogeneity,6,pop200_gen50,200,50,43.36005237500649,0.003681165836065218,0.004044891518589699,0.0013980650378293095,2.6330433395149773,2.8932069747412865,0.4482631578946973,0.0013980650378293095,8.821863112991381e-06,0.00021972005049188491,0.003009145692405845
actor,PageRank,6,pop200_gen50,200,50,55.900179582997225,1.0131726008734691e-05,9.639165536224194e-06,6.966519590422236e-06,1.4543454413971746,1.3836414885671728,0.35899999999996046,0.005859779605347855,6.966519590422236e-06,0.00024659072869667845,0.004590314706875626
actor,Eigenvector Centrality,6,pop200_gen50,200,50,56.52424091694411,0.00027574706170635895,0.0003366127785468193,0.00017958004996533814,1.535510552311254,1.8744441746830511,0.48389473684206497,0.004401577771592301,9.260375659887508e-06,0.00017958004996533814,0.0038809077623131586
actor,Clustering Coefficient,6,pop200_gen50,200,50,43.50373287498951,0.003946980960328356,0.0035313381691761377,0.001056506246536653,3.7358803824085336,3.342467856439338,0.4350526315789077,0.0088715858775142,8.366607379802799e-06,0.00028638139818446256,0.001056506246536653
actor,Degree,6,pop100_gen100,100,100,46.06778283393942,0.5722631578946974,0.5428947368420651,0.32594736842101335,1.755691910221308,1.66559018246415,0.32594736842101335,0.00836286546936945,7.410492923139933e-06,0.00027287117554109007,0.004601736356648644
actor,Neighborhood Heterogeneity,6,pop100_gen100,100,100,41.66171524999663,0.003681165836065218,0.004044891518589699,0.0010149639175322444,3.626893303769364,3.985256469436212,0.5555263157894332,0.0010149639175322444,9.748564042671946e-06,0.00034224825477470976,0.0025390236717703772
actor,PageRank,6,pop100_gen100,100,100,57.7572340000188,1.0131726008734691e-05,9.639165536224194e-06,6.99077719314299e-06,1.4492989447114046,1.3788403306114398,0.36273684210522383,0.006129133828278436,6.99077719314299e-06,0.00033742251128270707,0.0039029293028461287
actor,Eigenvector Centrality,6,pop100_gen100,100,100,53.121878041070886,0.00027574706170635895,0.0003366127785468193,0.000174684978851725,1.5785390565288204,1.9269703712334696,0.43573684210522295,0.005580955289598356,8.132860576682138e-06,0.000174684978851725,0.005913918033203963
actor,Clustering Coefficient,6,pop100_gen100,100,100,44.241993666044436,0.003946980960328356,0.0035313381691761377,0.0007011668840848871,5.629160546393564,5.036373293335135,0.467105263157855,0.005267991723394713,8.595610802686117e-06,0.00030987275245344324,0.0007011668840848871
actor,Degree,7,pop50_gen20,50,20,4.520951666985638,0.47336842105259247,0.4862631578946976,0.38415789473680273,1.2322235922729385,1.2657898342238938,0.38415789473680273,0.005815319625170614,7.753628867557558e-06,0.0002691308479314682,0.0033745279411490033
actor,Neighborhood Heterogeneity,7,pop50_gen20,50,20,4.623473917017691,0.010240358655782118,0.004930554139084722,0.001981553502282812,5.167843635806402,2.4882266027157827,0.5625263157894335,0.001981553502282812,9.825359734890695e-06,0.0002656515642085836,0.004041837416246913
actor,PageRank,7,pop50_gen20,50,20,5.698354208027013,8.917651687649318e-06,9.115670177706617e-06,7.599366449169583e-06,1.173473045062038,1.1995302817253573,0.39952631578943426,0.00839473061283168,7.599366449169583e-06,0.0003491640733877375,0.0036932193459577587
actor,Eigenvector Centrality,7,pop50_gen20,50,20,5.728467582957819,0.0002560725719247702,0.00033328437702909354,0.0001845115127247086,1.3878406184162113,1.8063066748921743,0.48942105263153923,0.004277424882509202,8.992531201410893e-06,0.0001845115127247086,0.003749673526797383
actor,Clustering Coefficient,7,pop50_gen20,50,20,4.305352417053655,0.0036017376986112993,0.0030923957460453565,0.001468824334401197,2.4521228401894892,2.1053543801111174,0.5359999999999604,0.007369892484753537,9.97752495492078e-06,0.00029374801527210734,0.001468824334401197
actor,Degree,7,pop100_gen50,100,50,22.109914166969247,0.47336842105259247,0.4862631578946976,0.33905263157890786,1.3961502638932481,1.4341819310773565,0.33905263157890786,0.01076808231951375,7.503610213981385e-06,0.0002578167474566465,0.004025818091020211
actor,Neighborhood Heterogeneity,7,pop100_gen50,100,50,22.679718957981095,0.010240358655782118,0.004930554139084722,0.001384847606287184,7.394574398866033,3.560358639246725,0.5254210526315396,0.001384847606287184,9.785372331131652e-06,0.00030051206028088257,0.0039617803632467
actor,PageRank,7,pop100_gen50,100,50,28.336484375060536,8.917651687649318e-06,9.115670177706617e-06,7.019297333087693e-06,1.2704479187130495,1.2986585045681145,0.3699999999999605,0.0050427944409219844,7.019297333087693e-06,0.0003483398372610197,0.004317251113213993
actor,Eigenvector Centrality,7,pop100_gen50,100,50,28.11018962506205,0.0002560725719247702,0.00033328437702909354,0.00018082098248703768,1.416166245768115,1.8431731342516366,0.48742105263153934,0.008143778486373396,9.251022120600436e-06,0.00018082098248703768,0.005132726547525701
actor,Clustering Coefficient,7,pop100_gen50,100,50,21.53340516600292,0.0036017376986112993,0.0030923957460453565,0.0014756117065007975,2.440843809210694,2.0956703802374483,0.5035263157894343,0.00765750610877417,9.421323886255801e-06,0.0002467371436997949,0.0014756117065007975
actor,Degree,7,pop200_gen50,200,50,45.912214749958366,0.47336842105259247,0.4862631578946976,0.35084210526311865,1.3492349234923886,1.3859885988599292,0.35084210526311865,0.006648679959342668,7.740572775341586e-06,0.00028712334524307504,0.0037321549316484902
actor,Neighborhood Heterogeneity,7,pop200_gen50,200,50,45.42448241694365,0.010240358655782118,0.004930554139084722,0.0012839717325803458,7.9755327908991305,3.840079975262374,0.4329473684210138,0.0012839717325803458,8.580927396527314e-06,0.00036920368982906206,0.004160878979098061
actor,PageRank,7,pop200_gen50,200,50,56.0040627499111,8.917651687649318e-06,9.115670177706617e-06,7.187631742937153e-06,1.2406940153009578,1.268243908943169,0.38826315789469745,0.007247988359708532,7.187631742937153e-06,0.00028170572510312103,0.00605766641633055
actor,Eigenvector Centrality,7,pop200_gen50,200,50,55.1641857920913,0.0002560725719247702,0.00033328437702909354,0.00018052597656835522,1.4184804690853434,1.8461851494424524,0.5391578947368025,0.00667053084928346,9.711126602127659e-06,0.00018052597656835522,0.002731245229547585
actor,Clustering Coefficient,7,pop200_gen50,200,50,44.5434596670093,0.0036017376986112993,0.0030923957460453565,0.000915775771446657,3.9329908159959404,3.3768045000363776,0.5333684210525919,0.0058612792613474875,9.786119465498645e-06,0.00031154298591310267,0.000915775771446657
actor,Degree,7,pop100_gen100,100,100,44.09946454199962,0.47336842105259247,0.4862631578946976,0.3258947368420658,1.4525193798450171,1.4920865633075537,0.3258947368420658,0.010361111076548699,7.325574068840645e-06,0.00024604460005526313,0.004359971599557144
actor,Neighborhood Heterogeneity,7,pop100_gen100,100,100,44.3888482080074,0.010240358655782118,0.004930554139084722,0.001138544701529958,8.994252612147145,4.3305758065178495,0.5175263157894342,0.001138544701529958,9.702996533936686e-06,0.000285610553522587,0.004190764494737281
actor,PageRank,7,pop100_gen100,100,100,55.92012699996121,8.917651687649318e-06,9.115670177706617e-06,6.875850356485885e-06,1.29695255500106,1.3257516823512518,0.3581052631578554,0.005927798700175784,6.875850356485885e-06,0.0003474602680323771,0.0036793980071495994
actor,Eigenvector Centrality,7,pop100_gen100,100,100,57.36516708298586,0.0002560725719247702,0.00033328437702909354,0.00017239943816886328,1.4853445849049116,1.933210343195233,0.4694210526315393,0.007841352662463727,8.893077720820774e-06,0.00017239943816886328,0.005017618662983248
actor,Clustering Coefficient,7,pop100_gen100,100,100,39.16254991700407,0.0036017376986112993,0.0030923957460453565,0.0014756117065007975,2.440843809210694,2.0956703802374483,0.5035263157894343,0.00765750610877417,9.421323886255801e-06,0.0002467371436997949,0.0014756117065007975
actor,Degree,8,pop50_gen20,50,20,4.412034875014797,0.5647368421052233,0.49115789473680244,0.38594736842101324,1.4632483294695675,1.2726033001500339,0.38594736842101324,0.005266391194278466,7.81295909751158e-06,0.00033207764206574444,0.003257106253200402
actor,Neighborhood Heterogeneity,8,pop50_gen20,50,20,4.483201917028055,0.005594285508127586,0.007003245431733754,0.0024756749638013115,2.2597011279452284,2.8288226581168465,0.5035263157894343,0.0024756749638013115,9.45462608132393e-06,0.00040664613318846697,0.003373569138012992
actor,PageRank,8,pop50_gen20,50,20,5.741571458987892,1.0204439017805446e-05,9.159368726917688e-06,7.532996114216012e-06,1.3546321892491062,1.2158998342814014,0.4206842105262763,0.004513939259475783,7.532996114216012e-06,0.00025131552679591137,0.004347616198082673
actor,Eigenvector Centrality,8,pop50_gen20,50,20,5.572168749989942,0.0002468691947209406,0.0003090024110007487,0.0001860485692542516,1.3269072463737803,1.6608695903405197,0.4996842105262762,0.006758695213222188,9.320045844785347e-06,0.0001860485692542516,0.003664401456397666
actor,Clustering Coefficient,8,pop50_gen20,50,20,4.142949042026885,0.0035747459342226106,0.0037022251768650074,0.0011734900443638309,3.0462516076653565,3.15488418043806,0.5282105263157499,0.0105579475512434,9.592615491273168e-06,0.00029062380853235565,0.0011734900443638309
actor,Degree,8,pop100_gen50,100,50,23.539815374999307,0.5647368421052233,0.49115789473680244,0.3441578947368026,1.6409236886374792,1.4271295305093008,0.3441578947368026,0.00938150521308968,7.435841922698188e-06,0.00029881803006227847,0.003584033375189863
actor,Neighborhood Heterogeneity,8,pop100_gen50,100,50,22.853284959099256,0.005594285508127586,0.007003245431733754,0.0015378144174618086,3.6378157498100836,4.55402508404931,0.4953157894736443,0.0015378144174618086,8.933959772374571e-06,0.00023427979632641046,0.003670148288159405
actor,PageRank,8,pop100_gen50,100,50,28.11016650008969,1.0204439017805446e-05,9.159368726917688e-06,7.171320654543708e-06,1.4229511563312918,1.2772220303821396,0.3988421052631183,0.007013530207013606,7.171320654543708e-06,0.00028208436132738684,0.0034918836091855955
actor,Eigenvector Centrality,8,pop100_gen50,100,50,26.796085290960036,0.0002468691947209406,0.0003090024110007487,0.0001938435651533265,1.273548567504275,1.5940813446984106,0.5200526315789078,0.006286689160391682,9.576023597684834e-06,0.0001938435651533265,0.0035629014428177445
actor,Clustering Coefficient,8,pop100_gen50,100,50,22.985251792008057,0.0035747459342226106,0.0037022251768650074,0.000991925122566359,3.603846553431217,3.732363555110312,0.5468947368420654,0.00673265456320031,9.733820331978792e-06,0.00026600376184305875,0.000991925122566359
actor,Degree,8,pop200_gen50,200,50,45.62925325008109,0.5647368421052233,0.49115789473680244,0.35163157894732927,1.6060469989523183,1.3967968866936515,0.35163157894732927,0.005837263988232929,7.541169602635087e-06,0.00026057143678790627,0.004575947537111688
actor,Neighborhood Heterogeneity,8,pop200_gen50,200,50,45.38204983295873,0.005594285508127586,0.007003245431733754,0.0014727740592666305,3.798468253109555,4.755139043677228,0.5589473684210127,0.0014727740592666305,9.947860138868593e-06,0.00024001952393566355,0.0036452562979149435
actor,PageRank,8,pop200_gen50,200,50,55.175336333108135,1.0204439017805446e-05,9.159368726917688e-06,7.146599716615222e-06,1.4278733135257335,1.281640093207257,0.3846842105262761,0.004161605021475176,7.146599716615222e-06,0.00030437439714716666,0.0034730140991009128
actor,Eigenvector Centrality,8,pop200_gen50,200,50,54.5169338749256,0.0002468691947209406,0.0003090024110007487,0.0001842098252356102,1.340152157493158,1.6774480438571875,0.4099999999999599,0.005904071941187505,8.236004231402362e-06,0.0001842098252356102,0.004540454343588912
actor,Clustering Coefficient,8,pop200_gen50,200,50,43.84488041594159,0.0035747459342226106,0.0037022251768650074,0.0011150209277053526,3.205989991218575,3.3203190046701354,0.5224210526315389,0.006900136052091649,9.791924923402135e-06,0.00034739518608857306,0.0011150209277053526
actor,Degree,8,pop100_gen100,100,100,44.790869707940146,0.5647368421052233,0.49115789473680244,0.32957894736838156,1.7135100606835723,1.490258703289742,0.32957894736838156,0.009546792813233635,7.349738614375278e-06,0.00028406097278098704,0.0038201353697200485
actor,Neighborhood Heterogeneity,8,pop100_gen100,100,100,45.821269958047196,0.005594285508127586,0.007003245431733754,0.001229760742991377,4.549084478432413,5.694803214077602,0.4883684210525917,0.001229760742991377,8.889027996525434e-06,0.0002563947091046591,0.005067077078609069
actor,PageRank,8,pop100_gen100,100,100,54.80361179204192,1.0204439017805446e-05,9.159368726917688e-06,6.7991122074513345e-06,1.5008487441378184,1.3471418690339723,0.36357894736838153,0.007688365077599885,6.7991122074513345e-06,0.0003164874843207883,0.0026513898195885998
actor,Eigenvector Centrality,8,pop100_gen100,100,100,50.182247624965385,0.0002468691947209406,0.0003090024110007487,0.00019161799867086326,1.2883403251955508,1.6125959625093114,0.5014210526315391,0.006522007013131911,9.507210308070384e-06,0.00019161799867086326,0.0028882879153794808
actor,Clustering Coefficient,8,pop100_gen100,100,100,43.92255279200617,0.0035747459342226106,0.0037022251768650074,0.0007393635765345723,4.834895912749168,5.007313444107552,0.5393157894736443,0.0073964501908539105,9.506661389025578e-06,0.00025977491817755097,0.0007393635765345723
actor,Degree,9,pop50_gen20,50,20,4.244560666964389,0.5526842105262761,0.4612105263157494,0.3907368421052236,1.414466594827628,1.1803609913793274,0.3907368421052236,0.004373219950908889,7.88955501304322e-06,0.0002834333111104612,0.005903393843011019
actor,Neighborhood Heterogeneity,9,pop50_gen20,50,20,4.252784125041217,0.005075384924482358,0.005157492766450895,0.0021732352520094068,2.3354052074158007,2.3731865943561323,0.5513684210525914,0.0021732352520094068,9.986964248766681e-06,0.00025584963152754174,0.004223618461175363
actor,PageRank,9,pop50_gen20,50,20,5.417801707983017,9.901069038021887e-06,8.7398826330926e-06,7.5746492260229325e-06,1.3071323493114995,1.1538333158803542,0.39378947368417105,0.00878756073832904,7.5746492260229325e-06,0.0002945407287431801,0.0031737368721337007
actor,Eigenvector Centrality,9,pop50_gen20,50,20,5.61610391701106,0.0003707133410162967,0.00027928754749499967,0.0001860549269438633,1.9924940828261362,1.5011026694244254,0.5066315789473294,0.00594571112194344,9.402429778525396e-06,0.0001860549269438633,0.003557994382792884
actor,Clustering Coefficient,9,pop50_gen20,50,20,4.603041750029661,0.0057370984578032245,0.002910943981559336,0.001130104264421055,5.076609865499713,2.575818951581953,0.48510526315785507,0.006715319306344575,9.330662392697066e-06,0.000262854930781758,0.001130104264421055
actor,Degree,9,pop100_gen50,100,50,22.665145333041437,0.5526842105262761,0.4612105263157494,0.3492631578946971,1.5824291742013927,1.3205244122965998,0.3492631578946971,0.005843286627707512,7.428293126137453e-06,0.0003495785588030687,0.003972123186930951
actor,Neighborhood Heterogeneity,9,pop100_gen50,100,50,23.047051291097887,0.005075384924482358,0.005157492766450895,0.0015237175060534153,3.3309224999508773,3.3848090252696053,0.4862105263157499,0.0015237175060534153,9.206473341873536e-06,0.00028317978337319405,0.0032670762943015964
actor,PageRank,9,pop100_gen50,100,50,29.503731916076504,9.901069038021887e-06,8.7398826330926e-06,7.188119902531405e-06,1.3774212411975872,1.215878804416537,0.38415789473680284,0.004786135594703643,7.188119902531405e-06,0.00036056707584269275,0.005773609075381295
actor,Eigenvector Centrality,9,pop100_gen50,100,50,29.506522750016302,0.0003707133410162967,0.00027928754749499967,0.00018769784297019442,1.9750538160162252,1.487963543296282,0.5213157894736445,0.007595092139353876,9.609523172766582e-06,0.00018769784297019442,0.0063006520220371676
actor,Clustering Coefficient,9,pop100_gen50,100,50,22.629107792046852,0.0057370984578032245,0.002910943981559336,0.001069632601703738,5.363615926314351,2.721442836468064,0.5127368421052235,0.00483337370502321,9.365694451865563e-06,0.00031653849701109753,0.001069632601703738
actor,Degree,9,pop200_gen50,200,50,43.68652858294081,0.5526842105262761,0.4612105263157494,0.3621052631578549,1.526308139534942,1.2736918604651457,0.3621052631578549,0.005177662784821896,7.758147501180472e-06,0.00029576469222834876,0.003350643984789756
actor,Neighborhood Heterogeneity,9,pop200_gen50,200,50,45.96360070898663,0.005075384924482358,0.005157492766450895,0.0012720675506678052,3.9898706022474215,4.054417364662226,0.48542105263153906,0.0012720675506678052,8.703296842507109e-06,0.00033552235762434137,0.00521174122903213
actor,PageRank,9,pop200_gen50,200,50,57.48142820899375,9.901069038021887e-06,8.7398826330926e-06,7.155422548959413e-06,1.3837154927296031,1.2214348731038405,0.3862631578946977,0.0071111231511948895,7.155422548959413e-06,0.00026269967848190437,0.0053600560569540875
actor,Eigenvector Centrality,9,pop200_gen50,200,50,56.885183707927354,0.0003707133410162967,0.00027928754749499967,0.00018103841992451908,2.047705349896775,1.5426976639071635,0.4806842105262762,0.0076876182697321275,8.875327668460123e-06,0.00018103841992451908,0.0033120678288851837
actor,Clustering Coefficient,9,pop200_gen50,200,50,46.351300208014436,0.0057370984578032245,0.002910943981559336,0.0008585922988991948,6.681982199419661,3.390368147130449,0.5471578947368029,0.0071959557717567995,9.900384990110255e-06,0.00028217296805188265,0.0008585922988991948
actor,Degree,9,pop100_gen100,100,100,45.76592854200862,0.5526842105262761,0.4612105263157494,0.3300526315789076,1.6745335672142423,1.3973847871153395,0.3300526315789076,0.007033649989550836,7.336338434487426e-06,0.00032213407506265343,0.004002391472532054
actor,Neighborhood Heterogeneity,9,pop100_gen100,100,100,44.80536220804788,0.005075384924482358,0.005157492766450895,0.0011656717690394067,4.354042929824768,4.42448114763989,0.47152631578943416,0.0011656717690394067,8.882292625963754e-06,0.00027727126916079787,0.0032672468182745273
actor,PageRank,9,pop100_gen100,100,100,57.511547166039236,9.901069038021887e-06,8.7398826330926e-06,6.92061280474281e-06,1.4306636301393023,1.262876984983615,0.37426315789469716,0.005773241011523887,6.92061280474281e-06,0.0003230626847707043,0.004436238339671309
actor,Eigenvector Centrality,9,pop100_gen100,100,100,56.64907104196027,0.0003707133410162967,0.00027928754749499967,0.00017784855070566307,2.084432735298598,1.570367295020676,0.5110526315789082,0.007374435507251242,9.552718393176072e-06,0.00017784855070566307,0.006239037531684311
actor,Clustering Coefficient,9,pop100_gen100,100,100,45.11739316699095,0.0057370984578032245,0.002910943981559336,0.0008585166979513239,6.682570614518794,3.3906667028209396,0.4952105263157499,0.005173877494311653,9.101030263974788e-06,0.00030297728092818903,0.0008585166979513239
actor,Degree,10,pop50_gen20,50,20,4.291171999997459,0.5146842105262764,0.479999999999961,0.38047368421048705,1.3527458846313822,1.2615852815050768,0.38047368421048705,0.008494355421023149,7.808007411162266e-06,0.00038118926698518405,0.004139147043589811
actor,Neighborhood Heterogeneity,10,pop50_gen20,50,20,4.208033875096589,0.005928413895301912,0.007654554046886535,0.0023802009146464517,2.4907199467161374,3.2159276974412556,0.48510526315785507,0.0023802009146464517,8.92427814852447e-06,0.0002671121527292385,0.005292273490383304
actor,PageRank,10,pop50_gen20,50,20,5.063999625039287,9.719052478223843e-06,9.035431316056224e-06,7.837826808109108e-06,1.2400187853306988,1.152798031554877,0.40394736842101253,0.005134925271139329,7.837826808109108e-06,0.00030291435676254826,0.002978971489632831
actor,Eigenvector Centrality,10,pop50_gen20,50,20,5.242104916018434,0.0004154234594506619,0.00026170122320108173,0.00018281594564717674,2.272359000086366,1.431501077625628,0.44899999999996,0.006876867817616775,8.810236970943897e-06,0.00018281594564717674,0.003121807229801106
actor,Clustering Coefficient,10,pop50_gen20,50,20,4.075229416950606,0.0055289831677213215,0.004085525325305194,0.001454301569924545,3.8018133804312595,2.8092696932983214,0.42794736842101316,0.007018868497621853,8.256358355818495e-06,0.0003506979696503846,0.001454301569924545
actor,Degree,10,pop100_gen50,100,50,21.89085020800121,0.5146842105262764,0.479999999999961,0.34589473684206556,1.4879793061473485,1.3877054169203145,0.34589473684206556,0.005704126944079209,7.298832335506577e-06,0.00025089771716397066,0.004204719441331186
actor,Neighborhood Heterogeneity,10,pop100_gen50,100,50,19.97281025000848,0.005928413895301912,0.007654554046886535,0.002541018615721872,2.333085581751129,3.0123958949084564,0.540315789473645,0.002541018615721872,1.0247428357356066e-05,0.00031919110680020857,0.004821917329600107
actor,PageRank,10,pop100_gen50,100,50,25.913139333948493,9.719052478223843e-06,9.035431316056224e-06,7.055867792926154e-06,1.3774425433491908,1.2805556426545686,0.3921578947368024,0.00520258825331142,7.055867792926154e-06,0.0003630578811101188,0.0034354778213753143
actor,Eigenvector Centrality,10,pop100_gen50,100,50,26.34848054102622,0.0004154234594506619,0.00026170122320108173,0.00018366054563514396,2.2619090998233946,1.424918031774618,0.6087894736841702,0.0057272911888400155,1.110220099997112e-05,0.00018366054563514396,0.006184562710125667
actor,Clustering Coefficient,10,pop100_gen50,100,50,20.633350707939826,0.0055289831677213215,0.004085525325305194,0.0009743551026082542,5.674505273201494,4.193055811344999,0.5112631578946967,0.005893210442834773,9.191392622235502e-06,0.00027066938146032776,0.0009743551026082542
actor,Degree,10,pop200_gen50,200,50,43.54168187500909,0.5146842105262764,0.479999999999961,0.3452631578946975,1.4907012195122509,1.3902439024390698,0.3452631578946975,0.005770397113047934,7.431241458824438e-06,0.0002837244587998866,0.004648749303595091
actor,Neighborhood Heterogeneity,10,pop200_gen50,200,50,42.73883783305064,0.005928413895301912,0.007654554046886535,0.0013373914212968755,4.432818844877215,5.723495698412566,0.4844210526315396,0.0013373914212968755,8.887014608167652e-06,0.00030754065967441137,0.002575113650043811
actor,PageRank,10,pop200_gen50,200,50,53.834673332981765,9.719052478223843e-06,9.035431316056224e-06,7.263484661606587e-06,1.3380702143692718,1.2439526944712658,0.3835263157894346,0.00500609407122982,7.263484661606587e-06,0.0002605421185047445,0.004579465945536754
actor,Eigenvector Centrality,10,pop200_gen50,200,50,56.73476954107173,0.0004154234594506619,0.00026170122320108173,0.00017693949635101086,2.347827749133799,1.479043563467149,0.4368947368420658,0.006228109661881862,8.189503392591543e-06,0.00017693949635101086,0.003887962454559431
actor,Clustering Coefficient,10,pop200_gen50,200,50,44.87441366701387,0.0055289831677213215,0.004085525325305194,0.0009323778926530243,5.929980977979795,4.381834187080607,0.5309999999999603,0.004677009665456261,9.753265920268705e-06,0.0003418553464381284,0.0009323778926530243
actor,Degree,10,pop100_gen100,100,100,45.65732658398338,0.5146842105262764,0.479999999999961,0.33594736842101297,1.5320382265393087,1.4287952373492614,0.33594736842101297,0.004865885788574815,7.306076592088262e-06,0.00024805583390086764,0.0038955077166137352
actor,Neighborhood Heterogeneity,10,pop100_gen100,100,100,40.66827124997508,0.005928413895301912,0.007654554046886535,0.0024906934725218723,2.38022621438811,3.073262178318619,0.5341578947368033,0.0024906934725218723,9.867541070654198e-06,0.0003566297619774622,0.004659444934863255
actor,PageRank,10,pop100_gen100,100,100,55.68077374994755,9.719052478223843e-06,9.035431316056224e-06,6.804193732598698e-06,1.428391497975747,1.3279209368727598,0.37773684210522385,0.005711658249756222,6.804193732598698e-06,0.0003340996680273915,0.0029560206687756036
actor,Eigenvector Centrality,10,pop100_gen100,100,100,56.46864945907146,0.0004154234594506619,0.00026170122320108173,0.00017322750847318318,2.3981379349745273,1.5107370965945337,0.49063157894732845,0.005441942200358763,9.104980430703948e-06,0.00017322750847318318,0.0035533456076659703
actor,Clustering Coefficient,10,pop100_gen100,100,100,44.10360583302099,0.0055289831677213215,0.004085525325305194,0.0007004862320704336,7.893064723598143,5.832413455478731,0.5344210526315389,0.005809577099586784,9.593962066378897e-06,0.0002712097564391273,0.0007004862320704336
actor,Degree,11,pop50_gen20,50,20,4.609199916943908,0.5678421052631185,0.54921052631575,0.3864736842104868,1.4692904807299954,1.4210813019202393,0.3864736842104868,0.009721389720412461,7.67889945015325e-06,0.0002679890154715916,0.004234042962639529
actor,Neighborhood Heterogeneity,11,pop50_gen20,50,20,4.076077916077338,0.009362196641238888,0.006440862593093982,0.0029291217746703277,3.1962469850856925,2.1989057091417448,0.49021052631575,0.0029291217746703277,9.052046637206157e-06,0.0003244068763754714,0.004282667040553067
actor,PageRank,11,pop50_gen20,50,20,5.5095070420065895,1.057300255798365e-05,9.900382819531363e-06,7.4982831891092196e-06,1.4100564477666386,1.3203532821901207,0.40578947368417123,0.00647552214072723,7.4982831891092196e-06,0.00035907695174785604,0.004714527914965007
actor,Eigenvector Centrality,11,pop50_gen20,50,20,5.713415459031239,0.0003656661257671079,0.000321856908308872,0.00018808761894963794,1.9441265076837306,1.7112073091586741,0.487894736842066,0.006468801773006194,9.12194427088562e-06,0.00018808761894963794,0.0037565635800204298
actor,Clustering Coefficient,11,pop50_gen20,50,20,4.131460083997808,0.005018604770357853,0.002633806368308371,0.0015629060394183303,3.211072606914768,1.6851981513159933,0.5219999999999606,0.006381965901016401,9.417246495479108e-06,0.0002939586421939112,0.0015629060394183303
actor,Degree,11,pop100_gen50,100,50,22.771633917000145,0.5678421052631185,0.54921052631575,0.3502105263157499,1.621430718364964,1.5682296363090515,0.3502105263157499,0.0059047774484283,7.354518520366393e-06,0.00030698489720436685,0.00280964306033
actor,Neighborhood Heterogeneity,11,pop100_gen50,100,50,22.379159417003393,0.009362196641238888,0.006440862593093982,0.0012397782705528139,7.551508897687253,5.1951729967182105,0.5344210526315396,0.0012397782705528139,9.571670273122599e-06,0.00027407201225511694,0.005832838129191572
actor,PageRank,11,pop100_gen50,100,50,28.57255241693929,1.057300255798365e-05,9.900382819531363e-06,6.98577879940286e-06,1.51350377124558,1.4172196263038908,0.3871578947368029,0.008274607103121914,6.98577879940286e-06,0.0003071315420861758,0.005310777421651934
actor,Eigenvector Centrality,11,pop100_gen50,100,50,27.871830707998015,0.0003656661257671079,0.000321856908308872,0.00018102544531342795,2.0199708672667125,1.7779650134355867,0.46668421052627707,0.003978646433471062,8.646155414154881e-06,0.00018102544531342795,0.003214708139146362
actor,Clustering Coefficient,11,pop100_gen50,100,50,22.10984979092609,0.005018604770357853,0.002633806368308371,0.001018693114471921,4.926512900756614,2.5854757737061043,0.49373684210522395,0.005632944127054586,9.123313612585485e-06,0.0002623986942365985,0.001018693114471921
actor,Degree,11,pop200_gen50,200,50,45.451233624946326,0.5678421052631185,0.54921052631575,0.3447368421052236,1.6471755725191588,1.5931297709924346,0.3447368421052236,0.003744004799249142,7.406862772090924e-06,0.00030719933187150713,0.005225871000626118
actor,Neighborhood Heterogeneity,11,pop200_gen50,200,50,42.82053291599732,0.009362196641238888,0.006440862593093982,0.0015236767241241058,6.14447703571819,4.227184474972241,0.5743684210525918,0.0015236767241241058,1.0329826046539224e-05,0.000403483698766379,0.0028183468676525247
actor,PageRank,11,pop200_gen50,200,50,56.62472104106564,1.057300255798365e-05,9.900382819531363e-06,7.09723104848979e-06,1.4897362768305906,1.394964141915325,0.3736315789473288,0.007657531368693243,7.09723104848979e-06,0.00030338086931180707,0.005689532909908408
actor,Eigenvector Centrality,11,pop200_gen50,200,50,56.08926541695837,0.0003656661257671079,0.000321856908308872,0.00018749059382143336,1.9503171775932902,1.7166562959174876,0.4967368421052233,0.004861825982794948,9.50493222944417e-06,0.00018749059382143336,0.005558573636623316
actor,Clustering Coefficient,11,pop200_gen50,200,50,46.20632500003558,0.005018604770357853,0.002633806368308371,0.0010012878513884899,5.012149866193357,2.6304187798304564,0.5101578947368032,0.006549426130754386,9.403783158126521e-06,0.0003137338054583358,0.0010012878513884899
actor,Degree,11,pop100_gen100,100,100,45.61240529199131,0.5678421052631185,0.54921052631575,0.33389473684206583,1.7006620428752406,1.6448612862548049,0.33389473684206583,0.005814548860255037,7.307790332377212e-06,0.00030022350011752954,0.003079858584619546
actor,Neighborhood Heterogeneity,11,pop100_gen100,100,100,44.99245154194068,0.009362196641238888,0.006440862593093982,0.0009725114944341907,9.626823636347696,6.62291667497595,0.5248947368420657,0.0009725114944341907,9.412643327728614e-06,0.0002813149402045502,0.005705822389695401
actor,PageRank,11,pop100_gen100,100,100,56.37552229198627,1.057300255798365e-05,9.900382819531363e-06,6.82382578527151e-06,1.54942445641041,1.450855155314819,0.383473684210487,0.008012472001541598,6.82382578527151e-06,0.0002988322350308633,0.005064050125341767
actor,Eigenvector Centrality,11,pop100_gen100,100,100,54.77940024994314,0.0003656661257671079,0.000321856908308872,0.00017389275066771026,2.102825588548284,1.8508931917691314,0.4607894736841717,0.003928630489757973,8.649484740026615e-06,0.00017389275066771026,0.0035736679811814408
actor,Clustering Coefficient,11,pop100_gen100,100,100,42.88714029104449,0.005018604770357853,0.002633806368308371,0.0007302890725886157,6.87207978146062,3.6065257815955833,0.4694736842104872,0.005490757823774692,8.743302142426603e-06,0.00029965871427920947,0.0007302890725886157
actor,Degree,12,pop50_gen20,50,20,4.147461790940724,0.4809473684210131,0.5601578947368026,0.4010526315789081,1.1992125984252158,1.396719160105025,0.4010526315789081,0.007276092783204818,7.674179713604986e-06,0.00029597632845338004,0.004054143505110038
actor,Neighborhood Heterogeneity,12,pop50_gen20,50,20,4.634396457928233,0.004063564233187783,0.007901203876949455,0.0021071575226164125,1.9284577396672944,3.7496977763383814,0.5937368421052234,0.0021071575226164125,1.0419727612678441e-05,0.0004191195696204587,0.005767265055631178
actor,PageRank,12,pop50_gen20,50,20,5.254118541022763,8.912316177943562e-06,9.630573833949846e-06,7.891601893091751e-06,1.129341836889331,1.2203572816287624,0.43089473684206536,0.007347254828500906,7.891601893091751e-06,0.00027422722078230963,0.003430504689277919
actor,Eigenvector Centrality,12,pop50_gen20,50,20,5.622400749940425,0.0002891508973978319,0.0002393291178590714,0.00019438562450816818,1.4875117341081034,1.2312079067812685,0.5033157894736452,0.00642533613819825,9.010382797853577e-06,0.00019438562450816818,0.0025485769325470893
actor,Clustering Coefficient,12,pop50_gen20,50,20,4.3607462079962716,0.003176925847180162,0.00491059395985125,0.001811171060174345,1.7540727748125284,2.7112811527468597,0.4813157894736446,0.006175380306318397,8.7441336102162e-06,0.00026506266028966235,0.001811171060174345
actor,Degree,12,pop100_gen50,100,50,22.08023658406455,0.4809473684210131,0.5601578947368026,0.36021052631574957,1.3351841028638605,1.5550847457627743,0.36021052631574957,0.007467409537418888,7.798773690870965e-06,0.00022322431213218745,0.003265996896865406
actor,Neighborhood Heterogeneity,12,pop100_gen50,100,50,21.120285083074123,0.004063564233187783,0.007901203876949455,0.0018721004763716117,2.170590886800867,4.220502038578119,0.476578947368381,0.0018721004763716117,8.998752289936692e-06,0.00027755008028010423,0.0038933287839492655
actor,PageRank,12,pop100_gen50,100,50,28.228088416042738,8.912316177943562e-06,9.630573833949846e-06,7.0284882275008534e-06,1.2680274746810736,1.3702198143076674,0.38668421052627605,0.006154645854803289,7.0284882275008534e-06,0.0002487791219126759,0.003992842096491039
actor,Eigenvector Centrality,12,pop100_gen50,100,50,28.18147520790808,0.0002891508973978319,0.0002393291178590714,0.0001851756009300504,1.5614956611214557,1.2924441268559854,0.4490526315789077,0.005275810374829326,8.377966242338776e-06,0.0001851756009300504,0.004041133593816414
actor,Clustering Coefficient,12,pop100_gen50,100,50,21.979464915930294,0.003176925847180162,0.00491059395985125,0.0009146595419672043,3.4733424858252593,5.368766994208347,0.6185263157894341,0.006188684866616598,1.0919642244956005e-05,0.0003309718323283924,0.0009146595419672043
actor,Degree,12,pop200_gen50,200,50,45.34201124997344,0.4809473684210131,0.5601578947368026,0.35305263157890787,1.3622540250447632,1.5866129994037625,0.35305263157890787,0.0051369147470318914,7.6278458617243236e-06,0.0003087104161218579,0.0035099904053504686
actor,Neighborhood Heterogeneity,12,pop200_gen50,200,50,43.988230083021335,0.004063564233187783,0.007901203876949455,0.0015387156722380887,2.6408805125623096,5.134934295857932,0.4987894736841709,0.0015387156722380887,9.175633909081152e-06,0.00028395291099939416,0.004586021306287456
actor,PageRank,12,pop200_gen50,200,50,56.81916558300145,8.912316177943562e-06,9.630573833949846e-06,7.039226392132612e-06,1.2660931303338117,1.3681295780902079,0.3824210526315395,0.006909343654681979,7.039226392132612e-06,0.0002801464464273211,0.0020593744725236644
actor,Eigenvector Centrality,12,pop200_gen50,200,50,55.845458124997094,0.0002891508973978319,0.0002393291178590714,0.00018139393367117143,1.5940494345417355,1.3193887635345298,0.5281052631578556,0.005668526902500738,9.852394602966435e-06,0.00018139393367117143,0.004117948203146073
actor,Clustering Coefficient,12,pop200_gen50,200,50,44.5940600419417,0.003176925847180162,0.00491059395985125,0.0008478051479126004,3.7472358536653623,5.792125669373123,0.45136842105259156,0.005976160498237921,8.953238206543998e-06,0.00023229418961556665,0.0008478051479126004
actor,Degree,12,pop100_gen100,100,100,44.44871091702953,0.4809473684210131,0.5601578947368026,0.3392105263157501,1.417843289371654,1.6513576415826972,0.3392105263157501,0.007339388624421855,7.4847670741741005e-06,0.00026493104217628204,0.0034447411261090436
actor,Neighborhood Heterogeneity,12,pop100_gen100,100,100,39.94320516602602,0.004063564233187783,0.007901203876949455,0.0018721004763716117,2.170590886800867,4.220502038578119,0.476578947368381,0.0018721004763716117,8.998752289936692e-06,0.00027755008028010423,0.0038933287839492655
actor,PageRank,12,pop100_gen100,100,100,54.89082833298016,8.912316177943562e-06,9.630573833949846e-06,6.854269783601412e-06,1.3002575707285333,1.4050473847689273,0.3810526315789078,0.00656249911563569,6.854269783601412e-06,0.00025068492651531156,0.004183839242121653
actor,Eigenvector Centrality,12,pop100_gen100,100,100,55.76191250002012,0.0002891508973978319,0.0002393291178590714,0.00017764361459492745,1.6277021724488627,1.3472430090144392,0.4502105263157496,0.0057342261003428385,8.387118109407084e-06,0.00017764361459492745,0.0036474381109671875
actor,Clustering Coefficient,12,pop100_gen100,100,100,42.8280168750789,0.003176925847180162,0.00491059395985125,0.0007029600259532883,4.519354913349324,6.985594882428718,0.6045789473683814,0.006768782119805877,1.0690733177205924e-05,0.00034803067567461195,0.0007029600259532883
actor,Degree,13,pop50_gen20,50,20,4.661478540976532,0.5982631578946976,0.5591052631578555,0.38821052631574965,1.5410791757050462,1.4402114967462505,0.38821052631574965,0.006701095961524464,8.153667825573682e-06,0.000338218647540278,0.003031953882508127
actor,Neighborhood Heterogeneity,13,pop50_gen20,50,20,4.580914916004986,0.006487492379977512,0.00539924459502493,0.0025473733110059206,2.54673798769435,2.119534098790117,0.5649999999999603,0.0025473733110059206,1.0257015516610678e-05,0.00026340834910687424,0.0036532440144081517
actor,PageRank,13,pop50_gen20,50,20,5.384794541983865,1.0858986318245309e-05,1.0402517328583503e-05,7.531448181325129e-06,1.4418191636996316,1.3812107682527028,0.3947368421052241,0.008281063607452725,7.531448181325129e-06,0.0002835921523222324,0.0031129842697596886
actor,Eigenvector Centrality,13,pop50_gen20,50,20,5.0439180000685155,0.00024535805482313024,0.0003400887843234549,0.00020719245063565605,1.1842036428952118,1.6414149419058446,0.48099999999996035,0.005505777680168021,8.793460654522516e-06,0.00020719245063565605,0.004969066985409658
actor,Clustering Coefficient,13,pop50_gen20,50,20,4.563640584005043,0.003594441544837865,0.005427158099678185,0.0016000968792216244,2.2463899477051665,3.3917684423697234,0.49236842105259154,0.0070855076391445945,9.18261138882075e-06,0.0002780418657568512,0.0016000968792216244
actor,Degree,13,pop100_gen50,100,50,22.45468104199972,0.5982631578946976,0.5591052631578555,0.34068421052627673,1.7560636490036394,1.6411246717133434,0.34068421052627673,0.006084315847801533,7.609951921575113e-06,0.0002763026008810063,0.002867177388992523
actor,Neighborhood Heterogeneity,13,pop100_gen50,100,50,21.8827504159417,0.006487492379977512,0.00539924459502493,0.0016326698717710145,3.9735481692574512,3.30700326402678,0.5187894736841709,0.0016326698717710145,9.491560896579004e-06,0.00028208909272967123,0.003914801517594713
actor,PageRank,13,pop100_gen50,100,50,27.828090875060298,1.0858986318245309e-05,1.0402517328583503e-05,7.353684284513518e-06,1.4766729027398928,1.414599393461951,0.3836315789473292,0.0027841614845551914,7.353684284513518e-06,0.000286270897939619,0.0044045795613853215
actor,Eigenvector Centrality,13,pop100_gen50,100,50,27.490644332952797,0.00024535805482313024,0.0003400887843234549,0.00018299793285992148,1.3407695430687911,1.8584296500429927,0.49626315789469705,0.008654356317594647,9.081553514435594e-06,0.00018299793285992148,0.004741173611597342
actor,Clustering Coefficient,13,pop100_gen50,100,50,21.893962749978527,0.003594441544837865,0.005427158099678185,0.0009722072760095108,3.697196712609978,5.582305577833479,0.5136842105262763,0.00621544302137274,9.278402030947776e-06,0.0002557683462917227,0.0009722072760095108
actor,Degree,13,pop200_gen50,200,50,45.0781007920159,0.5982631578946976,0.5591052631578555,0.3554736842104869,1.683002665087432,1.572845721054254,0.3554736842104869,0.005978762128831521,7.503850728287554e-06,0.0002934736576597134,0.0036136611672641997
actor,Neighborhood Heterogeneity,13,pop200_gen50,200,50,92.51978049997706,0.006487492379977512,0.00539924459502493,0.0013552635888519952,4.786886059170881,3.983907366388021,0.4831052631578549,0.0013552635888519952,9.348146176969227e-06,0.0002996687838251788,0.0025848066269085557
actor,PageRank,13,pop200_gen50,200,50,119.05547845899127,1.0858986318245309e-05,1.0402517328583503e-05,7.164641261475774e-06,1.5156357341481983,1.4519243809899829,0.3776315789473293,0.005893005279922168,7.164641261475774e-06,0.0003092163293832556,0.0026830137663475537
actor,Eigenvector Centrality,13,pop200_gen50,200,50,76.30396212497726,0.00024535805482313024,0.0003400887843234549,0.00018397913001112748,1.3336189534557013,1.8485182765180244,0.49763157894732846,0.005448065036907791,9.429392448075514e-06,0.00018397913001112748,0.005576882209414994
actor,Clustering Coefficient,13,pop200_gen50,200,50,43.903706374927424,0.003594441544837865,0.005427158099678185,0.0010655366601843971,3.3733626248165187,5.093356523968856,0.4374210526315395,0.006115969468496353,8.528537002439764e-06,0.00035905883863358563,0.0010655366601843971
actor,Degree,13,pop100_gen100,100,100,42.4046673750272,0.5982631578946976,0.5591052631578555,0.32531578947364514,1.8390228118428442,1.7186539394920772,0.32531578947364514,0.005593864197793759,7.4340962336174615e-06,0.00028026120494241717,0.003263299914234264
actor,Neighborhood Heterogeneity,13,pop100_gen100,100,100,42.211006459081545,0.006487492379977512,0.00539924459502493,0.0012540379997931024,5.173282134231859,4.30548723078226,0.49721052631575,0.0012540379997931024,9.10795422059238e-06,0.0002775302341882737,0.004430676218431542
actor,PageRank,13,pop100_gen100,100,100,52.20448908407707,1.0858986318245309e-05,1.0402517328583503e-05,7.0041036458575895e-06,1.5503748755442244,1.4852032257883312,0.3704210526315396,0.0030956637202516936,7.0041036458575895e-06,0.0002730606759903415,0.004184942429099205
actor,Eigenvector Centrality,13,pop100_gen100,100,100,51.3218747919891,0.00024535805482313024,0.0003400887843234549,0.00017302334482880447,1.4180632969839784,1.965565887423752,0.455105263157855,0.008471427164971828,8.592651013299995e-06,0.00017302334482880447,0.004762897590733535
actor,Clustering Coefficient,13,pop100_gen100,100,100,41.58991304191295,0.003594441544837865,0.005427158099678185,0.0007323936706379044,4.907799847187589,7.410165212038503,0.49847368421048693,0.005255590191797205,9.134220114772086e-06,0.00028644928541930053,0.0007323936706379044
actor,Degree,14,pop50_gen20,50,20,4.246180999907665,0.5133157894736448,0.540315789473645,0.3765263157894343,1.3632932625105214,1.4350013978194478,0.3765263157894343,0.004491405183547424,7.776152229033669e-06,0.00035870012767790107,0.003546394564018774
actor,Neighborhood Heterogeneity,14,pop50_gen20,50,20,4.01575362496078,0.008195994780153818,0.005345315513936311,0.002586799963916601,3.168391408102733,2.0663814707354176,0.5158421052631179,0.002586799963916601,9.62059349010774e-06,0.0003402743142148261,0.0033305449704117973
actor,PageRank,14,pop50_gen20,50,20,4.941594792064279,9.405328333492595e-06,9.82885917025311e-06,7.82338562533155e-06,1.2022069196025351,1.2563434350504192,0.41405263157890787,0.00450935831528745,7.82338562533155e-06,0.00032241037465292964,0.006483631558618033
actor,Eigenvector Centrality,14,pop50_gen20,50,20,4.95814474998042,0.0002911241380554789,0.00038741459949508534,0.00019373559088688467,1.5026879507413584,1.9997079407122615,0.47589473684206496,0.005245873975518506,9.293397811164e-06,0.00019373559088688467,0.002941371572949371
actor,Clustering Coefficient,14,pop50_gen20,50,20,4.3344967919401824,0.004199891205916325,0.003559821700775818,0.0015214573120438802,2.7604397262216422,2.3397447122546344,0.5401578947368029,0.005867234072991105,9.900039942386867e-06,0.00030224205264039897,0.0015214573120438802
actor,Degree,14,pop100_gen50,100,50,20.97759312496055,0.5133157894736448,0.540315789473645,0.3622105263157501,1.4171752397559298,1.4917175239756424,0.3622105263157501,0.0064303261378878054,7.69946667907107e-06,0.00024557384518174026,0.005124910359816558
actor,Neighborhood Heterogeneity,14,pop100_gen50,100,50,20.751436459016986,0.008195994780153818,0.005345315513936311,0.0013968812854666403,5.86735241242485,3.8266068631241357,0.504105263157855,0.0013968812854666403,9.522150162470438e-06,0.000320254122949402,0.003214079138226951
actor,PageRank,14,pop100_gen50,100,50,25.98139833298046,9.405328333492595e-06,9.82885917025311e-06,7.112017181997975e-06,1.3224557945809632,1.3820072306816185,0.3788421052631179,0.006121460501496729,7.112017181997975e-06,0.0003747947200577783,0.004853462890686914
actor,Eigenvector Centrality,14,pop100_gen50,100,50,25.78983937506564,0.0002911241380554789,0.00038741459949508534,0.00018514487203609404,1.572412645588824,2.0924943544726355,0.4915789473683819,0.008760266321074024,9.396262239440567e-06,0.00018514487203609404,0.005536919773218567
actor,Clustering Coefficient,14,pop100_gen50,100,50,20.39432695810683,0.004199891205916325,0.003559821700775818,0.001018748461575464,4.1225988203420885,3.4943087867545444,0.4932631578946968,0.007853522277290097,9.21178486292373e-06,0.00033841696058802353,0.001018748461575464
actor,Degree,14,pop200_gen50,200,50,42.590329125057906,0.5133157894736448,0.540315789473645,0.356105263157855,1.4414720662134701,1.5172923440733668,0.356105263157855,0.006044511339676223,7.504910314311686e-06,0.00028639296423293417,0.003355675563962288
actor,Neighborhood Heterogeneity,14,pop200_gen50,200,50,40.179980708053336,0.008195994780153818,0.005345315513936311,0.001355310358499224,6.047319515235972,3.943978942103962,0.5522631578946975,0.001355310358499224,9.809323764145394e-06,0.0003367621754929599,0.0049383979658037735
actor,PageRank,14,pop200_gen50,200,50,50.461110958014615,9.405328333492595e-06,9.82885917025311e-06,7.116911296072053e-06,1.3215463762606623,1.3810568603936133,0.3905789473683819,0.006665882550474055,7.116911296072053e-06,0.0002809411078507523,0.00622163718777391
actor,Eigenvector Centrality,14,pop200_gen50,200,50,47.78791687509511,0.0002911241380554789,0.00038741459949508534,0.00019169506484834872,1.518683531502437,2.0209941231485105,0.4807368421052236,0.004986693003852111,9.096663366044578e-06,0.00019169506484834872,0.005056636081416508
actor,Clustering Coefficient,14,pop200_gen50,200,50,40.208725208067335,0.004199891205916325,0.003559821700775818,0.0011522437987025438,3.644967506568931,3.0894691772559493,0.5261052631578551,0.005197322202356242,9.578233846665614e-06,0.00033565394855829977,0.0011522437987025438
actor,Degree,14,pop100_gen100,100,100,40.69326858292334,0.5133157894736448,0.540315789473645,0.3467894736841707,1.4801942631659388,1.5580512976173069,0.3467894736841707,0.0068712742390405175,7.6206412096667185e-06,0.00024297426896829026,0.004125907897261189
actor,Neighborhood Heterogeneity,14,pop100_gen100,100,100,41.12055187497754,0.008195994780153818,0.005345315513936311,0.0010653936015932123,7.692926602804215,5.017221340491263,0.5099999999999607,0.0010653936015932123,9.528744124895402e-06,0.00029150666233480535,0.0032050378124059476
actor,PageRank,14,pop100_gen100,100,100,51.25285295792855,9.405328333492595e-06,9.82885917025311e-06,6.925663339201264e-06,1.3580400710868672,1.4191939008381935,0.37410526315785486,0.005967112703346894,6.925663339201264e-06,0.00035888324121278786,0.003922496817011676
actor,Eigenvector Centrality,14,pop100_gen100,100,100,48.31308541703038,0.0002911241380554789,0.00038741459949508534,0.00017967963084313546,1.6202400722296515,2.156140891859397,0.5008421052631189,0.008467272954355728,9.511203903541927e-06,0.00017967963084313546,0.0059182011376393
actor,Clustering Coefficient,14,pop100_gen100,100,100,39.55639625003096,0.004199891205916325,0.003559821700775818,0.000739991260704271,5.675595684628988,4.810626678736494,0.48278947368417063,0.0071768596322324685,9.129443527127172e-06,0.0003079608371850687,0.000739991260704271
actor,Degree,15,pop50_gen20,50,20,4.096164333052002,0.5561578947368024,0.455947368421013,0.39963157894732904,1.391676544185472,1.140919267746622,0.39963157894732904,0.006389569721919923,7.92342269859762e-06,0.0003251331577860673,0.0035805639681786823
actor,Neighborhood Heterogeneity,15,pop50_gen20,50,20,4.1672054580412805,0.004775756129994981,0.004600216520754131,0.0022259936821892074,2.1454490945806044,2.0665901065046763,0.47505263157890776,0.0022259936821892074,8.729330029910195e-06,0.0002593489029355855,0.004321502732116454
actor,PageRank,15,pop50_gen20,50,20,5.024495542049408,1.00081842005749e-05,8.950520500265583e-06,7.490940333174617e-06,1.3360384351551082,1.1948460543233836,0.4168947368420664,0.004513691760795686,7.490940333174617e-06,0.00029103973326957764,0.003679525543452393
actor,Eigenvector Centrality,15,pop50_gen20,50,20,5.095380834070966,0.0003270595205620279,0.0003022011553344056,0.00018598816760060036,1.758496385987149,1.6248407585979685,0.49547368421048643,0.006666454816139061,9.295065080689354e-06,0.00018598816760060036,0.0066199739433971646
actor,Clustering Coefficient,15,pop50_gen20,50,20,3.9526434580329806,0.005370026241595703,0.002834028023956744,0.0014749920009713459,3.6407155008700443,1.921385351303881,0.5156842105262761,0.0034065032730761307,9.361545884564974e-06,0.0002670598715889763,0.0014749920009713459
actor,Degree,15,pop100_gen50,100,50,20.462955624912865,0.5561578947368024,0.455947368421013,0.3362631578946973,1.65393645327915,1.3559242447957844,0.3362631578946973,0.004627656837631214,7.402905374824319e-06,0.0002741739890953341,0.006191538364911974
actor,Neighborhood Heterogeneity,15,pop100_gen50,100,50,19.886925042024814,0.004775756129994981,0.004600216520754131,0.0014796564850564045,3.227611393743818,3.1089760138338938,0.4899999999999597,0.0014796564850564045,9.10297871103267e-06,0.0002758843391980876,0.004528966246874888
actor,PageRank,15,pop100_gen50,100,50,24.72377783304546,1.00081842005749e-05,8.950520500265583e-06,7.120499240422167e-06,1.4055452943186502,1.2570074369862465,0.37426315789469733,0.004720751333883716,7.120499240422167e-06,0.0003234692626203965,0.004964103822168918
actor,Eigenvector Centrality,15,pop100_gen50,100,50,24.75754749996122,0.0003270595205620279,0.0003022011553344056,0.00017952571813924315,1.82179758951503,1.683330714210057,0.48368421052627564,0.0037533281210221786,8.988489065363629e-06,0.00017952571813924315,0.0038418173178919506
actor,Clustering Coefficient,15,pop100_gen50,100,50,19.387110915966332,0.005370026241595703,0.002834028023956744,0.0011294850152589978,4.754402377232355,2.5091329107247025,0.514263157894697,0.007996040771960422,9.291744004190138e-06,0.0003425766747767882,0.0011294850152589978
actor,Degree,15,pop200_gen50,200,50,40.031106957932934,0.5561578947368024,0.455947368421013,0.34457894736838146,1.6140216893234245,1.3232014663204892,0.34457894736838146,0.007741578826876841,7.5571647096376574e-06,0.0002279349381108816,0.002567095568591668
actor,Neighborhood Heterogeneity,15,pop200_gen50,200,50,39.73065229190979,0.004775756129994981,0.004600216520754131,0.0012783072686901203,3.736000136249473,3.5986782156593433,0.5593684210525918,0.0012783072686901203,1.0211755178740526e-05,0.00037193531964227564,0.004435218294549894
actor,PageRank,15,pop200_gen50,200,50,49.132184541085735,1.00081842005749e-05,8.950520500265583e-06,7.07163595348969e-06,1.415257270934046,1.2656930530832413,0.3777368421052233,0.006777062913893081,7.07163595348969e-06,0.00019821937498221915,0.0038675954465446556
actor,Eigenvector Centrality,15,pop200_gen50,200,50,49.24562345794402,0.0003270595205620279,0.0003022011553344056,0.00017596765957874637,1.8586342589597673,1.7173675893505256,0.5367368421052231,0.005672621005557871,9.974096801807968e-06,0.00017596765957874637,0.004132399036533372
actor,Clustering Coefficient,15,pop200_gen50,200,50,40.59438295895234,0.005370026241595703,0.002834028023956744,0.0009611389460836844,5.587148729615775,2.9486142825701194,0.5347368421052234,0.007173699385535558,9.871249146369006e-06,0.0002727332517453082,0.0009611389460836844
actor,Degree,15,pop100_gen100,100,100,42.18385687493719,0.5561578947368024,0.455947368421013,0.32642105263153937,1.7038052241213364,1.3968074814576423,0.32642105263153937,0.004421870527887032,7.404272019812149e-06,0.00030309448024295246,0.006493847524276147
actor,Neighborhood Heterogeneity,15,pop100_gen100,100,100,40.473900708020665,0.004775756129994981,0.004600216520754131,0.0011453530412951509,4.169680402292917,4.016417955770444,0.47852631578943344,0.0011453530412951509,9.036306791464264e-06,0.0002734999876185637,0.004357983818170506
actor,PageRank,15,pop100_gen100,100,100,51.18763733294327,1.00081842005749e-05,8.950520500265583e-06,6.932340201496706e-06,1.4436949009533768,1.2911253977889239,0.36563157894732906,0.004289571753457966,6.932340201496706e-06,0.0003070321950054819,0.005621050587970581
actor,Eigenvector Centrality,15,pop100_gen100,100,100,50.539218958932906,0.0003270595205620279,0.0003022011553344056,0.00017325958711067623,1.8876849819173702,1.7442102937793738,0.45052631578943414,0.004457177992321945,8.690738011398978e-06,0.00017325958711067623,0.004002024285001255
actor,Clustering Coefficient,15,pop100_gen100,100,100,41.698254792019725,0.005370026241595703,0.002834028023956744,0.0007119607694256382,7.542587277565696,3.980595765470401,0.4916842105262763,0.006663634246705389,9.191043740191569e-06,0.00033049545389644445,0.0007119607694256382
actor,Degree,16,pop50_gen20,50,20,4.255683916970156,0.5514736842104867,0.5794210526315396,0.3816315789473292,1.4450420631637464,1.5182733416081071,0.3816315789473292,0.005762613803736472,7.936520795015938e-06,0.00027707160342377936,0.003613970779606405
actor,Neighborhood Heterogeneity,16,pop50_gen20,50,20,4.451472665998153,0.007370909998683553,0.005066596339799856,0.0021440367828074246,3.437865459114001,2.363110735985416,0.552473684210487,0.0021440367828074246,1.0386097710820378e-05,0.0003611603895198716,0.003890088811109675
actor,PageRank,16,pop50_gen20,50,20,4.829595666960813,1.0145933055602967e-05,9.854433214868676e-06,7.889066239359506e-06,1.2860752778299263,1.2491254244645225,0.398315789473645,0.005012411843985319,7.889066239359506e-06,0.0003024054212733216,0.0028516646978881737
actor,Eigenvector Centrality,16,pop50_gen20,50,20,5.388603041996248,0.00026547596039342406,0.0003047020057921711,0.00020055097943483583,1.3237330535186143,1.5193244463369806,0.5367368421052239,0.008582735560932439,9.189545624983328e-06,0.00020055097943483583,0.0032532222840937113
actor,Clustering Coefficient,16,pop50_gen20,50,20,4.2130228750174865,0.0027630038759801816,0.0028685278556146976,0.001776491793267602,1.5553147424892022,1.6147149491405484,0.5300526315789071,0.006540271067011516,9.903941694339196e-06,0.000278600310319454,0.001776491793267602
actor,Degree,16,pop100_gen50,100,50,20.908089708071202,0.5514736842104867,0.5794210526315396,0.3515263157894343,1.5687977242102744,1.6483006438090264,0.3515263157894343,0.004282365473771574,7.32815728527518e-06,0.00035670444705879374,0.006942640245118882
actor,Neighborhood Heterogeneity,16,pop100_gen50,100,50,20.52554937498644,0.007370909998683553,0.005066596339799856,0.001503120046599128,4.903740067442082,3.370719691526464,0.42978947368417125,0.001503120046599128,8.074273313524076e-06,0.0002993705165325133,0.0034541331944705476
actor,PageRank,16,pop100_gen50,100,50,25.85360841709189,1.0145933055602967e-05,9.854433214868676e-06,7.214578733150911e-06,1.4063098388520614,1.3659055614138165,0.38505263157890757,0.00873800065652712,7.214578733150911e-06,0.0003571246927537574,0.0031151294702343353
actor,Eigenvector Centrality,16,pop100_gen50,100,50,25.76146787509788,0.00026547596039342406,0.0003047020057921711,0.0001850437247328677,1.434666108114013,1.6466486838829264,0.5102631578946978,0.005220858277556921,9.653034404801437e-06,0.0001850437247328677,0.003217822253270887
actor,Clustering Coefficient,16,pop100_gen50,100,50,21.022908166982234,0.0027630038759801816,0.0028685278556146976,0.0009257448738386964,2.984627788996661,3.0986159758250147,0.5154210526315396,0.006402281965962364,9.398961114560657e-06,0.000378482699568716,0.0009257448738386964
actor,Degree,16,pop200_gen50,200,50,42.3139391670702,0.5514736842104867,0.5794210526315396,0.3579473684210133,1.5406557859138947,1.6187325393325191,0.3579473684210133,0.007599777982619245,7.5916015554229245e-06,0.0002908493842052479,0.005010284209015352
actor,Neighborhood Heterogeneity,16,pop200_gen50,200,50,41.0208777920343,0.007370909998683553,0.005066596339799856,0.0014835620412701083,4.968386756763582,3.415156359394473,0.5359999999999605,0.0014835620412701083,9.71094806873429e-06,0.00025626152429050563,0.005539234885442655
actor,PageRank,16,pop200_gen50,200,50,51.149005249957554,1.0145933055602967e-05,9.854433214868676e-06,7.222978727986024e-06,1.4046743646484403,1.3643170755420981,0.38847368421048606,0.008897764563560482,7.222978727986024e-06,0.00023661953600936196,0.0029868245766039936
actor,Eigenvector Centrality,16,pop200_gen50,200,50,49.75318904197775,0.00026547596039342406,0.0003047020057921711,0.0001919900204914938,1.382759164845165,1.5870721041236155,0.5424210526315393,0.005599096077543343,9.896546856818453e-06,0.0001919900204914938,0.004188359895331721
actor,Clustering Coefficient,16,pop200_gen50,200,50,42.65607737505343,0.0027630038759801816,0.0028685278556146976,0.000949328720389705,2.9104817084286174,3.021638125977217,0.5448421052631176,0.0076763391251626735,9.991083191871474e-06,0.0003213751701586839,0.000949328720389705
actor,Degree,16,pop100_gen100,100,100,42.06521920801606,0.5514736842104867,0.5794210526315396,0.3364210526315395,1.6392365456821771,1.722309136420611,0.3364210526315395,0.004163938772815625,7.165956852133509e-06,0.000335711145205282,0.006600887935907694
actor,Neighborhood Heterogeneity,16,pop100_gen100,100,100,38.64754104206804,0.007370909998683553,0.005066596339799856,0.001503120046599128,4.903740067442082,3.370719691526464,0.42978947368417125,0.001503120046599128,8.074273313524076e-06,0.0002993705165325133,0.0034541331944705476
actor,PageRank,16,pop100_gen100,100,100,51.841575625003316,1.0145933055602967e-05,9.854433214868676e-06,6.96079971437336e-06,1.4575815239522871,1.4157041746970898,0.37678947368417065,0.009113757603752774,6.96079971437336e-06,0.0003601527193427198,0.0038222162854104477
actor,Eigenvector Centrality,16,pop100_gen100,100,100,51.25773466692772,0.00026547596039342406,0.0003047020057921711,0.0001738150424100503,1.5273474419270041,1.7530243733067874,0.4925263157894344,0.005161481328014476,9.624296867900247e-06,0.0001738150424100503,0.0028981707054497588
actor,Clustering Coefficient,16,pop100_gen100,100,100,42.023906083079055,0.0027630038759801816,0.0028685278556146976,0.000703599610457144,3.926954811963295,4.076932125859127,0.5134736842104869,0.006727226316046555,9.43826592576481e-06,0.00038944051948958797,0.000703599610457144
actor,Degree,17,pop50_gen20,50,20,3.995431499904953,0.5374736842104866,0.6094210526315392,0.40415789473680236,1.3298606589399986,1.5078786300300018,0.40415789473680236,0.00634537589932351,8.066740287500751e-06,0.00023969156705682589,0.003438713774403606
actor,Neighborhood Heterogeneity,17,pop50_gen20,50,20,4.212475250009447,0.008857647341627039,0.010602504862668482,0.00183014358658539,4.839864700536032,5.79326394955175,0.475157894736803,0.00183014358658539,9.249418647322964e-06,0.00026874596728125285,0.006627611644192612
actor,PageRank,17,pop50_gen20,50,20,5.161711958004162,9.992165095051679e-06,1.0519761775414093e-05,7.814068126165054e-06,1.278740463190149,1.3462592858883768,0.4151578947368022,0.00551670563289602,7.814068126165054e-06,0.00024727680538741333,0.0029224722401305276
actor,Eigenvector Centrality,17,pop50_gen20,50,20,5.009659125003964,0.000293314834242789,0.00039766006471888686,0.00020120988640275894,1.4577555779523919,1.976344561533604,0.48089473684206574,0.008739630161147375,8.88647428327292e-06,0.00020120988640275894,0.003764968713292783
actor,Clustering Coefficient,17,pop50_gen20,50,20,4.352604250074364,0.002985638910789714,0.003962378725777203,0.0013913629079146024,2.1458376486869546,2.847839843392175,0.5393684210525918,0.006560336288162752,1.002101557892816e-05,0.000297015745843987,0.0013913629079146024
actor,Degree,17,pop100_gen50,100,50,21.717337084002793,0.5374736842104866,0.6094210526315392,0.3651052631578552,1.4721060977368245,1.6691653452501802,0.3651052631578552,0.005549922392066374,7.487356509185131e-06,0.0003512558803946426,0.004825314260541014
actor,Neighborhood Heterogeneity,17,pop100_gen50,100,50,21.216233790968545,0.008857647341627039,0.010602504862668482,0.0015133506171405259,5.853004083325748,7.00598046651073,0.581473684210487,0.0015133506171405259,1.0249491905058454e-05,0.00026960685717745405,0.002930434244036194
actor,PageRank,17,pop100_gen50,100,50,26.06671225000173,9.992165095051679e-06,1.0519761775414093e-05,7.091143083986704e-06,1.4091049886746885,1.4835071935256718,0.37773684210522335,0.005354556178183931,7.091143083986704e-06,0.00025688294020026795,0.004387295234445256
actor,Eigenvector Centrality,17,pop100_gen50,100,50,26.406562166986987,0.000293314834242789,0.00039766006471888686,0.00018204447873505262,1.6112262029637225,2.184411565140852,0.4613684210525918,0.006832102328146755,8.89066947488752e-06,0.00018204447873505262,0.004661525888540992
actor,Clustering Coefficient,17,pop100_gen50,100,50,20.952191499993205,0.002985638910789714,0.003962378725777203,0.0008252611054535587,3.617811249142566,4.801363713366211,0.4832105263157499,0.006816304134597123,8.934501704247667e-06,0.00037437717338485645,0.0008252611054535587
actor,Degree,17,pop200_gen50,200,50,42.53298195905518,0.5374736842104866,0.6094210526315392,0.35278947368417113,1.5234969416679673,1.7274354766523257,0.35278947368417113,0.004284460518411111,7.1731838864854375e-06,0.0002860770294915243,0.004450456366467369
actor,Neighborhood Heterogeneity,17,pop200_gen50,200,50,41.972227417049,0.008857647341627039,0.010602504862668482,0.0014519098379502122,6.100686909134904,7.302454040560097,0.45557894736838167,0.0014519098379502122,8.705203811388443e-06,0.00034145013960969764,0.005018740155156196
actor,PageRank,17,pop200_gen50,200,50,51.14708887494635,9.992165095051679e-06,1.0519761775414093e-05,7.030461686987134e-06,1.421267270902911,1.4963116568696186,0.3758947368420657,0.00810229413044688,7.030461686987134e-06,0.00022509951949938983,0.003193647970379043
actor,Eigenvector Centrality,17,pop200_gen50,200,50,50.8346585839754,0.000293314834242789,0.00039766006471888686,0.00018523680568408122,1.5834587146953576,2.1467659369871157,0.4615263157894341,0.006207118207882892,8.818799125570042e-06,0.00018523680568408122,0.005328096770298808
actor,Clustering Coefficient,17,pop200_gen50,200,50,37.64291420800146,0.002985638910789714,0.003962378725777203,0.0014394074750047436,2.0742138432898405,2.75278459684541,0.47831578947364395,0.004437285796396043,8.781875530332422e-06,0.00043130808733479395,0.0014394074750047436
actor,Degree,17,pop100_gen100,100,100,42.884462749934755,0.5374736842104866,0.6094210526315392,0.347263157894697,1.5477417399212512,1.7549257350713205,0.347263157894697,0.0058163518299789805,7.4672924008985105e-06,0.00033007572310744213,0.0037614783053714672
actor,Neighborhood Heterogeneity,17,pop100_gen100,100,100,41.62843479192816,0.008857647341627039,0.010602504862668482,0.0011710595867939653,7.563788761489762,9.053770604188626,0.5796842105262764,0.0011710595867939653,1.0210595118243389e-05,0.00025935412905540324,0.002945287990965347
actor,PageRank,17,pop100_gen100,100,100,51.979130499996245,9.992165095051679e-06,1.0519761775414093e-05,6.882035369937506e-06,1.4519200436981212,1.5285829278598464,0.3781052631578552,0.005168643571828537,6.882035369937506e-06,0.00027635238334738357,0.003625411452277047
actor,Eigenvector Centrality,17,pop100_gen100,100,100,51.759151999955066,0.000293314834242789,0.00039766006471888686,0.00017235679905203483,1.7017885912016544,2.3071910531294595,0.4587894736841706,0.007225601338830432,8.807838804046972e-06,0.00017235679905203483,0.004775168269136022
actor,Clustering Coefficient,17,pop100_gen100,100,100,39.94780825008638,0.002985638910789714,0.003962378725777203,0.0006223277987864359,4.797534220087596,6.367028330574338,0.4888421052631182,0.007726585357498972,9.056078211651624e-06,0.0003769211235588403,0.0006223277987864359
actor,Degree,18,pop50_gen20,50,20,3.764219250064343,0.5014736842104863,0.6194210526315397,0.4017368421052236,1.2482641163369814,1.5418577230447286,0.4017368421052236,0.005030013344005531,8.323340144462518e-06,0.00024080869124945507,0.0038816042709764855
actor,Neighborhood Heterogeneity,18,pop50_gen20,50,20,4.2161720000440255,0.004919548538268398,0.006375576630626853,0.002496079331165863,1.9709103299896267,2.5542363782360087,0.5373157894736444,0.002496079331165863,9.951954885598472e-06,0.00032975043041813973,0.004974433257526888
actor,PageRank,18,pop50_gen20,50,20,5.053023000014946,9.305753268815484e-06,1.0760196219054665e-05,7.380885713386008e-06,1.2607908630719653,1.4578462039508244,0.3993684210525927,0.007864294364460202,7.380885713386008e-06,0.00023776181431213144,0.0027882623566089634
actor,Eigenvector Centrality,18,pop50_gen20,50,20,4.790581000037491,0.00029821881038002263,0.00031559454753647725,0.00020023203871298722,1.4893660989362933,1.5761441054338499,0.4980526315789075,0.006747751998568047,9.128339279872822e-06,0.00020023203871298722,0.002163129677184427
actor,Clustering Coefficient,18,pop50_gen20,50,20,4.201999958022498,0.005030541389467574,0.004704943943332516,0.0014290010818390675,3.520320210670147,3.292470525828742,0.538052631578908,0.007874489366714107,1.0173867222473484e-05,0.00033835268724613493,0.0014290010818390675
actor,Degree,18,pop100_gen50,100,50,20.8221553749172,0.5014736842104863,0.6194210526315397,0.350736842105224,1.429771908763551,1.7660564225691129,0.350736842105224,0.007135345839650223,7.236457122752771e-06,0.00026027711532454733,0.0056191268379846265
actor,Neighborhood Heterogeneity,18,pop100_gen50,100,50,20.483369249966927,0.004919548538268398,0.006375576630626853,0.0015081962861708885,3.2618755153936116,4.227285724733881,0.4847894736841708,0.0015081962861708885,8.938432465387377e-06,0.00024335732830383676,0.006035290265361528
actor,PageRank,18,pop100_gen50,100,50,25.511521417065524,9.305753268815484e-06,1.0760196219054665e-05,7.095778371993665e-06,1.3114492562992626,1.5164222520709068,0.388052631578908,0.005089992287617763,7.095778371993665e-06,0.0003633720816507702,0.004433244104285075
actor,Eigenvector Centrality,18,pop100_gen50,100,50,25.42946637503337,0.00029821881038002263,0.00031559454753647725,0.00018204844599320564,1.6381288439625168,1.7335745208627367,0.49399999999996036,0.00714786561058932,8.903365836241003e-06,0.00018204844599320564,0.0040666961577944215
actor,Clustering Coefficient,18,pop100_gen50,100,50,20.52143929200247,0.005030541389467574,0.004704943943332516,0.001046027056587242,4.809188593916653,4.497918016272755,0.5059473684210128,0.0057733479989202354,9.487257509860136e-06,0.00030326645191902684,0.001046027056587242
actor,Degree,18,pop200_gen50,200,50,42.2866895000916,0.5014736842104863,0.6194210526315397,0.3642105263157497,1.3768786127168036,1.7007225433526791,0.3642105263157497,0.004787285774848177,7.424217087854431e-06,0.00027065365674160775,0.003968207236995499
actor,Neighborhood Heterogeneity,18,pop200_gen50,200,50,41.26500408293214,0.004919548538268398,0.006375576630626853,0.0016408205584279776,2.9982245852536575,3.8856026016245844,0.4751052631578549,0.0016408205584279776,9.270694754670384e-06,0.00035651906360882087,0.005005035566387911
actor,PageRank,18,pop200_gen50,200,50,52.09173304098658,9.305753268815484e-06,1.0760196219054665e-05,7.261744935377787e-06,1.2814761949954605,1.4817645503676553,0.38121052631575036,0.004558407713414024,7.261744935377787e-06,0.0002697938208114614,0.0034197651202483165
actor,Eigenvector Centrality,18,pop200_gen50,200,50,49.55908462498337,0.00029821881038002263,0.00031559454753647725,0.00019362611694332017,1.5401786447399537,1.629917247314631,0.6249999999999603,0.008891809227729312,1.091772612807486e-05,0.00019362611694332017,0.004134169626717591
actor,Clustering Coefficient,18,pop200_gen50,200,50,38.471823167055845,0.005030541389467574,0.004704943943332516,0.0015253668113722368,3.297922409195493,3.0844672299510023,0.542526315789434,0.005619129064051728,9.774534525566851e-06,0.00032621250644575294,0.0015253668113722368
actor,Degree,18,pop100_gen100,100,100,42.53127825004049,0.5014736842104863,0.6194210526315397,0.33489473684206583,1.4974068835455543,1.84959924563895,0.33489473684206583,0.006883741037233876,7.164529262285094e-06,0.00025254400371130676,0.005242022405264197
actor,Neighborhood Heterogeneity,18,pop100_gen100,100,100,41.51133891590871,0.004919548538268398,0.006375576630626853,0.0011900313802455595,4.1339653894280195,5.357486144030313,0.4814736842104864,0.0011900313802455595,8.961244682593137e-06,0.00025923767460184265,0.006495122510986386
actor,PageRank,18,pop100_gen100,100,100,51.481619916972704,9.305753268815484e-06,1.0760196219054665e-05,6.9239552159138825e-06,1.3439938559145101,1.554053410733166,0.37910526315785537,0.005154695730950494,6.9239552159138825e-06,0.0003653868161282008,0.003860814912632126
actor,Eigenvector Centrality,18,pop100_gen100,100,100,51.03482287505176,0.00029821881038002263,0.00031559454753647725,0.0001753656959435287,1.7005538556186903,1.7996367296264435,0.482999999999961,0.006950786821053994,8.935422425045616e-06,0.0001753656959435287,0.0043035006556680164
actor,Clustering Coefficient,18,pop100_gen100,100,100,41.63324100000318,0.005030541389467574,0.004704943943332516,0.0007202193321455437,6.984735295123944,6.5326543364455665,0.46363157894732876,0.005424548899656841,8.914828861266902e-06,0.00029027755794916395,0.0007202193321455437
actor,Degree,19,pop50_gen20,50,20,4.308549374924041,0.5854210526315391,0.5494210526315397,0.40152631578943393,1.4579892515402209,1.368331367151696,0.40152631578943393,0.008790955939771309,7.864321564283843e-06,0.0002965931876251911,0.00527537536941812
actor,Neighborhood Heterogeneity,19,pop50_gen20,50,20,4.2998570839408785,0.011283421767973586,0.00555793173297456,0.002472067584234628,4.564366217142491,2.24829279281025,0.5039999999999606,0.002472067584234628,9.229798999343983e-06,0.00023580019384701503,0.00307954562311136
actor,PageRank,19,pop50_gen20,50,20,5.079478582949378,1.0292883836666902e-05,9.997421776082587e-06,7.4913687295721355e-06,1.3739657208482878,1.3345253900822984,0.39015789473680307,0.005920168266876744,7.4913687295721355e-06,0.0002467818056361007,0.00820717030208222
actor,Eigenvector Centrality,19,pop50_gen20,50,20,5.082612834055908,0.0003197638555031127,0.0003390824488678531,0.00018765889942666997,1.703963182561797,1.8069084381492588,0.4682631578946973,0.005618316919493828,8.779735310643864e-06,0.00018765889942666997,0.003592829962968293
actor,Clustering Coefficient,19,pop50_gen20,50,20,4.429642666946165,0.004435041184532915,0.006685527752112452,0.0013373673184117944,3.3162476183430276,4.999021330992241,0.49694736842101295,0.007823455339885857,9.029515137466054e-06,0.00031392220855475984,0.0013373673184117944
actor,Degree,19,pop100_gen50,100,50,21.347907915944234,0.5854210526315391,0.5494210526315397,0.34773684210522326,1.6835174814591372,1.5799909187226355,0.34773684210522326,0.006245783267836818,7.895302213587885e-06,0.00028589311133775776,0.0035823215059122586
actor,Neighborhood Heterogeneity,19,pop100_gen50,100,50,20.73126091703307,0.011283421767973586,0.00555793173297456,0.0016234031134333977,6.950474392099595,3.423630081144711,0.48410526315785474,0.0016234031134333977,9.074755291788896e-06,0.00025663538987064717,0.005049173618581542
actor,PageRank,19,pop100_gen50,100,50,26.184600624954328,1.0292883836666902e-05,9.997421776082587e-06,7.145836980362459e-06,1.440402833839181,1.3990553945684172,0.3835263157894345,0.006691759387717438,7.145836980362459e-06,0.0003439156721618963,0.004262491112177229
actor,Eigenvector Centrality,19,pop100_gen50,100,50,25.706895292038098,0.0003197638555031127,0.0003390824488678531,0.0001867306779847492,1.7124334306183406,1.8158904178323974,0.43199999999995964,0.005287392416772873,8.06480674140767e-06,0.0001867306779847492,0.0030282772454675254
actor,Clustering Coefficient,19,pop100_gen50,100,50,21.15217799996026,0.004435041184532915,0.006685527752112452,0.0009318385183559967,4.759452520118475,7.174556127930241,0.48473684210522333,0.006555534657090902,9.163253723603852e-06,0.0002433023371744186,0.0009318385183559967
actor,Degree,19,pop200_gen50,200,50,43.21858374995645,0.5854210526315391,0.5494210526315397,0.3448947368420658,1.6973905081642784,1.5930108347322525,0.3448947368420658,0.006543119311724832,7.338102728746979e-06,0.000309602513144579,0.002567678683817149
actor,Neighborhood Heterogeneity,19,pop200_gen50,200,50,39.29827050003223,0.011283421767973586,0.00555793173297456,0.00190001083371278,5.938609174098675,2.9252105484650825,0.5706842105262754,0.00190001083371278,9.791560495937623e-06,0.0003738636480516297,0.004376621161126808
actor,PageRank,19,pop200_gen50,200,50,52.74241387506481,1.0292883836666902e-05,9.997421776082587e-06,7.238088791838306e-06,1.4220444281193667,1.381223975499681,0.3914210526315396,0.006919744410012897,7.238088791838306e-06,0.0002987808714767103,0.006093983064398112
actor,Eigenvector Centrality,19,pop200_gen50,200,50,51.779001542017795,0.0003197638555031127,0.0003390824488678531,0.00018789714146403658,1.701802661879853,1.8046173892046853,0.5495263157894341,0.005373342225818254,9.990610162570433e-06,0.00018789714146403658,0.0065358963190095916
actor,Clustering Coefficient,19,pop200_gen50,200,50,43.02145712496713,0.004435041184532915,0.006685527752112452,0.0007957496841208246,5.573412434882613,8.401546221785669,0.44978947368417055,0.008049162332262652,8.706902925230736e-06,0.00032186736665322583,0.0007957496841208246
actor,Degree,19,pop100_gen100,100,100,42.601244917022996,0.5854210526315391,0.5494210526315397,0.33184210526311797,1.7641554321967614,1.6556701030928644,0.33184210526311797,0.006281881673555628,7.775314427511574e-06,0.00030580205896706825,0.004060996801995618
actor,Neighborhood Heterogeneity,19,pop100_gen100,100,100,41.587467166013084,0.011283421767973586,0.00555793173297456,0.0012341904882341621,9.142366494914025,4.503301383343717,0.48421052631574996,0.0012341904882341621,8.98844408120967e-06,0.00028613564198131704,0.006025127980638351
actor,PageRank,19,pop100_gen100,100,100,53.09211837500334,1.0292883836666902e-05,9.997421776082587e-06,6.900054321957948e-06,1.49171055130856,1.4488902999311077,0.37989473684206604,0.007294119831468711,6.900054321957948e-06,0.00034742622031722845,0.004379396650485231
actor,Eigenvector Centrality,19,pop100_gen100,100,100,50.962259666994214,0.0003197638555031127,0.0003390824488678531,0.0001779062981129456,1.7973723184330856,1.9059609045014427,0.43157894736838076,0.00545821261847098,8.135064324565638e-06,0.0001779062981129456,0.002818884742505045
actor,Clustering Coefficient,19,pop100_gen100,100,100,41.66608920798171,0.004435041184532915,0.006685527752112452,0.0006802240528003451,6.519971127564139,9.828420098627038,0.5088947368420653,0.007074424559544573,9.584680656768839e-06,0.0002570595403537195,0.0006802240528003451
