Dataset,StratificationType,Fold_Seed,Fold,Model,Init_Seed,Stopped_Epoch,Best_Epoch,Best_Val_Loss,Best_Val_Accuracy,Test_Loss,Test_Accuracy,Stopped_Early,Early_Stopping_Patience
chameleon,RandomKFold,0,1,MLP,100,114,14,1.435065746307373,0.4438202381134033,1.3940975666046143,0.466292142868042,True,100
chameleon,RandomKFold,0,1,MLP,101,114,14,1.4018712043762207,0.4438202381134033,1.3643672466278076,0.449438214302063,True,100
chameleon,RandomKFold,0,1,GCN,100,105,5,1.5150647163391113,0.3764044940471649,1.4999256134033203,0.4325842559337616,True,100
chameleon,RandomKFold,0,1,GCN,101,105,5,1.5201054811477661,0.37078651785850525,1.5089370012283325,0.4438202381134033,True,100
chameleon,RandomKFold,0,1,GAT,101,104,4,1.4201934337615967,0.3483146131038666,1.4159038066864014,0.3820224702358246,True,100
chameleon,RandomKFold,0,1,GAT,100,147,47,1.4437674283981323,0.43820226192474365,1.4879544973373413,0.4101123511791229,True,100
chameleon,RandomKFold,0,1,SAGE,100,106,6,1.3251874446868896,0.466292142868042,1.3320536613464355,0.4101123511791229,True,100
chameleon,RandomKFold,0,1,SAGE,101,106,6,1.3132473230361938,0.42696627974510193,1.30318284034729,0.47191011905670166,True,100
chameleon,RandomKFold,0,1,GPRGNN,100,110,10,1.4988282918930054,0.3426966369152069,1.462557315826416,0.40449437499046326,True,100
chameleon,RandomKFold,0,1,GPRGNN,101,109,9,1.4959635734558105,0.3483146131038666,1.4578924179077148,0.4157303273677826,True,100
chameleon,RandomKFold,0,1,H2GCN,100,128,28,1.402765154838562,0.38764044642448425,1.3421205282211304,0.4325842559337616,True,100
chameleon,RandomKFold,0,1,H2GCN,101,125,25,1.404862403869629,0.3595505654811859,1.3523316383361816,0.45505619049072266,True,100
chameleon,RandomKFold,0,2,MLP,100,113,13,1.4991533756256104,0.3595505654811859,1.4369512796401978,0.38764044642448425,True,100
chameleon,RandomKFold,0,2,MLP,101,113,13,1.4776756763458252,0.3426966369152069,1.3883299827575684,0.4101123511791229,True,100
chameleon,RandomKFold,0,2,GCN,100,105,5,1.5031719207763672,0.3764044940471649,1.5086036920547485,0.3651685416698456,True,100
chameleon,RandomKFold,0,2,GCN,101,107,7,1.4908310174942017,0.3820224702358246,1.5249735116958618,0.3651685416698456,True,100
chameleon,RandomKFold,0,2,GAT,100,142,42,1.4881970882415771,0.3820224702358246,1.4480379819869995,0.38764044642448425,True,100
chameleon,RandomKFold,0,2,GAT,101,179,79,1.4861602783203125,0.3932584226131439,1.448642373085022,0.3932584226131439,True,100
chameleon,RandomKFold,0,2,SAGE,100,105,5,1.4537382125854492,0.3932584226131439,1.3445830345153809,0.42696627974510193,True,100
chameleon,RandomKFold,0,2,SAGE,101,105,5,1.4391268491744995,0.40449437499046326,1.3407390117645264,0.4101123511791229,True,100
chameleon,RandomKFold,0,1,MixHop,100,107,7,1.4561854600906372,0.4157303273677826,1.4307818412780762,0.3988763988018036,True,100
chameleon,RandomKFold,0,2,GPRGNN,100,131,31,1.5054960250854492,0.4157303273677826,1.6446435451507568,0.3932584226131439,True,100
chameleon,RandomKFold,0,1,MixHop,101,111,11,1.4349828958511353,0.4325842559337616,1.349000334739685,0.4438202381134033,True,100
chameleon,RandomKFold,0,2,GPRGNN,101,126,26,1.4930126667022705,0.3932584226131439,1.5889967679977417,0.4438202381134033,True,100
chameleon,RandomKFold,0,2,H2GCN,100,124,24,1.4449831247329712,0.3820224702358246,1.3854771852493286,0.42696627974510193,True,100
chameleon,RandomKFold,0,3,MLP,100,115,15,1.396837830543518,0.4438202381134033,1.497962236404419,0.3595505654811859,True,100
chameleon,RandomKFold,0,3,MLP,101,114,14,1.3958834409713745,0.42696627974510193,1.4868059158325195,0.33707866072654724,True,100
chameleon,RandomKFold,0,2,H2GCN,101,125,25,1.4536104202270508,0.40449437499046326,1.3903132677078247,0.4101123511791229,True,100
chameleon,RandomKFold,0,3,GCN,100,107,7,1.5006190538406372,0.3820224702358246,1.5468116998672485,0.33707866072654724,True,100
chameleon,RandomKFold,0,3,GCN,101,107,7,1.4800128936767578,0.3932584226131439,1.545030117034912,0.3314606845378876,True,100
chameleon,RandomKFold,0,3,GAT,100,130,30,1.3797920942306519,0.3988763988018036,1.5557235479354858,0.30337077379226685,True,100
chameleon,RandomKFold,0,3,GAT,101,143,43,1.4403131008148193,0.3988763988018036,1.5831655263900757,0.3314606845378876,True,100
chameleon,RandomKFold,0,3,SAGE,100,105,5,1.3966922760009766,0.45505619049072266,1.4490052461624146,0.3932584226131439,True,100
chameleon,RandomKFold,0,3,SAGE,101,106,6,1.3665062189102173,0.449438214302063,1.4401756525039673,0.3932584226131439,True,100
chameleon,RandomKFold,0,2,MixHop,100,111,11,1.4239143133163452,0.3764044940471649,1.510125994682312,0.4438202381134033,True,100
chameleon,RandomKFold,0,2,MixHop,101,110,10,1.4574894905090332,0.3932584226131439,1.4440498352050781,0.3932584226131439,True,100
chameleon,RandomKFold,0,3,GPRGNN,100,111,11,1.4821096658706665,0.37078651785850525,1.5350209474563599,0.3595505654811859,True,100
chameleon,RandomKFold,0,3,GPRGNN,101,132,32,1.4541422128677368,0.45505619049072266,1.6228957176208496,0.31460675597190857,True,100
chameleon,RandomKFold,0,3,H2GCN,100,122,22,1.4382493495941162,0.32022473216056824,1.4637744426727295,0.31460675597190857,True,100
chameleon,RandomKFold,0,4,MLP,100,114,14,1.5045039653778076,0.3988763988018036,1.3973408937454224,0.45505619049072266,True,100
chameleon,RandomKFold,0,4,MLP,101,114,14,1.471921443939209,0.40449437499046326,1.395726203918457,0.449438214302063,True,100
chameleon,RandomKFold,0,3,H2GCN,101,124,24,1.4416767358779907,0.3483146131038666,1.4707231521606445,0.3314606845378876,True,100
chameleon,RandomKFold,0,4,GCN,100,108,8,1.5283441543579102,0.3651685416698456,1.439460277557373,0.4325842559337616,True,100
chameleon,RandomKFold,0,4,GCN,101,105,5,1.51829993724823,0.3932584226131439,1.4734958410263062,0.42696627974510193,True,100
chameleon,RandomKFold,0,4,GAT,100,108,8,1.4641292095184326,0.37078651785850525,1.4198857545852661,0.4101123511791229,True,100
chameleon,RandomKFold,0,4,GAT,101,107,7,1.453952431678772,0.33707866072654724,1.4154634475708008,0.42134830355644226,True,100
chameleon,RandomKFold,0,4,SAGE,100,105,5,1.456299901008606,0.3651685416698456,1.3690550327301025,0.42696627974510193,True,100
chameleon,RandomKFold,0,4,SAGE,101,107,7,1.4572221040725708,0.38764044642448425,1.3713833093643188,0.43820226192474365,True,100
chameleon,RandomKFold,0,3,MixHop,100,110,10,1.3963854312896729,0.4606741666793823,1.4824676513671875,0.3314606845378876,True,100
chameleon,RandomKFold,0,3,MixHop,101,108,8,1.4324637651443481,0.42134830355644226,1.5196822881698608,0.3483146131038666,True,100
chameleon,RandomKFold,0,4,GPRGNN,100,111,11,1.4792468547821045,0.38764044642448425,1.442338466644287,0.4157303273677826,True,100
chameleon,RandomKFold,0,4,GPRGNN,101,110,10,1.4902184009552002,0.37078651785850525,1.4568915367126465,0.4325842559337616,True,100
chameleon,RandomKFold,0,4,H2GCN,100,121,21,1.4801630973815918,0.33707866072654724,1.3935792446136475,0.40449437499046326,True,100
chameleon,RandomKFold,0,5,MLP,100,115,15,1.3908659219741821,0.43820226192474365,1.4977017641067505,0.38764044642448425,True,100
chameleon,RandomKFold,0,5,MLP,101,115,15,1.3576414585113525,0.4606741666793823,1.459333896636963,0.40449437499046326,True,100
chameleon,RandomKFold,0,4,H2GCN,101,121,21,1.4766889810562134,0.35393258929252625,1.3912144899368286,0.3932584226131439,True,100
chameleon,RandomKFold,0,5,GCN,100,110,10,1.502352237701416,0.4325842559337616,1.6256358623504639,0.31460675597190857,True,100
chameleon,RandomKFold,0,5,GCN,101,109,9,1.4850413799285889,0.4325842559337616,1.5878486633300781,0.32022473216056824,True,100
chameleon,RandomKFold,0,5,GAT,100,106,6,1.4284782409667969,0.38764044642448425,1.5318620204925537,0.3314606845378876,True,100
chameleon,RandomKFold,0,5,GAT,101,104,4,1.4296009540557861,0.38764044642448425,1.483433723449707,0.3483146131038666,True,100
chameleon,RandomKFold,0,5,SAGE,100,107,7,1.345715045928955,0.42696627974510193,1.5126746892929077,0.35393258929252625,True,100
chameleon,RandomKFold,0,5,SAGE,101,108,8,1.3168185949325562,0.4157303273677826,1.5021562576293945,0.3651685416698456,True,100
chameleon,RandomKFold,0,4,MixHop,100,109,9,1.4383862018585205,0.3988763988018036,1.3502607345581055,0.449438214302063,True,100
chameleon,RandomKFold,0,4,MixHop,101,109,9,1.4504222869873047,0.3426966369152069,1.3526912927627563,0.466292142868042,True,100
chameleon,RandomKFold,0,5,GPRGNN,100,115,15,1.4101594686508179,0.42134830355644226,1.529066562652588,0.3595505654811859,True,100
chameleon,RandomKFold,0,5,GPRGNN,101,114,14,1.4277235269546509,0.3988763988018036,1.509922981262207,0.35393258929252625,True,100
chameleon,RandomKFold,0,5,H2GCN,100,128,28,1.3269261121749878,0.4438202381134033,1.5368316173553467,0.2977527976036072,True,100
chameleon,RandomKFold,0,5,H2GCN,101,127,27,1.3312668800354004,0.4325842559337616,1.5132739543914795,0.32022473216056824,True,100
chameleon,RandomKFold,0,5,MixHop,100,110,10,1.4238017797470093,0.45505619049072266,1.5125545263290405,0.3820224702358246,True,100
chameleon,RandomKFold,0,5,MixHop,101,110,10,1.4140149354934692,0.42134830355644226,1.5390397310256958,0.3258427083492279,True,100
chameleon,LabelStratifiedKFold,0,1,MLP,100,115,15,1.4133542776107788,0.4438202381134033,1.4107916355133057,0.4101123511791229,True,100
chameleon,LabelStratifiedKFold,0,1,MLP,101,115,15,1.35845947265625,0.42696627974510193,1.3716444969177246,0.42134830355644226,True,100
chameleon,LabelStratifiedKFold,0,1,GCN,100,110,10,1.4604147672653198,0.4101123511791229,1.464192271232605,0.4325842559337616,True,100
chameleon,LabelStratifiedKFold,0,1,GCN,101,111,11,1.4476795196533203,0.4157303273677826,1.4330360889434814,0.42696627974510193,True,100
chameleon,LabelStratifiedKFold,0,1,GAT,100,111,11,1.4212665557861328,0.40449437499046326,1.3900004625320435,0.42134830355644226,True,100
chameleon,LabelStratifiedKFold,0,1,GAT,101,117,17,1.4235433340072632,0.3820224702358246,1.386272668838501,0.42134830355644226,True,100
chameleon,LabelStratifiedKFold,0,1,SAGE,100,105,5,1.3894567489624023,0.38764044642448425,1.3187469244003296,0.45505619049072266,True,100
chameleon,LabelStratifiedKFold,0,1,SAGE,101,106,6,1.371300458908081,0.466292142868042,1.320467233657837,0.47752809524536133,True,100
chameleon,LabelStratifiedKFold,0,1,GPRGNN,100,115,15,1.4216798543930054,0.38764044642448425,1.4371883869171143,0.45505619049072266,True,100
chameleon,LabelStratifiedKFold,0,1,GPRGNN,101,116,16,1.4184550046920776,0.42134830355644226,1.4327189922332764,0.43820226192474365,True,100
chameleon,LabelStratifiedKFold,0,1,H2GCN,100,132,32,1.3493945598602295,0.38764044642448425,1.358872652053833,0.449438214302063,True,100
chameleon,LabelStratifiedKFold,0,1,H2GCN,101,133,33,1.3613957166671753,0.3988763988018036,1.3626424074172974,0.4606741666793823,True,100
chameleon,LabelStratifiedKFold,0,2,MLP,100,113,13,1.4752821922302246,0.3932584226131439,1.3960493803024292,0.45505619049072266,True,100
chameleon,LabelStratifiedKFold,0,2,MLP,101,114,14,1.4592739343643188,0.38764044642448425,1.3705487251281738,0.4325842559337616,True,100
chameleon,LabelStratifiedKFold,0,2,GCN,100,102,2,1.5494896173477173,0.3595505654811859,1.5282753705978394,0.3932584226131439,True,100
chameleon,LabelStratifiedKFold,0,2,GCN,101,103,3,1.5472415685653687,0.32022473216056824,1.5152784585952759,0.3764044940471649,True,100
chameleon,LabelStratifiedKFold,0,2,GAT,101,115,15,1.5169283151626587,0.3595505654811859,1.4261395931243896,0.42696627974510193,True,100
chameleon,LabelStratifiedKFold,0,2,GAT,100,135,35,1.499232292175293,0.3988763988018036,1.4650578498840332,0.3988763988018036,True,100
chameleon,LabelStratifiedKFold,0,2,SAGE,100,106,6,1.47515869140625,0.3483146131038666,1.35593581199646,0.47191011905670166,True,100
chameleon,LabelStratifiedKFold,0,2,SAGE,101,106,6,1.4757407903671265,0.37078651785850525,1.37471604347229,0.42696627974510193,True,100
chameleon,LabelStratifiedKFold,0,1,MixHop,101,111,11,1.3545315265655518,0.4101123511791229,1.339709758758545,0.449438214302063,True,100
chameleon,LabelStratifiedKFold,0,1,MixHop,100,112,12,1.3165122270584106,0.43820226192474365,1.3374696969985962,0.4606741666793823,True,100
chameleon,LabelStratifiedKFold,0,2,GPRGNN,100,109,9,1.54595947265625,0.32022473216056824,1.4749704599380493,0.3932584226131439,True,100
chameleon,LabelStratifiedKFold,0,2,GPRGNN,101,108,8,1.5506083965301514,0.33707866072654724,1.4803928136825562,0.3932584226131439,True,100
chameleon,LabelStratifiedKFold,0,2,H2GCN,100,119,19,1.4641402959823608,0.35393258929252625,1.4085711240768433,0.3426966369152069,True,100
chameleon,LabelStratifiedKFold,0,2,H2GCN,101,120,20,1.4603549242019653,0.3426966369152069,1.4045969247817993,0.33707866072654724,True,100
chameleon,LabelStratifiedKFold,0,3,MLP,100,115,15,1.385279893875122,0.449438214302063,1.5028318166732788,0.33707866072654724,True,100
chameleon,LabelStratifiedKFold,0,3,MLP,101,115,15,1.3616844415664673,0.47191011905670166,1.4691189527511597,0.37078651785850525,True,100
chameleon,LabelStratifiedKFold,0,3,GCN,100,107,7,1.4523828029632568,0.4325842559337616,1.5602405071258545,0.35393258929252625,True,100
chameleon,LabelStratifiedKFold,0,3,GCN,101,108,8,1.435465931892395,0.449438214302063,1.5876545906066895,0.32022473216056824,True,100
chameleon,LabelStratifiedKFold,0,3,GAT,100,107,7,1.3723419904708862,0.40449437499046326,1.5167478322982788,0.3595505654811859,True,100
chameleon,LabelStratifiedKFold,0,3,GAT,101,105,5,1.3584578037261963,0.4157303273677826,1.502382755279541,0.37078651785850525,True,100
chameleon,LabelStratifiedKFold,0,3,SAGE,100,110,10,1.2793457508087158,0.5,1.5392646789550781,0.38764044642448425,True,100
chameleon,LabelStratifiedKFold,0,3,SAGE,101,110,10,1.2391043901443481,0.483146071434021,1.526867151260376,0.3595505654811859,True,100
chameleon,LabelStratifiedKFold,0,2,MixHop,100,106,6,1.5203977823257446,0.32022473216056824,1.4245549440383911,0.3595505654811859,True,100
chameleon,LabelStratifiedKFold,0,2,MixHop,101,107,7,1.497665524482727,0.3651685416698456,1.4332726001739502,0.42696627974510193,True,100
chameleon,LabelStratifiedKFold,0,3,GPRGNN,100,112,12,1.405595302581787,0.449438214302063,1.563414454460144,0.3314606845378876,True,100
chameleon,LabelStratifiedKFold,0,3,GPRGNN,101,113,13,1.3995462656021118,0.449438214302063,1.6124927997589111,0.3426966369152069,True,100
chameleon,LabelStratifiedKFold,0,3,H2GCN,100,125,25,1.3633900880813599,0.45505619049072266,1.4785574674606323,0.38764044642448425,True,100
chameleon,LabelStratifiedKFold,0,4,MLP,100,113,13,1.4773125648498535,0.38764044642448425,1.394885778427124,0.466292142868042,True,100
chameleon,LabelStratifiedKFold,0,4,MLP,101,115,15,1.4512797594070435,0.3651685416698456,1.3623945713043213,0.45505619049072266,True,100
chameleon,LabelStratifiedKFold,0,3,H2GCN,101,128,28,1.355606198310852,0.49438202381134033,1.4711650609970093,0.3988763988018036,True,100
chameleon,LabelStratifiedKFold,0,4,GCN,100,109,9,1.4700095653533936,0.40449437499046326,1.4476401805877686,0.4325842559337616,True,100
chameleon,LabelStratifiedKFold,0,4,GCN,101,108,8,1.4518511295318604,0.42134830355644226,1.437500238418579,0.4438202381134033,True,100
chameleon,LabelStratifiedKFold,0,4,GAT,100,193,93,1.3528364896774292,0.4438202381134033,1.455663800239563,0.466292142868042,True,100
chameleon,LabelStratifiedKFold,0,4,GAT,101,262,162,1.2961729764938354,0.47191011905670166,1.4924437999725342,0.42134830355644226,True,100
chameleon,LabelStratifiedKFold,0,4,SAGE,100,106,6,1.3846726417541504,0.4101123511791229,1.2953622341156006,0.4606741666793823,True,100
chameleon,LabelStratifiedKFold,0,4,SAGE,101,106,6,1.3931199312210083,0.40449437499046326,1.268071174621582,0.48876404762268066,True,100
chameleon,LabelStratifiedKFold,0,3,MixHop,100,109,9,1.320980191230774,0.47191011905670166,1.510718584060669,0.3932584226131439,True,100
chameleon,LabelStratifiedKFold,0,3,MixHop,101,110,10,1.3186397552490234,0.4606741666793823,1.5012481212615967,0.3595505654811859,True,100
chameleon,LabelStratifiedKFold,0,4,GPRGNN,100,117,17,1.4275051355361938,0.449438214302063,1.3876982927322388,0.449438214302063,True,100
chameleon,LabelStratifiedKFold,0,4,GPRGNN,101,117,17,1.4186455011367798,0.42696627974510193,1.4025529623031616,0.4438202381134033,True,100
chameleon,LabelStratifiedKFold,0,4,H2GCN,100,128,28,1.3898369073867798,0.38764044642448425,1.3544349670410156,0.42696627974510193,True,100
chameleon,LabelStratifiedKFold,0,5,MLP,100,116,16,1.38944411277771,0.449438214302063,1.484161376953125,0.35393258929252625,True,100
chameleon,LabelStratifiedKFold,0,4,H2GCN,101,130,30,1.3799601793289185,0.3820224702358246,1.349561095237732,0.449438214302063,True,100
chameleon,LabelStratifiedKFold,0,5,MLP,101,116,16,1.3885350227355957,0.42134830355644226,1.4714643955230713,0.37078651785850525,True,100
chameleon,LabelStratifiedKFold,0,5,GCN,100,112,12,1.4325851202011108,0.4157303273677826,1.4655418395996094,0.40449437499046326,True,100
chameleon,LabelStratifiedKFold,0,5,GCN,101,113,13,1.422839879989624,0.4101123511791229,1.4550312757492065,0.3988763988018036,True,100
chameleon,LabelStratifiedKFold,0,5,GAT,101,125,25,1.3205467462539673,0.449438214302063,1.4004161357879639,0.4157303273677826,True,100
chameleon,LabelStratifiedKFold,0,5,GAT,100,150,50,1.3378664255142212,0.47191011905670166,1.402309536933899,0.3932584226131439,True,100
chameleon,LabelStratifiedKFold,0,5,SAGE,101,106,6,1.3216257095336914,0.4606741666793823,1.3911573886871338,0.42696627974510193,True,100
chameleon,LabelStratifiedKFold,0,5,SAGE,100,109,9,1.2876179218292236,0.43820226192474365,1.4465090036392212,0.42134830355644226,True,100
chameleon,LabelStratifiedKFold,0,4,MixHop,100,109,9,1.362401008605957,0.43820226192474365,1.3157016038894653,0.45505619049072266,True,100
chameleon,LabelStratifiedKFold,0,4,MixHop,101,109,9,1.4054393768310547,0.4325842559337616,1.3277024030685425,0.45505619049072266,True,100
chameleon,LabelStratifiedKFold,0,5,GPRGNN,100,121,21,1.3964099884033203,0.47191011905670166,1.4485234022140503,0.3932584226131439,True,100
chameleon,LabelStratifiedKFold,0,5,GPRGNN,101,126,26,1.373839259147644,0.466292142868042,1.417499303817749,0.4325842559337616,True,100
chameleon,LabelStratifiedKFold,0,5,H2GCN,100,127,27,1.3873236179351807,0.3651685416698456,1.4081822633743286,0.3988763988018036,True,100
chameleon,LabelStratifiedKFold,0,5,H2GCN,101,127,27,1.3943425416946411,0.37078651785850525,1.405025839805603,0.40449437499046326,True,100
chameleon,LabelStratifiedKFold,0,5,MixHop,101,111,11,1.3678339719772339,0.449438214302063,1.448625087738037,0.42696627974510193,True,100
chameleon,LabelStratifiedKFold,0,5,MixHop,100,111,11,1.3179279565811157,0.466292142868042,1.3572449684143066,0.449438214302063,True,100
chameleon,Sklearn_NeighHet_b200,0,1,MLP,101,114,14,1.4349939823150635,0.42696627974510193,1.3614208698272705,0.42134830355644226,True,100
chameleon,Sklearn_NeighHet_b200,0,1,MLP,100,114,14,1.4726969003677368,0.4325842559337616,1.4038619995117188,0.4101123511791229,True,100
chameleon,Sklearn_NeighHet_b200,0,1,GCN,100,106,6,1.5267932415008545,0.3595505654811859,1.4976093769073486,0.3595505654811859,True,100
chameleon,Sklearn_NeighHet_b200,0,1,GCN,101,107,7,1.5064551830291748,0.3595505654811859,1.5300441980361938,0.3820224702358246,True,100
chameleon,Sklearn_NeighHet_b200,0,1,GAT,101,103,3,1.4845365285873413,0.3595505654811859,1.4309964179992676,0.42134830355644226,True,100
chameleon,Sklearn_NeighHet_b200,0,1,GAT,100,104,4,1.4914023876190186,0.3820224702358246,1.4608701467514038,0.38764044642448425,True,100
chameleon,Sklearn_NeighHet_b200,0,1,SAGE,101,104,4,1.4557280540466309,0.40449437499046326,1.3884706497192383,0.4157303273677826,True,100
chameleon,Sklearn_NeighHet_b200,0,1,SAGE,100,105,5,1.456742525100708,0.3820224702358246,1.3830680847167969,0.42134830355644226,True,100
chameleon,Sklearn_NeighHet_b200,0,1,GPRGNN,100,110,10,1.494227409362793,0.37078651785850525,1.5139073133468628,0.3820224702358246,True,100
chameleon,Sklearn_NeighHet_b200,0,1,GPRGNN,101,110,10,1.509306788444519,0.3595505654811859,1.5117183923721313,0.4101123511791229,True,100
chameleon,Sklearn_NeighHet_b200,0,1,H2GCN,100,126,26,1.4448156356811523,0.3932584226131439,1.3726788759231567,0.4101123511791229,True,100
chameleon,Sklearn_NeighHet_b200,0,1,H2GCN,101,127,27,1.4404895305633545,0.3988763988018036,1.3715007305145264,0.4101123511791229,True,100
chameleon,Sklearn_NeighHet_b200,0,2,MLP,101,116,16,1.3606988191604614,0.449438214302063,1.4598325490951538,0.4325842559337616,True,100
chameleon,Sklearn_NeighHet_b200,0,2,MLP,100,116,16,1.3748090267181396,0.449438214302063,1.4720995426177979,0.37078651785850525,True,100
chameleon,Sklearn_NeighHet_b200,0,2,GCN,100,107,7,1.5028090476989746,0.42696627974510193,1.5550310611724854,0.37078651785850525,True,100
chameleon,Sklearn_NeighHet_b200,0,2,GCN,101,145,45,1.4959697723388672,0.516853928565979,1.7083839178085327,0.3988763988018036,True,100
chameleon,Sklearn_NeighHet_b200,0,2,GAT,101,117,17,1.3787919282913208,0.449438214302063,1.5149470567703247,0.3651685416698456,True,100
chameleon,Sklearn_NeighHet_b200,0,2,GAT,100,148,48,1.3771893978118896,0.48876404762268066,1.6354737281799316,0.3764044940471649,True,100
chameleon,Sklearn_NeighHet_b200,0,2,SAGE,100,107,7,1.2989059686660767,0.45505619049072266,1.5403164625167847,0.38764044642448425,True,100
chameleon,Sklearn_NeighHet_b200,0,2,SAGE,101,107,7,1.2981541156768799,0.449438214302063,1.5196157693862915,0.3820224702358246,True,100
chameleon,Sklearn_NeighHet_b200,0,1,MixHop,100,107,7,1.4706166982650757,0.3988763988018036,1.432932734489441,0.4325842559337616,True,100
chameleon,Sklearn_NeighHet_b200,0,1,MixHop,101,109,9,1.447579026222229,0.3820224702358246,1.475412130355835,0.3764044940471649,True,100
chameleon,Sklearn_NeighHet_b200,0,2,GPRGNN,100,125,25,1.4632368087768555,0.48876404762268066,1.5921001434326172,0.3932584226131439,True,100
chameleon,Sklearn_NeighHet_b200,0,2,GPRGNN,101,116,16,1.4627008438110352,0.45505619049072266,1.5777580738067627,0.3820224702358246,True,100
chameleon,Sklearn_NeighHet_b200,0,2,H2GCN,100,131,31,1.322428584098816,0.3988763988018036,1.5097233057022095,0.3651685416698456,True,100
chameleon,Sklearn_NeighHet_b200,0,3,MLP,100,114,14,1.4504305124282837,0.3764044940471649,1.3913995027542114,0.483146071434021,True,100
chameleon,Sklearn_NeighHet_b200,0,2,H2GCN,101,131,31,1.3270784616470337,0.4157303273677826,1.5040671825408936,0.3764044940471649,True,100
chameleon,Sklearn_NeighHet_b200,0,3,MLP,101,114,14,1.4264745712280273,0.3595505654811859,1.365252137184143,0.4606741666793823,True,100
chameleon,Sklearn_NeighHet_b200,0,3,GCN,100,107,7,1.4619022607803345,0.4101123511791229,1.4866251945495605,0.4606741666793823,True,100
chameleon,Sklearn_NeighHet_b200,0,3,GCN,101,110,10,1.4462472200393677,0.40449437499046326,1.4939063787460327,0.466292142868042,True,100
chameleon,Sklearn_NeighHet_b200,0,3,GAT,100,167,67,1.3804210424423218,0.4438202381134033,1.4522610902786255,0.4606741666793823,True,100
chameleon,Sklearn_NeighHet_b200,0,3,GAT,101,240,140,1.346581220626831,0.47752809524536133,1.5348511934280396,0.4606741666793823,True,100
chameleon,Sklearn_NeighHet_b200,0,3,SAGE,100,108,8,1.3266867399215698,0.43820226192474365,1.3275703191757202,0.4438202381134033,True,100
chameleon,Sklearn_NeighHet_b200,0,3,SAGE,101,107,7,1.32697594165802,0.4157303273677826,1.2931499481201172,0.4438202381134033,True,100
chameleon,Sklearn_NeighHet_b200,0,2,MixHop,100,109,9,1.416341781616211,0.4438202381134033,1.5169274806976318,0.4101123511791229,True,100
chameleon,Sklearn_NeighHet_b200,0,2,MixHop,101,109,9,1.3879836797714233,0.4606741666793823,1.4588764905929565,0.3988763988018036,True,100
chameleon,Sklearn_NeighHet_b200,0,3,GPRGNN,100,115,15,1.395215392112732,0.3764044940471649,1.4703835248947144,0.4325842559337616,True,100
chameleon,Sklearn_NeighHet_b200,0,3,GPRGNN,101,114,14,1.4130277633666992,0.3820224702358246,1.4604798555374146,0.4157303273677826,True,100
chameleon,Sklearn_NeighHet_b200,0,3,H2GCN,100,124,24,1.4118741750717163,0.4325842559337616,1.3599847555160522,0.449438214302063,True,100
chameleon,Sklearn_NeighHet_b200,0,3,H2GCN,101,125,25,1.4099156856536865,0.4157303273677826,1.3572347164154053,0.4438202381134033,True,100
chameleon,Sklearn_NeighHet_b200,0,4,MLP,100,113,13,1.490111231803894,0.35393258929252625,1.4146548509597778,0.4157303273677826,True,100
chameleon,Sklearn_NeighHet_b200,0,4,MLP,101,113,13,1.4560370445251465,0.3595505654811859,1.4043620824813843,0.40449437499046326,True,100
chameleon,Sklearn_NeighHet_b200,0,4,GCN,100,104,4,1.5309550762176514,0.37078651785850525,1.5129680633544922,0.42696627974510193,True,100
chameleon,Sklearn_NeighHet_b200,0,4,GCN,101,107,7,1.5168555974960327,0.37078651785850525,1.4730960130691528,0.42134830355644226,True,100
chameleon,Sklearn_NeighHet_b200,0,4,GAT,100,109,9,1.4775985479354858,0.35393258929252625,1.4032397270202637,0.4325842559337616,True,100
chameleon,Sklearn_NeighHet_b200,0,4,GAT,101,107,7,1.4722529649734497,0.37078651785850525,1.3886326551437378,0.4157303273677826,True,100
chameleon,Sklearn_NeighHet_b200,0,4,SAGE,100,106,6,1.4717490673065186,0.3820224702358246,1.3542097806930542,0.43820226192474365,True,100
chameleon,Sklearn_NeighHet_b200,0,4,SAGE,101,108,8,1.4452768564224243,0.4157303273677826,1.2960423231124878,0.4606741666793823,True,100
chameleon,Sklearn_NeighHet_b200,0,3,MixHop,100,109,9,1.3560127019882202,0.43820226192474365,1.3939157724380493,0.449438214302063,True,100
chameleon,Sklearn_NeighHet_b200,0,4,GPRGNN,100,114,14,1.484416127204895,0.40449437499046326,1.4078648090362549,0.42134830355644226,True,100
chameleon,Sklearn_NeighHet_b200,0,3,MixHop,101,109,9,1.4159647226333618,0.3820224702358246,1.386245846748352,0.5,True,100
chameleon,Sklearn_NeighHet_b200,0,4,GPRGNN,101,114,14,1.475724697113037,0.4101123511791229,1.4128108024597168,0.4157303273677826,True,100
chameleon,Sklearn_NeighHet_b200,0,4,H2GCN,100,127,27,1.4186550378799438,0.3764044940471649,1.4002182483673096,0.4101123511791229,True,100
chameleon,Sklearn_NeighHet_b200,0,5,MLP,100,116,16,1.3636634349822998,0.4325842559337616,1.5025898218154907,0.35393258929252625,True,100
chameleon,Sklearn_NeighHet_b200,0,5,MLP,101,115,15,1.3443043231964111,0.42696627974510193,1.4878861904144287,0.3651685416698456,True,100
chameleon,Sklearn_NeighHet_b200,0,4,H2GCN,101,128,28,1.4161053895950317,0.37078651785850525,1.401780128479004,0.40449437499046326,True,100
chameleon,Sklearn_NeighHet_b200,0,5,GCN,100,104,4,1.4968358278274536,0.3932584226131439,1.5151804685592651,0.37078651785850525,True,100
chameleon,Sklearn_NeighHet_b200,0,5,GCN,101,104,4,1.5266116857528687,0.3651685416698456,1.5181105136871338,0.38764044642448425,True,100
chameleon,Sklearn_NeighHet_b200,0,5,GAT,100,114,14,1.4649118185043335,0.3932584226131439,1.4803787469863892,0.38764044642448425,True,100
chameleon,Sklearn_NeighHet_b200,0,5,GAT,101,103,3,1.4349958896636963,0.4325842559337616,1.4840108156204224,0.3820224702358246,True,100
chameleon,Sklearn_NeighHet_b200,0,5,SAGE,100,105,5,1.388868808746338,0.3988763988018036,1.4484361410140991,0.3595505654811859,True,100
chameleon,Sklearn_NeighHet_b200,0,5,SAGE,101,106,6,1.3867326974868774,0.4325842559337616,1.445449948310852,0.3764044940471649,True,100
chameleon,Sklearn_NeighHet_b200,0,4,MixHop,100,109,9,1.429064393043518,0.3651685416698456,1.3383076190948486,0.47191011905670166,True,100
chameleon,Sklearn_NeighHet_b200,0,4,MixHop,101,110,10,1.4378776550292969,0.3820224702358246,1.3719182014465332,0.4438202381134033,True,100
chameleon,Sklearn_NeighHet_b200,0,5,GPRGNN,100,107,7,1.52538001537323,0.3820224702358246,1.5424593687057495,0.3483146131038666,True,100
chameleon,Sklearn_NeighHet_b200,0,5,GPRGNN,101,107,7,1.5141648054122925,0.3932584226131439,1.5222152471542358,0.3483146131038666,True,100
chameleon,Sklearn_NeighHet_b200,0,5,H2GCN,100,133,33,1.3706361055374146,0.42696627974510193,1.4482698440551758,0.3595505654811859,True,100
chameleon,Sklearn_NeighHet_b200,0,5,H2GCN,101,133,33,1.3761248588562012,0.4325842559337616,1.4509080648422241,0.3651685416698456,True,100
chameleon,Sklearn_NeighHet_b200,0,5,MixHop,100,106,6,1.454426646232605,0.3764044940471649,1.4696193933486938,0.35393258929252625,True,100
chameleon,Sklearn_NeighHet_b200,0,5,MixHop,101,106,6,1.4747272729873657,0.4101123511791229,1.496921181678772,0.3595505654811859,True,100
chameleon,RandomKFold,1,1,MLP,101,114,14,1.3775941133499146,0.3764044940471649,1.4706311225891113,0.3988763988018036,True,100
chameleon,RandomKFold,1,1,MLP,100,115,15,1.409774899482727,0.42696627974510193,1.4747552871704102,0.38764044642448425,True,100
chameleon,RandomKFold,1,1,GCN,101,104,4,1.5209554433822632,0.3820224702358246,1.538436770439148,0.3595505654811859,True,100
chameleon,RandomKFold,1,1,GCN,100,105,5,1.509810209274292,0.42134830355644226,1.5198283195495605,0.3820224702358246,True,100
chameleon,RandomKFold,1,1,GAT,101,103,3,1.4703454971313477,0.4101123511791229,1.475243091583252,0.40449437499046326,True,100
chameleon,RandomKFold,1,1,GAT,100,105,5,1.4710218906402588,0.3651685416698456,1.4614742994308472,0.40449437499046326,True,100
chameleon,RandomKFold,1,1,SAGE,100,105,5,1.4038658142089844,0.37078651785850525,1.4449869394302368,0.3988763988018036,True,100
chameleon,RandomKFold,1,1,SAGE,101,106,6,1.3769937753677368,0.4157303273677826,1.456260085105896,0.3820224702358246,True,100
chameleon,RandomKFold,1,1,GPRGNN,101,108,8,1.507231593132019,0.3764044940471649,1.5397160053253174,0.3820224702358246,True,100
chameleon,RandomKFold,1,1,GPRGNN,100,109,9,1.5136898756027222,0.3988763988018036,1.529193639755249,0.38764044642448425,True,100
chameleon,RandomKFold,1,1,H2GCN,101,131,31,1.379500150680542,0.4157303273677826,1.4609789848327637,0.3932584226131439,True,100
chameleon,RandomKFold,1,1,H2GCN,100,131,31,1.3696545362472534,0.42696627974510193,1.4704233407974243,0.3932584226131439,True,100
chameleon,RandomKFold,1,2,MLP,100,113,13,1.4791237115859985,0.4101123511791229,1.400493860244751,0.40449437499046326,True,100
chameleon,RandomKFold,1,2,MLP,101,112,12,1.4670562744140625,0.3595505654811859,1.3847525119781494,0.43820226192474365,True,100
chameleon,RandomKFold,1,2,GCN,100,111,11,1.394304871559143,0.49438202381134033,1.5702638626098633,0.4157303273677826,True,100
chameleon,RandomKFold,1,2,GCN,101,114,14,1.383532166481018,0.449438214302063,1.6215879917144775,0.35393258929252625,True,100
chameleon,RandomKFold,1,2,GAT,101,118,18,1.3252936601638794,0.4438202381134033,1.467165470123291,0.3988763988018036,True,100
chameleon,RandomKFold,1,2,GAT,100,135,35,1.3497086763381958,0.47191011905670166,1.4531840085983276,0.3764044940471649,True,100
chameleon,RandomKFold,1,2,SAGE,100,107,7,1.2965130805969238,0.47752809524536133,1.3966697454452515,0.4101123511791229,True,100
chameleon,RandomKFold,1,2,SAGE,101,106,6,1.3006778955459595,0.47191011905670166,1.3309969902038574,0.466292142868042,True,100
chameleon,RandomKFold,1,1,MixHop,100,106,6,1.4495130777359009,0.4101123511791229,1.4865113496780396,0.3764044940471649,True,100
chameleon,RandomKFold,1,1,MixHop,101,106,6,1.481924295425415,0.3988763988018036,1.5057487487792969,0.3932584226131439,True,100
chameleon,RandomKFold,1,2,GPRGNN,100,115,15,1.3707449436187744,0.5,1.5132802724838257,0.3820224702358246,True,100
chameleon,RandomKFold,1,2,GPRGNN,101,116,16,1.3481767177581787,0.5056179761886597,1.538699746131897,0.4101123511791229,True,100
chameleon,RandomKFold,1,2,H2GCN,100,128,28,1.4121594429016113,0.43820226192474365,1.3897238969802856,0.3820224702358246,True,100
chameleon,RandomKFold,1,2,H2GCN,101,129,29,1.416782021522522,0.4101123511791229,1.3958052396774292,0.3820224702358246,True,100
chameleon,RandomKFold,1,3,MLP,100,115,15,1.4461032152175903,0.37078651785850525,1.4630699157714844,0.4101123511791229,True,100
chameleon,RandomKFold,1,3,MLP,101,114,14,1.4397566318511963,0.3820224702358246,1.4178138971328735,0.42134830355644226,True,100
chameleon,RandomKFold,1,3,GCN,100,105,5,1.504023551940918,0.3988763988018036,1.472206711769104,0.4157303273677826,True,100
chameleon,RandomKFold,1,3,GCN,101,106,6,1.4990379810333252,0.4157303273677826,1.4615329504013062,0.3932584226131439,True,100
chameleon,RandomKFold,1,3,GAT,101,115,15,1.4294880628585815,0.3988763988018036,1.3878825902938843,0.4325842559337616,True,100
chameleon,RandomKFold,1,3,GAT,100,150,50,1.4284387826919556,0.4325842559337616,1.4446330070495605,0.4606741666793823,True,100
chameleon,RandomKFold,1,3,SAGE,100,105,5,1.3915705680847168,0.4101123511791229,1.3463245630264282,0.43820226192474365,True,100
chameleon,RandomKFold,1,3,SAGE,101,106,6,1.3940881490707397,0.38764044642448425,1.3275420665740967,0.48876404762268066,True,100
chameleon,RandomKFold,1,2,MixHop,100,110,10,1.2988569736480713,0.4606741666793823,1.4593623876571655,0.3988763988018036,True,100
chameleon,RandomKFold,1,2,MixHop,101,110,10,1.3312714099884033,0.4325842559337616,1.4633135795593262,0.3988763988018036,True,100
chameleon,RandomKFold,1,3,GPRGNN,100,110,10,1.4957834482192993,0.3932584226131439,1.443006992340088,0.42134830355644226,True,100
chameleon,RandomKFold,1,3,GPRGNN,101,110,10,1.4972490072250366,0.37078651785850525,1.453248143196106,0.40449437499046326,True,100
chameleon,RandomKFold,1,3,H2GCN,100,128,28,1.387329339981079,0.449438214302063,1.376063585281372,0.43820226192474365,True,100
chameleon,RandomKFold,1,3,H2GCN,101,128,28,1.3890727758407593,0.42696627974510193,1.3806159496307373,0.4325842559337616,True,100
chameleon,RandomKFold,1,4,MLP,100,115,15,1.3953771591186523,0.3932584226131439,1.4874333143234253,0.38764044642448425,True,100
chameleon,RandomKFold,1,4,MLP,101,114,14,1.3775733709335327,0.42134830355644226,1.4689069986343384,0.3764044940471649,True,100
chameleon,RandomKFold,1,4,GCN,100,113,13,1.4615833759307861,0.3932584226131439,1.4993772506713867,0.42134830355644226,True,100
chameleon,RandomKFold,1,4,GCN,101,112,12,1.442068338394165,0.40449437499046326,1.5118917226791382,0.42134830355644226,True,100
chameleon,RandomKFold,1,4,GAT,100,117,17,1.4164340496063232,0.42696627974510193,1.4185776710510254,0.3988763988018036,True,100
chameleon,RandomKFold,1,4,GAT,101,116,16,1.4127534627914429,0.42696627974510193,1.4046621322631836,0.40449437499046326,True,100
chameleon,RandomKFold,1,4,SAGE,100,105,5,1.3824052810668945,0.4157303273677826,1.3832052946090698,0.4325842559337616,True,100
chameleon,RandomKFold,1,4,SAGE,101,111,11,1.3669019937515259,0.45505619049072266,1.4899226427078247,0.43820226192474365,True,100
chameleon,RandomKFold,1,3,MixHop,100,111,11,1.4102636575698853,0.4606741666793823,1.3250255584716797,0.45505619049072266,True,100
chameleon,RandomKFold,1,3,MixHop,101,110,10,1.4521170854568481,0.449438214302063,1.3459523916244507,0.449438214302063,True,100
chameleon,RandomKFold,1,4,GPRGNN,100,131,31,1.4175455570220947,0.42134830355644226,1.4898630380630493,0.4325842559337616,True,100
chameleon,RandomKFold,1,4,GPRGNN,101,126,26,1.4070804119110107,0.45505619049072266,1.5045537948608398,0.4325842559337616,True,100
chameleon,RandomKFold,1,4,H2GCN,100,125,25,1.4343175888061523,0.3820224702358246,1.374959111213684,0.4438202381134033,True,100
chameleon,RandomKFold,1,5,MLP,100,114,14,1.4892905950546265,0.4101123511791229,1.425291895866394,0.3820224702358246,True,100
chameleon,RandomKFold,1,4,H2GCN,101,125,25,1.4402199983596802,0.37078651785850525,1.37773859500885,0.4325842559337616,True,100
chameleon,RandomKFold,1,5,MLP,101,114,14,1.4648550748825073,0.42134830355644226,1.3952628374099731,0.38764044642448425,True,100
chameleon,RandomKFold,1,5,GCN,100,110,10,1.4559190273284912,0.3764044940471649,1.474362850189209,0.3820224702358246,True,100
chameleon,RandomKFold,1,5,GCN,101,110,10,1.4468226432800293,0.4157303273677826,1.4662789106369019,0.4438202381134033,True,100
chameleon,RandomKFold,1,5,GAT,101,189,89,1.3640919923782349,0.42134830355644226,1.5681910514831543,0.43820226192474365,True,100
chameleon,RandomKFold,1,5,GAT,100,261,161,1.3814177513122559,0.4157303273677826,1.6399599313735962,0.4157303273677826,True,100
chameleon,RandomKFold,1,5,SAGE,100,108,8,1.425193428993225,0.37078651785850525,1.4235577583312988,0.466292142868042,True,100
chameleon,RandomKFold,1,5,SAGE,101,106,6,1.4443424940109253,0.37078651785850525,1.3982670307159424,0.42134830355644226,True,100
chameleon,RandomKFold,1,4,MixHop,100,111,11,1.3412506580352783,0.47191011905670166,1.3901445865631104,0.4606741666793823,True,100
chameleon,RandomKFold,1,5,GPRGNN,100,117,17,1.412320852279663,0.4157303273677826,1.4523279666900635,0.3764044940471649,True,100
chameleon,RandomKFold,1,4,MixHop,101,114,14,1.3238625526428223,0.483146071434021,1.4707558155059814,0.4101123511791229,True,100
chameleon,RandomKFold,1,5,GPRGNN,101,119,19,1.4089739322662354,0.42696627974510193,1.430561900138855,0.3988763988018036,True,100
chameleon,RandomKFold,1,5,H2GCN,100,124,24,1.4296985864639282,0.4325842559337616,1.4282914400100708,0.37078651785850525,True,100
chameleon,RandomKFold,1,5,H2GCN,101,125,25,1.4143861532211304,0.4325842559337616,1.4256983995437622,0.3595505654811859,True,100
chameleon,RandomKFold,1,5,MixHop,100,112,12,1.358122706413269,0.42696627974510193,1.3427979946136475,0.42696627974510193,True,100
chameleon,RandomKFold,1,5,MixHop,101,111,11,1.3507877588272095,0.42696627974510193,1.3544923067092896,0.466292142868042,True,100
chameleon,LabelStratifiedKFold,1,1,MLP,100,116,16,1.4017616510391235,0.449438214302063,1.4359016418457031,0.3988763988018036,True,100
chameleon,LabelStratifiedKFold,1,1,MLP,101,117,17,1.3664475679397583,0.45505619049072266,1.4184346199035645,0.38764044642448425,True,100
chameleon,LabelStratifiedKFold,1,1,GCN,101,106,6,1.4838460683822632,0.40449437499046326,1.5075303316116333,0.3820224702358246,True,100
chameleon,LabelStratifiedKFold,1,1,GCN,100,105,5,1.4801032543182373,0.4101123511791229,1.5227311849594116,0.3426966369152069,True,100
chameleon,LabelStratifiedKFold,1,1,GAT,100,116,16,1.426066279411316,0.4325842559337616,1.459245204925537,0.37078651785850525,True,100
chameleon,LabelStratifiedKFold,1,1,GAT,101,196,96,1.3478375673294067,0.4606741666793823,1.4992073774337769,0.40449437499046326,True,100
chameleon,LabelStratifiedKFold,1,1,SAGE,101,106,6,1.3649656772613525,0.3932584226131439,1.3914743661880493,0.4101123511791229,True,100
chameleon,LabelStratifiedKFold,1,1,SAGE,100,105,5,1.3747488260269165,0.42696627974510193,1.4099451303482056,0.3820224702358246,True,100
chameleon,LabelStratifiedKFold,1,1,GPRGNN,100,110,10,1.4856042861938477,0.35393258929252625,1.495222568511963,0.3764044940471649,True,100
chameleon,LabelStratifiedKFold,1,1,GPRGNN,101,110,10,1.480244517326355,0.4325842559337616,1.4803290367126465,0.3988763988018036,True,100
chameleon,LabelStratifiedKFold,1,1,H2GCN,100,131,31,1.350388526916504,0.42134830355644226,1.4231526851654053,0.3988763988018036,True,100
chameleon,LabelStratifiedKFold,1,1,H2GCN,101,131,31,1.351314902305603,0.43820226192474365,1.4193230867385864,0.42696627974510193,True,100
chameleon,LabelStratifiedKFold,1,2,MLP,100,114,14,1.4345548152923584,0.42134830355644226,1.4256459474563599,0.42134830355644226,True,100
chameleon,LabelStratifiedKFold,1,2,MLP,101,114,14,1.4185049533843994,0.42134830355644226,1.4128499031066895,0.449438214302063,True,100
chameleon,LabelStratifiedKFold,1,2,GCN,100,106,6,1.458901047706604,0.4325842559337616,1.476792573928833,0.43820226192474365,True,100
chameleon,LabelStratifiedKFold,1,2,GCN,101,107,7,1.4451231956481934,0.4606741666793823,1.483875036239624,0.40449437499046326,True,100
chameleon,LabelStratifiedKFold,1,2,GAT,100,105,5,1.3974086046218872,0.4101123511791229,1.448839545249939,0.3651685416698456,True,100
chameleon,LabelStratifiedKFold,1,2,GAT,101,104,4,1.3871421813964844,0.3820224702358246,1.4248088598251343,0.42134830355644226,True,100
chameleon,LabelStratifiedKFold,1,2,SAGE,101,106,6,1.3342334032058716,0.4606741666793823,1.3775004148483276,0.42134830355644226,True,100
chameleon,LabelStratifiedKFold,1,2,SAGE,100,106,6,1.330057144165039,0.40449437499046326,1.363460898399353,0.4157303273677826,True,100
chameleon,LabelStratifiedKFold,1,1,MixHop,100,109,9,1.394639015197754,0.449438214302063,1.4268462657928467,0.40449437499046326,True,100
chameleon,LabelStratifiedKFold,1,2,GPRGNN,100,115,15,1.39652681350708,0.42696627974510193,1.478007435798645,0.4101123511791229,True,100
chameleon,LabelStratifiedKFold,1,1,MixHop,101,111,11,1.4093947410583496,0.47191011905670166,1.4370542764663696,0.3932584226131439,True,100
chameleon,LabelStratifiedKFold,1,2,GPRGNN,101,114,14,1.434814691543579,0.38764044642448425,1.4776307344436646,0.43820226192474365,True,100
chameleon,LabelStratifiedKFold,1,2,H2GCN,100,123,23,1.4170480966567993,0.4438202381134033,1.3728272914886475,0.3988763988018036,True,100
chameleon,LabelStratifiedKFold,1,3,MLP,100,113,13,1.4696118831634521,0.40449437499046326,1.4353415966033936,0.4157303273677826,True,100
chameleon,LabelStratifiedKFold,1,3,MLP,101,114,14,1.4383888244628906,0.3820224702358246,1.4179028272628784,0.4101123511791229,True,100
chameleon,LabelStratifiedKFold,1,2,H2GCN,101,123,23,1.4185246229171753,0.47752809524536133,1.3703625202178955,0.4157303273677826,True,100
chameleon,LabelStratifiedKFold,1,3,GCN,100,106,6,1.508338451385498,0.3820224702358246,1.4682297706604004,0.40449437499046326,True,100
chameleon,LabelStratifiedKFold,1,3,GCN,101,107,7,1.4987138509750366,0.37078651785850525,1.4549354314804077,0.4157303273677826,True,100
chameleon,LabelStratifiedKFold,1,3,GAT,100,137,37,1.4053921699523926,0.4101123511791229,1.433091163635254,0.3988763988018036,True,100
chameleon,LabelStratifiedKFold,1,3,GAT,101,160,60,1.3870657682418823,0.42696627974510193,1.478723406791687,0.40449437499046326,True,100
chameleon,LabelStratifiedKFold,1,3,SAGE,100,105,5,1.438554286956787,0.40449437499046326,1.346578598022461,0.3764044940471649,True,100
chameleon,LabelStratifiedKFold,1,3,SAGE,101,105,5,1.45826256275177,0.38764044642448425,1.3483076095581055,0.4101123511791229,True,100
chameleon,LabelStratifiedKFold,1,2,MixHop,100,109,9,1.3835992813110352,0.4325842559337616,1.3950172662734985,0.4438202381134033,True,100
chameleon,LabelStratifiedKFold,1,2,MixHop,101,110,10,1.358312964439392,0.4438202381134033,1.3841674327850342,0.47191011905670166,True,100
chameleon,LabelStratifiedKFold,1,3,GPRGNN,100,110,10,1.5138299465179443,0.3651685416698456,1.4458814859390259,0.3651685416698456,True,100
chameleon,LabelStratifiedKFold,1,3,GPRGNN,101,109,9,1.5044276714324951,0.3483146131038666,1.4667713642120361,0.3651685416698456,True,100
chameleon,LabelStratifiedKFold,1,3,H2GCN,100,131,31,1.3907550573349,0.37078651785850525,1.4410725831985474,0.42696627974510193,True,100
chameleon,LabelStratifiedKFold,1,3,H2GCN,101,130,30,1.3911525011062622,0.37078651785850525,1.4396741390228271,0.45505619049072266,True,100
chameleon,LabelStratifiedKFold,1,4,MLP,100,116,16,1.3803772926330566,0.4606741666793823,1.4377323389053345,0.3820224702358246,True,100
chameleon,LabelStratifiedKFold,1,4,MLP,101,116,16,1.3708250522613525,0.45505619049072266,1.4347728490829468,0.37078651785850525,True,100
chameleon,LabelStratifiedKFold,1,4,GCN,100,109,9,1.449127197265625,0.3820224702358246,1.5360592603683472,0.3595505654811859,True,100
chameleon,LabelStratifiedKFold,1,4,GCN,101,110,10,1.4334803819656372,0.4157303273677826,1.523964524269104,0.35393258929252625,True,100
chameleon,LabelStratifiedKFold,1,4,GAT,100,132,32,1.4054948091506958,0.4438202381134033,1.422762155532837,0.4325842559337616,True,100
chameleon,LabelStratifiedKFold,1,4,GAT,101,121,21,1.4022778272628784,0.43820226192474365,1.456753134727478,0.42696627974510193,True,100
chameleon,LabelStratifiedKFold,1,4,SAGE,100,106,6,1.3168034553527832,0.47752809524536133,1.4638038873672485,0.3988763988018036,True,100
chameleon,LabelStratifiedKFold,1,4,SAGE,101,107,7,1.3455337285995483,0.47191011905670166,1.4816666841506958,0.35393258929252625,True,100
chameleon,LabelStratifiedKFold,1,3,MixHop,100,107,7,1.4616643190383911,0.4157303273677826,1.414237380027771,0.3932584226131439,True,100
chameleon,LabelStratifiedKFold,1,4,GPRGNN,100,123,23,1.4015049934387207,0.4325842559337616,1.5042318105697632,0.4101123511791229,True,100
chameleon,LabelStratifiedKFold,1,3,MixHop,101,110,10,1.4654536247253418,0.42134830355644226,1.3696438074111938,0.40449437499046326,True,100
chameleon,LabelStratifiedKFold,1,4,GPRGNN,101,123,23,1.4093818664550781,0.42696627974510193,1.5165672302246094,0.38764044642448425,True,100
chameleon,LabelStratifiedKFold,1,4,H2GCN,100,128,28,1.3873306512832642,0.47752809524536133,1.3962901830673218,0.3932584226131439,True,100
chameleon,LabelStratifiedKFold,1,5,MLP,100,114,14,1.4567209482192993,0.4325842559337616,1.424227237701416,0.4101123511791229,True,100
chameleon,LabelStratifiedKFold,1,5,MLP,101,113,13,1.4370002746582031,0.3988763988018036,1.390828251838684,0.4157303273677826,True,100
chameleon,LabelStratifiedKFold,1,4,H2GCN,101,127,27,1.3955117464065552,0.4438202381134033,1.3977595567703247,0.3932584226131439,True,100
chameleon,LabelStratifiedKFold,1,5,GCN,100,151,51,1.5079869031906128,0.40449437499046326,1.5340814590454102,0.4101123511791229,True,100
chameleon,LabelStratifiedKFold,1,5,GCN,101,109,9,1.5023534297943115,0.3820224702358246,1.4428083896636963,0.47752809524536133,True,100
chameleon,LabelStratifiedKFold,1,5,GAT,100,163,63,1.4568372964859009,0.4157303273677826,1.4575999975204468,0.45505619049072266,True,100
chameleon,LabelStratifiedKFold,1,5,GAT,101,193,93,1.4332704544067383,0.42134830355644226,1.482708215713501,0.43820226192474365,True,100
chameleon,LabelStratifiedKFold,1,5,SAGE,100,105,5,1.4399062395095825,0.3595505654811859,1.3478336334228516,0.45505619049072266,True,100
chameleon,LabelStratifiedKFold,1,5,SAGE,101,106,6,1.4202148914337158,0.37078651785850525,1.346340537071228,0.466292142868042,True,100
chameleon,LabelStratifiedKFold,1,4,MixHop,100,112,12,1.2867419719696045,0.5056179761886597,1.4193508625030518,0.42134830355644226,True,100
chameleon,LabelStratifiedKFold,1,4,MixHop,101,113,13,1.3655422925949097,0.449438214302063,1.473288893699646,0.40449437499046326,True,100
chameleon,LabelStratifiedKFold,1,5,GPRGNN,100,123,23,1.4887195825576782,0.3932584226131439,1.3976846933364868,0.4325842559337616,True,100
chameleon,LabelStratifiedKFold,1,5,GPRGNN,101,121,21,1.4761959314346313,0.43820226192474365,1.3883572816848755,0.466292142868042,True,100
chameleon,LabelStratifiedKFold,1,5,H2GCN,100,127,27,1.424377679824829,0.3988763988018036,1.384994626045227,0.4157303273677826,True,100
chameleon,LabelStratifiedKFold,1,5,H2GCN,101,128,28,1.416734218597412,0.42134830355644226,1.3845680952072144,0.4157303273677826,True,100
chameleon,LabelStratifiedKFold,1,5,MixHop,100,111,11,1.4222157001495361,0.3988763988018036,1.3019282817840576,0.5112359523773193,True,100
chameleon,LabelStratifiedKFold,1,5,MixHop,101,110,10,1.4272944927215576,0.40449437499046326,1.3797117471694946,0.45505619049072266,True,100
chameleon,Sklearn_NeighHet_b200,1,1,MLP,100,114,14,1.460517406463623,0.4157303273677826,1.505400538444519,0.38764044642448425,True,100
chameleon,Sklearn_NeighHet_b200,1,1,MLP,101,114,14,1.44416344165802,0.4157303273677826,1.4580347537994385,0.3764044940471649,True,100
chameleon,Sklearn_NeighHet_b200,1,1,GCN,101,108,8,1.480034351348877,0.40449437499046326,1.461489200592041,0.3764044940471649,True,100
chameleon,Sklearn_NeighHet_b200,1,1,GCN,100,109,9,1.498422384262085,0.42134830355644226,1.468245029449463,0.35393258929252625,True,100
chameleon,Sklearn_NeighHet_b200,1,1,GAT,100,138,38,1.3537284135818481,0.42134830355644226,1.4520025253295898,0.3314606845378876,True,100
chameleon,Sklearn_NeighHet_b200,1,1,GAT,101,155,55,1.3684176206588745,0.4606741666793823,1.4660236835479736,0.35393258929252625,True,100
chameleon,Sklearn_NeighHet_b200,1,1,SAGE,101,108,8,1.3739402294158936,0.4325842559337616,1.4037038087844849,0.3988763988018036,True,100
chameleon,Sklearn_NeighHet_b200,1,1,SAGE,100,108,8,1.384515404701233,0.42696627974510193,1.4090479612350464,0.38764044642448425,True,100
chameleon,Sklearn_NeighHet_b200,1,1,GPRGNN,101,125,25,1.4848647117614746,0.40449437499046326,1.4693708419799805,0.3651685416698456,True,100
chameleon,Sklearn_NeighHet_b200,1,1,GPRGNN,100,126,26,1.4736751317977905,0.42134830355644226,1.4860905408859253,0.3595505654811859,True,100
chameleon,Sklearn_NeighHet_b200,1,1,H2GCN,100,129,29,1.350324034690857,0.42696627974510193,1.4205576181411743,0.42134830355644226,True,100
chameleon,Sklearn_NeighHet_b200,1,1,H2GCN,101,129,29,1.3486473560333252,0.3988763988018036,1.4013969898223877,0.3988763988018036,True,100
chameleon,Sklearn_NeighHet_b200,1,2,MLP,100,115,15,1.4360522031784058,0.4157303273677826,1.4465898275375366,0.466292142868042,True,100
chameleon,Sklearn_NeighHet_b200,1,2,MLP,101,114,14,1.4300950765609741,0.3988763988018036,1.4297386407852173,0.45505619049072266,True,100
chameleon,Sklearn_NeighHet_b200,1,2,GCN,100,111,11,1.501987099647522,0.3651685416698456,1.503474235534668,0.40449437499046326,True,100
chameleon,Sklearn_NeighHet_b200,1,2,GCN,101,110,10,1.4763919115066528,0.3651685416698456,1.4860764741897583,0.40449437499046326,True,100
chameleon,Sklearn_NeighHet_b200,1,2,GAT,100,114,14,1.4294737577438354,0.37078651785850525,1.4259190559387207,0.3988763988018036,True,100
chameleon,Sklearn_NeighHet_b200,1,2,GAT,101,116,16,1.4225056171417236,0.3820224702358246,1.4076024293899536,0.40449437499046326,True,100
chameleon,Sklearn_NeighHet_b200,1,2,SAGE,100,106,6,1.4010460376739502,0.3932584226131439,1.3750885725021362,0.42696627974510193,True,100
chameleon,Sklearn_NeighHet_b200,1,2,SAGE,101,107,7,1.4316060543060303,0.3988763988018036,1.3697030544281006,0.45505619049072266,True,100
chameleon,Sklearn_NeighHet_b200,1,1,MixHop,101,110,10,1.4446563720703125,0.43820226192474365,1.3864881992340088,0.3988763988018036,True,100
chameleon,Sklearn_NeighHet_b200,1,1,MixHop,100,112,12,1.3590725660324097,0.4438202381134033,1.3621056079864502,0.4325842559337616,True,100
chameleon,Sklearn_NeighHet_b200,1,2,GPRGNN,100,115,15,1.4364657402038574,0.38764044642448425,1.5040019750595093,0.3820224702358246,True,100
chameleon,Sklearn_NeighHet_b200,1,2,GPRGNN,101,114,14,1.442430019378662,0.40449437499046326,1.5167207717895508,0.42696627974510193,True,100
chameleon,Sklearn_NeighHet_b200,1,2,H2GCN,100,125,25,1.4569188356399536,0.3820224702358246,1.3480730056762695,0.4157303273677826,True,100
chameleon,Sklearn_NeighHet_b200,1,2,H2GCN,101,125,25,1.459827184677124,0.3651685416698456,1.3475474119186401,0.40449437499046326,True,100
chameleon,Sklearn_NeighHet_b200,1,3,MLP,100,115,15,1.440993070602417,0.42134830355644226,1.4846868515014648,0.3764044940471649,True,100
chameleon,Sklearn_NeighHet_b200,1,3,MLP,101,115,15,1.40776789188385,0.449438214302063,1.4763405323028564,0.3988763988018036,True,100
chameleon,Sklearn_NeighHet_b200,1,3,GCN,100,116,16,1.4991170167922974,0.3932584226131439,1.5148006677627563,0.37078651785850525,True,100
chameleon,Sklearn_NeighHet_b200,1,3,GCN,101,111,11,1.5033373832702637,0.42696627974510193,1.4543464183807373,0.3988763988018036,True,100
chameleon,Sklearn_NeighHet_b200,1,3,GAT,100,117,17,1.4286515712738037,0.40449437499046326,1.4589139223098755,0.42134830355644226,True,100
chameleon,Sklearn_NeighHet_b200,1,3,GAT,101,117,17,1.415333867073059,0.42134830355644226,1.41745924949646,0.42134830355644226,True,100
chameleon,Sklearn_NeighHet_b200,1,3,SAGE,100,106,6,1.3954609632492065,0.38764044642448425,1.3951148986816406,0.40449437499046326,True,100
chameleon,Sklearn_NeighHet_b200,1,3,SAGE,101,107,7,1.3541057109832764,0.4101123511791229,1.427306890487671,0.3764044940471649,True,100
chameleon,Sklearn_NeighHet_b200,1,2,MixHop,101,111,11,1.3893711566925049,0.4101123511791229,1.4458203315734863,0.4606741666793823,True,100
chameleon,Sklearn_NeighHet_b200,1,2,MixHop,100,113,13,1.4144691228866577,0.43820226192474365,1.3463126420974731,0.5,True,100
chameleon,Sklearn_NeighHet_b200,1,3,GPRGNN,100,122,22,1.4972553253173828,0.4101123511791229,1.4699867963790894,0.42696627974510193,True,100
chameleon,Sklearn_NeighHet_b200,1,3,GPRGNN,101,110,10,1.5069197416305542,0.35393258929252625,1.475380539894104,0.37078651785850525,True,100
chameleon,Sklearn_NeighHet_b200,1,3,H2GCN,100,120,20,1.443778395652771,0.3764044940471649,1.469750165939331,0.3483146131038666,True,100
chameleon,Sklearn_NeighHet_b200,1,3,H2GCN,101,121,21,1.4500223398208618,0.40449437499046326,1.471340537071228,0.3483146131038666,True,100
chameleon,Sklearn_NeighHet_b200,1,4,MLP,100,115,15,1.3834620714187622,0.4606741666793823,1.4410640001296997,0.35393258929252625,True,100
chameleon,Sklearn_NeighHet_b200,1,4,MLP,101,115,15,1.373106598854065,0.4438202381134033,1.4060254096984863,0.37078651785850525,True,100
chameleon,Sklearn_NeighHet_b200,1,4,GCN,100,105,5,1.505211591720581,0.37078651785850525,1.5153241157531738,0.3988763988018036,True,100
chameleon,Sklearn_NeighHet_b200,1,4,GCN,101,105,5,1.5208531618118286,0.3820224702358246,1.5128165483474731,0.3932584226131439,True,100
chameleon,Sklearn_NeighHet_b200,1,4,GAT,100,104,4,1.450730562210083,0.38764044642448425,1.4802632331848145,0.3932584226131439,True,100
chameleon,Sklearn_NeighHet_b200,1,4,GAT,101,104,4,1.4240151643753052,0.3932584226131439,1.4805196523666382,0.40449437499046326,True,100
chameleon,Sklearn_NeighHet_b200,1,4,SAGE,100,105,5,1.4052643775939941,0.38764044642448425,1.3940598964691162,0.4325842559337616,True,100
chameleon,Sklearn_NeighHet_b200,1,4,SAGE,101,105,5,1.3956559896469116,0.3820224702358246,1.3959757089614868,0.42134830355644226,True,100
chameleon,Sklearn_NeighHet_b200,1,3,MixHop,100,109,9,1.4273043870925903,0.4438202381134033,1.4436070919036865,0.42134830355644226,True,100
chameleon,Sklearn_NeighHet_b200,1,3,MixHop,101,109,9,1.4219105243682861,0.466292142868042,1.4045751094818115,0.4325842559337616,True,100
chameleon,Sklearn_NeighHet_b200,1,4,GPRGNN,100,109,9,1.478797435760498,0.35393258929252625,1.505651593208313,0.35393258929252625,True,100
chameleon,Sklearn_NeighHet_b200,1,4,GPRGNN,101,108,8,1.4877055883407593,0.3988763988018036,1.507172703742981,0.40449437499046326,True,100
chameleon,Sklearn_NeighHet_b200,1,4,H2GCN,100,126,26,1.376060962677002,0.42134830355644226,1.446003794670105,0.4157303273677826,True,100
chameleon,Sklearn_NeighHet_b200,1,5,MLP,100,113,13,1.4889369010925293,0.3820224702358246,1.4084514379501343,0.47752809524536133,True,100
chameleon,Sklearn_NeighHet_b200,1,4,H2GCN,101,126,26,1.3868999481201172,0.4101123511791229,1.4533494710922241,0.3932584226131439,True,100
chameleon,Sklearn_NeighHet_b200,1,5,MLP,101,113,13,1.4346612691879272,0.3651685416698456,1.4125750064849854,0.47191011905670166,True,100
chameleon,Sklearn_NeighHet_b200,1,5,GCN,100,108,8,1.4487851858139038,0.42134830355644226,1.5209496021270752,0.40449437499046326,True,100
chameleon,Sklearn_NeighHet_b200,1,5,GCN,101,110,10,1.4464123249053955,0.4157303273677826,1.5700362920761108,0.4101123511791229,True,100
chameleon,Sklearn_NeighHet_b200,1,5,GAT,100,112,12,1.4166361093521118,0.40449437499046326,1.5043706893920898,0.4101123511791229,True,100
chameleon,Sklearn_NeighHet_b200,1,5,GAT,101,110,10,1.4104101657867432,0.4157303273677826,1.4582786560058594,0.40449437499046326,True,100
chameleon,Sklearn_NeighHet_b200,1,5,SAGE,100,105,5,1.382941484451294,0.40449437499046326,1.3913105726242065,0.4157303273677826,True,100
chameleon,Sklearn_NeighHet_b200,1,5,SAGE,101,105,5,1.3816440105438232,0.42134830355644226,1.3812671899795532,0.4438202381134033,True,100
chameleon,Sklearn_NeighHet_b200,1,4,MixHop,100,106,6,1.4349104166030884,0.3595505654811859,1.4655463695526123,0.35393258929252625,True,100
chameleon,Sklearn_NeighHet_b200,1,4,MixHop,101,110,10,1.4450769424438477,0.4101123511791229,1.4436362981796265,0.4325842559337616,True,100
chameleon,Sklearn_NeighHet_b200,1,5,GPRGNN,100,120,20,1.3898415565490723,0.42696627974510193,1.5789740085601807,0.4101123511791229,True,100
chameleon,Sklearn_NeighHet_b200,1,5,GPRGNN,101,117,17,1.3770813941955566,0.4438202381134033,1.5182032585144043,0.3932584226131439,True,100
chameleon,Sklearn_NeighHet_b200,1,5,H2GCN,100,127,27,1.3956834077835083,0.4157303273677826,1.3879165649414062,0.3820224702358246,True,100
chameleon,Sklearn_NeighHet_b200,1,5,H2GCN,101,127,27,1.3906776905059814,0.43820226192474365,1.3936529159545898,0.3932584226131439,True,100
chameleon,Sklearn_NeighHet_b200,1,5,MixHop,100,111,11,1.3458538055419922,0.42134830355644226,1.4570821523666382,0.4325842559337616,True,100
chameleon,Sklearn_NeighHet_b200,1,5,MixHop,101,110,10,1.3667945861816406,0.3932584226131439,1.4245518445968628,0.4101123511791229,True,100
chameleon,RandomKFold,2,1,MLP,101,113,13,1.461119532585144,0.3764044940471649,1.3890689611434937,0.4157303273677826,True,100
chameleon,RandomKFold,2,1,MLP,100,114,14,1.4725115299224854,0.4101123511791229,1.4097999334335327,0.42134830355644226,True,100
chameleon,RandomKFold,2,1,GCN,100,104,4,1.5199143886566162,0.4101123511791229,1.4494167566299438,0.4157303273677826,True,100
chameleon,RandomKFold,2,1,GCN,101,105,5,1.5125356912612915,0.42134830355644226,1.4356138706207275,0.4438202381134033,True,100
chameleon,RandomKFold,2,1,GAT,100,102,2,1.5185856819152832,0.3988763988018036,1.4706636667251587,0.42696627974510193,True,100
chameleon,RandomKFold,2,1,GAT,101,103,3,1.4889910221099854,0.3932584226131439,1.3863263130187988,0.466292142868042,True,100
chameleon,RandomKFold,2,1,SAGE,100,105,5,1.432142734527588,0.3820224702358246,1.3568156957626343,0.449438214302063,True,100
chameleon,RandomKFold,2,1,SAGE,101,106,6,1.3982940912246704,0.42696627974510193,1.3545711040496826,0.47752809524536133,True,100
chameleon,RandomKFold,2,1,GPRGNN,100,108,8,1.5296471118927002,0.35393258929252625,1.4501506090164185,0.3988763988018036,True,100
chameleon,RandomKFold,2,1,GPRGNN,101,108,8,1.5381333827972412,0.3595505654811859,1.4485292434692383,0.40449437499046326,True,100
chameleon,RandomKFold,2,1,H2GCN,100,122,22,1.460464596748352,0.31460675597190857,1.3787825107574463,0.3988763988018036,True,100
chameleon,RandomKFold,2,1,H2GCN,101,121,21,1.4631356000900269,0.31460675597190857,1.372054934501648,0.40449437499046326,True,100
chameleon,RandomKFold,2,2,MLP,100,116,16,1.4086073637008667,0.43820226192474365,1.476348876953125,0.38764044642448425,True,100
chameleon,RandomKFold,2,2,MLP,101,115,15,1.3936799764633179,0.42134830355644226,1.4687278270721436,0.4101123511791229,True,100
chameleon,RandomKFold,2,2,GCN,100,111,11,1.440502405166626,0.48876404762268066,1.6753153800964355,0.32022473216056824,True,100
chameleon,RandomKFold,2,2,GCN,101,111,11,1.428101658821106,0.483146071434021,1.6854174137115479,0.35393258929252625,True,100
chameleon,RandomKFold,2,2,GAT,100,112,12,1.3760755062103271,0.4325842559337616,1.5695658922195435,0.3314606845378876,True,100
chameleon,RandomKFold,2,2,GAT,101,110,10,1.362457275390625,0.45505619049072266,1.556808352470398,0.3426966369152069,True,100
chameleon,RandomKFold,2,2,SAGE,100,106,6,1.3376456499099731,0.42134830355644226,1.4602750539779663,0.3764044940471649,True,100
chameleon,RandomKFold,2,2,SAGE,101,106,6,1.3148751258850098,0.42696627974510193,1.4206411838531494,0.40449437499046326,True,100
chameleon,RandomKFold,2,1,MixHop,100,106,6,1.5211271047592163,0.32022473216056824,1.3864766359329224,0.3988763988018036,True,100
chameleon,RandomKFold,2,1,MixHop,101,109,9,1.5016374588012695,0.3820224702358246,1.310461401939392,0.4438202381134033,True,100
chameleon,RandomKFold,2,2,GPRGNN,100,117,17,1.4106365442276,0.43820226192474365,1.6888372898101807,0.35393258929252625,True,100
chameleon,RandomKFold,2,2,GPRGNN,101,118,18,1.3898892402648926,0.43820226192474365,1.7217345237731934,0.31460675597190857,True,100
chameleon,RandomKFold,2,2,H2GCN,100,130,30,1.328542947769165,0.45505619049072266,1.4827733039855957,0.3426966369152069,True,100
chameleon,RandomKFold,2,3,MLP,100,116,16,1.4090888500213623,0.4438202381134033,1.4187475442886353,0.4606741666793823,True,100
chameleon,RandomKFold,2,3,MLP,101,116,16,1.3886207342147827,0.42696627974510193,1.4029664993286133,0.43820226192474365,True,100
chameleon,RandomKFold,2,2,H2GCN,101,130,30,1.3254730701446533,0.4438202381134033,1.4932544231414795,0.3483146131038666,True,100
chameleon,RandomKFold,2,3,GCN,100,105,5,1.4905818700790405,0.449438214302063,1.4832555055618286,0.4438202381134033,True,100
chameleon,RandomKFold,2,3,GCN,101,108,8,1.4835227727890015,0.45505619049072266,1.4480981826782227,0.4438202381134033,True,100
chameleon,RandomKFold,2,3,GAT,100,106,6,1.4208706617355347,0.4101123511791229,1.3774641752243042,0.4157303273677826,True,100
chameleon,RandomKFold,2,3,GAT,101,147,47,1.4116259813308716,0.4438202381134033,1.369544506072998,0.449438214302063,True,100
chameleon,RandomKFold,2,3,SAGE,100,105,5,1.3514041900634766,0.42134830355644226,1.339362382888794,0.4325842559337616,True,100
chameleon,RandomKFold,2,3,SAGE,101,105,5,1.3398997783660889,0.42134830355644226,1.3178037405014038,0.42696627974510193,True,100
chameleon,RandomKFold,2,2,MixHop,100,110,10,1.3074183464050293,0.466292142868042,1.5756349563598633,0.3988763988018036,True,100
chameleon,RandomKFold,2,2,MixHop,101,110,10,1.3397547006607056,0.49438202381134033,1.5262659788131714,0.37078651785850525,True,100
chameleon,RandomKFold,2,3,GPRGNN,100,116,16,1.4657530784606934,0.449438214302063,1.3862714767456055,0.4606741666793823,True,100
chameleon,RandomKFold,2,3,GPRGNN,101,112,12,1.4523253440856934,0.43820226192474365,1.4076905250549316,0.4325842559337616,True,100
chameleon,RandomKFold,2,3,H2GCN,100,129,29,1.3440812826156616,0.4438202381134033,1.360876441001892,0.42134830355644226,True,100
chameleon,RandomKFold,2,3,H2GCN,101,130,30,1.3535710573196411,0.4325842559337616,1.3669108152389526,0.42696627974510193,True,100
chameleon,RandomKFold,2,4,MLP,100,114,14,1.4835096597671509,0.35393258929252625,1.403091549873352,0.4438202381134033,True,100
chameleon,RandomKFold,2,4,MLP,101,115,15,1.440200924873352,0.3651685416698456,1.3748835325241089,0.4438202381134033,True,100
chameleon,RandomKFold,2,4,GCN,100,109,9,1.524131178855896,0.35393258929252625,1.5071821212768555,0.42134830355644226,True,100
chameleon,RandomKFold,2,4,GCN,101,109,9,1.5055276155471802,0.35393258929252625,1.4878456592559814,0.4101123511791229,True,100
chameleon,RandomKFold,2,4,GAT,101,109,9,1.458939790725708,0.3764044940471649,1.4535783529281616,0.4157303273677826,True,100
chameleon,RandomKFold,2,4,GAT,100,132,32,1.4585535526275635,0.3932584226131439,1.439773678779602,0.4157303273677826,True,100
chameleon,RandomKFold,2,4,SAGE,100,108,8,1.486085057258606,0.37078651785850525,1.4015175104141235,0.4101123511791229,True,100
chameleon,RandomKFold,2,4,SAGE,101,110,10,1.4858249425888062,0.38764044642448425,1.4202102422714233,0.3932584226131439,True,100
chameleon,RandomKFold,2,3,MixHop,100,110,10,1.4000824689865112,0.4438202381134033,1.2968071699142456,0.47191011905670166,True,100
chameleon,RandomKFold,2,4,GPRGNN,100,115,15,1.5030231475830078,0.37078651785850525,1.4651979207992554,0.3820224702358246,True,100
chameleon,RandomKFold,2,3,MixHop,101,116,16,1.3655482530593872,0.47191011905670166,1.356324315071106,0.5112359523773193,True,100
chameleon,RandomKFold,2,4,GPRGNN,101,123,23,1.4803744554519653,0.3426966369152069,1.5642368793487549,0.4325842559337616,True,100
chameleon,RandomKFold,2,4,H2GCN,100,126,26,1.4787033796310425,0.35393258929252625,1.3389918804168701,0.43820226192474365,True,100
chameleon,RandomKFold,2,5,MLP,100,115,15,1.4058818817138672,0.4157303273677826,1.4878864288330078,0.3651685416698456,True,100
chameleon,RandomKFold,2,4,H2GCN,101,126,26,1.4884333610534668,0.35393258929252625,1.3511972427368164,0.4101123511791229,True,100
chameleon,RandomKFold,2,5,MLP,101,114,14,1.3940759897232056,0.40449437499046326,1.4559653997421265,0.3651685416698456,True,100
chameleon,RandomKFold,2,5,GCN,100,108,8,1.4255387783050537,0.449438214302063,1.5339151620864868,0.3314606845378876,True,100
chameleon,RandomKFold,2,5,GCN,101,111,11,1.4177372455596924,0.43820226192474365,1.5153249502182007,0.33707866072654724,True,100
chameleon,RandomKFold,2,5,GAT,100,109,9,1.401153802871704,0.3988763988018036,1.505826473236084,0.35393258929252625,True,100
chameleon,RandomKFold,2,5,GAT,101,107,7,1.3748894929885864,0.4325842559337616,1.5056899785995483,0.3258427083492279,True,100
chameleon,RandomKFold,2,5,SAGE,100,106,6,1.3799848556518555,0.483146071434021,1.5220386981964111,0.3820224702358246,True,100
chameleon,RandomKFold,2,5,SAGE,101,106,6,1.3752031326293945,0.49438202381134033,1.5433886051177979,0.3764044940471649,True,100
chameleon,RandomKFold,2,4,MixHop,101,110,10,1.4775413274765015,0.38764044642448425,1.3903590440750122,0.4606741666793823,True,100
chameleon,RandomKFold,2,4,MixHop,100,113,13,1.452177882194519,0.4157303273677826,1.4909428358078003,0.4325842559337616,True,100
chameleon,RandomKFold,2,5,GPRGNN,100,121,21,1.3601057529449463,0.42696627974510193,1.5271282196044922,0.3651685416698456,True,100
chameleon,RandomKFold,2,5,GPRGNN,101,119,19,1.3909019231796265,0.43820226192474365,1.5442228317260742,0.3483146131038666,True,100
chameleon,RandomKFold,2,5,H2GCN,100,125,25,1.4004520177841187,0.449438214302063,1.5012966394424438,0.3258427083492279,True,100
chameleon,RandomKFold,2,5,H2GCN,101,125,25,1.3983224630355835,0.42134830355644226,1.5116212368011475,0.31460675597190857,True,100
chameleon,RandomKFold,2,5,MixHop,100,111,11,1.289946436882019,0.47752809524536133,1.450025200843811,0.4157303273677826,True,100
chameleon,RandomKFold,2,5,MixHop,101,111,11,1.3169499635696411,0.4606741666793823,1.4765074253082275,0.3483146131038666,True,100
chameleon,LabelStratifiedKFold,2,1,MLP,100,114,14,1.446250319480896,0.42696627974510193,1.4103968143463135,0.3932584226131439,True,100
chameleon,LabelStratifiedKFold,2,1,MLP,101,114,14,1.4381544589996338,0.42134830355644226,1.4016814231872559,0.4101123511791229,True,100
chameleon,LabelStratifiedKFold,2,1,GCN,100,106,6,1.5153242349624634,0.3764044940471649,1.5528318881988525,0.3651685416698456,True,100
chameleon,LabelStratifiedKFold,2,1,GCN,101,107,7,1.4925845861434937,0.3988763988018036,1.5371606349945068,0.4101123511791229,True,100
chameleon,LabelStratifiedKFold,2,1,GAT,101,105,5,1.4384907484054565,0.38764044642448425,1.4849728345870972,0.3764044940471649,True,100
chameleon,LabelStratifiedKFold,2,1,GAT,100,134,34,1.4301939010620117,0.3820224702358246,1.5829064846038818,0.3483146131038666,True,100
chameleon,LabelStratifiedKFold,2,1,SAGE,100,106,6,1.3869373798370361,0.4101123511791229,1.410715937614441,0.4325842559337616,True,100
chameleon,LabelStratifiedKFold,2,1,SAGE,101,106,6,1.3711124658584595,0.40449437499046326,1.409737467765808,0.449438214302063,True,100
chameleon,LabelStratifiedKFold,2,1,GPRGNN,100,110,10,1.4939149618148804,0.3764044940471649,1.5225963592529297,0.3651685416698456,True,100
chameleon,LabelStratifiedKFold,2,1,GPRGNN,101,109,9,1.4920603036880493,0.37078651785850525,1.5238189697265625,0.3764044940471649,True,100
chameleon,LabelStratifiedKFold,2,1,H2GCN,100,129,29,1.3834136724472046,0.4157303273677826,1.4096623659133911,0.4101123511791229,True,100
chameleon,LabelStratifiedKFold,2,1,H2GCN,101,129,29,1.3867274522781372,0.42696627974510193,1.4221214056015015,0.40449437499046326,True,100
chameleon,LabelStratifiedKFold,2,2,MLP,100,117,17,1.3797622919082642,0.466292142868042,1.4703115224838257,0.4101123511791229,True,100
chameleon,LabelStratifiedKFold,2,2,MLP,101,116,16,1.3632566928863525,0.43820226192474365,1.4452881813049316,0.4101123511791229,True,100
chameleon,LabelStratifiedKFold,2,2,GCN,100,105,5,1.482486367225647,0.4101123511791229,1.4858065843582153,0.42696627974510193,True,100
chameleon,LabelStratifiedKFold,2,2,GCN,101,106,6,1.4761461019515991,0.38764044642448425,1.4760452508926392,0.3988763988018036,True,100
chameleon,LabelStratifiedKFold,2,2,GAT,101,103,3,1.4568181037902832,0.3820224702358246,1.4377331733703613,0.43820226192474365,True,100
chameleon,LabelStratifiedKFold,2,2,GAT,100,243,143,1.4597111940383911,0.40449437499046326,1.5039836168289185,0.4157303273677826,True,100
chameleon,LabelStratifiedKFold,2,2,SAGE,100,105,5,1.403564691543579,0.38764044642448425,1.3798112869262695,0.4438202381134033,True,100
chameleon,LabelStratifiedKFold,2,1,MixHop,100,107,7,1.4441242218017578,0.37078651785850525,1.4824892282485962,0.38764044642448425,True,100
chameleon,LabelStratifiedKFold,2,2,SAGE,101,105,5,1.3884992599487305,0.4157303273677826,1.3576767444610596,0.4157303273677826,True,100
chameleon,LabelStratifiedKFold,2,1,MixHop,101,109,9,1.4314560890197754,0.3932584226131439,1.4962522983551025,0.42134830355644226,True,100
chameleon,LabelStratifiedKFold,2,2,GPRGNN,101,109,9,1.4856363534927368,0.3820224702358246,1.4806417226791382,0.4101123511791229,True,100
chameleon,LabelStratifiedKFold,2,2,GPRGNN,100,119,19,1.4822176694869995,0.3764044940471649,1.5467865467071533,0.3988763988018036,True,100
chameleon,LabelStratifiedKFold,2,2,H2GCN,100,132,32,1.3849681615829468,0.42696627974510193,1.3810476064682007,0.42696627974510193,True,100
chameleon,LabelStratifiedKFold,2,2,H2GCN,101,133,33,1.3975123167037964,0.38764044642448425,1.3915581703186035,0.4438202381134033,True,100
chameleon,LabelStratifiedKFold,2,3,MLP,100,115,15,1.4481722116470337,0.4101123511791229,1.4362636804580688,0.4157303273677826,True,100
chameleon,LabelStratifiedKFold,2,3,MLP,101,114,14,1.4316458702087402,0.3820224702358246,1.4206273555755615,0.37078651785850525,True,100
chameleon,LabelStratifiedKFold,2,3,GCN,101,107,7,1.4928401708602905,0.37078651785850525,1.4740502834320068,0.3651685416698456,True,100
chameleon,LabelStratifiedKFold,2,3,GCN,100,108,8,1.4983206987380981,0.38764044642448425,1.496260404586792,0.38764044642448425,True,100
chameleon,LabelStratifiedKFold,2,3,GAT,101,105,5,1.4380006790161133,0.4101123511791229,1.4503775835037231,0.3932584226131439,True,100
chameleon,LabelStratifiedKFold,2,3,GAT,100,107,7,1.4736204147338867,0.3820224702358246,1.4856458902359009,0.3764044940471649,True,100
chameleon,LabelStratifiedKFold,2,3,SAGE,100,105,5,1.3986700773239136,0.42696627974510193,1.3961185216903687,0.3932584226131439,True,100
chameleon,LabelStratifiedKFold,2,3,SAGE,101,106,6,1.411638617515564,0.37078651785850525,1.4110875129699707,0.4101123511791229,True,100
chameleon,LabelStratifiedKFold,2,2,MixHop,100,110,10,1.3931052684783936,0.4101123511791229,1.4280879497528076,0.3988763988018036,True,100
chameleon,LabelStratifiedKFold,2,3,GPRGNN,100,115,15,1.4713966846466064,0.3820224702358246,1.500632643699646,0.3483146131038666,True,100
chameleon,LabelStratifiedKFold,2,2,MixHop,101,110,10,1.41583251953125,0.4325842559337616,1.423065185546875,0.4157303273677826,True,100
chameleon,LabelStratifiedKFold,2,3,GPRGNN,101,113,13,1.4628342390060425,0.38764044642448425,1.511642575263977,0.3595505654811859,True,100
chameleon,LabelStratifiedKFold,2,3,H2GCN,100,126,26,1.37995445728302,0.3988763988018036,1.4114207029342651,0.4101123511791229,True,100
chameleon,LabelStratifiedKFold,2,4,MLP,100,118,18,1.3402155637741089,0.47191011905670166,1.4307013750076294,0.3988763988018036,True,100
chameleon,LabelStratifiedKFold,2,4,MLP,101,116,16,1.3336033821105957,0.49438202381134033,1.3872685432434082,0.4438202381134033,True,100
chameleon,LabelStratifiedKFold,2,3,H2GCN,101,128,28,1.3737256526947021,0.42134830355644226,1.4158369302749634,0.3988763988018036,True,100
chameleon,LabelStratifiedKFold,2,4,GCN,100,111,11,1.4389543533325195,0.4101123511791229,1.5428853034973145,0.3932584226131439,True,100
chameleon,LabelStratifiedKFold,2,4,GCN,101,114,14,1.4018369913101196,0.4438202381134033,1.5252469778060913,0.4157303273677826,True,100
chameleon,LabelStratifiedKFold,2,4,GAT,100,172,72,1.3518928289413452,0.42134830355644226,1.5411536693572998,0.3988763988018036,True,100
chameleon,LabelStratifiedKFold,2,4,GAT,101,169,69,1.3493081331253052,0.43820226192474365,1.5153456926345825,0.3988763988018036,True,100
chameleon,LabelStratifiedKFold,2,4,SAGE,100,108,8,1.282810091972351,0.45505619049072266,1.4434568881988525,0.4157303273677826,True,100
chameleon,LabelStratifiedKFold,2,3,MixHop,100,111,11,1.3773199319839478,0.42696627974510193,1.3755693435668945,0.42134830355644226,True,100
chameleon,LabelStratifiedKFold,2,4,SAGE,101,110,10,1.268567681312561,0.516853928565979,1.496396541595459,0.38764044642448425,True,100
chameleon,LabelStratifiedKFold,2,3,MixHop,101,111,11,1.3999683856964111,0.4438202381134033,1.4398390054702759,0.42134830355644226,True,100
chameleon,LabelStratifiedKFold,2,4,GPRGNN,100,115,15,1.396375298500061,0.4325842559337616,1.4564318656921387,0.42696627974510193,True,100
chameleon,LabelStratifiedKFold,2,4,GPRGNN,101,141,41,1.4067587852478027,0.449438214302063,1.5174001455307007,0.40449437499046326,True,100
chameleon,LabelStratifiedKFold,2,4,H2GCN,100,130,30,1.3704835176467896,0.4438202381134033,1.3978893756866455,0.38764044642448425,True,100
chameleon,LabelStratifiedKFold,2,5,MLP,100,114,14,1.4522141218185425,0.37078651785850525,1.4042035341262817,0.42134830355644226,True,100
chameleon,LabelStratifiedKFold,2,4,H2GCN,101,130,30,1.3747414350509644,0.466292142868042,1.3860889673233032,0.3988763988018036,True,100
chameleon,LabelStratifiedKFold,2,5,MLP,101,114,14,1.4387296438217163,0.4157303273677826,1.381237506866455,0.4325842559337616,True,100
chameleon,LabelStratifiedKFold,2,5,GCN,100,107,7,1.5423811674118042,0.42696627974510193,1.4576263427734375,0.40449437499046326,True,100
chameleon,LabelStratifiedKFold,2,5,GCN,101,107,7,1.5407546758651733,0.42696627974510193,1.455636739730835,0.40449437499046326,True,100
chameleon,LabelStratifiedKFold,2,5,GAT,100,106,6,1.4670261144638062,0.4101123511791229,1.3792424201965332,0.4101123511791229,True,100
chameleon,LabelStratifiedKFold,2,5,GAT,101,112,12,1.4584009647369385,0.4157303273677826,1.3772437572479248,0.3764044940471649,True,100
chameleon,LabelStratifiedKFold,2,5,SAGE,100,106,6,1.4207639694213867,0.42134830355644226,1.3073004484176636,0.4101123511791229,True,100
chameleon,LabelStratifiedKFold,2,5,SAGE,101,106,6,1.4251891374588013,0.4101123511791229,1.29518723487854,0.4325842559337616,True,100
chameleon,LabelStratifiedKFold,2,4,MixHop,100,110,10,1.3712620735168457,0.449438214302063,1.4145234823226929,0.40449437499046326,True,100
chameleon,LabelStratifiedKFold,2,4,MixHop,101,111,11,1.3319766521453857,0.466292142868042,1.3835691213607788,0.4325842559337616,True,100
chameleon,LabelStratifiedKFold,2,5,GPRGNN,100,111,11,1.5226343870162964,0.4101123511791229,1.4364292621612549,0.40449437499046326,True,100
chameleon,LabelStratifiedKFold,2,5,GPRGNN,101,110,10,1.5288771390914917,0.3820224702358246,1.4532796144485474,0.3595505654811859,True,100
chameleon,LabelStratifiedKFold,2,5,H2GCN,100,125,25,1.440070390701294,0.3595505654811859,1.3847994804382324,0.42134830355644226,True,100
chameleon,LabelStratifiedKFold,2,5,H2GCN,101,124,24,1.4463645219802856,0.37078651785850525,1.3915483951568604,0.3988763988018036,True,100
chameleon,LabelStratifiedKFold,2,5,MixHop,100,107,7,1.4815301895141602,0.4157303273677826,1.4138034582138062,0.3932584226131439,True,100
chameleon,LabelStratifiedKFold,2,5,MixHop,101,108,8,1.4880480766296387,0.40449437499046326,1.3860509395599365,0.3988763988018036,True,100
chameleon,Sklearn_NeighHet_b200,2,1,MLP,100,115,15,1.4103654623031616,0.43820226192474365,1.3903547525405884,0.45505619049072266,True,100
chameleon,Sklearn_NeighHet_b200,2,1,MLP,101,115,15,1.3948644399642944,0.45505619049072266,1.374288558959961,0.42134830355644226,True,100
chameleon,Sklearn_NeighHet_b200,2,1,GCN,100,106,6,1.4811323881149292,0.449438214302063,1.5086488723754883,0.3595505654811859,True,100
chameleon,Sklearn_NeighHet_b200,2,1,GCN,101,107,7,1.4715596437454224,0.4606741666793823,1.5094010829925537,0.35393258929252625,True,100
chameleon,Sklearn_NeighHet_b200,2,1,GAT,101,105,5,1.3822039365768433,0.4325842559337616,1.432680368423462,0.3483146131038666,True,100
chameleon,Sklearn_NeighHet_b200,2,1,GAT,100,107,7,1.3990811109542847,0.4325842559337616,1.4614888429641724,0.3595505654811859,True,100
chameleon,Sklearn_NeighHet_b200,2,1,SAGE,100,107,7,1.304785132408142,0.45505619049072266,1.4207220077514648,0.3932584226131439,True,100
chameleon,Sklearn_NeighHet_b200,2,1,SAGE,101,107,7,1.2986879348754883,0.48876404762268066,1.4264150857925415,0.45505619049072266,True,100
chameleon,Sklearn_NeighHet_b200,2,1,GPRGNN,100,111,11,1.448448896408081,0.47752809524536133,1.4863860607147217,0.3595505654811859,True,100
chameleon,Sklearn_NeighHet_b200,2,1,GPRGNN,101,111,11,1.4404939413070679,0.4438202381134033,1.464521884918213,0.3426966369152069,True,100
chameleon,Sklearn_NeighHet_b200,2,1,H2GCN,100,128,28,1.3514384031295776,0.466292142868042,1.4263195991516113,0.3651685416698456,True,100
chameleon,Sklearn_NeighHet_b200,2,1,H2GCN,101,127,27,1.3546888828277588,0.483146071434021,1.4245861768722534,0.37078651785850525,True,100
chameleon,Sklearn_NeighHet_b200,2,2,MLP,100,115,15,1.434152364730835,0.3764044940471649,1.4056438207626343,0.466292142868042,True,100
chameleon,Sklearn_NeighHet_b200,2,2,MLP,101,114,14,1.406175971031189,0.3988763988018036,1.4037786722183228,0.4438202381134033,True,100
chameleon,Sklearn_NeighHet_b200,2,2,GCN,100,113,13,1.4955010414123535,0.3764044940471649,1.4960850477218628,0.4101123511791229,True,100
chameleon,Sklearn_NeighHet_b200,2,2,GCN,101,113,13,1.4553942680358887,0.37078651785850525,1.4771332740783691,0.42134830355644226,True,100
chameleon,Sklearn_NeighHet_b200,2,2,GAT,101,244,144,1.3854172229766846,0.4157303273677826,1.4531261920928955,0.42696627974510193,True,100
chameleon,Sklearn_NeighHet_b200,2,2,GAT,100,501,401,1.383457899093628,0.45505619049072266,1.4222586154937744,0.4606741666793823,True,100
chameleon,Sklearn_NeighHet_b200,2,1,MixHop,100,109,9,1.3988994359970093,0.45505619049072266,1.401885986328125,0.42134830355644226,True,100
chameleon,Sklearn_NeighHet_b200,2,1,MixHop,101,109,9,1.3916916847229004,0.4606741666793823,1.423319697380066,0.3988763988018036,True,100
chameleon,Sklearn_NeighHet_b200,2,2,SAGE,100,110,10,1.4022663831710815,0.3988763988018036,1.3021095991134644,0.4606741666793823,True,100
chameleon,Sklearn_NeighHet_b200,2,2,GPRGNN,100,118,18,1.4469205141067505,0.3932584226131439,1.4867663383483887,0.4157303273677826,True,100
chameleon,Sklearn_NeighHet_b200,2,2,GPRGNN,101,121,21,1.4441744089126587,0.4325842559337616,1.5109357833862305,0.42696627974510193,True,100
chameleon,Sklearn_NeighHet_b200,2,2,H2GCN,100,130,30,1.4123238325119019,0.4101123511791229,1.3746631145477295,0.47191011905670166,True,100
chameleon,Sklearn_NeighHet_b200,2,2,SAGE,101,106,6,1.4025648832321167,0.3764044940471649,1.2810360193252563,0.47752809524536133,True,100
chameleon,Sklearn_NeighHet_b200,2,3,MLP,100,114,14,1.441967248916626,0.42696627974510193,1.4093329906463623,0.3932584226131439,True,100
chameleon,Sklearn_NeighHet_b200,2,3,MLP,101,114,14,1.424911618232727,0.42696627974510193,1.4129770994186401,0.3820224702358246,True,100
chameleon,Sklearn_NeighHet_b200,2,2,H2GCN,101,129,29,1.4199308156967163,0.38764044642448425,1.3745017051696777,0.466292142868042,True,100
chameleon,Sklearn_NeighHet_b200,2,3,GCN,100,107,7,1.4979759454727173,0.3988763988018036,1.547040581703186,0.4157303273677826,True,100
chameleon,Sklearn_NeighHet_b200,2,3,GCN,101,108,8,1.4937376976013184,0.3988763988018036,1.5296481847763062,0.4438202381134033,True,100
chameleon,Sklearn_NeighHet_b200,2,3,GAT,101,117,17,1.439227819442749,0.3932584226131439,1.474866509437561,0.3651685416698456,True,100
chameleon,Sklearn_NeighHet_b200,2,3,GAT,100,251,151,1.4174656867980957,0.40449437499046326,1.4991469383239746,0.3764044940471649,True,100
chameleon,Sklearn_NeighHet_b200,2,3,SAGE,100,105,5,1.4031031131744385,0.3820224702358246,1.407397985458374,0.42696627974510193,True,100
chameleon,Sklearn_NeighHet_b200,2,3,SAGE,101,106,6,1.4098668098449707,0.38764044642448425,1.417778730392456,0.40449437499046326,True,100
chameleon,Sklearn_NeighHet_b200,2,2,MixHop,100,111,11,1.3703118562698364,0.4157303273677826,1.3970496654510498,0.466292142868042,True,100
chameleon,Sklearn_NeighHet_b200,2,2,MixHop,101,111,11,1.4237208366394043,0.3651685416698456,1.4008735418319702,0.4157303273677826,True,100
chameleon,Sklearn_NeighHet_b200,2,3,GPRGNN,100,122,22,1.455431342124939,0.4325842559337616,1.5145463943481445,0.3820224702358246,True,100
chameleon,Sklearn_NeighHet_b200,2,3,GPRGNN,101,121,21,1.471804141998291,0.40449437499046326,1.516467809677124,0.4157303273677826,True,100
chameleon,Sklearn_NeighHet_b200,2,3,H2GCN,100,123,23,1.4465817213058472,0.3764044940471649,1.4061459302902222,0.3932584226131439,True,100
chameleon,Sklearn_NeighHet_b200,2,3,H2GCN,101,122,22,1.450088381767273,0.3764044940471649,1.4252312183380127,0.38764044642448425,True,100
chameleon,Sklearn_NeighHet_b200,2,4,MLP,100,114,14,1.4517158269882202,0.42696627974510193,1.4492769241333008,0.3820224702358246,True,100
chameleon,Sklearn_NeighHet_b200,2,4,MLP,101,115,15,1.392750859260559,0.4157303273677826,1.4343757629394531,0.3932584226131439,True,100
chameleon,Sklearn_NeighHet_b200,2,4,GCN,100,106,6,1.5091023445129395,0.3426966369152069,1.4839701652526855,0.3820224702358246,True,100
chameleon,Sklearn_NeighHet_b200,2,4,GCN,101,106,6,1.5153377056121826,0.3595505654811859,1.4836069345474243,0.3764044940471649,True,100
chameleon,Sklearn_NeighHet_b200,2,4,GAT,101,104,4,1.458774209022522,0.40449437499046326,1.4506570100784302,0.3651685416698456,True,100
chameleon,Sklearn_NeighHet_b200,2,4,GAT,100,123,23,1.4446742534637451,0.4325842559337616,1.4194884300231934,0.3988763988018036,True,100
chameleon,Sklearn_NeighHet_b200,2,4,SAGE,100,106,6,1.3917163610458374,0.3988763988018036,1.4147757291793823,0.3932584226131439,True,100
chameleon,Sklearn_NeighHet_b200,2,4,SAGE,101,106,6,1.377926230430603,0.4101123511791229,1.4217498302459717,0.3820224702358246,True,100
chameleon,Sklearn_NeighHet_b200,2,3,MixHop,100,111,11,1.3728060722351074,0.42696627974510193,1.4111307859420776,0.42134830355644226,True,100
chameleon,Sklearn_NeighHet_b200,2,3,MixHop,101,110,10,1.3978657722473145,0.42134830355644226,1.4813283681869507,0.4101123511791229,True,100
chameleon,Sklearn_NeighHet_b200,2,4,GPRGNN,100,126,26,1.4776748418807983,0.4101123511791229,1.4281935691833496,0.449438214302063,True,100
chameleon,Sklearn_NeighHet_b200,2,4,GPRGNN,101,109,9,1.5039535760879517,0.3651685416698456,1.4861388206481934,0.37078651785850525,True,100
chameleon,Sklearn_NeighHet_b200,2,4,H2GCN,100,128,28,1.4071567058563232,0.43820226192474365,1.4452073574066162,0.3988763988018036,True,100
chameleon,Sklearn_NeighHet_b200,2,5,MLP,100,116,16,1.3941065073013306,0.45505619049072266,1.4897116422653198,0.4101123511791229,True,100
chameleon,Sklearn_NeighHet_b200,2,5,MLP,101,116,16,1.3800597190856934,0.4606741666793823,1.4289449453353882,0.42696627974510193,True,100
chameleon,Sklearn_NeighHet_b200,2,4,H2GCN,101,128,28,1.4169464111328125,0.4157303273677826,1.438461422920227,0.3932584226131439,True,100
chameleon,Sklearn_NeighHet_b200,2,5,GCN,100,109,9,1.4906963109970093,0.3764044940471649,1.5232597589492798,0.4157303273677826,True,100
chameleon,Sklearn_NeighHet_b200,2,5,GCN,101,109,9,1.4936296939849854,0.3820224702358246,1.5303696393966675,0.3988763988018036,True,100
chameleon,Sklearn_NeighHet_b200,2,5,GAT,100,143,43,1.4298378229141235,0.4101123511791229,1.5439444780349731,0.37078651785850525,True,100
chameleon,Sklearn_NeighHet_b200,2,5,GAT,101,121,21,1.4298591613769531,0.3932584226131439,1.4573265314102173,0.40449437499046326,True,100
chameleon,Sklearn_NeighHet_b200,2,5,SAGE,100,106,6,1.4137818813323975,0.4157303273677826,1.38569974899292,0.40449437499046326,True,100
chameleon,Sklearn_NeighHet_b200,2,5,SAGE,101,107,7,1.4095027446746826,0.4157303273677826,1.3546944856643677,0.4101123511791229,True,100
chameleon,Sklearn_NeighHet_b200,2,4,MixHop,100,110,10,1.3858897686004639,0.449438214302063,1.372959017753601,0.43820226192474365,True,100
chameleon,Sklearn_NeighHet_b200,2,4,MixHop,101,110,10,1.4357476234436035,0.42134830355644226,1.375065565109253,0.4157303273677826,True,100
chameleon,Sklearn_NeighHet_b200,2,5,GPRGNN,100,113,13,1.4812963008880615,0.3595505654811859,1.508293867111206,0.4101123511791229,True,100
chameleon,Sklearn_NeighHet_b200,2,5,GPRGNN,101,124,24,1.4699103832244873,0.40449437499046326,1.525964617729187,0.3932584226131439,True,100
chameleon,Sklearn_NeighHet_b200,2,5,H2GCN,100,127,27,1.4258681535720825,0.3595505654811859,1.4154269695281982,0.3988763988018036,True,100
chameleon,Sklearn_NeighHet_b200,2,5,H2GCN,101,128,28,1.4090831279754639,0.3932584226131439,1.4171948432922363,0.42134830355644226,True,100
chameleon,Sklearn_NeighHet_b200,2,5,MixHop,100,110,10,1.401146411895752,0.42696627974510193,1.397934913635254,0.42696627974510193,True,100
chameleon,Sklearn_NeighHet_b200,2,5,MixHop,101,109,9,1.422990322113037,0.4438202381134033,1.4373465776443481,0.3932584226131439,True,100
chameleon,RandomKFold,3,1,MLP,100,114,14,1.4829286336898804,0.3988763988018036,1.4993870258331299,0.35393258929252625,True,100
chameleon,RandomKFold,3,1,MLP,101,112,12,1.5015020370483398,0.3651685416698456,1.499663233757019,0.3651685416698456,True,100
chameleon,RandomKFold,3,1,GCN,101,104,4,1.5495688915252686,0.38764044642448425,1.5060949325561523,0.3595505654811859,True,100
chameleon,RandomKFold,3,1,GCN,100,104,4,1.5513790845870972,0.3932584226131439,1.509101152420044,0.4438202381134033,True,100
chameleon,RandomKFold,3,1,GAT,101,105,5,1.469987392425537,0.3820224702358246,1.3925803899765015,0.40449437499046326,True,100
chameleon,RandomKFold,3,1,GAT,100,169,69,1.4690773487091064,0.3932584226131439,1.423091173171997,0.4606741666793823,True,100
chameleon,RandomKFold,3,1,SAGE,100,105,5,1.4270356893539429,0.3764044940471649,1.3795280456542969,0.43820226192474365,True,100
chameleon,RandomKFold,3,1,SAGE,101,105,5,1.4378328323364258,0.3764044940471649,1.3844590187072754,0.449438214302063,True,100
chameleon,RandomKFold,3,1,GPRGNN,100,110,10,1.5435770750045776,0.3764044940471649,1.4710561037063599,0.4325842559337616,True,100
chameleon,RandomKFold,3,1,GPRGNN,101,109,9,1.5436946153640747,0.38764044642448425,1.4799236059188843,0.449438214302063,True,100
chameleon,RandomKFold,3,1,H2GCN,100,121,21,1.432563066482544,0.3595505654811859,1.3902820348739624,0.449438214302063,True,100
chameleon,RandomKFold,3,1,H2GCN,101,129,29,1.4339683055877686,0.38764044642448425,1.3779419660568237,0.45505619049072266,True,100
chameleon,RandomKFold,3,2,MLP,100,115,15,1.375796914100647,0.42696627974510193,1.4775477647781372,0.4101123511791229,True,100
chameleon,RandomKFold,3,2,MLP,101,114,14,1.378923773765564,0.42696627974510193,1.4838972091674805,0.42696627974510193,True,100
chameleon,RandomKFold,3,2,GCN,100,109,9,1.4824620485305786,0.3988763988018036,1.5858088731765747,0.3820224702358246,True,100
chameleon,RandomKFold,3,2,GCN,101,108,8,1.4817129373550415,0.40449437499046326,1.5990034341812134,0.37078651785850525,True,100
chameleon,RandomKFold,3,2,GAT,100,110,10,1.4190714359283447,0.38764044642448425,1.5033173561096191,0.37078651785850525,True,100
chameleon,RandomKFold,3,2,GAT,101,105,5,1.417633056640625,0.40449437499046326,1.4728875160217285,0.3764044940471649,True,100
chameleon,RandomKFold,3,2,SAGE,100,108,8,1.3324836492538452,0.449438214302063,1.4913642406463623,0.3820224702358246,True,100
chameleon,RandomKFold,3,2,SAGE,101,108,8,1.2900543212890625,0.483146071434021,1.4962360858917236,0.3932584226131439,True,100
chameleon,RandomKFold,3,1,MixHop,100,106,6,1.5079900026321411,0.3932584226131439,1.4384568929672241,0.43820226192474365,True,100
chameleon,RandomKFold,3,2,GPRGNN,100,115,15,1.444689154624939,0.38764044642448425,1.6469999551773071,0.3651685416698456,True,100
chameleon,RandomKFold,3,1,MixHop,101,107,7,1.4984608888626099,0.40449437499046326,1.4373550415039062,0.4438202381134033,True,100
chameleon,RandomKFold,3,2,GPRGNN,101,113,13,1.4530863761901855,0.38764044642448425,1.6085318326950073,0.4325842559337616,True,100
chameleon,RandomKFold,3,2,H2GCN,100,131,31,1.3794533014297485,0.4325842559337616,1.4743170738220215,0.3595505654811859,True,100
chameleon,RandomKFold,3,3,MLP,100,114,14,1.4288777112960815,0.4157303273677826,1.4162490367889404,0.4101123511791229,True,100
chameleon,RandomKFold,3,3,MLP,101,114,14,1.3866599798202515,0.4157303273677826,1.4176470041275024,0.42134830355644226,True,100
chameleon,RandomKFold,3,2,H2GCN,101,134,34,1.3752905130386353,0.45505619049072266,1.490234375,0.3595505654811859,True,100
chameleon,RandomKFold,3,3,GCN,100,105,5,1.472084641456604,0.3764044940471649,1.4969528913497925,0.42134830355644226,True,100
chameleon,RandomKFold,3,3,GCN,101,107,7,1.4618585109710693,0.3820224702358246,1.4874745607376099,0.4101123511791229,True,100
chameleon,RandomKFold,3,3,GAT,100,160,60,1.453715443611145,0.40449437499046326,1.4714937210083008,0.4157303273677826,True,100
chameleon,RandomKFold,3,3,GAT,101,127,27,1.4245445728302002,0.3651685416698456,1.4656587839126587,0.40449437499046326,True,100
chameleon,RandomKFold,3,3,SAGE,100,105,5,1.3754528760910034,0.3932584226131439,1.3772733211517334,0.42696627974510193,True,100
chameleon,RandomKFold,3,3,SAGE,101,106,6,1.3672794103622437,0.3988763988018036,1.3351142406463623,0.47752809524536133,True,100
chameleon,RandomKFold,3,2,MixHop,101,112,12,1.3936715126037598,0.449438214302063,1.5163170099258423,0.3820224702358246,True,100
chameleon,RandomKFold,3,2,MixHop,100,112,12,1.3904002904891968,0.4325842559337616,1.5488699674606323,0.3932584226131439,True,100
chameleon,RandomKFold,3,3,GPRGNN,101,108,8,1.4747474193572998,0.3988763988018036,1.493431806564331,0.42696627974510193,True,100
chameleon,RandomKFold,3,3,GPRGNN,100,118,18,1.468681812286377,0.3988763988018036,1.429604172706604,0.3932584226131439,True,100
chameleon,RandomKFold,3,3,H2GCN,100,126,26,1.4123525619506836,0.3764044940471649,1.4217256307601929,0.3988763988018036,True,100
chameleon,RandomKFold,3,3,H2GCN,101,127,27,1.4201068878173828,0.37078651785850525,1.4222112894058228,0.3820224702358246,True,100
chameleon,RandomKFold,3,4,MLP,100,115,15,1.4307224750518799,0.3932584226131439,1.4062044620513916,0.4157303273677826,True,100
chameleon,RandomKFold,3,4,MLP,101,114,14,1.4125875234603882,0.449438214302063,1.3725346326828003,0.42696627974510193,True,100
chameleon,RandomKFold,3,4,GCN,100,111,11,1.4480035305023193,0.4325842559337616,1.474164605140686,0.3764044940471649,True,100
chameleon,RandomKFold,3,4,GCN,101,111,11,1.4432247877120972,0.4157303273677826,1.472497820854187,0.40449437499046326,True,100
chameleon,RandomKFold,3,4,GAT,100,114,14,1.4039397239685059,0.42134830355644226,1.432460904121399,0.3426966369152069,True,100
chameleon,RandomKFold,3,4,GAT,101,112,12,1.3835026025772095,0.42696627974510193,1.4137133359909058,0.38764044642448425,True,100
chameleon,RandomKFold,3,4,SAGE,100,105,5,1.3835092782974243,0.4325842559337616,1.3782881498336792,0.3932584226131439,True,100
chameleon,RandomKFold,3,4,SAGE,101,106,6,1.3860254287719727,0.42696627974510193,1.374229907989502,0.3764044940471649,True,100
chameleon,RandomKFold,3,3,MixHop,101,111,11,1.40008544921875,0.4101123511791229,1.4293595552444458,0.4325842559337616,True,100
chameleon,RandomKFold,3,3,MixHop,100,112,12,1.3995879888534546,0.3988763988018036,1.4494044780731201,0.4438202381134033,True,100
chameleon,RandomKFold,3,4,GPRGNN,100,120,20,1.3953454494476318,0.4606741666793823,1.5014146566390991,0.3932584226131439,True,100
chameleon,RandomKFold,3,4,GPRGNN,101,121,21,1.3616957664489746,0.4325842559337616,1.4716604948043823,0.43820226192474365,True,100
chameleon,RandomKFold,3,4,H2GCN,100,125,25,1.4357982873916626,0.3651685416698456,1.3956947326660156,0.3820224702358246,True,100
chameleon,RandomKFold,3,4,H2GCN,101,124,24,1.4326616525650024,0.3651685416698456,1.4059046506881714,0.35393258929252625,True,100
chameleon,RandomKFold,3,5,MLP,100,113,13,1.5184599161148071,0.35393258929252625,1.393968105316162,0.4438202381134033,True,100
chameleon,RandomKFold,3,5,MLP,101,113,13,1.4971431493759155,0.3314606845378876,1.3884739875793457,0.47191011905670166,True,100
chameleon,RandomKFold,3,5,GCN,100,110,10,1.4744590520858765,0.449438214302063,1.4960166215896606,0.40449437499046326,True,100
chameleon,RandomKFold,3,5,GCN,101,111,11,1.457309365272522,0.4606741666793823,1.4783633947372437,0.4438202381134033,True,100
chameleon,RandomKFold,3,5,GAT,100,107,7,1.3941917419433594,0.4157303273677826,1.421166181564331,0.38764044642448425,True,100
chameleon,RandomKFold,3,5,GAT,101,115,15,1.3988687992095947,0.4438202381134033,1.4315229654312134,0.4157303273677826,True,100
chameleon,RandomKFold,3,5,SAGE,100,106,6,1.4008877277374268,0.40449437499046326,1.3703004121780396,0.4325842559337616,True,100
chameleon,RandomKFold,3,5,SAGE,101,107,7,1.409242033958435,0.4101123511791229,1.3843235969543457,0.4438202381134033,True,100
chameleon,RandomKFold,3,4,MixHop,101,111,11,1.4061808586120605,0.449438214302063,1.4296762943267822,0.42696627974510193,True,100
chameleon,RandomKFold,3,4,MixHop,100,115,15,1.3276771306991577,0.5,1.4354792833328247,0.40449437499046326,True,100
chameleon,RandomKFold,3,5,GPRGNN,100,122,22,1.4403165578842163,0.4438202381134033,1.422211766242981,0.42134830355644226,True,100
chameleon,RandomKFold,3,5,GPRGNN,101,115,15,1.4401413202285767,0.42696627974510193,1.4196460247039795,0.40449437499046326,True,100
chameleon,RandomKFold,3,5,H2GCN,100,124,24,1.414243221282959,0.3764044940471649,1.4061620235443115,0.3988763988018036,True,100
chameleon,RandomKFold,3,5,H2GCN,101,124,24,1.4113445281982422,0.38764044642448425,1.4007019996643066,0.3932584226131439,True,100
chameleon,RandomKFold,3,5,MixHop,100,111,11,1.3696401119232178,0.43820226192474365,1.3642431497573853,0.47752809524536133,True,100
chameleon,RandomKFold,3,5,MixHop,101,113,13,1.3907541036605835,0.47191011905670166,1.4217513799667358,0.4325842559337616,True,100
chameleon,LabelStratifiedKFold,3,1,MLP,100,116,16,1.4167466163635254,0.4438202381134033,1.401424765586853,0.4438202381134033,True,100
chameleon,LabelStratifiedKFold,3,1,MLP,101,116,16,1.389039158821106,0.45505619049072266,1.3554719686508179,0.42134830355644226,True,100
chameleon,LabelStratifiedKFold,3,1,GCN,100,106,6,1.4792221784591675,0.3932584226131439,1.4697442054748535,0.43820226192474365,True,100
chameleon,LabelStratifiedKFold,3,1,GCN,101,108,8,1.4677308797836304,0.42134830355644226,1.4625279903411865,0.449438214302063,True,100
chameleon,LabelStratifiedKFold,3,1,GAT,100,110,10,1.386486530303955,0.40449437499046326,1.4303637742996216,0.4101123511791229,True,100
chameleon,LabelStratifiedKFold,3,1,GAT,101,191,91,1.3945335149765015,0.4438202381134033,1.5229140520095825,0.42696627974510193,True,100
chameleon,LabelStratifiedKFold,3,1,SAGE,100,105,5,1.3537330627441406,0.45505619049072266,1.4029496908187866,0.4101123511791229,True,100
chameleon,LabelStratifiedKFold,3,1,SAGE,101,106,6,1.3355666399002075,0.43820226192474365,1.4033006429672241,0.40449437499046326,True,100
chameleon,LabelStratifiedKFold,3,1,GPRGNN,100,116,16,1.4183950424194336,0.4438202381134033,1.4206852912902832,0.42134830355644226,True,100
chameleon,LabelStratifiedKFold,3,1,GPRGNN,101,114,14,1.4333354234695435,0.42696627974510193,1.4258449077606201,0.4101123511791229,True,100
chameleon,LabelStratifiedKFold,3,1,H2GCN,100,130,30,1.2968999147415161,0.48876404762268066,1.392006516456604,0.3820224702358246,True,100
chameleon,LabelStratifiedKFold,3,1,H2GCN,101,130,30,1.3030894994735718,0.483146071434021,1.3885999917984009,0.38764044642448425,True,100
chameleon,LabelStratifiedKFold,3,2,MLP,100,115,15,1.4260860681533813,0.449438214302063,1.4096097946166992,0.43820226192474365,True,100
chameleon,LabelStratifiedKFold,3,2,MLP,101,114,14,1.4101873636245728,0.4101123511791229,1.3949297666549683,0.4438202381134033,True,100
chameleon,LabelStratifiedKFold,3,2,GCN,100,107,7,1.4579282999038696,0.4157303273677826,1.4940681457519531,0.37078651785850525,True,100
chameleon,LabelStratifiedKFold,3,2,GCN,101,108,8,1.4430229663848877,0.4157303273677826,1.4830178022384644,0.3595505654811859,True,100
chameleon,LabelStratifiedKFold,3,2,GAT,101,106,6,1.418294072151184,0.4606741666793823,1.4135183095932007,0.3595505654811859,True,100
chameleon,LabelStratifiedKFold,3,2,GAT,100,115,15,1.4117885828018188,0.40449437499046326,1.421683430671692,0.3764044940471649,True,100
chameleon,LabelStratifiedKFold,3,2,SAGE,100,106,6,1.368870735168457,0.4101123511791229,1.3688420057296753,0.3820224702358246,True,100
chameleon,LabelStratifiedKFold,3,2,SAGE,101,107,7,1.3595243692398071,0.40449437499046326,1.3484022617340088,0.3932584226131439,True,100
chameleon,LabelStratifiedKFold,3,1,MixHop,100,110,10,1.362650752067566,0.42696627974510193,1.343956708908081,0.449438214302063,True,100
chameleon,LabelStratifiedKFold,3,2,GPRGNN,100,121,21,1.4406696557998657,0.42134830355644226,1.4749212265014648,0.38764044642448425,True,100
chameleon,LabelStratifiedKFold,3,1,MixHop,101,110,10,1.3731013536453247,0.4438202381134033,1.3791027069091797,0.42134830355644226,True,100
chameleon,LabelStratifiedKFold,3,2,GPRGNN,101,118,18,1.437945008277893,0.4157303273677826,1.4746222496032715,0.3595505654811859,True,100
chameleon,LabelStratifiedKFold,3,2,H2GCN,100,127,27,1.4290739297866821,0.40449437499046326,1.3270078897476196,0.43820226192474365,True,100
chameleon,LabelStratifiedKFold,3,3,MLP,100,114,14,1.4531008005142212,0.38764044642448425,1.4022420644760132,0.466292142868042,True,100
chameleon,LabelStratifiedKFold,3,3,MLP,101,113,13,1.4548509120941162,0.3651685416698456,1.3991689682006836,0.47191011905670166,True,100
chameleon,LabelStratifiedKFold,3,2,H2GCN,101,127,27,1.4322210550308228,0.40449437499046326,1.329321265220642,0.449438214302063,True,100
chameleon,LabelStratifiedKFold,3,3,GCN,100,104,4,1.5356980562210083,0.37078651785850525,1.4703208208084106,0.4101123511791229,True,100
chameleon,LabelStratifiedKFold,3,3,GCN,101,105,5,1.5399702787399292,0.3988763988018036,1.4517993927001953,0.40449437499046326,True,100
chameleon,LabelStratifiedKFold,3,3,GAT,100,102,2,1.5151108503341675,0.3426966369152069,1.4859975576400757,0.3988763988018036,True,100
chameleon,LabelStratifiedKFold,3,3,GAT,101,103,3,1.4832087755203247,0.3820224702358246,1.4338786602020264,0.3988763988018036,True,100
chameleon,LabelStratifiedKFold,3,3,SAGE,100,105,5,1.4113035202026367,0.3932584226131439,1.3437470197677612,0.449438214302063,True,100
chameleon,LabelStratifiedKFold,3,3,SAGE,101,106,6,1.393852949142456,0.4101123511791229,1.3355965614318848,0.42134830355644226,True,100
chameleon,LabelStratifiedKFold,3,2,MixHop,101,111,11,1.3805540800094604,0.4325842559337616,1.4051562547683716,0.4438202381134033,True,100
chameleon,LabelStratifiedKFold,3,2,MixHop,100,111,11,1.2936491966247559,0.4325842559337616,1.3626911640167236,0.42696627974510193,True,100
chameleon,LabelStratifiedKFold,3,3,GPRGNN,100,109,9,1.5221924781799316,0.3595505654811859,1.4680109024047852,0.3820224702358246,True,100
chameleon,LabelStratifiedKFold,3,3,GPRGNN,101,109,9,1.5127418041229248,0.3820224702358246,1.4452933073043823,0.42696627974510193,True,100
chameleon,LabelStratifiedKFold,3,3,H2GCN,100,124,24,1.4386945962905884,0.3820224702358246,1.3839553594589233,0.42134830355644226,True,100
chameleon,LabelStratifiedKFold,3,3,H2GCN,101,123,23,1.4487324953079224,0.3820224702358246,1.395444393157959,0.42134830355644226,True,100
chameleon,LabelStratifiedKFold,3,4,MLP,100,116,16,1.3955376148223877,0.42134830355644226,1.4743911027908325,0.3932584226131439,True,100
chameleon,LabelStratifiedKFold,3,4,MLP,101,117,17,1.3660298585891724,0.43820226192474365,1.4828523397445679,0.37078651785850525,True,100
chameleon,LabelStratifiedKFold,3,4,GCN,100,110,10,1.4937834739685059,0.4325842559337616,1.6158815622329712,0.35393258929252625,True,100
chameleon,LabelStratifiedKFold,3,4,GCN,101,109,9,1.4999639987945557,0.42134830355644226,1.6081215143203735,0.3651685416698456,True,100
chameleon,LabelStratifiedKFold,3,4,GAT,101,113,13,1.4219146966934204,0.4101123511791229,1.5339391231536865,0.3595505654811859,True,100
chameleon,LabelStratifiedKFold,3,4,GAT,100,123,23,1.422537088394165,0.40449437499046326,1.6099146604537964,0.3820224702358246,True,100
chameleon,LabelStratifiedKFold,3,4,SAGE,100,108,8,1.426268458366394,0.38764044642448425,1.4733569622039795,0.37078651785850525,True,100
chameleon,LabelStratifiedKFold,3,4,SAGE,101,108,8,1.450762152671814,0.3988763988018036,1.443833827972412,0.3820224702358246,True,100
chameleon,LabelStratifiedKFold,3,3,MixHop,100,106,6,1.487970232963562,0.35393258929252625,1.3911243677139282,0.43820226192474365,True,100
chameleon,LabelStratifiedKFold,3,3,MixHop,101,108,8,1.4743218421936035,0.3820224702358246,1.3721892833709717,0.45505619049072266,True,100
chameleon,LabelStratifiedKFold,3,4,GPRGNN,100,125,25,1.495725154876709,0.42134830355644226,1.6646842956542969,0.42134830355644226,True,100
chameleon,LabelStratifiedKFold,3,4,GPRGNN,101,124,24,1.457105278968811,0.45505619049072266,1.617598056793213,0.38764044642448425,True,100
chameleon,LabelStratifiedKFold,3,4,H2GCN,100,128,28,1.4214584827423096,0.40449437499046326,1.4698551893234253,0.4325842559337616,True,100
chameleon,LabelStratifiedKFold,3,5,MLP,100,114,14,1.4085301160812378,0.42134830355644226,1.4282540082931519,0.4438202381134033,True,100
chameleon,LabelStratifiedKFold,3,5,MLP,101,114,14,1.3852802515029907,0.4325842559337616,1.4299559593200684,0.43820226192474365,True,100
chameleon,LabelStratifiedKFold,3,4,H2GCN,101,130,30,1.4206587076187134,0.3764044940471649,1.4770519733428955,0.40449437499046326,True,100
chameleon,LabelStratifiedKFold,3,5,GCN,100,110,10,1.4478150606155396,0.3932584226131439,1.47978675365448,0.42134830355644226,True,100
chameleon,LabelStratifiedKFold,3,5,GCN,101,111,11,1.4394726753234863,0.3932584226131439,1.4767497777938843,0.4157303273677826,True,100
chameleon,LabelStratifiedKFold,3,5,GAT,100,125,25,1.4096870422363281,0.4157303273677826,1.4377604722976685,0.3932584226131439,True,100
chameleon,LabelStratifiedKFold,3,5,GAT,101,122,22,1.4198634624481201,0.40449437499046326,1.4068654775619507,0.42134830355644226,True,100
chameleon,LabelStratifiedKFold,3,5,SAGE,100,105,5,1.399628758430481,0.42696627974510193,1.4221688508987427,0.3764044940471649,True,100
chameleon,LabelStratifiedKFold,3,5,SAGE,101,106,6,1.3950845003128052,0.4157303273677826,1.4434257745742798,0.3820224702358246,True,100
chameleon,LabelStratifiedKFold,3,4,MixHop,101,110,10,1.4390239715576172,0.4325842559337616,1.5263104438781738,0.3988763988018036,True,100
chameleon,LabelStratifiedKFold,3,4,MixHop,100,112,12,1.376734733581543,0.466292142868042,1.6532201766967773,0.4157303273677826,True,100
chameleon,LabelStratifiedKFold,3,5,GPRGNN,100,123,23,1.3919514417648315,0.3988763988018036,1.424025058746338,0.4438202381134033,True,100
chameleon,LabelStratifiedKFold,3,5,GPRGNN,101,119,19,1.4133728742599487,0.38764044642448425,1.4705294370651245,0.4157303273677826,True,100
chameleon,LabelStratifiedKFold,3,5,H2GCN,100,124,24,1.3895984888076782,0.3820224702358246,1.4432767629623413,0.37078651785850525,True,100
chameleon,LabelStratifiedKFold,3,5,H2GCN,101,124,24,1.392439603805542,0.3988763988018036,1.4444478750228882,0.3932584226131439,True,100
chameleon,LabelStratifiedKFold,3,5,MixHop,100,111,11,1.3409944772720337,0.4606741666793823,1.3782519102096558,0.466292142868042,True,100
chameleon,LabelStratifiedKFold,3,5,MixHop,101,111,11,1.3614908456802368,0.4157303273677826,1.425883412361145,0.40449437499046326,True,100
chameleon,Sklearn_NeighHet_b200,3,1,MLP,100,115,15,1.4533199071884155,0.40449437499046326,1.4359757900238037,0.38764044642448425,True,100
chameleon,Sklearn_NeighHet_b200,3,1,MLP,101,116,16,1.395654559135437,0.4101123511791229,1.4296741485595703,0.4157303273677826,True,100
chameleon,Sklearn_NeighHet_b200,3,1,GCN,100,112,12,1.483420729637146,0.42134830355644226,1.5222175121307373,0.3932584226131439,True,100
chameleon,Sklearn_NeighHet_b200,3,1,GCN,101,118,18,1.4575324058532715,0.42134830355644226,1.5380080938339233,0.4101123511791229,True,100
chameleon,Sklearn_NeighHet_b200,3,1,GAT,100,117,17,1.4231539964675903,0.42134830355644226,1.4379823207855225,0.40449437499046326,True,100
chameleon,Sklearn_NeighHet_b200,3,1,GAT,101,128,28,1.4115166664123535,0.3988763988018036,1.4362962245941162,0.38764044642448425,True,100
chameleon,Sklearn_NeighHet_b200,3,1,SAGE,100,105,5,1.3899048566818237,0.4438202381134033,1.4402107000350952,0.38764044642448425,True,100
chameleon,Sklearn_NeighHet_b200,3,1,SAGE,101,105,5,1.4343070983886719,0.3764044940471649,1.4461791515350342,0.3988763988018036,True,100
chameleon,Sklearn_NeighHet_b200,3,1,GPRGNN,100,127,27,1.4372367858886719,0.449438214302063,1.4721150398254395,0.4101123511791229,True,100
chameleon,Sklearn_NeighHet_b200,3,1,GPRGNN,101,129,29,1.4364742040634155,0.4438202381134033,1.543118953704834,0.4157303273677826,True,100
chameleon,Sklearn_NeighHet_b200,3,1,H2GCN,100,128,28,1.434753656387329,0.3595505654811859,1.4028301239013672,0.3483146131038666,True,100
chameleon,Sklearn_NeighHet_b200,3,1,H2GCN,101,127,27,1.4432774782180786,0.3595505654811859,1.4093619585037231,0.35393258929252625,True,100
chameleon,Sklearn_NeighHet_b200,3,2,MLP,100,116,16,1.3879221677780151,0.4438202381134033,1.4674773216247559,0.3988763988018036,True,100
chameleon,Sklearn_NeighHet_b200,3,2,MLP,101,116,16,1.3745185136795044,0.4438202381134033,1.4444944858551025,0.40449437499046326,True,100
chameleon,Sklearn_NeighHet_b200,3,2,GCN,100,108,8,1.4773144721984863,0.4157303273677826,1.4807593822479248,0.4157303273677826,True,100
chameleon,Sklearn_NeighHet_b200,3,2,GCN,101,108,8,1.4869643449783325,0.40449437499046326,1.4846023321151733,0.3988763988018036,True,100
chameleon,Sklearn_NeighHet_b200,3,2,GAT,100,108,8,1.3916938304901123,0.4101123511791229,1.4534896612167358,0.3988763988018036,True,100
chameleon,Sklearn_NeighHet_b200,3,2,GAT,101,106,6,1.3786565065383911,0.449438214302063,1.4455926418304443,0.3651685416698456,True,100
chameleon,Sklearn_NeighHet_b200,3,2,SAGE,100,108,8,1.3133145570755005,0.40449437499046326,1.408787727355957,0.42696627974510193,True,100
chameleon,Sklearn_NeighHet_b200,3,2,SAGE,101,108,8,1.3170037269592285,0.45505619049072266,1.4256224632263184,0.4101123511791229,True,100
chameleon,Sklearn_NeighHet_b200,3,1,MixHop,100,109,9,1.4447141885757446,0.42134830355644226,1.4613841772079468,0.40449437499046326,True,100
chameleon,Sklearn_NeighHet_b200,3,1,MixHop,101,109,9,1.4509966373443604,0.3820224702358246,1.4729242324829102,0.3764044940471649,True,100
chameleon,Sklearn_NeighHet_b200,3,2,GPRGNN,100,123,23,1.4506546258926392,0.42134830355644226,1.4706684350967407,0.38764044642448425,True,100
chameleon,Sklearn_NeighHet_b200,3,2,GPRGNN,101,113,13,1.4407521486282349,0.4101123511791229,1.4859271049499512,0.37078651785850525,True,100
chameleon,Sklearn_NeighHet_b200,3,2,H2GCN,101,124,24,1.3859412670135498,0.449438214302063,1.4088685512542725,0.40449437499046326,True,100
chameleon,Sklearn_NeighHet_b200,3,2,H2GCN,100,130,30,1.3843638896942139,0.4606741666793823,1.4030343294143677,0.42696627974510193,True,100
chameleon,Sklearn_NeighHet_b200,3,3,MLP,100,115,15,1.4369703531265259,0.4157303273677826,1.4000202417373657,0.4325842559337616,True,100
chameleon,Sklearn_NeighHet_b200,3,3,MLP,101,114,14,1.4191588163375854,0.449438214302063,1.4004658460617065,0.43820226192474365,True,100
chameleon,Sklearn_NeighHet_b200,3,3,GCN,100,105,5,1.4570977687835693,0.42696627974510193,1.474589467048645,0.38764044642448425,True,100
chameleon,Sklearn_NeighHet_b200,3,3,GCN,101,106,6,1.4482104778289795,0.449438214302063,1.4664342403411865,0.3988763988018036,True,100
chameleon,Sklearn_NeighHet_b200,3,3,GAT,100,106,6,1.3761409521102905,0.40449437499046326,1.3920663595199585,0.3820224702358246,True,100
chameleon,Sklearn_NeighHet_b200,3,3,GAT,101,104,4,1.3762500286102295,0.4157303273677826,1.3993147611618042,0.4101123511791229,True,100
chameleon,Sklearn_NeighHet_b200,3,3,SAGE,100,105,5,1.312082052230835,0.42696627974510193,1.3438595533370972,0.42696627974510193,True,100
chameleon,Sklearn_NeighHet_b200,3,3,SAGE,101,106,6,1.2776494026184082,0.449438214302063,1.309714436531067,0.466292142868042,True,100
chameleon,Sklearn_NeighHet_b200,3,2,MixHop,100,110,10,1.349267601966858,0.4606741666793823,1.463327169418335,0.4438202381134033,True,100
chameleon,Sklearn_NeighHet_b200,3,2,MixHop,101,110,10,1.3736164569854736,0.449438214302063,1.4511269330978394,0.4101123511791229,True,100
chameleon,Sklearn_NeighHet_b200,3,3,GPRGNN,100,111,11,1.4171117544174194,0.4325842559337616,1.4467730522155762,0.3932584226131439,True,100
chameleon,Sklearn_NeighHet_b200,3,3,GPRGNN,101,113,13,1.4151417016983032,0.3932584226131439,1.4173206090927124,0.3988763988018036,True,100
chameleon,Sklearn_NeighHet_b200,3,3,H2GCN,100,127,27,1.3576114177703857,0.42134830355644226,1.3928523063659668,0.4101123511791229,True,100
chameleon,Sklearn_NeighHet_b200,3,3,H2GCN,101,128,28,1.32948899269104,0.45505619049072266,1.3789268732070923,0.45505619049072266,True,100
chameleon,Sklearn_NeighHet_b200,3,4,MLP,100,115,15,1.417328953742981,0.42134830355644226,1.4185497760772705,0.4157303273677826,True,100
chameleon,Sklearn_NeighHet_b200,3,4,MLP,101,114,14,1.3893181085586548,0.43820226192474365,1.4088449478149414,0.4157303273677826,True,100
chameleon,Sklearn_NeighHet_b200,3,4,GCN,100,106,6,1.4881281852722168,0.37078651785850525,1.452187180519104,0.42134830355644226,True,100
chameleon,Sklearn_NeighHet_b200,3,4,GCN,101,107,7,1.4808090925216675,0.3764044940471649,1.4435316324234009,0.449438214302063,True,100
chameleon,Sklearn_NeighHet_b200,3,4,GAT,100,122,22,1.4701721668243408,0.3764044940471649,1.3763527870178223,0.4606741666793823,True,100
chameleon,Sklearn_NeighHet_b200,3,4,GAT,101,127,27,1.462762713432312,0.3820224702358246,1.364662528038025,0.4438202381134033,True,100
chameleon,Sklearn_NeighHet_b200,3,4,SAGE,100,105,5,1.4029872417449951,0.3988763988018036,1.315483808517456,0.4325842559337616,True,100
chameleon,Sklearn_NeighHet_b200,3,4,SAGE,101,106,6,1.3899959325790405,0.4101123511791229,1.285385012626648,0.45505619049072266,True,100
chameleon,Sklearn_NeighHet_b200,3,3,MixHop,100,109,9,1.3283495903015137,0.483146071434021,1.301908016204834,0.5,True,100
chameleon,Sklearn_NeighHet_b200,3,3,MixHop,101,110,10,1.3381266593933105,0.45505619049072266,1.3304928541183472,0.466292142868042,True,100
chameleon,Sklearn_NeighHet_b200,3,4,GPRGNN,100,111,11,1.4870346784591675,0.3595505654811859,1.4029902219772339,0.4325842559337616,True,100
chameleon,Sklearn_NeighHet_b200,3,4,GPRGNN,101,111,11,1.4905215501785278,0.35393258929252625,1.4123948812484741,0.4157303273677826,True,100
chameleon,Sklearn_NeighHet_b200,3,4,H2GCN,100,129,29,1.4243552684783936,0.3651685416698456,1.3398271799087524,0.42696627974510193,True,100
chameleon,Sklearn_NeighHet_b200,3,5,MLP,100,114,14,1.4360307455062866,0.42134830355644226,1.3999321460723877,0.4438202381134033,True,100
chameleon,Sklearn_NeighHet_b200,3,4,H2GCN,101,128,28,1.437649130821228,0.38764044642448425,1.331955075263977,0.4325842559337616,True,100
chameleon,Sklearn_NeighHet_b200,3,5,MLP,101,113,13,1.4243971109390259,0.4101123511791229,1.3898224830627441,0.40449437499046326,True,100
chameleon,Sklearn_NeighHet_b200,3,5,GCN,100,111,11,1.4995379447937012,0.42134830355644226,1.534835696220398,0.3651685416698456,True,100
chameleon,Sklearn_NeighHet_b200,3,5,GCN,101,109,9,1.4908086061477661,0.4157303273677826,1.5045677423477173,0.3820224702358246,True,100
chameleon,Sklearn_NeighHet_b200,3,5,GAT,101,113,13,1.4030590057373047,0.40449437499046326,1.4960538148880005,0.3426966369152069,True,100
chameleon,Sklearn_NeighHet_b200,3,5,GAT,100,157,57,1.4029422998428345,0.38764044642448425,1.510035514831543,0.3651685416698456,True,100
chameleon,Sklearn_NeighHet_b200,3,5,SAGE,100,112,12,1.4098423719406128,0.4438202381134033,1.4514155387878418,0.4438202381134033,True,100
chameleon,Sklearn_NeighHet_b200,3,5,SAGE,101,112,12,1.4152551889419556,0.4325842559337616,1.3992066383361816,0.43820226192474365,True,100
chameleon,Sklearn_NeighHet_b200,3,4,MixHop,100,107,7,1.4563915729522705,0.3595505654811859,1.358039379119873,0.48876404762268066,True,100
chameleon,Sklearn_NeighHet_b200,3,4,MixHop,101,110,10,1.4414268732070923,0.42696627974510193,1.3329887390136719,0.4606741666793823,True,100
chameleon,Sklearn_NeighHet_b200,3,5,GPRGNN,100,121,21,1.4439880847930908,0.40449437499046326,1.5520035028457642,0.3988763988018036,True,100
chameleon,Sklearn_NeighHet_b200,3,5,GPRGNN,101,123,23,1.4439729452133179,0.4438202381134033,1.5452930927276611,0.3988763988018036,True,100
chameleon,Sklearn_NeighHet_b200,3,5,H2GCN,100,131,31,1.3736907243728638,0.43820226192474365,1.4518378973007202,0.3988763988018036,True,100
chameleon,Sklearn_NeighHet_b200,3,5,H2GCN,101,131,31,1.3792401552200317,0.4325842559337616,1.4641180038452148,0.3932584226131439,True,100
chameleon,Sklearn_NeighHet_b200,3,5,MixHop,101,110,10,1.4551568031311035,0.3820224702358246,1.4456239938735962,0.4101123511791229,True,100
chameleon,Sklearn_NeighHet_b200,3,5,MixHop,100,113,13,1.3924297094345093,0.40449437499046326,1.5233099460601807,0.42134830355644226,True,100
chameleon,RandomKFold,4,1,MLP,101,115,15,1.4325850009918213,0.4157303273677826,1.347244143486023,0.45505619049072266,True,100
chameleon,RandomKFold,4,1,MLP,100,115,15,1.449852705001831,0.4101123511791229,1.3823835849761963,0.4157303273677826,True,100
chameleon,RandomKFold,4,1,GCN,100,109,9,1.4415397644042969,0.449438214302063,1.5135494470596313,0.37078651785850525,True,100
chameleon,RandomKFold,4,1,GCN,101,112,12,1.4174878597259521,0.48876404762268066,1.5661405324935913,0.3764044940471649,True,100
chameleon,RandomKFold,4,1,GAT,100,120,20,1.3412195444107056,0.4438202381134033,1.4730095863342285,0.35393258929252625,True,100
chameleon,RandomKFold,4,1,GAT,101,145,45,1.3345632553100586,0.45505619049072266,1.4980278015136719,0.37078651785850525,True,100
chameleon,RandomKFold,4,1,SAGE,100,107,7,1.254899263381958,0.47752809524536133,1.417190670967102,0.3764044940471649,True,100
chameleon,RandomKFold,4,1,SAGE,101,108,8,1.277458667755127,0.4606741666793823,1.3694742918014526,0.40449437499046326,True,100
chameleon,RandomKFold,4,1,GPRGNN,100,123,23,1.350212812423706,0.47191011905670166,1.5787873268127441,0.3932584226131439,True,100
chameleon,RandomKFold,4,1,GPRGNN,101,113,13,1.3961350917816162,0.43820226192474365,1.5209602117538452,0.3314606845378876,True,100
chameleon,RandomKFold,4,1,H2GCN,100,119,19,1.3721781969070435,0.4438202381134033,1.4657882452011108,0.33707866072654724,True,100
chameleon,RandomKFold,4,1,H2GCN,101,118,18,1.384019374847412,0.4325842559337616,1.4890016317367554,0.31460675597190857,True,100
chameleon,RandomKFold,4,2,MLP,100,116,16,1.4328086376190186,0.4157303273677826,1.4338088035583496,0.43820226192474365,True,100
chameleon,RandomKFold,4,2,MLP,101,115,15,1.4623690843582153,0.3932584226131439,1.4393274784088135,0.3932584226131439,True,100
chameleon,RandomKFold,4,2,GCN,100,104,4,1.5383051633834839,0.3651685416698456,1.5737779140472412,0.3932584226131439,True,100
chameleon,RandomKFold,4,2,GCN,101,105,5,1.5221933126449585,0.37078651785850525,1.5431076288223267,0.40449437499046326,True,100
chameleon,RandomKFold,4,2,GAT,100,105,5,1.4553629159927368,0.3764044940471649,1.4041111469268799,0.43820226192474365,True,100
chameleon,RandomKFold,4,2,GAT,101,104,4,1.4458701610565186,0.38764044642448425,1.3965269327163696,0.449438214302063,True,100
chameleon,RandomKFold,4,2,SAGE,100,106,6,1.370781421661377,0.4157303273677826,1.2735469341278076,0.48876404762268066,True,100
chameleon,RandomKFold,4,2,SAGE,101,106,6,1.3681156635284424,0.40449437499046326,1.2966502904891968,0.45505619049072266,True,100
chameleon,RandomKFold,4,1,MixHop,100,113,13,1.2551448345184326,0.483146071434021,1.4897143840789795,0.3988763988018036,True,100
chameleon,RandomKFold,4,1,MixHop,101,113,13,1.3293702602386475,0.5112359523773193,1.5083683729171753,0.40449437499046326,True,100
chameleon,RandomKFold,4,2,GPRGNN,100,111,11,1.4796086549758911,0.37078651785850525,1.4694340229034424,0.4101123511791229,True,100
chameleon,RandomKFold,4,2,GPRGNN,101,111,11,1.4892792701721191,0.3820224702358246,1.4745960235595703,0.4157303273677826,True,100
chameleon,RandomKFold,4,2,H2GCN,100,126,26,1.3978675603866577,0.3932584226131439,1.3773692846298218,0.4157303273677826,True,100
chameleon,RandomKFold,4,3,MLP,100,113,13,1.4561004638671875,0.42134830355644226,1.4735496044158936,0.38764044642448425,True,100
chameleon,RandomKFold,4,2,H2GCN,101,126,26,1.40248703956604,0.4101123511791229,1.3859297037124634,0.4101123511791229,True,100
chameleon,RandomKFold,4,3,MLP,101,113,13,1.4114588499069214,0.3932584226131439,1.443061113357544,0.42134830355644226,True,100
chameleon,RandomKFold,4,3,GCN,100,112,12,1.4629179239273071,0.4325842559337616,1.6096601486206055,0.3820224702358246,True,100
chameleon,RandomKFold,4,3,GCN,101,107,7,1.4526172876358032,0.38764044642448425,1.5225070714950562,0.3820224702358246,True,100
chameleon,RandomKFold,4,3,GAT,100,111,11,1.4382526874542236,0.37078651785850525,1.4977312088012695,0.3651685416698456,True,100
chameleon,RandomKFold,4,3,GAT,101,110,10,1.4206082820892334,0.40449437499046326,1.4767647981643677,0.3483146131038666,True,100
chameleon,RandomKFold,4,3,SAGE,100,104,4,1.4252668619155884,0.42696627974510193,1.3967576026916504,0.38764044642448425,True,100
chameleon,RandomKFold,4,3,SAGE,101,105,5,1.4036989212036133,0.42134830355644226,1.3711711168289185,0.38764044642448425,True,100
chameleon,RandomKFold,4,2,MixHop,100,107,7,1.4857869148254395,0.37078651785850525,1.4210374355316162,0.43820226192474365,True,100
chameleon,RandomKFold,4,2,MixHop,101,107,7,1.4643203020095825,0.3595505654811859,1.4194836616516113,0.47191011905670166,True,100
chameleon,RandomKFold,4,3,GPRGNN,100,118,18,1.4301446676254272,0.4325842559337616,1.506722092628479,0.37078651785850525,True,100
chameleon,RandomKFold,4,3,GPRGNN,101,116,16,1.4408714771270752,0.42134830355644226,1.5069924592971802,0.3820224702358246,True,100
chameleon,RandomKFold,4,3,H2GCN,100,128,28,1.420080542564392,0.4101123511791229,1.4035342931747437,0.38764044642448425,True,100
chameleon,RandomKFold,4,3,H2GCN,101,128,28,1.4113246202468872,0.4157303273677826,1.407861351966858,0.3988763988018036,True,100
chameleon,RandomKFold,4,4,MLP,100,115,15,1.4358381032943726,0.3988763988018036,1.408423662185669,0.3932584226131439,True,100
chameleon,RandomKFold,4,4,MLP,101,115,15,1.4370695352554321,0.3820224702358246,1.401354432106018,0.40449437499046326,True,100
chameleon,RandomKFold,4,4,GCN,101,126,26,1.4933205842971802,0.40449437499046326,1.5274176597595215,0.35393258929252625,True,100
chameleon,RandomKFold,4,4,GCN,100,203,103,1.5036144256591797,0.43820226192474365,1.579627275466919,0.3932584226131439,True,100
chameleon,RandomKFold,4,4,GAT,100,235,135,1.4066523313522339,0.3988763988018036,1.4581235647201538,0.37078651785850525,True,100
chameleon,RandomKFold,4,4,GAT,101,190,90,1.424481987953186,0.42696627974510193,1.4935415983200073,0.3820224702358246,True,100
chameleon,RandomKFold,4,4,SAGE,100,105,5,1.4208344221115112,0.40449437499046326,1.4230449199676514,0.4157303273677826,True,100
chameleon,RandomKFold,4,4,SAGE,101,106,6,1.4150636196136475,0.42134830355644226,1.4135266542434692,0.43820226192474365,True,100
chameleon,RandomKFold,4,3,MixHop,100,111,11,1.3607442378997803,0.466292142868042,1.4852982759475708,0.4101123511791229,True,100
chameleon,RandomKFold,4,3,MixHop,101,110,10,1.381421446800232,0.466292142868042,1.4560296535491943,0.3820224702358246,True,100
chameleon,RandomKFold,4,4,GPRGNN,100,123,23,1.5052134990692139,0.3820224702358246,1.445845365524292,0.3764044940471649,True,100
chameleon,RandomKFold,4,4,GPRGNN,101,125,25,1.49676513671875,0.3932584226131439,1.4445146322250366,0.42134830355644226,True,100
chameleon,RandomKFold,4,4,H2GCN,100,131,31,1.418846607208252,0.3988763988018036,1.4216549396514893,0.3932584226131439,True,100
chameleon,RandomKFold,4,4,H2GCN,101,131,31,1.4162054061889648,0.4325842559337616,1.4117048978805542,0.3820224702358246,True,100
chameleon,RandomKFold,4,5,MLP,100,115,15,1.3519902229309082,0.42134830355644226,1.4347429275512695,0.42134830355644226,True,100
chameleon,RandomKFold,4,5,MLP,101,115,15,1.3378034830093384,0.449438214302063,1.4327512979507446,0.40449437499046326,True,100
chameleon,RandomKFold,4,5,GCN,100,105,5,1.497010350227356,0.37078651785850525,1.5434191226959229,0.3932584226131439,True,100
chameleon,RandomKFold,4,5,GCN,101,104,4,1.5344961881637573,0.35393258929252625,1.5617718696594238,0.35393258929252625,True,100
chameleon,RandomKFold,4,5,GAT,100,104,4,1.5056805610656738,0.3426966369152069,1.4977948665618896,0.4325842559337616,True,100
chameleon,RandomKFold,4,5,GAT,101,112,12,1.508906364440918,0.3651685416698456,1.5319777727127075,0.37078651785850525,True,100
chameleon,RandomKFold,4,5,SAGE,100,105,5,1.4187902212142944,0.3932584226131439,1.4586905241012573,0.4101123511791229,True,100
chameleon,RandomKFold,4,5,SAGE,101,111,11,1.4046030044555664,0.4101123511791229,1.5100351572036743,0.4157303273677826,True,100
chameleon,RandomKFold,4,4,MixHop,100,110,10,1.4567277431488037,0.43820226192474365,1.3558933734893799,0.4438202381134033,True,100
chameleon,RandomKFold,4,4,MixHop,101,111,11,1.4224659204483032,0.47752809524536133,1.3561121225357056,0.4438202381134033,True,100
chameleon,RandomKFold,4,5,GPRGNN,100,109,9,1.5162349939346313,0.37078651785850525,1.5438765287399292,0.3932584226131439,True,100
chameleon,RandomKFold,4,5,GPRGNN,101,108,8,1.5004647970199585,0.3595505654811859,1.5375791788101196,0.37078651785850525,True,100
chameleon,RandomKFold,4,5,H2GCN,100,126,26,1.466433048248291,0.32022473216056824,1.4209438562393188,0.42134830355644226,True,100
chameleon,RandomKFold,4,5,H2GCN,101,126,26,1.4755803346633911,0.32022473216056824,1.4286218881607056,0.3932584226131439,True,100
chameleon,RandomKFold,4,5,MixHop,100,107,7,1.4628010988235474,0.3932584226131439,1.4918642044067383,0.3988763988018036,True,100
chameleon,RandomKFold,4,5,MixHop,101,106,6,1.4788482189178467,0.3988763988018036,1.5070481300354004,0.38764044642448425,True,100
chameleon,LabelStratifiedKFold,4,1,MLP,101,113,13,1.4297335147857666,0.35393258929252625,1.4309337139129639,0.42134830355644226,True,100
chameleon,LabelStratifiedKFold,4,1,MLP,100,113,13,1.4578747749328613,0.3764044940471649,1.4436149597167969,0.42696627974510193,True,100
chameleon,LabelStratifiedKFold,4,1,GCN,101,108,8,1.4444890022277832,0.3932584226131439,1.4701118469238281,0.47191011905670166,True,100
chameleon,LabelStratifiedKFold,4,1,GCN,100,112,12,1.4509278535842896,0.40449437499046326,1.499909520149231,0.4606741666793823,True,100
chameleon,LabelStratifiedKFold,4,1,GAT,100,125,25,1.3843607902526855,0.3932584226131439,1.4319356679916382,0.45505619049072266,True,100
chameleon,LabelStratifiedKFold,4,1,GAT,101,129,29,1.386510968208313,0.4606741666793823,1.4739270210266113,0.47752809524536133,True,100
chameleon,LabelStratifiedKFold,4,1,SAGE,101,106,6,1.3246307373046875,0.42696627974510193,1.3274205923080444,0.45505619049072266,True,100
chameleon,LabelStratifiedKFold,4,1,SAGE,100,106,6,1.3321936130523682,0.40449437499046326,1.3334773778915405,0.42696627974510193,True,100
chameleon,LabelStratifiedKFold,4,1,GPRGNN,101,114,14,1.4395747184753418,0.40449437499046326,1.4370055198669434,0.43820226192474365,True,100
chameleon,LabelStratifiedKFold,4,1,GPRGNN,100,117,17,1.4359190464019775,0.3932584226131439,1.4479979276657104,0.4438202381134033,True,100
chameleon,LabelStratifiedKFold,4,1,H2GCN,100,126,26,1.396754264831543,0.3595505654811859,1.42140793800354,0.38764044642448425,True,100
chameleon,LabelStratifiedKFold,4,1,H2GCN,101,127,27,1.3938217163085938,0.3595505654811859,1.4030137062072754,0.3932584226131439,True,100
chameleon,LabelStratifiedKFold,4,2,MLP,100,116,16,1.4383344650268555,0.4325842559337616,1.4192490577697754,0.3932584226131439,True,100
chameleon,LabelStratifiedKFold,4,2,MLP,101,114,14,1.4329617023468018,0.40449437499046326,1.4112492799758911,0.40449437499046326,True,100
chameleon,LabelStratifiedKFold,4,2,GCN,100,106,6,1.4981635808944702,0.40449437499046326,1.4870655536651611,0.3820224702358246,True,100
chameleon,LabelStratifiedKFold,4,2,GCN,101,108,8,1.4827024936676025,0.4101123511791229,1.471976637840271,0.38764044642448425,True,100
chameleon,LabelStratifiedKFold,4,2,GAT,100,105,5,1.444476842880249,0.42134830355644226,1.4316984415054321,0.40449437499046326,True,100
chameleon,LabelStratifiedKFold,4,2,GAT,101,104,4,1.4342464208602905,0.40449437499046326,1.4398589134216309,0.3932584226131439,True,100
chameleon,LabelStratifiedKFold,4,2,SAGE,100,105,5,1.435157299041748,0.40449437499046326,1.3413937091827393,0.3988763988018036,True,100
chameleon,LabelStratifiedKFold,4,2,SAGE,101,106,6,1.4142643213272095,0.4438202381134033,1.2999011278152466,0.4325842559337616,True,100
chameleon,LabelStratifiedKFold,4,1,MixHop,100,110,10,1.3950663805007935,0.4101123511791229,1.3927799463272095,0.42134830355644226,True,100
chameleon,LabelStratifiedKFold,4,1,MixHop,101,110,10,1.3872326612472534,0.42696627974510193,1.3646184206008911,0.47191011905670166,True,100
chameleon,LabelStratifiedKFold,4,2,GPRGNN,100,112,12,1.4509066343307495,0.42696627974510193,1.4636650085449219,0.3820224702358246,True,100
chameleon,LabelStratifiedKFold,4,2,GPRGNN,101,113,13,1.4692226648330688,0.3932584226131439,1.4666274785995483,0.3595505654811859,True,100
chameleon,LabelStratifiedKFold,4,2,H2GCN,100,132,32,1.3880207538604736,0.4101123511791229,1.363283395767212,0.42696627974510193,True,100
chameleon,LabelStratifiedKFold,4,2,H2GCN,101,132,32,1.3853317499160767,0.3988763988018036,1.3621715307235718,0.45505619049072266,True,100
chameleon,LabelStratifiedKFold,4,3,MLP,100,113,13,1.4864658117294312,0.35393258929252625,1.435382604598999,0.449438214302063,True,100
chameleon,LabelStratifiedKFold,4,3,MLP,101,113,13,1.4590662717819214,0.3258427083492279,1.4183720350265503,0.4157303273677826,True,100
chameleon,LabelStratifiedKFold,4,3,GCN,100,107,7,1.494232177734375,0.3595505654811859,1.4770116806030273,0.3820224702358246,True,100
chameleon,LabelStratifiedKFold,4,3,GCN,101,108,8,1.500555157661438,0.37078651785850525,1.4569525718688965,0.40449437499046326,True,100
chameleon,LabelStratifiedKFold,4,3,GAT,101,110,10,1.409115195274353,0.40449437499046326,1.433303952217102,0.3595505654811859,True,100
chameleon,LabelStratifiedKFold,4,3,GAT,100,124,24,1.427971601486206,0.37078651785850525,1.463814377784729,0.3483146131038666,True,100
chameleon,LabelStratifiedKFold,4,3,SAGE,101,106,6,1.4023476839065552,0.4157303273677826,1.4411606788635254,0.3932584226131439,True,100
chameleon,LabelStratifiedKFold,4,3,SAGE,100,109,9,1.3863346576690674,0.3932584226131439,1.4811604022979736,0.3988763988018036,True,100
chameleon,LabelStratifiedKFold,4,2,MixHop,101,109,9,1.418405294418335,0.42134830355644226,1.3928292989730835,0.4157303273677826,True,100
chameleon,LabelStratifiedKFold,4,2,MixHop,100,110,10,1.3844157457351685,0.42696627974510193,1.3866711854934692,0.4606741666793823,True,100
chameleon,LabelStratifiedKFold,4,3,GPRGNN,100,119,19,1.488479733467102,0.3483146131038666,1.4427976608276367,0.3988763988018036,True,100
chameleon,LabelStratifiedKFold,4,3,GPRGNN,101,117,17,1.4953718185424805,0.38764044642448425,1.4374009370803833,0.4157303273677826,True,100
chameleon,LabelStratifiedKFold,4,3,H2GCN,100,122,22,1.4552009105682373,0.35393258929252625,1.4071245193481445,0.4101123511791229,True,100
chameleon,LabelStratifiedKFold,4,3,H2GCN,101,121,21,1.4448281526565552,0.3595505654811859,1.4196836948394775,0.3932584226131439,True,100
chameleon,LabelStratifiedKFold,4,4,MLP,100,115,15,1.4406287670135498,0.45505619049072266,1.4632216691970825,0.3988763988018036,True,100
chameleon,LabelStratifiedKFold,4,4,MLP,101,114,14,1.4117834568023682,0.4438202381134033,1.4233372211456299,0.38764044642448425,True,100
chameleon,LabelStratifiedKFold,4,4,GCN,100,106,6,1.5370166301727295,0.38764044642448425,1.4858444929122925,0.4101123511791229,True,100
chameleon,LabelStratifiedKFold,4,4,GCN,101,107,7,1.520912766456604,0.3651685416698456,1.4857885837554932,0.4101123511791229,True,100
chameleon,LabelStratifiedKFold,4,4,GAT,100,118,18,1.4709233045578003,0.3820224702358246,1.3992559909820557,0.38764044642448425,True,100
chameleon,LabelStratifiedKFold,4,4,GAT,101,116,16,1.4626262187957764,0.37078651785850525,1.4152387380599976,0.4157303273677826,True,100
chameleon,LabelStratifiedKFold,4,4,SAGE,100,105,5,1.4404524564743042,0.3820224702358246,1.3614732027053833,0.3595505654811859,True,100
chameleon,LabelStratifiedKFold,4,4,SAGE,101,105,5,1.439665675163269,0.3820224702358246,1.3775498867034912,0.40449437499046326,True,100
chameleon,LabelStratifiedKFold,4,3,MixHop,101,110,10,1.4260653257369995,0.38764044642448425,1.3964744806289673,0.3932584226131439,True,100
chameleon,LabelStratifiedKFold,4,3,MixHop,100,112,12,1.384456992149353,0.38764044642448425,1.3954001665115356,0.42134830355644226,True,100
chameleon,LabelStratifiedKFold,4,4,GPRGNN,100,110,10,1.5162409543991089,0.3651685416698456,1.4879902601242065,0.3651685416698456,True,100
chameleon,LabelStratifiedKFold,4,4,GPRGNN,101,132,32,1.5120900869369507,0.4325842559337616,1.5471285581588745,0.3932584226131439,True,100
chameleon,LabelStratifiedKFold,4,4,H2GCN,100,127,27,1.4141912460327148,0.4325842559337616,1.442558765411377,0.40449437499046326,True,100
chameleon,LabelStratifiedKFold,4,5,MLP,100,115,15,1.4024418592453003,0.43820226192474365,1.4552112817764282,0.40449437499046326,True,100
chameleon,LabelStratifiedKFold,4,5,MLP,101,115,15,1.3878904581069946,0.4606741666793823,1.420941948890686,0.4438202381134033,True,100
chameleon,LabelStratifiedKFold,4,4,H2GCN,101,127,27,1.4307373762130737,0.45505619049072266,1.4534298181533813,0.3932584226131439,True,100
chameleon,LabelStratifiedKFold,4,5,GCN,100,107,7,1.4790102243423462,0.43820226192474365,1.5595399141311646,0.35393258929252625,True,100
chameleon,LabelStratifiedKFold,4,5,GCN,101,107,7,1.4907801151275635,0.449438214302063,1.5550388097763062,0.38764044642448425,True,100
chameleon,LabelStratifiedKFold,4,5,GAT,100,109,9,1.423282504081726,0.42696627974510193,1.5492812395095825,0.3483146131038666,True,100
chameleon,LabelStratifiedKFold,4,5,GAT,101,105,5,1.3972331285476685,0.4325842559337616,1.5194135904312134,0.35393258929252625,True,100
chameleon,LabelStratifiedKFold,4,5,SAGE,100,106,6,1.3249627351760864,0.43820226192474365,1.4779213666915894,0.3595505654811859,True,100
chameleon,LabelStratifiedKFold,4,5,SAGE,101,107,7,1.3030972480773926,0.47191011905670166,1.4713820219039917,0.3820224702358246,True,100
chameleon,LabelStratifiedKFold,4,4,MixHop,101,109,9,1.4439724683761597,0.3820224702358246,1.398592233657837,0.42134830355644226,True,100
chameleon,LabelStratifiedKFold,4,4,MixHop,100,112,12,1.4305325746536255,0.449438214302063,1.3475923538208008,0.42134830355644226,True,100
chameleon,LabelStratifiedKFold,4,5,GPRGNN,100,113,13,1.4590623378753662,0.4157303273677826,1.5582181215286255,0.3764044940471649,True,100
chameleon,LabelStratifiedKFold,4,5,GPRGNN,101,111,11,1.4428484439849854,0.4157303273677826,1.5410430431365967,0.3651685416698456,True,100
chameleon,LabelStratifiedKFold,4,5,H2GCN,100,127,27,1.4095609188079834,0.4325842559337616,1.4356040954589844,0.42696627974510193,True,100
chameleon,LabelStratifiedKFold,4,5,H2GCN,101,129,29,1.400073766708374,0.42696627974510193,1.4377822875976562,0.42134830355644226,True,100
chameleon,LabelStratifiedKFold,4,5,MixHop,100,109,9,1.4219191074371338,0.4606741666793823,1.492511510848999,0.3932584226131439,True,100
chameleon,LabelStratifiedKFold,4,5,MixHop,101,110,10,1.380224347114563,0.4438202381134033,1.4910058975219727,0.3932584226131439,True,100
chameleon,Sklearn_NeighHet_b200,4,1,MLP,100,116,16,1.392715334892273,0.4157303273677826,1.4757533073425293,0.33707866072654724,True,100
chameleon,Sklearn_NeighHet_b200,4,1,MLP,101,116,16,1.3846968412399292,0.4606741666793823,1.4483909606933594,0.37078651785850525,True,100
chameleon,Sklearn_NeighHet_b200,4,1,GCN,100,105,5,1.4956481456756592,0.3932584226131439,1.4921613931655884,0.4157303273677826,True,100
chameleon,Sklearn_NeighHet_b200,4,1,GCN,101,106,6,1.5022226572036743,0.4101123511791229,1.4722752571105957,0.42696627974510193,True,100
chameleon,Sklearn_NeighHet_b200,4,1,GAT,101,112,12,1.4272993803024292,0.40449437499046326,1.428551435470581,0.42696627974510193,True,100
chameleon,Sklearn_NeighHet_b200,4,1,GAT,100,114,14,1.4435874223709106,0.4101123511791229,1.4654371738433838,0.40449437499046326,True,100
chameleon,Sklearn_NeighHet_b200,4,1,SAGE,100,105,5,1.3934999704360962,0.40449437499046326,1.396477460861206,0.4325842559337616,True,100
chameleon,Sklearn_NeighHet_b200,4,1,SAGE,101,106,6,1.3756715059280396,0.42696627974510193,1.3762588500976562,0.43820226192474365,True,100
chameleon,Sklearn_NeighHet_b200,4,1,GPRGNN,100,110,10,1.4827357530593872,0.4157303273677826,1.4684886932373047,0.40449437499046326,True,100
chameleon,Sklearn_NeighHet_b200,4,1,GPRGNN,101,109,9,1.4802883863449097,0.4101123511791229,1.480513334274292,0.42134830355644226,True,100
chameleon,Sklearn_NeighHet_b200,4,1,H2GCN,100,131,31,1.3372052907943726,0.4101123511791229,1.3855888843536377,0.42696627974510193,True,100
chameleon,Sklearn_NeighHet_b200,4,1,H2GCN,101,131,31,1.322657585144043,0.47191011905670166,1.377505898475647,0.3932584226131439,True,100
chameleon,Sklearn_NeighHet_b200,4,2,MLP,100,115,15,1.4357179403305054,0.43820226192474365,1.409571647644043,0.47191011905670166,True,100
chameleon,Sklearn_NeighHet_b200,4,2,MLP,101,115,15,1.4131406545639038,0.42134830355644226,1.379535436630249,0.45505619049072266,True,100
chameleon,Sklearn_NeighHet_b200,4,2,GCN,100,108,8,1.487755537033081,0.43820226192474365,1.49347984790802,0.4438202381134033,True,100
chameleon,Sklearn_NeighHet_b200,4,2,GCN,101,112,12,1.4781309366226196,0.4606741666793823,1.4985907077789307,0.43820226192474365,True,100
chameleon,Sklearn_NeighHet_b200,4,2,GAT,100,171,71,1.3329700231552124,0.4606741666793823,1.4615999460220337,0.4101123511791229,True,100
chameleon,Sklearn_NeighHet_b200,4,2,GAT,101,219,119,1.3565627336502075,0.49438202381134033,1.4590414762496948,0.4438202381134033,True,100
chameleon,Sklearn_NeighHet_b200,4,2,SAGE,100,109,9,1.3570882081985474,0.43820226192474365,1.389743447303772,0.47752809524536133,True,100
chameleon,Sklearn_NeighHet_b200,4,2,SAGE,101,106,6,1.3828853368759155,0.4157303273677826,1.3910088539123535,0.4606741666793823,True,100
chameleon,Sklearn_NeighHet_b200,4,1,MixHop,101,110,10,1.401383876800537,0.4101123511791229,1.3526244163513184,0.42134830355644226,True,100
chameleon,Sklearn_NeighHet_b200,4,1,MixHop,100,112,12,1.358100175857544,0.4438202381134033,1.3599148988723755,0.449438214302063,True,100
chameleon,Sklearn_NeighHet_b200,4,2,GPRGNN,100,121,21,1.432232141494751,0.4606741666793823,1.4727087020874023,0.4325842559337616,True,100
chameleon,Sklearn_NeighHet_b200,4,2,GPRGNN,101,120,20,1.4414513111114502,0.45505619049072266,1.4740804433822632,0.4325842559337616,True,100
chameleon,Sklearn_NeighHet_b200,4,2,H2GCN,100,130,30,1.4025219678878784,0.4157303273677826,1.3217264413833618,0.466292142868042,True,100
chameleon,Sklearn_NeighHet_b200,4,3,MLP,100,115,15,1.4291300773620605,0.4101123511791229,1.4162256717681885,0.42696627974510193,True,100
chameleon,Sklearn_NeighHet_b200,4,2,H2GCN,101,128,28,1.4026998281478882,0.42134830355644226,1.316119909286499,0.47752809524536133,True,100
chameleon,Sklearn_NeighHet_b200,4,3,MLP,101,115,15,1.418758511543274,0.42696627974510193,1.3810590505599976,0.42134830355644226,True,100
chameleon,Sklearn_NeighHet_b200,4,3,GCN,100,110,10,1.4696204662322998,0.4157303273677826,1.4976654052734375,0.3932584226131439,True,100
chameleon,Sklearn_NeighHet_b200,4,3,GCN,101,110,10,1.4613659381866455,0.4101123511791229,1.4957404136657715,0.43820226192474365,True,100
chameleon,Sklearn_NeighHet_b200,4,3,GAT,100,132,32,1.399592399597168,0.38764044642448425,1.4319719076156616,0.4101123511791229,True,100
chameleon,Sklearn_NeighHet_b200,4,3,GAT,101,137,37,1.389423131942749,0.3820224702358246,1.4452612400054932,0.42696627974510193,True,100
chameleon,Sklearn_NeighHet_b200,4,3,SAGE,100,106,6,1.3597440719604492,0.4157303273677826,1.3821666240692139,0.42134830355644226,True,100
chameleon,Sklearn_NeighHet_b200,4,3,SAGE,101,106,6,1.370667576789856,0.4157303273677826,1.3753610849380493,0.4101123511791229,True,100
chameleon,Sklearn_NeighHet_b200,4,2,MixHop,100,111,11,1.378575086593628,0.449438214302063,1.3372461795806885,0.4606741666793823,True,100
chameleon,Sklearn_NeighHet_b200,4,2,MixHop,101,111,11,1.3753376007080078,0.449438214302063,1.39714515209198,0.4101123511791229,True,100
chameleon,Sklearn_NeighHet_b200,4,3,GPRGNN,100,115,15,1.445387601852417,0.3820224702358246,1.4603736400604248,0.3988763988018036,True,100
chameleon,Sklearn_NeighHet_b200,4,3,GPRGNN,101,114,14,1.4346427917480469,0.3820224702358246,1.4767286777496338,0.3932584226131439,True,100
chameleon,Sklearn_NeighHet_b200,4,3,H2GCN,100,126,26,1.4279332160949707,0.37078651785850525,1.4149779081344604,0.3932584226131439,True,100
chameleon,Sklearn_NeighHet_b200,4,4,MLP,100,115,15,1.4088047742843628,0.40449437499046326,1.4070988893508911,0.45505619049072266,True,100
chameleon,Sklearn_NeighHet_b200,4,4,MLP,101,115,15,1.3813493251800537,0.4101123511791229,1.4208287000656128,0.42696627974510193,True,100
chameleon,Sklearn_NeighHet_b200,4,3,H2GCN,101,124,24,1.4366122484207153,0.3820224702358246,1.4114093780517578,0.3932584226131439,True,100
chameleon,Sklearn_NeighHet_b200,4,4,GCN,100,106,6,1.5467567443847656,0.3483146131038666,1.5041224956512451,0.3651685416698456,True,100
chameleon,Sklearn_NeighHet_b200,4,4,GCN,101,103,3,1.5468496084213257,0.2977527976036072,1.527634859085083,0.35393258929252625,True,100
chameleon,Sklearn_NeighHet_b200,4,4,GAT,100,106,6,1.4994676113128662,0.33707866072654724,1.4317007064819336,0.35393258929252625,True,100
chameleon,Sklearn_NeighHet_b200,4,4,GAT,101,105,5,1.4838154315948486,0.3651685416698456,1.4250229597091675,0.3483146131038666,True,100
chameleon,Sklearn_NeighHet_b200,4,4,SAGE,100,106,6,1.3969727754592896,0.3595505654811859,1.3404853343963623,0.43820226192474365,True,100
chameleon,Sklearn_NeighHet_b200,4,4,SAGE,101,107,7,1.3503109216690063,0.4101123511791229,1.3683640956878662,0.42696627974510193,True,100
chameleon,Sklearn_NeighHet_b200,4,3,MixHop,100,110,10,1.3735384941101074,0.449438214302063,1.3924778699874878,0.47191011905670166,True,100
chameleon,Sklearn_NeighHet_b200,4,3,MixHop,101,110,10,1.3884468078613281,0.42696627974510193,1.3719627857208252,0.4606741666793823,True,100
chameleon,Sklearn_NeighHet_b200,4,4,GPRGNN,100,110,10,1.522071361541748,0.3426966369152069,1.476028323173523,0.37078651785850525,True,100
chameleon,Sklearn_NeighHet_b200,4,4,GPRGNN,101,110,10,1.516136646270752,0.3483146131038666,1.4743013381958008,0.37078651785850525,True,100
chameleon,Sklearn_NeighHet_b200,4,4,H2GCN,100,129,29,1.4144904613494873,0.43820226192474365,1.4080467224121094,0.4101123511791229,True,100
chameleon,Sklearn_NeighHet_b200,4,4,H2GCN,101,129,29,1.4179021120071411,0.4325842559337616,1.4217497110366821,0.3932584226131439,True,100
chameleon,Sklearn_NeighHet_b200,4,5,MLP,100,116,16,1.4408384561538696,0.40449437499046326,1.4007316827774048,0.42134830355644226,True,100
chameleon,Sklearn_NeighHet_b200,4,5,MLP,101,116,16,1.4019920825958252,0.4101123511791229,1.4019877910614014,0.38764044642448425,True,100
chameleon,Sklearn_NeighHet_b200,4,5,GCN,100,112,12,1.4304580688476562,0.37078651785850525,1.5363655090332031,0.3820224702358246,True,100
chameleon,Sklearn_NeighHet_b200,4,5,GCN,101,112,12,1.4148880243301392,0.42696627974510193,1.5470280647277832,0.3988763988018036,True,100
chameleon,Sklearn_NeighHet_b200,4,5,GAT,100,110,10,1.406471610069275,0.3932584226131439,1.4641224145889282,0.37078651785850525,True,100
chameleon,Sklearn_NeighHet_b200,4,5,GAT,101,111,11,1.394168496131897,0.40449437499046326,1.4615561962127686,0.3820224702358246,True,100
chameleon,Sklearn_NeighHet_b200,4,5,SAGE,100,105,5,1.4040701389312744,0.4438202381134033,1.407644271850586,0.3932584226131439,True,100
chameleon,Sklearn_NeighHet_b200,4,5,SAGE,101,107,7,1.387986183166504,0.449438214302063,1.3377711772918701,0.43820226192474365,True,100
chameleon,Sklearn_NeighHet_b200,4,4,MixHop,101,110,10,1.4670350551605225,0.40449437499046326,1.439825177192688,0.40449437499046326,True,100
chameleon,Sklearn_NeighHet_b200,4,4,MixHop,100,113,13,1.4242744445800781,0.43820226192474365,1.4471310377120972,0.47191011905670166,True,100
chameleon,Sklearn_NeighHet_b200,4,5,GPRGNN,100,120,20,1.3962210416793823,0.42134830355644226,1.5571542978286743,0.3820224702358246,True,100
chameleon,Sklearn_NeighHet_b200,4,5,GPRGNN,101,125,25,1.403412938117981,0.43820226192474365,1.5349184274673462,0.3820224702358246,True,100
chameleon,Sklearn_NeighHet_b200,4,5,H2GCN,100,131,31,1.3808281421661377,0.42134830355644226,1.4582984447479248,0.3820224702358246,True,100
chameleon,Sklearn_NeighHet_b200,4,5,H2GCN,101,131,31,1.3757020235061646,0.42696627974510193,1.4511175155639648,0.3932584226131439,True,100
chameleon,Sklearn_NeighHet_b200,4,5,MixHop,100,112,12,1.3726112842559814,0.4606741666793823,1.4355800151824951,0.43820226192474365,True,100
chameleon,Sklearn_NeighHet_b200,4,5,MixHop,101,111,11,1.3403493165969849,0.42134830355644226,1.4503799676895142,0.3988763988018036,True,100
