Dataset,StratificationType,Fold_Seed,Fold,Model,Init_Seed,Stopped_Epoch,Best_Epoch,Best_Val_Loss,Best_Val_Accuracy,Test_Loss,Test_Accuracy,Stopped_Early,Early_Stopping_Patience
actor,RandomKFold,0,1,MLP,101,120,20,1.403529167175293,0.3546052575111389,1.4132966995239258,0.34473684430122375,True,100
actor,RandomKFold,0,1,MLP,100,120,20,1.404263973236084,0.35197368264198303,1.4058256149291992,0.34934210777282715,True,100
actor,RandomKFold,0,1,GCN,100,189,89,1.515404462814331,0.31842106580734253,1.5378247499465942,0.2947368323802948,True,100
actor,RandomKFold,0,1,GCN,101,246,146,1.5146600008010864,0.31776314973831177,1.5432814359664917,0.28881579637527466,True,100
actor,RandomKFold,0,1,GAT,100,205,105,1.5238715410232544,0.2967105209827423,1.5443761348724365,0.2835526168346405,True,100
actor,RandomKFold,0,1,GAT,101,231,131,1.5243300199508667,0.3032894730567932,1.5405914783477783,0.2967105209827423,True,100
actor,RandomKFold,0,1,SAGE,100,117,17,1.3906971216201782,0.3506578803062439,1.405867576599121,0.3638157844543457,True,100
actor,RandomKFold,0,1,SAGE,101,116,16,1.3889769315719604,0.3486842215061188,1.4028126001358032,0.36710527539253235,True,100
actor,RandomKFold,0,1,GPRGNN,100,200,100,1.396916151046753,0.3638157844543457,1.4120595455169678,0.3546052575111389,True,100
actor,RandomKFold,0,1,GPRGNN,101,291,191,1.4004744291305542,0.3657894730567932,1.4173569679260254,0.3638157844543457,True,100
actor,RandomKFold,0,1,H2GCN,100,148,48,1.4042867422103882,0.35789474844932556,1.4220836162567139,0.3598684072494507,True,100
actor,RandomKFold,0,2,MLP,100,120,20,1.39985990524292,0.3598684072494507,1.4085956811904907,0.34671053290367126,True,100
actor,RandomKFold,0,2,MLP,101,121,21,1.3991409540176392,0.3684210479259491,1.408097267150879,0.339473694562912,True,100
actor,RandomKFold,0,1,H2GCN,101,144,44,1.4121602773666382,0.3546052575111389,1.4278736114501953,0.36315789818763733,True,100
actor,RandomKFold,0,2,GCN,100,143,43,1.5179378986358643,0.3328947424888611,1.519494652748108,0.3059210479259491,True,100
actor,RandomKFold,0,2,GCN,101,132,32,1.5199321508407593,0.32434210181236267,1.5171033143997192,0.29802632331848145,True,100
actor,RandomKFold,0,1,MixHop,100,136,36,1.3506360054016113,0.3723684251308441,1.3677246570587158,0.38026314973831177,True,100
actor,RandomKFold,0,1,MixHop,101,136,36,1.3450874090194702,0.38486841320991516,1.3716657161712646,0.3618420958518982,True,100
actor,RandomKFold,0,2,SAGE,100,117,17,1.3801453113555908,0.3703947365283966,1.3930776119232178,0.35328948497772217,True,100
actor,RandomKFold,0,2,GAT,100,370,270,1.5302211046218872,0.3210526406764984,1.5232691764831543,0.2973684072494507,True,100
actor,RandomKFold,0,2,SAGE,101,117,17,1.3850189447402954,0.3572368323802948,1.3890749216079712,0.348026305437088,True,100
actor,RandomKFold,0,2,GAT,101,516,416,1.5288667678833008,0.32434210181236267,1.5253479480743408,0.2993420958518982,True,100
actor,RandomKFold,0,2,GPRGNN,100,261,161,1.4014633893966675,0.3723684251308441,1.4086432456970215,0.3328947424888611,True,100
actor,RandomKFold,0,2,GPRGNN,101,274,174,1.3981937170028687,0.37368419766426086,1.4041067361831665,0.3499999940395355,True,100
actor,RandomKFold,0,2,H2GCN,100,149,49,1.395819902420044,0.38289472460746765,1.4101364612579346,0.3611842095851898,True,100
actor,RandomKFold,0,3,MLP,100,120,20,1.4081671237945557,0.34473684430122375,1.391332745552063,0.3638157844543457,True,100
actor,RandomKFold,0,3,MLP,101,121,21,1.412509799003601,0.35789474844932556,1.39329993724823,0.3572368323802948,True,100
actor,RandomKFold,0,3,GCN,100,185,85,1.525172233581543,0.3039473593235016,1.521887183189392,0.3230263292789459,True,100
actor,RandomKFold,0,2,H2GCN,101,156,56,1.3969956636428833,0.38092106580734253,1.408882737159729,0.3657894730567932,True,100
actor,RandomKFold,0,2,MixHop,100,127,27,1.3395028114318848,0.378947377204895,1.3597246408462524,0.36052632331848145,True,100
actor,RandomKFold,0,2,MixHop,101,127,27,1.3439383506774902,0.39144736528396606,1.360578179359436,0.36907893419265747,True,100
actor,RandomKFold,0,3,GCN,101,155,55,1.524748682975769,0.2940789461135864,1.52156400680542,0.3144736886024475,True,100
actor,RandomKFold,0,3,GAT,100,251,151,1.532387614250183,0.3052631616592407,1.5297660827636719,0.30657893419265747,True,100
actor,RandomKFold,0,3,SAGE,100,117,17,1.3946980237960815,0.3638157844543457,1.3790453672409058,0.34934210777282715,True,100
actor,RandomKFold,0,3,SAGE,101,118,18,1.4020414352416992,0.3565789461135864,1.379285454750061,0.348026305437088,True,100
actor,RandomKFold,0,3,GPRGNN,100,241,141,1.4081510305404663,0.3684210479259491,1.39893639087677,0.3552631437778473,True,100
actor,RandomKFold,0,3,GPRGNN,101,230,130,1.4045027494430542,0.36710527539253235,1.3937445878982544,0.3756578862667084,True,100
actor,RandomKFold,0,3,GAT,101,639,539,1.5296329259872437,0.30657893419265747,1.5286422967910767,0.3078947365283966,True,100
actor,RandomKFold,0,3,H2GCN,100,148,48,1.41728675365448,0.36973685026168823,1.4000499248504639,0.3703947365283966,True,100
actor,RandomKFold,0,4,MLP,100,120,20,1.3963086605072021,0.36315789818763733,1.4090718030929565,0.3486842215061188,True,100
actor,RandomKFold,0,4,MLP,101,121,21,1.4011344909667969,0.36250001192092896,1.415704369544983,0.3506578803062439,True,100
actor,RandomKFold,0,3,H2GCN,101,157,57,1.4170620441436768,0.3730263113975525,1.4025641679763794,0.37171053886413574,True,100
actor,RandomKFold,0,3,MixHop,100,137,37,1.35942542552948,0.378947377204895,1.3372808694839478,0.375,True,100
actor,RandomKFold,0,4,GCN,100,126,26,1.5411299467086792,0.29078948497772217,1.5237791538238525,0.2973684072494507,True,100
actor,RandomKFold,0,3,MixHop,101,127,27,1.3622756004333496,0.3815789520740509,1.3424619436264038,0.38092106580734253,True,100
actor,RandomKFold,0,4,GCN,101,124,24,1.5425199270248413,0.28947368264198303,1.5217554569244385,0.3013157844543457,True,100
actor,RandomKFold,0,4,GAT,101,198,98,1.5416022539138794,0.29078948497772217,1.5361844301223755,0.2986842095851898,True,100
actor,RandomKFold,0,4,GAT,100,248,148,1.5404380559921265,0.29539474844932556,1.5303151607513428,0.29605263471603394,True,100
actor,RandomKFold,0,4,SAGE,100,121,21,1.3912533521652222,0.3684210479259491,1.4075840711593628,0.35131579637527466,True,100
actor,RandomKFold,0,4,SAGE,101,118,18,1.3922687768936157,0.3644736707210541,1.4101300239562988,0.3499999940395355,True,100
actor,RandomKFold,0,4,GPRGNN,100,198,98,1.4080137014389038,0.3934210538864136,1.4107786417007446,0.36250001192092896,True,100
actor,RandomKFold,0,4,GPRGNN,101,230,130,1.4079186916351318,0.37631580233573914,1.413801670074463,0.35131579637527466,True,100
actor,RandomKFold,0,4,H2GCN,100,158,58,1.407534122467041,0.3815789520740509,1.4134923219680786,0.38092106580734253,True,100
actor,RandomKFold,0,5,MLP,100,121,21,1.4097895622253418,0.348026305437088,1.3930500745773315,0.3611842095851898,True,100
actor,RandomKFold,0,4,H2GCN,101,158,58,1.4122214317321777,0.3743421137332916,1.415319800376892,0.37368419766426086,True,100
actor,RandomKFold,0,5,MLP,101,120,20,1.417117953300476,0.3368421196937561,1.4005639553070068,0.3526315689086914,True,100
actor,RandomKFold,0,5,GCN,100,127,27,1.5265203714370728,0.3013157844543457,1.5402374267578125,0.3013157844543457,True,100
actor,RandomKFold,0,5,GCN,101,127,27,1.5272939205169678,0.3039473593235016,1.5409832000732422,0.2881578803062439,True,100
actor,RandomKFold,0,4,MixHop,100,132,32,1.35491943359375,0.3730263113975525,1.362248182296753,0.36907893419265747,True,100
actor,RandomKFold,0,4,MixHop,101,141,41,1.3604556322097778,0.3881579041481018,1.3742351531982422,0.35855263471603394,True,100
actor,RandomKFold,0,5,GAT,100,297,197,1.528101921081543,0.3032894730567932,1.5418397188186646,0.2947368323802948,True,100
actor,RandomKFold,0,5,SAGE,100,117,17,1.4042690992355347,0.34078946709632874,1.3884254693984985,0.36710527539253235,True,100
actor,RandomKFold,0,5,GAT,101,412,312,1.5260751247406006,0.2940789461135864,1.5409883260726929,0.3019736707210541,True,100
actor,RandomKFold,0,5,SAGE,101,116,16,1.3979061841964722,0.3526315689086914,1.3813254833221436,0.3756578862667084,True,100
actor,RandomKFold,0,5,GPRGNN,100,223,123,1.412405252456665,0.35328948497772217,1.4077624082565308,0.3664473593235016,True,100
actor,RandomKFold,0,5,GPRGNN,101,225,125,1.4110416173934937,0.3684210479259491,1.4089959859848022,0.36315789818763733,True,100
actor,RandomKFold,0,5,H2GCN,100,158,58,1.4183690547943115,0.36250001192092896,1.4079241752624512,0.36973685026168823,True,100
actor,RandomKFold,0,5,H2GCN,101,161,61,1.423568606376648,0.36315789818763733,1.4114083051681519,0.3598684072494507,True,100
actor,RandomKFold,0,5,MixHop,100,138,38,1.3629361391067505,0.3644736707210541,1.349461555480957,0.38684210181236267,True,100
actor,RandomKFold,0,5,MixHop,101,141,41,1.3713454008102417,0.348026305437088,1.3522815704345703,0.3815789520740509,True,100
actor,LabelStratifiedKFold,0,1,MLP,100,119,19,1.414460301399231,0.3375000059604645,1.3962310552597046,0.371052622795105,True,100
actor,LabelStratifiedKFold,0,1,MLP,101,120,20,1.4193116426467896,0.3263157904148102,1.3933621644973755,0.36513158679008484,True,100
actor,LabelStratifiedKFold,0,1,GCN,101,125,25,1.5246573686599731,0.3059210479259491,1.52908456325531,0.3078947365283966,True,100
actor,LabelStratifiedKFold,0,1,GCN,100,135,35,1.5262311697006226,0.3039473593235016,1.5289676189422607,0.30921053886413574,True,100
actor,LabelStratifiedKFold,0,1,GAT,100,291,191,1.5326950550079346,0.2947368323802948,1.5394879579544067,0.30657893419265747,True,100
actor,LabelStratifiedKFold,0,1,SAGE,100,117,17,1.3964333534240723,0.3592105209827423,1.394657015800476,0.3611842095851898,True,100
actor,LabelStratifiedKFold,0,1,SAGE,101,115,15,1.3958197832107544,0.3460526168346405,1.3984415531158447,0.3440789580345154,True,100
actor,LabelStratifiedKFold,0,1,GAT,101,431,331,1.5274907350540161,0.29539474844932556,1.5364201068878174,0.3144736886024475,True,100
actor,LabelStratifiedKFold,0,1,GPRGNN,100,295,195,1.4049760103225708,0.34934210777282715,1.4028851985931396,0.3618420958518982,True,100
actor,LabelStratifiedKFold,0,1,GPRGNN,101,229,129,1.4079999923706055,0.34473684430122375,1.4052976369857788,0.3644736707210541,True,100
actor,LabelStratifiedKFold,0,1,H2GCN,100,142,42,1.4159440994262695,0.3638157844543457,1.407221794128418,0.3611842095851898,True,100
actor,LabelStratifiedKFold,0,2,MLP,100,122,22,1.3719450235366821,0.38092106580734253,1.4129475355148315,0.3460526168346405,True,100
actor,LabelStratifiedKFold,0,2,MLP,101,122,22,1.3847726583480835,0.3723684251308441,1.4221659898757935,0.3414473831653595,True,100
actor,LabelStratifiedKFold,0,1,H2GCN,101,143,43,1.4185810089111328,0.3611842095851898,1.412000298500061,0.35789474844932556,True,100
actor,LabelStratifiedKFold,0,2,GCN,100,192,92,1.5141634941101074,0.31381580233573914,1.5233135223388672,0.31776314973831177,True,100
actor,LabelStratifiedKFold,0,1,MixHop,100,134,34,1.3569289445877075,0.3743421137332916,1.3575942516326904,0.375,True,100
actor,LabelStratifiedKFold,0,2,GCN,101,418,318,1.5160318613052368,0.3151315748691559,1.5281678438186646,0.308552622795105,True,100
actor,LabelStratifiedKFold,0,1,MixHop,101,137,37,1.3611966371536255,0.371052622795105,1.3587844371795654,0.36315789818763733,True,100
actor,LabelStratifiedKFold,0,2,GAT,100,332,232,1.5209928750991821,0.3131578862667084,1.5312315225601196,0.2993420958518982,True,100
actor,LabelStratifiedKFold,0,2,SAGE,100,117,17,1.3685826063156128,0.3730263113975525,1.396405816078186,0.36250001192092896,True,100
actor,LabelStratifiedKFold,0,2,SAGE,101,129,29,1.3721091747283936,0.3703947365283966,1.4207921028137207,0.34473684430122375,True,100
actor,LabelStratifiedKFold,0,2,GAT,101,488,388,1.5221335887908936,0.31842106580734253,1.5338630676269531,0.28947368264198303,True,100
actor,LabelStratifiedKFold,0,2,GPRGNN,100,216,116,1.3946839570999146,0.3730263113975525,1.40394127368927,0.3638157844543457,True,100
actor,LabelStratifiedKFold,0,2,GPRGNN,101,328,228,1.395167350769043,0.37631580233573914,1.402480125427246,0.37171053886413574,True,100
actor,LabelStratifiedKFold,0,2,H2GCN,100,162,62,1.3860894441604614,0.37631580233573914,1.4194843769073486,0.35394737124443054,True,100
actor,LabelStratifiedKFold,0,3,MLP,100,120,20,1.3964507579803467,0.3703947365283966,1.3891111612319946,0.348026305437088,True,100
actor,LabelStratifiedKFold,0,3,MLP,101,120,20,1.4098773002624512,0.36710527539253235,1.3974430561065674,0.34276315569877625,True,100
actor,LabelStratifiedKFold,0,2,H2GCN,101,167,67,1.3901450634002686,0.3769736886024475,1.42461359500885,0.35328948497772217,True,100
actor,LabelStratifiedKFold,0,2,MixHop,100,138,38,1.3414145708084106,0.375,1.3611093759536743,0.3743421137332916,True,100
actor,LabelStratifiedKFold,0,3,GCN,100,224,124,1.5304325819015503,0.3105263113975525,1.522408366203308,0.30460527539253235,True,100
actor,LabelStratifiedKFold,0,3,GCN,101,135,35,1.5294901132583618,0.30460527539253235,1.523218035697937,0.3013157844543457,True,100
actor,LabelStratifiedKFold,0,2,MixHop,101,132,32,1.3442622423171997,0.3756578862667084,1.3572853803634644,0.375,True,100
actor,LabelStratifiedKFold,0,3,GAT,101,202,102,1.5367084741592407,0.29078948497772217,1.5322284698486328,0.30921053886413574,True,100
actor,LabelStratifiedKFold,0,3,GAT,100,315,215,1.5336658954620361,0.2973684072494507,1.5266183614730835,0.3125,True,100
actor,LabelStratifiedKFold,0,3,SAGE,101,116,16,1.3957103490829468,0.3526315689086914,1.3788044452667236,0.3815789520740509,True,100
actor,LabelStratifiedKFold,0,3,SAGE,100,120,20,1.3951685428619385,0.3526315689086914,1.3817731142044067,0.3598684072494507,True,100
actor,LabelStratifiedKFold,0,3,GPRGNN,100,201,101,1.4049022197723389,0.35197368264198303,1.4019975662231445,0.3611842095851898,True,100
actor,LabelStratifiedKFold,0,3,GPRGNN,101,231,131,1.4017573595046997,0.36315789818763733,1.4031389951705933,0.35394737124443054,True,100
actor,LabelStratifiedKFold,0,3,H2GCN,100,162,62,1.4078267812728882,0.37828946113586426,1.3920143842697144,0.375,True,100
actor,LabelStratifiedKFold,0,4,MLP,100,121,21,1.3926961421966553,0.3486842215061188,1.3916757106781006,0.36973685026168823,True,100
actor,LabelStratifiedKFold,0,3,H2GCN,101,162,62,1.4089207649230957,0.3796052634716034,1.3952194452285767,0.3677631616592407,True,100
actor,LabelStratifiedKFold,0,4,MLP,101,121,21,1.3991222381591797,0.3499999940395355,1.4008090496063232,0.3644736707210541,True,100
actor,LabelStratifiedKFold,0,4,GCN,100,151,51,1.5194447040557861,0.30921053886413574,1.5317095518112183,0.3039473593235016,True,100
actor,LabelStratifiedKFold,0,3,MixHop,100,126,26,1.3532816171646118,0.3703947365283966,1.351560354232788,0.38749998807907104,True,100
actor,LabelStratifiedKFold,0,4,GCN,101,190,90,1.5191750526428223,0.3105263113975525,1.5290422439575195,0.2993420958518982,True,100
actor,LabelStratifiedKFold,0,3,MixHop,101,139,39,1.3652338981628418,0.3598684072494507,1.353910207748413,0.38026314973831177,True,100
actor,LabelStratifiedKFold,0,4,GAT,101,236,136,1.5283641815185547,0.308552622795105,1.5370789766311646,0.3032894730567932,True,100
actor,LabelStratifiedKFold,0,4,GAT,100,250,150,1.529495120048523,0.3013157844543457,1.5349934101104736,0.2967105209827423,True,100
actor,LabelStratifiedKFold,0,4,SAGE,100,120,20,1.3838412761688232,0.3598684072494507,1.3730921745300293,0.3703947365283966,True,100
actor,LabelStratifiedKFold,0,4,GPRGNN,100,224,124,1.4030386209487915,0.35855263471603394,1.4082002639770508,0.36907893419265747,True,100
actor,LabelStratifiedKFold,0,4,SAGE,101,119,19,1.3875421285629272,0.3618420958518982,1.386267066001892,0.3546052575111389,True,100
actor,LabelStratifiedKFold,0,4,GPRGNN,101,259,159,1.40289306640625,0.37631580233573914,1.403128743171692,0.35592105984687805,True,100
actor,LabelStratifiedKFold,0,4,H2GCN,100,162,62,1.409350872039795,0.3657894730567932,1.4057918787002563,0.3592105209827423,True,100
actor,LabelStratifiedKFold,0,5,MLP,100,122,22,1.399102807044983,0.36052632331848145,1.3999656438827515,0.35394737124443054,True,100
actor,LabelStratifiedKFold,0,5,MLP,101,122,22,1.3901945352554321,0.37171053886413574,1.3970401287078857,0.3440789580345154,True,100
actor,LabelStratifiedKFold,0,4,H2GCN,101,162,62,1.4119960069656372,0.37631580233573914,1.4045757055282593,0.3565789461135864,True,100
actor,LabelStratifiedKFold,0,5,GCN,100,203,103,1.5224261283874512,0.2967105209827423,1.5220125913619995,0.3013157844543457,True,100
actor,LabelStratifiedKFold,0,4,MixHop,100,141,41,1.3459488153457642,0.3835526406764984,1.347361445426941,0.3638157844543457,True,100
actor,LabelStratifiedKFold,0,4,MixHop,101,142,42,1.355141043663025,0.3815789520740509,1.3551238775253296,0.3638157844543457,True,100
actor,LabelStratifiedKFold,0,5,GCN,101,217,117,1.5244089365005493,0.30065789818763733,1.5278103351593018,0.3019736707210541,True,100
actor,LabelStratifiedKFold,0,5,GAT,101,187,87,1.5335493087768555,0.2927631437778473,1.5353546142578125,0.29144737124443054,True,100
actor,LabelStratifiedKFold,0,5,GAT,100,312,212,1.5321390628814697,0.29144737124443054,1.5295517444610596,0.3032894730567932,True,100
actor,LabelStratifiedKFold,0,5,SAGE,101,119,19,1.3933550119400024,0.3526315689086914,1.3972482681274414,0.3546052575111389,True,100
actor,LabelStratifiedKFold,0,5,SAGE,100,131,31,1.3949419260025024,0.3592105209827423,1.4101272821426392,0.3552631437778473,True,100
actor,LabelStratifiedKFold,0,5,GPRGNN,100,261,161,1.403152585029602,0.36315789818763733,1.4127399921417236,0.35394737124443054,True,100
actor,LabelStratifiedKFold,0,5,GPRGNN,101,267,167,1.404278039932251,0.3664473593235016,1.4058107137680054,0.3486842215061188,True,100
actor,LabelStratifiedKFold,0,5,H2GCN,100,162,62,1.4004807472229004,0.3638157844543457,1.4136474132537842,0.3618420958518982,True,100
actor,LabelStratifiedKFold,0,5,H2GCN,101,157,57,1.40621817111969,0.36052632331848145,1.4122296571731567,0.36513158679008484,True,100
actor,LabelStratifiedKFold,0,5,MixHop,100,132,32,1.36175537109375,0.38749998807907104,1.354195237159729,0.3703947365283966,True,100
actor,LabelStratifiedKFold,0,5,MixHop,101,136,36,1.3582168817520142,0.37631580233573914,1.3579974174499512,0.36710527539253235,True,100
actor,Sklearn_NeighHet_b500,0,1,MLP,101,120,20,1.4081084728240967,0.3388157784938812,1.4027718305587769,0.36315789818763733,True,100
actor,Sklearn_NeighHet_b500,0,1,MLP,100,120,20,1.4059665203094482,0.35394737124443054,1.4002788066864014,0.3592105209827423,True,100
actor,Sklearn_NeighHet_b500,0,1,GCN,101,152,52,1.514758825302124,0.3105263113975525,1.5459951162338257,0.27960526943206787,True,100
actor,Sklearn_NeighHet_b500,0,1,GCN,100,213,113,1.510738492012024,0.3019736707210541,1.5517568588256836,0.285526305437088,True,100
actor,Sklearn_NeighHet_b500,0,1,GAT,101,237,137,1.5238776206970215,0.2901315689086914,1.550472378730774,0.2835526168346405,True,100
actor,Sklearn_NeighHet_b500,0,1,GAT,100,351,251,1.52301025390625,0.30065789818763733,1.5396724939346313,0.2874999940395355,True,100
actor,Sklearn_NeighHet_b500,0,1,SAGE,100,118,18,1.3940458297729492,0.34934210777282715,1.3914858102798462,0.3546052575111389,True,100
actor,Sklearn_NeighHet_b500,0,1,SAGE,101,117,17,1.393763780593872,0.35394737124443054,1.3938344717025757,0.34210526943206787,True,100
actor,Sklearn_NeighHet_b500,0,1,GPRGNN,101,273,173,1.4083324670791626,0.3664473593235016,1.4118835926055908,0.36973685026168823,True,100
actor,Sklearn_NeighHet_b500,0,1,GPRGNN,100,342,242,1.4132575988769531,0.3506578803062439,1.4130818843841553,0.34671053290367126,True,100
actor,Sklearn_NeighHet_b500,0,1,H2GCN,100,155,55,1.412001609802246,0.3598684072494507,1.4060758352279663,0.378947377204895,True,100
actor,Sklearn_NeighHet_b500,0,2,MLP,100,120,20,1.3901740312576294,0.35197368264198303,1.3990317583084106,0.3618420958518982,True,100
actor,Sklearn_NeighHet_b500,0,1,H2GCN,101,163,63,1.4095009565353394,0.3598684072494507,1.4094431400299072,0.3611842095851898,True,100
actor,Sklearn_NeighHet_b500,0,2,MLP,101,121,21,1.3887255191802979,0.3572368323802948,1.3999485969543457,0.35855263471603394,True,100
actor,Sklearn_NeighHet_b500,0,2,GCN,100,127,27,1.5165441036224365,0.3078947365283966,1.5198466777801514,0.3039473593235016,True,100
actor,Sklearn_NeighHet_b500,0,2,GCN,101,155,55,1.5133816003799438,0.3171052634716034,1.5172730684280396,0.3118421137332916,True,100
actor,Sklearn_NeighHet_b500,0,1,MixHop,100,137,37,1.3553054332733154,0.37631580233573914,1.3608149290084839,0.3743421137332916,True,100
actor,Sklearn_NeighHet_b500,0,1,MixHop,101,129,29,1.3564711809158325,0.375,1.3560415506362915,0.3756578862667084,True,100
actor,Sklearn_NeighHet_b500,0,2,GAT,101,204,104,1.5248640775680542,0.3131578862667084,1.5273524522781372,0.2947368323802948,True,100
actor,Sklearn_NeighHet_b500,0,2,SAGE,100,116,16,1.3857223987579346,0.35855263471603394,1.3936402797698975,0.36052632331848145,True,100
actor,Sklearn_NeighHet_b500,0,2,SAGE,101,115,15,1.3900562524795532,0.348026305437088,1.3942604064941406,0.35328948497772217,True,100
actor,Sklearn_NeighHet_b500,0,2,GAT,100,499,399,1.5199164152145386,0.30723685026168823,1.5325508117675781,0.29342105984687805,True,100
actor,Sklearn_NeighHet_b500,0,2,GPRGNN,100,224,124,1.3923414945602417,0.3684210479259491,1.4075299501419067,0.3618420958518982,True,100
actor,Sklearn_NeighHet_b500,0,2,GPRGNN,101,329,229,1.391724705696106,0.36513158679008484,1.4065641164779663,0.36315789818763733,True,100
actor,Sklearn_NeighHet_b500,0,2,H2GCN,100,150,50,1.4067753553390503,0.37631580233573914,1.4117417335510254,0.36315789818763733,True,100
actor,Sklearn_NeighHet_b500,0,3,MLP,100,120,20,1.3989946842193604,0.3552631437778473,1.3883483409881592,0.3592105209827423,True,100
actor,Sklearn_NeighHet_b500,0,3,MLP,101,120,20,1.4082026481628418,0.33815789222717285,1.3854396343231201,0.3684210479259491,True,100
actor,Sklearn_NeighHet_b500,0,3,GCN,100,188,88,1.5235790014266968,0.3078947365283966,1.5183746814727783,0.3131578862667084,True,100
actor,Sklearn_NeighHet_b500,0,2,MixHop,100,126,26,1.3468451499938965,0.39144736528396606,1.361133098602295,0.38289472460746765,True,100
actor,Sklearn_NeighHet_b500,0,2,H2GCN,101,157,57,1.4077814817428589,0.37828946113586426,1.4122952222824097,0.3657894730567932,True,100
actor,Sklearn_NeighHet_b500,0,2,MixHop,101,132,32,1.3504524230957031,0.3664473593235016,1.359358310699463,0.3769736886024475,True,100
actor,Sklearn_NeighHet_b500,0,3,GCN,101,225,125,1.5218191146850586,0.30460527539253235,1.5237293243408203,0.30723685026168823,True,100
actor,Sklearn_NeighHet_b500,0,3,GAT,100,222,122,1.5422025918960571,0.29802632331848145,1.5284258127212524,0.3052631616592407,True,100
actor,Sklearn_NeighHet_b500,0,3,SAGE,100,116,16,1.400076150894165,0.35789474844932556,1.3856405019760132,0.3552631437778473,True,100
actor,Sklearn_NeighHet_b500,0,3,SAGE,101,118,18,1.3937256336212158,0.34736841917037964,1.3862650394439697,0.3546052575111389,True,100
actor,Sklearn_NeighHet_b500,0,3,GAT,101,470,370,1.540993571281433,0.308552622795105,1.5306663513183594,0.30460527539253235,True,100
actor,Sklearn_NeighHet_b500,0,3,GPRGNN,100,224,124,1.4028769731521606,0.36315789818763733,1.3880163431167603,0.38289472460746765,True,100
actor,Sklearn_NeighHet_b500,0,3,GPRGNN,101,261,161,1.3956788778305054,0.34934210777282715,1.389257550239563,0.3796052634716034,True,100
actor,Sklearn_NeighHet_b500,0,3,H2GCN,100,160,60,1.4051601886749268,0.36315789818763733,1.402241587638855,0.38289472460746765,True,100
actor,Sklearn_NeighHet_b500,0,4,MLP,100,121,21,1.3999731540679932,0.3546052575111389,1.4100874662399292,0.34078946709632874,True,100
actor,Sklearn_NeighHet_b500,0,4,MLP,101,121,21,1.4025297164916992,0.3486842215061188,1.4162510633468628,0.3460526168346405,True,100
actor,Sklearn_NeighHet_b500,0,3,MixHop,100,131,31,1.3522062301635742,0.3657894730567932,1.343144178390503,0.38684210181236267,True,100
actor,Sklearn_NeighHet_b500,0,4,GCN,100,130,30,1.5201716423034668,0.308552622795105,1.5331120491027832,0.29605263471603394,True,100
actor,Sklearn_NeighHet_b500,0,3,H2GCN,101,177,77,1.4115314483642578,0.371052622795105,1.4113322496414185,0.36907893419265747,True,100
actor,Sklearn_NeighHet_b500,0,4,GCN,101,135,35,1.5203306674957275,0.3098684251308441,1.5311431884765625,0.2947368323802948,True,100
actor,Sklearn_NeighHet_b500,0,3,MixHop,101,128,28,1.3529629707336426,0.3730263113975525,1.3495256900787354,0.38092106580734253,True,100
actor,Sklearn_NeighHet_b500,0,4,GAT,100,258,158,1.5252121686935425,0.2967105209827423,1.539829134941101,0.3052631616592407,True,100
actor,Sklearn_NeighHet_b500,0,4,SAGE,100,118,18,1.3837058544158936,0.36513158679008484,1.4052520990371704,0.35197368264198303,True,100
actor,Sklearn_NeighHet_b500,0,4,SAGE,101,118,18,1.3880623579025269,0.36907893419265747,1.4055981636047363,0.3460526168346405,True,100
actor,Sklearn_NeighHet_b500,0,4,GAT,101,511,411,1.5238978862762451,0.29802632331848145,1.5408203601837158,0.3019736707210541,True,100
actor,Sklearn_NeighHet_b500,0,4,GPRGNN,100,241,141,1.4030364751815796,0.3499999940395355,1.4113986492156982,0.3460526168346405,True,100
actor,Sklearn_NeighHet_b500,0,4,GPRGNN,101,291,191,1.4010308980941772,0.3638157844543457,1.4157025814056396,0.3440789580345154,True,100
actor,Sklearn_NeighHet_b500,0,4,H2GCN,100,159,59,1.4110606908798218,0.3552631437778473,1.4084686040878296,0.3598684072494507,True,100
actor,Sklearn_NeighHet_b500,0,5,MLP,100,121,21,1.3906302452087402,0.3657894730567932,1.3966604471206665,0.34934210777282715,True,100
actor,Sklearn_NeighHet_b500,0,5,MLP,101,122,22,1.3906418085098267,0.3776315748691559,1.3984485864639282,0.34539473056793213,True,100
actor,Sklearn_NeighHet_b500,0,4,MixHop,100,126,26,1.350424885749817,0.3618420958518982,1.3615460395812988,0.35131579637527466,True,100
actor,Sklearn_NeighHet_b500,0,4,H2GCN,101,163,63,1.414860725402832,0.36250001192092896,1.4151980876922607,0.3611842095851898,True,100
actor,Sklearn_NeighHet_b500,0,5,GCN,101,121,21,1.539222002029419,0.3032894730567932,1.524539828300476,0.3217105269432068,True,100
actor,Sklearn_NeighHet_b500,0,5,GCN,100,226,126,1.53864586353302,0.2947368323802948,1.524958848953247,0.3039473593235016,True,100
actor,Sklearn_NeighHet_b500,0,4,MixHop,101,139,39,1.3571468591690063,0.36973685026168823,1.3666824102401733,0.36710527539253235,True,100
actor,Sklearn_NeighHet_b500,0,5,GAT,101,270,170,1.543147325515747,0.2973684072494507,1.5314266681671143,0.2921052575111389,True,100
actor,Sklearn_NeighHet_b500,0,5,SAGE,100,118,18,1.400383710861206,0.3440789580345154,1.3876813650131226,0.34934210777282715,True,100
actor,Sklearn_NeighHet_b500,0,5,SAGE,101,117,17,1.3955978155136108,0.36052632331848145,1.3898457288742065,0.36513158679008484,True,100
actor,Sklearn_NeighHet_b500,0,5,GAT,100,538,438,1.5362112522125244,0.3131578862667084,1.53056001663208,0.3052631616592407,True,100
actor,Sklearn_NeighHet_b500,0,5,GPRGNN,100,249,149,1.411363124847412,0.36710527539253235,1.4048219919204712,0.34736841917037964,True,100
actor,Sklearn_NeighHet_b500,0,5,GPRGNN,101,190,90,1.4073200225830078,0.3703947365283966,1.4067411422729492,0.34078946709632874,True,100
actor,Sklearn_NeighHet_b500,0,5,H2GCN,100,146,46,1.4064533710479736,0.3598684072494507,1.4189685583114624,0.35131579637527466,True,100
actor,Sklearn_NeighHet_b500,0,5,H2GCN,101,153,53,1.4099403619766235,0.36513158679008484,1.4184483289718628,0.3434210419654846,True,100
actor,Sklearn_NeighHet_b500,0,5,MixHop,100,134,34,1.3507236242294312,0.38289472460746765,1.3538190126419067,0.3657894730567932,True,100
actor,Sklearn_NeighHet_b500,0,5,MixHop,101,138,38,1.3555904626846313,0.3723684251308441,1.35527765750885,0.3598684072494507,True,100
actor,RandomKFold,1,1,MLP,100,120,20,1.4128754138946533,0.35197368264198303,1.3987677097320557,0.3598684072494507,True,100
actor,RandomKFold,1,1,MLP,101,121,21,1.408769130706787,0.3506578803062439,1.3980236053466797,0.35789474844932556,True,100
actor,RandomKFold,1,1,GCN,100,180,80,1.5270965099334717,0.30460527539253235,1.5215860605239868,0.3052631616592407,True,100
actor,RandomKFold,1,1,GCN,101,188,88,1.5275384187698364,0.3013157844543457,1.5211249589920044,0.3125,True,100
actor,RandomKFold,1,1,SAGE,101,117,17,1.3966453075408936,0.3677631616592407,1.3872736692428589,0.3460526168346405,True,100
actor,RandomKFold,1,1,SAGE,100,120,20,1.3989660739898682,0.371052622795105,1.37782883644104,0.3565789461135864,True,100
actor,RandomKFold,1,1,GAT,101,438,338,1.5322362184524536,0.30263158679008484,1.5264235734939575,0.30263158679008484,True,100
actor,RandomKFold,1,1,GAT,100,472,372,1.5300085544586182,0.30657893419265747,1.5248713493347168,0.3019736707210541,True,100
actor,RandomKFold,1,1,GPRGNN,100,198,98,1.4103119373321533,0.3769736886024475,1.4034029245376587,0.3644736707210541,True,100
actor,RandomKFold,1,1,GPRGNN,101,252,152,1.409209132194519,0.3618420958518982,1.397235631942749,0.3644736707210541,True,100
actor,RandomKFold,1,1,H2GCN,100,150,50,1.3989779949188232,0.3756578862667084,1.406855821609497,0.3657894730567932,True,100
actor,RandomKFold,1,2,MLP,100,121,21,1.393723964691162,0.375,1.412600040435791,0.3499999940395355,True,100
actor,RandomKFold,1,2,MLP,101,121,21,1.3984698057174683,0.3677631616592407,1.4133882522583008,0.3460526168346405,True,100
actor,RandomKFold,1,1,H2GCN,101,151,51,1.4015470743179321,0.375,1.4126379489898682,0.3730263113975525,True,100
actor,RandomKFold,1,2,GCN,101,160,60,1.535155177116394,0.3019736707210541,1.531180500984192,0.30723685026168823,True,100
actor,RandomKFold,1,2,GCN,100,204,104,1.536616325378418,0.30000001192092896,1.5317025184631348,0.30263158679008484,True,100
actor,RandomKFold,1,2,GAT,100,159,59,1.5468897819519043,0.2723684310913086,1.5403826236724854,0.29144737124443054,True,100
actor,RandomKFold,1,1,MixHop,101,132,32,1.3621586561203003,0.3769736886024475,1.3594748973846436,0.3769736886024475,True,100
actor,RandomKFold,1,2,GAT,101,260,160,1.5461798906326294,0.2815789580345154,1.5407098531723022,0.29605263471603394,True,100
actor,RandomKFold,1,1,MixHop,100,148,48,1.3625540733337402,0.375,1.361284613609314,0.371052622795105,True,100
actor,RandomKFold,1,2,SAGE,100,116,16,1.4030085802078247,0.34736841917037964,1.4076037406921387,0.35328948497772217,True,100
actor,RandomKFold,1,2,SAGE,101,116,16,1.3993455171585083,0.35789474844932556,1.4023927450180054,0.3552631437778473,True,100
actor,RandomKFold,1,2,GPRGNN,101,230,130,1.406964898109436,0.36973685026168823,1.4147205352783203,0.3526315689086914,True,100
actor,RandomKFold,1,2,GPRGNN,100,261,161,1.4052305221557617,0.37368419766426086,1.4092583656311035,0.35394737124443054,True,100
actor,RandomKFold,1,2,H2GCN,100,154,54,1.3927403688430786,0.3723684251308441,1.410881757736206,0.3598684072494507,True,100
actor,RandomKFold,1,3,MLP,100,122,22,1.3712583780288696,0.38289472460746765,1.3951058387756348,0.36052632331848145,True,100
actor,RandomKFold,1,3,MLP,101,121,21,1.3811324834823608,0.3677631616592407,1.3952419757843018,0.35394737124443054,True,100
actor,RandomKFold,1,2,H2GCN,101,172,72,1.3978891372680664,0.37171053886413574,1.4216030836105347,0.34934210777282715,True,100
actor,RandomKFold,1,2,MixHop,100,132,32,1.3519357442855835,0.3730263113975525,1.3608306646347046,0.3684210479259491,True,100
actor,RandomKFold,1,2,MixHop,101,132,32,1.3568716049194336,0.378947377204895,1.3586896657943726,0.3677631616592407,True,100
actor,RandomKFold,1,3,GCN,101,200,100,1.5084017515182495,0.3210526406764984,1.5395904779434204,0.2881578803062439,True,100
actor,RandomKFold,1,3,GCN,100,273,173,1.5042014122009277,0.3210526406764984,1.543054461479187,0.285526305437088,True,100
actor,RandomKFold,1,3,GAT,100,253,153,1.5207370519638062,0.3236842155456543,1.5449564456939697,0.29342105984687805,True,100
actor,RandomKFold,1,3,SAGE,100,117,17,1.382651925086975,0.3618420958518982,1.3980135917663574,0.348026305437088,True,100
actor,RandomKFold,1,3,SAGE,101,118,18,1.3725476264953613,0.3552631437778473,1.3983312845230103,0.3440789580345154,True,100
actor,RandomKFold,1,3,GAT,101,416,316,1.5186041593551636,0.3217105269432068,1.5437769889831543,0.2763157784938812,True,100
actor,RandomKFold,1,3,GPRGNN,100,275,175,1.3897756338119507,0.39144736528396606,1.4146919250488281,0.34210526943206787,True,100
actor,RandomKFold,1,3,GPRGNN,101,229,129,1.3916294574737549,0.3835526406764984,1.4057449102401733,0.36052632331848145,True,100
actor,RandomKFold,1,3,H2GCN,100,171,71,1.391185998916626,0.3855263292789459,1.3884093761444092,0.3730263113975525,True,100
actor,RandomKFold,1,4,MLP,100,120,20,1.4082645177841187,0.3276315927505493,1.3711140155792236,0.3677631616592407,True,100
actor,RandomKFold,1,4,MLP,101,119,19,1.4095335006713867,0.3434210419654846,1.3762545585632324,0.3703947365283966,True,100
actor,RandomKFold,1,3,H2GCN,101,188,88,1.3930312395095825,0.3888157904148102,1.3937689065933228,0.36315789818763733,True,100
actor,RandomKFold,1,3,MixHop,100,136,36,1.3362423181533813,0.3901315927505493,1.3598634004592896,0.3638157844543457,True,100
actor,RandomKFold,1,4,GCN,100,216,116,1.5313879251480103,0.28223684430122375,1.5194156169891357,0.30921053886413574,True,100
actor,RandomKFold,1,4,GCN,101,148,48,1.5314580202102661,0.2809210419654846,1.518418788909912,0.29802632331848145,True,100
actor,RandomKFold,1,3,MixHop,101,128,28,1.338376522064209,0.3947368562221527,1.357983112335205,0.37368419766426086,True,100
actor,RandomKFold,1,4,SAGE,100,118,18,1.4027369022369385,0.3282894790172577,1.37711763381958,0.3598684072494507,True,100
actor,RandomKFold,1,4,SAGE,101,118,18,1.4067374467849731,0.33552631735801697,1.3781161308288574,0.36710527539253235,True,100
actor,RandomKFold,1,4,GAT,100,485,385,1.5282883644104004,0.2874999940395355,1.526829719543457,0.30657893419265747,True,100
actor,RandomKFold,1,4,GAT,101,638,538,1.5286704301834106,0.2921052575111389,1.5255755186080933,0.2947368323802948,True,100
actor,RandomKFold,1,4,GPRGNN,100,310,210,1.4115703105926514,0.3309210538864136,1.3822975158691406,0.38289472460746765,True,100
actor,RandomKFold,1,4,GPRGNN,101,238,138,1.4116755723953247,0.34671053290367126,1.388230323791504,0.37828946113586426,True,100
actor,RandomKFold,1,4,H2GCN,100,153,53,1.4379674196243286,0.339473694562912,1.4011850357055664,0.378947377204895,True,100
actor,RandomKFold,1,5,MLP,100,121,21,1.38955557346344,0.3677631616592407,1.4137271642684937,0.3388157784938812,True,100
actor,RandomKFold,1,5,MLP,101,122,22,1.389844536781311,0.36052632331848145,1.4188404083251953,0.3440789580345154,True,100
actor,RandomKFold,1,4,MixHop,100,131,31,1.3726223707199097,0.36052632331848145,1.3353859186172485,0.3927631676197052,True,100
actor,RandomKFold,1,4,H2GCN,101,158,58,1.4419620037078857,0.3486842215061188,1.402036190032959,0.38026314973831177,True,100
actor,RandomKFold,1,5,GCN,100,164,64,1.518624186515808,0.31118419766426086,1.5245717763900757,0.3131578862667084,True,100
actor,RandomKFold,1,4,MixHop,101,131,31,1.3707821369171143,0.3440789580345154,1.3365577459335327,0.3743421137332916,True,100
actor,RandomKFold,1,5,GCN,101,126,26,1.520491600036621,0.30657893419265747,1.5294451713562012,0.3131578862667084,True,100
actor,RandomKFold,1,5,GAT,100,148,48,1.52748703956604,0.3105263113975525,1.5341898202896118,0.2940789461135864,True,100
actor,RandomKFold,1,5,SAGE,100,116,16,1.3833465576171875,0.3618420958518982,1.4002842903137207,0.36513158679008484,True,100
actor,RandomKFold,1,5,SAGE,101,118,18,1.3840268850326538,0.3664473593235016,1.3992079496383667,0.35394737124443054,True,100
actor,RandomKFold,1,5,GAT,101,414,314,1.521781086921692,0.30921053886413574,1.5276161432266235,0.3032894730567932,True,100
actor,RandomKFold,1,5,GPRGNN,101,211,111,1.3941892385482788,0.3743421137332916,1.4179977178573608,0.35592105984687805,True,100
actor,RandomKFold,1,5,GPRGNN,100,310,210,1.391847848892212,0.36710527539253235,1.4195572137832642,0.3375000059604645,True,100
actor,RandomKFold,1,5,H2GCN,100,162,62,1.4111342430114746,0.36973685026168823,1.432053565979004,0.35394737124443054,True,100
actor,RandomKFold,1,5,H2GCN,101,162,62,1.4155384302139282,0.3657894730567932,1.4365968704223633,0.3499999940395355,True,100
actor,RandomKFold,1,5,MixHop,100,138,38,1.3475322723388672,0.38026314973831177,1.3626612424850464,0.36513158679008484,True,100
actor,RandomKFold,1,5,MixHop,101,127,27,1.3552122116088867,0.3855263292789459,1.3722575902938843,0.36052632331848145,True,100
actor,LabelStratifiedKFold,1,1,MLP,100,120,20,1.3929444551467896,0.35592105984687805,1.40797758102417,0.35789474844932556,True,100
actor,LabelStratifiedKFold,1,1,MLP,101,121,21,1.3865371942520142,0.36052632331848145,1.4083447456359863,0.3486842215061188,True,100
actor,LabelStratifiedKFold,1,1,GCN,100,131,31,1.5184588432312012,0.2973684072494507,1.5299386978149414,0.3032894730567932,True,100
actor,LabelStratifiedKFold,1,1,GCN,101,160,60,1.5173752307891846,0.3013157844543457,1.5315262079238892,0.2986842095851898,True,100
actor,LabelStratifiedKFold,1,1,GAT,101,247,147,1.5272951126098633,0.2947368323802948,1.5351040363311768,0.28947368264198303,True,100
actor,LabelStratifiedKFold,1,1,SAGE,100,118,18,1.37795090675354,0.36250001192092896,1.401332974433899,0.35131579637527466,True,100
actor,LabelStratifiedKFold,1,1,SAGE,101,117,17,1.3764585256576538,0.35789474844932556,1.401581883430481,0.3565789461135864,True,100
actor,LabelStratifiedKFold,1,1,GAT,100,471,371,1.5251463651657104,0.3013157844543457,1.5339998006820679,0.2947368323802948,True,100
actor,LabelStratifiedKFold,1,1,GPRGNN,100,313,213,1.3893117904663086,0.3835526406764984,1.4152289628982544,0.35328948497772217,True,100
actor,LabelStratifiedKFold,1,1,GPRGNN,101,229,129,1.3895536661148071,0.38092106580734253,1.411579966545105,0.34671053290367126,True,100
actor,LabelStratifiedKFold,1,1,H2GCN,100,160,60,1.3707833290100098,0.37368419766426086,1.4035518169403076,0.36710527539253235,True,100
actor,LabelStratifiedKFold,1,2,MLP,100,121,21,1.4042891263961792,0.33815789222717285,1.3798108100891113,0.35855263471603394,True,100
actor,LabelStratifiedKFold,1,2,MLP,101,121,21,1.4077333211898804,0.34473684430122375,1.3838696479797363,0.371052622795105,True,100
actor,LabelStratifiedKFold,1,1,H2GCN,101,168,68,1.3738393783569336,0.3796052634716034,1.4073158502578735,0.3657894730567932,True,100
actor,LabelStratifiedKFold,1,2,GCN,100,185,85,1.5326764583587646,0.29605263471603394,1.5117908716201782,0.3039473593235016,True,100
actor,LabelStratifiedKFold,1,2,GCN,101,153,53,1.5316452980041504,0.2986842095851898,1.5149521827697754,0.2973684072494507,True,100
actor,LabelStratifiedKFold,1,1,MixHop,100,137,37,1.3398866653442383,0.3756578862667084,1.3596869707107544,0.3723684251308441,True,100
actor,LabelStratifiedKFold,1,1,MixHop,101,143,43,1.3371479511260986,0.375,1.372136116027832,0.3499999940395355,True,100
actor,LabelStratifiedKFold,1,2,SAGE,100,116,16,1.3987889289855957,0.3592105209827423,1.3747323751449585,0.3657894730567932,True,100
actor,LabelStratifiedKFold,1,2,GAT,100,347,247,1.5357083082199097,0.2921052575111389,1.5264720916748047,0.3125,True,100
actor,LabelStratifiedKFold,1,2,GAT,101,452,352,1.5373212099075317,0.2967105209827423,1.5261178016662598,0.3059210479259491,True,100
actor,LabelStratifiedKFold,1,2,SAGE,101,118,18,1.3992985486984253,0.34671053290367126,1.3719358444213867,0.3723684251308441,True,100
actor,LabelStratifiedKFold,1,2,GPRGNN,100,200,100,1.4075288772583008,0.3703947365283966,1.3916252851486206,0.35789474844932556,True,100
actor,LabelStratifiedKFold,1,2,GPRGNN,101,293,193,1.4071087837219238,0.35855263471603394,1.392583966255188,0.3730263113975525,True,100
actor,LabelStratifiedKFold,1,2,H2GCN,100,164,64,1.4226951599121094,0.35855263471603394,1.3743854761123657,0.37631580233573914,True,100
actor,LabelStratifiedKFold,1,3,MLP,100,120,20,1.397530436515808,0.36250001192092896,1.3999145030975342,0.3565789461135864,True,100
actor,LabelStratifiedKFold,1,3,MLP,101,120,20,1.4020251035690308,0.3565789461135864,1.4037303924560547,0.34934210777282715,True,100
actor,LabelStratifiedKFold,1,2,H2GCN,101,164,64,1.4284895658493042,0.35394737124443054,1.378948450088501,0.37171053886413574,True,100
actor,LabelStratifiedKFold,1,2,MixHop,100,127,27,1.3696094751358032,0.3546052575111389,1.3417683839797974,0.3822368383407593,True,100
actor,LabelStratifiedKFold,1,3,GCN,100,197,97,1.5196750164031982,0.3105263113975525,1.5339304208755493,0.3013157844543457,True,100
actor,LabelStratifiedKFold,1,3,GCN,101,154,54,1.518362283706665,0.30723685026168823,1.5265443325042725,0.30263158679008484,True,100
actor,LabelStratifiedKFold,1,2,MixHop,101,131,31,1.3653690814971924,0.37171053886413574,1.3370767831802368,0.3835526406764984,True,100
actor,LabelStratifiedKFold,1,3,GAT,100,157,57,1.5300652980804443,0.3144736886024475,1.5385059118270874,0.2901315689086914,True,100
actor,LabelStratifiedKFold,1,3,GAT,101,264,164,1.5286831855773926,0.3098684251308441,1.5395420789718628,0.3039473593235016,True,100
actor,LabelStratifiedKFold,1,3,SAGE,100,117,17,1.3915411233901978,0.36710527539253235,1.4020473957061768,0.34736841917037964,True,100
actor,LabelStratifiedKFold,1,3,SAGE,101,117,17,1.3967173099517822,0.3572368323802948,1.3984514474868774,0.3572368323802948,True,100
actor,LabelStratifiedKFold,1,3,GPRGNN,101,230,130,1.4010815620422363,0.36052632331848145,1.4074008464813232,0.348026305437088,True,100
actor,LabelStratifiedKFold,1,3,GPRGNN,100,329,229,1.4040887355804443,0.3499999940395355,1.4096430540084839,0.3638157844543457,True,100
actor,LabelStratifiedKFold,1,3,H2GCN,100,165,65,1.4109622240066528,0.35855263471603394,1.4278974533081055,0.3611842095851898,True,100
actor,LabelStratifiedKFold,1,4,MLP,100,120,20,1.393433690071106,0.3644736707210541,1.4034055471420288,0.3598684072494507,True,100
actor,LabelStratifiedKFold,1,4,MLP,101,121,21,1.3951869010925293,0.35328948497772217,1.4079251289367676,0.35394737124443054,True,100
actor,LabelStratifiedKFold,1,3,H2GCN,101,167,67,1.4140145778656006,0.35394737124443054,1.4314669370651245,0.35328948497772217,True,100
actor,LabelStratifiedKFold,1,3,MixHop,100,133,33,1.3516697883605957,0.38026314973831177,1.3707160949707031,0.3572368323802948,True,100
actor,LabelStratifiedKFold,1,4,GCN,100,151,51,1.520519495010376,0.3125,1.5294808149337769,0.30723685026168823,True,100
actor,LabelStratifiedKFold,1,4,GCN,101,168,68,1.5208255052566528,0.30921053886413574,1.5325175523757935,0.2993420958518982,True,100
actor,LabelStratifiedKFold,1,3,MixHop,101,127,27,1.3517529964447021,0.378947377204895,1.3665465116500854,0.35789474844932556,True,100
actor,LabelStratifiedKFold,1,4,GAT,100,258,158,1.531468391418457,0.3052631616592407,1.534011960029602,0.30065789818763733,True,100
actor,LabelStratifiedKFold,1,4,GAT,101,216,116,1.5309174060821533,0.29802632331848145,1.5360769033432007,0.30460527539253235,True,100
actor,LabelStratifiedKFold,1,4,SAGE,100,117,17,1.3836300373077393,0.35789474844932556,1.4003297090530396,0.34671053290367126,True,100
actor,LabelStratifiedKFold,1,4,SAGE,101,118,18,1.3835413455963135,0.36973685026168823,1.4036517143249512,0.34934210777282715,True,100
actor,LabelStratifiedKFold,1,4,GPRGNN,101,202,102,1.3980501890182495,0.3769736886024475,1.4111378192901611,0.3546052575111389,True,100
actor,LabelStratifiedKFold,1,4,GPRGNN,100,271,171,1.3992902040481567,0.36907893419265747,1.4145880937576294,0.36513158679008484,True,100
actor,LabelStratifiedKFold,1,4,H2GCN,100,163,63,1.3905950784683228,0.37828946113586426,1.4075112342834473,0.3822368383407593,True,100
actor,LabelStratifiedKFold,1,5,MLP,100,120,20,1.4128280878067017,0.3460526168346405,1.3828277587890625,0.3703947365283966,True,100
actor,LabelStratifiedKFold,1,5,MLP,101,120,20,1.4112756252288818,0.3499999940395355,1.3886266946792603,0.3644736707210541,True,100
actor,LabelStratifiedKFold,1,4,H2GCN,101,172,72,1.394180417060852,0.36973685026168823,1.413933515548706,0.3723684251308441,True,100
actor,LabelStratifiedKFold,1,4,MixHop,101,127,27,1.3455069065093994,0.3756578862667084,1.3541443347930908,0.3815789520740509,True,100
actor,LabelStratifiedKFold,1,5,GCN,100,280,180,1.5183594226837158,0.3151315748691559,1.5239242315292358,0.3131578862667084,True,100
actor,LabelStratifiedKFold,1,4,MixHop,100,137,37,1.337494134902954,0.39210525155067444,1.3565852642059326,0.35789474844932556,True,100
actor,LabelStratifiedKFold,1,5,GCN,101,320,220,1.5187588930130005,0.3144736886024475,1.5245517492294312,0.2973684072494507,True,100
actor,LabelStratifiedKFold,1,5,GAT,100,202,102,1.5285618305206299,0.3197368383407593,1.5317021608352661,0.30000001192092896,True,100
actor,LabelStratifiedKFold,1,5,SAGE,100,117,17,1.3949580192565918,0.35131579637527466,1.3791214227676392,0.36973685026168823,True,100
actor,LabelStratifiedKFold,1,5,SAGE,101,115,15,1.400974154472351,0.3486842215061188,1.3887512683868408,0.3552631437778473,True,100
actor,LabelStratifiedKFold,1,5,GAT,101,451,351,1.5235462188720703,0.30263158679008484,1.5284761190414429,0.3059210479259491,True,100
actor,LabelStratifiedKFold,1,5,GPRGNN,100,224,124,1.4102238416671753,0.34473684430122375,1.4010813236236572,0.36052632331848145,True,100
actor,LabelStratifiedKFold,1,5,GPRGNN,101,178,78,1.4125350713729858,0.34934210777282715,1.3979922533035278,0.3644736707210541,True,100
actor,LabelStratifiedKFold,1,5,H2GCN,100,156,56,1.4084856510162354,0.36710527539253235,1.3967249393463135,0.36973685026168823,True,100
actor,LabelStratifiedKFold,1,5,H2GCN,101,149,49,1.4124802350997925,0.3638157844543457,1.3984352350234985,0.37368419766426086,True,100
actor,LabelStratifiedKFold,1,5,MixHop,100,126,26,1.3553391695022583,0.3723684251308441,1.3383618593215942,0.3769736886024475,True,100
actor,LabelStratifiedKFold,1,5,MixHop,101,126,26,1.369123101234436,0.36907893419265747,1.3461103439331055,0.371052622795105,True,100
actor,Sklearn_NeighHet_b500,1,1,MLP,101,121,21,1.4048333168029785,0.3638157844543457,1.4244176149368286,0.348026305437088,True,100
actor,Sklearn_NeighHet_b500,1,1,MLP,100,120,20,1.3947159051895142,0.371052622795105,1.4093117713928223,0.34473684430122375,True,100
actor,Sklearn_NeighHet_b500,1,1,GCN,100,216,116,1.525256872177124,0.30000001192092896,1.5301785469055176,0.2940789461135864,True,100
actor,Sklearn_NeighHet_b500,1,1,GCN,101,240,140,1.5254212617874146,0.2973684072494507,1.5350497961044312,0.29539474844932556,True,100
actor,Sklearn_NeighHet_b500,1,1,GAT,101,218,118,1.5295802354812622,0.30921053886413574,1.5361422300338745,0.2947368323802948,True,100
actor,Sklearn_NeighHet_b500,1,1,GAT,100,312,212,1.5260194540023804,0.31842106580734253,1.5356721878051758,0.2927631437778473,True,100
actor,Sklearn_NeighHet_b500,1,1,SAGE,100,117,17,1.3849135637283325,0.3572368323802948,1.4103578329086304,0.3618420958518982,True,100
actor,Sklearn_NeighHet_b500,1,1,SAGE,101,119,19,1.387351632118225,0.35855263471603394,1.4184834957122803,0.34276315569877625,True,100
actor,Sklearn_NeighHet_b500,1,1,GPRGNN,100,241,141,1.3998311758041382,0.3644736707210541,1.4166396856307983,0.35592105984687805,True,100
actor,Sklearn_NeighHet_b500,1,1,GPRGNN,101,230,130,1.4034727811813354,0.3546052575111389,1.4113396406173706,0.35131579637527466,True,100
actor,Sklearn_NeighHet_b500,1,1,H2GCN,100,155,55,1.4000719785690308,0.36513158679008484,1.4224512577056885,0.375,True,100
actor,Sklearn_NeighHet_b500,1,2,MLP,100,121,21,1.3996387720108032,0.3572368323802948,1.3892874717712402,0.35789474844932556,True,100
actor,Sklearn_NeighHet_b500,1,2,MLP,101,120,20,1.407192349433899,0.34210526943206787,1.3971986770629883,0.37368419766426086,True,100
actor,Sklearn_NeighHet_b500,1,1,H2GCN,101,165,65,1.400008201599121,0.3657894730567932,1.4259804487228394,0.3730263113975525,True,100
actor,Sklearn_NeighHet_b500,1,2,GCN,101,151,51,1.5103874206542969,0.3144736886024475,1.5319966077804565,0.2921052575111389,True,100
actor,Sklearn_NeighHet_b500,1,1,MixHop,100,137,37,1.35044527053833,0.3730263113975525,1.3635183572769165,0.371052622795105,True,100
actor,Sklearn_NeighHet_b500,1,2,GCN,100,224,124,1.5084800720214844,0.3217105269432068,1.5364227294921875,0.2986842095851898,True,100
actor,Sklearn_NeighHet_b500,1,1,MixHop,101,128,28,1.3518763780593872,0.35592105984687805,1.3681139945983887,0.3598684072494507,True,100
actor,Sklearn_NeighHet_b500,1,2,GAT,101,238,138,1.5207966566085815,0.316447377204895,1.5377017259597778,0.2986842095851898,True,100
actor,Sklearn_NeighHet_b500,1,2,GAT,100,275,175,1.5202357769012451,0.3144736886024475,1.5374681949615479,0.2927631437778473,True,100
actor,Sklearn_NeighHet_b500,1,2,SAGE,100,117,17,1.3758430480957031,0.3611842095851898,1.3809328079223633,0.3677631616592407,True,100
actor,Sklearn_NeighHet_b500,1,2,SAGE,101,118,18,1.3815561532974243,0.35592105984687805,1.3765171766281128,0.36513158679008484,True,100
actor,Sklearn_NeighHet_b500,1,2,GPRGNN,100,243,143,1.3978792428970337,0.3723684251308441,1.4027965068817139,0.35394737124443054,True,100
actor,Sklearn_NeighHet_b500,1,2,GPRGNN,101,247,147,1.3934125900268555,0.36973685026168823,1.3993531465530396,0.36250001192092896,True,100
actor,Sklearn_NeighHet_b500,1,2,H2GCN,100,149,49,1.3941552639007568,0.36513158679008484,1.4003597497940063,0.3769736886024475,True,100
actor,Sklearn_NeighHet_b500,1,2,H2GCN,101,150,50,1.3966683149337769,0.3756578862667084,1.405726671218872,0.37368419766426086,True,100
actor,Sklearn_NeighHet_b500,1,3,MLP,100,121,21,1.4056224822998047,0.3414473831653595,1.3938552141189575,0.34473684430122375,True,100
actor,Sklearn_NeighHet_b500,1,3,MLP,101,120,20,1.412001132965088,0.34013158082962036,1.3921682834625244,0.3552631437778473,True,100
actor,Sklearn_NeighHet_b500,1,3,GCN,101,190,90,1.5269391536712646,0.2874999940395355,1.5145827531814575,0.3144736886024475,True,100
actor,Sklearn_NeighHet_b500,1,3,GCN,100,218,118,1.5281825065612793,0.2835526168346405,1.5118554830551147,0.3144736886024475,True,100
actor,Sklearn_NeighHet_b500,1,2,MixHop,100,131,31,1.338828206062317,0.378947377204895,1.3469692468643188,0.3855263292789459,True,100
actor,Sklearn_NeighHet_b500,1,2,MixHop,101,145,45,1.3462474346160889,0.36315789818763733,1.359946846961975,0.3703947365283966,True,100
actor,Sklearn_NeighHet_b500,1,3,GAT,101,304,204,1.5326669216156006,0.29605263471603394,1.5275681018829346,0.29605263471603394,True,100
actor,Sklearn_NeighHet_b500,1,3,GAT,100,398,298,1.5317829847335815,0.2993420958518982,1.5251559019088745,0.3098684251308441,True,100
actor,Sklearn_NeighHet_b500,1,3,SAGE,100,118,18,1.3945826292037964,0.35197368264198303,1.3744617700576782,0.36250001192092896,True,100
actor,Sklearn_NeighHet_b500,1,3,SAGE,101,117,17,1.3965986967086792,0.35131579637527466,1.3782236576080322,0.3611842095851898,True,100
actor,Sklearn_NeighHet_b500,1,3,GPRGNN,100,316,216,1.410597324371338,0.3440789580345154,1.4039173126220703,0.3506578803062439,True,100
actor,Sklearn_NeighHet_b500,1,3,GPRGNN,101,198,98,1.4144318103790283,0.34473684430122375,1.3914726972579956,0.3730263113975525,True,100
actor,Sklearn_NeighHet_b500,1,3,H2GCN,100,157,57,1.4132444858551025,0.35328948497772217,1.3882251977920532,0.3703947365283966,True,100
actor,Sklearn_NeighHet_b500,1,4,MLP,100,121,21,1.3936458826065063,0.35328948497772217,1.4143742322921753,0.33157894015312195,True,100
actor,Sklearn_NeighHet_b500,1,4,MLP,101,121,21,1.3994011878967285,0.34671053290367126,1.4214171171188354,0.32960525155067444,True,100
actor,Sklearn_NeighHet_b500,1,3,H2GCN,101,159,59,1.4180635213851929,0.35328948497772217,1.3919622898101807,0.3598684072494507,True,100
actor,Sklearn_NeighHet_b500,1,4,GCN,100,172,72,1.5259130001068115,0.3039473593235016,1.5330889225006104,0.2874999940395355,True,100
actor,Sklearn_NeighHet_b500,1,4,GCN,101,157,57,1.524992823600769,0.3039473593235016,1.5317280292510986,0.2901315689086914,True,100
actor,Sklearn_NeighHet_b500,1,3,MixHop,100,134,34,1.3648465871810913,0.3499999940395355,1.3401987552642822,0.3881579041481018,True,100
actor,Sklearn_NeighHet_b500,1,3,MixHop,101,128,28,1.3623195886611938,0.3486842215061188,1.3440479040145874,0.3842105269432068,True,100
actor,Sklearn_NeighHet_b500,1,4,SAGE,100,117,17,1.3973915576934814,0.35131579637527466,1.4166207313537598,0.3328947424888611,True,100
actor,Sklearn_NeighHet_b500,1,4,GAT,101,360,260,1.5359220504760742,0.2835526168346405,1.538097620010376,0.2967105209827423,True,100
actor,Sklearn_NeighHet_b500,1,4,SAGE,101,116,16,1.3962355852127075,0.3499999940395355,1.4150433540344238,0.3414473831653595,True,100
actor,Sklearn_NeighHet_b500,1,4,GPRGNN,100,241,141,1.406551480293274,0.3460526168346405,1.41841459274292,0.34473684430122375,True,100
actor,Sklearn_NeighHet_b500,1,4,GAT,100,583,483,1.5327602624893188,0.2940789461135864,1.533624529838562,0.28684210777282715,True,100
actor,Sklearn_NeighHet_b500,1,4,GPRGNN,101,193,93,1.4041085243225098,0.3546052575111389,1.417862057685852,0.3328947424888611,True,100
actor,Sklearn_NeighHet_b500,1,4,H2GCN,100,150,50,1.4155410528182983,0.3592105209827423,1.426185965538025,0.3309210538864136,True,100
actor,Sklearn_NeighHet_b500,1,5,MLP,100,121,21,1.3956149816513062,0.3598684072494507,1.3832485675811768,0.37631580233573914,True,100
actor,Sklearn_NeighHet_b500,1,5,MLP,101,121,21,1.406342625617981,0.34934210777282715,1.3863729238510132,0.3730263113975525,True,100
actor,Sklearn_NeighHet_b500,1,4,H2GCN,101,143,43,1.417981743812561,0.36710527539253235,1.430487871170044,0.33421051502227783,True,100
actor,Sklearn_NeighHet_b500,1,5,GCN,100,132,32,1.528107762336731,0.3013157844543457,1.5271425247192383,0.30263158679008484,True,100
actor,Sklearn_NeighHet_b500,1,5,GCN,101,122,22,1.5273104906082153,0.30000001192092896,1.5281695127487183,0.30921053886413574,True,100
actor,Sklearn_NeighHet_b500,1,4,MixHop,101,128,28,1.3562687635421753,0.3756578862667084,1.3713550567626953,0.34934210777282715,True,100
actor,Sklearn_NeighHet_b500,1,4,MixHop,100,133,33,1.3468106985092163,0.3881579041481018,1.37003493309021,0.3611842095851898,True,100
actor,Sklearn_NeighHet_b500,1,5,GAT,100,410,310,1.533429741859436,0.29802632331848145,1.5335748195648193,0.30000001192092896,True,100
actor,Sklearn_NeighHet_b500,1,5,SAGE,100,117,17,1.3942729234695435,0.3677631616592407,1.378493309020996,0.34934210777282715,True,100
actor,Sklearn_NeighHet_b500,1,5,SAGE,101,117,17,1.3953860998153687,0.35789474844932556,1.3764413595199585,0.3618420958518982,True,100
actor,Sklearn_NeighHet_b500,1,5,GAT,101,454,354,1.5337445735931396,0.29342105984687805,1.5324007272720337,0.3032894730567932,True,100
actor,Sklearn_NeighHet_b500,1,5,GPRGNN,101,178,78,1.4073588848114014,0.3684210479259491,1.40086829662323,0.37368419766426086,True,100
actor,Sklearn_NeighHet_b500,1,5,GPRGNN,100,241,141,1.408756971359253,0.35197368264198303,1.3965140581130981,0.3815789520740509,True,100
actor,Sklearn_NeighHet_b500,1,5,H2GCN,100,154,54,1.4102479219436646,0.37631580233573914,1.396907925605774,0.3901315927505493,True,100
actor,Sklearn_NeighHet_b500,1,5,H2GCN,101,157,57,1.4123400449752808,0.3723684251308441,1.399811863899231,0.38289472460746765,True,100
actor,Sklearn_NeighHet_b500,1,5,MixHop,101,131,31,1.3598095178604126,0.37828946113586426,1.346471905708313,0.37828946113586426,True,100
actor,Sklearn_NeighHet_b500,1,5,MixHop,100,138,38,1.3583158254623413,0.36052632331848145,1.3430098295211792,0.39144736528396606,True,100
actor,RandomKFold,2,1,MLP,101,120,20,1.4126049280166626,0.34276315569877625,1.3994752168655396,0.3657894730567932,True,100
actor,RandomKFold,2,1,MLP,100,120,20,1.4085147380828857,0.34736841917037964,1.3963749408721924,0.371052622795105,True,100
actor,RandomKFold,2,1,GCN,101,127,27,1.5237089395523071,0.30065789818763733,1.5146878957748413,0.30460527539253235,True,100
actor,RandomKFold,2,1,GCN,100,127,27,1.524735927581787,0.31118419766426086,1.515304446220398,0.308552622795105,True,100
actor,RandomKFold,2,1,GAT,101,261,161,1.5315629243850708,0.3052631616592407,1.532283902168274,0.2947368323802948,True,100
actor,RandomKFold,2,1,GAT,100,318,218,1.5269259214401245,0.31578946113586426,1.5302433967590332,0.2921052575111389,True,100
actor,RandomKFold,2,1,SAGE,101,116,16,1.389257788658142,0.3644736707210541,1.3799335956573486,0.3657894730567932,True,100
actor,RandomKFold,2,1,SAGE,100,117,17,1.3922594785690308,0.3618420958518982,1.3833433389663696,0.3618420958518982,True,100
actor,RandomKFold,2,1,GPRGNN,101,238,138,1.4001950025558472,0.3572368323802948,1.4038150310516357,0.3572368323802948,True,100
actor,RandomKFold,2,1,GPRGNN,100,310,210,1.3990336656570435,0.3592105209827423,1.406091332435608,0.3796052634716034,True,100
actor,RandomKFold,2,1,H2GCN,100,151,51,1.4105674028396606,0.3499999940395355,1.3870881795883179,0.3684210479259491,True,100
actor,RandomKFold,2,2,MLP,100,120,20,1.4033114910125732,0.34539473056793213,1.3997858762741089,0.34276315569877625,True,100
actor,RandomKFold,2,2,MLP,101,120,20,1.407042384147644,0.3302631676197052,1.4033384323120117,0.3526315689086914,True,100
actor,RandomKFold,2,1,H2GCN,101,159,59,1.4178143739700317,0.3565789461135864,1.3947832584381104,0.371052622795105,True,100
actor,RandomKFold,2,2,GCN,100,163,63,1.521610975265503,0.29802632331848145,1.5246922969818115,0.3059210479259491,True,100
actor,RandomKFold,2,2,GCN,101,187,87,1.5199731588363647,0.29539474844932556,1.5258984565734863,0.30921053886413574,True,100
actor,RandomKFold,2,1,MixHop,100,127,27,1.3481768369674683,0.3638157844543457,1.3538413047790527,0.38684210181236267,True,100
actor,RandomKFold,2,1,MixHop,101,132,32,1.3551025390625,0.36710527539253235,1.3503825664520264,0.3993421196937561,True,100
actor,RandomKFold,2,2,GAT,100,188,88,1.5316036939620972,0.2973684072494507,1.5324609279632568,0.2973684072494507,True,100
actor,RandomKFold,2,2,GAT,101,228,128,1.5321941375732422,0.29539474844932556,1.5322986841201782,0.2973684072494507,True,100
actor,RandomKFold,2,2,SAGE,100,116,16,1.4037179946899414,0.348026305437088,1.3839905261993408,0.3598684072494507,True,100
actor,RandomKFold,2,2,SAGE,101,115,15,1.401624321937561,0.34736841917037964,1.3818867206573486,0.36315789818763733,True,100
actor,RandomKFold,2,2,GPRGNN,100,234,134,1.4068292379379272,0.3565789461135864,1.402559518814087,0.3552631437778473,True,100
actor,RandomKFold,2,2,GPRGNN,101,230,130,1.403738260269165,0.3546052575111389,1.4037673473358154,0.3526315689086914,True,100
actor,RandomKFold,2,2,H2GCN,100,157,57,1.4086933135986328,0.3526315689086914,1.411832571029663,0.3664473593235016,True,100
actor,RandomKFold,2,3,MLP,100,121,21,1.401719570159912,0.3611842095851898,1.395655632019043,0.3618420958518982,True,100
actor,RandomKFold,2,3,MLP,101,121,21,1.4093959331512451,0.35394737124443054,1.3973379135131836,0.3611842095851898,True,100
actor,RandomKFold,2,2,H2GCN,101,148,48,1.413763165473938,0.3644736707210541,1.4184616804122925,0.3618420958518982,True,100
actor,RandomKFold,2,3,GCN,100,165,65,1.5332268476486206,0.2973684072494507,1.5152653455734253,0.31118419766426086,True,100
actor,RandomKFold,2,3,GCN,101,132,32,1.5335882902145386,0.2973684072494507,1.5194162130355835,0.2967105209827423,True,100
actor,RandomKFold,2,2,MixHop,100,138,38,1.350651741027832,0.371052622795105,1.3506590127944946,0.3743421137332916,True,100
actor,RandomKFold,2,2,MixHop,101,132,32,1.349157691001892,0.3756578862667084,1.3540153503417969,0.3730263113975525,True,100
actor,RandomKFold,2,3,GAT,101,211,111,1.5436948537826538,0.285526305437088,1.5283199548721313,0.30000001192092896,True,100
actor,RandomKFold,2,3,SAGE,100,117,17,1.4038373231887817,0.35197368264198303,1.4049307107925415,0.34013158082962036,True,100
actor,RandomKFold,2,3,GAT,100,402,302,1.5402419567108154,0.2874999940395355,1.5290961265563965,0.2986842095851898,True,100
actor,RandomKFold,2,3,SAGE,101,116,16,1.4031343460083008,0.3486842215061188,1.4032851457595825,0.339473694562912,True,100
actor,RandomKFold,2,3,GPRGNN,101,210,110,1.4063076972961426,0.3756578862667084,1.4028154611587524,0.3552631437778473,True,100
actor,RandomKFold,2,3,GPRGNN,100,288,188,1.4064019918441772,0.3546052575111389,1.407374382019043,0.34276315569877625,True,100
actor,RandomKFold,2,3,H2GCN,100,158,58,1.4145594835281372,0.36973685026168823,1.3994916677474976,0.35789474844932556,True,100
actor,RandomKFold,2,4,MLP,100,122,22,1.3865267038345337,0.3552631437778473,1.4101989269256592,0.35855263471603394,True,100
actor,RandomKFold,2,4,MLP,101,122,22,1.3859540224075317,0.3572368323802948,1.4094780683517456,0.3546052575111389,True,100
actor,RandomKFold,2,3,H2GCN,101,157,57,1.4157044887542725,0.36315789818763733,1.4030534029006958,0.35592105984687805,True,100
actor,RandomKFold,2,4,GCN,100,147,47,1.522971272468567,0.30657893419265747,1.5357482433319092,0.29078948497772217,True,100
actor,RandomKFold,2,4,GCN,101,145,45,1.523573398590088,0.3105263113975525,1.5384936332702637,0.27960526943206787,True,100
actor,RandomKFold,2,3,MixHop,100,138,38,1.3607662916183472,0.3644736707210541,1.3463350534439087,0.3822368383407593,True,100
actor,RandomKFold,2,3,MixHop,101,136,36,1.364565372467041,0.3638157844543457,1.354896903038025,0.375,True,100
actor,RandomKFold,2,4,SAGE,100,121,21,1.3753925561904907,0.33815789222717285,1.4071117639541626,0.35197368264198303,True,100
actor,RandomKFold,2,4,GAT,101,383,283,1.5255200862884521,0.2947368323802948,1.5497715473175049,0.26907894015312195,True,100
actor,RandomKFold,2,4,SAGE,101,118,18,1.3816603422164917,0.34934210777282715,1.4017481803894043,0.36250001192092896,True,100
actor,RandomKFold,2,4,GAT,100,500,400,1.5245342254638672,0.30065789818763733,1.5441319942474365,0.29342105984687805,True,100
actor,RandomKFold,2,4,GPRGNN,100,223,123,1.403653860092163,0.348026305437088,1.4183862209320068,0.35855263471603394,True,100
actor,RandomKFold,2,4,GPRGNN,101,219,119,1.4051768779754639,0.3440789580345154,1.4197267293930054,0.3572368323802948,True,100
actor,RandomKFold,2,4,H2GCN,100,164,64,1.4076817035675049,0.3723684251308441,1.4234707355499268,0.3552631437778473,True,100
actor,RandomKFold,2,4,H2GCN,101,163,63,1.4144304990768433,0.3769736886024475,1.4240033626556396,0.35131579637527466,True,100
actor,RandomKFold,2,5,MLP,101,120,20,1.388383388519287,0.3743421137332916,1.4011002779006958,0.3506578803062439,True,100
actor,RandomKFold,2,5,MLP,100,120,20,1.3873282670974731,0.36710527539253235,1.3991749286651611,0.35131579637527466,True,100
actor,RandomKFold,2,5,GCN,100,223,123,1.507389783859253,0.3210526406764984,1.5273239612579346,0.3144736886024475,True,100
actor,RandomKFold,2,4,MixHop,101,128,28,1.3507486581802368,0.3598684072494507,1.3718562126159668,0.3546052575111389,True,100
actor,RandomKFold,2,5,GCN,101,240,140,1.5071817636489868,0.3144736886024475,1.5246508121490479,0.30460527539253235,True,100
actor,RandomKFold,2,4,MixHop,100,132,32,1.3475868701934814,0.3684210479259491,1.364809513092041,0.3730263113975525,True,100
actor,RandomKFold,2,5,SAGE,100,116,16,1.380722165107727,0.37631580233573914,1.3863868713378906,0.3526315689086914,True,100
actor,RandomKFold,2,5,SAGE,101,117,17,1.3790416717529297,0.3855263292789459,1.3855582475662231,0.36052632331848145,True,100
actor,RandomKFold,2,5,GAT,100,346,246,1.522673487663269,0.30065789818763733,1.53095543384552,0.2993420958518982,True,100
actor,RandomKFold,2,5,GAT,101,416,316,1.5222792625427246,0.31381580233573914,1.5284669399261475,0.30460527539253235,True,100
actor,RandomKFold,2,5,GPRGNN,101,174,74,1.3935176134109497,0.36973685026168823,1.4119892120361328,0.3460526168346405,True,100
actor,RandomKFold,2,5,GPRGNN,100,295,195,1.3977165222167969,0.3842105269432068,1.4075227975845337,0.36315789818763733,True,100
actor,RandomKFold,2,5,H2GCN,100,150,50,1.3864399194717407,0.3855263292789459,1.4109967947006226,0.36052632331848145,True,100
actor,RandomKFold,2,5,H2GCN,101,148,48,1.3908042907714844,0.3842105269432068,1.4176130294799805,0.35855263471603394,True,100
actor,RandomKFold,2,5,MixHop,100,137,37,1.3499358892440796,0.40328946709632874,1.355241298675537,0.3743421137332916,True,100
actor,RandomKFold,2,5,MixHop,101,137,37,1.3487892150878906,0.3934210538864136,1.3540419340133667,0.378947377204895,True,100
actor,LabelStratifiedKFold,2,1,MLP,100,120,20,1.4101285934448242,0.3552631437778473,1.3907496929168701,0.36250001192092896,True,100
actor,LabelStratifiedKFold,2,1,MLP,101,119,19,1.4144318103790283,0.35197368264198303,1.4013551473617554,0.35131579637527466,True,100
actor,LabelStratifiedKFold,2,1,GCN,101,125,25,1.5317480564117432,0.2921052575111389,1.5181422233581543,0.2993420958518982,True,100
actor,LabelStratifiedKFold,2,1,GCN,100,128,28,1.5314637422561646,0.2967105209827423,1.5178741216659546,0.31118419766426086,True,100
actor,LabelStratifiedKFold,2,1,GAT,101,268,168,1.5387458801269531,0.3032894730567932,1.528382420539856,0.31578946113586426,True,100
actor,LabelStratifiedKFold,2,1,GAT,100,293,193,1.5374828577041626,0.2986842095851898,1.526853322982788,0.3105263113975525,True,100
actor,LabelStratifiedKFold,2,1,SAGE,100,116,16,1.4091930389404297,0.35197368264198303,1.3873454332351685,0.3572368323802948,True,100
actor,LabelStratifiedKFold,2,1,SAGE,101,118,18,1.4026259183883667,0.348026305437088,1.3876065015792847,0.3434210419654846,True,100
actor,LabelStratifiedKFold,2,1,GPRGNN,101,181,81,1.4150798320770264,0.35394737124443054,1.3977022171020508,0.36710527539253235,True,100
actor,LabelStratifiedKFold,2,1,GPRGNN,100,224,124,1.4190527200698853,0.35131579637527466,1.3979604244232178,0.3638157844543457,True,100
actor,LabelStratifiedKFold,2,1,H2GCN,101,142,42,1.427394151687622,0.3486842215061188,1.41726815700531,0.36250001192092896,True,100
actor,LabelStratifiedKFold,2,2,MLP,100,120,20,1.393396258354187,0.3552631437778473,1.4179203510284424,0.35328948497772217,True,100
actor,LabelStratifiedKFold,2,1,H2GCN,100,157,57,1.4213320016860962,0.34736841917037964,1.4108457565307617,0.3730263113975525,True,100
actor,LabelStratifiedKFold,2,2,MLP,101,121,21,1.393678069114685,0.36315789818763733,1.4244790077209473,0.34539473056793213,True,100
actor,LabelStratifiedKFold,2,2,GCN,100,147,47,1.530512809753418,0.2986842095851898,1.5336862802505493,0.29539474844932556,True,100
actor,LabelStratifiedKFold,2,2,GCN,101,137,37,1.5280096530914307,0.3032894730567932,1.535668134689331,0.29802632331848145,True,100
actor,LabelStratifiedKFold,2,1,MixHop,101,127,27,1.3710564374923706,0.35789474844932556,1.349122166633606,0.3947368562221527,True,100
actor,LabelStratifiedKFold,2,1,MixHop,100,132,32,1.3633930683135986,0.37171053886413574,1.3452190160751343,0.3730263113975525,True,100
actor,LabelStratifiedKFold,2,2,GAT,100,214,114,1.5332458019256592,0.29539474844932556,1.5362513065338135,0.3151315748691559,True,100
actor,LabelStratifiedKFold,2,2,GAT,101,253,153,1.533916711807251,0.2967105209827423,1.5370566844940186,0.3118421137332916,True,100
actor,LabelStratifiedKFold,2,2,SAGE,100,123,23,1.3848531246185303,0.36315789818763733,1.4104712009429932,0.3440789580345154,True,100
actor,LabelStratifiedKFold,2,2,SAGE,101,121,21,1.3831524848937988,0.35855263471603394,1.4024513959884644,0.3677631616592407,True,100
actor,LabelStratifiedKFold,2,2,GPRGNN,100,241,141,1.4012503623962402,0.37171053886413574,1.4233163595199585,0.3440789580345154,True,100
actor,LabelStratifiedKFold,2,2,GPRGNN,101,320,220,1.3929107189178467,0.35592105984687805,1.4240074157714844,0.34736841917037964,True,100
actor,LabelStratifiedKFold,2,2,H2GCN,100,156,56,1.3969528675079346,0.36907893419265747,1.4159234762191772,0.36710527539253235,True,100
actor,LabelStratifiedKFold,2,3,MLP,100,120,20,1.4031723737716675,0.34078946709632874,1.3933337926864624,0.36315789818763733,True,100
actor,LabelStratifiedKFold,2,3,MLP,101,121,21,1.4059828519821167,0.3546052575111389,1.3964791297912598,0.34736841917037964,True,100
actor,LabelStratifiedKFold,2,2,H2GCN,101,157,57,1.4010584354400635,0.375,1.4228172302246094,0.36315789818763733,True,100
actor,LabelStratifiedKFold,2,2,MixHop,101,131,31,1.3495811223983765,0.37631580233573914,1.3744844198226929,0.35197368264198303,True,100
actor,LabelStratifiedKFold,2,3,GCN,100,166,66,1.5188939571380615,0.32039472460746765,1.5366206169128418,0.28947368264198303,True,100
actor,LabelStratifiedKFold,2,2,MixHop,100,143,43,1.3519093990325928,0.3815789520740509,1.3740774393081665,0.3815789520740509,True,100
actor,LabelStratifiedKFold,2,3,GCN,101,157,57,1.518846869468689,0.3059210479259491,1.5326547622680664,0.28881579637527466,True,100
actor,LabelStratifiedKFold,2,3,GAT,100,165,65,1.5307821035385132,0.30000001192092896,1.539140224456787,0.2901315689086914,True,100
actor,LabelStratifiedKFold,2,3,SAGE,100,117,17,1.3823238611221313,0.36315789818763733,1.3947112560272217,0.339473694562912,True,100
actor,LabelStratifiedKFold,2,3,SAGE,101,117,17,1.3816150426864624,0.3565789461135864,1.3962925672531128,0.339473694562912,True,100
actor,LabelStratifiedKFold,2,3,GAT,101,390,290,1.5278306007385254,0.30921053886413574,1.5381122827529907,0.29144737124443054,True,100
actor,LabelStratifiedKFold,2,3,GPRGNN,100,198,98,1.4001593589782715,0.3546052575111389,1.4110060930252075,0.3565789461135864,True,100
actor,LabelStratifiedKFold,2,3,GPRGNN,101,173,73,1.407407283782959,0.348026305437088,1.4046944379806519,0.34671053290367126,True,100
actor,LabelStratifiedKFold,2,3,H2GCN,100,163,63,1.4016315937042236,0.36315789818763733,1.3947612047195435,0.35592105984687805,True,100
actor,LabelStratifiedKFold,2,4,MLP,100,122,22,1.3847819566726685,0.3730263113975525,1.405221700668335,0.34539473056793213,True,100
actor,LabelStratifiedKFold,2,4,MLP,101,122,22,1.3785247802734375,0.38684210181236267,1.4046757221221924,0.34473684430122375,True,100
actor,LabelStratifiedKFold,2,3,H2GCN,101,163,63,1.4079136848449707,0.3552631437778473,1.3990912437438965,0.35592105984687805,True,100
actor,LabelStratifiedKFold,2,4,GCN,100,162,62,1.5270359516143799,0.29342105984687805,1.5214824676513672,0.30460527539253235,True,100
actor,LabelStratifiedKFold,2,4,GCN,101,143,43,1.5285159349441528,0.2927631437778473,1.5226813554763794,0.3052631616592407,True,100
actor,LabelStratifiedKFold,2,3,MixHop,100,138,38,1.3523975610733032,0.37631580233573914,1.3529936075210571,0.3664473593235016,True,100
actor,LabelStratifiedKFold,2,4,GAT,100,243,143,1.533811092376709,0.2927631437778473,1.5345280170440674,0.2927631437778473,True,100
actor,LabelStratifiedKFold,2,4,GAT,101,236,136,1.5331766605377197,0.2940789461135864,1.5333139896392822,0.2986842095851898,True,100
actor,LabelStratifiedKFold,2,3,MixHop,101,141,41,1.3586736917495728,0.3907894790172577,1.354254126548767,0.36513158679008484,True,100
actor,LabelStratifiedKFold,2,4,SAGE,100,120,20,1.3902676105499268,0.3592105209827423,1.3882145881652832,0.36250001192092896,True,100
actor,LabelStratifiedKFold,2,4,GPRGNN,100,217,117,1.403070330619812,0.35855263471603394,1.4071862697601318,0.3677631616592407,True,100
actor,LabelStratifiedKFold,2,4,SAGE,101,125,25,1.391219139099121,0.36052632331848145,1.3918241262435913,0.3565789461135864,True,100
actor,LabelStratifiedKFold,2,4,GPRGNN,101,239,139,1.3996877670288086,0.3703947365283966,1.4049330949783325,0.35592105984687805,True,100
actor,LabelStratifiedKFold,2,4,H2GCN,100,152,52,1.3948110342025757,0.35328948497772217,1.4086977243423462,0.3546052575111389,True,100
actor,LabelStratifiedKFold,2,5,MLP,100,121,21,1.398380160331726,0.36250001192092896,1.3782801628112793,0.3756578862667084,True,100
actor,LabelStratifiedKFold,2,5,MLP,101,121,21,1.405755639076233,0.3526315689086914,1.382354736328125,0.36907893419265747,True,100
actor,LabelStratifiedKFold,2,4,H2GCN,101,155,55,1.3990910053253174,0.3546052575111389,1.4137102365493774,0.35592105984687805,True,100
actor,LabelStratifiedKFold,2,5,GCN,100,180,80,1.5186902284622192,0.3052631616592407,1.531980276107788,0.3039473593235016,True,100
actor,LabelStratifiedKFold,2,5,GCN,101,126,26,1.5200917720794678,0.3105263113975525,1.5330816507339478,0.308552622795105,True,100
actor,LabelStratifiedKFold,2,4,MixHop,100,137,37,1.3449513912200928,0.3684210479259491,1.3553428649902344,0.3822368383407593,True,100
actor,LabelStratifiedKFold,2,4,MixHop,101,139,39,1.3494728803634644,0.3565789461135864,1.353840708732605,0.37368419766426086,True,100
actor,LabelStratifiedKFold,2,5,GAT,100,247,147,1.5263926982879639,0.29802632331848145,1.5347238779067993,0.28684210777282715,True,100
actor,LabelStratifiedKFold,2,5,SAGE,100,117,17,1.3871371746063232,0.3592105209827423,1.3901705741882324,0.3592105209827423,True,100
actor,LabelStratifiedKFold,2,5,SAGE,101,117,17,1.3904623985290527,0.3598684072494507,1.389697790145874,0.3644736707210541,True,100
actor,LabelStratifiedKFold,2,5,GPRGNN,100,254,154,1.404125452041626,0.3572368323802948,1.4018915891647339,0.3638157844543457,True,100
actor,LabelStratifiedKFold,2,5,GAT,101,637,537,1.5205572843551636,0.31118419766426086,1.5286403894424438,0.2921052575111389,True,100
actor,LabelStratifiedKFold,2,5,GPRGNN,101,216,116,1.4010860919952393,0.3638157844543457,1.4036171436309814,0.37171053886413574,True,100
actor,LabelStratifiedKFold,2,5,H2GCN,100,155,55,1.4060614109039307,0.3644736707210541,1.394400954246521,0.38026314973831177,True,100
actor,LabelStratifiedKFold,2,5,H2GCN,101,163,63,1.4100115299224854,0.36250001192092896,1.3956992626190186,0.37631580233573914,True,100
actor,LabelStratifiedKFold,2,5,MixHop,100,138,38,1.349797010421753,0.3756578862667084,1.3395453691482544,0.38026314973831177,True,100
actor,LabelStratifiedKFold,2,5,MixHop,101,137,37,1.3551362752914429,0.371052622795105,1.3430213928222656,0.3730263113975525,True,100
actor,Sklearn_NeighHet_b500,2,1,MLP,100,120,20,1.4041894674301147,0.3572368323802948,1.4077438116073608,0.3388157784938812,True,100
actor,Sklearn_NeighHet_b500,2,1,MLP,101,120,20,1.408866047859192,0.3565789461135864,1.4146682024002075,0.3440789580345154,True,100
actor,Sklearn_NeighHet_b500,2,1,GCN,101,123,23,1.529099464416504,0.30657893419265747,1.5363751649856567,0.2940789461135864,True,100
actor,Sklearn_NeighHet_b500,2,1,GCN,100,129,29,1.528293490409851,0.29342105984687805,1.536551594734192,0.2881578803062439,True,100
actor,Sklearn_NeighHet_b500,2,1,GAT,101,230,130,1.5388789176940918,0.2861842215061188,1.5420935153961182,0.2815789580345154,True,100
actor,Sklearn_NeighHet_b500,2,1,GAT,100,258,158,1.5399885177612305,0.2973684072494507,1.539005160331726,0.29802632331848145,True,100
actor,Sklearn_NeighHet_b500,2,1,SAGE,100,117,17,1.3974064588546753,0.36315789818763733,1.4027178287506104,0.3434210419654846,True,100
actor,Sklearn_NeighHet_b500,2,1,SAGE,101,115,15,1.3924263715744019,0.35131579637527466,1.4029804468154907,0.3414473831653595,True,100
actor,Sklearn_NeighHet_b500,2,1,GPRGNN,101,261,161,1.4015125036239624,0.35394737124443054,1.418092131614685,0.3434210419654846,True,100
actor,Sklearn_NeighHet_b500,2,1,GPRGNN,100,289,189,1.4004911184310913,0.35394737124443054,1.418499231338501,0.3460526168346405,True,100
actor,Sklearn_NeighHet_b500,2,1,H2GCN,100,147,47,1.4118973016738892,0.3756578862667084,1.4118815660476685,0.3598684072494507,True,100
actor,Sklearn_NeighHet_b500,2,2,MLP,100,120,20,1.3967304229736328,0.3552631437778473,1.4008045196533203,0.3657894730567932,True,100
actor,Sklearn_NeighHet_b500,2,1,H2GCN,101,147,47,1.414657473564148,0.3657894730567932,1.41598379611969,0.3638157844543457,True,100
actor,Sklearn_NeighHet_b500,2,2,MLP,101,120,20,1.4011684656143188,0.34013158082962036,1.4002596139907837,0.36052632331848145,True,100
actor,Sklearn_NeighHet_b500,2,2,GCN,100,171,71,1.51768159866333,0.30723685026168823,1.5378135442733765,0.2967105209827423,True,100
actor,Sklearn_NeighHet_b500,2,2,GCN,101,170,70,1.5197532176971436,0.30460527539253235,1.5366230010986328,0.2901315689086914,True,100
actor,Sklearn_NeighHet_b500,2,1,MixHop,100,138,38,1.361373782157898,0.36315789818763733,1.3703501224517822,0.37171053886413574,True,100
actor,Sklearn_NeighHet_b500,2,1,MixHop,101,138,38,1.3567670583724976,0.3546052575111389,1.3820412158966064,0.375,True,100
actor,Sklearn_NeighHet_b500,2,2,GAT,101,383,283,1.5181033611297607,0.30921053886413574,1.5436451435089111,0.29342105984687805,True,100
actor,Sklearn_NeighHet_b500,2,2,SAGE,100,117,17,1.3840028047561646,0.35789474844932556,1.3993362188339233,0.348026305437088,True,100
actor,Sklearn_NeighHet_b500,2,2,SAGE,101,118,18,1.3853157758712769,0.34934210777282715,1.400984764099121,0.3434210419654846,True,100
actor,Sklearn_NeighHet_b500,2,2,GAT,100,479,379,1.5190211534500122,0.3131578862667084,1.5417811870574951,0.2940789461135864,True,100
actor,Sklearn_NeighHet_b500,2,2,GPRGNN,101,211,111,1.4083894491195679,0.3552631437778473,1.4054495096206665,0.35789474844932556,True,100
actor,Sklearn_NeighHet_b500,2,2,GPRGNN,100,261,161,1.4069384336471558,0.3638157844543457,1.4074798822402954,0.3552631437778473,True,100
actor,Sklearn_NeighHet_b500,2,2,H2GCN,100,157,57,1.4128985404968262,0.3526315689086914,1.4072775840759277,0.36315789818763733,True,100
actor,Sklearn_NeighHet_b500,2,2,H2GCN,101,159,59,1.415770411491394,0.36052632331848145,1.4119763374328613,0.3657894730567932,True,100
actor,Sklearn_NeighHet_b500,2,3,MLP,101,121,21,1.3978064060211182,0.34539473056793213,1.4151878356933594,0.34473684430122375,True,100
actor,Sklearn_NeighHet_b500,2,3,MLP,100,121,21,1.3990755081176758,0.3434210419654846,1.4067445993423462,0.34276315569877625,True,100
actor,Sklearn_NeighHet_b500,2,3,GCN,101,126,26,1.5287266969680786,0.2973684072494507,1.5260509252548218,0.30657893419265747,True,100
actor,Sklearn_NeighHet_b500,2,3,GCN,100,127,27,1.5256410837173462,0.3032894730567932,1.5276153087615967,0.30065789818763733,True,100
actor,Sklearn_NeighHet_b500,2,3,GAT,100,152,52,1.5359712839126587,0.30723685026168823,1.528692603111267,0.3052631616592407,True,100
actor,Sklearn_NeighHet_b500,2,2,MixHop,100,132,32,1.348476529121399,0.3842105269432068,1.3615481853485107,0.3822368383407593,True,100
actor,Sklearn_NeighHet_b500,2,3,GAT,101,214,114,1.536472201347351,0.3039473593235016,1.5285074710845947,0.29078948497772217,True,100
actor,Sklearn_NeighHet_b500,2,2,MixHop,101,141,41,1.352094292640686,0.3703947365283966,1.3564337491989136,0.3835526406764984,True,100
actor,Sklearn_NeighHet_b500,2,3,SAGE,100,117,17,1.390865445137024,0.3644736707210541,1.3914905786514282,0.35197368264198303,True,100
actor,Sklearn_NeighHet_b500,2,3,SAGE,101,119,19,1.3853949308395386,0.3611842095851898,1.3880019187927246,0.35131579637527466,True,100
actor,Sklearn_NeighHet_b500,2,3,GPRGNN,101,202,102,1.4057002067565918,0.371052622795105,1.4156684875488281,0.34276315569877625,True,100
actor,Sklearn_NeighHet_b500,2,3,GPRGNN,100,241,141,1.4070792198181152,0.3703947365283966,1.407360553741455,0.35197368264198303,True,100
actor,Sklearn_NeighHet_b500,2,3,H2GCN,100,168,68,1.4211220741271973,0.3703947365283966,1.4262861013412476,0.34276315569877625,True,100
actor,Sklearn_NeighHet_b500,2,3,H2GCN,101,163,63,1.4240140914916992,0.3644736707210541,1.4305706024169922,0.3434210419654846,True,100
actor,Sklearn_NeighHet_b500,2,4,MLP,100,119,19,1.4002383947372437,0.33552631735801697,1.3986303806304932,0.3592105209827423,True,100
actor,Sklearn_NeighHet_b500,2,4,MLP,101,120,20,1.402004361152649,0.3460526168346405,1.3955516815185547,0.3592105209827423,True,100
actor,Sklearn_NeighHet_b500,2,3,MixHop,100,127,27,1.3597004413604736,0.36052632331848145,1.355515956878662,0.3657894730567932,True,100
actor,Sklearn_NeighHet_b500,2,4,GCN,101,178,78,1.512229561805725,0.3197368383407593,1.5243594646453857,0.3197368383407593,True,100
actor,Sklearn_NeighHet_b500,2,4,GCN,100,202,102,1.5104703903198242,0.3078947365283966,1.5276131629943848,0.3144736886024475,True,100
actor,Sklearn_NeighHet_b500,2,3,MixHop,101,137,37,1.3597078323364258,0.37368419766426086,1.3579139709472656,0.36250001192092896,True,100
actor,Sklearn_NeighHet_b500,2,4,SAGE,101,115,15,1.3964687585830688,0.3486842215061188,1.394970417022705,0.3664473593235016,True,100
actor,Sklearn_NeighHet_b500,2,4,SAGE,100,118,18,1.3975839614868164,0.35328948497772217,1.394615888595581,0.3644736707210541,True,100
actor,Sklearn_NeighHet_b500,2,4,GAT,100,496,396,1.5200968980789185,0.3144736886024475,1.5295779705047607,0.3263157904148102,True,100
actor,Sklearn_NeighHet_b500,2,4,GPRGNN,100,241,141,1.3968132734298706,0.3572368323802948,1.40748131275177,0.3703947365283966,True,100
actor,Sklearn_NeighHet_b500,2,4,GAT,101,564,464,1.5185574293136597,0.3190789520740509,1.527990460395813,0.316447377204895,True,100
actor,Sklearn_NeighHet_b500,2,4,GPRGNN,101,218,118,1.3950926065444946,0.35855263471603394,1.4056693315505981,0.3684210479259491,True,100
actor,Sklearn_NeighHet_b500,2,4,H2GCN,100,147,47,1.391792893409729,0.3684210479259491,1.4228376150131226,0.3546052575111389,True,100
actor,Sklearn_NeighHet_b500,2,5,MLP,100,120,20,1.3951754570007324,0.3546052575111389,1.3825881481170654,0.3414473831653595,True,100
actor,Sklearn_NeighHet_b500,2,5,MLP,101,121,21,1.3968125581741333,0.3460526168346405,1.383862018585205,0.3657894730567932,True,100
actor,Sklearn_NeighHet_b500,2,4,H2GCN,101,148,48,1.3967914581298828,0.3677631616592407,1.4283133745193481,0.3572368323802948,True,100
actor,Sklearn_NeighHet_b500,2,5,GCN,100,142,42,1.5373529195785522,0.3052631616592407,1.5175970792770386,0.3171052634716034,True,100
actor,Sklearn_NeighHet_b500,2,4,MixHop,100,126,26,1.3473964929580688,0.3638157844543457,1.363053798675537,0.36315789818763733,True,100
actor,Sklearn_NeighHet_b500,2,5,GCN,101,155,55,1.5352747440338135,0.2973684072494507,1.5181701183319092,0.3144736886024475,True,100
actor,Sklearn_NeighHet_b500,2,4,MixHop,101,128,28,1.3506124019622803,0.3684210479259491,1.3630472421646118,0.3703947365283966,True,100
actor,Sklearn_NeighHet_b500,2,5,GAT,100,199,99,1.5388342142105103,0.2901315689086914,1.5355395078659058,0.2967105209827423,True,100
actor,Sklearn_NeighHet_b500,2,5,GAT,101,263,163,1.5378968715667725,0.2973684072494507,1.5333681106567383,0.2861842215061188,True,100
actor,Sklearn_NeighHet_b500,2,5,SAGE,100,122,22,1.3874479532241821,0.35592105984687805,1.3774664402008057,0.37631580233573914,True,100
actor,Sklearn_NeighHet_b500,2,5,SAGE,101,118,18,1.3921794891357422,0.3506578803062439,1.3787847757339478,0.36513158679008484,True,100
actor,Sklearn_NeighHet_b500,2,5,GPRGNN,101,191,91,1.413466453552246,0.3546052575111389,1.3987698554992676,0.35328948497772217,True,100
actor,Sklearn_NeighHet_b500,2,5,GPRGNN,100,241,141,1.4111623764038086,0.3434210419654846,1.3861644268035889,0.3618420958518982,True,100
actor,Sklearn_NeighHet_b500,2,5,H2GCN,100,151,51,1.4014500379562378,0.36907893419265747,1.3772714138031006,0.38026314973831177,True,100
actor,Sklearn_NeighHet_b500,2,5,H2GCN,101,157,57,1.4040776491165161,0.3684210479259491,1.3819177150726318,0.3677631616592407,True,100
actor,Sklearn_NeighHet_b500,2,5,MixHop,100,137,37,1.361649990081787,0.3723684251308441,1.3383272886276245,0.37631580233573914,True,100
actor,Sklearn_NeighHet_b500,2,5,MixHop,101,127,27,1.3651131391525269,0.3796052634716034,1.3431212902069092,0.36710527539253235,True,100
actor,RandomKFold,3,1,MLP,100,120,20,1.3977041244506836,0.35855263471603394,1.4003204107284546,0.35131579637527466,True,100
actor,RandomKFold,3,1,MLP,101,120,20,1.398611307144165,0.3414473831653595,1.4058011770248413,0.348026305437088,True,100
actor,RandomKFold,3,1,GCN,100,127,27,1.5317885875701904,0.30460527539253235,1.528659701347351,0.2921052575111389,True,100
actor,RandomKFold,3,1,GCN,101,127,27,1.52934992313385,0.308552622795105,1.528077244758606,0.29539474844932556,True,100
actor,RandomKFold,3,1,GAT,100,292,192,1.5343146324157715,0.29539474844932556,1.539746880531311,0.29078948497772217,True,100
actor,RandomKFold,3,1,SAGE,100,117,17,1.3891781568527222,0.3552631437778473,1.3966747522354126,0.35394737124443054,True,100
actor,RandomKFold,3,1,SAGE,101,118,18,1.3905611038208008,0.3546052575111389,1.39468514919281,0.34934210777282715,True,100
actor,RandomKFold,3,1,GAT,101,415,315,1.5321589708328247,0.29605263471603394,1.5366411209106445,0.30000001192092896,True,100
actor,RandomKFold,3,1,GPRGNN,100,249,149,1.4094669818878174,0.3526315689086914,1.4099112749099731,0.3460526168346405,True,100
actor,RandomKFold,3,1,GPRGNN,101,206,106,1.4086138010025024,0.36907893419265747,1.413773536682129,0.34276315569877625,True,100
actor,RandomKFold,3,1,H2GCN,100,159,59,1.3934441804885864,0.38289472460746765,1.4185467958450317,0.3506578803062439,True,100
actor,RandomKFold,3,1,H2GCN,101,152,52,1.3985735177993774,0.375,1.4250870943069458,0.34210526943206787,True,100
actor,RandomKFold,3,2,MLP,100,120,20,1.4068797826766968,0.36513158679008484,1.3853782415390015,0.35394737124443054,True,100
actor,RandomKFold,3,2,MLP,101,120,20,1.4153145551681519,0.35197368264198303,1.3950597047805786,0.3499999940395355,True,100
actor,RandomKFold,3,2,GCN,100,147,47,1.525418758392334,0.308552622795105,1.5385311841964722,0.2986842095851898,True,100
actor,RandomKFold,3,2,GCN,101,150,50,1.5237411260604858,0.30921053886413574,1.5369021892547607,0.28947368264198303,True,100
actor,RandomKFold,3,1,MixHop,101,127,27,1.358740210533142,0.38684210181236267,1.3609366416931152,0.3723684251308441,True,100
actor,RandomKFold,3,1,MixHop,100,138,38,1.3526548147201538,0.38026314973831177,1.351845383644104,0.3822368383407593,True,100
actor,RandomKFold,3,2,GAT,101,262,162,1.5288788080215454,0.32039472460746765,1.5399481058120728,0.28684210777282715,True,100
actor,RandomKFold,3,2,GAT,100,300,200,1.528563141822815,0.3052631616592407,1.53935706615448,0.2993420958518982,True,100
actor,RandomKFold,3,2,SAGE,100,120,20,1.3968173265457153,0.35394737124443054,1.381629228591919,0.34539473056793213,True,100
actor,RandomKFold,3,2,SAGE,101,118,18,1.3991273641586304,0.3368421196937561,1.3870311975479126,0.34671053290367126,True,100
actor,RandomKFold,3,2,GPRGNN,101,229,129,1.4090012311935425,0.35394737124443054,1.405665397644043,0.3546052575111389,True,100
actor,RandomKFold,3,2,GPRGNN,100,302,202,1.4102481603622437,0.35855263471603394,1.404633641242981,0.34934210777282715,True,100
actor,RandomKFold,3,2,H2GCN,100,162,62,1.4127496480941772,0.3644736707210541,1.3921124935150146,0.3855263292789459,True,100
actor,RandomKFold,3,3,MLP,100,121,21,1.384655237197876,0.3552631437778473,1.4154561758041382,0.3526315689086914,True,100
actor,RandomKFold,3,2,H2GCN,101,156,56,1.4173821210861206,0.36907893419265747,1.3997896909713745,0.375,True,100
actor,RandomKFold,3,3,MLP,101,121,21,1.384437918663025,0.3756578862667084,1.416062831878662,0.34736841917037964,True,100
actor,RandomKFold,3,2,MixHop,100,126,26,1.3673839569091797,0.378947377204895,1.3601888418197632,0.36513158679008484,True,100
actor,RandomKFold,3,2,MixHop,101,132,32,1.3713884353637695,0.36973685026168823,1.3576622009277344,0.3664473593235016,True,100
actor,RandomKFold,3,3,GCN,101,169,69,1.516480803489685,0.3078947365283966,1.529369592666626,0.3098684251308441,True,100
actor,RandomKFold,3,3,GCN,100,243,143,1.5174661874771118,0.3171052634716034,1.5332516431808472,0.30000001192092896,True,100
actor,RandomKFold,3,3,GAT,101,210,110,1.528026819229126,0.3032894730567932,1.53360116481781,0.3256579041481018,True,100
actor,RandomKFold,3,3,GAT,100,347,247,1.5249354839324951,0.3052631616592407,1.5303066968917847,0.3190789520740509,True,100
actor,RandomKFold,3,3,SAGE,100,117,17,1.3863099813461304,0.3677631616592407,1.3999276161193848,0.35328948497772217,True,100
actor,RandomKFold,3,3,SAGE,101,116,16,1.380876064300537,0.36907893419265747,1.39715576171875,0.35131579637527466,True,100
actor,RandomKFold,3,3,GPRGNN,100,215,115,1.392915964126587,0.3743421137332916,1.4099167585372925,0.3618420958518982,True,100
actor,RandomKFold,3,3,GPRGNN,101,171,71,1.3933231830596924,0.38486841320991516,1.4121657609939575,0.36052632331848145,True,100
actor,RandomKFold,3,3,H2GCN,100,157,57,1.3875807523727417,0.3730263113975525,1.4121894836425781,0.37171053886413574,True,100
actor,RandomKFold,3,4,MLP,100,120,20,1.3972541093826294,0.3644736707210541,1.3891005516052246,0.3657894730567932,True,100
actor,RandomKFold,3,4,MLP,101,121,21,1.401128888130188,0.35789474844932556,1.390631914138794,0.3703947365283966,True,100
actor,RandomKFold,3,3,H2GCN,101,172,72,1.3913309574127197,0.36710527539253235,1.4184647798538208,0.3723684251308441,True,100
actor,RandomKFold,3,4,GCN,100,129,29,1.5332298278808594,0.2921052575111389,1.5182092189788818,0.31578946113586426,True,100
actor,RandomKFold,3,4,GCN,101,133,33,1.5346380472183228,0.29078948497772217,1.5201051235198975,0.3171052634716034,True,100
actor,RandomKFold,3,3,MixHop,100,131,31,1.344663381576538,0.378947377204895,1.3650668859481812,0.375,True,100
actor,RandomKFold,3,3,MixHop,101,131,31,1.3416991233825684,0.38289472460746765,1.3680351972579956,0.38026314973831177,True,100
actor,RandomKFold,3,4,GAT,100,236,136,1.539298415184021,0.2927631437778473,1.5276553630828857,0.3013157844543457,True,100
actor,RandomKFold,3,4,GAT,101,256,156,1.5391970872879028,0.29539474844932556,1.5265045166015625,0.2986842095851898,True,100
actor,RandomKFold,3,4,SAGE,100,115,15,1.4078874588012695,0.3526315689086914,1.385867953300476,0.3618420958518982,True,100
actor,RandomKFold,3,4,SAGE,101,115,15,1.4107401371002197,0.34934210777282715,1.382172703742981,0.3730263113975525,True,100
actor,RandomKFold,3,4,GPRGNN,100,204,104,1.4046913385391235,0.3677631616592407,1.4029567241668701,0.3638157844543457,True,100
actor,RandomKFold,3,4,GPRGNN,101,211,111,1.4036688804626465,0.3506578803062439,1.3988063335418701,0.35197368264198303,True,100
actor,RandomKFold,3,4,H2GCN,100,172,72,1.41933012008667,0.3546052575111389,1.3916510343551636,0.3684210479259491,True,100
actor,RandomKFold,3,5,MLP,100,121,21,1.3942729234695435,0.34276315569877625,1.3976644277572632,0.3644736707210541,True,100
actor,RandomKFold,3,4,H2GCN,101,157,57,1.4216147661209106,0.3565789461135864,1.3917242288589478,0.3684210479259491,True,100
actor,RandomKFold,3,5,MLP,101,121,21,1.4009497165679932,0.3460526168346405,1.399969220161438,0.3684210479259491,True,100
actor,RandomKFold,3,5,GCN,100,129,29,1.5243275165557861,0.2986842095851898,1.5308836698532104,0.2940789461135864,True,100
actor,RandomKFold,3,5,GCN,101,130,30,1.5269428491592407,0.2921052575111389,1.5324549674987793,0.3019736707210541,True,100
actor,RandomKFold,3,4,MixHop,100,133,33,1.361603856086731,0.3743421137332916,1.3546258211135864,0.3796052634716034,True,100
actor,RandomKFold,3,4,MixHop,101,132,32,1.3650174140930176,0.35855263471603394,1.3496220111846924,0.375,True,100
actor,RandomKFold,3,5,GAT,101,219,119,1.5372231006622314,0.2815789580345154,1.5372234582901,0.28421053290367126,True,100
actor,RandomKFold,3,5,SAGE,100,118,18,1.382055640220642,0.36973685026168823,1.4084498882293701,0.34671053290367126,True,100
actor,RandomKFold,3,5,SAGE,101,117,17,1.3854364156723022,0.3592105209827423,1.4036707878112793,0.3572368323802948,True,100
actor,RandomKFold,3,5,GAT,100,488,388,1.533776044845581,0.29078948497772217,1.5346267223358154,0.29342105984687805,True,100
actor,RandomKFold,3,5,GPRGNN,100,260,160,1.4067063331604004,0.3572368323802948,1.4059396982192993,0.3743421137332916,True,100
actor,RandomKFold,3,5,GPRGNN,101,282,182,1.4078452587127686,0.35394737124443054,1.409673810005188,0.35131579637527466,True,100
actor,RandomKFold,3,5,H2GCN,100,162,62,1.4168072938919067,0.3592105209827423,1.42295241355896,0.3723684251308441,True,100
actor,RandomKFold,3,5,H2GCN,101,163,63,1.4195140600204468,0.35855263471603394,1.4222036600112915,0.37171053886413574,True,100
actor,RandomKFold,3,5,MixHop,100,137,37,1.3476017713546753,0.3881579041481018,1.3610676527023315,0.36710527539253235,True,100
actor,RandomKFold,3,5,MixHop,101,142,42,1.3505522012710571,0.39144736528396606,1.3651725053787231,0.35789474844932556,True,100
actor,LabelStratifiedKFold,3,1,MLP,100,120,20,1.3920530080795288,0.3440789580345154,1.382681131362915,0.3743421137332916,True,100
actor,LabelStratifiedKFold,3,1,MLP,101,121,21,1.3909649848937988,0.348026305437088,1.3808530569076538,0.37171053886413574,True,100
actor,LabelStratifiedKFold,3,1,GCN,100,155,55,1.5229136943817139,0.28289473056793213,1.51016366481781,0.3210526406764984,True,100
actor,LabelStratifiedKFold,3,1,GCN,101,189,89,1.5182379484176636,0.2881578803062439,1.5076875686645508,0.3144736886024475,True,100
actor,LabelStratifiedKFold,3,1,GAT,100,148,48,1.531506061553955,0.30460527539253235,1.5276633501052856,0.30065789818763733,True,100
actor,LabelStratifiedKFold,3,1,SAGE,100,121,21,1.386979103088379,0.3664473593235016,1.3659437894821167,0.375,True,100
actor,LabelStratifiedKFold,3,1,SAGE,101,120,20,1.39120614528656,0.3565789461135864,1.3697643280029297,0.37368419766426086,True,100
actor,LabelStratifiedKFold,3,1,GAT,101,413,313,1.5270686149597168,0.30460527539253235,1.5181483030319214,0.31578946113586426,True,100
actor,LabelStratifiedKFold,3,1,GPRGNN,101,230,130,1.3976950645446777,0.37171053886413574,1.3933296203613281,0.37171053886413574,True,100
actor,LabelStratifiedKFold,3,1,GPRGNN,100,241,141,1.3993608951568604,0.3546052575111389,1.3908237218856812,0.3677631616592407,True,100
actor,LabelStratifiedKFold,3,1,H2GCN,100,155,55,1.4085993766784668,0.3592105209827423,1.3820500373840332,0.38749998807907104,True,100
actor,LabelStratifiedKFold,3,1,H2GCN,101,157,57,1.4080537557601929,0.3592105209827423,1.3817514181137085,0.378947377204895,True,100
actor,LabelStratifiedKFold,3,2,MLP,100,119,19,1.4151666164398193,0.33421051502227783,1.3956067562103271,0.35789474844932556,True,100
actor,LabelStratifiedKFold,3,2,MLP,101,120,20,1.41569185256958,0.3506578803062439,1.3978177309036255,0.3572368323802948,True,100
actor,LabelStratifiedKFold,3,2,GCN,101,132,32,1.5303621292114258,0.3032894730567932,1.520189642906189,0.29802632331848145,True,100
actor,LabelStratifiedKFold,3,1,MixHop,100,138,38,1.3479872941970825,0.38092106580734253,1.3262336254119873,0.39868420362472534,True,100
actor,LabelStratifiedKFold,3,2,GCN,100,218,118,1.5321555137634277,0.2947368323802948,1.5236371755599976,0.2874999940395355,True,100
actor,LabelStratifiedKFold,3,1,MixHop,101,138,38,1.3455088138580322,0.375,1.331239938735962,0.3907894790172577,True,100
actor,LabelStratifiedKFold,3,2,SAGE,100,117,17,1.4093281030654907,0.3486842215061188,1.3962149620056152,0.3592105209827423,True,100
actor,LabelStratifiedKFold,3,2,GAT,100,347,247,1.5380609035491943,0.2940789461135864,1.530376672744751,0.2921052575111389,True,100
actor,LabelStratifiedKFold,3,2,GAT,101,413,313,1.535251498222351,0.2947368323802948,1.5255995988845825,0.30065789818763733,True,100
actor,LabelStratifiedKFold,3,2,SAGE,101,115,15,1.4052917957305908,0.339473694562912,1.3996156454086304,0.3552631437778473,True,100
actor,LabelStratifiedKFold,3,2,GPRGNN,100,302,202,1.4133836030960083,0.3598684072494507,1.4051276445388794,0.34539473056793213,True,100
actor,LabelStratifiedKFold,3,2,GPRGNN,101,209,109,1.4111313819885254,0.3572368323802948,1.4060089588165283,0.3592105209827423,True,100
actor,LabelStratifiedKFold,3,2,H2GCN,100,156,56,1.4129528999328613,0.371052622795105,1.3988380432128906,0.3618420958518982,True,100
actor,LabelStratifiedKFold,3,3,MLP,100,120,20,1.3935967683792114,0.35328948497772217,1.4032989740371704,0.3565789461135864,True,100
actor,LabelStratifiedKFold,3,3,MLP,101,120,20,1.3994169235229492,0.3328947424888611,1.4070765972137451,0.35789474844932556,True,100
actor,LabelStratifiedKFold,3,2,H2GCN,101,158,58,1.419217824935913,0.371052622795105,1.404260516166687,0.3769736886024475,True,100
actor,LabelStratifiedKFold,3,3,GCN,100,147,47,1.5199517011642456,0.3098684251308441,1.5360069274902344,0.29144737124443054,True,100
actor,LabelStratifiedKFold,3,2,MixHop,101,128,28,1.3701939582824707,0.36710527539253235,1.3556369543075562,0.37631580233573914,True,100
actor,LabelStratifiedKFold,3,3,GCN,101,206,106,1.5202876329421997,0.3039473593235016,1.541916847229004,0.2993420958518982,True,100
actor,LabelStratifiedKFold,3,2,MixHop,100,132,32,1.3632770776748657,0.37171053886413574,1.35100257396698,0.37631580233573914,True,100
actor,LabelStratifiedKFold,3,3,GAT,101,217,117,1.5334968566894531,0.3052631616592407,1.545446753501892,0.2861842215061188,True,100
actor,LabelStratifiedKFold,3,3,SAGE,100,118,18,1.389196515083313,0.36250001192092896,1.401302456855774,0.3565789461135864,True,100
actor,LabelStratifiedKFold,3,3,SAGE,101,118,18,1.3872679471969604,0.37828946113586426,1.4020241498947144,0.3552631437778473,True,100
actor,LabelStratifiedKFold,3,3,GAT,100,452,352,1.5291553735733032,0.28881579637527466,1.54465651512146,0.2743421196937561,True,100
actor,LabelStratifiedKFold,3,3,GPRGNN,100,241,141,1.3993910551071167,0.35328948497772217,1.4110217094421387,0.3546052575111389,True,100
actor,LabelStratifiedKFold,3,3,GPRGNN,101,328,228,1.4012163877487183,0.3677631616592407,1.4136998653411865,0.3506578803062439,True,100
actor,LabelStratifiedKFold,3,3,H2GCN,100,147,47,1.4210844039916992,0.3486842215061188,1.4119129180908203,0.37171053886413574,True,100
actor,LabelStratifiedKFold,3,4,MLP,100,120,20,1.395865797996521,0.36315789818763733,1.3993256092071533,0.3388157784938812,True,100
actor,LabelStratifiedKFold,3,4,MLP,101,120,20,1.4010422229766846,0.3598684072494507,1.4061661958694458,0.3434210419654846,True,100
actor,LabelStratifiedKFold,3,4,GCN,100,170,70,1.5359948873519897,0.3052631616592407,1.523522138595581,0.3032894730567932,True,100
actor,LabelStratifiedKFold,3,3,H2GCN,101,156,56,1.4275885820388794,0.34078946709632874,1.417439341545105,0.36513158679008484,True,100
actor,LabelStratifiedKFold,3,4,GCN,101,132,32,1.5350836515426636,0.29342105984687805,1.5239293575286865,0.3059210479259491,True,100
actor,LabelStratifiedKFold,3,3,MixHop,100,130,30,1.351292371749878,0.3592105209827423,1.3624244928359985,0.36973685026168823,True,100
actor,LabelStratifiedKFold,3,3,MixHop,101,128,28,1.35612154006958,0.36973685026168823,1.3641875982284546,0.38026314973831177,True,100
actor,LabelStratifiedKFold,3,4,SAGE,100,119,19,1.399690866470337,0.35328948497772217,1.4004085063934326,0.35592105984687805,True,100
actor,LabelStratifiedKFold,3,4,GAT,101,380,280,1.534630537033081,0.3125,1.5351123809814453,0.2993420958518982,True,100
actor,LabelStratifiedKFold,3,4,SAGE,101,118,18,1.39401376247406,0.35328948497772217,1.3949373960494995,0.3598684072494507,True,100
actor,LabelStratifiedKFold,3,4,GAT,100,503,403,1.5332945585250854,0.30723685026168823,1.5343619585037231,0.29605263471603394,True,100
actor,LabelStratifiedKFold,3,4,GPRGNN,100,241,141,1.4000307321548462,0.3526315689086914,1.4004476070404053,0.3598684072494507,True,100
actor,LabelStratifiedKFold,3,4,GPRGNN,101,230,130,1.4011762142181396,0.3657894730567932,1.4024099111557007,0.34539473056793213,True,100
actor,LabelStratifiedKFold,3,4,H2GCN,101,152,52,1.4177790880203247,0.36052632331848145,1.4339423179626465,0.34276315569877625,True,100
actor,LabelStratifiedKFold,3,4,H2GCN,100,163,63,1.4100998640060425,0.36710527539253235,1.4289436340332031,0.34473684430122375,True,100
actor,LabelStratifiedKFold,3,5,MLP,100,122,22,1.3840569257736206,0.3664473593235016,1.408204197883606,0.3546052575111389,True,100
actor,LabelStratifiedKFold,3,5,MLP,101,122,22,1.3877891302108765,0.3506578803062439,1.4069074392318726,0.3486842215061188,True,100
actor,LabelStratifiedKFold,3,5,GCN,100,128,28,1.50404691696167,0.3256579041481018,1.5360751152038574,0.29342105984687805,True,100
actor,LabelStratifiedKFold,3,5,GCN,101,170,70,1.5066009759902954,0.2967105209827423,1.539206624031067,0.2861842215061188,True,100
actor,LabelStratifiedKFold,3,4,MixHop,100,127,27,1.357603669166565,0.3723684251308441,1.3545870780944824,0.37368419766426086,True,100
actor,LabelStratifiedKFold,3,4,MixHop,101,138,38,1.3653134107589722,0.3684210479259491,1.3647834062576294,0.3546052575111389,True,100
actor,LabelStratifiedKFold,3,5,GAT,101,236,136,1.5270427465438843,0.2993420958518982,1.5429282188415527,0.2881578803062439,True,100
actor,LabelStratifiedKFold,3,5,GAT,100,347,247,1.523611307144165,0.3098684251308441,1.5362313985824585,0.2921052575111389,True,100
actor,LabelStratifiedKFold,3,5,SAGE,100,117,17,1.3740766048431396,0.3611842095851898,1.4051486253738403,0.34276315569877625,True,100
actor,LabelStratifiedKFold,3,5,SAGE,101,117,17,1.3759956359863281,0.36250001192092896,1.4038710594177246,0.34210526943206787,True,100
actor,LabelStratifiedKFold,3,5,GPRGNN,100,249,149,1.38722825050354,0.38092106580734253,1.4081411361694336,0.34934210777282715,True,100
actor,LabelStratifiedKFold,3,5,GPRGNN,101,252,152,1.3889857530593872,0.36315789818763733,1.4141795635223389,0.3486842215061188,True,100
actor,LabelStratifiedKFold,3,5,H2GCN,100,163,63,1.3824528455734253,0.3723684251308441,1.415675401687622,0.34276315569877625,True,100
actor,LabelStratifiedKFold,3,5,H2GCN,101,160,60,1.3809518814086914,0.37368419766426086,1.4167951345443726,0.3499999940395355,True,100
actor,LabelStratifiedKFold,3,5,MixHop,100,138,38,1.3328665494918823,0.371052622795105,1.3590785264968872,0.36315789818763733,True,100
actor,LabelStratifiedKFold,3,5,MixHop,101,132,32,1.3351647853851318,0.3723684251308441,1.3611400127410889,0.3664473593235016,True,100
actor,Sklearn_NeighHet_b500,3,1,MLP,101,120,20,1.4207106828689575,0.35197368264198303,1.3909242153167725,0.3730263113975525,True,100
actor,Sklearn_NeighHet_b500,3,1,MLP,100,119,19,1.4154807329177856,0.3486842215061188,1.3886948823928833,0.3664473593235016,True,100
actor,Sklearn_NeighHet_b500,3,1,GCN,100,148,48,1.5407440662384033,0.2973684072494507,1.5072052478790283,0.3098684251308441,True,100
actor,Sklearn_NeighHet_b500,3,1,GCN,101,199,99,1.5400174856185913,0.3078947365283966,1.5100088119506836,0.3032894730567932,True,100
actor,Sklearn_NeighHet_b500,3,1,GAT,101,202,102,1.5449943542480469,0.285526305437088,1.5244723558425903,0.3059210479259491,True,100
actor,Sklearn_NeighHet_b500,3,1,GAT,100,221,121,1.5442217588424683,0.29078948497772217,1.5195542573928833,0.3118421137332916,True,100
actor,Sklearn_NeighHet_b500,3,1,SAGE,100,121,21,1.4133079051971436,0.3526315689086914,1.3890482187271118,0.3664473593235016,True,100
actor,Sklearn_NeighHet_b500,3,1,SAGE,101,117,17,1.4138197898864746,0.3499999940395355,1.3788591623306274,0.3776315748691559,True,100
actor,Sklearn_NeighHet_b500,3,1,GPRGNN,100,200,100,1.4204165935516357,0.3506578803062439,1.3972240686416626,0.36315789818763733,True,100
actor,Sklearn_NeighHet_b500,3,1,GPRGNN,101,268,168,1.4208096265792847,0.3565789461135864,1.4001059532165527,0.3618420958518982,True,100
actor,Sklearn_NeighHet_b500,3,1,H2GCN,100,150,50,1.4344943761825562,0.36907893419265747,1.4049501419067383,0.3657894730567932,True,100
actor,Sklearn_NeighHet_b500,3,2,MLP,100,121,21,1.3951690196990967,0.3598684072494507,1.4097285270690918,0.3499999940395355,True,100
actor,Sklearn_NeighHet_b500,3,2,MLP,101,121,21,1.395571231842041,0.3565789461135864,1.4101442098617554,0.33421051502227783,True,100
actor,Sklearn_NeighHet_b500,3,1,H2GCN,101,158,58,1.4374407529830933,0.3677631616592407,1.4100470542907715,0.36710527539253235,True,100
actor,Sklearn_NeighHet_b500,3,1,MixHop,100,126,26,1.3798828125,0.35328948497772217,1.341616153717041,0.39144736528396606,True,100
actor,Sklearn_NeighHet_b500,3,2,GCN,100,220,120,1.5138381719589233,0.32039472460746765,1.550809621810913,0.2881578803062439,True,100
actor,Sklearn_NeighHet_b500,3,1,MixHop,101,128,28,1.3791272640228271,0.3638157844543457,1.3428003787994385,0.3730263113975525,True,100
actor,Sklearn_NeighHet_b500,3,2,GCN,101,283,183,1.512967824935913,0.30657893419265747,1.5510869026184082,0.29078948497772217,True,100
actor,Sklearn_NeighHet_b500,3,2,GAT,100,279,179,1.5315872430801392,0.3105263113975525,1.5499756336212158,0.27828946709632874,True,100
actor,Sklearn_NeighHet_b500,3,2,SAGE,100,117,17,1.3872658014297485,0.3572368323802948,1.413189172744751,0.34539473056793213,True,100
actor,Sklearn_NeighHet_b500,3,2,SAGE,101,118,18,1.3819345235824585,0.36513158679008484,1.4196089506149292,0.3388157784938812,True,100
actor,Sklearn_NeighHet_b500,3,2,GAT,101,474,374,1.5313405990600586,0.30657893419265747,1.5505844354629517,0.276973694562912,True,100
actor,Sklearn_NeighHet_b500,3,2,GPRGNN,100,216,116,1.3990551233291626,0.3684210479259491,1.4259203672409058,0.34736841917037964,True,100
actor,Sklearn_NeighHet_b500,3,2,GPRGNN,101,192,92,1.4010189771652222,0.34934210777282715,1.4215022325515747,0.35197368264198303,True,100
actor,Sklearn_NeighHet_b500,3,2,H2GCN,100,144,44,1.396004319190979,0.36250001192092896,1.4224284887313843,0.36250001192092896,True,100
actor,Sklearn_NeighHet_b500,3,3,MLP,100,122,22,1.3796707391738892,0.38092106580734253,1.4061356782913208,0.3486842215061188,True,100
actor,Sklearn_NeighHet_b500,3,3,MLP,101,121,21,1.3869949579238892,0.3703947365283966,1.411918044090271,0.3434210419654846,True,100
actor,Sklearn_NeighHet_b500,3,2,H2GCN,101,155,55,1.3974238634109497,0.3677631616592407,1.4225386381149292,0.3730263113975525,True,100
actor,Sklearn_NeighHet_b500,3,3,GCN,100,133,33,1.5204375982284546,0.30921053886413574,1.5238124132156372,0.2993420958518982,True,100
actor,Sklearn_NeighHet_b500,3,3,GCN,101,173,73,1.5204328298568726,0.3013157844543457,1.51996648311615,0.30000001192092896,True,100
actor,Sklearn_NeighHet_b500,3,2,MixHop,100,138,38,1.3442219495773315,0.375,1.3781940937042236,0.36250001192092896,True,100
actor,Sklearn_NeighHet_b500,3,2,MixHop,101,141,41,1.3488271236419678,0.3743421137332916,1.3804689645767212,0.3657894730567932,True,100
actor,Sklearn_NeighHet_b500,3,3,GAT,100,270,170,1.5294815301895142,0.31578946113586426,1.535677433013916,0.2993420958518982,True,100
actor,Sklearn_NeighHet_b500,3,3,SAGE,100,117,17,1.3774847984313965,0.36973685026168823,1.3855080604553223,0.3684210479259491,True,100
actor,Sklearn_NeighHet_b500,3,3,GAT,101,412,312,1.5274579524993896,0.3144736886024475,1.5302115678787231,0.30657893419265747,True,100
actor,Sklearn_NeighHet_b500,3,3,SAGE,101,116,16,1.3798161745071411,0.3776315748691559,1.3856191635131836,0.35394737124443054,True,100
actor,Sklearn_NeighHet_b500,3,3,GPRGNN,101,178,78,1.393962025642395,0.37828946113586426,1.4087063074111938,0.3611842095851898,True,100
actor,Sklearn_NeighHet_b500,3,3,GPRGNN,100,270,170,1.3923250436782837,0.36907893419265747,1.4147546291351318,0.3644736707210541,True,100
actor,Sklearn_NeighHet_b500,3,3,H2GCN,100,166,66,1.3845796585083008,0.38749998807907104,1.4076529741287231,0.3611842095851898,True,100
actor,Sklearn_NeighHet_b500,3,4,MLP,100,121,21,1.3918471336364746,0.35789474844932556,1.3782376050949097,0.3822368383407593,True,100
actor,Sklearn_NeighHet_b500,3,3,H2GCN,101,162,62,1.386361002922058,0.3947368562221527,1.407470703125,0.3703947365283966,True,100
actor,Sklearn_NeighHet_b500,3,4,MLP,101,122,22,1.393090009689331,0.34671053290367126,1.3923625946044922,0.36250001192092896,True,100
actor,Sklearn_NeighHet_b500,3,4,GCN,101,189,89,1.5091875791549683,0.316447377204895,1.5238721370697021,0.3118421137332916,True,100
actor,Sklearn_NeighHet_b500,3,4,GCN,100,219,119,1.5113658905029297,0.3118421137332916,1.5290037393569946,0.3059210479259491,True,100
actor,Sklearn_NeighHet_b500,3,3,MixHop,100,144,44,1.328485131263733,0.3927631676197052,1.359766960144043,0.36052632331848145,True,100
actor,Sklearn_NeighHet_b500,3,3,MixHop,101,145,45,1.338173270225525,0.39210525155067444,1.3544352054595947,0.3796052634716034,True,100
actor,Sklearn_NeighHet_b500,3,4,GAT,101,222,122,1.5217303037643433,0.3144736886024475,1.536749243736267,0.3052631616592407,True,100
actor,Sklearn_NeighHet_b500,3,4,SAGE,100,117,17,1.389623999595642,0.3592105209827423,1.380328893661499,0.3644736707210541,True,100
actor,Sklearn_NeighHet_b500,3,4,GAT,100,386,286,1.5155800580978394,0.3151315748691559,1.534035563468933,0.2986842095851898,True,100
actor,Sklearn_NeighHet_b500,3,4,SAGE,101,115,15,1.386539340019226,0.36907893419265747,1.384006381034851,0.375,True,100
actor,Sklearn_NeighHet_b500,3,4,GPRGNN,100,242,142,1.3989852666854858,0.3881579041481018,1.3924721479415894,0.378947377204895,True,100
actor,Sklearn_NeighHet_b500,3,4,GPRGNN,101,267,167,1.3974660634994507,0.38486841320991516,1.3943713903427124,0.3901315927505493,True,100
actor,Sklearn_NeighHet_b500,3,4,H2GCN,100,149,49,1.3986539840698242,0.38026314973831177,1.3876688480377197,0.36907893419265747,True,100
actor,Sklearn_NeighHet_b500,3,5,MLP,100,121,21,1.3760523796081543,0.3677631616592407,1.3833487033843994,0.3677631616592407,True,100
actor,Sklearn_NeighHet_b500,3,5,MLP,101,120,20,1.3840373754501343,0.3598684072494507,1.3817988634109497,0.36907893419265747,True,100
actor,Sklearn_NeighHet_b500,3,5,GCN,100,128,28,1.5097604990005493,0.3078947365283966,1.5210144519805908,0.3131578862667084,True,100
actor,Sklearn_NeighHet_b500,3,4,MixHop,100,133,33,1.34922456741333,0.37368419766426086,1.3288919925689697,0.39868420362472534,True,100
actor,Sklearn_NeighHet_b500,3,5,GCN,101,134,34,1.5085910558700562,0.3144736886024475,1.5217864513397217,0.30263158679008484,True,100
actor,Sklearn_NeighHet_b500,3,4,H2GCN,101,172,72,1.4094270467758179,0.36250001192092896,1.393795132637024,0.3703947365283966,True,100
actor,Sklearn_NeighHet_b500,3,4,MixHop,101,131,31,1.3525066375732422,0.3723684251308441,1.3349559307098389,0.38947367668151855,True,100
actor,Sklearn_NeighHet_b500,3,5,GAT,101,214,114,1.519102931022644,0.3052631616592407,1.5228049755096436,0.2993420958518982,True,100
actor,Sklearn_NeighHet_b500,3,5,GAT,100,246,146,1.5195252895355225,0.3059210479259491,1.5251761674880981,0.29342105984687805,True,100
actor,Sklearn_NeighHet_b500,3,5,SAGE,100,118,18,1.385252833366394,0.3684210479259491,1.3880648612976074,0.3618420958518982,True,100
actor,Sklearn_NeighHet_b500,3,5,SAGE,101,117,17,1.3779804706573486,0.3565789461135864,1.3879814147949219,0.36052632331848145,True,100
actor,Sklearn_NeighHet_b500,3,5,GPRGNN,100,262,162,1.3938484191894531,0.35394737124443054,1.3943190574645996,0.36710527539253235,True,100
actor,Sklearn_NeighHet_b500,3,5,GPRGNN,101,238,138,1.3933990001678467,0.3592105209827423,1.3915022611618042,0.36513158679008484,True,100
actor,Sklearn_NeighHet_b500,3,5,H2GCN,100,162,62,1.3981705904006958,0.35789474844932556,1.3915010690689087,0.3855263292789459,True,100
actor,Sklearn_NeighHet_b500,3,5,H2GCN,101,170,70,1.4085488319396973,0.3611842095851898,1.3994656801223755,0.37368419766426086,True,100
actor,Sklearn_NeighHet_b500,3,5,MixHop,100,130,30,1.3379286527633667,0.3723684251308441,1.3495968580245972,0.3769736886024475,True,100
actor,Sklearn_NeighHet_b500,3,5,MixHop,101,128,28,1.3390964269638062,0.3703947365283966,1.3525800704956055,0.375,True,100
actor,RandomKFold,4,1,MLP,101,120,20,1.406370759010315,0.3565789461135864,1.3863710165023804,0.35592105984687805,True,100
actor,RandomKFold,4,1,MLP,100,121,21,1.3987910747528076,0.35592105984687805,1.3809640407562256,0.3546052575111389,True,100
actor,RandomKFold,4,1,GCN,101,157,57,1.532617449760437,0.3039473593235016,1.5173914432525635,0.3013157844543457,True,100
actor,RandomKFold,4,1,GCN,100,162,62,1.530364990234375,0.30263158679008484,1.5189337730407715,0.30263158679008484,True,100
actor,RandomKFold,4,1,GAT,100,272,172,1.541508436203003,0.2874999940395355,1.5271817445755005,0.3118421137332916,True,100
actor,RandomKFold,4,1,SAGE,100,117,17,1.4101794958114624,0.348026305437088,1.3721758127212524,0.34671053290367126,True,100
actor,RandomKFold,4,1,SAGE,101,123,23,1.4105219841003418,0.35855263471603394,1.3704160451889038,0.36710527539253235,True,100
actor,RandomKFold,4,1,GAT,101,446,346,1.5355015993118286,0.3013157844543457,1.5289647579193115,0.3059210479259491,True,100
actor,RandomKFold,4,1,GPRGNN,100,249,149,1.412461757659912,0.3552631437778473,1.3969287872314453,0.3592105209827423,True,100
actor,RandomKFold,4,1,GPRGNN,101,328,228,1.410435676574707,0.34934210777282715,1.3963373899459839,0.36513158679008484,True,100
actor,RandomKFold,4,1,H2GCN,100,145,45,1.4131207466125488,0.35394737124443054,1.401705026626587,0.3677631616592407,True,100
actor,RandomKFold,4,2,MLP,100,121,21,1.389809489250183,0.3743421137332916,1.4193975925445557,0.3486842215061188,True,100
actor,RandomKFold,4,2,MLP,101,121,21,1.3942596912384033,0.3644736707210541,1.4248486757278442,0.34276315569877625,True,100
actor,RandomKFold,4,1,H2GCN,101,144,44,1.416117787361145,0.3565789461135864,1.4057321548461914,0.3611842095851898,True,100
actor,RandomKFold,4,2,GCN,100,196,96,1.518968939781189,0.3171052634716034,1.5456469058990479,0.29802632331848145,True,100
actor,RandomKFold,4,2,GCN,101,161,61,1.5221103429794312,0.3210526406764984,1.540040135383606,0.2947368323802948,True,100
actor,RandomKFold,4,1,MixHop,100,143,43,1.3635960817337036,0.3618420958518982,1.3426220417022705,0.36973685026168823,True,100
actor,RandomKFold,4,1,MixHop,101,137,37,1.3671033382415771,0.3552631437778473,1.3463999032974243,0.3572368323802948,True,100
actor,RandomKFold,4,2,GAT,101,271,171,1.530749797821045,0.3151315748691559,1.549322485923767,0.276973694562912,True,100
actor,RandomKFold,4,2,GAT,100,409,309,1.5305172204971313,0.3105263113975525,1.5486950874328613,0.27368420362472534,True,100
actor,RandomKFold,4,2,SAGE,100,120,20,1.3815720081329346,0.3743421137332916,1.4256014823913574,0.3375000059604645,True,100
actor,RandomKFold,4,2,SAGE,101,120,20,1.3837776184082031,0.3796052634716034,1.4217318296432495,0.33815789222717285,True,100
actor,RandomKFold,4,2,GPRGNN,100,200,100,1.4001370668411255,0.3815789520740509,1.419599175453186,0.339473694562912,True,100
actor,RandomKFold,4,2,GPRGNN,101,230,130,1.3967303037643433,0.3703947365283966,1.4213727712631226,0.3217105269432068,True,100
actor,RandomKFold,4,2,H2GCN,100,150,50,1.3894069194793701,0.37828946113586426,1.4260636568069458,0.34078946709632874,True,100
actor,RandomKFold,4,3,MLP,100,122,22,1.3854402303695679,0.3598684072494507,1.387825846672058,0.36907893419265747,True,100
actor,RandomKFold,4,3,MLP,101,122,22,1.3863635063171387,0.3644736707210541,1.3937368392944336,0.3835526406764984,True,100
actor,RandomKFold,4,3,GCN,100,124,24,1.5219550132751465,0.316447377204895,1.5304787158966064,0.3131578862667084,True,100
actor,RandomKFold,4,2,H2GCN,101,168,68,1.3918826580047607,0.3756578862667084,1.4338735342025757,0.3434210419654846,True,100
actor,RandomKFold,4,2,MixHop,100,126,26,1.3500350713729858,0.3835526406764984,1.3769721984863281,0.3552631437778473,True,100
actor,RandomKFold,4,3,GCN,101,130,30,1.5204758644104004,0.31578946113586426,1.5286051034927368,0.30921053886413574,True,100
actor,RandomKFold,4,2,MixHop,101,125,25,1.3540719747543335,0.39210525155067444,1.3820744752883911,0.35855263471603394,True,100
actor,RandomKFold,4,3,GAT,100,292,192,1.526670217514038,0.316447377204895,1.5355151891708374,0.30263158679008484,True,100
actor,RandomKFold,4,3,SAGE,100,118,18,1.3848308324813843,0.36052632331848145,1.390529751777649,0.36513158679008484,True,100
actor,RandomKFold,4,3,SAGE,101,117,17,1.3857866525650024,0.3644736707210541,1.3892766237258911,0.3657894730567932,True,100
actor,RandomKFold,4,3,GAT,101,413,313,1.527491807937622,0.308552622795105,1.5343862771987915,0.3125,True,100
actor,RandomKFold,4,3,GPRGNN,100,310,210,1.3955153226852417,0.3835526406764984,1.4036494493484497,0.36710527539253235,True,100
actor,RandomKFold,4,3,GPRGNN,101,327,227,1.3942019939422607,0.37171053886413574,1.4067448377609253,0.37368419766426086,True,100
actor,RandomKFold,4,3,H2GCN,100,167,67,1.3944929838180542,0.375,1.3920761346817017,0.36973685026168823,True,100
actor,RandomKFold,4,4,MLP,100,121,21,1.3921490907669067,0.37171053886413574,1.3768572807312012,0.375,True,100
actor,RandomKFold,4,4,MLP,101,121,21,1.3916735649108887,0.3677631616592407,1.3836216926574707,0.3657894730567932,True,100
actor,RandomKFold,4,3,H2GCN,101,171,71,1.4000173807144165,0.36907893419265747,1.3934048414230347,0.3776315748691559,True,100
actor,RandomKFold,4,3,MixHop,100,134,34,1.3421188592910767,0.38684210181236267,1.3550362586975098,0.3723684251308441,True,100
actor,RandomKFold,4,4,GCN,100,258,158,1.5107606649398804,0.3019736707210541,1.5251284837722778,0.3098684251308441,True,100
actor,RandomKFold,4,4,GCN,101,323,223,1.5116688013076782,0.308552622795105,1.528630018234253,0.3019736707210541,True,100
actor,RandomKFold,4,3,MixHop,101,141,41,1.3410567045211792,0.3842105269432068,1.3590667247772217,0.37828946113586426,True,100
actor,RandomKFold,4,4,GAT,100,222,122,1.522391438484192,0.31381580233573914,1.5313851833343506,0.3098684251308441,True,100
actor,RandomKFold,4,4,GAT,101,340,240,1.5197796821594238,0.30657893419265747,1.5323704481124878,0.3151315748691559,True,100
actor,RandomKFold,4,4,SAGE,100,117,17,1.3806664943695068,0.36513158679008484,1.3758366107940674,0.37631580233573914,True,100
actor,RandomKFold,4,4,SAGE,101,118,18,1.3751742839813232,0.36973685026168823,1.375788688659668,0.37368419766426086,True,100
actor,RandomKFold,4,4,GPRGNN,100,215,115,1.3993929624557495,0.35197368264198303,1.3976820707321167,0.36250001192092896,True,100
actor,RandomKFold,4,4,GPRGNN,101,228,128,1.3989580869674683,0.36973685026168823,1.393567681312561,0.3796052634716034,True,100
actor,RandomKFold,4,4,H2GCN,100,162,62,1.4114607572555542,0.3552631437778473,1.3964080810546875,0.3572368323802948,True,100
actor,RandomKFold,4,5,MLP,100,120,20,1.395002841949463,0.3638157844543457,1.4097299575805664,0.33815789222717285,True,100
actor,RandomKFold,4,4,H2GCN,101,161,61,1.4147629737854004,0.3526315689086914,1.401331901550293,0.3618420958518982,True,100
actor,RandomKFold,4,5,MLP,101,120,20,1.3998148441314697,0.3552631437778473,1.404091715812683,0.35328948497772217,True,100
actor,RandomKFold,4,5,GCN,100,134,34,1.5186468362808228,0.2947368323802948,1.5199562311172485,0.30460527539253235,True,100
actor,RandomKFold,4,5,GCN,101,126,26,1.5194110870361328,0.2967105209827423,1.516491174697876,0.31118419766426086,True,100
actor,RandomKFold,4,4,MixHop,100,140,40,1.3435126543045044,0.3730263113975525,1.3389337062835693,0.39210525155067444,True,100
actor,RandomKFold,4,4,MixHop,101,137,37,1.341861605644226,0.371052622795105,1.3368886709213257,0.38749998807907104,True,100
actor,RandomKFold,4,5,GAT,101,237,137,1.527442216873169,0.30460527539253235,1.5247515439987183,0.3151315748691559,True,100
actor,RandomKFold,4,5,GAT,100,267,167,1.5278772115707397,0.3118421137332916,1.5234625339508057,0.3039473593235016,True,100
actor,RandomKFold,4,5,SAGE,100,116,16,1.3910703659057617,0.36052632331848145,1.393430233001709,0.3598684072494507,True,100
actor,RandomKFold,4,5,SAGE,101,125,25,1.3882524967193604,0.3657894730567932,1.406101107597351,0.34473684430122375,True,100
actor,RandomKFold,4,5,GPRGNN,100,296,196,1.4056543111801147,0.3460526168346405,1.4074329137802124,0.3526315689086914,True,100
actor,RandomKFold,4,5,GPRGNN,101,267,167,1.4041783809661865,0.3664473593235016,1.4043617248535156,0.35592105984687805,True,100
actor,RandomKFold,4,5,H2GCN,100,156,56,1.4192417860031128,0.3677631616592407,1.4245651960372925,0.36315789818763733,True,100
actor,RandomKFold,4,5,H2GCN,101,157,57,1.4264975786209106,0.36710527539253235,1.427849531173706,0.3598684072494507,True,100
actor,RandomKFold,4,5,MixHop,101,132,32,1.3582587242126465,0.35789474844932556,1.3605190515518188,0.3756578862667084,True,100
actor,RandomKFold,4,5,MixHop,100,137,37,1.3494552373886108,0.3815789520740509,1.357649803161621,0.3644736707210541,True,100
actor,LabelStratifiedKFold,4,1,MLP,100,121,21,1.3918603658676147,0.36973685026168823,1.4083762168884277,0.35131579637527466,True,100
actor,LabelStratifiedKFold,4,1,MLP,101,121,21,1.3953814506530762,0.3572368323802948,1.4130710363388062,0.3486842215061188,True,100
actor,LabelStratifiedKFold,4,1,GCN,100,252,152,1.5031336545944214,0.3190789520740509,1.5358737707138062,0.3078947365283966,True,100
actor,LabelStratifiedKFold,4,1,GCN,101,293,193,1.5053529739379883,0.3197368383407593,1.538230299949646,0.30460527539253235,True,100
actor,LabelStratifiedKFold,4,1,GAT,100,315,215,1.5207324028015137,0.3105263113975525,1.5348484516143799,0.2881578803062439,True,100
actor,LabelStratifiedKFold,4,1,SAGE,100,121,21,1.3782135248184204,0.37368419766426086,1.3978341817855835,0.3434210419654846,True,100
actor,LabelStratifiedKFold,4,1,SAGE,101,124,24,1.3772823810577393,0.3776315748691559,1.4053183794021606,0.33552631735801697,True,100
actor,LabelStratifiedKFold,4,1,GAT,101,543,443,1.5204166173934937,0.3078947365283966,1.5320255756378174,0.3039473593235016,True,100
actor,LabelStratifiedKFold,4,1,GPRGNN,100,224,124,1.3971461057662964,0.3638157844543457,1.4109303951263428,0.34473684430122375,True,100
actor,LabelStratifiedKFold,4,1,GPRGNN,101,192,92,1.3977844715118408,0.3611842095851898,1.4136154651641846,0.33815789222717285,True,100
actor,LabelStratifiedKFold,4,1,H2GCN,100,166,66,1.3866841793060303,0.3611842095851898,1.409307599067688,0.35789474844932556,True,100
actor,LabelStratifiedKFold,4,1,H2GCN,101,160,60,1.3899273872375488,0.3638157844543457,1.4112017154693604,0.3611842095851898,True,100
actor,LabelStratifiedKFold,4,2,MLP,100,120,20,1.3965767621994019,0.35131579637527466,1.394432783126831,0.3526315689086914,True,100
actor,LabelStratifiedKFold,4,2,MLP,101,121,21,1.39800226688385,0.36513158679008484,1.398572564125061,0.35197368264198303,True,100
actor,LabelStratifiedKFold,4,2,GCN,100,185,85,1.5210390090942383,0.30723685026168823,1.5152547359466553,0.30460527539253235,True,100
actor,LabelStratifiedKFold,4,2,GCN,101,202,102,1.5211906433105469,0.3078947365283966,1.516234278678894,0.30723685026168823,True,100
actor,LabelStratifiedKFold,4,1,MixHop,100,139,39,1.3364105224609375,0.371052622795105,1.3651845455169678,0.3572368323802948,True,100
actor,LabelStratifiedKFold,4,1,MixHop,101,128,28,1.3452216386795044,0.3723684251308441,1.3620734214782715,0.3657894730567932,True,100
actor,LabelStratifiedKFold,4,2,GAT,100,217,117,1.5290485620498657,0.308552622795105,1.528202772140503,0.2973684072494507,True,100
actor,LabelStratifiedKFold,4,2,SAGE,100,118,18,1.3893765211105347,0.3611842095851898,1.3877698183059692,0.3598684072494507,True,100
actor,LabelStratifiedKFold,4,2,GAT,101,379,279,1.5293002128601074,0.30723685026168823,1.5314937829971313,0.2881578803062439,True,100
actor,LabelStratifiedKFold,4,2,SAGE,101,118,18,1.3948115110397339,0.36250001192092896,1.3890948295593262,0.35855263471603394,True,100
actor,LabelStratifiedKFold,4,2,GPRGNN,100,242,142,1.4033691883087158,0.35328948497772217,1.3993605375289917,0.36315789818763733,True,100
actor,LabelStratifiedKFold,4,2,GPRGNN,101,222,122,1.4025976657867432,0.36710527539253235,1.4022166728973389,0.36315789818763733,True,100
actor,LabelStratifiedKFold,4,2,H2GCN,100,149,49,1.401482343673706,0.37368419766426086,1.3934179544448853,0.3730263113975525,True,100
actor,LabelStratifiedKFold,4,3,MLP,100,121,21,1.3909841775894165,0.36513158679008484,1.4021475315093994,0.3460526168346405,True,100
actor,LabelStratifiedKFold,4,3,MLP,101,121,21,1.4008382558822632,0.3592105209827423,1.4033098220825195,0.3499999940395355,True,100
actor,LabelStratifiedKFold,4,2,H2GCN,101,168,68,1.4037007093429565,0.3664473593235016,1.3960076570510864,0.3664473593235016,True,100
actor,LabelStratifiedKFold,4,3,GCN,100,216,116,1.5210776329040527,0.2993420958518982,1.5244275331497192,0.30065789818763733,True,100
actor,LabelStratifiedKFold,4,2,MixHop,100,127,27,1.3507883548736572,0.3730263113975525,1.3526999950408936,0.3657894730567932,True,100
actor,LabelStratifiedKFold,4,3,GCN,101,173,73,1.522422432899475,0.2967105209827423,1.5229331254959106,0.30921053886413574,True,100
actor,LabelStratifiedKFold,4,2,MixHop,101,132,32,1.3558933734893799,0.36315789818763733,1.349028468132019,0.3776315748691559,True,100
actor,LabelStratifiedKFold,4,3,SAGE,100,117,17,1.3809188604354858,0.3769736886024475,1.3810551166534424,0.3552631437778473,True,100
actor,LabelStratifiedKFold,4,3,GAT,100,370,270,1.5288031101226807,0.3039473593235016,1.5303423404693604,0.2927631437778473,True,100
actor,LabelStratifiedKFold,4,3,GAT,101,452,352,1.5277775526046753,0.31381580233573914,1.534419059753418,0.28881579637527466,True,100
actor,LabelStratifiedKFold,4,3,SAGE,101,117,17,1.3847886323928833,0.3703947365283966,1.3895286321640015,0.33815789222717285,True,100
actor,LabelStratifiedKFold,4,3,GPRGNN,101,202,102,1.39801025390625,0.3657894730567932,1.4071965217590332,0.3565789461135864,True,100
actor,LabelStratifiedKFold,4,3,GPRGNN,100,261,161,1.3997488021850586,0.35789474844932556,1.4058245420455933,0.35394737124443054,True,100
actor,LabelStratifiedKFold,4,3,H2GCN,100,171,71,1.4049770832061768,0.38289472460746765,1.4050676822662354,0.35789474844932556,True,100
actor,LabelStratifiedKFold,4,4,MLP,100,120,20,1.4079928398132324,0.3598684072494507,1.3949253559112549,0.35394737124443054,True,100
actor,LabelStratifiedKFold,4,4,MLP,101,120,20,1.4141578674316406,0.348026305437088,1.3929156064987183,0.3572368323802948,True,100
actor,LabelStratifiedKFold,4,3,H2GCN,101,180,80,1.40743088722229,0.3842105269432068,1.4066646099090576,0.35131579637527466,True,100
actor,LabelStratifiedKFold,4,4,GCN,100,123,23,1.5341745615005493,0.3052631616592407,1.5211901664733887,0.3144736886024475,True,100
actor,LabelStratifiedKFold,4,3,MixHop,100,133,33,1.3527590036392212,0.39407894015312195,1.348461627960205,0.3822368383407593,True,100
actor,LabelStratifiedKFold,4,4,GCN,101,190,90,1.5354143381118774,0.2973684072494507,1.5172239542007446,0.3019736707210541,True,100
actor,LabelStratifiedKFold,4,3,MixHop,101,142,42,1.35463547706604,0.37171053886413574,1.3671873807907104,0.3546052575111389,True,100
actor,LabelStratifiedKFold,4,4,GAT,101,212,112,1.5360523462295532,0.30065789818763733,1.528337001800537,0.3098684251308441,True,100
actor,LabelStratifiedKFold,4,4,SAGE,100,117,17,1.4037665128707886,0.3526315689086914,1.3822392225265503,0.3743421137332916,True,100
actor,LabelStratifiedKFold,4,4,GAT,100,392,292,1.5349942445755005,0.3039473593235016,1.5290910005569458,0.30460527539253235,True,100
actor,LabelStratifiedKFold,4,4,SAGE,101,116,16,1.4001389741897583,0.3434210419654846,1.3849797248840332,0.36907893419265747,True,100
actor,LabelStratifiedKFold,4,4,GPRGNN,100,251,151,1.408181071281433,0.3565789461135864,1.4019438028335571,0.37171053886413574,True,100
actor,LabelStratifiedKFold,4,4,GPRGNN,101,212,112,1.4088950157165527,0.3611842095851898,1.3967455625534058,0.36710527539253235,True,100
actor,LabelStratifiedKFold,4,4,H2GCN,100,149,49,1.4096702337265015,0.36710527539253235,1.4024372100830078,0.38026314973831177,True,100
actor,LabelStratifiedKFold,4,5,MLP,100,120,20,1.4005566835403442,0.3592105209827423,1.4045450687408447,0.3618420958518982,True,100
actor,LabelStratifiedKFold,4,5,MLP,101,120,20,1.4055739641189575,0.35592105984687805,1.4122439622879028,0.35592105984687805,True,100
actor,LabelStratifiedKFold,4,4,H2GCN,101,158,58,1.4106113910675049,0.36710527539253235,1.4040495157241821,0.37828946113586426,True,100
actor,LabelStratifiedKFold,4,5,GCN,100,152,52,1.5194599628448486,0.3125,1.5377858877182007,0.30065789818763733,True,100
actor,LabelStratifiedKFold,4,5,GCN,101,123,23,1.5210137367248535,0.3019736707210541,1.535569667816162,0.2986842095851898,True,100
actor,LabelStratifiedKFold,4,4,MixHop,100,138,38,1.3583396673202515,0.3730263113975525,1.3415535688400269,0.38026314973831177,True,100
actor,LabelStratifiedKFold,4,4,MixHop,101,136,36,1.3612620830535889,0.35592105984687805,1.3434125185012817,0.3677631616592407,True,100
actor,LabelStratifiedKFold,4,5,GAT,100,287,187,1.5311778783798218,0.30263158679008484,1.5366132259368896,0.2993420958518982,True,100
actor,LabelStratifiedKFold,4,5,GAT,101,384,284,1.52899968624115,0.2967105209827423,1.5365947484970093,0.29342105984687805,True,100
actor,LabelStratifiedKFold,4,5,SAGE,100,116,16,1.3883717060089111,0.3486842215061188,1.4007675647735596,0.36973685026168823,True,100
actor,LabelStratifiedKFold,4,5,SAGE,101,116,16,1.385251760482788,0.35789474844932556,1.3943194150924683,0.35328948497772217,True,100
actor,LabelStratifiedKFold,4,5,GPRGNN,100,224,124,1.4006993770599365,0.3552631437778473,1.4080449342727661,0.36052632331848145,True,100
actor,LabelStratifiedKFold,4,5,GPRGNN,101,267,167,1.4006304740905762,0.3684210479259491,1.412519097328186,0.371052622795105,True,100
actor,LabelStratifiedKFold,4,5,H2GCN,100,159,59,1.4111639261245728,0.3526315689086914,1.416465163230896,0.3644736707210541,True,100
actor,LabelStratifiedKFold,4,5,H2GCN,101,154,54,1.413374423980713,0.3598684072494507,1.4202159643173218,0.37171053886413574,True,100
actor,LabelStratifiedKFold,4,5,MixHop,100,139,39,1.362109899520874,0.36513158679008484,1.3661246299743652,0.37368419766426086,True,100
actor,LabelStratifiedKFold,4,5,MixHop,101,143,43,1.3617901802062988,0.3592105209827423,1.370338797569275,0.36052632331848145,True,100
actor,Sklearn_NeighHet_b500,4,1,MLP,101,121,21,1.4087884426116943,0.34539473056793213,1.402039885520935,0.3499999940395355,True,100
actor,Sklearn_NeighHet_b500,4,1,MLP,100,121,21,1.404845118522644,0.3526315689086914,1.3990229368209839,0.35394737124443054,True,100
actor,Sklearn_NeighHet_b500,4,1,GCN,100,174,74,1.5244011878967285,0.2947368323802948,1.5208271741867065,0.3013157844543457,True,100
actor,Sklearn_NeighHet_b500,4,1,GCN,101,206,106,1.5244218111038208,0.2947368323802948,1.5248451232910156,0.3019736707210541,True,100
actor,Sklearn_NeighHet_b500,4,1,GAT,100,269,169,1.5380144119262695,0.2927631437778473,1.5245689153671265,0.2973684072494507,True,100
actor,Sklearn_NeighHet_b500,4,1,SAGE,100,118,18,1.4065883159637451,0.3440789580345154,1.396817684173584,0.3552631437778473,True,100
actor,Sklearn_NeighHet_b500,4,1,SAGE,101,116,16,1.4088773727416992,0.33618420362472534,1.3972852230072021,0.3546052575111389,True,100
actor,Sklearn_NeighHet_b500,4,1,GAT,101,426,326,1.5368813276290894,0.285526305437088,1.519254207611084,0.308552622795105,True,100
actor,Sklearn_NeighHet_b500,4,1,GPRGNN,100,249,149,1.4042389392852783,0.35131579637527466,1.401064395904541,0.35197368264198303,True,100
actor,Sklearn_NeighHet_b500,4,1,GPRGNN,101,326,226,1.406374454498291,0.36250001192092896,1.4087964296340942,0.35328948497772217,True,100
actor,Sklearn_NeighHet_b500,4,1,H2GCN,100,158,58,1.418879747390747,0.34210526943206787,1.3990886211395264,0.3769736886024475,True,100
actor,Sklearn_NeighHet_b500,4,2,MLP,100,120,20,1.401026725769043,0.3611842095851898,1.4084298610687256,0.34078946709632874,True,100
actor,Sklearn_NeighHet_b500,4,2,MLP,101,121,21,1.4030272960662842,0.35789474844932556,1.4136005640029907,0.34736841917037964,True,100
actor,Sklearn_NeighHet_b500,4,1,H2GCN,101,159,59,1.423252820968628,0.34078946709632874,1.4066601991653442,0.37171053886413574,True,100
actor,Sklearn_NeighHet_b500,4,2,GCN,100,127,27,1.516218662261963,0.3217105269432068,1.5320264101028442,0.29802632331848145,True,100
actor,Sklearn_NeighHet_b500,4,2,GCN,101,146,46,1.5175198316574097,0.3144736886024475,1.5336676836013794,0.28947368264198303,True,100
actor,Sklearn_NeighHet_b500,4,1,MixHop,100,139,39,1.3641709089279175,0.3664473593235016,1.358805775642395,0.37368419766426086,True,100
actor,Sklearn_NeighHet_b500,4,1,MixHop,101,126,26,1.3661847114562988,0.34078946709632874,1.3608062267303467,0.3756578862667084,True,100
actor,Sklearn_NeighHet_b500,4,2,GAT,101,210,110,1.523775577545166,0.3125,1.5457736253738403,0.2809210419654846,True,100
actor,Sklearn_NeighHet_b500,4,2,GAT,100,269,169,1.5246955156326294,0.3151315748691559,1.542444109916687,0.2927631437778473,True,100
actor,Sklearn_NeighHet_b500,4,2,SAGE,100,117,17,1.3799859285354614,0.3552631437778473,1.4023381471633911,0.3499999940395355,True,100
actor,Sklearn_NeighHet_b500,4,2,SAGE,101,118,18,1.3822935819625854,0.3598684072494507,1.4074105024337769,0.3499999940395355,True,100
actor,Sklearn_NeighHet_b500,4,2,GPRGNN,101,193,93,1.3951678276062012,0.3776315748691559,1.4133172035217285,0.34276315569877625,True,100
actor,Sklearn_NeighHet_b500,4,2,GPRGNN,100,322,222,1.393736720085144,0.37171053886413574,1.4082863330841064,0.3611842095851898,True,100
actor,Sklearn_NeighHet_b500,4,2,H2GCN,100,157,57,1.40511953830719,0.3822368383407593,1.417391061782837,0.3677631616592407,True,100
actor,Sklearn_NeighHet_b500,4,3,MLP,100,121,21,1.3897979259490967,0.36250001192092896,1.4016515016555786,0.36315789818763733,True,100
actor,Sklearn_NeighHet_b500,4,3,MLP,101,121,21,1.401376485824585,0.348026305437088,1.410108208656311,0.35789474844932556,True,100
actor,Sklearn_NeighHet_b500,4,2,H2GCN,101,157,57,1.4120588302612305,0.3723684251308441,1.4217299222946167,0.36907893419265747,True,100
actor,Sklearn_NeighHet_b500,4,3,GCN,100,163,63,1.5168511867523193,0.3171052634716034,1.510856032371521,0.3098684251308441,True,100
actor,Sklearn_NeighHet_b500,4,3,GCN,101,155,55,1.5169320106506348,0.3217105269432068,1.5111207962036133,0.32697367668151855,True,100
actor,Sklearn_NeighHet_b500,4,2,MixHop,101,138,38,1.3472799062728882,0.38092106580734253,1.3719888925552368,0.3506578803062439,True,100
actor,Sklearn_NeighHet_b500,4,2,MixHop,100,144,44,1.3448996543884277,0.38092106580734253,1.3648630380630493,0.3565789461135864,True,100
actor,Sklearn_NeighHet_b500,4,3,GAT,101,236,136,1.5271865129470825,0.3276315927505493,1.5256907939910889,0.30921053886413574,True,100
actor,Sklearn_NeighHet_b500,4,3,GAT,100,314,214,1.5249519348144531,0.32039472460746765,1.5247358083724976,0.3190789520740509,True,100
actor,Sklearn_NeighHet_b500,4,3,SAGE,100,117,17,1.3809806108474731,0.35197368264198303,1.3864853382110596,0.36250001192092896,True,100
actor,Sklearn_NeighHet_b500,4,3,SAGE,101,117,17,1.3823347091674805,0.3592105209827423,1.3880165815353394,0.3506578803062439,True,100
actor,Sklearn_NeighHet_b500,4,3,GPRGNN,101,207,107,1.3958990573883057,0.38026314973831177,1.3941859006881714,0.3822368383407593,True,100
actor,Sklearn_NeighHet_b500,4,3,GPRGNN,100,261,161,1.3977667093276978,0.3743421137332916,1.3934649229049683,0.38684210181236267,True,100
actor,Sklearn_NeighHet_b500,4,3,H2GCN,100,152,52,1.3844467401504517,0.3888157904148102,1.4014766216278076,0.3657894730567932,True,100
actor,Sklearn_NeighHet_b500,4,4,MLP,100,121,21,1.3977725505828857,0.348026305437088,1.392391324043274,0.3677631616592407,True,100
actor,Sklearn_NeighHet_b500,4,3,H2GCN,101,157,57,1.382299780845642,0.3822368383407593,1.4033000469207764,0.36315789818763733,True,100
actor,Sklearn_NeighHet_b500,4,4,MLP,101,121,21,1.4085724353790283,0.34078946709632874,1.3966559171676636,0.375,True,100
actor,Sklearn_NeighHet_b500,4,4,GCN,100,125,25,1.5405097007751465,0.28486841917037964,1.5252163410186768,0.32960525155067444,True,100
actor,Sklearn_NeighHet_b500,4,4,GCN,101,127,27,1.5389095544815063,0.28684210777282715,1.525921106338501,0.32236841320991516,True,100
actor,Sklearn_NeighHet_b500,4,3,MixHop,100,127,27,1.3447061777114868,0.38026314973831177,1.342406988143921,0.3684210479259491,True,100
actor,Sklearn_NeighHet_b500,4,3,MixHop,101,142,42,1.3471966981887817,0.38486841320991516,1.3460677862167358,0.37828946113586426,True,100
actor,Sklearn_NeighHet_b500,4,4,GAT,100,310,210,1.5377155542373657,0.29342105984687805,1.5282624959945679,0.3131578862667084,True,100
actor,Sklearn_NeighHet_b500,4,4,SAGE,100,117,17,1.3966493606567383,0.34736841917037964,1.379791259765625,0.35855263471603394,True,100
actor,Sklearn_NeighHet_b500,4,4,SAGE,101,116,16,1.394120693206787,0.34276315569877625,1.3776650428771973,0.3611842095851898,True,100
actor,Sklearn_NeighHet_b500,4,4,GAT,101,624,524,1.5346527099609375,0.29802632331848145,1.5276000499725342,0.2947368323802948,True,100
actor,Sklearn_NeighHet_b500,4,4,GPRGNN,100,255,155,1.4142035245895386,0.33815789222717285,1.4004647731781006,0.3796052634716034,True,100
actor,Sklearn_NeighHet_b500,4,4,GPRGNN,101,229,129,1.412400722503662,0.3440789580345154,1.4014889001846313,0.3881579041481018,True,100
actor,Sklearn_NeighHet_b500,4,4,H2GCN,100,164,64,1.4145923852920532,0.3565789461135864,1.3886144161224365,0.3756578862667084,True,100
actor,Sklearn_NeighHet_b500,4,5,MLP,100,120,20,1.4018442630767822,0.3565789461135864,1.3972879648208618,0.35328948497772217,True,100
actor,Sklearn_NeighHet_b500,4,5,MLP,101,120,20,1.3986884355545044,0.34736841917037964,1.4032984972000122,0.348026305437088,True,100
actor,Sklearn_NeighHet_b500,4,4,H2GCN,101,172,72,1.4203194379806519,0.3440789580345154,1.3899508714675903,0.3703947365283966,True,100
actor,Sklearn_NeighHet_b500,4,4,MixHop,100,137,37,1.3575457334518433,0.3618420958518982,1.3516143560409546,0.38026314973831177,True,100
actor,Sklearn_NeighHet_b500,4,4,MixHop,101,143,43,1.366431474685669,0.33815789222717285,1.3582624197006226,0.3730263113975525,True,100
actor,Sklearn_NeighHet_b500,4,5,GCN,100,269,169,1.518402099609375,0.316447377204895,1.5450341701507568,0.285526305437088,True,100
actor,Sklearn_NeighHet_b500,4,5,GCN,101,226,126,1.5164567232131958,0.3052631616592407,1.5468674898147583,0.28421053290367126,True,100
actor,Sklearn_NeighHet_b500,4,5,GAT,100,254,154,1.5230785608291626,0.3078947365283966,1.543612003326416,0.28026315569877625,True,100
actor,Sklearn_NeighHet_b500,4,5,GAT,101,274,174,1.524317979812622,0.30460527539253235,1.5454189777374268,0.2697368562221527,True,100
actor,Sklearn_NeighHet_b500,4,5,SAGE,100,116,16,1.3914589881896973,0.36973685026168823,1.4011484384536743,0.3440789580345154,True,100
actor,Sklearn_NeighHet_b500,4,5,SAGE,101,116,16,1.3949159383773804,0.3572368323802948,1.3967291116714478,0.35197368264198303,True,100
actor,Sklearn_NeighHet_b500,4,5,GPRGNN,100,323,223,1.4081699848175049,0.35789474844932556,1.4163005352020264,0.3460526168346405,True,100
actor,Sklearn_NeighHet_b500,4,5,GPRGNN,101,336,236,1.4084926843643188,0.3644736707210541,1.4135701656341553,0.3499999940395355,True,100
actor,Sklearn_NeighHet_b500,4,5,H2GCN,100,161,61,1.4005260467529297,0.3730263113975525,1.4211241006851196,0.34539473056793213,True,100
actor,Sklearn_NeighHet_b500,4,5,H2GCN,101,164,64,1.401982069015503,0.37171053886413574,1.4221888780593872,0.3460526168346405,True,100
actor,Sklearn_NeighHet_b500,4,5,MixHop,100,128,28,1.3579655885696411,0.3638157844543457,1.365553379058838,0.35328948497772217,True,100
actor,Sklearn_NeighHet_b500,4,5,MixHop,101,130,30,1.3619033098220825,0.38026314973831177,1.3651288747787476,0.36250001192092896,True,100
Texas,RandomKFold,0,1,MLP,100,125,25,0.5757803916931152,0.7297297120094299,0.4694862365722656,0.837837815284729,True,100
Texas,RandomKFold,0,1,MLP,101,123,23,0.6142303347587585,0.7297297120094299,0.601375162601471,0.8108108043670654,True,100
Texas,RandomKFold,0,1,GCN,100,106,6,0.9769531488418579,0.6486486196517944,1.1122456789016724,0.6216216087341309,True,100
Texas,RandomKFold,0,1,GCN,101,107,7,0.9114827513694763,0.6486486196517944,1.0399208068847656,0.6216216087341309,True,100
Texas,RandomKFold,0,1,GAT,101,109,9,1.0637584924697876,0.5945945978164673,1.175050973892212,0.6216216087341309,True,100
Texas,RandomKFold,0,1,GAT,100,153,53,0.9044743180274963,0.6486486196517944,1.21134614944458,0.4864864945411682,True,100
Texas,RandomKFold,0,1,SAGE,100,107,7,0.37020477652549744,0.8648648858070374,0.44218775629997253,0.8648648858070374,True,100
Texas,RandomKFold,0,1,SAGE,101,109,9,0.37207597494125366,0.837837815284729,0.5049360990524292,0.7837837934494019,True,100
Texas,RandomKFold,0,1,GPRGNN,101,160,60,0.30880430340766907,0.8648648858070374,0.22242598235607147,0.8918918967247009,True,100
Texas,RandomKFold,0,1,GPRGNN,100,178,78,0.37787774205207825,0.8648648858070374,0.2829895317554474,0.837837815284729,True,100
Texas,RandomKFold,0,1,H2GCN,101,399,299,0.570539653301239,0.7837837934494019,0.46453404426574707,0.8648648858070374,True,100
Texas,RandomKFold,0,1,H2GCN,100,488,388,0.5842666625976562,0.7837837934494019,0.4702562391757965,0.8648648858070374,True,100
Texas,RandomKFold,0,2,MLP,100,235,135,0.5468748211860657,0.9189189076423645,0.6400633454322815,0.7837837934494019,True,100
Texas,RandomKFold,0,2,MLP,101,268,168,0.5107663869857788,0.8918918967247009,0.6891498565673828,0.7567567825317383,True,100
Texas,RandomKFold,0,2,GCN,100,104,4,1.3549853563308716,0.4054054021835327,1.059746265411377,0.6756756901741028,True,100
Texas,RandomKFold,0,2,GCN,101,104,4,1.383426308631897,0.4864864945411682,1.176056981086731,0.4864864945411682,True,100
Texas,RandomKFold,0,2,GAT,100,118,18,1.41391921043396,0.37837839126586914,0.8930997848510742,0.6216216087341309,True,100
Texas,RandomKFold,0,2,GAT,101,106,6,1.4059308767318726,0.5405405163764954,1.2482186555862427,0.5135135054588318,True,100
Texas,RandomKFold,0,1,MixHop,100,189,89,0.2918352484703064,0.837837815284729,0.14687423408031464,0.9729729890823364,True,100
Texas,RandomKFold,0,1,MixHop,101,189,89,0.344497412443161,0.837837815284729,0.22230839729309082,0.9189189076423645,True,100
Texas,RandomKFold,0,2,SAGE,100,115,15,0.6124585270881653,0.8648648858070374,0.34127384424209595,0.8108108043670654,True,100
Texas,RandomKFold,0,2,SAGE,101,112,12,0.7892799973487854,0.7837837934494019,0.3596484065055847,0.837837815284729,True,100
Texas,RandomKFold,0,2,GPRGNN,101,207,107,0.8823354840278625,0.7837837934494019,0.475037544965744,0.837837815284729,True,100
Texas,RandomKFold,0,2,GPRGNN,100,276,176,0.7826079726219177,0.7837837934494019,0.5978645086288452,0.7837837934494019,True,100
Texas,RandomKFold,0,2,H2GCN,100,248,148,0.7503164410591125,0.8108108043670654,0.5276266932487488,0.837837815284729,True,100
Texas,RandomKFold,0,3,MLP,100,137,37,0.3177012503147125,0.9166666865348816,0.608817994594574,0.8648648858070374,True,100
Texas,RandomKFold,0,2,H2GCN,101,315,215,0.7187154293060303,0.8108108043670654,0.46086156368255615,0.8918918967247009,True,100
Texas,RandomKFold,0,3,MLP,101,393,293,0.3304589092731476,0.8888888955116272,0.6815948486328125,0.7837837934494019,True,100
Texas,RandomKFold,0,3,GCN,100,105,5,1.0363703966140747,0.6111111044883728,1.415342092514038,0.37837839126586914,True,100
Texas,RandomKFold,0,3,GCN,101,110,10,0.9887014031410217,0.6944444179534912,1.6159168481826782,0.5135135054588318,True,100
Texas,RandomKFold,0,3,GAT,100,120,20,0.8427839279174805,0.6944444179534912,1.3929333686828613,0.4324324429035187,True,100
Texas,RandomKFold,0,3,GAT,101,120,20,0.912312924861908,0.6388888955116272,1.4509814977645874,0.4054054021835327,True,100
Texas,RandomKFold,0,3,SAGE,100,106,6,0.6594709157943726,0.8611111044883728,0.9012468457221985,0.6756756901741028,True,100
Texas,RandomKFold,0,2,MixHop,101,214,114,0.5045530796051025,0.8108108043670654,0.4175325930118561,0.8648648858070374,True,100
Texas,RandomKFold,0,3,SAGE,101,106,6,0.5865650177001953,0.8055555820465088,1.0033451318740845,0.7027027010917664,True,100
Texas,RandomKFold,0,2,MixHop,100,260,160,0.4868725538253784,0.837837815284729,0.41892731189727783,0.7837837934494019,True,100
Texas,RandomKFold,0,3,GPRGNN,100,260,160,0.22541077435016632,0.8888888955116272,1.4644321203231812,0.7567567825317383,True,100
Texas,RandomKFold,0,3,GPRGNN,101,189,89,0.24271366000175476,0.9166666865348816,1.0657532215118408,0.7027027010917664,True,100
Texas,RandomKFold,0,3,H2GCN,100,329,229,0.2201797068119049,0.9444444179534912,0.7624250650405884,0.8108108043670654,True,100
Texas,RandomKFold,0,4,MLP,100,155,55,0.6753767132759094,0.6944444179534912,0.25293633341789246,0.9166666865348816,True,100
Texas,RandomKFold,0,4,MLP,101,121,21,0.6156347393989563,0.75,0.293998658657074,0.9444444179534912,True,100
Texas,RandomKFold,0,4,GCN,100,103,3,1.461795687675476,0.4722222089767456,1.149122953414917,0.6111111044883728,True,100
Texas,RandomKFold,0,3,H2GCN,101,325,225,0.21553342044353485,0.9444444179534912,0.7351379990577698,0.8108108043670654,True,100
Texas,RandomKFold,0,4,GCN,101,105,5,1.4652657508850098,0.4444444477558136,1.0105998516082764,0.6666666865348816,True,100
Texas,RandomKFold,0,4,GAT,100,105,5,1.2579984664916992,0.5277777910232544,1.002047061920166,0.6388888955116272,True,100
Texas,RandomKFold,0,4,GAT,101,114,14,1.2592097520828247,0.4444444477558136,1.0601811408996582,0.6388888955116272,True,100
Texas,RandomKFold,0,3,MixHop,101,189,89,0.11086442321538925,0.9444444179534912,0.549355149269104,0.837837815284729,True,100
Texas,RandomKFold,0,4,SAGE,100,121,21,0.45197778940200806,0.8055555820465088,1.0895925760269165,0.9722222089767456,True,100
Texas,RandomKFold,0,4,SAGE,101,125,25,0.4867047667503357,0.8611111044883728,0.9726205468177795,0.8888888955116272,True,100
Texas,RandomKFold,0,3,MixHop,100,226,126,0.2421504408121109,0.9166666865348816,0.7248470187187195,0.837837815284729,True,100
Texas,RandomKFold,0,4,GPRGNN,100,106,6,1.37239408493042,0.4722222089767456,1.2244677543640137,0.5833333134651184,True,100
Texas,RandomKFold,0,4,GPRGNN,101,300,200,0.8885470628738403,0.8333333134651184,0.45785820484161377,0.8611111044883728,True,100
Texas,RandomKFold,0,4,H2GCN,100,341,241,0.7176864147186279,0.7222222089767456,0.18157392740249634,0.9444444179534912,True,100
Texas,RandomKFold,0,5,MLP,100,237,137,0.31362491846084595,0.9189189076423645,0.7572799921035767,0.7777777910232544,True,100
Texas,RandomKFold,0,4,H2GCN,101,142,42,0.7678534984588623,0.6666666865348816,0.5176861882209778,0.8611111044883728,True,100
Texas,RandomKFold,0,5,MLP,101,272,172,0.47754257917404175,0.8108108043670654,0.7612636089324951,0.7777777910232544,True,100
Texas,RandomKFold,0,4,MixHop,101,106,6,1.1177799701690674,0.5833333134651184,0.681553840637207,0.8611111044883728,True,100
Texas,RandomKFold,0,5,GCN,100,108,8,0.9538424611091614,0.6756756901741028,1.7225782871246338,0.4722222089767456,True,100
Texas,RandomKFold,0,5,GCN,101,105,5,0.9433857798576355,0.6756756901741028,1.4944130182266235,0.4444444477558136,True,100
Texas,RandomKFold,0,5,GAT,100,130,30,0.822517991065979,0.7027027010917664,1.4003616571426392,0.5,True,100
Texas,RandomKFold,0,5,GAT,101,116,16,0.8973097801208496,0.6486486196517944,1.3998271226882935,0.5,True,100
Texas,RandomKFold,0,5,SAGE,101,110,10,0.45166870951652527,0.8918918967247009,0.5755236744880676,0.7777777910232544,True,100
Texas,RandomKFold,0,5,SAGE,100,263,163,0.201726034283638,0.8918918967247009,0.875495195388794,0.75,True,100
Texas,RandomKFold,0,4,MixHop,100,263,163,0.8569021224975586,0.7777777910232544,0.18642878532409668,0.9444444179534912,True,100
Texas,RandomKFold,0,5,GPRGNN,100,170,70,0.38416045904159546,0.8648648858070374,0.7720969915390015,0.75,True,100
Texas,RandomKFold,0,5,GPRGNN,101,173,73,0.3479037284851074,0.8648648858070374,0.8262192606925964,0.75,True,100
Texas,RandomKFold,0,5,H2GCN,100,588,488,0.34787091612815857,0.9189189076423645,0.6906818747520447,0.7222222089767456,True,100
Texas,RandomKFold,0,5,H2GCN,101,629,529,0.3417358696460724,0.8918918967247009,0.7180287837982178,0.7222222089767456,True,100
Texas,RandomKFold,0,5,MixHop,100,290,190,0.1271948218345642,0.9459459185600281,1.0462327003479004,0.8055555820465088,True,100
Texas,RandomKFold,0,5,MixHop,101,326,226,0.06188267469406128,1.0,1.3927724361419678,0.8611111044883728,True,100
Texas,LabelStratifiedKFold,0,1,MLP,101,387,287,0.33780133724212646,0.9189189076423645,0.6530467867851257,0.7837837934494019,True,100
Texas,LabelStratifiedKFold,0,1,MLP,100,360,260,0.3588542342185974,0.8918918967247009,0.6101928949356079,0.837837815284729,True,100
Texas,LabelStratifiedKFold,0,1,GCN,101,105,5,1.1974529027938843,0.5675675868988037,1.2927840948104858,0.5945945978164673,True,100
Texas,LabelStratifiedKFold,0,1,GCN,100,104,4,1.1725534200668335,0.5135135054588318,1.3487610816955566,0.5135135054588318,True,100
Texas,LabelStratifiedKFold,0,1,GAT,100,111,11,1.0088740587234497,0.5945945978164673,1.132567286491394,0.6216216087341309,True,100
Texas,LabelStratifiedKFold,0,1,GAT,101,107,7,1.1750800609588623,0.5405405163764954,1.1056015491485596,0.5945945978164673,True,100
Texas,LabelStratifiedKFold,0,1,SAGE,100,254,154,0.15358884632587433,0.9189189076423645,1.1014621257781982,0.8108108043670654,True,100
Texas,LabelStratifiedKFold,0,1,SAGE,101,299,199,0.16457848250865936,0.9189189076423645,1.4447895288467407,0.837837815284729,True,100
Texas,LabelStratifiedKFold,0,1,GPRGNN,100,179,79,1.000131368637085,0.7567567825317383,0.8360514044761658,0.7027027010917664,True,100
Texas,LabelStratifiedKFold,0,1,GPRGNN,101,213,113,0.9672971367835999,0.7027027010917664,0.9410647749900818,0.7027027010917664,True,100
Texas,LabelStratifiedKFold,0,1,H2GCN,100,514,414,0.34375396370887756,0.8918918967247009,0.8215791583061218,0.7297297120094299,True,100
Texas,LabelStratifiedKFold,0,2,MLP,100,296,196,0.4223809242248535,0.8918918967247009,0.4713284373283386,0.837837815284729,True,100
Texas,LabelStratifiedKFold,0,2,MLP,101,339,239,0.41901910305023193,0.8648648858070374,0.415292352437973,0.8648648858070374,True,100
Texas,LabelStratifiedKFold,0,2,GCN,100,109,9,1.150702953338623,0.6486486196517944,1.2781667709350586,0.45945945382118225,True,100
Texas,LabelStratifiedKFold,0,1,H2GCN,101,790,690,0.33030614256858826,0.9189189076423645,0.8035961985588074,0.7297297120094299,True,100
Texas,LabelStratifiedKFold,0,2,GCN,101,111,11,1.1547716856002808,0.5135135054588318,1.3241225481033325,0.45945945382118225,True,100
Texas,LabelStratifiedKFold,0,1,MixHop,100,269,169,0.07791606336832047,0.9459459185600281,1.2939841747283936,0.8108108043670654,True,100
Texas,LabelStratifiedKFold,0,2,GAT,100,118,18,1.0507129430770874,0.5675675868988037,1.1538150310516357,0.5405405163764954,True,100
Texas,LabelStratifiedKFold,0,2,GAT,101,123,23,1.0901004076004028,0.5675675868988037,1.240299105644226,0.5405405163764954,True,100
Texas,LabelStratifiedKFold,0,1,MixHop,101,302,202,0.11734964698553085,0.9729729890823364,1.5356365442276,0.8648648858070374,True,100
Texas,LabelStratifiedKFold,0,2,SAGE,100,110,10,0.6902080178260803,0.7837837934494019,0.6751008033752441,0.7567567825317383,True,100
Texas,LabelStratifiedKFold,0,2,SAGE,101,111,11,0.7440703511238098,0.7837837934494019,0.5039313435554504,0.837837815284729,True,100
Texas,LabelStratifiedKFold,0,2,GPRGNN,101,151,51,0.7537434101104736,0.7567567825317383,0.9566171169281006,0.6486486196517944,True,100
Texas,LabelStratifiedKFold,0,2,GPRGNN,100,186,86,0.6852744817733765,0.837837815284729,1.0874801874160767,0.7837837934494019,True,100
Texas,LabelStratifiedKFold,0,2,H2GCN,100,557,457,0.5355878472328186,0.837837815284729,0.3214039206504822,0.8648648858070374,True,100
Texas,LabelStratifiedKFold,0,3,MLP,100,380,280,0.26773521304130554,0.9166666865348816,0.5462806820869446,0.8648648858070374,True,100
Texas,LabelStratifiedKFold,0,3,MLP,101,119,19,0.48495709896087646,0.8055555820465088,0.5419667959213257,0.8648648858070374,True,100
Texas,LabelStratifiedKFold,0,2,H2GCN,101,722,622,0.5226699709892273,0.8918918967247009,0.31669411063194275,0.8918918967247009,True,100
Texas,LabelStratifiedKFold,0,3,GCN,100,107,7,1.193804383277893,0.6111111044883728,1.2669188976287842,0.5675675868988037,True,100
Texas,LabelStratifiedKFold,0,3,GCN,101,105,5,1.2134644985198975,0.5555555820465088,1.264845609664917,0.5135135054588318,True,100
Texas,LabelStratifiedKFold,0,3,GAT,100,134,34,1.0691591501235962,0.5555555820465088,1.4073517322540283,0.5405405163764954,True,100
Texas,LabelStratifiedKFold,0,3,GAT,101,103,3,1.1696044206619263,0.5555555820465088,1.2976566553115845,0.5675675868988037,True,100
Texas,LabelStratifiedKFold,0,2,MixHop,101,200,100,0.621773362159729,0.8918918967247009,0.774418830871582,0.8108108043670654,True,100
Texas,LabelStratifiedKFold,0,2,MixHop,100,230,130,0.5093000531196594,0.8918918967247009,0.48293906450271606,0.8648648858070374,True,100
Texas,LabelStratifiedKFold,0,3,SAGE,100,118,18,0.26105543971061707,0.8611111044883728,0.883034348487854,0.8108108043670654,True,100
Texas,LabelStratifiedKFold,0,3,GPRGNN,100,174,74,0.5939115881919861,0.8055555820465088,1.0103026628494263,0.7297297120094299,True,100
Texas,LabelStratifiedKFold,0,3,SAGE,101,278,178,0.24436065554618835,0.9166666865348816,0.9649438858032227,0.8108108043670654,True,100
Texas,LabelStratifiedKFold,0,3,GPRGNN,101,163,63,0.484194815158844,0.8333333134651184,0.9241241216659546,0.7027027010917664,True,100
Texas,LabelStratifiedKFold,0,3,H2GCN,101,400,300,0.314919650554657,0.9166666865348816,0.5073126554489136,0.837837815284729,True,100
Texas,LabelStratifiedKFold,0,3,H2GCN,100,404,304,0.3213828504085541,0.8888888955116272,0.5076749920845032,0.837837815284729,True,100
Texas,LabelStratifiedKFold,0,4,MLP,101,178,78,0.44356438517570496,0.8055555820465088,0.4857736825942993,0.8055555820465088,True,100
Texas,LabelStratifiedKFold,0,4,MLP,100,259,159,0.39933472871780396,0.8611111044883728,0.33421242237091064,0.9444444179534912,True,100
Texas,LabelStratifiedKFold,0,4,GCN,100,105,5,1.0312398672103882,0.6388888955116272,1.1789121627807617,0.5555555820465088,True,100
Texas,LabelStratifiedKFold,0,4,GCN,101,105,5,1.103708267211914,0.6388888955116272,1.1455342769622803,0.5833333134651184,True,100
Texas,LabelStratifiedKFold,0,4,GAT,101,107,7,0.9995527267456055,0.5277777910232544,1.1647305488586426,0.5555555820465088,True,100
Texas,LabelStratifiedKFold,0,4,GAT,100,221,121,0.9467872977256775,0.6666666865348816,1.2526745796203613,0.4722222089767456,True,100
Texas,LabelStratifiedKFold,0,4,SAGE,100,118,18,0.4309169054031372,0.9166666865348816,0.35949796438217163,0.8888888955116272,True,100
Texas,LabelStratifiedKFold,0,4,SAGE,101,110,10,0.48089075088500977,0.7777777910232544,0.45618969202041626,0.8055555820465088,True,100
Texas,LabelStratifiedKFold,0,3,MixHop,101,289,189,0.19485893845558167,0.9166666865348816,0.9841222763061523,0.837837815284729,True,100
Texas,LabelStratifiedKFold,0,4,GPRGNN,100,193,93,0.4198015332221985,0.8611111044883728,0.7789840698242188,0.8611111044883728,True,100
Texas,LabelStratifiedKFold,0,4,GPRGNN,101,171,71,0.3137497901916504,0.9166666865348816,0.5464099049568176,0.8611111044883728,True,100
Texas,LabelStratifiedKFold,0,3,MixHop,100,383,283,0.1110735833644867,0.9444444179534912,0.8010360598564148,0.8918918967247009,True,100
Texas,LabelStratifiedKFold,0,4,H2GCN,100,244,144,0.4901619553565979,0.8611111044883728,0.35921868681907654,0.8611111044883728,True,100
Texas,LabelStratifiedKFold,0,5,MLP,100,246,146,0.5161348581314087,0.8108108043670654,0.5737016201019287,0.8611111044883728,True,100
Texas,LabelStratifiedKFold,0,4,H2GCN,101,206,106,0.5197716951370239,0.8611111044883728,0.3797103464603424,0.8888888955116272,True,100
Texas,LabelStratifiedKFold,0,5,MLP,101,403,303,0.5066826939582825,0.837837815284729,0.6158058643341064,0.8611111044883728,True,100
Texas,LabelStratifiedKFold,0,5,GCN,100,103,3,1.278429388999939,0.5945945978164673,1.1800057888031006,0.6666666865348816,True,100
Texas,LabelStratifiedKFold,0,5,GCN,101,104,4,1.300872564315796,0.5135135054588318,1.1219067573547363,0.6111111044883728,True,100
Texas,LabelStratifiedKFold,0,5,GAT,100,106,6,1.1601284742355347,0.5675675868988037,1.0681533813476562,0.6111111044883728,True,100
Texas,LabelStratifiedKFold,0,5,GAT,101,107,7,1.1705257892608643,0.5405405163764954,1.03946852684021,0.5833333134651184,True,100
Texas,LabelStratifiedKFold,0,5,SAGE,100,103,3,0.9953127503395081,0.6486486196517944,0.6975582242012024,0.75,True,100
Texas,LabelStratifiedKFold,0,5,SAGE,101,105,5,0.856267511844635,0.7027027010917664,0.5934231281280518,0.75,True,100
Texas,LabelStratifiedKFold,0,4,MixHop,100,267,167,0.18421147763729095,0.9166666865348816,0.2797338664531708,0.8888888955116272,True,100
Texas,LabelStratifiedKFold,0,5,GPRGNN,100,198,98,0.5762221813201904,0.7297297120094299,0.6062777042388916,0.8055555820465088,True,100
Texas,LabelStratifiedKFold,0,5,GPRGNN,101,216,116,0.7425607442855835,0.6756756901741028,0.5666880011558533,0.75,True,100
Texas,LabelStratifiedKFold,0,5,MixHop,101,106,6,0.9524266123771667,0.6216216087341309,0.7996424436569214,0.6944444179534912,True,100
Texas,LabelStratifiedKFold,0,5,H2GCN,100,132,32,0.8307257890701294,0.6756756901741028,0.6535207033157349,0.7777777910232544,True,100
Texas,LabelStratifiedKFold,0,5,H2GCN,101,132,32,0.8228083252906799,0.6756756901741028,0.6440876126289368,0.7777777910232544,True,100
Texas,LabelStratifiedKFold,0,5,MixHop,100,162,62,0.7237530946731567,0.7837837934494019,0.2909097373485565,0.8611111044883728,True,100
Texas,LabelStratifiedKFold,0,4,MixHop,101,533,433,0.17679619789123535,0.9166666865348816,0.25162094831466675,0.8888888955116272,True,100
Texas,Sklearn_NeighHet_b50,0,1,MLP,100,270,170,0.5085135698318481,0.8918918967247009,0.6745358109474182,0.8108108043670654,True,100
Texas,Sklearn_NeighHet_b50,0,1,GCN,101,105,5,1.1208508014678955,0.5405405163764954,1.5422755479812622,0.4054054021835327,True,100
Texas,Sklearn_NeighHet_b50,0,1,GCN,100,104,4,1.1311596632003784,0.6216216087341309,1.4679903984069824,0.4324324429035187,True,100
Texas,Sklearn_NeighHet_b50,0,1,MLP,101,437,337,0.48093682527542114,0.8918918967247009,0.686909019947052,0.837837815284729,True,100
Texas,Sklearn_NeighHet_b50,0,1,GAT,100,122,22,0.991810142993927,0.5675675868988037,1.7245384454727173,0.4324324429035187,True,100
Texas,Sklearn_NeighHet_b50,0,1,GAT,101,107,7,1.071028470993042,0.5675675868988037,1.5665453672409058,0.4054054021835327,True,100
Texas,Sklearn_NeighHet_b50,0,1,SAGE,100,104,4,0.6130690574645996,0.8108108043670654,1.0782395601272583,0.5945945978164673,True,100
Texas,Sklearn_NeighHet_b50,0,1,SAGE,101,112,12,0.5176283717155457,0.837837815284729,1.1753002405166626,0.7027027010917664,True,100
Texas,Sklearn_NeighHet_b50,0,1,GPRGNN,101,151,51,0.5829615592956543,0.7837837934494019,1.254232406616211,0.6486486196517944,True,100
Texas,Sklearn_NeighHet_b50,0,1,GPRGNN,100,188,88,0.4907131791114807,0.837837815284729,1.2542294263839722,0.7297297120094299,True,100
Texas,Sklearn_NeighHet_b50,0,1,H2GCN,101,368,268,0.5188772082328796,0.837837815284729,0.9083588123321533,0.7567567825317383,True,100
Texas,Sklearn_NeighHet_b50,0,1,H2GCN,100,471,371,0.5278322100639343,0.837837815284729,0.919516921043396,0.7567567825317383,True,100
Texas,Sklearn_NeighHet_b50,0,2,MLP,100,282,182,0.4892904460430145,0.837837815284729,0.5051146745681763,0.8918918967247009,True,100
Texas,Sklearn_NeighHet_b50,0,2,MLP,101,302,202,0.4479493796825409,0.8648648858070374,0.5207729339599609,0.8648648858070374,True,100
Texas,Sklearn_NeighHet_b50,0,2,GCN,100,107,7,1.1366615295410156,0.6216216087341309,1.1736361980438232,0.5405405163764954,True,100
Texas,Sklearn_NeighHet_b50,0,2,GCN,101,105,5,1.1696813106536865,0.5945945978164673,1.1324206590652466,0.5675675868988037,True,100
Texas,Sklearn_NeighHet_b50,0,2,GAT,100,116,16,0.9975165128707886,0.6486486196517944,1.0944586992263794,0.5675675868988037,True,100
Texas,Sklearn_NeighHet_b50,0,1,MixHop,101,171,71,0.5364259481430054,0.8108108043670654,0.78839510679245,0.7837837934494019,True,100
Texas,Sklearn_NeighHet_b50,0,2,GAT,101,127,27,1.0492992401123047,0.5945945978164673,1.2381740808486938,0.4864864945411682,True,100
Texas,Sklearn_NeighHet_b50,0,2,SAGE,100,145,45,0.27013131976127625,0.8918918967247009,0.6954256892204285,0.8648648858070374,True,100
Texas,Sklearn_NeighHet_b50,0,2,SAGE,101,175,75,0.2538454532623291,0.8918918967247009,0.5255129933357239,0.837837815284729,True,100
Texas,Sklearn_NeighHet_b50,0,2,GPRGNN,100,171,71,0.5631878972053528,0.8108108043670654,0.5822477340698242,0.7297297120094299,True,100
Texas,Sklearn_NeighHet_b50,0,1,MixHop,100,302,202,0.4168721139431,0.8648648858070374,0.6641293168067932,0.7567567825317383,True,100
Texas,Sklearn_NeighHet_b50,0,2,GPRGNN,101,200,100,0.6493657827377319,0.6756756901741028,0.7498396635055542,0.7297297120094299,True,100
Texas,Sklearn_NeighHet_b50,0,2,H2GCN,100,363,263,0.3905768096446991,0.8918918967247009,0.48136091232299805,0.8648648858070374,True,100
Texas,Sklearn_NeighHet_b50,0,3,MLP,100,140,40,0.6960586309432983,0.75,0.6228322982788086,0.7837837934494019,True,100
Texas,Sklearn_NeighHet_b50,0,3,MLP,101,121,21,0.7096091508865356,0.6944444179534912,0.7129824161529541,0.6486486196517944,True,100
Texas,Sklearn_NeighHet_b50,0,2,H2GCN,101,291,191,0.4080614149570465,0.8918918967247009,0.48243311047554016,0.8648648858070374,True,100
Texas,Sklearn_NeighHet_b50,0,3,GCN,100,102,2,1.292744517326355,0.5833333134651184,1.3219318389892578,0.6216216087341309,True,100
Texas,Sklearn_NeighHet_b50,0,3,GCN,101,105,5,1.2798863649368286,0.5555555820465088,1.1660573482513428,0.5945945978164673,True,100
Texas,Sklearn_NeighHet_b50,0,3,GAT,100,113,13,1.1710083484649658,0.5555555820465088,1.1443119049072266,0.5405405163764954,True,100
Texas,Sklearn_NeighHet_b50,0,3,GAT,101,127,27,1.2179584503173828,0.6111111044883728,0.9913859963417053,0.6216216087341309,True,100
Texas,Sklearn_NeighHet_b50,0,3,SAGE,101,109,9,0.4966900050640106,0.8055555820465088,0.3697893023490906,0.8108108043670654,True,100
Texas,Sklearn_NeighHet_b50,0,2,MixHop,101,278,178,0.41947683691978455,0.8918918967247009,0.381743460893631,0.837837815284729,True,100
Texas,Sklearn_NeighHet_b50,0,3,SAGE,100,284,184,0.3567451238632202,0.8888888955116272,0.38262566924095154,0.8918918967247009,True,100
Texas,Sklearn_NeighHet_b50,0,2,MixHop,100,370,270,0.18216902017593384,0.8918918967247009,0.3618030250072479,0.837837815284729,True,100
Texas,Sklearn_NeighHet_b50,0,3,GPRGNN,100,213,113,0.7056645154953003,0.7777777910232544,0.8996719121932983,0.8108108043670654,True,100
Texas,Sklearn_NeighHet_b50,0,3,H2GCN,100,142,42,0.6526343822479248,0.7777777910232544,0.546643078327179,0.8648648858070374,True,100
Texas,Sklearn_NeighHet_b50,0,3,H2GCN,101,139,39,0.6570782661437988,0.8055555820465088,0.5536831021308899,0.8108108043670654,True,100
Texas,Sklearn_NeighHet_b50,0,3,MixHop,101,107,7,0.8592451810836792,0.7222222089767456,0.7792043685913086,0.8108108043670654,True,100
Texas,Sklearn_NeighHet_b50,0,4,MLP,100,120,20,0.39633768796920776,0.9444444179534912,0.6464514136314392,0.7777777910232544,True,100
Texas,Sklearn_NeighHet_b50,0,4,MLP,101,120,20,0.5465360879898071,0.8611111044883728,0.6710866093635559,0.6944444179534912,True,100
Texas,Sklearn_NeighHet_b50,0,3,GPRGNN,101,338,238,0.566100537776947,0.8055555820465088,1.2805039882659912,0.7567567825317383,True,100
Texas,Sklearn_NeighHet_b50,0,4,GCN,100,111,11,0.8322390913963318,0.6111111044883728,1.7544012069702148,0.5555555820465088,True,100
Texas,Sklearn_NeighHet_b50,0,4,GCN,101,108,8,0.849416196346283,0.6944444179534912,1.5730441808700562,0.5555555820465088,True,100
Texas,Sklearn_NeighHet_b50,0,4,GAT,100,105,5,0.9033547639846802,0.6666666865348816,1.1521928310394287,0.6111111044883728,True,100
Texas,Sklearn_NeighHet_b50,0,4,GAT,101,119,19,0.8914913535118103,0.6388888955116272,1.2106295824050903,0.6111111044883728,True,100
Texas,Sklearn_NeighHet_b50,0,4,SAGE,100,103,3,0.6633158922195435,0.8888888955116272,0.5571920871734619,0.7222222089767456,True,100
Texas,Sklearn_NeighHet_b50,0,4,SAGE,101,105,5,0.5265533924102783,0.8611111044883728,0.6083433628082275,0.7777777910232544,True,100
Texas,Sklearn_NeighHet_b50,0,3,MixHop,100,243,143,0.4797619581222534,0.8888888955116272,0.5957854986190796,0.8648648858070374,True,100
Texas,Sklearn_NeighHet_b50,0,4,GPRGNN,100,192,92,0.3030172884464264,0.8611111044883728,1.0129908323287964,0.7222222089767456,True,100
Texas,Sklearn_NeighHet_b50,0,4,GPRGNN,101,156,56,0.29790011048316956,0.8611111044883728,1.0938225984573364,0.7222222089767456,True,100
Texas,Sklearn_NeighHet_b50,0,4,H2GCN,101,312,212,0.1909382939338684,0.9444444179534912,0.7378174066543579,0.8055555820465088,True,100
Texas,Sklearn_NeighHet_b50,0,5,MLP,100,242,142,0.44005709886550903,0.8918918967247009,0.4982059895992279,0.8333333134651184,True,100
Texas,Sklearn_NeighHet_b50,0,4,H2GCN,100,542,442,0.19239096343517303,0.9444444179534912,0.7399452924728394,0.8055555820465088,True,100
Texas,Sklearn_NeighHet_b50,0,5,MLP,101,245,145,0.46583253145217896,0.8648648858070374,0.6627720594406128,0.7222222089767456,True,100
Texas,Sklearn_NeighHet_b50,0,5,GCN,100,104,4,1.4014438390731812,0.4324324429035187,1.010071873664856,0.7222222089767456,True,100
Texas,Sklearn_NeighHet_b50,0,5,GCN,101,104,4,1.4175567626953125,0.37837839126586914,1.07523512840271,0.6944444179534912,True,100
Texas,Sklearn_NeighHet_b50,0,4,MixHop,101,178,78,0.18746206164360046,0.9166666865348816,0.8831741809844971,0.8333333134651184,True,100
Texas,Sklearn_NeighHet_b50,0,5,GAT,100,109,9,1.496886968612671,0.3513513505458832,0.9273701906204224,0.7222222089767456,True,100
Texas,Sklearn_NeighHet_b50,0,5,GAT,101,107,7,1.526956558227539,0.37837839126586914,1.2428570985794067,0.4722222089767456,True,100
Texas,Sklearn_NeighHet_b50,0,4,MixHop,100,224,124,0.18207389116287231,0.9444444179534912,0.7115892171859741,0.8611111044883728,True,100
Texas,Sklearn_NeighHet_b50,0,5,SAGE,101,105,5,0.939454972743988,0.6756756901741028,0.4802842140197754,0.8055555820465088,True,100
Texas,Sklearn_NeighHet_b50,0,5,SAGE,100,198,98,0.6298995614051819,0.9189189076423645,0.8882110714912415,0.9166666865348816,True,100
Texas,Sklearn_NeighHet_b50,0,5,GPRGNN,100,177,77,0.917949378490448,0.7837837934494019,0.287190705537796,0.9166666865348816,True,100
Texas,Sklearn_NeighHet_b50,0,5,GPRGNN,101,177,77,0.9992879033088684,0.7837837934494019,0.2232925295829773,0.9166666865348816,True,100
Texas,Sklearn_NeighHet_b50,0,5,H2GCN,100,366,266,0.7980741262435913,0.7297297120094299,0.23386014997959137,0.9166666865348816,True,100
Texas,Sklearn_NeighHet_b50,0,5,H2GCN,101,447,347,0.7756643295288086,0.7567567825317383,0.23412829637527466,0.9166666865348816,True,100
Texas,Sklearn_NeighHet_b50,0,5,MixHop,101,160,60,0.5848157405853271,0.8108108043670654,0.6495315432548523,0.8611111044883728,True,100
Texas,Sklearn_NeighHet_b50,0,5,MixHop,100,241,141,0.3456358313560486,0.9459459185600281,0.34402185678482056,0.9166666865348816,True,100
Texas,RandomKFold,1,1,MLP,100,261,161,0.3109634816646576,0.9189189076423645,0.4353172183036804,0.837837815284729,True,100
Texas,RandomKFold,1,1,GCN,101,104,4,1.1876647472381592,0.4864864945411682,1.2358729839324951,0.4864864945411682,True,100
Texas,RandomKFold,1,1,GCN,100,104,4,1.168839693069458,0.5135135054588318,1.2120587825775146,0.5135135054588318,True,100
Texas,RandomKFold,1,1,MLP,101,372,272,0.2805790603160858,0.9189189076423645,0.4970032870769501,0.8108108043670654,True,100
Texas,RandomKFold,1,1,GAT,100,114,14,1.104591727256775,0.5135135054588318,1.1963497400283813,0.5405405163764954,True,100
Texas,RandomKFold,1,1,GAT,101,124,24,1.1348938941955566,0.5405405163764954,1.332636833190918,0.4864864945411682,True,100
Texas,RandomKFold,1,1,SAGE,100,116,16,0.3882519602775574,0.7567567825317383,0.38142430782318115,0.8648648858070374,True,100
Texas,RandomKFold,1,1,GPRGNN,100,167,67,0.27842968702316284,0.9459459185600281,0.7768287658691406,0.7297297120094299,True,100
Texas,RandomKFold,1,1,GPRGNN,101,177,77,0.44330525398254395,0.7837837934494019,0.9039027094841003,0.7027027010917664,True,100
Texas,RandomKFold,1,1,SAGE,101,336,236,0.1179375872015953,0.9459459185600281,0.27803879976272583,0.8918918967247009,True,100
Texas,RandomKFold,1,1,MixHop,100,141,41,0.18698421120643616,0.9459459185600281,0.5706528425216675,0.8108108043670654,True,100
Texas,RandomKFold,1,1,H2GCN,100,376,276,0.3675288259983063,0.837837815284729,0.45011815428733826,0.8108108043670654,True,100
Texas,RandomKFold,1,2,MLP,100,248,148,0.6185361742973328,0.837837815284729,0.4262683391571045,0.837837815284729,True,100
Texas,RandomKFold,1,2,MLP,101,282,182,0.7115930318832397,0.7297297120094299,0.46049314737319946,0.8648648858070374,True,100
Texas,RandomKFold,1,1,H2GCN,101,400,300,0.3678242862224579,0.837837815284729,0.4243276119232178,0.837837815284729,True,100
Texas,RandomKFold,1,2,GCN,100,107,7,1.2233961820602417,0.5945945978164673,1.429539680480957,0.4864864945411682,True,100
Texas,RandomKFold,1,2,GCN,101,105,5,1.1819339990615845,0.5945945978164673,1.360947847366333,0.4864864945411682,True,100
Texas,RandomKFold,1,2,GAT,100,105,5,1.1432017087936401,0.5675675868988037,1.2425447702407837,0.5135135054588318,True,100
Texas,RandomKFold,1,2,GAT,101,109,9,1.1754966974258423,0.5135135054588318,1.578653335571289,0.4864864945411682,True,100
Texas,RandomKFold,1,2,SAGE,100,104,4,0.8993938565254211,0.7837837934494019,0.8071278929710388,0.6756756901741028,True,100
Texas,RandomKFold,1,2,SAGE,101,105,5,0.8850820660591125,0.6756756901741028,0.6694830060005188,0.6756756901741028,True,100
Texas,RandomKFold,1,1,MixHop,101,260,160,0.13807666301727295,0.9459459185600281,0.427095890045166,0.837837815284729,True,100
Texas,RandomKFold,1,2,GPRGNN,100,167,67,0.99927818775177,0.7027027010917664,0.6497266292572021,0.837837815284729,True,100
Texas,RandomKFold,1,2,GPRGNN,101,173,73,0.8931871652603149,0.7837837934494019,0.5838701725006104,0.8108108043670654,True,100
Texas,RandomKFold,1,2,H2GCN,100,376,276,0.4927692413330078,0.8648648858070374,0.44275376200675964,0.8108108043670654,True,100
Texas,RandomKFold,1,3,MLP,100,426,326,0.31888073682785034,0.9166666865348816,0.451911985874176,0.8108108043670654,True,100
Texas,RandomKFold,1,2,H2GCN,101,307,207,0.4940232038497925,0.8648648858070374,0.4740816056728363,0.8108108043670654,True,100
Texas,RandomKFold,1,3,GCN,100,102,2,1.265484094619751,0.6111111044883728,1.1783593893051147,0.6486486196517944,True,100
Texas,RandomKFold,1,3,MLP,101,452,352,0.3564729392528534,0.9166666865348816,0.44490376114845276,0.837837815284729,True,100
Texas,RandomKFold,1,3,GCN,101,102,2,1.3365272283554077,0.5555555820465088,1.3486419916152954,0.5675675868988037,True,100
Texas,RandomKFold,1,3,GAT,100,113,13,1.0722988843917847,0.6388888955116272,1.0734838247299194,0.5405405163764954,True,100
Texas,RandomKFold,1,3,GAT,101,122,22,1.0433374643325806,0.6111111044883728,1.2365432977676392,0.5405405163764954,True,100
Texas,RandomKFold,1,3,SAGE,100,103,3,0.6772728562355042,0.7777777910232544,0.8943572044372559,0.7837837934494019,True,100
Texas,RandomKFold,1,2,MixHop,100,235,135,0.4932120144367218,0.8648648858070374,0.751416027545929,0.7837837934494019,True,100
Texas,RandomKFold,1,3,SAGE,101,106,6,0.6615881323814392,0.8333333134651184,0.762468695640564,0.7567567825317383,True,100
Texas,RandomKFold,1,2,MixHop,101,272,172,0.2983655631542206,0.9189189076423645,0.7292600870132446,0.8918918967247009,True,100
Texas,RandomKFold,1,3,GPRGNN,100,295,195,0.6884482502937317,0.8611111044883728,0.9211692810058594,0.7297297120094299,True,100
Texas,RandomKFold,1,3,GPRGNN,101,185,85,0.7262028455734253,0.8333333134651184,1.078111171722412,0.7297297120094299,True,100
Texas,RandomKFold,1,3,MixHop,101,107,7,0.9950083494186401,0.75,0.7789804339408875,0.7567567825317383,True,100
Texas,RandomKFold,1,4,MLP,100,122,22,0.5414568781852722,0.75,0.6123425960540771,0.8611111044883728,True,100
Texas,RandomKFold,1,4,MLP,101,124,24,0.5866285562515259,0.7777777910232544,0.6830481886863708,0.8333333134651184,True,100
Texas,RandomKFold,1,4,GCN,100,108,8,1.0314589738845825,0.6388888955116272,1.4833194017410278,0.5833333134651184,True,100
Texas,RandomKFold,1,3,H2GCN,100,535,435,0.6818996667861938,0.8888888955116272,0.41801583766937256,0.8648648858070374,True,100
Texas,RandomKFold,1,4,GCN,101,106,6,1.0815733671188354,0.6666666865348816,1.4384784698486328,0.6111111044883728,True,100
Texas,RandomKFold,1,3,H2GCN,101,520,420,0.6830000281333923,0.8611111044883728,0.4200502038002014,0.8918918967247009,True,100
Texas,RandomKFold,1,4,GAT,101,120,20,1.0828964710235596,0.5277777910232544,1.1104661226272583,0.5833333134651184,True,100
Texas,RandomKFold,1,4,GAT,100,169,69,0.9811108112335205,0.6944444179534912,1.159050464630127,0.6666666865348816,True,100
Texas,RandomKFold,1,3,MixHop,100,232,132,0.6097816228866577,0.8333333134651184,0.6169734001159668,0.8108108043670654,True,100
Texas,RandomKFold,1,4,SAGE,100,258,158,0.1002030298113823,0.9444444179534912,0.4603899419307709,0.8888888955116272,True,100
Texas,RandomKFold,1,4,GPRGNN,100,178,78,0.6548065543174744,0.8333333134651184,0.6003382205963135,0.8611111044883728,True,100
Texas,RandomKFold,1,4,SAGE,101,398,298,0.052304767072200775,0.9722222089767456,0.9741204380989075,0.8333333134651184,True,100
Texas,RandomKFold,1,4,GPRGNN,101,163,63,0.5439122915267944,0.8333333134651184,0.5883219838142395,0.8611111044883728,True,100
Texas,RandomKFold,1,4,H2GCN,100,182,82,0.5157942771911621,0.8333333134651184,0.9481059312820435,0.8333333134651184,True,100
Texas,RandomKFold,1,5,MLP,100,142,42,0.6504294276237488,0.7567567825317383,0.7509928941726685,0.7222222089767456,True,100
Texas,RandomKFold,1,5,MLP,101,121,21,0.7326897978782654,0.7297297120094299,0.7701844573020935,0.7777777910232544,True,100
Texas,RandomKFold,1,4,H2GCN,101,333,233,0.4894295334815979,0.8333333134651184,0.830039381980896,0.8611111044883728,True,100
Texas,RandomKFold,1,5,GCN,100,104,4,1.3706120252609253,0.4864864945411682,1.2250176668167114,0.5833333134651184,True,100
Texas,RandomKFold,1,5,GCN,101,105,5,1.2827738523483276,0.5135135054588318,1.1562618017196655,0.6111111044883728,True,100
Texas,RandomKFold,1,5,GAT,100,119,19,1.3308886289596558,0.5135135054588318,1.0785136222839355,0.6388888955116272,True,100
Texas,RandomKFold,1,5,GAT,101,111,11,1.3735837936401367,0.45945945382118225,1.0714383125305176,0.5833333134651184,True,100
Texas,RandomKFold,1,4,MixHop,100,269,169,0.09304817765951157,0.9722222089767456,1.2128262519836426,0.8888888955116272,True,100
Texas,RandomKFold,1,5,SAGE,100,118,18,0.42201870679855347,0.8918918967247009,0.2632794678211212,0.9166666865348816,True,100
Texas,RandomKFold,1,5,SAGE,101,111,11,0.5297942161560059,0.7567567825317383,0.2813398838043213,0.9166666865348816,True,100
Texas,RandomKFold,1,5,GPRGNN,100,200,100,0.9911569356918335,0.7027027010917664,0.8651217222213745,0.8055555820465088,True,100
Texas,RandomKFold,1,4,MixHop,101,314,214,0.06017449125647545,1.0,1.2924246788024902,0.8888888955116272,True,100
Texas,RandomKFold,1,5,GPRGNN,101,191,91,1.1589821577072144,0.7027027010917664,0.8713434934616089,0.8888888955116272,True,100
Texas,RandomKFold,1,5,MixHop,101,109,9,0.9248426556587219,0.5945945978164673,0.6763619780540466,0.8055555820465088,True,100
Texas,RandomKFold,1,5,H2GCN,101,328,228,0.5207720398902893,0.8108108043670654,0.5747935175895691,0.8055555820465088,True,100
Texas,RandomKFold,1,5,H2GCN,100,515,415,0.5142736434936523,0.8108108043670654,0.5515044927597046,0.8055555820465088,True,100
Texas,RandomKFold,1,5,MixHop,100,242,142,0.543704628944397,0.8108108043670654,0.3443138599395752,0.8888888955116272,True,100
Texas,LabelStratifiedKFold,1,1,MLP,101,293,193,0.35106542706489563,0.8918918967247009,0.483139306306839,0.837837815284729,True,100
Texas,LabelStratifiedKFold,1,1,MLP,100,357,257,0.3352988362312317,0.8918918967247009,0.5046720504760742,0.837837815284729,True,100
Texas,LabelStratifiedKFold,1,1,GCN,100,105,5,1.1633466482162476,0.6216216087341309,1.4328840970993042,0.4864864945411682,True,100
Texas,LabelStratifiedKFold,1,1,GCN,101,105,5,1.1552480459213257,0.6216216087341309,1.4415839910507202,0.5405405163764954,True,100
Texas,LabelStratifiedKFold,1,1,GAT,101,107,7,1.2037341594696045,0.5135135054588318,1.1737301349639893,0.5135135054588318,True,100
Texas,LabelStratifiedKFold,1,1,GAT,100,123,23,1.158312439918518,0.6216216087341309,1.2609494924545288,0.4864864945411682,True,100
Texas,LabelStratifiedKFold,1,1,SAGE,100,305,205,0.1283332109451294,0.9729729890823364,1.72636079788208,0.8918918967247009,True,100
Texas,LabelStratifiedKFold,1,1,SAGE,101,325,225,0.17099404335021973,0.9729729890823364,1.6306785345077515,0.8108108043670654,True,100
Texas,LabelStratifiedKFold,1,1,GPRGNN,100,118,18,1.0585596561431885,0.5675675868988037,1.4060088396072388,0.5675675868988037,True,100
Texas,LabelStratifiedKFold,1,1,GPRGNN,101,117,17,1.1385365724563599,0.5675675868988037,1.3634852170944214,0.5405405163764954,True,100
Texas,LabelStratifiedKFold,1,1,H2GCN,100,280,180,0.43743905425071716,0.8648648858070374,0.5273408889770508,0.8648648858070374,True,100
Texas,LabelStratifiedKFold,1,1,H2GCN,101,269,169,0.42775386571884155,0.8648648858070374,0.5730553269386292,0.837837815284729,True,100
Texas,LabelStratifiedKFold,1,2,MLP,100,287,187,0.5140824317932129,0.8648648858070374,0.6367437839508057,0.837837815284729,True,100
Texas,LabelStratifiedKFold,1,2,MLP,101,307,207,0.5577484369277954,0.8108108043670654,0.5720856785774231,0.837837815284729,True,100
Texas,LabelStratifiedKFold,1,2,GCN,100,109,9,1.1976635456085205,0.5945945978164673,1.4499210119247437,0.45945945382118225,True,100
Texas,LabelStratifiedKFold,1,2,GCN,101,105,5,1.2289687395095825,0.5945945978164673,1.265098214149475,0.4864864945411682,True,100
Texas,LabelStratifiedKFold,1,2,GAT,100,119,19,1.087250828742981,0.5945945978164673,1.354939341545105,0.4324324429035187,True,100
Texas,LabelStratifiedKFold,1,2,GAT,101,119,19,1.1831958293914795,0.5675675868988037,1.5964974164962769,0.45945945382118225,True,100
Texas,LabelStratifiedKFold,1,2,SAGE,100,254,154,0.3814149498939514,0.9459459185600281,0.29477769136428833,0.8648648858070374,True,100
Texas,LabelStratifiedKFold,1,1,MixHop,100,348,248,0.12494896352291107,0.9459459185600281,1.343368649482727,0.8108108043670654,True,100
Texas,LabelStratifiedKFold,1,2,SAGE,101,449,349,0.23510950803756714,0.9459459185600281,0.19784465432167053,0.8918918967247009,True,100
Texas,LabelStratifiedKFold,1,2,GPRGNN,100,291,191,0.4692522883415222,0.8918918967247009,1.233842134475708,0.7297297120094299,True,100
Texas,LabelStratifiedKFold,1,1,MixHop,101,458,358,0.09313876926898956,0.9729729890823364,1.9383680820465088,0.7837837934494019,True,100
Texas,LabelStratifiedKFold,1,2,GPRGNN,101,230,130,0.4422532021999359,0.8918918967247009,1.0360549688339233,0.7297297120094299,True,100
Texas,LabelStratifiedKFold,1,2,H2GCN,100,471,371,0.4402293562889099,0.9459459185600281,0.4475139379501343,0.8648648858070374,True,100
Texas,LabelStratifiedKFold,1,3,MLP,100,316,216,0.24285265803337097,0.9722222089767456,0.5752633810043335,0.7837837934494019,True,100
Texas,LabelStratifiedKFold,1,2,H2GCN,101,434,334,0.4211134910583496,0.9459459185600281,0.42427265644073486,0.8918918967247009,True,100
Texas,LabelStratifiedKFold,1,3,MLP,101,279,179,0.2726116180419922,0.9166666865348816,0.7416485548019409,0.7297297120094299,True,100
Texas,LabelStratifiedKFold,1,3,GCN,100,110,10,1.0364699363708496,0.5833333134651184,1.2130712270736694,0.6486486196517944,True,100
Texas,LabelStratifiedKFold,1,3,GCN,101,110,10,1.100578784942627,0.5833333134651184,1.2769256830215454,0.6216216087341309,True,100
Texas,LabelStratifiedKFold,1,3,GAT,101,117,17,1.0051699876785278,0.5833333134651184,1.1637904644012451,0.5405405163764954,True,100
Texas,LabelStratifiedKFold,1,2,MixHop,100,319,219,0.3257468342781067,0.9189189076423645,0.4065493941307068,0.8918918967247009,True,100
Texas,LabelStratifiedKFold,1,2,MixHop,101,287,187,0.35991430282592773,0.9459459185600281,0.2453814595937729,0.9189189076423645,True,100
Texas,LabelStratifiedKFold,1,3,GAT,100,283,183,0.949333906173706,0.6388888955116272,1.7158410549163818,0.4324324429035187,True,100
Texas,LabelStratifiedKFold,1,3,SAGE,100,289,189,0.2717985212802887,0.9166666865348816,0.4525667130947113,0.8918918967247009,True,100
Texas,LabelStratifiedKFold,1,3,GPRGNN,100,167,67,0.1401263028383255,0.9722222089767456,0.4388766884803772,0.9459459185600281,True,100
Texas,LabelStratifiedKFold,1,3,SAGE,101,333,233,0.2584940493106842,0.8611111044883728,0.49091100692749023,0.8648648858070374,True,100
Texas,LabelStratifiedKFold,1,3,MixHop,100,148,48,0.12000039219856262,0.9722222089767456,0.44009512662887573,0.8918918967247009,True,100
Texas,LabelStratifiedKFold,1,3,GPRGNN,101,176,76,0.12140300869941711,0.9722222089767456,0.47867533564567566,0.9459459185600281,True,100
Texas,LabelStratifiedKFold,1,4,MLP,100,257,157,0.43972858786582947,0.8611111044883728,0.2973812520503998,0.8888888955116272,True,100
Texas,LabelStratifiedKFold,1,4,MLP,101,347,247,0.44795119762420654,0.8888888955116272,0.2533106505870819,0.9444444179534912,True,100
Texas,LabelStratifiedKFold,1,4,GCN,100,104,4,1.1995259523391724,0.5555555820465088,1.1410855054855347,0.5555555820465088,True,100
Texas,LabelStratifiedKFold,1,3,H2GCN,101,412,312,0.4055939018726349,0.8888888955116272,0.44608622789382935,0.8918918967247009,True,100
Texas,LabelStratifiedKFold,1,3,H2GCN,100,619,519,0.3937825858592987,0.8888888955116272,0.4358777701854706,0.8918918967247009,True,100
Texas,LabelStratifiedKFold,1,4,GCN,101,104,4,1.20468008518219,0.5555555820465088,1.1493080854415894,0.5555555820465088,True,100
Texas,LabelStratifiedKFold,1,4,GAT,100,106,6,1.167181372642517,0.5277777910232544,1.141247272491455,0.5833333134651184,True,100
Texas,LabelStratifiedKFold,1,4,GAT,101,107,7,1.1655988693237305,0.5277777910232544,1.0589882135391235,0.5555555820465088,True,100
Texas,LabelStratifiedKFold,1,3,MixHop,101,263,163,0.08453737944364548,1.0,0.4775765538215637,0.837837815284729,True,100
Texas,LabelStratifiedKFold,1,4,SAGE,101,111,11,0.6764583587646484,0.7222222089767456,0.5791837573051453,0.7222222089767456,True,100
Texas,LabelStratifiedKFold,1,4,SAGE,100,175,75,0.5655819773674011,0.8333333134651184,0.47738075256347656,0.8611111044883728,True,100
Texas,LabelStratifiedKFold,1,4,GPRGNN,100,158,58,0.634669840335846,0.6944444179534912,0.32634785771369934,0.9166666865348816,True,100
Texas,LabelStratifiedKFold,1,4,GPRGNN,101,225,125,0.6521909236907959,0.8333333134651184,0.3781437277793884,0.8888888955116272,True,100
Texas,LabelStratifiedKFold,1,4,H2GCN,101,511,411,0.7170631289482117,0.75,0.4834020435810089,0.8333333134651184,True,100
Texas,LabelStratifiedKFold,1,4,H2GCN,100,706,606,0.7387994527816772,0.75,0.4843498468399048,0.8333333134651184,True,100
Texas,LabelStratifiedKFold,1,5,MLP,100,117,17,0.5711382627487183,0.7297297120094299,0.6067283749580383,0.7777777910232544,True,100
Texas,LabelStratifiedKFold,1,5,MLP,101,121,21,0.5964346528053284,0.7297297120094299,0.5865203142166138,0.7777777910232544,True,100
Texas,LabelStratifiedKFold,1,5,GCN,100,103,3,1.3525842428207397,0.5675675868988037,1.1425329446792603,0.6666666865348816,True,100
Texas,LabelStratifiedKFold,1,5,GCN,101,104,4,1.4945710897445679,0.37837839126586914,1.1533184051513672,0.5833333134651184,True,100
Texas,LabelStratifiedKFold,1,5,GAT,100,106,6,1.2563047409057617,0.5675675868988037,1.1039842367172241,0.5555555820465088,True,100
Texas,LabelStratifiedKFold,1,5,GAT,101,108,8,1.141402244567871,0.5405405163764954,1.0538322925567627,0.5555555820465088,True,100
Texas,LabelStratifiedKFold,1,4,MixHop,101,206,106,0.4164484739303589,0.9166666865348816,0.21528461575508118,0.9166666865348816,True,100
Texas,LabelStratifiedKFold,1,5,SAGE,100,104,4,0.9865735769271851,0.6756756901741028,0.6822113394737244,0.7222222089767456,True,100
Texas,LabelStratifiedKFold,1,5,SAGE,101,105,5,0.8719420433044434,0.7027027010917664,0.627293050289154,0.7222222089767456,True,100
Texas,LabelStratifiedKFold,1,4,MixHop,100,268,168,0.29387611150741577,0.8888888955116272,0.2594772279262543,0.8888888955116272,True,100
Texas,LabelStratifiedKFold,1,5,GPRGNN,100,169,69,1.2760485410690308,0.6486486196517944,1.163304090499878,0.6111111044883728,True,100
Texas,LabelStratifiedKFold,1,5,GPRGNN,101,189,89,1.0679099559783936,0.6486486196517944,0.9617394208908081,0.6111111044883728,True,100
Texas,LabelStratifiedKFold,1,5,H2GCN,100,143,43,0.525905430316925,0.8648648858070374,0.8707380294799805,0.6666666865348816,True,100
Texas,LabelStratifiedKFold,1,5,H2GCN,101,141,41,0.5390851497650146,0.8648648858070374,0.8455067873001099,0.6666666865348816,True,100
Texas,LabelStratifiedKFold,1,5,MixHop,101,106,6,1.1048266887664795,0.5945945978164673,0.8982980251312256,0.6666666865348816,True,100
Texas,LabelStratifiedKFold,1,5,MixHop,100,213,113,0.7679160833358765,0.7567567825317383,0.7745921015739441,0.75,True,100
Texas,Sklearn_NeighHet_b50,1,1,MLP,100,276,176,0.34139272570610046,0.9189189076423645,0.5431399345397949,0.837837815284729,True,100
Texas,Sklearn_NeighHet_b50,1,1,MLP,101,278,178,0.38976821303367615,0.9189189076423645,0.48635050654411316,0.837837815284729,True,100
Texas,Sklearn_NeighHet_b50,1,1,GCN,101,105,5,1.1502655744552612,0.5405405163764954,1.1495845317840576,0.5675675868988037,True,100
Texas,Sklearn_NeighHet_b50,1,1,GCN,100,105,5,1.2129608392715454,0.5135135054588318,1.1446987390518188,0.5405405163764954,True,100
Texas,Sklearn_NeighHet_b50,1,1,GAT,101,125,25,1.192762851715088,0.5135135054588318,1.2862125635147095,0.5405405163764954,True,100
Texas,Sklearn_NeighHet_b50,1,1,GAT,100,163,63,1.143965482711792,0.5405405163764954,1.1889431476593018,0.5675675868988037,True,100
Texas,Sklearn_NeighHet_b50,1,1,SAGE,100,215,115,0.24688208103179932,0.8918918967247009,0.29299396276474,0.9189189076423645,True,100
Texas,Sklearn_NeighHet_b50,1,1,GPRGNN,100,177,77,0.3993137776851654,0.8648648858070374,0.5454298853874207,0.837837815284729,True,100
Texas,Sklearn_NeighHet_b50,1,1,GPRGNN,101,226,126,0.41597697138786316,0.8648648858070374,0.8836311101913452,0.7837837934494019,True,100
Texas,Sklearn_NeighHet_b50,1,1,SAGE,101,435,335,0.13894635438919067,0.9189189076423645,0.36932215094566345,0.9189189076423645,True,100
Texas,Sklearn_NeighHet_b50,1,1,H2GCN,101,303,203,0.4943642020225525,0.7567567825317383,0.48099184036254883,0.7837837934494019,True,100
Texas,Sklearn_NeighHet_b50,1,1,H2GCN,100,472,372,0.4826611578464508,0.7567567825317383,0.4949834644794464,0.7297297120094299,True,100
Texas,Sklearn_NeighHet_b50,1,2,MLP,100,421,321,0.36805132031440735,0.8918918967247009,0.46208804845809937,0.8648648858070374,True,100
Texas,Sklearn_NeighHet_b50,1,2,MLP,101,335,235,0.34882062673568726,0.9189189076423645,0.5621019601821899,0.7837837934494019,True,100
Texas,Sklearn_NeighHet_b50,1,2,GCN,100,109,9,1.104889988899231,0.6216216087341309,1.2929387092590332,0.4864864945411682,True,100
Texas,Sklearn_NeighHet_b50,1,2,GCN,101,106,6,1.178564429283142,0.5405405163764954,1.2282501459121704,0.5405405163764954,True,100
Texas,Sklearn_NeighHet_b50,1,1,MixHop,100,251,151,0.22383584082126617,0.8648648858070374,0.2760767340660095,0.8918918967247009,True,100
Texas,Sklearn_NeighHet_b50,1,2,GAT,100,115,15,1.1202707290649414,0.5675675868988037,1.226435661315918,0.4864864945411682,True,100
Texas,Sklearn_NeighHet_b50,1,2,GAT,101,106,6,1.1528819799423218,0.5405405163764954,1.162509799003601,0.5945945978164673,True,100
Texas,Sklearn_NeighHet_b50,1,2,SAGE,101,105,5,0.7519441843032837,0.7027027010917664,0.7130593061447144,0.7027027010917664,True,100
Texas,Sklearn_NeighHet_b50,1,2,SAGE,100,115,15,0.6798476576805115,0.7837837934494019,0.5074761509895325,0.8108108043670654,True,100
Texas,Sklearn_NeighHet_b50,1,1,MixHop,101,302,202,0.39407041668891907,0.8648648858070374,0.5775506496429443,0.8108108043670654,True,100
Texas,Sklearn_NeighHet_b50,1,2,GPRGNN,100,134,34,0.8024131655693054,0.6216216087341309,0.849947452545166,0.6756756901741028,True,100
Texas,Sklearn_NeighHet_b50,1,2,GPRGNN,101,150,50,0.8027787208557129,0.7297297120094299,0.7012934684753418,0.7567567825317383,True,100
Texas,Sklearn_NeighHet_b50,1,2,MixHop,100,111,11,0.8683851361274719,0.7027027010917664,0.8497123718261719,0.7027027010917664,True,100
Texas,Sklearn_NeighHet_b50,1,3,MLP,100,143,43,0.381713330745697,0.8333333134651184,0.4443158805370331,0.837837815284729,True,100
Texas,Sklearn_NeighHet_b50,1,3,MLP,101,172,72,0.3879917562007904,0.8611111044883728,0.48246532678604126,0.8108108043670654,True,100
Texas,Sklearn_NeighHet_b50,1,2,MixHop,101,108,8,0.8855578303337097,0.7027027010917664,0.8534924387931824,0.6486486196517944,True,100
Texas,Sklearn_NeighHet_b50,1,2,H2GCN,100,546,446,0.7872880101203918,0.7567567825317383,0.5004865527153015,0.8108108043670654,True,100
Texas,Sklearn_NeighHet_b50,1,3,GCN,100,105,5,1.2914819717407227,0.6111111044883728,1.2335453033447266,0.5135135054588318,True,100
Texas,Sklearn_NeighHet_b50,1,3,GCN,101,105,5,1.2722219228744507,0.5555555820465088,1.2386558055877686,0.5135135054588318,True,100
Texas,Sklearn_NeighHet_b50,1,3,GAT,100,114,14,1.0676740407943726,0.5555555820465088,1.2651035785675049,0.5675675868988037,True,100
Texas,Sklearn_NeighHet_b50,1,3,GAT,101,108,8,1.189255714416504,0.5555555820465088,1.320053219795227,0.5135135054588318,True,100
Texas,Sklearn_NeighHet_b50,1,2,H2GCN,101,680,580,0.7498131394386292,0.7837837934494019,0.48175254464149475,0.8108108043670654,True,100
Texas,Sklearn_NeighHet_b50,1,3,SAGE,100,104,4,0.5034763813018799,0.8333333134651184,0.7281229496002197,0.7567567825317383,True,100
Texas,Sklearn_NeighHet_b50,1,3,SAGE,101,106,6,0.409385621547699,0.8055555820465088,0.7642216086387634,0.7027027010917664,True,100
Texas,Sklearn_NeighHet_b50,1,3,GPRGNN,100,223,123,0.4370957612991333,0.8888888955116272,1.5483318567276,0.6756756901741028,True,100
Texas,Sklearn_NeighHet_b50,1,3,H2GCN,100,141,41,0.6261908411979675,0.7777777910232544,0.9488898515701294,0.6486486196517944,True,100
Texas,Sklearn_NeighHet_b50,1,3,GPRGNN,101,280,180,0.5177835822105408,0.9166666865348816,1.383480429649353,0.7027027010917664,True,100
Texas,Sklearn_NeighHet_b50,1,3,MixHop,101,108,8,0.7017337679862976,0.7777777910232544,1.0043278932571411,0.5945945978164673,True,100
Texas,Sklearn_NeighHet_b50,1,4,MLP,100,456,356,0.49574482440948486,0.8611111044883728,0.4019983410835266,0.8611111044883728,True,100
Texas,Sklearn_NeighHet_b50,1,4,GCN,100,102,2,1.2062208652496338,0.6666666865348816,1.1841528415679932,0.6111111044883728,True,100
Texas,Sklearn_NeighHet_b50,1,4,MLP,101,539,439,0.4920303523540497,0.8611111044883728,0.3625050187110901,0.8611111044883728,True,100
Texas,Sklearn_NeighHet_b50,1,3,H2GCN,101,413,313,0.5370524525642395,0.9166666865348816,0.6823039650917053,0.7567567825317383,True,100
Texas,Sklearn_NeighHet_b50,1,4,GCN,101,101,1,1.252591609954834,0.6666666865348816,1.4134676456451416,0.5555555820465088,True,100
Texas,Sklearn_NeighHet_b50,1,4,GAT,100,110,10,1.191649317741394,0.6388888955116272,0.8751539587974548,0.6666666865348816,True,100
Texas,Sklearn_NeighHet_b50,1,4,GAT,101,116,16,1.1299748420715332,0.5833333134651184,1.1170735359191895,0.5555555820465088,True,100
Texas,Sklearn_NeighHet_b50,1,3,MixHop,100,186,86,0.4800480604171753,0.8055555820465088,0.9170248508453369,0.8108108043670654,True,100
Texas,Sklearn_NeighHet_b50,1,4,SAGE,100,103,3,1.036103367805481,0.75,0.5299434661865234,0.8611111044883728,True,100
Texas,Sklearn_NeighHet_b50,1,4,SAGE,101,106,6,0.8026325702667236,0.7777777910232544,0.36887308955192566,0.8888888955116272,True,100
Texas,Sklearn_NeighHet_b50,1,4,GPRGNN,100,197,97,0.8015117645263672,0.8055555820465088,0.47685325145721436,0.8611111044883728,True,100
Texas,Sklearn_NeighHet_b50,1,4,GPRGNN,101,205,105,0.8823390603065491,0.7777777910232544,0.4838062524795532,0.8333333134651184,True,100
Texas,Sklearn_NeighHet_b50,1,4,H2GCN,100,339,239,0.4402307868003845,0.9166666865348816,0.5564736723899841,0.9166666865348816,True,100
Texas,Sklearn_NeighHet_b50,1,5,MLP,100,114,14,0.49652743339538574,0.837837815284729,0.7299711108207703,0.6666666865348816,True,100
Texas,Sklearn_NeighHet_b50,1,5,MLP,101,121,21,0.5188749432563782,0.8108108043670654,0.7396550178527832,0.7777777910232544,True,100
Texas,Sklearn_NeighHet_b50,1,4,H2GCN,101,424,324,0.4466906785964966,0.8888888955116272,0.601799726486206,0.9166666865348816,True,100
Texas,Sklearn_NeighHet_b50,1,5,GCN,100,104,4,1.1544616222381592,0.5405405163764954,1.2644037008285522,0.5277777910232544,True,100
Texas,Sklearn_NeighHet_b50,1,5,GCN,101,104,4,1.194264531135559,0.5135135054588318,1.446617841720581,0.4444444477558136,True,100
Texas,Sklearn_NeighHet_b50,1,5,GAT,100,106,6,1.1282832622528076,0.5405405163764954,1.2762510776519775,0.6111111044883728,True,100
Texas,Sklearn_NeighHet_b50,1,5,GAT,101,115,15,1.2182883024215698,0.5405405163764954,1.2769216299057007,0.5,True,100
Texas,Sklearn_NeighHet_b50,1,5,SAGE,100,184,84,0.06924724578857422,1.0,1.6597535610198975,0.8611111044883728,True,100
Texas,Sklearn_NeighHet_b50,1,5,SAGE,101,152,52,0.16420181095600128,0.9189189076423645,1.7275499105453491,0.8611111044883728,True,100
Texas,Sklearn_NeighHet_b50,1,4,MixHop,100,307,207,0.42067885398864746,0.8611111044883728,0.5312718749046326,0.9444444179534912,True,100
Texas,Sklearn_NeighHet_b50,1,4,MixHop,101,307,207,0.2738008499145508,0.9444444179534912,0.7769029140472412,0.9444444179534912,True,100
Texas,Sklearn_NeighHet_b50,1,5,GPRGNN,101,138,38,0.7339443564414978,0.7567567825317383,0.9983031153678894,0.6944444179534912,True,100
Texas,Sklearn_NeighHet_b50,1,5,GPRGNN,100,179,79,0.6191051006317139,0.7837837934494019,0.6045499444007874,0.8611111044883728,True,100
Texas,Sklearn_NeighHet_b50,1,5,H2GCN,100,288,188,0.44298088550567627,0.837837815284729,0.4960032105445862,0.8888888955116272,True,100
Texas,Sklearn_NeighHet_b50,1,5,MixHop,100,149,49,0.14450031518936157,0.9189189076423645,0.7440655827522278,0.8333333134651184,True,100
Texas,Sklearn_NeighHet_b50,1,5,H2GCN,101,364,264,0.4671560823917389,0.8648648858070374,0.5101022124290466,0.8888888955116272,True,100
Texas,Sklearn_NeighHet_b50,1,5,MixHop,101,416,316,0.10718748718500137,0.9729729890823364,0.518639326095581,0.8888888955116272,True,100
Texas,RandomKFold,2,1,MLP,101,123,23,0.6351830959320068,0.7567567825317383,0.5459360480308533,0.8108108043670654,True,100
Texas,RandomKFold,2,1,MLP,100,240,140,0.5700844526290894,0.8108108043670654,0.35474956035614014,0.8918918967247009,True,100
Texas,RandomKFold,2,1,GCN,101,104,4,1.2635668516159058,0.6216216087341309,1.20225989818573,0.5135135054588318,True,100
Texas,RandomKFold,2,1,GCN,100,103,3,1.1736701726913452,0.7027027010917664,1.2275041341781616,0.5675675868988037,True,100
Texas,RandomKFold,2,1,GAT,100,127,27,1.0329831838607788,0.6216216087341309,1.068152904510498,0.5405405163764954,True,100
Texas,RandomKFold,2,1,GAT,101,114,14,1.0316104888916016,0.6486486196517944,1.0302340984344482,0.5675675868988037,True,100
Texas,RandomKFold,2,1,SAGE,101,228,128,0.12377103418111801,0.9459459185600281,0.42099881172180176,0.8648648858070374,True,100
Texas,RandomKFold,2,1,SAGE,100,240,140,0.09689962863922119,0.9729729890823364,0.48044347763061523,0.8918918967247009,True,100
Texas,RandomKFold,2,1,GPRGNN,100,252,152,0.6024793386459351,0.837837815284729,0.5745337009429932,0.7297297120094299,True,100
Texas,RandomKFold,2,1,GPRGNN,101,310,210,0.6138912439346313,0.8918918967247009,0.619262158870697,0.7297297120094299,True,100
Texas,RandomKFold,2,1,H2GCN,100,137,37,0.6439043283462524,0.8108108043670654,0.7755786180496216,0.7837837934494019,True,100
Texas,RandomKFold,2,2,MLP,100,239,139,0.5664575695991516,0.8108108043670654,0.5042108297348022,0.8648648858070374,True,100
Texas,RandomKFold,2,1,H2GCN,101,133,33,0.651078462600708,0.7837837934494019,0.7956327795982361,0.7567567825317383,True,100
Texas,RandomKFold,2,2,MLP,101,266,166,0.5220348834991455,0.837837815284729,0.5500672459602356,0.8108108043670654,True,100
Texas,RandomKFold,2,2,GCN,100,104,4,1.3272982835769653,0.4054054021835327,1.1906746625900269,0.6486486196517944,True,100
Texas,RandomKFold,2,2,GCN,101,103,3,1.3424694538116455,0.4324324429035187,1.2585034370422363,0.6486486196517944,True,100
Texas,RandomKFold,2,2,GAT,100,108,8,1.4164665937423706,0.4864864945411682,1.0594358444213867,0.6486486196517944,True,100
Texas,RandomKFold,2,2,GAT,101,103,3,1.4132070541381836,0.45945945382118225,1.1058276891708374,0.6486486196517944,True,100
Texas,RandomKFold,2,2,SAGE,100,103,3,1.1416027545928955,0.6216216087341309,0.5413930416107178,0.837837815284729,True,100
Texas,RandomKFold,2,1,MixHop,100,244,144,0.3112296164035797,0.8648648858070374,0.5715426802635193,0.8108108043670654,True,100
Texas,RandomKFold,2,2,SAGE,101,103,3,0.9861397743225098,0.6486486196517944,0.7038027048110962,0.8108108043670654,True,100
Texas,RandomKFold,2,2,GPRGNN,100,290,190,0.8080329895019531,0.7837837934494019,0.5095838308334351,0.8648648858070374,True,100
Texas,RandomKFold,2,2,GPRGNN,101,273,173,0.8564124703407288,0.837837815284729,0.5995116233825684,0.837837815284729,True,100
Texas,RandomKFold,2,2,H2GCN,100,329,229,0.5674037933349609,0.8108108043670654,0.7371972799301147,0.837837815284729,True,100
Texas,RandomKFold,2,1,MixHop,101,418,318,0.1543569415807724,0.9189189076423645,0.5884748697280884,0.8108108043670654,True,100
Texas,RandomKFold,2,3,MLP,100,234,134,0.20434851944446564,0.9444444179534912,0.5992429256439209,0.8108108043670654,True,100
Texas,RandomKFold,2,3,MLP,101,312,212,0.2483455389738083,0.8888888955116272,0.6292639970779419,0.8108108043670654,True,100
Texas,RandomKFold,2,2,H2GCN,101,279,179,0.555428147315979,0.7837837934494019,0.7934096455574036,0.8108108043670654,True,100
Texas,RandomKFold,2,3,GCN,101,109,9,0.9578731060028076,0.75,1.5251736640930176,0.4324324429035187,True,100
Texas,RandomKFold,2,3,GCN,100,111,11,0.9358341693878174,0.75,1.499306082725525,0.4054054021835327,True,100
Texas,RandomKFold,2,3,GAT,100,181,81,0.8916959762573242,0.7222222089767456,1.7577390670776367,0.37837839126586914,True,100
Texas,RandomKFold,2,3,GAT,101,225,125,0.9677721858024597,0.6666666865348816,1.8917896747589111,0.37837839126586914,True,100
Texas,RandomKFold,2,2,MixHop,100,302,202,0.5571301579475403,0.8108108043670654,0.5249494314193726,0.9729729890823364,True,100
Texas,RandomKFold,2,3,SAGE,100,119,19,0.09838294982910156,0.9444444179534912,2.0485050678253174,0.6756756901741028,True,100
Texas,RandomKFold,2,3,SAGE,101,144,44,0.109830841422081,0.9444444179534912,2.337489366531372,0.7027027010917664,True,100
Texas,RandomKFold,2,2,MixHop,101,333,233,0.5136669874191284,0.8108108043670654,0.41989147663116455,0.9189189076423645,True,100
Texas,RandomKFold,2,3,GPRGNN,100,167,67,0.26303884387016296,0.8888888955116272,0.7344124913215637,0.7837837934494019,True,100
Texas,RandomKFold,2,3,GPRGNN,101,165,65,0.18380068242549896,0.9166666865348816,0.7130364775657654,0.8108108043670654,True,100
Texas,RandomKFold,2,3,H2GCN,100,342,242,0.268450528383255,0.8333333134651184,0.6356403827667236,0.7837837934494019,True,100
Texas,RandomKFold,2,4,MLP,100,148,48,0.621588408946991,0.7777777910232544,0.3727532923221588,0.8888888955116272,True,100
Texas,RandomKFold,2,4,MLP,101,187,87,0.6355835199356079,0.8055555820465088,0.41780877113342285,0.8333333134651184,True,100
Texas,RandomKFold,2,3,H2GCN,101,509,409,0.2399192899465561,0.8888888955116272,0.5925776362419128,0.7837837934494019,True,100
Texas,RandomKFold,2,3,MixHop,100,148,48,0.038994383066892624,1.0,0.6991068124771118,0.837837815284729,True,100
Texas,RandomKFold,2,4,GCN,100,105,5,1.3364462852478027,0.5,1.0337494611740112,0.6388888955116272,True,100
Texas,RandomKFold,2,4,GCN,101,105,5,1.3440461158752441,0.5,0.9940980076789856,0.6388888955116272,True,100
Texas,RandomKFold,2,4,GAT,100,104,4,1.2740838527679443,0.5277777910232544,1.0019841194152832,0.6666666865348816,True,100
Texas,RandomKFold,2,4,GAT,101,108,8,1.2409024238586426,0.4722222089767456,1.1824076175689697,0.5833333134651184,True,100
Texas,RandomKFold,2,4,SAGE,100,107,7,0.6489368677139282,0.7222222089767456,0.4666846692562103,0.8611111044883728,True,100
Texas,RandomKFold,2,4,SAGE,101,108,8,0.7450169324874878,0.6666666865348816,0.34410524368286133,0.8333333134651184,True,100
Texas,RandomKFold,2,4,GPRGNN,100,177,77,0.9284034371376038,0.7777777910232544,0.5340921878814697,0.8611111044883728,True,100
Texas,RandomKFold,2,4,GPRGNN,101,207,107,0.9539657235145569,0.7777777910232544,0.5711925029754639,0.8333333134651184,True,100
Texas,RandomKFold,2,4,H2GCN,100,217,117,0.5788557529449463,0.8055555820465088,0.29880645871162415,0.8888888955116272,True,100
Texas,RandomKFold,2,4,H2GCN,101,405,305,0.56230229139328,0.8055555820465088,0.259000688791275,0.9166666865348816,True,100
Texas,RandomKFold,2,5,MLP,100,139,39,0.4586700201034546,0.8648648858070374,0.6170659065246582,0.75,True,100
Texas,RandomKFold,2,4,MixHop,100,236,136,0.5740588903427124,0.8333333134651184,0.18588562309741974,0.8888888955116272,True,100
Texas,RandomKFold,2,5,MLP,101,456,356,0.4383116662502289,0.8918918967247009,0.6356956958770752,0.7777777910232544,True,100
Texas,RandomKFold,2,5,GCN,100,106,6,1.0684713125228882,0.5945945978164673,1.361962080001831,0.5,True,100
Texas,RandomKFold,2,5,GCN,101,105,5,1.0773931741714478,0.5945945978164673,1.3106456995010376,0.5,True,100
Texas,RandomKFold,2,5,GAT,100,109,9,1.108502745628357,0.5945945978164673,1.3378843069076538,0.5277777910232544,True,100
Texas,RandomKFold,2,5,GAT,101,115,15,1.0802199840545654,0.6486486196517944,1.2275813817977905,0.4444444477558136,True,100
Texas,RandomKFold,2,4,MixHop,101,280,180,0.6502659320831299,0.8333333134651184,0.08089378476142883,0.9722222089767456,True,100
Texas,RandomKFold,2,3,MixHop,101,489,389,0.013624164275825024,1.0,0.481090247631073,0.8918918967247009,True,100
Texas,RandomKFold,2,5,SAGE,100,120,20,0.40962931513786316,0.8108108043670654,0.8344703912734985,0.6944444179534912,True,100
Texas,RandomKFold,2,5,SAGE,101,225,125,0.35577964782714844,0.8648648858070374,1.2093310356140137,0.75,True,100
Texas,RandomKFold,2,5,GPRGNN,100,226,126,0.7095518112182617,0.7297297120094299,0.8598583340644836,0.7777777910232544,True,100
Texas,RandomKFold,2,5,GPRGNN,101,191,91,0.5902195572853088,0.7837837934494019,0.9392185211181641,0.8055555820465088,True,100
Texas,RandomKFold,2,5,H2GCN,100,653,553,0.565666913986206,0.7837837934494019,0.5752990245819092,0.8611111044883728,True,100
Texas,RandomKFold,2,5,H2GCN,101,482,382,0.5557243824005127,0.7567567825317383,0.5687777996063232,0.8888888955116272,True,100
Texas,RandomKFold,2,5,MixHop,101,302,202,0.29918089509010315,0.837837815284729,1.2797518968582153,0.6944444179534912,True,100
Texas,RandomKFold,2,5,MixHop,100,338,238,0.21007637679576874,0.9189189076423645,0.8725132346153259,0.75,True,100
Texas,LabelStratifiedKFold,2,1,MLP,100,140,40,0.42438510060310364,0.8648648858070374,0.4716348946094513,0.837837815284729,True,100
Texas,LabelStratifiedKFold,2,1,MLP,101,266,166,0.46681419014930725,0.837837815284729,0.5507946014404297,0.8108108043670654,True,100
Texas,LabelStratifiedKFold,2,1,GCN,100,106,6,1.076382040977478,0.5405405163764954,1.2723497152328491,0.5675675868988037,True,100
Texas,LabelStratifiedKFold,2,1,GCN,101,108,8,1.1198911666870117,0.5405405163764954,1.3586714267730713,0.5675675868988037,True,100
Texas,LabelStratifiedKFold,2,1,GAT,100,127,27,1.0803359746932983,0.5945945978164673,1.2517879009246826,0.5675675868988037,True,100
Texas,LabelStratifiedKFold,2,1,GAT,101,116,16,1.2111061811447144,0.5135135054588318,1.2963473796844482,0.5405405163764954,True,100
Texas,LabelStratifiedKFold,2,1,SAGE,100,103,3,0.8252654671669006,0.7837837934494019,0.7898626327514648,0.6756756901741028,True,100
Texas,LabelStratifiedKFold,2,1,SAGE,101,105,5,0.6309277415275574,0.7297297120094299,0.8200197815895081,0.6486486196517944,True,100
Texas,LabelStratifiedKFold,2,1,GPRGNN,101,151,51,0.715390682220459,0.7567567825317383,0.8228139877319336,0.6756756901741028,True,100
Texas,LabelStratifiedKFold,2,1,GPRGNN,100,255,155,0.7060251832008362,0.837837815284729,1.2864245176315308,0.7297297120094299,True,100
Texas,LabelStratifiedKFold,2,1,H2GCN,101,377,277,0.37970322370529175,0.837837815284729,0.5767328143119812,0.8108108043670654,True,100
Texas,LabelStratifiedKFold,2,1,H2GCN,100,604,504,0.37341001629829407,0.8648648858070374,0.5715139508247375,0.7837837934494019,True,100
Texas,LabelStratifiedKFold,2,2,MLP,100,501,401,0.5204510688781738,0.837837815284729,0.3394908905029297,0.8918918967247009,True,100
Texas,LabelStratifiedKFold,2,2,MLP,101,278,178,0.5769662857055664,0.7837837934494019,0.3849588632583618,0.8108108043670654,True,100
Texas,LabelStratifiedKFold,2,1,MixHop,100,169,69,0.2921697199344635,0.9189189076423645,0.558160126209259,0.8108108043670654,True,100
Texas,LabelStratifiedKFold,2,2,GCN,100,105,5,1.2573989629745483,0.5945945978164673,1.0897287130355835,0.5675675868988037,True,100
Texas,LabelStratifiedKFold,2,2,GCN,101,105,5,1.321303129196167,0.5945945978164673,1.1194982528686523,0.5945945978164673,True,100
Texas,LabelStratifiedKFold,2,2,GAT,100,106,6,1.234266996383667,0.5945945978164673,1.0744789838790894,0.5945945978164673,True,100
Texas,LabelStratifiedKFold,2,2,GAT,101,120,20,1.2529581785202026,0.6216216087341309,1.13799250125885,0.5405405163764954,True,100
Texas,LabelStratifiedKFold,2,2,SAGE,100,112,12,0.5454691648483276,0.8648648858070374,0.8774568438529968,0.837837815284729,True,100
Texas,LabelStratifiedKFold,2,1,MixHop,101,216,116,0.30149638652801514,0.837837815284729,0.7577126026153564,0.837837815284729,True,100
Texas,LabelStratifiedKFold,2,2,SAGE,101,110,10,0.6502507925033569,0.8108108043670654,0.6440451741218567,0.8108108043670654,True,100
Texas,LabelStratifiedKFold,2,2,GPRGNN,100,167,67,0.7591415047645569,0.837837815284729,0.6073063015937805,0.8108108043670654,True,100
Texas,LabelStratifiedKFold,2,2,GPRGNN,101,177,77,0.6937057971954346,0.837837815284729,0.6072467565536499,0.7837837934494019,True,100
Texas,LabelStratifiedKFold,2,2,H2GCN,100,270,170,0.6127089262008667,0.837837815284729,0.34080928564071655,0.8918918967247009,True,100
Texas,LabelStratifiedKFold,2,3,MLP,100,323,223,0.21697692573070526,0.9444444179534912,0.5834052562713623,0.837837815284729,True,100
Texas,LabelStratifiedKFold,2,3,MLP,101,467,367,0.255874365568161,0.9444444179534912,0.5112581849098206,0.837837815284729,True,100
Texas,LabelStratifiedKFold,2,2,H2GCN,101,453,353,0.6247611045837402,0.837837815284729,0.35473892092704773,0.8918918967247009,True,100
Texas,LabelStratifiedKFold,2,3,GCN,100,108,8,1.0624632835388184,0.6111111044883728,1.405455231666565,0.5405405163764954,True,100
Texas,LabelStratifiedKFold,2,3,GCN,101,105,5,1.1402171850204468,0.5833333134651184,1.3436226844787598,0.5135135054588318,True,100
Texas,LabelStratifiedKFold,2,3,GAT,100,115,15,0.9996614456176758,0.5833333134651184,1.2471964359283447,0.5675675868988037,True,100
Texas,LabelStratifiedKFold,2,3,GAT,101,119,19,1.0124047994613647,0.5833333134651184,1.307498812675476,0.4864864945411682,True,100
Texas,LabelStratifiedKFold,2,2,MixHop,100,264,164,0.32341262698173523,0.8918918967247009,0.25666356086730957,0.9459459185600281,True,100
Texas,LabelStratifiedKFold,2,3,SAGE,101,252,152,0.04223114624619484,1.0,0.49411067366600037,0.9189189076423645,True,100
Texas,LabelStratifiedKFold,2,3,SAGE,100,428,328,0.0354202575981617,1.0,0.6603634357452393,0.8648648858070374,True,100
Texas,LabelStratifiedKFold,2,3,GPRGNN,100,205,105,0.14608488976955414,0.9444444179534912,0.9281578063964844,0.7837837934494019,True,100
Texas,LabelStratifiedKFold,2,2,MixHop,101,386,286,0.3241517245769501,0.8918918967247009,0.2758314907550812,0.837837815284729,True,100
Texas,LabelStratifiedKFold,2,3,GPRGNN,101,216,116,0.1179145872592926,0.9722222089767456,0.8599697351455688,0.8108108043670654,True,100
Texas,LabelStratifiedKFold,2,3,H2GCN,100,537,437,0.21458745002746582,0.9444444179534912,0.6424339413642883,0.837837815284729,True,100
Texas,LabelStratifiedKFold,2,4,MLP,100,119,19,0.6683045029640198,0.8055555820465088,0.5986487865447998,0.8055555820465088,True,100
Texas,LabelStratifiedKFold,2,4,MLP,101,116,16,0.7524315714836121,0.7777777910232544,0.6997693777084351,0.6666666865348816,True,100
Texas,LabelStratifiedKFold,2,3,H2GCN,101,480,380,0.22062213718891144,0.9444444179534912,0.6499084830284119,0.837837815284729,True,100
Texas,LabelStratifiedKFold,2,4,GCN,100,103,3,1.2691044807434082,0.5277777910232544,1.1320993900299072,0.6388888955116272,True,100
Texas,LabelStratifiedKFold,2,4,GCN,101,103,3,1.3474373817443848,0.5277777910232544,1.129966378211975,0.5833333134651184,True,100
Texas,LabelStratifiedKFold,2,4,GAT,100,128,28,1.1575515270233154,0.5555555820465088,0.9676757454872131,0.5833333134651184,True,100
Texas,LabelStratifiedKFold,2,4,GAT,101,107,7,1.116634726524353,0.5,1.0594736337661743,0.5555555820465088,True,100
Texas,LabelStratifiedKFold,2,3,MixHop,101,310,210,0.08365004509687424,1.0,0.44803160429000854,0.9189189076423645,True,100
Texas,LabelStratifiedKFold,2,4,SAGE,101,156,56,0.3041738271713257,0.9166666865348816,0.2218584269285202,0.8888888955116272,True,100
Texas,LabelStratifiedKFold,2,4,SAGE,100,214,114,0.2322266846895218,0.9166666865348816,0.2759578824043274,0.8888888955116272,True,100
Texas,LabelStratifiedKFold,2,3,MixHop,100,380,280,0.07771797478199005,1.0,0.35631510615348816,0.9459459185600281,True,100
Texas,LabelStratifiedKFold,2,4,GPRGNN,100,307,207,0.4459918737411499,0.8611111044883728,0.940166711807251,0.8055555820465088,True,100
Texas,LabelStratifiedKFold,2,4,GPRGNN,101,292,192,0.46518945693969727,0.8333333134651184,0.7459572553634644,0.8055555820465088,True,100
Texas,LabelStratifiedKFold,2,4,H2GCN,100,141,41,0.7873961925506592,0.7222222089767456,0.5295022130012512,0.8333333134651184,True,100
Texas,LabelStratifiedKFold,2,4,H2GCN,101,133,33,0.7775365710258484,0.7222222089767456,0.5688589215278625,0.8333333134651184,True,100
Texas,LabelStratifiedKFold,2,5,MLP,100,254,154,0.3262185752391815,0.8108108043670654,0.6248650550842285,0.8333333134651184,True,100
Texas,LabelStratifiedKFold,2,5,GCN,100,104,4,1.1995184421539307,0.5945945978164673,1.3315056562423706,0.5555555820465088,True,100
Texas,LabelStratifiedKFold,2,5,MLP,101,389,289,0.3254880905151367,0.8918918967247009,0.7686431407928467,0.8333333134651184,True,100
Texas,LabelStratifiedKFold,2,5,GCN,101,104,4,1.1663081645965576,0.5405405163764954,1.3460912704467773,0.5,True,100
Texas,LabelStratifiedKFold,2,5,GAT,100,106,6,1.1405857801437378,0.5945945978164673,1.153625726699829,0.5833333134651184,True,100
Texas,LabelStratifiedKFold,2,4,MixHop,100,188,88,0.5575401782989502,0.8888888955116272,0.36230459809303284,0.8333333134651184,True,100
Texas,LabelStratifiedKFold,2,5,GAT,101,107,7,1.1906992197036743,0.5675675868988037,1.18723726272583,0.5277777910232544,True,100
Texas,LabelStratifiedKFold,2,4,MixHop,101,186,86,0.8020670413970947,0.7777777910232544,0.49176153540611267,0.8055555820465088,True,100
Texas,LabelStratifiedKFold,2,5,SAGE,101,110,10,0.7355966567993164,0.7297297120094299,0.4130929410457611,0.8333333134651184,True,100
Texas,LabelStratifiedKFold,2,5,SAGE,100,203,103,0.6232461333274841,0.837837815284729,0.4458337426185608,0.8333333134651184,True,100
Texas,LabelStratifiedKFold,2,5,GPRGNN,100,193,93,1.1224040985107422,0.6756756901741028,1.6338963508605957,0.6111111044883728,True,100
Texas,LabelStratifiedKFold,2,5,GPRGNN,101,218,118,0.8596513867378235,0.7837837934494019,0.8085782527923584,0.75,True,100
Texas,LabelStratifiedKFold,2,5,H2GCN,100,606,506,0.612538754940033,0.7567567825317383,0.7847076058387756,0.8055555820465088,True,100
Texas,LabelStratifiedKFold,2,5,MixHop,101,171,71,0.4710090160369873,0.837837815284729,1.3010146617889404,0.8333333134651184,True,100
Texas,LabelStratifiedKFold,2,5,H2GCN,101,625,525,0.5871041417121887,0.7567567825317383,0.7983013987541199,0.8055555820465088,True,100
Texas,LabelStratifiedKFold,2,5,MixHop,100,253,153,0.2588498294353485,0.8918918967247009,0.9749446511268616,0.8333333134651184,True,100
Texas,Sklearn_NeighHet_b50,2,1,MLP,100,167,67,0.48757898807525635,0.8648648858070374,0.418008953332901,0.837837815284729,True,100
Texas,Sklearn_NeighHet_b50,2,1,MLP,101,304,204,0.46195363998413086,0.7837837934494019,0.4765119254589081,0.8648648858070374,True,100
Texas,Sklearn_NeighHet_b50,2,1,GCN,101,105,5,1.4383788108825684,0.4864864945411682,0.9785895347595215,0.6756756901741028,True,100
Texas,Sklearn_NeighHet_b50,2,1,GCN,100,104,4,1.3827580213546753,0.5945945978164673,1.0772215127944946,0.6486486196517944,True,100
Texas,Sklearn_NeighHet_b50,2,1,GAT,100,119,19,1.2782695293426514,0.5405405163764954,0.8264082074165344,0.7297297120094299,True,100
Texas,Sklearn_NeighHet_b50,2,1,GAT,101,108,8,1.3366843461990356,0.5405405163764954,1.0027363300323486,0.6756756901741028,True,100
Texas,Sklearn_NeighHet_b50,2,1,SAGE,100,104,4,0.9735528826713562,0.7297297120094299,0.4164656698703766,0.9189189076423645,True,100
Texas,Sklearn_NeighHet_b50,2,1,SAGE,101,105,5,0.912537157535553,0.6486486196517944,0.42476725578308105,0.8648648858070374,True,100
Texas,Sklearn_NeighHet_b50,2,1,GPRGNN,101,140,40,1.041589617729187,0.7837837934494019,0.6130193471908569,0.7837837934494019,True,100
Texas,Sklearn_NeighHet_b50,2,1,GPRGNN,100,157,57,0.9865410327911377,0.7297297120094299,0.4784355163574219,0.837837815284729,True,100
Texas,Sklearn_NeighHet_b50,2,1,H2GCN,100,546,446,0.4734882712364197,0.8918918967247009,0.3008451461791992,0.9189189076423645,True,100
Texas,Sklearn_NeighHet_b50,2,1,H2GCN,101,602,502,0.46988826990127563,0.8648648858070374,0.29055216908454895,0.8918918967247009,True,100
Texas,Sklearn_NeighHet_b50,2,2,MLP,100,232,132,0.4565510153770447,0.837837815284729,0.47767174243927,0.9189189076423645,True,100
Texas,Sklearn_NeighHet_b50,2,2,MLP,101,303,203,0.4237334430217743,0.837837815284729,0.44021832942962646,0.8918918967247009,True,100
Texas,Sklearn_NeighHet_b50,2,2,GCN,100,103,3,1.3672493696212769,0.5405405163764954,1.4041118621826172,0.4864864945411682,True,100
Texas,Sklearn_NeighHet_b50,2,2,GCN,101,104,4,1.4414609670639038,0.5675675868988037,1.3938279151916504,0.5405405163764954,True,100
Texas,Sklearn_NeighHet_b50,2,2,GAT,100,114,14,1.2662792205810547,0.45945945382118225,1.7497245073318481,0.4864864945411682,True,100
Texas,Sklearn_NeighHet_b50,2,2,GAT,101,103,3,1.297105312347412,0.5135135054588318,1.479870080947876,0.5135135054588318,True,100
Texas,Sklearn_NeighHet_b50,2,1,MixHop,101,265,165,0.43444958329200745,0.8918918967247009,0.3186085820198059,0.9189189076423645,True,100
Texas,Sklearn_NeighHet_b50,2,2,SAGE,101,233,133,0.2296086698770523,0.837837815284729,1.6110551357269287,0.7837837934494019,True,100
Texas,Sklearn_NeighHet_b50,2,2,SAGE,100,277,177,0.24690645933151245,0.9459459185600281,1.7799123525619507,0.8108108043670654,True,100
Texas,Sklearn_NeighHet_b50,2,1,MixHop,100,313,213,0.4293902516365051,0.9189189076423645,0.20183929800987244,0.9189189076423645,True,100
Texas,Sklearn_NeighHet_b50,2,2,GPRGNN,100,367,267,0.9845196604728699,0.7027027010917664,1.7209011316299438,0.7297297120094299,True,100
Texas,Sklearn_NeighHet_b50,2,2,GPRGNN,101,288,188,0.8713056445121765,0.6756756901741028,1.793378472328186,0.7297297120094299,True,100
Texas,Sklearn_NeighHet_b50,2,2,MixHop,101,108,8,1.0225521326065063,0.6486486196517944,1.0595372915267944,0.7297297120094299,True,100
Texas,Sklearn_NeighHet_b50,2,3,MLP,100,236,136,0.4474007189273834,0.8333333134651184,0.5971212387084961,0.7027027010917664,True,100
Texas,Sklearn_NeighHet_b50,2,3,MLP,101,279,179,0.4393654763698578,0.8333333134651184,0.5888221859931946,0.7297297120094299,True,100
Texas,Sklearn_NeighHet_b50,2,2,H2GCN,100,510,410,0.5341965556144714,0.8648648858070374,0.4883051812648773,0.8918918967247009,True,100
Texas,Sklearn_NeighHet_b50,2,3,GCN,100,104,4,1.1864104270935059,0.5555555820465088,1.4295215606689453,0.4324324429035187,True,100
Texas,Sklearn_NeighHet_b50,2,3,GCN,101,105,5,1.1610594987869263,0.5555555820465088,1.3769004344940186,0.5675675868988037,True,100
Texas,Sklearn_NeighHet_b50,2,3,GAT,100,116,16,1.229984998703003,0.5277777910232544,1.3934158086776733,0.45945945382118225,True,100
Texas,Sklearn_NeighHet_b50,2,2,H2GCN,101,676,576,0.5215066075325012,0.8648648858070374,0.46328797936439514,0.8918918967247009,True,100
Texas,Sklearn_NeighHet_b50,2,3,GAT,101,107,7,1.1470496654510498,0.5555555820465088,1.1652183532714844,0.45945945382118225,True,100
Texas,Sklearn_NeighHet_b50,2,3,SAGE,100,108,8,0.5734838843345642,0.75,0.5602205991744995,0.7297297120094299,True,100
Texas,Sklearn_NeighHet_b50,2,2,MixHop,100,245,145,0.6796174645423889,0.7837837934494019,1.0124245882034302,0.7837837934494019,True,100
Texas,Sklearn_NeighHet_b50,2,3,SAGE,101,110,10,0.5597296953201294,0.7777777910232544,0.6021446585655212,0.7567567825317383,True,100
Texas,Sklearn_NeighHet_b50,2,3,GPRGNN,100,169,69,0.8885424733161926,0.6944444179534912,1.151862621307373,0.6486486196517944,True,100
Texas,Sklearn_NeighHet_b50,2,3,GPRGNN,101,176,76,0.836738109588623,0.6388888955116272,0.99444580078125,0.7297297120094299,True,100
Texas,Sklearn_NeighHet_b50,2,3,H2GCN,101,405,305,0.5824017524719238,0.7777777910232544,0.774241030216217,0.837837815284729,True,100
Texas,Sklearn_NeighHet_b50,2,3,H2GCN,100,474,374,0.5879887342453003,0.7777777910232544,0.7952733635902405,0.837837815284729,True,100
Texas,Sklearn_NeighHet_b50,2,4,MLP,100,288,188,0.20203797519207,0.9166666865348816,0.4436432123184204,0.8333333134651184,True,100
Texas,Sklearn_NeighHet_b50,2,3,MixHop,100,160,60,0.6302013397216797,0.75,1.106657862663269,0.837837815284729,True,100
Texas,Sklearn_NeighHet_b50,2,4,MLP,101,550,450,0.191192626953125,0.9722222089767456,0.4906136095523834,0.7777777910232544,True,100
Texas,Sklearn_NeighHet_b50,2,4,GCN,100,110,10,1.014724612236023,0.6111111044883728,1.3962416648864746,0.5,True,100
Texas,Sklearn_NeighHet_b50,2,4,GCN,101,110,10,1.002410888671875,0.5555555820465088,1.4128539562225342,0.4444444477558136,True,100
Texas,Sklearn_NeighHet_b50,2,3,MixHop,101,173,73,0.5788611769676208,0.75,1.3025587797164917,0.8108108043670654,True,100
Texas,Sklearn_NeighHet_b50,2,4,GAT,101,180,80,1.003913164138794,0.5555555820465088,1.7836170196533203,0.4166666567325592,True,100
Texas,Sklearn_NeighHet_b50,2,4,GAT,100,216,116,0.8488653302192688,0.6111111044883728,1.74587082862854,0.3888888955116272,True,100
Texas,Sklearn_NeighHet_b50,2,4,SAGE,101,206,106,0.23326009511947632,0.9444444179534912,0.9063643217086792,0.7777777910232544,True,100
Texas,Sklearn_NeighHet_b50,2,4,SAGE,100,340,240,0.11825214326381683,0.9444444179534912,0.6902892589569092,0.8333333134651184,True,100
Texas,Sklearn_NeighHet_b50,2,4,GPRGNN,100,239,139,0.29208797216415405,0.8888888955116272,1.019575595855713,0.7222222089767456,True,100
Texas,Sklearn_NeighHet_b50,2,4,GPRGNN,101,321,221,0.17935477197170258,0.9166666865348816,0.9022994637489319,0.6944444179534912,True,100
Texas,Sklearn_NeighHet_b50,2,4,H2GCN,100,314,214,0.30734699964523315,0.8611111044883728,0.6172958016395569,0.7777777910232544,True,100
Texas,Sklearn_NeighHet_b50,2,5,MLP,100,253,153,0.45770078897476196,0.7837837934494019,0.29544997215270996,0.9166666865348816,True,100
Texas,Sklearn_NeighHet_b50,2,5,MLP,101,313,213,0.39783477783203125,0.837837815284729,0.28438642621040344,0.9444444179534912,True,100
Texas,Sklearn_NeighHet_b50,2,5,GCN,100,109,9,1.0024023056030273,0.6486486196517944,1.0613445043563843,0.6388888955116272,True,100
Texas,Sklearn_NeighHet_b50,2,4,MixHop,100,240,140,0.0808071494102478,1.0,0.7391947507858276,0.8055555820465088,True,100
Texas,Sklearn_NeighHet_b50,2,4,MixHop,101,236,136,0.08469612151384354,0.9722222089767456,0.6143850088119507,0.8055555820465088,True,100
Texas,Sklearn_NeighHet_b50,2,5,GCN,101,108,8,0.9909679293632507,0.6486486196517944,1.0517061948776245,0.5555555820465088,True,100
Texas,Sklearn_NeighHet_b50,2,4,H2GCN,101,509,409,0.29257309436798096,0.8888888955116272,0.5933784246444702,0.7777777910232544,True,100
Texas,Sklearn_NeighHet_b50,2,5,GAT,101,116,16,1.0129319429397583,0.5945945978164673,1.1209498643875122,0.5277777910232544,True,100
Texas,Sklearn_NeighHet_b50,2,5,GAT,100,118,18,0.8782549500465393,0.6216216087341309,1.0102670192718506,0.5555555820465088,True,100
Texas,Sklearn_NeighHet_b50,2,5,SAGE,100,216,116,0.24089312553405762,0.9189189076423645,0.507219672203064,0.8888888955116272,True,100
Texas,Sklearn_NeighHet_b50,2,5,SAGE,101,194,94,0.34566593170166016,0.8648648858070374,0.4625560939311981,0.8888888955116272,True,100
Texas,Sklearn_NeighHet_b50,2,5,GPRGNN,100,178,78,0.40191829204559326,0.8648648858070374,0.291900634765625,0.8611111044883728,True,100
Texas,Sklearn_NeighHet_b50,2,5,GPRGNN,101,169,69,0.2321280986070633,0.9189189076423645,0.2016851007938385,0.9444444179534912,True,100
Texas,Sklearn_NeighHet_b50,2,5,H2GCN,100,461,361,0.3268764019012451,0.9189189076423645,0.31367364525794983,0.8333333134651184,True,100
Texas,Sklearn_NeighHet_b50,2,5,H2GCN,101,632,532,0.32286402583122253,0.9189189076423645,0.3180653750896454,0.8333333134651184,True,100
Texas,Sklearn_NeighHet_b50,2,5,MixHop,101,282,182,0.2203529179096222,0.9459459185600281,0.5991977453231812,0.8611111044883728,True,100
Texas,Sklearn_NeighHet_b50,2,5,MixHop,100,291,191,0.09862476587295532,0.9459459185600281,0.3542037606239319,0.8333333134651184,True,100
Texas,RandomKFold,3,1,MLP,101,179,79,0.5590528249740601,0.7837837934494019,0.5012957453727722,0.7837837934494019,True,100
Texas,RandomKFold,3,1,MLP,100,209,109,0.5769317150115967,0.8108108043670654,0.39250341057777405,0.8648648858070374,True,100
Texas,RandomKFold,3,1,GCN,100,103,3,1.3708606958389282,0.5405405163764954,1.157688021659851,0.7027027010917664,True,100
Texas,RandomKFold,3,1,GCN,101,103,3,1.4060715436935425,0.4864864945411682,1.160325050354004,0.5945945978164673,True,100
Texas,RandomKFold,3,1,GAT,100,119,19,1.307934284210205,0.4864864945411682,0.9155771136283875,0.6216216087341309,True,100
Texas,RandomKFold,3,1,GAT,101,118,18,1.2723655700683594,0.5405405163764954,0.9896384477615356,0.6486486196517944,True,100
Texas,RandomKFold,3,1,SAGE,100,103,3,1.0994243621826172,0.6486486196517944,0.5928295850753784,0.837837815284729,True,100
Texas,RandomKFold,3,1,SAGE,101,105,5,0.9558210372924805,0.6486486196517944,0.4695574641227722,0.8918918967247009,True,100
Texas,RandomKFold,3,1,GPRGNN,101,189,89,1.0132689476013184,0.837837815284729,0.5519015789031982,0.8648648858070374,True,100
Texas,RandomKFold,3,1,GPRGNN,100,225,125,1.0685806274414062,0.8108108043670654,0.558857262134552,0.8648648858070374,True,100
Texas,RandomKFold,3,1,MixHop,101,106,6,1.1789921522140503,0.6486486196517944,0.6787708401679993,0.8108108043670654,True,100
Texas,RandomKFold,3,2,MLP,100,317,217,0.2676094174385071,0.9189189076423645,0.5060360431671143,0.9189189076423645,True,100
Texas,RandomKFold,3,1,H2GCN,100,544,444,0.7346929311752319,0.7837837934494019,0.2766718566417694,0.8918918967247009,True,100
Texas,RandomKFold,3,2,MLP,101,434,334,0.24475058913230896,0.9189189076423645,0.5067446231842041,0.8648648858070374,True,100
Texas,RandomKFold,3,2,GCN,100,111,11,0.9690393805503845,0.6216216087341309,1.989418864250183,0.5135135054588318,True,100
Texas,RandomKFold,3,1,H2GCN,101,677,577,0.7486029267311096,0.8108108043670654,0.27946215867996216,0.8918918967247009,True,100
Texas,RandomKFold,3,2,GCN,101,124,24,1.0501881837844849,0.5675675868988037,2.4207499027252197,0.45945945382118225,True,100
Texas,RandomKFold,3,2,GAT,100,119,19,0.9510972499847412,0.6756756901741028,1.354453206062317,0.5135135054588318,True,100
Texas,RandomKFold,3,2,GAT,101,118,18,1.070642352104187,0.5945945978164673,1.4053480625152588,0.4324324429035187,True,100
Texas,RandomKFold,3,1,MixHop,100,209,109,0.9069263339042664,0.7567567825317383,0.40953460335731506,0.8918918967247009,True,100
Texas,RandomKFold,3,2,SAGE,101,166,66,0.17998936772346497,0.9189189076423645,1.9199953079223633,0.7567567825317383,True,100
Texas,RandomKFold,3,2,SAGE,100,244,144,0.151987686753273,0.9729729890823364,2.005570411682129,0.7567567825317383,True,100
Texas,RandomKFold,3,2,GPRGNN,100,214,114,0.2730860710144043,0.8918918967247009,1.3785737752914429,0.7297297120094299,True,100
Texas,RandomKFold,3,2,GPRGNN,101,256,156,0.3683352470397949,0.8918918967247009,1.5562000274658203,0.7837837934494019,True,100
Texas,RandomKFold,3,2,H2GCN,100,341,241,0.3372698426246643,0.8918918967247009,0.9060718417167664,0.7837837934494019,True,100
Texas,RandomKFold,3,2,MixHop,101,143,43,0.056316208094358444,1.0,1.669543743133545,0.8108108043670654,True,100
Texas,RandomKFold,3,3,MLP,100,467,367,0.5743787884712219,0.8333333134651184,0.48447778820991516,0.9189189076423645,True,100
Texas,RandomKFold,3,3,MLP,101,283,183,0.602150559425354,0.8055555820465088,0.39698609709739685,0.8918918967247009,True,100
Texas,RandomKFold,3,2,H2GCN,101,377,277,0.34262144565582275,0.8918918967247009,0.9059483408927917,0.8108108043670654,True,100
Texas,RandomKFold,3,3,GCN,100,108,8,1.1066557168960571,0.5555555820465088,0.994350254535675,0.6486486196517944,True,100
Texas,RandomKFold,3,3,GCN,101,106,6,1.11299467086792,0.5555555820465088,1.1514304876327515,0.5945945978164673,True,100
Texas,RandomKFold,3,3,GAT,100,113,13,0.8872830867767334,0.6666666865348816,0.9263456463813782,0.6756756901741028,True,100
Texas,RandomKFold,3,3,GAT,101,109,9,1.066129446029663,0.5833333134651184,1.0900464057922363,0.5945945978164673,True,100
Texas,RandomKFold,3,2,MixHop,100,217,117,0.04975676164031029,1.0,1.2495871782302856,0.7837837934494019,True,100
Texas,RandomKFold,3,3,SAGE,100,119,19,0.4552232027053833,0.8611111044883728,0.36420688033103943,0.9189189076423645,True,100
Texas,RandomKFold,3,3,SAGE,101,108,8,0.43773123621940613,0.8333333134651184,0.48895376920700073,0.7297297120094299,True,100
Texas,RandomKFold,3,3,GPRGNN,101,171,71,0.47315317392349243,0.8333333134651184,0.22641150653362274,0.9189189076423645,True,100
Texas,RandomKFold,3,3,GPRGNN,100,192,92,0.5380970239639282,0.8055555820465088,0.3828786015510559,0.9189189076423645,True,100
Texas,RandomKFold,3,3,H2GCN,101,246,146,0.4865175485610962,0.8888888955116272,0.3814985156059265,0.9189189076423645,True,100
Texas,RandomKFold,3,3,H2GCN,100,275,175,0.5340644717216492,0.8611111044883728,0.38944554328918457,0.9189189076423645,True,100
Texas,RandomKFold,3,4,MLP,100,141,41,0.4395904541015625,0.9166666865348816,0.6517998576164246,0.75,True,100
Texas,RandomKFold,3,4,MLP,101,271,171,0.4259904623031616,0.8611111044883728,0.5695482492446899,0.8055555820465088,True,100
Texas,RandomKFold,3,4,GCN,100,105,5,1.2820076942443848,0.3888888955116272,1.177793025970459,0.6388888955116272,True,100
Texas,RandomKFold,3,4,GCN,101,105,5,1.3030987977981567,0.3888888955116272,1.2000172138214111,0.6666666865348816,True,100
Texas,RandomKFold,3,3,MixHop,100,159,59,0.14788971841335297,0.9444444179534912,0.19630543887615204,0.9459459185600281,True,100
Texas,RandomKFold,3,4,GAT,100,107,7,1.2887048721313477,0.5,1.096198558807373,0.6111111044883728,True,100
Texas,RandomKFold,3,4,GAT,101,115,15,1.2444252967834473,0.3888888955116272,0.9647286534309387,0.6388888955116272,True,100
Texas,RandomKFold,3,4,SAGE,101,210,110,0.22541546821594238,0.8611111044883728,0.7632371187210083,0.8055555820465088,True,100
Texas,RandomKFold,3,3,MixHop,101,274,174,0.1596773862838745,0.9444444179534912,0.23733994364738464,0.9189189076423645,True,100
Texas,RandomKFold,3,4,SAGE,100,301,201,0.1896233707666397,0.9166666865348816,0.6143284440040588,0.8055555820465088,True,100
Texas,RandomKFold,3,4,GPRGNN,101,164,64,0.5828726291656494,0.7777777910232544,0.5136809349060059,0.8055555820465088,True,100
Texas,RandomKFold,3,4,GPRGNN,100,201,101,0.5432571172714233,0.8055555820465088,0.5673450827598572,0.8611111044883728,True,100
Texas,RandomKFold,3,4,H2GCN,100,454,354,0.5409245491027832,0.8055555820465088,0.45257484912872314,0.8888888955116272,True,100
Texas,RandomKFold,3,5,MLP,100,140,40,0.4080490171909332,0.837837815284729,0.400578111410141,0.9166666865348816,True,100
Texas,RandomKFold,3,4,H2GCN,101,592,492,0.5289706587791443,0.8055555820465088,0.45260089635849,0.8611111044883728,True,100
Texas,RandomKFold,3,5,MLP,101,360,260,0.33429765701293945,0.837837815284729,0.4396686553955078,0.8333333134651184,True,100
Texas,RandomKFold,3,5,GCN,100,107,7,0.9854276776313782,0.6486486196517944,1.3295669555664062,0.4722222089767456,True,100
Texas,RandomKFold,3,5,GCN,101,108,8,0.9924378395080566,0.6486486196517944,1.4551972150802612,0.4444444477558136,True,100
Texas,RandomKFold,3,5,GAT,100,106,6,0.9607847929000854,0.6756756901741028,1.3859503269195557,0.5,True,100
Texas,RandomKFold,3,5,GAT,101,103,3,1.0378700494766235,0.5945945978164673,1.58748197555542,0.5,True,100
Texas,RandomKFold,3,5,SAGE,101,151,51,0.3705514073371887,0.9189189076423645,0.5670187473297119,0.8333333134651184,True,100
Texas,RandomKFold,3,5,SAGE,100,283,183,0.1651598960161209,0.9459459185600281,0.251018226146698,0.9444444179534912,True,100
Texas,RandomKFold,3,4,MixHop,101,398,298,0.22051547467708588,0.9444444179534912,0.3150290846824646,0.8888888955116272,True,100
Texas,RandomKFold,3,5,MixHop,100,162,62,0.1427329182624817,0.9459459185600281,0.46477970480918884,0.8333333134651184,True,100
Texas,RandomKFold,3,5,GPRGNN,100,156,56,0.3822788894176483,0.8648648858070374,0.5343225598335266,0.8055555820465088,True,100
Texas,RandomKFold,3,4,MixHop,100,516,416,0.157596617937088,0.9166666865348816,0.21430686116218567,0.9166666865348816,True,100
Texas,RandomKFold,3,5,GPRGNN,101,178,78,0.41306936740875244,0.8648648858070374,0.5112512707710266,0.8055555820465088,True,100
Texas,RandomKFold,3,5,H2GCN,100,513,413,0.3277854919433594,0.8648648858070374,0.5759203433990479,0.7777777910232544,True,100
Texas,RandomKFold,3,5,H2GCN,101,603,503,0.32289838790893555,0.8648648858070374,0.5592483878135681,0.7777777910232544,True,100
Texas,RandomKFold,3,5,MixHop,101,318,218,0.061745572835206985,1.0,0.46009981632232666,0.8333333134651184,True,100
Texas,LabelStratifiedKFold,3,1,GCN,100,103,3,1.3270263671875,0.5945945978164673,1.1967434883117676,0.5945945978164673,True,100
Texas,LabelStratifiedKFold,3,1,GCN,101,103,3,1.3821943998336792,0.5675675868988037,1.2442960739135742,0.6486486196517944,True,100
Texas,LabelStratifiedKFold,3,1,MLP,101,383,283,0.3099226951599121,0.9459459185600281,0.7277625799179077,0.7837837934494019,True,100
Texas,LabelStratifiedKFold,3,1,MLP,100,509,409,0.2842974066734314,0.9189189076423645,0.6993746161460876,0.7567567825317383,True,100
Texas,LabelStratifiedKFold,3,1,GAT,101,106,6,1.2660671472549438,0.5135135054588318,1.0290411710739136,0.6216216087341309,True,100
Texas,LabelStratifiedKFold,3,1,GAT,100,115,15,1.196003794670105,0.5675675868988037,1.0822479724884033,0.5945945978164673,True,100
Texas,LabelStratifiedKFold,3,1,SAGE,100,104,4,0.6869561076164246,0.7297297120094299,0.44134053587913513,0.8108108043670654,True,100
Texas,LabelStratifiedKFold,3,1,SAGE,101,111,11,0.7700757384300232,0.7297297120094299,0.35726404190063477,0.8918918967247009,True,100
Texas,LabelStratifiedKFold,3,1,GPRGNN,100,177,77,1.2184802293777466,0.6216216087341309,0.7055032849311829,0.7027027010917664,True,100
Texas,LabelStratifiedKFold,3,1,GPRGNN,101,175,75,1.2587491273880005,0.6486486196517944,0.6248858571052551,0.8108108043670654,True,100
Texas,LabelStratifiedKFold,3,1,MixHop,101,106,6,1.0350830554962158,0.6756756901741028,0.7745304107666016,0.7027027010917664,True,100
Texas,LabelStratifiedKFold,3,1,H2GCN,100,329,229,0.5647149682044983,0.8108108043670654,0.4123970866203308,0.8918918967247009,True,100
Texas,LabelStratifiedKFold,3,2,MLP,100,283,183,0.4221564829349518,0.9459459185600281,0.49292269349098206,0.837837815284729,True,100
Texas,LabelStratifiedKFold,3,2,MLP,101,384,284,0.462633341550827,0.837837815284729,0.5275418162345886,0.7837837934494019,True,100
Texas,LabelStratifiedKFold,3,1,H2GCN,101,520,420,0.5507627725601196,0.8108108043670654,0.3956634998321533,0.8918918967247009,True,100
Texas,LabelStratifiedKFold,3,2,GCN,100,112,12,1.1819648742675781,0.6486486196517944,1.7296890020370483,0.4864864945411682,True,100
Texas,LabelStratifiedKFold,3,2,GCN,101,111,11,1.172987461090088,0.6216216087341309,1.6292462348937988,0.5405405163764954,True,100
Texas,LabelStratifiedKFold,3,2,GAT,101,118,18,1.1299387216567993,0.5945945978164673,1.2865197658538818,0.5675675868988037,True,100
Texas,LabelStratifiedKFold,3,2,GAT,100,156,56,1.063222885131836,0.6486486196517944,1.3492344617843628,0.4864864945411682,True,100
Texas,LabelStratifiedKFold,3,2,SAGE,100,247,147,0.31165939569473267,0.9729729890823364,0.5948559045791626,0.7567567825317383,True,100
Texas,LabelStratifiedKFold,3,1,MixHop,100,262,162,0.5821611285209656,0.8108108043670654,0.4885195791721344,0.837837815284729,True,100
Texas,LabelStratifiedKFold,3,2,GPRGNN,100,188,88,0.7712904214859009,0.8108108043670654,1.1967796087265015,0.7297297120094299,True,100
Texas,LabelStratifiedKFold,3,2,SAGE,101,392,292,0.2898365557193756,0.9459459185600281,0.8338803648948669,0.8108108043670654,True,100
Texas,LabelStratifiedKFold,3,2,MixHop,100,160,60,0.3702520728111267,0.9459459185600281,0.8790968060493469,0.8108108043670654,True,100
Texas,LabelStratifiedKFold,3,2,GPRGNN,101,176,76,0.7818493247032166,0.8108108043670654,1.2560758590698242,0.7567567825317383,True,100
Texas,LabelStratifiedKFold,3,3,MLP,100,551,451,0.284013032913208,0.9166666865348816,0.46853265166282654,0.8648648858070374,True,100
Texas,LabelStratifiedKFold,3,2,H2GCN,100,376,276,0.37721189856529236,0.9189189076423645,0.659664511680603,0.8108108043670654,True,100
Texas,LabelStratifiedKFold,3,3,MLP,101,247,147,0.50150465965271,0.75,0.5074788331985474,0.8108108043670654,True,100
Texas,LabelStratifiedKFold,3,3,GCN,100,104,4,1.183416724205017,0.5,1.2482656240463257,0.5405405163764954,True,100
Texas,LabelStratifiedKFold,3,3,GCN,101,105,5,1.1966956853866577,0.5,1.2356690168380737,0.5405405163764954,True,100
Texas,LabelStratifiedKFold,3,2,H2GCN,101,452,352,0.3817726969718933,0.8918918967247009,0.6903070211410522,0.7837837934494019,True,100
Texas,LabelStratifiedKFold,3,3,GAT,100,109,9,1.0845470428466797,0.5555555820465088,1.094153642654419,0.6216216087341309,True,100
Texas,LabelStratifiedKFold,3,3,GAT,101,117,17,1.1825839281082153,0.5277777910232544,1.1356408596038818,0.5675675868988037,True,100
Texas,LabelStratifiedKFold,3,3,SAGE,100,104,4,0.8200618624687195,0.8333333134651184,0.7374296188354492,0.8108108043670654,True,100
Texas,LabelStratifiedKFold,3,3,SAGE,101,105,5,0.6554174423217773,0.75,0.6656948924064636,0.7567567825317383,True,100
Texas,LabelStratifiedKFold,3,3,GPRGNN,100,185,85,0.4034007787704468,0.8055555820465088,0.6184914708137512,0.8918918967247009,True,100
Texas,LabelStratifiedKFold,3,3,GPRGNN,101,189,89,0.3615759611129761,0.8333333134651184,0.6944808959960938,0.837837815284729,True,100
Texas,LabelStratifiedKFold,3,2,MixHop,101,382,282,0.2669093608856201,0.9189189076423645,1.0618213415145874,0.837837815284729,True,100
Texas,LabelStratifiedKFold,3,3,H2GCN,100,837,737,0.4747920632362366,0.8333333134651184,0.4122353792190552,0.9189189076423645,True,100
Texas,LabelStratifiedKFold,3,4,MLP,100,225,125,0.3491164445877075,0.9166666865348816,0.40172865986824036,0.8611111044883728,True,100
Texas,LabelStratifiedKFold,3,3,MixHop,100,251,151,0.17426234483718872,0.9444444179534912,0.8603171706199646,0.8648648858070374,True,100
Texas,LabelStratifiedKFold,3,4,MLP,101,269,169,0.3408069610595703,0.8611111044883728,0.4965144395828247,0.8055555820465088,True,100
Texas,LabelStratifiedKFold,3,4,GCN,100,104,4,1.1570868492126465,0.5277777910232544,1.089449167251587,0.5277777910232544,True,100
Texas,LabelStratifiedKFold,3,4,GCN,101,105,5,1.2057936191558838,0.4444444477558136,1.1141350269317627,0.5833333134651184,True,100
Texas,LabelStratifiedKFold,3,3,H2GCN,101,544,444,0.48019832372665405,0.8611111044883728,0.41336870193481445,0.9189189076423645,True,100
Texas,LabelStratifiedKFold,3,4,GAT,100,115,15,1.2322932481765747,0.5277777910232544,1.110886812210083,0.5277777910232544,True,100
Texas,LabelStratifiedKFold,3,4,GAT,101,107,7,1.0670047998428345,0.6111111044883728,1.1400278806686401,0.5833333134651184,True,100
Texas,LabelStratifiedKFold,3,3,MixHop,101,366,266,0.04374054819345474,1.0,0.5292590856552124,0.9189189076423645,True,100
Texas,LabelStratifiedKFold,3,4,SAGE,100,320,220,0.2855321764945984,0.9166666865348816,1.0414868593215942,0.8888888955116272,True,100
Texas,LabelStratifiedKFold,3,4,GPRGNN,100,157,57,0.5829442739486694,0.7777777910232544,0.45583146810531616,0.8611111044883728,True,100
Texas,LabelStratifiedKFold,3,4,SAGE,101,399,299,0.38252463936805725,0.8333333134651184,2.109997034072876,0.8333333134651184,True,100
Texas,LabelStratifiedKFold,3,4,GPRGNN,101,166,66,0.5690364837646484,0.8055555820465088,0.42821812629699707,0.8333333134651184,True,100
Texas,LabelStratifiedKFold,3,4,H2GCN,100,236,136,0.4747377038002014,0.8611111044883728,0.5532432794570923,0.8333333134651184,True,100
Texas,LabelStratifiedKFold,3,5,MLP,100,299,199,0.6769441962242126,0.7837837934494019,0.4247554838657379,0.8888888955116272,True,100
Texas,LabelStratifiedKFold,3,4,H2GCN,101,305,205,0.4692081809043884,0.8888888955116272,0.4799787104129791,0.8333333134651184,True,100
Texas,LabelStratifiedKFold,3,5,GCN,100,107,7,1.0952327251434326,0.5405405163764954,1.2569231986999512,0.5277777910232544,True,100
Texas,LabelStratifiedKFold,3,5,MLP,101,488,388,0.6496070623397827,0.7837837934494019,0.447232186794281,0.8611111044883728,True,100
Texas,LabelStratifiedKFold,3,5,GCN,101,105,5,1.1797252893447876,0.5135135054588318,1.3352845907211304,0.4444444477558136,True,100
Texas,LabelStratifiedKFold,3,5,GAT,100,132,32,1.0463533401489258,0.6216216087341309,1.276648998260498,0.4722222089767456,True,100
Texas,LabelStratifiedKFold,3,4,MixHop,100,276,176,0.5631191730499268,0.8055555820465088,0.30226823687553406,0.9166666865348816,True,100
Texas,LabelStratifiedKFold,3,5,GAT,101,107,7,1.1535770893096924,0.5405405163764954,1.1956497430801392,0.5555555820465088,True,100
Texas,LabelStratifiedKFold,3,5,SAGE,100,232,132,0.13088706135749817,0.9459459185600281,0.4675072431564331,0.8611111044883728,True,100
Texas,LabelStratifiedKFold,3,5,SAGE,101,320,220,0.17048047482967377,0.9459459185600281,0.7298424243927002,0.8055555820465088,True,100
Texas,LabelStratifiedKFold,3,4,MixHop,101,345,245,0.511771559715271,0.7777777910232544,0.07692912220954895,0.9722222089767456,True,100
Texas,LabelStratifiedKFold,3,5,GPRGNN,100,177,77,0.40112489461898804,0.8648648858070374,0.47225236892700195,0.8055555820465088,True,100
Texas,LabelStratifiedKFold,3,5,GPRGNN,101,176,76,0.3627704679965973,0.8108108043670654,0.5418294668197632,0.8055555820465088,True,100
Texas,LabelStratifiedKFold,3,5,H2GCN,100,305,205,0.4746881425380707,0.837837815284729,0.5186372399330139,0.8333333134651184,True,100
Texas,LabelStratifiedKFold,3,5,MixHop,100,236,136,0.1626167595386505,0.9459459185600281,0.5941618084907532,0.7777777910232544,True,100
Texas,LabelStratifiedKFold,3,5,H2GCN,101,392,292,0.4503854811191559,0.8648648858070374,0.49427711963653564,0.8611111044883728,True,100
Texas,LabelStratifiedKFold,3,5,MixHop,101,372,272,0.10947120189666748,0.9729729890823364,0.8692384362220764,0.7777777910232544,True,100
Texas,Sklearn_NeighHet_b50,3,1,MLP,101,138,38,0.6563248038291931,0.7027027010917664,0.3736180067062378,0.9459459185600281,True,100
Texas,Sklearn_NeighHet_b50,3,1,MLP,100,150,50,0.6133577227592468,0.7567567825317383,0.2741197645664215,0.9189189076423645,True,100
Texas,Sklearn_NeighHet_b50,3,1,GCN,100,106,6,1.2962868213653564,0.4864864945411682,1.0446957349777222,0.6486486196517944,True,100
Texas,Sklearn_NeighHet_b50,3,1,GCN,101,106,6,1.30479097366333,0.5135135054588318,1.0673996210098267,0.6486486196517944,True,100
Texas,Sklearn_NeighHet_b50,3,1,GAT,101,113,13,1.3687633275985718,0.4864864945411682,1.132161021232605,0.5675675868988037,True,100
Texas,Sklearn_NeighHet_b50,3,1,GAT,100,132,32,1.3941417932510376,0.45945945382118225,1.0173121690750122,0.5135135054588318,True,100
Texas,Sklearn_NeighHet_b50,3,1,SAGE,100,104,4,0.7272739410400391,0.7027027010917664,0.539871096611023,0.8108108043670654,True,100
Texas,Sklearn_NeighHet_b50,3,1,SAGE,101,109,9,0.727606475353241,0.6486486196517944,0.3958836495876312,0.8918918967247009,True,100
Texas,Sklearn_NeighHet_b50,3,1,GPRGNN,100,155,55,0.9205294251441956,0.7027027010917664,0.3256892263889313,0.8918918967247009,True,100
Texas,Sklearn_NeighHet_b50,3,1,GPRGNN,101,146,46,0.8745756149291992,0.7567567825317383,0.34446534514427185,0.9189189076423645,True,100
Texas,Sklearn_NeighHet_b50,3,1,H2GCN,100,205,105,0.7238820195198059,0.6756756901741028,0.32186341285705566,0.9459459185600281,True,100
Texas,Sklearn_NeighHet_b50,3,1,H2GCN,101,208,108,0.7165854573249817,0.7297297120094299,0.32513561844825745,0.9459459185600281,True,100
Texas,Sklearn_NeighHet_b50,3,2,MLP,101,390,290,0.44853803515434265,0.837837815284729,0.6657285094261169,0.8108108043670654,True,100
Texas,Sklearn_NeighHet_b50,3,2,MLP,100,426,326,0.4587457478046417,0.837837815284729,0.6420495510101318,0.837837815284729,True,100
Texas,Sklearn_NeighHet_b50,3,2,GCN,100,105,5,1.5061839818954468,0.45945945382118225,1.3890589475631714,0.4864864945411682,True,100
Texas,Sklearn_NeighHet_b50,3,2,GCN,101,105,5,1.4945240020751953,0.5135135054588318,1.4651648998260498,0.5135135054588318,True,100
Texas,Sklearn_NeighHet_b50,3,2,GAT,101,111,11,1.460494875907898,0.4324324429035187,1.3036389350891113,0.5135135054588318,True,100
Texas,Sklearn_NeighHet_b50,3,2,GAT,100,126,26,1.3082342147827148,0.4324324429035187,1.2548779249191284,0.5675675868988037,True,100
Texas,Sklearn_NeighHet_b50,3,2,SAGE,100,104,4,0.828423261642456,0.6756756901741028,0.8204925656318665,0.6756756901741028,True,100
Texas,Sklearn_NeighHet_b50,3,1,MixHop,100,220,120,0.37053874135017395,0.8648648858070374,0.30852648615837097,0.9459459185600281,True,100
Texas,Sklearn_NeighHet_b50,3,2,SAGE,101,231,131,0.8267210125923157,0.7837837934494019,0.9343374371528625,0.7027027010917664,True,100
Texas,Sklearn_NeighHet_b50,3,1,MixHop,101,242,142,0.76788729429245,0.7837837934494019,0.2702466547489166,0.9189189076423645,True,100
Texas,Sklearn_NeighHet_b50,3,2,GPRGNN,100,167,67,1.0412403345108032,0.837837815284729,0.9853554964065552,0.6216216087341309,True,100
Texas,Sklearn_NeighHet_b50,3,2,GPRGNN,101,166,66,0.9486547708511353,0.7837837934494019,0.8517736196517944,0.6486486196517944,True,100
Texas,Sklearn_NeighHet_b50,3,2,H2GCN,100,446,346,0.7665613293647766,0.7837837934494019,0.7973466515541077,0.6486486196517944,True,100
Texas,Sklearn_NeighHet_b50,3,3,MLP,100,304,204,0.43208444118499756,0.8055555820465088,0.6658695340156555,0.837837815284729,True,100
Texas,Sklearn_NeighHet_b50,3,2,H2GCN,101,599,499,0.7408952713012695,0.7837837934494019,0.7646688222885132,0.6486486196517944,True,100
Texas,Sklearn_NeighHet_b50,3,3,MLP,101,311,211,0.500188410282135,0.8055555820465088,0.5826281309127808,0.8108108043670654,True,100
Texas,Sklearn_NeighHet_b50,3,3,GCN,100,103,3,1.202970266342163,0.6944444179534912,1.5123491287231445,0.45945945382118225,True,100
Texas,Sklearn_NeighHet_b50,3,3,GCN,101,105,5,1.2432643175125122,0.5833333134651184,1.4075558185577393,0.5135135054588318,True,100
Texas,Sklearn_NeighHet_b50,3,3,GAT,100,118,18,1.0097296237945557,0.6666666865348816,1.526363730430603,0.4324324429035187,True,100
Texas,Sklearn_NeighHet_b50,3,3,GAT,101,125,25,1.086577296257019,0.5833333134651184,1.5135709047317505,0.4054054021835327,True,100
Texas,Sklearn_NeighHet_b50,3,3,SAGE,100,116,16,0.4311169385910034,0.8055555820465088,0.8622907400131226,0.7297297120094299,True,100
Texas,Sklearn_NeighHet_b50,3,2,MixHop,100,269,169,0.7107027173042297,0.8648648858070374,0.7408740520477295,0.7567567825317383,True,100
Texas,Sklearn_NeighHet_b50,3,3,SAGE,101,257,157,0.3670499920845032,0.8333333134651184,0.681008517742157,0.837837815284729,True,100
Texas,Sklearn_NeighHet_b50,3,3,GPRGNN,100,190,90,0.5548931360244751,0.7777777910232544,1.383005142211914,0.6756756901741028,True,100
Texas,Sklearn_NeighHet_b50,3,2,MixHop,101,370,270,0.6511733531951904,0.837837815284729,0.5449914932250977,0.837837815284729,True,100
Texas,Sklearn_NeighHet_b50,3,3,GPRGNN,101,241,141,0.4101580083370209,0.8333333134651184,1.6517192125320435,0.7567567825317383,True,100
Texas,Sklearn_NeighHet_b50,3,3,H2GCN,100,146,46,0.651822566986084,0.75,1.0560390949249268,0.6216216087341309,True,100
Texas,Sklearn_NeighHet_b50,3,4,MLP,100,445,345,0.13484996557235718,1.0,0.5648062229156494,0.8333333134651184,True,100
Texas,Sklearn_NeighHet_b50,3,3,H2GCN,101,327,227,0.5826256275177002,0.8333333134651184,0.6601789593696594,0.8108108043670654,True,100
Texas,Sklearn_NeighHet_b50,3,4,MLP,101,388,288,0.1518227458000183,0.9722222089767456,0.489338755607605,0.8055555820465088,True,100
Texas,Sklearn_NeighHet_b50,3,4,GCN,100,108,8,0.9859898686408997,0.6388888955116272,1.3387300968170166,0.5833333134651184,True,100
Texas,Sklearn_NeighHet_b50,3,4,GCN,101,108,8,0.949254035949707,0.6388888955116272,1.3767327070236206,0.5555555820465088,True,100
Texas,Sklearn_NeighHet_b50,3,4,GAT,100,116,16,0.8172890543937683,0.6388888955116272,1.0461235046386719,0.5277777910232544,True,100
Texas,Sklearn_NeighHet_b50,3,4,GAT,101,120,20,1.0004903078079224,0.6388888955116272,1.0952333211898804,0.5555555820465088,True,100
Texas,Sklearn_NeighHet_b50,3,3,MixHop,100,261,161,0.35055437684059143,0.8611111044883728,0.6686057448387146,0.8918918967247009,True,100
Texas,Sklearn_NeighHet_b50,3,4,SAGE,100,103,3,0.7106269598007202,0.8611111044883728,0.662937581539154,0.8055555820465088,True,100
Texas,Sklearn_NeighHet_b50,3,4,SAGE,101,105,5,0.5865986347198486,0.8055555820465088,0.6100502610206604,0.75,True,100
Texas,Sklearn_NeighHet_b50,3,3,MixHop,101,322,222,0.46386924386024475,0.8888888955116272,0.7367165088653564,0.8108108043670654,True,100
Texas,Sklearn_NeighHet_b50,3,4,GPRGNN,100,183,83,0.2815300226211548,0.8888888955116272,0.49855101108551025,0.8333333134651184,True,100
Texas,Sklearn_NeighHet_b50,3,4,GPRGNN,101,160,60,0.4082697629928589,0.8611111044883728,0.4734158515930176,0.8055555820465088,True,100
Texas,Sklearn_NeighHet_b50,3,4,H2GCN,101,383,283,0.16796450316905975,0.9722222089767456,0.6276059150695801,0.8055555820465088,True,100
Texas,Sklearn_NeighHet_b50,3,5,MLP,100,253,153,0.25640326738357544,0.8918918967247009,0.2253333181142807,0.9444444179534912,True,100
Texas,Sklearn_NeighHet_b50,3,5,MLP,101,116,16,0.3732178509235382,0.9459459185600281,0.3023703098297119,0.9722222089767456,True,100
Texas,Sklearn_NeighHet_b50,3,4,H2GCN,100,809,709,0.16017954051494598,0.9722222089767456,0.5929884314537048,0.8055555820465088,True,100
Texas,Sklearn_NeighHet_b50,3,5,GCN,100,107,7,1.0747119188308716,0.6216216087341309,1.0845715999603271,0.6388888955116272,True,100
Texas,Sklearn_NeighHet_b50,3,5,GCN,101,108,8,1.0980817079544067,0.5945945978164673,1.0647555589675903,0.5555555820465088,True,100
Texas,Sklearn_NeighHet_b50,3,5,GAT,100,123,23,0.9481168985366821,0.6216216087341309,1.0626088380813599,0.5833333134651184,True,100
Texas,Sklearn_NeighHet_b50,3,5,GAT,101,122,22,0.9717996716499329,0.5945945978164673,1.0756399631500244,0.6388888955116272,True,100
Texas,Sklearn_NeighHet_b50,3,4,MixHop,100,244,144,0.04651549831032753,1.0,0.5246597528457642,0.8888888955116272,True,100
Texas,Sklearn_NeighHet_b50,3,5,SAGE,100,114,14,0.40746673941612244,0.8648648858070374,1.0271778106689453,0.8888888955116272,True,100
Texas,Sklearn_NeighHet_b50,3,5,SAGE,101,109,9,0.3388976752758026,0.8918918967247009,0.8390597105026245,0.8888888955116272,True,100
Texas,Sklearn_NeighHet_b50,3,5,GPRGNN,100,179,79,0.5304504036903381,0.8648648858070374,0.43148523569107056,0.8333333134651184,True,100
Texas,Sklearn_NeighHet_b50,3,4,MixHop,101,316,216,0.06396181881427765,0.9722222089767456,0.7347803115844727,0.9444444179534912,True,100
Texas,Sklearn_NeighHet_b50,3,5,GPRGNN,101,176,76,0.4929240047931671,0.8648648858070374,0.5505110025405884,0.7777777910232544,True,100
Texas,Sklearn_NeighHet_b50,3,5,H2GCN,101,536,436,0.19711752235889435,0.9729729890823364,0.23345348238945007,0.9444444179534912,True,100
Texas,Sklearn_NeighHet_b50,3,5,H2GCN,100,936,836,0.192312553524971,0.9729729890823364,0.2323976308107376,0.9444444179534912,True,100
Texas,Sklearn_NeighHet_b50,3,5,MixHop,100,258,158,0.1828508824110031,0.9459459185600281,0.4350934326648712,0.8611111044883728,True,100
Texas,Sklearn_NeighHet_b50,3,5,MixHop,101,293,193,0.21526703238487244,0.9459459185600281,0.47376748919487,0.8888888955116272,True,100
Texas,RandomKFold,4,1,MLP,101,119,19,0.5561701059341431,0.837837815284729,0.6585386991500854,0.7027027010917664,True,100
Texas,RandomKFold,4,1,MLP,100,142,42,0.5857407450675964,0.8648648858070374,0.9092673063278198,0.6756756901741028,True,100
Texas,RandomKFold,4,1,GCN,100,105,5,1.2703897953033447,0.5945945978164673,1.076088547706604,0.5945945978164673,True,100
Texas,RandomKFold,4,1,GCN,101,106,6,1.3183414936065674,0.5135135054588318,1.1297178268432617,0.6486486196517944,True,100
Texas,RandomKFold,4,1,GAT,100,109,9,1.234187364578247,0.5675675868988037,0.9889137744903564,0.5945945978164673,True,100
Texas,RandomKFold,4,1,GAT,101,108,8,1.1880635023117065,0.5675675868988037,1.04386568069458,0.5945945978164673,True,100
Texas,RandomKFold,4,1,SAGE,101,109,9,0.40508177876472473,0.8108108043670654,0.6072893738746643,0.7837837934494019,True,100
Texas,RandomKFold,4,1,SAGE,100,117,17,0.26848793029785156,0.9189189076423645,0.5037121772766113,0.8918918967247009,True,100
Texas,RandomKFold,4,1,GPRGNN,100,176,76,1.1381771564483643,0.7297297120094299,0.7909324169158936,0.7297297120094299,True,100
Texas,RandomKFold,4,1,GPRGNN,101,175,75,1.1051571369171143,0.7297297120094299,0.7130700349807739,0.7837837934494019,True,100
Texas,RandomKFold,4,1,H2GCN,101,469,369,0.4408818185329437,0.837837815284729,0.4418118894100189,0.837837815284729,True,100
Texas,RandomKFold,4,2,MLP,100,212,112,0.6364856958389282,0.837837815284729,0.45554450154304504,0.8648648858070374,True,100
Texas,RandomKFold,4,1,H2GCN,100,564,464,0.42811119556427,0.8648648858070374,0.4275585412979126,0.8108108043670654,True,100
Texas,RandomKFold,4,2,GCN,100,104,4,1.085182547569275,0.6216216087341309,1.3473706245422363,0.5405405163764954,True,100
Texas,RandomKFold,4,2,MLP,101,434,334,0.5844693779945374,0.8108108043670654,0.5118544101715088,0.7837837934494019,True,100
Texas,RandomKFold,4,2,GCN,101,104,4,1.1562992334365845,0.5405405163764954,1.4333031177520752,0.4864864945411682,True,100
Texas,RandomKFold,4,2,GAT,100,109,9,1.1584374904632568,0.5945945978164673,1.2062020301818848,0.4864864945411682,True,100
Texas,RandomKFold,4,2,GAT,101,115,15,1.0446666479110718,0.5945945978164673,1.3459852933883667,0.4864864945411682,True,100
Texas,RandomKFold,4,2,SAGE,100,103,3,0.7074493169784546,0.7297297120094299,0.7794848680496216,0.6756756901741028,True,100
Texas,RandomKFold,4,1,MixHop,100,250,150,0.4506608545780182,0.8648648858070374,0.5306320786476135,0.837837815284729,True,100
Texas,RandomKFold,4,2,SAGE,101,297,197,0.5381696820259094,0.8918918967247009,0.14207392930984497,0.9459459185600281,True,100
Texas,RandomKFold,4,1,MixHop,101,325,225,0.418262243270874,0.837837815284729,0.6398149728775024,0.8648648858070374,True,100
Texas,RandomKFold,4,2,GPRGNN,100,189,89,0.579813539981842,0.8648648858070374,1.1855418682098389,0.7027027010917664,True,100
Texas,RandomKFold,4,2,GPRGNN,101,192,92,0.6027082204818726,0.8648648858070374,1.2361867427825928,0.7567567825317383,True,100
Texas,RandomKFold,4,2,H2GCN,100,376,276,0.6890652179718018,0.7837837934494019,0.38792046904563904,0.9189189076423645,True,100
Texas,RandomKFold,4,2,H2GCN,101,327,227,0.6672587394714355,0.7837837934494019,0.4175148904323578,0.9189189076423645,True,100
Texas,RandomKFold,4,3,MLP,100,341,241,0.2393450140953064,0.9444444179534912,0.7145541310310364,0.7837837934494019,True,100
Texas,RandomKFold,4,3,MLP,101,274,174,0.27753281593322754,0.9444444179534912,0.7306981086730957,0.8108108043670654,True,100
Texas,RandomKFold,4,3,GCN,100,103,3,1.3440306186676025,0.4444444477558136,1.195520281791687,0.6486486196517944,True,100
Texas,RandomKFold,4,3,GCN,101,103,3,1.383371353149414,0.4166666567325592,1.1531908512115479,0.6486486196517944,True,100
Texas,RandomKFold,4,2,MixHop,101,199,99,0.5216659307479858,0.8648648858070374,0.6607674360275269,0.8108108043670654,True,100
Texas,RandomKFold,4,3,GAT,100,107,7,1.377397060394287,0.4166666567325592,1.1825475692749023,0.6486486196517944,True,100
Texas,RandomKFold,4,3,GAT,101,104,4,1.2889738082885742,0.4166666567325592,1.2303533554077148,0.6486486196517944,True,100
Texas,RandomKFold,4,2,MixHop,100,261,161,0.4937770366668701,0.8108108043670654,0.2736297845840454,0.8918918967247009,True,100
Texas,RandomKFold,4,3,SAGE,101,105,5,0.6996328830718994,0.6944444179534912,0.7231194376945496,0.7837837934494019,True,100
Texas,RandomKFold,4,3,GPRGNN,100,201,101,0.9177559614181519,0.6666666865348816,0.61027991771698,0.837837815284729,True,100
Texas,RandomKFold,4,3,SAGE,100,323,223,0.6839593648910522,0.8333333134651184,0.6244462728500366,0.837837815284729,True,100
Texas,RandomKFold,4,3,GPRGNN,101,174,74,0.9104956388473511,0.7777777910232544,0.6626806855201721,0.8648648858070374,True,100
Texas,RandomKFold,4,3,H2GCN,100,544,444,0.45774638652801514,0.8888888955116272,0.6825771927833557,0.7567567825317383,True,100
Texas,RandomKFold,4,4,MLP,100,124,24,0.8318030834197998,0.6944444179534912,0.4806307554244995,0.8333333134651184,True,100
Texas,RandomKFold,4,4,MLP,101,128,28,0.9187240600585938,0.6666666865348816,0.4833340048789978,0.8333333134651184,True,100
Texas,RandomKFold,4,3,H2GCN,101,658,558,0.4447459578514099,0.9166666865348816,0.6444978713989258,0.7567567825317383,True,100
Texas,RandomKFold,4,3,MixHop,101,195,95,0.6512549519538879,0.8888888955116272,0.5108931064605713,0.8648648858070374,True,100
Texas,RandomKFold,4,4,GCN,101,105,5,1.0580774545669556,0.6111111044883728,1.619307279586792,0.4166666567325592,True,100
Texas,RandomKFold,4,4,GCN,100,112,12,1.1383204460144043,0.6388888955116272,2.3159737586975098,0.4166666567325592,True,100
Texas,RandomKFold,4,4,GAT,100,117,17,0.9474455714225769,0.6111111044883728,1.5948286056518555,0.4166666567325592,True,100
Texas,RandomKFold,4,3,MixHop,100,247,147,0.5555813908576965,0.8888888955116272,0.5894597768783569,0.8648648858070374,True,100
Texas,RandomKFold,4,4,GAT,101,171,71,1.1070399284362793,0.5555555820465088,2.2851040363311768,0.3888888955116272,True,100
Texas,RandomKFold,4,4,SAGE,100,107,7,0.5960777401924133,0.8333333134651184,0.8852474689483643,0.6944444179534912,True,100
Texas,RandomKFold,4,4,SAGE,101,106,6,0.6141822338104248,0.7222222089767456,0.6244092583656311,0.7222222089767456,True,100
Texas,RandomKFold,4,4,GPRGNN,100,216,116,0.5012006163597107,0.8055555820465088,0.9113509654998779,0.8333333134651184,True,100
Texas,RandomKFold,4,4,GPRGNN,101,241,141,0.4874592423439026,0.8611111044883728,0.8091119527816772,0.7222222089767456,True,100
Texas,RandomKFold,4,4,H2GCN,100,365,265,0.6104617118835449,0.8333333134651184,0.5764207243919373,0.8888888955116272,True,100
Texas,RandomKFold,4,4,H2GCN,101,312,212,0.5644538402557373,0.8333333134651184,0.600479006767273,0.9444444179534912,True,100
Texas,RandomKFold,4,5,MLP,100,309,209,0.38850027322769165,0.8648648858070374,0.514960527420044,0.8055555820465088,True,100
Texas,RandomKFold,4,5,MLP,101,265,165,0.4729365408420563,0.837837815284729,0.478760302066803,0.8055555820465088,True,100
Texas,RandomKFold,4,5,GCN,100,110,10,1.1424646377563477,0.5675675868988037,1.0227041244506836,0.6111111044883728,True,100
Texas,RandomKFold,4,5,GCN,101,109,9,1.1811800003051758,0.5675675868988037,1.0234514474868774,0.6388888955116272,True,100
Texas,RandomKFold,4,5,GAT,100,119,19,0.9056954383850098,0.6216216087341309,1.0290608406066895,0.5555555820465088,True,100
Texas,RandomKFold,4,5,GAT,101,103,3,1.0205235481262207,0.5945945978164673,1.2647582292556763,0.6111111044883728,True,100
Texas,RandomKFold,4,5,SAGE,100,113,13,0.41696983575820923,0.837837815284729,0.7277359366416931,0.7777777910232544,True,100
Texas,RandomKFold,4,4,MixHop,100,237,137,0.09686510264873505,0.9444444179534912,0.7092761397361755,0.8333333134651184,True,100
Texas,RandomKFold,4,5,SAGE,101,213,113,0.43897634744644165,0.8918918967247009,0.8144662380218506,0.8333333134651184,True,100
Texas,RandomKFold,4,4,MixHop,101,291,191,0.17244921624660492,0.9444444179534912,0.8790401220321655,0.8888888955116272,True,100
Texas,RandomKFold,4,5,GPRGNN,101,208,108,0.3298097550868988,0.8648648858070374,0.4994169771671295,0.8333333134651184,True,100
Texas,RandomKFold,4,5,GPRGNN,100,494,394,0.35554036498069763,0.8108108043670654,1.3418464660644531,0.8055555820465088,True,100
Texas,RandomKFold,4,5,H2GCN,100,445,345,0.4020056128501892,0.837837815284729,0.6382359266281128,0.8611111044883728,True,100
Texas,RandomKFold,4,5,H2GCN,101,410,310,0.4134357273578644,0.8108108043670654,0.6198127269744873,0.8611111044883728,True,100
Texas,RandomKFold,4,5,MixHop,100,216,116,0.29294082522392273,0.9189189076423645,0.23976808786392212,0.8611111044883728,True,100
Texas,RandomKFold,4,5,MixHop,101,204,104,0.46831753849983215,0.9189189076423645,0.3265569806098938,0.8611111044883728,True,100
Texas,LabelStratifiedKFold,4,1,MLP,100,250,150,0.4398975372314453,0.8918918967247009,0.45730745792388916,0.7837837934494019,True,100
Texas,LabelStratifiedKFold,4,1,GCN,101,106,6,1.1879603862762451,0.4864864945411682,1.1762301921844482,0.5945945978164673,True,100
Texas,LabelStratifiedKFold,4,1,GCN,100,107,7,1.2000916004180908,0.5135135054588318,1.177110195159912,0.5945945978164673,True,100
Texas,LabelStratifiedKFold,4,1,MLP,101,389,289,0.4596536457538605,0.8918918967247009,0.49011126160621643,0.837837815284729,True,100
Texas,LabelStratifiedKFold,4,1,GAT,100,105,5,1.1404613256454468,0.5945945978164673,1.1383335590362549,0.6486486196517944,True,100
Texas,LabelStratifiedKFold,4,1,GAT,101,107,7,1.2771611213684082,0.45945945382118225,1.1147068738937378,0.5675675868988037,True,100
Texas,LabelStratifiedKFold,4,1,SAGE,100,104,4,0.9759815335273743,0.6486486196517944,0.5806471705436707,0.7567567825317383,True,100
Texas,LabelStratifiedKFold,4,1,SAGE,101,105,5,0.8251617550849915,0.7027027010917664,0.6287801861763,0.7027027010917664,True,100
Texas,LabelStratifiedKFold,4,1,GPRGNN,101,191,91,0.46275442838668823,0.7837837934494019,0.6173707842826843,0.8108108043670654,True,100
Texas,LabelStratifiedKFold,4,1,GPRGNN,100,279,179,0.48753461241722107,0.7837837934494019,0.7349086403846741,0.8108108043670654,True,100
Texas,LabelStratifiedKFold,4,1,H2GCN,100,408,308,0.49359774589538574,0.837837815284729,0.46182703971862793,0.837837815284729,True,100
Texas,LabelStratifiedKFold,4,2,MLP,100,186,86,0.65995854139328,0.7837837934494019,0.6017171740531921,0.7837837934494019,True,100
Texas,LabelStratifiedKFold,4,1,H2GCN,101,421,321,0.48514148592948914,0.837837815284729,0.456989586353302,0.8108108043670654,True,100
Texas,LabelStratifiedKFold,4,2,MLP,101,270,170,0.6635509133338928,0.837837815284729,0.6431270837783813,0.837837815284729,True,100
Texas,LabelStratifiedKFold,4,2,GCN,100,104,4,1.2550747394561768,0.5135135054588318,1.1928445100784302,0.5405405163764954,True,100
Texas,LabelStratifiedKFold,4,2,GCN,101,105,5,1.302262544631958,0.5405405163764954,1.1873788833618164,0.5945945978164673,True,100
Texas,LabelStratifiedKFold,4,1,MixHop,100,165,65,0.24910682439804077,0.8918918967247009,0.4178762435913086,0.8918918967247009,True,100
Texas,LabelStratifiedKFold,4,2,GAT,100,110,10,1.2050566673278809,0.5405405163764954,1.0875781774520874,0.5675675868988037,True,100
Texas,LabelStratifiedKFold,4,1,MixHop,101,178,78,0.33156561851501465,0.8648648858070374,0.9985536336898804,0.7837837934494019,True,100
Texas,LabelStratifiedKFold,4,2,GAT,101,114,14,1.3115805387496948,0.45945945382118225,1.1238542795181274,0.5405405163764954,True,100
Texas,LabelStratifiedKFold,4,2,SAGE,100,103,3,0.7327786087989807,0.7297297120094299,0.9860183000564575,0.7027027010917664,True,100
Texas,LabelStratifiedKFold,4,2,SAGE,101,105,5,0.7337744235992432,0.7297297120094299,0.9151101112365723,0.7027027010917664,True,100
Texas,LabelStratifiedKFold,4,2,GPRGNN,100,134,34,0.8709436655044556,0.7567567825317383,0.8046132922172546,0.7027027010917664,True,100
Texas,LabelStratifiedKFold,4,2,GPRGNN,101,139,39,0.8680577874183655,0.7027027010917664,0.6700481176376343,0.7837837934494019,True,100
Texas,LabelStratifiedKFold,4,2,H2GCN,101,349,249,0.5290331840515137,0.837837815284729,0.4755774736404419,0.837837815284729,True,100
Texas,LabelStratifiedKFold,4,2,H2GCN,100,426,326,0.543465256690979,0.837837815284729,0.4940859377384186,0.837837815284729,True,100
Texas,LabelStratifiedKFold,4,3,MLP,100,284,184,0.41454455256462097,0.8333333134651184,0.7711904644966125,0.7837837934494019,True,100
Texas,LabelStratifiedKFold,4,3,MLP,101,270,170,0.48628631234169006,0.7777777910232544,0.6557367444038391,0.8108108043670654,True,100
Texas,LabelStratifiedKFold,4,3,GCN,100,103,3,1.1614279747009277,0.5833333134651184,1.3223923444747925,0.45945945382118225,True,100
Texas,LabelStratifiedKFold,4,3,GCN,101,102,2,1.1931904554367065,0.6111111044883728,1.37174391746521,0.5675675868988037,True,100
Texas,LabelStratifiedKFold,4,3,GAT,100,106,6,1.169136881828308,0.5555555820465088,1.306795597076416,0.5135135054588318,True,100
Texas,LabelStratifiedKFold,4,3,GAT,101,106,6,1.1460516452789307,0.6111111044883728,1.4043071269989014,0.45945945382118225,True,100
Texas,LabelStratifiedKFold,4,2,MixHop,101,208,108,0.6125532388687134,0.8918918967247009,0.42235663533210754,0.8108108043670654,True,100
Texas,LabelStratifiedKFold,4,2,MixHop,100,240,140,0.45721733570098877,0.8648648858070374,0.5195383429527283,0.8648648858070374,True,100
Texas,LabelStratifiedKFold,4,3,SAGE,101,174,74,0.34749528765678406,0.8333333134651184,0.7588456869125366,0.8648648858070374,True,100
Texas,LabelStratifiedKFold,4,3,GPRGNN,100,120,20,1.051450490951538,0.5277777910232544,1.3057340383529663,0.5405405163764954,True,100
Texas,LabelStratifiedKFold,4,3,SAGE,100,328,228,0.23449236154556274,0.9166666865348816,0.600792646408081,0.8648648858070374,True,100
Texas,LabelStratifiedKFold,4,3,GPRGNN,101,149,49,0.6368802189826965,0.75,1.0069040060043335,0.7567567825317383,True,100
Texas,LabelStratifiedKFold,4,3,H2GCN,100,588,488,0.5478584170341492,0.8611111044883728,0.6660601496696472,0.8108108043670654,True,100
Texas,LabelStratifiedKFold,4,4,MLP,100,294,194,0.4338819980621338,0.8333333134651184,0.4071321487426758,0.8611111044883728,True,100
Texas,LabelStratifiedKFold,4,3,H2GCN,101,687,587,0.5380589962005615,0.8611111044883728,0.6419413685798645,0.8108108043670654,True,100
Texas,LabelStratifiedKFold,4,4,MLP,101,117,17,0.5124939680099487,0.7777777910232544,0.5600545406341553,0.8055555820465088,True,100
Texas,LabelStratifiedKFold,4,4,GCN,100,103,3,1.2912832498550415,0.6111111044883728,1.1460710763931274,0.6111111044883728,True,100
Texas,LabelStratifiedKFold,4,4,GCN,101,104,4,1.2886182069778442,0.6111111044883728,1.1646183729171753,0.5555555820465088,True,100
Texas,LabelStratifiedKFold,4,4,GAT,101,120,20,1.0131471157073975,0.5555555820465088,1.263679027557373,0.5,True,100
Texas,LabelStratifiedKFold,4,4,GAT,100,118,18,1.0208367109298706,0.5833333134651184,1.1118168830871582,0.5833333134651184,True,100
Texas,LabelStratifiedKFold,4,3,MixHop,101,215,115,0.3819296061992645,0.8611111044883728,0.773135244846344,0.7837837934494019,True,100
Texas,LabelStratifiedKFold,4,4,SAGE,100,118,18,0.2089722901582718,0.8611111044883728,0.37098902463912964,0.8055555820465088,True,100
Texas,LabelStratifiedKFold,4,4,SAGE,101,147,47,0.256058931350708,0.8888888955116272,0.5185470581054688,0.8611111044883728,True,100
Texas,LabelStratifiedKFold,4,3,MixHop,100,327,227,0.2968510389328003,0.8888888955116272,0.6619340777397156,0.8648648858070374,True,100
Texas,LabelStratifiedKFold,4,4,GPRGNN,100,262,162,0.39094647765159607,0.8611111044883728,0.7868445515632629,0.7222222089767456,True,100
Texas,LabelStratifiedKFold,4,4,H2GCN,100,300,200,0.6628686189651489,0.8888888955116272,0.5889109969139099,0.8055555820465088,True,100
Texas,LabelStratifiedKFold,4,4,GPRGNN,101,454,354,0.35246649384498596,0.9166666865348816,2.0216128826141357,0.6388888955116272,True,100
Texas,LabelStratifiedKFold,4,5,MLP,100,378,278,0.47520384192466736,0.837837815284729,0.4116285741329193,0.8888888955116272,True,100
Texas,LabelStratifiedKFold,4,4,H2GCN,101,474,374,0.6413589715957642,0.8888888955116272,0.5541609525680542,0.8611111044883728,True,100
Texas,LabelStratifiedKFold,4,5,MLP,101,379,279,0.5195385813713074,0.7837837934494019,0.43851444125175476,0.8611111044883728,True,100
Texas,LabelStratifiedKFold,4,5,GCN,100,108,8,1.11771821975708,0.5405405163764954,1.4029440879821777,0.5833333134651184,True,100
Texas,LabelStratifiedKFold,4,5,GCN,101,105,5,1.1553211212158203,0.5945945978164673,1.2905497550964355,0.5833333134651184,True,100
Texas,LabelStratifiedKFold,4,5,GAT,100,113,13,1.0647647380828857,0.5945945978164673,1.0977240800857544,0.5277777910232544,True,100
Texas,LabelStratifiedKFold,4,5,GAT,101,107,7,1.137585163116455,0.5945945978164673,1.1000237464904785,0.5555555820465088,True,100
Texas,LabelStratifiedKFold,4,4,MixHop,100,261,161,0.3245643079280853,0.9444444179534912,0.5007830858230591,0.8611111044883728,True,100
Texas,LabelStratifiedKFold,4,4,MixHop,101,239,139,0.2487068921327591,0.9166666865348816,0.27591657638549805,0.8611111044883728,True,100
Texas,LabelStratifiedKFold,4,5,SAGE,100,119,19,0.5834172368049622,0.8648648858070374,0.2483612447977066,0.8611111044883728,True,100
Texas,LabelStratifiedKFold,4,5,SAGE,101,254,154,0.486190527677536,0.8648648858070374,0.2381303310394287,0.9166666865348816,True,100
Texas,LabelStratifiedKFold,4,5,GPRGNN,100,502,402,0.6194998025894165,0.837837815284729,0.7669360041618347,0.8333333134651184,True,100
Texas,LabelStratifiedKFold,4,5,GPRGNN,101,306,206,0.6663534045219421,0.8108108043670654,0.7615253925323486,0.8055555820465088,True,100
Texas,LabelStratifiedKFold,4,5,H2GCN,100,243,143,0.44873490929603577,0.8648648858070374,0.4574958384037018,0.8611111044883728,True,100
Texas,LabelStratifiedKFold,4,5,H2GCN,101,538,438,0.42473775148391724,0.8648648858070374,0.4182089567184448,0.8611111044883728,True,100
Texas,LabelStratifiedKFold,4,5,MixHop,100,355,255,0.10757821798324585,0.9459459185600281,0.7717693448066711,0.9444444179534912,True,100
Texas,LabelStratifiedKFold,4,5,MixHop,101,438,338,0.16426949203014374,0.8918918967247009,1.3556478023529053,0.9166666865348816,True,100
Texas,Sklearn_NeighHet_b50,4,1,GCN,101,104,4,1.2366610765457153,0.6216216087341309,1.1432584524154663,0.5945945978164673,True,100
Texas,Sklearn_NeighHet_b50,4,1,GCN,100,106,6,1.2010564804077148,0.6486486196517944,1.0880964994430542,0.5945945978164673,True,100
Texas,Sklearn_NeighHet_b50,4,1,MLP,101,411,311,0.39038869738578796,0.8648648858070374,0.5635070204734802,0.8108108043670654,True,100
Texas,Sklearn_NeighHet_b50,4,1,MLP,100,544,444,0.33315688371658325,0.9189189076423645,0.5876526832580566,0.8108108043670654,True,100
Texas,Sklearn_NeighHet_b50,4,1,GAT,100,104,4,1.0821152925491333,0.6486486196517944,1.0849560499191284,0.5945945978164673,True,100
Texas,Sklearn_NeighHet_b50,4,1,GAT,101,108,8,1.087622046470642,0.6756756901741028,1.126393437385559,0.5675675868988037,True,100
Texas,Sklearn_NeighHet_b50,4,1,SAGE,100,104,4,0.9143429398536682,0.7567567825317383,0.49011048674583435,0.7837837934494019,True,100
Texas,Sklearn_NeighHet_b50,4,1,SAGE,101,106,6,0.9362460970878601,0.7837837934494019,0.4875339865684509,0.8108108043670654,True,100
Texas,Sklearn_NeighHet_b50,4,1,GPRGNN,101,128,28,0.7470147609710693,0.8108108043670654,0.7684884667396545,0.7297297120094299,True,100
Texas,Sklearn_NeighHet_b50,4,1,GPRGNN,100,154,54,0.8554540276527405,0.7567567825317383,0.6429493427276611,0.7567567825317383,True,100
Texas,Sklearn_NeighHet_b50,4,1,H2GCN,100,344,244,0.5088487267494202,0.8918918967247009,0.3434775769710541,0.8918918967247009,True,100
Texas,Sklearn_NeighHet_b50,4,2,MLP,100,244,144,0.23805762827396393,0.9459459185600281,0.4425762891769409,0.837837815284729,True,100
Texas,Sklearn_NeighHet_b50,4,1,H2GCN,101,467,367,0.4822496473789215,0.8918918967247009,0.34071022272109985,0.8918918967247009,True,100
Texas,Sklearn_NeighHet_b50,4,2,MLP,101,272,172,0.3369300663471222,0.8918918967247009,0.47948697209358215,0.8648648858070374,True,100
Texas,Sklearn_NeighHet_b50,4,2,GCN,100,106,6,1.1395047903060913,0.5135135054588318,1.1819380521774292,0.6486486196517944,True,100
Texas,Sklearn_NeighHet_b50,4,2,GCN,101,107,7,1.2164939641952515,0.5675675868988037,1.2046701908111572,0.6486486196517944,True,100
Texas,Sklearn_NeighHet_b50,4,2,GAT,100,117,17,1.1731629371643066,0.5135135054588318,1.0225951671600342,0.6216216087341309,True,100
Texas,Sklearn_NeighHet_b50,4,2,GAT,101,115,15,1.3169591426849365,0.45945945382118225,1.056532859802246,0.6216216087341309,True,100
Texas,Sklearn_NeighHet_b50,4,2,SAGE,100,121,21,0.3698643743991852,0.8918918967247009,1.9304656982421875,0.7837837934494019,True,100
Texas,Sklearn_NeighHet_b50,4,1,MixHop,101,230,130,0.5240035057067871,0.8918918967247009,0.4049564301967621,0.837837815284729,True,100
Texas,Sklearn_NeighHet_b50,4,1,MixHop,100,254,154,0.28892210125923157,0.9459459185600281,0.20160268247127533,0.9189189076423645,True,100
Texas,Sklearn_NeighHet_b50,4,2,SAGE,101,265,165,0.19561736285686493,0.9459459185600281,1.79243803024292,0.8108108043670654,True,100
Texas,Sklearn_NeighHet_b50,4,2,GPRGNN,100,202,102,0.4666627049446106,0.8648648858070374,1.2604938745498657,0.837837815284729,True,100
Texas,Sklearn_NeighHet_b50,4,2,GPRGNN,101,224,124,0.4044625759124756,0.837837815284729,1.1541770696640015,0.837837815284729,True,100
Texas,Sklearn_NeighHet_b50,4,2,H2GCN,100,344,244,0.4902093708515167,0.7837837934494019,0.6233652234077454,0.837837815284729,True,100
Texas,Sklearn_NeighHet_b50,4,3,MLP,100,263,163,0.49562522768974304,0.8333333134651184,0.315979540348053,0.9189189076423645,True,100
Texas,Sklearn_NeighHet_b50,4,3,MLP,101,395,295,0.5318771004676819,0.8333333134651184,0.41969791054725647,0.837837815284729,True,100
Texas,Sklearn_NeighHet_b50,4,3,GCN,100,103,3,1.528979778289795,0.3888888955116272,1.3093496561050415,0.5135135054588318,True,100
Texas,Sklearn_NeighHet_b50,4,2,H2GCN,101,603,503,0.4618348181247711,0.8108108043670654,0.5700066089630127,0.8648648858070374,True,100
Texas,Sklearn_NeighHet_b50,4,3,GCN,101,105,5,1.670280933380127,0.3333333432674408,1.277116298675537,0.5135135054588318,True,100
Texas,Sklearn_NeighHet_b50,4,3,GAT,100,118,18,1.3845226764678955,0.4722222089767456,1.4244199991226196,0.4864864945411682,True,100
Texas,Sklearn_NeighHet_b50,4,3,GAT,101,124,24,1.5088211297988892,0.4166666567325592,1.7033902406692505,0.4054054021835327,True,100
Texas,Sklearn_NeighHet_b50,4,2,MixHop,101,209,109,0.17446790635585785,0.9459459185600281,0.6589000225067139,0.9189189076423645,True,100
Texas,Sklearn_NeighHet_b50,4,3,SAGE,101,214,114,0.39475584030151367,0.8888888955116272,0.37548449635505676,0.8648648858070374,True,100
Texas,Sklearn_NeighHet_b50,4,3,SAGE,100,287,187,0.3570489287376404,0.8333333134651184,0.38042059540748596,0.9189189076423645,True,100
Texas,Sklearn_NeighHet_b50,4,2,MixHop,100,348,248,0.1771891564130783,0.9729729890823364,0.550450325012207,0.9189189076423645,True,100
Texas,Sklearn_NeighHet_b50,4,3,GPRGNN,100,105,5,1.4431054592132568,0.3611111044883728,1.2892045974731445,0.5135135054588318,True,100
Texas,Sklearn_NeighHet_b50,4,3,GPRGNN,101,106,6,1.4938714504241943,0.3611111044883728,1.254835844039917,0.5405405163764954,True,100
Texas,Sklearn_NeighHet_b50,4,3,H2GCN,100,356,256,0.7474896907806396,0.8055555820465088,0.48594656586647034,0.837837815284729,True,100
Texas,Sklearn_NeighHet_b50,4,4,MLP,100,122,22,0.45285946130752563,0.8611111044883728,0.4999684691429138,0.7777777910232544,True,100
Texas,Sklearn_NeighHet_b50,4,4,MLP,101,124,24,0.492195725440979,0.8333333134651184,0.4902079403400421,0.8333333134651184,True,100
Texas,Sklearn_NeighHet_b50,4,3,MixHop,100,186,86,0.8643922805786133,0.8055555820465088,0.6711831092834473,0.837837815284729,True,100
Texas,Sklearn_NeighHet_b50,4,3,H2GCN,101,356,256,0.7431637644767761,0.8055555820465088,0.461346298456192,0.837837815284729,True,100
Texas,Sklearn_NeighHet_b50,4,4,GCN,100,105,5,1.2181211709976196,0.5,1.56786048412323,0.3611111044883728,True,100
Texas,Sklearn_NeighHet_b50,4,4,GCN,101,103,3,1.3410019874572754,0.4722222089767456,1.8866301774978638,0.3611111044883728,True,100
Texas,Sklearn_NeighHet_b50,4,4,GAT,100,108,8,1.15838623046875,0.5277777910232544,1.4258607625961304,0.3611111044883728,True,100
Texas,Sklearn_NeighHet_b50,4,4,GAT,101,106,6,1.2868274450302124,0.4444444477558136,1.2860013246536255,0.3333333432674408,True,100
Texas,Sklearn_NeighHet_b50,4,4,SAGE,100,287,187,0.3678954243659973,0.9166666865348816,0.1858709752559662,0.9166666865348816,True,100
Texas,Sklearn_NeighHet_b50,4,4,SAGE,101,406,306,0.15930385887622833,0.8888888955116272,0.2843591868877411,0.9166666865348816,True,100
Texas,Sklearn_NeighHet_b50,4,3,MixHop,101,324,224,0.8406455516815186,0.7777777910232544,0.6295598745346069,0.837837815284729,True,100
Texas,Sklearn_NeighHet_b50,4,4,GPRGNN,100,220,120,0.5883709788322449,0.8055555820465088,0.7396333813667297,0.7222222089767456,True,100
Texas,Sklearn_NeighHet_b50,4,4,MixHop,100,217,117,0.1785956621170044,0.9166666865348816,0.8182570934295654,0.8333333134651184,True,100
Texas,Sklearn_NeighHet_b50,4,4,GPRGNN,101,256,156,0.4230094850063324,0.8333333134651184,0.540579617023468,0.7777777910232544,True,100
Texas,Sklearn_NeighHet_b50,4,5,MLP,100,138,38,0.47465112805366516,0.837837815284729,0.4503338038921356,0.8333333134651184,True,100
Texas,Sklearn_NeighHet_b50,4,5,MLP,101,184,84,0.5098608732223511,0.8108108043670654,0.5048400163650513,0.8333333134651184,True,100
Texas,Sklearn_NeighHet_b50,4,4,H2GCN,100,470,370,0.47770392894744873,0.8333333134651184,0.6392752528190613,0.8333333134651184,True,100
Texas,Sklearn_NeighHet_b50,4,5,GCN,100,105,5,1.124691367149353,0.6216216087341309,1.2391270399093628,0.5,True,100
Texas,Sklearn_NeighHet_b50,4,4,H2GCN,101,413,313,0.4716539978981018,0.8333333134651184,0.6927440166473389,0.8055555820465088,True,100
Texas,Sklearn_NeighHet_b50,4,5,GCN,101,106,6,1.143247127532959,0.5405405163764954,1.3152474164962769,0.5,True,100
Texas,Sklearn_NeighHet_b50,4,5,GAT,100,106,6,1.098661184310913,0.6216216087341309,1.0843011140823364,0.5833333134651184,True,100
Texas,Sklearn_NeighHet_b50,4,5,GAT,101,124,24,1.1375967264175415,0.5945945978164673,1.4291273355484009,0.4722222089767456,True,100
Texas,Sklearn_NeighHet_b50,4,5,SAGE,101,110,10,0.3835259675979614,0.8648648858070374,0.5797138214111328,0.7777777910232544,True,100
Texas,Sklearn_NeighHet_b50,4,5,SAGE,100,149,49,0.318963885307312,0.9729729890823364,0.5861333012580872,0.8055555820465088,True,100
Texas,Sklearn_NeighHet_b50,4,5,GPRGNN,100,154,54,0.5820943713188171,0.7837837934494019,0.8376983404159546,0.7222222089767456,True,100
Texas,Sklearn_NeighHet_b50,4,5,GPRGNN,101,176,76,0.4276183545589447,0.8108108043670654,0.8953179121017456,0.7777777910232544,True,100
Texas,Sklearn_NeighHet_b50,4,4,MixHop,101,318,218,0.12460885941982269,0.9444444179534912,0.7551339864730835,0.9166666865348816,True,100
Texas,Sklearn_NeighHet_b50,4,5,H2GCN,101,279,179,0.34301888942718506,0.9459459185600281,0.5699737071990967,0.8333333134651184,True,100
Texas,Sklearn_NeighHet_b50,4,5,H2GCN,100,403,303,0.33102279901504517,0.9459459185600281,0.5569198131561279,0.8611111044883728,True,100
Texas,Sklearn_NeighHet_b50,4,5,MixHop,101,150,50,0.465743750333786,0.8648648858070374,0.7259863615036011,0.75,True,100
Texas,Sklearn_NeighHet_b50,4,5,MixHop,100,191,91,0.3953918516635895,0.9189189076423645,0.6145451068878174,0.8055555820465088,True,100
