Dataset,StratificationType,Fold_Seed,Fold,Model,Init_Seed,Stopped_Epoch,Best_Epoch,Best_Val_Loss,Best_Val_Accuracy,Test_Loss,Test_Accuracy,Stopped_Early,Early_Stopping_Patience
squirrel,RandomKFold,0,1,MLP,100,110,10,1.517224669456482,0.3438202142715454,1.51194429397583,0.29887640476226807,True,100
squirrel,RandomKFold,0,1,MLP,101,111,11,1.4858754873275757,0.36853933334350586,1.486217975616455,0.35056179761886597,True,100
squirrel,RandomKFold,0,1,GCN,100,105,5,1.5700603723526,0.31910112500190735,1.557376503944397,0.37528088688850403,True,100
squirrel,RandomKFold,0,1,GCN,101,106,6,1.5714861154556274,0.3280898928642273,1.557172417640686,0.36629214882850647,True,100
squirrel,RandomKFold,0,1,GAT,100,109,9,1.509291172027588,0.35505616664886475,1.470083475112915,0.37303370237350464,True,100
squirrel,RandomKFold,0,1,GAT,101,112,12,1.5135669708251953,0.3303370773792267,1.471430778503418,0.37303370237350464,True,100
squirrel,RandomKFold,0,1,SAGE,101,106,6,1.428924798965454,0.3932584226131439,1.4125138521194458,0.38651683926582336,True,100
squirrel,RandomKFold,0,1,SAGE,100,107,7,1.4363024234771729,0.39101123809814453,1.436616063117981,0.384269654750824,True,100
squirrel,RandomKFold,0,1,GPRGNN,100,114,14,1.5387752056121826,0.3595505654811859,1.5365005731582642,0.3820224702358246,True,100
squirrel,RandomKFold,0,1,GPRGNN,101,116,16,1.5492023229599,0.35056179761886597,1.5298364162445068,0.36853933334350586,True,100
squirrel,RandomKFold,0,1,H2GCN,100,124,24,1.5138322114944458,0.29887640476226807,1.4594991207122803,0.3056179881095886,True,100
squirrel,RandomKFold,0,2,MLP,100,112,12,1.4704023599624634,0.3977528214454651,1.5123732089996338,0.3460674285888672,True,100
squirrel,RandomKFold,0,1,H2GCN,101,125,25,1.5109918117523193,0.30337077379226685,1.4554117918014526,0.31910112500190735,True,100
squirrel,RandomKFold,0,2,MLP,101,111,11,1.4527391195297241,0.3977528214454651,1.4921315908432007,0.3438202142715454,True,100
squirrel,RandomKFold,0,2,GCN,101,313,213,1.5408374071121216,0.4134831428527832,1.626908540725708,0.3775281012058258,True,100
squirrel,RandomKFold,0,2,GCN,100,345,245,1.546711802482605,0.42471909523010254,1.6347663402557373,0.3820224702358246,True,100
squirrel,RandomKFold,0,2,GAT,100,110,10,1.5231785774230957,0.3303370773792267,1.5124396085739136,0.3303370773792267,True,100
squirrel,RandomKFold,0,2,GAT,101,110,10,1.5145922899246216,0.3438202142715454,1.5144096612930298,0.35056179761886597,True,100
squirrel,RandomKFold,0,2,SAGE,100,108,8,1.4096299409866333,0.3977528214454651,1.4668922424316406,0.3595505654811859,True,100
squirrel,RandomKFold,0,2,SAGE,101,108,8,1.4112117290496826,0.3932584226131439,1.449870228767395,0.37303370237350464,True,100
squirrel,RandomKFold,0,1,MixHop,100,109,9,1.5066511631011963,0.35505616664886475,1.485050082206726,0.3797752857208252,True,100
squirrel,RandomKFold,0,1,MixHop,101,110,10,1.502410650253296,0.3438202142715454,1.4680217504501343,0.3932584226131439,True,100
squirrel,RandomKFold,0,2,GPRGNN,100,337,237,1.504166603088379,0.3955056071281433,1.5710961818695068,0.3460674285888672,True,100
squirrel,RandomKFold,0,2,H2GCN,100,127,27,1.4641201496124268,0.307865172624588,1.5085070133209229,0.26966291666030884,True,100
squirrel,RandomKFold,0,2,GPRGNN,101,516,416,1.4810279607772827,0.4112359583377838,1.5600961446762085,0.35280898213386536,True,100
squirrel,RandomKFold,0,3,MLP,100,111,11,1.5018281936645508,0.3355855941772461,1.477763295173645,0.37078651785850525,True,100
squirrel,RandomKFold,0,3,MLP,101,111,11,1.4837762117385864,0.3445945978164673,1.4514994621276855,0.38876405358314514,True,100
squirrel,RandomKFold,0,3,GCN,100,104,4,1.5798059701919556,0.3265765905380249,1.5860949754714966,0.3573033809661865,True,100
squirrel,RandomKFold,0,3,GCN,101,105,5,1.5840866565704346,0.3243243098258972,1.5851737260818481,0.35280898213386536,True,100
squirrel,RandomKFold,0,2,H2GCN,101,127,27,1.463396430015564,0.3258427083492279,1.5072027444839478,0.28539326786994934,True,100
squirrel,RandomKFold,0,3,GAT,100,114,14,1.5381641387939453,0.3265765905380249,1.5256820917129517,0.3483146131038666,True,100
squirrel,RandomKFold,0,3,GAT,101,109,9,1.5331190824508667,0.315315306186676,1.5186883211135864,0.3303370773792267,True,100
squirrel,RandomKFold,0,3,SAGE,100,107,7,1.4504157304763794,0.3536036014556885,1.4020023345947266,0.3932584226131439,True,100
squirrel,RandomKFold,0,3,SAGE,101,107,7,1.4584232568740845,0.3333333432674408,1.4023462533950806,0.3640449345111847,True,100
squirrel,RandomKFold,0,2,MixHop,100,108,8,1.5241637229919434,0.35280898213386536,1.5177209377288818,0.3483146131038666,True,100
squirrel,RandomKFold,0,3,GPRGNN,100,117,17,1.5658857822418213,0.3445945978164673,1.5991814136505127,0.37303370237350464,True,100
squirrel,RandomKFold,0,3,GPRGNN,101,119,19,1.5580167770385742,0.3310810923576355,1.5781652927398682,0.36629214882850647,True,100
squirrel,RandomKFold,0,2,MixHop,101,115,15,1.4470199346542358,0.4134831428527832,1.5407501459121704,0.3595505654811859,True,100
squirrel,RandomKFold,0,3,H2GCN,100,128,28,1.5132009983062744,0.30405405163764954,1.479897379875183,0.3438202142715454,True,100
squirrel,RandomKFold,0,4,MLP,100,110,10,1.5214670896530151,0.3310810923576355,1.512442708015442,0.3400900959968567,True,100
squirrel,RandomKFold,0,4,MLP,101,110,10,1.5032135248184204,0.3558558523654938,1.4817529916763306,0.3490990996360779,True,100
squirrel,RandomKFold,0,3,H2GCN,101,127,27,1.5155668258666992,0.30405405163764954,1.4795880317687988,0.3640449345111847,True,100
squirrel,RandomKFold,0,4,GCN,100,106,6,1.5703620910644531,0.3445945978164673,1.5903323888778687,0.3175675570964813,True,100
squirrel,RandomKFold,0,4,GCN,101,106,6,1.5743340253829956,0.3490990996360779,1.5886367559432983,0.3265765905380249,True,100
squirrel,RandomKFold,0,4,GAT,100,121,21,1.5269532203674316,0.3400900959968567,1.565821886062622,0.30630630254745483,True,100
squirrel,RandomKFold,0,4,GAT,101,121,21,1.5256270170211792,0.3288288414478302,1.573239803314209,0.3333333432674408,True,100
squirrel,RandomKFold,0,4,SAGE,100,107,7,1.4494601488113403,0.36486485600471497,1.4535250663757324,0.3558558523654938,True,100
squirrel,RandomKFold,0,4,SAGE,101,107,7,1.463164210319519,0.36261260509490967,1.458991289138794,0.3536036014556885,True,100
squirrel,RandomKFold,0,3,MixHop,100,108,8,1.528343677520752,0.342342346906662,1.5212411880493164,0.37078651785850525,True,100
squirrel,RandomKFold,0,4,GPRGNN,100,122,22,1.5522514581680298,0.3288288414478302,1.5830304622650146,0.3198198080062866,True,100
squirrel,RandomKFold,0,3,MixHop,101,111,11,1.5338743925094604,0.3558558523654938,1.4829539060592651,0.36853933334350586,True,100
squirrel,RandomKFold,0,4,GPRGNN,101,119,19,1.549760103225708,0.30855855345726013,1.571129560470581,0.342342346906662,True,100
squirrel,RandomKFold,0,4,H2GCN,100,126,26,1.521113634109497,0.29729729890823364,1.5288416147232056,0.28828829526901245,True,100
squirrel,RandomKFold,0,5,MLP,100,112,12,1.4969007968902588,0.341573029756546,1.5063995122909546,0.3175675570964813,True,100
squirrel,RandomKFold,0,5,MLP,101,111,11,1.4750851392745972,0.3617977499961853,1.4908267259597778,0.36486485600471497,True,100
squirrel,RandomKFold,0,4,H2GCN,101,125,25,1.5210119485855103,0.30405405163764954,1.5258346796035767,0.29954954981803894,True,100
squirrel,RandomKFold,0,5,GCN,100,106,6,1.555528163909912,0.36629214882850647,1.559996485710144,0.3400900959968567,True,100
squirrel,RandomKFold,0,5,GCN,101,106,6,1.5527565479278564,0.37078651785850525,1.5702149868011475,0.3333333432674408,True,100
squirrel,RandomKFold,0,5,GAT,100,109,9,1.4763590097427368,0.3438202142715454,1.5241388082504272,0.3536036014556885,True,100
squirrel,RandomKFold,0,5,GAT,101,112,12,1.47158944606781,0.3595505654811859,1.5261386632919312,0.3400900959968567,True,100
squirrel,RandomKFold,0,5,SAGE,100,107,7,1.4193240404129028,0.37528088688850403,1.4332456588745117,0.37162160873413086,True,100
squirrel,RandomKFold,0,5,SAGE,101,106,6,1.402319073677063,0.40224719047546387,1.4478570222854614,0.36036035418510437,True,100
squirrel,RandomKFold,0,4,MixHop,100,108,8,1.5132455825805664,0.3265765905380249,1.5317645072937012,0.342342346906662,True,100
squirrel,RandomKFold,0,5,GPRGNN,100,114,14,1.5412713289260864,0.3797752857208252,1.5525403022766113,0.3198198080062866,True,100
squirrel,RandomKFold,0,4,MixHop,101,112,12,1.5248018503189087,0.36711710691452026,1.571624994277954,0.3558558523654938,True,100
squirrel,RandomKFold,0,5,GPRGNN,101,116,16,1.5290342569351196,0.39101123809814453,1.5519390106201172,0.3310810923576355,True,100
squirrel,RandomKFold,0,5,H2GCN,100,124,24,1.459082007408142,0.32134830951690674,1.5131733417510986,0.3130630552768707,True,100
squirrel,RandomKFold,0,5,H2GCN,101,125,25,1.4525120258331299,0.3303370773792267,1.515434741973877,0.31081080436706543,True,100
squirrel,RandomKFold,0,5,MixHop,100,109,9,1.4837877750396729,0.38651683926582336,1.4991954565048218,0.3333333432674408,True,100
squirrel,RandomKFold,0,5,MixHop,101,114,14,1.4340581893920898,0.38876405358314514,1.4712625741958618,0.37387385964393616,True,100
squirrel,LabelStratifiedKFold,0,1,MLP,100,112,12,1.4660125970840454,0.37078651785850525,1.536950945854187,0.32134830951690674,True,100
squirrel,LabelStratifiedKFold,0,1,MLP,101,112,12,1.4603044986724854,0.36853933334350586,1.5231703519821167,0.3258427083492279,True,100
squirrel,LabelStratifiedKFold,0,1,GCN,101,106,6,1.5768835544586182,0.341573029756546,1.5754495859146118,0.3438202142715454,True,100
squirrel,LabelStratifiedKFold,0,1,GCN,100,108,8,1.5724478960037231,0.3483146131038666,1.5859227180480957,0.33483144640922546,True,100
squirrel,LabelStratifiedKFold,0,1,GAT,100,117,17,1.5139663219451904,0.33932584524154663,1.5146722793579102,0.35056179761886597,True,100
squirrel,LabelStratifiedKFold,0,1,GAT,101,119,19,1.5109808444976807,0.3280898928642273,1.5350589752197266,0.32359549403190613,True,100
squirrel,LabelStratifiedKFold,0,1,SAGE,100,108,8,1.3893275260925293,0.3977528214454651,1.4699658155441284,0.3483146131038666,True,100
squirrel,LabelStratifiedKFold,0,1,SAGE,101,109,9,1.4071005582809448,0.38876405358314514,1.4646342992782593,0.35280898213386536,True,100
squirrel,LabelStratifiedKFold,0,1,GPRGNN,101,141,41,1.5109779834747314,0.3617977499961853,1.575559139251709,0.3280898928642273,True,100
squirrel,LabelStratifiedKFold,0,1,GPRGNN,100,302,202,1.510396957397461,0.36629214882850647,1.5977858304977417,0.3101123571395874,True,100
squirrel,LabelStratifiedKFold,0,1,H2GCN,100,133,33,1.439779281616211,0.32134830951690674,1.517892599105835,0.2943820357322693,True,100
squirrel,LabelStratifiedKFold,0,2,MLP,100,112,12,1.4767224788665771,0.3617977499961853,1.4664403200149536,0.36853933334350586,True,100
squirrel,LabelStratifiedKFold,0,2,MLP,101,111,11,1.4536314010620117,0.3640449345111847,1.4537287950515747,0.3617977499961853,True,100
squirrel,LabelStratifiedKFold,0,2,GCN,100,104,4,1.5880123376846313,0.3460674285888672,1.567362666130066,0.35505616664886475,True,100
squirrel,LabelStratifiedKFold,0,1,H2GCN,101,132,32,1.4360636472702026,0.3460674285888672,1.5129156112670898,0.31685394048690796,True,100
squirrel,LabelStratifiedKFold,0,2,GCN,101,104,4,1.5918289422988892,0.35280898213386536,1.5719683170318604,0.35056179761886597,True,100
squirrel,LabelStratifiedKFold,0,2,GAT,100,110,10,1.523490071296692,0.35056179761886597,1.5073885917663574,0.33932584524154663,True,100
squirrel,LabelStratifiedKFold,0,2,GAT,101,108,8,1.5233216285705566,0.35280898213386536,1.5146827697753906,0.33483144640922546,True,100
squirrel,LabelStratifiedKFold,0,2,SAGE,100,108,8,1.4189866781234741,0.3977528214454651,1.3946843147277832,0.37528088688850403,True,100
squirrel,LabelStratifiedKFold,0,2,SAGE,101,108,8,1.411953330039978,0.3955056071281433,1.421641230583191,0.3595505654811859,True,100
squirrel,LabelStratifiedKFold,0,1,MixHop,100,111,11,1.5036667585372925,0.3820224702358246,1.5063217878341675,0.3595505654811859,True,100
squirrel,LabelStratifiedKFold,0,1,MixHop,101,114,14,1.4308809041976929,0.40674155950546265,1.5356625318527222,0.3460674285888672,True,100
squirrel,LabelStratifiedKFold,0,2,GPRGNN,100,277,177,1.5431673526763916,0.37303370237350464,1.525779366493225,0.38876405358314514,True,100
squirrel,LabelStratifiedKFold,0,2,GPRGNN,101,199,99,1.5362638235092163,0.40224719047546387,1.5069340467453003,0.37303370237350464,True,100
squirrel,LabelStratifiedKFold,0,2,H2GCN,100,128,28,1.4967257976531982,0.3101123571395874,1.4761180877685547,0.3123595416545868,True,100
squirrel,LabelStratifiedKFold,0,3,MLP,100,112,12,1.488804578781128,0.3490990996360779,1.486831545829773,0.33932584524154663,True,100
squirrel,LabelStratifiedKFold,0,3,MLP,101,111,11,1.4685955047607422,0.36936935782432556,1.4614195823669434,0.3573033809661865,True,100
squirrel,LabelStratifiedKFold,0,2,H2GCN,101,128,28,1.494990587234497,0.3101123571395874,1.4703294038772583,0.3101123571395874,True,100
squirrel,LabelStratifiedKFold,0,3,GCN,100,105,5,1.5773143768310547,0.3490990996360779,1.5975817441940308,0.3460674285888672,True,100
squirrel,LabelStratifiedKFold,0,3,GCN,101,106,6,1.5822302103042603,0.3581081032752991,1.6132501363754272,0.33483144640922546,True,100
squirrel,LabelStratifiedKFold,0,3,GAT,100,116,16,1.5173269510269165,0.3378378450870514,1.5441391468048096,0.3438202142715454,True,100
squirrel,LabelStratifiedKFold,0,3,GAT,101,109,9,1.5176087617874146,0.3355855941772461,1.5252256393432617,0.3325842618942261,True,100
squirrel,LabelStratifiedKFold,0,3,SAGE,100,107,7,1.4449636936187744,0.38963964581489563,1.423675298690796,0.384269654750824,True,100
squirrel,LabelStratifiedKFold,0,3,SAGE,101,106,6,1.4450666904449463,0.38288289308547974,1.4142265319824219,0.4089887738227844,True,100
squirrel,LabelStratifiedKFold,0,2,MixHop,100,107,7,1.5191487073898315,0.37303370237350464,1.507491111755371,0.3595505654811859,True,100
squirrel,LabelStratifiedKFold,0,3,GPRGNN,100,152,52,1.5446228981018066,0.36486485600471497,1.582185983657837,0.35280898213386536,True,100
squirrel,LabelStratifiedKFold,0,3,GPRGNN,101,122,22,1.5485484600067139,0.36036035418510437,1.612397313117981,0.33483144640922546,True,100
squirrel,LabelStratifiedKFold,0,2,MixHop,101,114,14,1.5040065050125122,0.38876405358314514,1.4416835308074951,0.384269654750824,True,100
squirrel,LabelStratifiedKFold,0,3,H2GCN,100,128,28,1.499387264251709,0.3198198080062866,1.4888746738433838,0.2921348214149475,True,100
squirrel,LabelStratifiedKFold,0,4,MLP,100,111,11,1.5132488012313843,0.3130630552768707,1.485641360282898,0.3468468487262726,True,100
squirrel,LabelStratifiedKFold,0,4,MLP,101,110,10,1.4977658987045288,0.3265765905380249,1.4670485258102417,0.37612614035606384,True,100
squirrel,LabelStratifiedKFold,0,4,GCN,100,105,5,1.5803977251052856,0.342342346906662,1.5728765726089478,0.3265765905380249,True,100
squirrel,LabelStratifiedKFold,0,3,H2GCN,101,128,28,1.4929097890853882,0.3355855941772461,1.4828530550003052,0.31910112500190735,True,100
squirrel,LabelStratifiedKFold,0,4,GCN,101,104,4,1.5787181854248047,0.3468468487262726,1.5782678127288818,0.3468468487262726,True,100
squirrel,LabelStratifiedKFold,0,4,GAT,100,109,9,1.5245306491851807,0.3355855941772461,1.5086480379104614,0.3513513505458832,True,100
squirrel,LabelStratifiedKFold,0,4,GAT,101,120,20,1.5092509984970093,0.3400900959968567,1.525780200958252,0.3558558523654938,True,100
squirrel,LabelStratifiedKFold,0,4,SAGE,100,107,7,1.4370896816253662,0.4099099040031433,1.4475160837173462,0.38288289308547974,True,100
squirrel,LabelStratifiedKFold,0,4,SAGE,101,106,6,1.4461634159088135,0.37837839126586914,1.4511520862579346,0.37612614035606384,True,100
squirrel,LabelStratifiedKFold,0,3,MixHop,100,109,9,1.5021488666534424,0.36486485600471497,1.5564602613449097,0.3640449345111847,True,100
squirrel,LabelStratifiedKFold,0,4,GPRGNN,100,135,35,1.5640841722488403,0.3581081032752991,1.53510582447052,0.38288289308547974,True,100
squirrel,LabelStratifiedKFold,0,4,GPRGNN,101,117,17,1.566860556602478,0.3536036014556885,1.534265160560608,0.36036035418510437,True,100
squirrel,LabelStratifiedKFold,0,3,MixHop,101,114,14,1.463265299797058,0.36711710691452026,1.524855613708496,0.36853933334350586,True,100
squirrel,LabelStratifiedKFold,0,4,H2GCN,100,122,22,1.507803201675415,0.3243243098258972,1.497612476348877,0.3175675570964813,True,100
squirrel,LabelStratifiedKFold,0,4,H2GCN,101,122,22,1.5034493207931519,0.3220720589160919,1.4929029941558838,0.3265765905380249,True,100
squirrel,LabelStratifiedKFold,0,5,MLP,100,111,11,1.5030633211135864,0.33932584524154663,1.4967775344848633,0.3445945978164673,True,100
squirrel,LabelStratifiedKFold,0,5,MLP,101,110,10,1.4919008016586304,0.3460674285888672,1.4767073392868042,0.36036035418510437,True,100
squirrel,LabelStratifiedKFold,0,5,GCN,100,104,4,1.5770525932312012,0.33483144640922546,1.5869932174682617,0.3265765905380249,True,100
squirrel,LabelStratifiedKFold,0,5,GCN,101,106,6,1.5698896646499634,0.33483144640922546,1.578345537185669,0.3310810923576355,True,100
squirrel,LabelStratifiedKFold,0,5,GAT,101,109,9,1.5109204053878784,0.3303370773792267,1.5259766578674316,0.31081080436706543,True,100
squirrel,LabelStratifiedKFold,0,5,GAT,100,114,14,1.5101616382598877,0.35056179761886597,1.5313775539398193,0.3400900959968567,True,100
squirrel,LabelStratifiedKFold,0,5,SAGE,100,107,7,1.4389537572860718,0.3573033809661865,1.4087425470352173,0.3918918967247009,True,100
squirrel,LabelStratifiedKFold,0,5,SAGE,101,107,7,1.442946434020996,0.3483146131038666,1.418631672859192,0.38963964581489563,True,100
squirrel,LabelStratifiedKFold,0,4,MixHop,100,109,9,1.5166822671890259,0.36036035418510437,1.4835723638534546,0.36711710691452026,True,100
squirrel,LabelStratifiedKFold,0,5,GPRGNN,100,111,11,1.5594228506088257,0.35280898213386536,1.576699137687683,0.3468468487262726,True,100
squirrel,LabelStratifiedKFold,0,4,MixHop,101,110,10,1.5168777704238892,0.3581081032752991,1.4768266677856445,0.36486485600471497,True,100
squirrel,LabelStratifiedKFold,0,5,GPRGNN,101,113,13,1.553698182106018,0.33707866072654724,1.5724390745162964,0.3445945978164673,True,100
squirrel,LabelStratifiedKFold,0,5,H2GCN,100,125,25,1.4908249378204346,0.2966292202472687,1.5014864206314087,0.29729729890823364,True,100
squirrel,LabelStratifiedKFold,0,5,H2GCN,101,123,23,1.4895703792572021,0.30337077379226685,1.494086742401123,0.3310810923576355,True,100
squirrel,LabelStratifiedKFold,0,5,MixHop,100,108,8,1.4996201992034912,0.384269654750824,1.5178414583206177,0.3378378450870514,True,100
squirrel,LabelStratifiedKFold,0,5,MixHop,101,110,10,1.4943839311599731,0.35056179761886597,1.5032845735549927,0.3513513505458832,True,100
squirrel,Sklearn_NeighHet_b450,0,1,MLP,101,109,9,1.5293924808502197,0.31460675597190857,1.4819674491882324,0.3617977499961853,True,100
squirrel,Sklearn_NeighHet_b450,0,1,MLP,100,109,9,1.5421662330627441,0.2808988690376282,1.4980549812316895,0.31910112500190735,True,100
squirrel,Sklearn_NeighHet_b450,0,1,GCN,101,104,4,1.5848499536514282,0.3303370773792267,1.5643261671066284,0.37303370237350464,True,100
squirrel,Sklearn_NeighHet_b450,0,1,GCN,100,105,5,1.5854684114456177,0.33707866072654724,1.5546436309814453,0.3640449345111847,True,100
squirrel,Sklearn_NeighHet_b450,0,1,GAT,100,110,10,1.5247583389282227,0.3303370773792267,1.4945440292358398,0.35505616664886475,True,100
squirrel,Sklearn_NeighHet_b450,0,1,GAT,101,114,14,1.5223195552825928,0.31910112500190735,1.4853512048721313,0.3595505654811859,True,100
squirrel,Sklearn_NeighHet_b450,0,1,SAGE,101,107,7,1.4448903799057007,0.3595505654811859,1.4181774854660034,0.3797752857208252,True,100
squirrel,Sklearn_NeighHet_b450,0,1,SAGE,100,107,7,1.4300733804702759,0.384269654750824,1.3951753377914429,0.40674155950546265,True,100
squirrel,Sklearn_NeighHet_b450,0,1,GPRGNN,100,117,17,1.5632935762405396,0.3617977499961853,1.5387320518493652,0.35280898213386536,True,100
squirrel,Sklearn_NeighHet_b450,0,1,GPRGNN,101,118,18,1.5673892498016357,0.3573033809661865,1.532634973526001,0.33932584524154663,True,100
squirrel,Sklearn_NeighHet_b450,0,1,H2GCN,100,125,25,1.5277087688446045,0.2764045000076294,1.4579027891159058,0.33483144640922546,True,100
squirrel,Sklearn_NeighHet_b450,0,1,H2GCN,101,125,25,1.5228582620620728,0.30337077379226685,1.4588510990142822,0.3483146131038666,True,100
squirrel,Sklearn_NeighHet_b450,0,2,MLP,100,110,10,1.5268933773040771,0.3123595416545868,1.53861665725708,0.307865172624588,True,100
squirrel,Sklearn_NeighHet_b450,0,2,MLP,101,110,10,1.4912662506103516,0.35505616664886475,1.51115083694458,0.3325842618942261,True,100
squirrel,Sklearn_NeighHet_b450,0,2,GCN,100,104,4,1.5754650831222534,0.3460674285888672,1.5913007259368896,0.32134830951690674,True,100
squirrel,Sklearn_NeighHet_b450,0,2,GCN,101,106,6,1.5648376941680908,0.3573033809661865,1.590194821357727,0.31685394048690796,True,100
squirrel,Sklearn_NeighHet_b450,0,2,GAT,101,109,9,1.5187556743621826,0.33932584524154663,1.5320574045181274,0.3258427083492279,True,100
squirrel,Sklearn_NeighHet_b450,0,2,GAT,100,114,14,1.5146738290786743,0.33932584524154663,1.5229402780532837,0.32134830951690674,True,100
squirrel,Sklearn_NeighHet_b450,0,2,SAGE,100,107,7,1.4492133855819702,0.40224719047546387,1.4400715827941895,0.35280898213386536,True,100
squirrel,Sklearn_NeighHet_b450,0,2,SAGE,101,107,7,1.4637598991394043,0.3932584226131439,1.4543545246124268,0.35056179761886597,True,100
squirrel,Sklearn_NeighHet_b450,0,1,MixHop,100,109,9,1.5266454219818115,0.3460674285888672,1.4779006242752075,0.3820224702358246,True,100
squirrel,Sklearn_NeighHet_b450,0,2,GPRGNN,100,120,20,1.5710818767547607,0.36853933334350586,1.5687915086746216,0.35505616664886475,True,100
squirrel,Sklearn_NeighHet_b450,0,1,MixHop,101,113,13,1.5514169931411743,0.32359549403190613,1.4428796768188477,0.3775281012058258,True,100
squirrel,Sklearn_NeighHet_b450,0,2,GPRGNN,101,116,16,1.5732117891311646,0.3483146131038666,1.5749659538269043,0.3123595416545868,True,100
squirrel,Sklearn_NeighHet_b450,0,2,H2GCN,100,128,28,1.4857978820800781,0.32359549403190613,1.543239951133728,0.26516854763031006,True,100
squirrel,Sklearn_NeighHet_b450,0,3,MLP,100,112,12,1.4593621492385864,0.36486485600471497,1.524817943572998,0.341573029756546,True,100
squirrel,Sklearn_NeighHet_b450,0,3,MLP,101,112,12,1.419472575187683,0.38288289308547974,1.5053975582122803,0.3325842618942261,True,100
squirrel,Sklearn_NeighHet_b450,0,2,H2GCN,101,129,29,1.481816291809082,0.31910112500190735,1.5423239469528198,0.2898876368999481,True,100
squirrel,Sklearn_NeighHet_b450,0,3,GCN,101,173,73,1.5483999252319336,0.4009009003639221,1.6229231357574463,0.35280898213386536,True,100
squirrel,Sklearn_NeighHet_b450,0,3,GCN,100,224,124,1.5331480503082275,0.4009009003639221,1.6188921928405762,0.3820224702358246,True,100
squirrel,Sklearn_NeighHet_b450,0,3,GAT,100,133,33,1.5059294700622559,0.37387385964393616,1.5307393074035645,0.3460674285888672,True,100
squirrel,Sklearn_NeighHet_b450,0,3,GAT,101,128,28,1.4855040311813354,0.36936935782432556,1.5291231870651245,0.33483144640922546,True,100
squirrel,Sklearn_NeighHet_b450,0,3,SAGE,100,107,7,1.40550696849823,0.38738739490509033,1.4471969604492188,0.3932584226131439,True,100
squirrel,Sklearn_NeighHet_b450,0,3,SAGE,101,108,8,1.4027940034866333,0.4054054021835327,1.4649842977523804,0.38651683926582336,True,100
squirrel,Sklearn_NeighHet_b450,0,2,MixHop,100,108,8,1.5221412181854248,0.3438202142715454,1.5346182584762573,0.35280898213386536,True,100
squirrel,Sklearn_NeighHet_b450,0,2,MixHop,101,110,10,1.5078331232070923,0.3595505654811859,1.5407112836837769,0.3258427083492279,True,100
squirrel,Sklearn_NeighHet_b450,0,3,GPRGNN,100,140,40,1.4761028289794922,0.4054054021835327,1.584303855895996,0.3573033809661865,True,100
squirrel,Sklearn_NeighHet_b450,0,3,GPRGNN,101,189,89,1.4651505947113037,0.4031531512737274,1.541800618171692,0.35280898213386536,True,100
squirrel,Sklearn_NeighHet_b450,0,3,H2GCN,100,125,25,1.4985524415969849,0.3220720589160919,1.488019585609436,0.2898876368999481,True,100
squirrel,Sklearn_NeighHet_b450,0,4,MLP,100,110,10,1.5403903722763062,0.3355855941772461,1.4742887020111084,0.3941441476345062,True,100
squirrel,Sklearn_NeighHet_b450,0,4,MLP,101,109,9,1.5320745706558228,0.3198198080062866,1.4606053829193115,0.407657653093338,True,100
squirrel,Sklearn_NeighHet_b450,0,4,GCN,100,105,5,1.5759764909744263,0.3243243098258972,1.5580863952636719,0.36036035418510437,True,100
squirrel,Sklearn_NeighHet_b450,0,3,H2GCN,101,124,24,1.4988634586334229,0.3355855941772461,1.4889755249023438,0.31910112500190735,True,100
squirrel,Sklearn_NeighHet_b450,0,4,GCN,101,106,6,1.5818780660629272,0.3130630552768707,1.556631088256836,0.3581081032752991,True,100
squirrel,Sklearn_NeighHet_b450,0,4,GAT,100,121,21,1.5148425102233887,0.3378378450870514,1.5042533874511719,0.36261260509490967,True,100
squirrel,Sklearn_NeighHet_b450,0,4,GAT,101,112,12,1.5222834348678589,0.3400900959968567,1.5116398334503174,0.3490990996360779,True,100
squirrel,Sklearn_NeighHet_b450,0,4,SAGE,100,106,6,1.4653072357177734,0.3513513505458832,1.422573208808899,0.38063064217567444,True,100
squirrel,Sklearn_NeighHet_b450,0,4,SAGE,101,106,6,1.470284104347229,0.36036035418510437,1.427534818649292,0.3918918967247009,True,100
squirrel,Sklearn_NeighHet_b450,0,3,MixHop,100,111,11,1.4637055397033691,0.37387385964393616,1.5349048376083374,0.35505616664886475,True,100
squirrel,Sklearn_NeighHet_b450,0,3,MixHop,101,113,13,1.448734164237976,0.4144144058227539,1.5162461996078491,0.38876405358314514,True,100
squirrel,Sklearn_NeighHet_b450,0,4,GPRGNN,100,108,8,1.5744577646255493,0.3198198080062866,1.5544610023498535,0.36486485600471497,True,100
squirrel,Sklearn_NeighHet_b450,0,4,GPRGNN,101,112,12,1.5706897974014282,0.3288288414478302,1.536962866783142,0.37387385964393616,True,100
squirrel,Sklearn_NeighHet_b450,0,4,H2GCN,100,124,24,1.4946156740188599,0.3243243098258972,1.4936665296554565,0.30855855345726013,True,100
squirrel,Sklearn_NeighHet_b450,0,5,MLP,100,111,11,1.4843732118606567,0.341573029756546,1.5390044450759888,0.3445945978164673,True,100
squirrel,Sklearn_NeighHet_b450,0,5,MLP,101,111,11,1.4714785814285278,0.36853933334350586,1.518367052078247,0.3243243098258972,True,100
squirrel,Sklearn_NeighHet_b450,0,4,H2GCN,101,125,25,1.4892427921295166,0.3243243098258972,1.4911013841629028,0.3220720589160919,True,100
squirrel,Sklearn_NeighHet_b450,0,5,GCN,100,107,7,1.5531892776489258,0.37528088688850403,1.583512306213379,0.3468468487262726,True,100
squirrel,Sklearn_NeighHet_b450,0,5,GAT,100,116,16,1.4918396472930908,0.35056179761886597,1.522433876991272,0.3378378450870514,True,100
squirrel,Sklearn_NeighHet_b450,0,5,GCN,101,341,241,1.51226806640625,0.4157303273677826,1.6364816427230835,0.36036035418510437,True,100
squirrel,Sklearn_NeighHet_b450,0,5,GAT,101,134,34,1.4882162809371948,0.3797752857208252,1.5377761125564575,0.3378378450870514,True,100
squirrel,Sklearn_NeighHet_b450,0,5,SAGE,100,107,7,1.4180645942687988,0.3955056071281433,1.463085412979126,0.3400900959968567,True,100
squirrel,Sklearn_NeighHet_b450,0,5,SAGE,101,106,6,1.4211801290512085,0.38876405358314514,1.4585148096084595,0.3581081032752991,True,100
squirrel,Sklearn_NeighHet_b450,0,4,MixHop,100,106,6,1.541534423828125,0.3355855941772461,1.5061819553375244,0.37387385964393616,True,100
squirrel,Sklearn_NeighHet_b450,0,4,MixHop,101,110,10,1.5118714570999146,0.3288288414478302,1.4767022132873535,0.38738739490509033,True,100
squirrel,Sklearn_NeighHet_b450,0,5,GPRGNN,100,262,162,1.4845335483551025,0.36853933334350586,1.5869911909103394,0.3265765905380249,True,100
squirrel,Sklearn_NeighHet_b450,0,5,GPRGNN,101,231,131,1.499035120010376,0.3573033809661865,1.5888276100158691,0.3265765905380249,True,100
squirrel,Sklearn_NeighHet_b450,0,5,H2GCN,100,127,27,1.461611270904541,0.31910112500190735,1.4995986223220825,0.30405405163764954,True,100
squirrel,Sklearn_NeighHet_b450,0,5,H2GCN,101,128,28,1.461018443107605,0.32359549403190613,1.4926661252975464,0.3220720589160919,True,100
squirrel,Sklearn_NeighHet_b450,0,5,MixHop,100,109,9,1.4809973239898682,0.3797752857208252,1.5444751977920532,0.3513513505458832,True,100
squirrel,Sklearn_NeighHet_b450,0,5,MixHop,101,113,13,1.4438976049423218,0.40674155950546265,1.5095371007919312,0.3558558523654938,True,100
squirrel,RandomKFold,1,1,MLP,101,111,11,1.4483481645584106,0.38651683926582336,1.5025463104248047,0.3617977499961853,True,100
squirrel,RandomKFold,1,1,MLP,100,112,12,1.478703498840332,0.35056179761886597,1.5009491443634033,0.3438202142715454,True,100
squirrel,RandomKFold,1,1,GCN,100,105,5,1.569136142730713,0.36629214882850647,1.5878666639328003,0.3258427083492279,True,100
squirrel,RandomKFold,1,1,GCN,101,106,6,1.5688910484313965,0.3640449345111847,1.5824072360992432,0.32359549403190613,True,100
squirrel,RandomKFold,1,1,GAT,100,109,9,1.5153617858886719,0.3483146131038666,1.5226274728775024,0.33707866072654724,True,100
squirrel,RandomKFold,1,1,GAT,101,109,9,1.5024749040603638,0.3617977499961853,1.5302165746688843,0.32359549403190613,True,100
squirrel,RandomKFold,1,1,SAGE,101,108,8,1.4162161350250244,0.36629214882850647,1.4437944889068604,0.37078651785850525,True,100
squirrel,RandomKFold,1,1,SAGE,100,109,9,1.3953027725219727,0.3955056071281433,1.4431793689727783,0.3617977499961853,True,100
squirrel,RandomKFold,1,1,GPRGNN,100,114,14,1.5409016609191895,0.35505616664886475,1.580769419670105,0.341573029756546,True,100
squirrel,RandomKFold,1,1,GPRGNN,101,117,17,1.536407232284546,0.3797752857208252,1.5764256715774536,0.3438202142715454,True,100
squirrel,RandomKFold,1,1,H2GCN,100,122,22,1.5010324716567993,0.3325842618942261,1.4965027570724487,0.32134830951690674,True,100
squirrel,RandomKFold,1,2,MLP,100,111,11,1.5073472261428833,0.3123595416545868,1.489349603652954,0.33932584524154663,True,100
squirrel,RandomKFold,1,1,H2GCN,101,122,22,1.4995452165603638,0.341573029756546,1.4957302808761597,0.31910112500190735,True,100
squirrel,RandomKFold,1,2,MLP,101,110,10,1.4923681020736694,0.341573029756546,1.4565016031265259,0.3932584226131439,True,100
squirrel,RandomKFold,1,2,GCN,100,104,4,1.596372127532959,0.3303370773792267,1.5720233917236328,0.3617977499961853,True,100
squirrel,RandomKFold,1,2,GCN,101,106,6,1.6002051830291748,0.31685394048690796,1.562347173690796,0.3640449345111847,True,100
squirrel,RandomKFold,1,2,GAT,100,114,14,1.5448848009109497,0.3325842618942261,1.5083425045013428,0.3460674285888672,True,100
squirrel,RandomKFold,1,2,GAT,101,110,10,1.544922947883606,0.3258427083492279,1.49762761592865,0.35056179761886597,True,100
squirrel,RandomKFold,1,2,SAGE,100,107,7,1.4521913528442383,0.3595505654811859,1.3988977670669556,0.4000000059604645,True,100
squirrel,RandomKFold,1,2,SAGE,101,107,7,1.4386769533157349,0.3775281012058258,1.4016189575195312,0.3932584226131439,True,100
squirrel,RandomKFold,1,1,MixHop,100,109,9,1.4940048456192017,0.3977528214454651,1.5305476188659668,0.35280898213386536,True,100
squirrel,RandomKFold,1,1,MixHop,101,111,11,1.4645137786865234,0.37303370237350464,1.5095068216323853,0.3595505654811859,True,100
squirrel,RandomKFold,1,2,GPRGNN,100,109,9,1.586166262626648,0.3258427083492279,1.5469944477081299,0.3932584226131439,True,100
squirrel,RandomKFold,1,2,GPRGNN,101,145,45,1.5683728456497192,0.35280898213386536,1.5466387271881104,0.39101123809814453,True,100
squirrel,RandomKFold,1,2,H2GCN,100,126,26,1.485982894897461,0.2966292202472687,1.506866216659546,0.307865172624588,True,100
squirrel,RandomKFold,1,3,MLP,100,111,11,1.5209975242614746,0.3536036014556885,1.4852160215377808,0.35280898213386536,True,100
squirrel,RandomKFold,1,3,MLP,101,111,11,1.4874348640441895,0.36936935782432556,1.468621850013733,0.3640449345111847,True,100
squirrel,RandomKFold,1,2,H2GCN,101,125,25,1.48065984249115,0.31460675597190857,1.5027974843978882,0.3258427083492279,True,100
squirrel,RandomKFold,1,3,GCN,100,105,5,1.5764449834823608,0.3513513505458832,1.5960911512374878,0.3123595416545868,True,100
squirrel,RandomKFold,1,3,GCN,101,106,6,1.5731019973754883,0.3581081032752991,1.5971440076828003,0.31460675597190857,True,100
squirrel,RandomKFold,1,3,GAT,100,110,10,1.5129402875900269,0.36711710691452026,1.5498894453048706,0.31685394048690796,True,100
squirrel,RandomKFold,1,3,GAT,101,122,22,1.506643295288086,0.3513513505458832,1.5498099327087402,0.33707866072654724,True,100
squirrel,RandomKFold,1,3,SAGE,100,105,5,1.4545785188674927,0.4054054021835327,1.464423656463623,0.35280898213386536,True,100
squirrel,RandomKFold,1,3,SAGE,101,105,5,1.4772523641586304,0.37612614035606384,1.4583728313446045,0.3573033809661865,True,100
squirrel,RandomKFold,1,2,MixHop,100,110,10,1.511950135231018,0.35505616664886475,1.4845298528671265,0.3977528214454651,True,100
squirrel,RandomKFold,1,2,MixHop,101,111,11,1.5174767971038818,0.36853933334350586,1.4627901315689087,0.3932584226131439,True,100
squirrel,RandomKFold,1,3,GPRGNN,100,121,21,1.551663875579834,0.3536036014556885,1.5869624614715576,0.33707866072654724,True,100
squirrel,RandomKFold,1,3,GPRGNN,101,139,39,1.546398401260376,0.36036035418510437,1.5686789751052856,0.33483144640922546,True,100
squirrel,RandomKFold,1,3,H2GCN,100,124,24,1.5044327974319458,0.30180180072784424,1.488816261291504,0.2921348214149475,True,100
squirrel,RandomKFold,1,4,MLP,100,111,11,1.482305884361267,0.36486485600471497,1.5315622091293335,0.342342346906662,True,100
squirrel,RandomKFold,1,4,MLP,101,111,11,1.458188772201538,0.3513513505458832,1.501022458076477,0.3445945978164673,True,100
squirrel,RandomKFold,1,3,H2GCN,101,124,24,1.501480221748352,0.3198198080062866,1.483633279800415,0.2898876368999481,True,100
squirrel,RandomKFold,1,4,GCN,100,105,5,1.565209150314331,0.3400900959968567,1.5762544870376587,0.3536036014556885,True,100
squirrel,RandomKFold,1,4,GCN,101,107,7,1.570334553718567,0.3536036014556885,1.5769972801208496,0.3558558523654938,True,100
squirrel,RandomKFold,1,4,GAT,100,108,8,1.497695803642273,0.3581081032752991,1.5176353454589844,0.3581081032752991,True,100
squirrel,RandomKFold,1,4,GAT,101,119,19,1.5067675113677979,0.37162160873413086,1.505326747894287,0.36936935782432556,True,100
squirrel,RandomKFold,1,4,SAGE,100,107,7,1.3973910808563232,0.38738739490509033,1.4567819833755493,0.3963963985443115,True,100
squirrel,RandomKFold,1,4,SAGE,101,106,6,1.405410885810852,0.3941441476345062,1.4690464735031128,0.37162160873413086,True,100
squirrel,RandomKFold,1,3,MixHop,100,109,9,1.5231640338897705,0.37387385964393616,1.538700819015503,0.32359549403190613,True,100
squirrel,RandomKFold,1,4,GPRGNN,100,159,59,1.536492109298706,0.342342346906662,1.5716253519058228,0.3558558523654938,True,100
squirrel,RandomKFold,1,4,GPRGNN,101,116,16,1.5257238149642944,0.36711710691452026,1.5687892436981201,0.3445945978164673,True,100
squirrel,RandomKFold,1,3,MixHop,101,114,14,1.523932933807373,0.38288289308547974,1.5305001735687256,0.35505616664886475,True,100
squirrel,RandomKFold,1,4,H2GCN,100,118,18,1.5158600807189941,0.3198198080062866,1.5085201263427734,0.3355855941772461,True,100
squirrel,RandomKFold,1,5,MLP,100,110,10,1.5250532627105713,0.32359549403190613,1.5128470659255981,0.3175675570964813,True,100
squirrel,RandomKFold,1,5,MLP,101,110,10,1.5092979669570923,0.3280898928642273,1.4857054948806763,0.3378378450870514,True,100
squirrel,RandomKFold,1,4,H2GCN,101,119,19,1.514594316482544,0.3130630552768707,1.5023488998413086,0.3400900959968567,True,100
squirrel,RandomKFold,1,5,GCN,100,266,166,1.5556739568710327,0.3955056071281433,1.5908302068710327,0.38288289308547974,True,100
squirrel,RandomKFold,1,5,GCN,101,268,168,1.5389769077301025,0.3932584226131439,1.5683543682098389,0.38738739490509033,True,100
squirrel,RandomKFold,1,5,GAT,100,110,10,1.5074411630630493,0.35056179761886597,1.5047780275344849,0.3445945978164673,True,100
squirrel,RandomKFold,1,5,GAT,101,163,63,1.4892796277999878,0.35056179761886597,1.5614800453186035,0.3490990996360779,True,100
squirrel,RandomKFold,1,5,SAGE,100,107,7,1.4404821395874023,0.3797752857208252,1.4157172441482544,0.37837839126586914,True,100
squirrel,RandomKFold,1,5,SAGE,101,107,7,1.4468828439712524,0.3617977499961853,1.4185428619384766,0.36936935782432556,True,100
squirrel,RandomKFold,1,4,MixHop,100,109,9,1.488911509513855,0.37387385964393616,1.5179650783538818,0.36936935782432556,True,100
squirrel,RandomKFold,1,5,GPRGNN,100,168,68,1.5453130006790161,0.3640449345111847,1.5735574960708618,0.342342346906662,True,100
squirrel,RandomKFold,1,4,MixHop,101,111,11,1.4659172296524048,0.36711710691452026,1.503653883934021,0.3445945978164673,True,100
squirrel,RandomKFold,1,5,GPRGNN,101,206,106,1.5461710691452026,0.37078651785850525,1.6055216789245605,0.3310810923576355,True,100
squirrel,RandomKFold,1,5,H2GCN,100,127,27,1.49761164188385,0.3101123571395874,1.531083583831787,0.28153154253959656,True,100
squirrel,RandomKFold,1,5,H2GCN,101,126,26,1.4998952150344849,0.29887640476226807,1.5280307531356812,0.29279279708862305,True,100
squirrel,RandomKFold,1,5,MixHop,100,109,9,1.5269221067428589,0.3640449345111847,1.5048282146453857,0.36936935782432556,True,100
squirrel,RandomKFold,1,5,MixHop,101,111,11,1.515984296798706,0.35505616664886475,1.4867101907730103,0.3581081032752991,True,100
squirrel,LabelStratifiedKFold,1,1,MLP,101,109,9,1.5165095329284668,0.33483144640922546,1.4853615760803223,0.3483146131038666,True,100
squirrel,LabelStratifiedKFold,1,1,MLP,100,110,10,1.5342810153961182,0.31910112500190735,1.4998522996902466,0.32359549403190613,True,100
squirrel,LabelStratifiedKFold,1,1,GCN,101,105,5,1.58134126663208,0.33707866072654724,1.5847185850143433,0.32134830951690674,True,100
squirrel,LabelStratifiedKFold,1,1,GCN,100,105,5,1.587364673614502,0.33932584524154663,1.5818612575531006,0.32134830951690674,True,100
squirrel,LabelStratifiedKFold,1,1,GAT,101,108,8,1.5379363298416138,0.3460674285888672,1.5357437133789062,0.31910112500190735,True,100
squirrel,LabelStratifiedKFold,1,1,GAT,100,109,9,1.5376293659210205,0.35280898213386536,1.539668083190918,0.31910112500190735,True,100
squirrel,LabelStratifiedKFold,1,1,SAGE,101,105,5,1.4901739358901978,0.3595505654811859,1.4585472345352173,0.35280898213386536,True,100
squirrel,LabelStratifiedKFold,1,1,SAGE,100,105,5,1.4747849702835083,0.35505616664886475,1.4528255462646484,0.36853933334350586,True,100
squirrel,LabelStratifiedKFold,1,1,GPRGNN,100,107,7,1.5808223485946655,0.3617977499961853,1.5806623697280884,0.31460675597190857,True,100
squirrel,LabelStratifiedKFold,1,1,GPRGNN,101,116,16,1.5766777992248535,0.3483146131038666,1.562786340713501,0.3460674285888672,True,100
squirrel,LabelStratifiedKFold,1,1,H2GCN,100,126,26,1.501923680305481,0.3325842618942261,1.515397071838379,0.3101123571395874,True,100
squirrel,LabelStratifiedKFold,1,2,MLP,100,111,11,1.501104474067688,0.3280898928642273,1.5191205739974976,0.32134830951690674,True,100
squirrel,LabelStratifiedKFold,1,1,H2GCN,101,126,26,1.4983490705490112,0.3483146131038666,1.5153124332427979,0.30337077379226685,True,100
squirrel,LabelStratifiedKFold,1,2,MLP,101,111,11,1.464104413986206,0.3573033809661865,1.4956856966018677,0.3595505654811859,True,100
squirrel,LabelStratifiedKFold,1,2,GCN,100,106,6,1.5598461627960205,0.36629214882850647,1.590924859046936,0.33932584524154663,True,100
squirrel,LabelStratifiedKFold,1,2,GCN,101,107,7,1.563103437423706,0.3460674285888672,1.5875709056854248,0.3438202142715454,True,100
squirrel,LabelStratifiedKFold,1,2,GAT,100,120,20,1.4837017059326172,0.3595505654811859,1.5462110042572021,0.33483144640922546,True,100
squirrel,LabelStratifiedKFold,1,2,GAT,101,120,20,1.472833514213562,0.36629214882850647,1.5489754676818848,0.341573029756546,True,100
squirrel,LabelStratifiedKFold,1,2,SAGE,101,106,6,1.4205574989318848,0.38651683926582336,1.4860527515411377,0.35505616664886475,True,100
squirrel,LabelStratifiedKFold,1,2,SAGE,100,107,7,1.4148902893066406,0.384269654750824,1.4599754810333252,0.3595505654811859,True,100
squirrel,LabelStratifiedKFold,1,1,MixHop,100,107,7,1.5360426902770996,0.3438202142715454,1.5142713785171509,0.35280898213386536,True,100
squirrel,LabelStratifiedKFold,1,2,GPRGNN,100,113,13,1.5561519861221313,0.36853933334350586,1.5846784114837646,0.3483146131038666,True,100
squirrel,LabelStratifiedKFold,1,1,MixHop,101,110,10,1.5439765453338623,0.33707866072654724,1.4911695718765259,0.3460674285888672,True,100
squirrel,LabelStratifiedKFold,1,2,GPRGNN,101,116,16,1.5556931495666504,0.3617977499961853,1.5846993923187256,0.3280898928642273,True,100
squirrel,LabelStratifiedKFold,1,2,H2GCN,100,123,23,1.5078442096710205,0.29887640476226807,1.5032293796539307,0.3303370773792267,True,100
squirrel,LabelStratifiedKFold,1,3,MLP,100,111,11,1.4881131649017334,0.3536036014556885,1.5213860273361206,0.31685394048690796,True,100
squirrel,LabelStratifiedKFold,1,3,MLP,101,111,11,1.4842673540115356,0.36261260509490967,1.4823650121688843,0.3573033809661865,True,100
squirrel,LabelStratifiedKFold,1,2,H2GCN,101,122,22,1.5083554983139038,0.30112358927726746,1.4995527267456055,0.3325842618942261,True,100
squirrel,LabelStratifiedKFold,1,3,GCN,100,310,210,1.5335190296173096,0.4166666567325592,1.617613673210144,0.3775281012058258,True,100
squirrel,LabelStratifiedKFold,1,3,GCN,101,288,188,1.5212211608886719,0.38513514399528503,1.5881595611572266,0.3820224702358246,True,100
squirrel,LabelStratifiedKFold,1,3,GAT,100,110,10,1.5081813335418701,0.3468468487262726,1.5062099695205688,0.35505616664886475,True,100
squirrel,LabelStratifiedKFold,1,3,GAT,101,167,67,1.5089967250823975,0.3581081032752991,1.5372925996780396,0.3483146131038666,True,100
squirrel,LabelStratifiedKFold,1,3,SAGE,100,107,7,1.4318747520446777,0.37837839126586914,1.4619277715682983,0.3617977499961853,True,100
squirrel,LabelStratifiedKFold,1,3,SAGE,101,108,8,1.4134224653244019,0.4009009003639221,1.468867301940918,0.3617977499961853,True,100
squirrel,LabelStratifiedKFold,1,2,MixHop,100,109,9,1.487915277481079,0.3820224702358246,1.542831540107727,0.3617977499961853,True,100
squirrel,LabelStratifiedKFold,1,3,GPRGNN,100,145,45,1.5103634595870972,0.3918918967247009,1.6281081438064575,0.341573029756546,True,100
squirrel,LabelStratifiedKFold,1,2,MixHop,101,114,14,1.4807928800582886,0.41797754168510437,1.5458580255508423,0.3617977499961853,True,100
squirrel,LabelStratifiedKFold,1,3,GPRGNN,101,141,41,1.5142625570297241,0.38963964581489563,1.5939775705337524,0.31910112500190735,True,100
squirrel,LabelStratifiedKFold,1,3,H2GCN,100,127,27,1.482528567314148,0.3310810923576355,1.5272568464279175,0.3101123571395874,True,100
squirrel,LabelStratifiedKFold,1,4,MLP,100,112,12,1.497212290763855,0.3220720589160919,1.5039564371109009,0.36036035418510437,True,100
squirrel,LabelStratifiedKFold,1,4,MLP,101,111,11,1.463392972946167,0.3918918967247009,1.4927150011062622,0.3558558523654938,True,100
squirrel,LabelStratifiedKFold,1,3,H2GCN,101,126,26,1.4798160791397095,0.3400900959968567,1.5252296924591064,0.3258427083492279,True,100
squirrel,LabelStratifiedKFold,1,4,GCN,100,106,6,1.5612475872039795,0.36486485600471497,1.559098243713379,0.3536036014556885,True,100
squirrel,LabelStratifiedKFold,1,4,GCN,101,107,7,1.5661790370941162,0.3378378450870514,1.5571372509002686,0.36036035418510437,True,100
squirrel,LabelStratifiedKFold,1,4,GAT,100,115,15,1.4976624250411987,0.3468468487262726,1.499428391456604,0.36036035418510437,True,100
squirrel,LabelStratifiedKFold,1,4,GAT,101,113,13,1.4975612163543701,0.3378378450870514,1.4927563667297363,0.3536036014556885,True,100
squirrel,LabelStratifiedKFold,1,4,SAGE,100,109,9,1.385507345199585,0.4211711585521698,1.3973389863967896,0.4054054021835327,True,100
squirrel,LabelStratifiedKFold,1,4,SAGE,101,109,9,1.3822686672210693,0.3963963985443115,1.3757505416870117,0.3941441476345062,True,100
squirrel,LabelStratifiedKFold,1,3,MixHop,100,109,9,1.513021469116211,0.36261260509490967,1.5254192352294922,0.37303370237350464,True,100
squirrel,LabelStratifiedKFold,1,3,MixHop,101,113,13,1.4951545000076294,0.38738739490509033,1.5430407524108887,0.35056179761886597,True,100
squirrel,LabelStratifiedKFold,1,4,GPRGNN,100,423,323,1.4658715724945068,0.38738739490509033,1.511399507522583,0.36711710691452026,True,100
squirrel,LabelStratifiedKFold,1,4,GPRGNN,101,143,43,1.489540696144104,0.36711710691452026,1.5104378461837769,0.36486485600471497,True,100
squirrel,LabelStratifiedKFold,1,4,H2GCN,100,123,23,1.4904650449752808,0.29504504799842834,1.478581428527832,0.342342346906662,True,100
squirrel,LabelStratifiedKFold,1,5,MLP,100,111,11,1.5039966106414795,0.3258427083492279,1.4751392602920532,0.3581081032752991,True,100
squirrel,LabelStratifiedKFold,1,5,MLP,101,111,11,1.4769922494888306,0.3460674285888672,1.4612748622894287,0.37387385964393616,True,100
squirrel,LabelStratifiedKFold,1,4,H2GCN,101,123,23,1.4883952140808105,0.29279279708862305,1.4754810333251953,0.342342346906662,True,100
squirrel,LabelStratifiedKFold,1,5,GCN,100,108,8,1.57941734790802,0.3438202142715454,1.5708796977996826,0.3490990996360779,True,100
squirrel,LabelStratifiedKFold,1,5,GCN,101,106,6,1.5851209163665771,0.341573029756546,1.5723274946212769,0.3468468487262726,True,100
squirrel,LabelStratifiedKFold,1,5,GAT,100,116,16,1.5328354835510254,0.3123595416545868,1.4977964162826538,0.36936935782432556,True,100
squirrel,LabelStratifiedKFold,1,5,GAT,101,121,21,1.527848243713379,0.33707866072654724,1.500874400138855,0.3536036014556885,True,100
squirrel,LabelStratifiedKFold,1,5,SAGE,100,108,8,1.4371814727783203,0.3595505654811859,1.3925502300262451,0.4031531512737274,True,100
squirrel,LabelStratifiedKFold,1,5,SAGE,101,108,8,1.445927381515503,0.3595505654811859,1.398586392402649,0.37612614035606384,True,100
squirrel,LabelStratifiedKFold,1,4,MixHop,100,109,9,1.4845134019851685,0.38738739490509033,1.48122239112854,0.38063064217567444,True,100
squirrel,LabelStratifiedKFold,1,4,MixHop,101,111,11,1.4528610706329346,0.3963963985443115,1.4901905059814453,0.36261260509490967,True,100
squirrel,LabelStratifiedKFold,1,5,GPRGNN,100,114,14,1.5625827312469482,0.35056179761886597,1.5459157228469849,0.3558558523654938,True,100
squirrel,LabelStratifiedKFold,1,5,GPRGNN,101,118,18,1.5497909784317017,0.35056179761886597,1.5357255935668945,0.36486485600471497,True,100
squirrel,LabelStratifiedKFold,1,5,H2GCN,100,121,21,1.5209033489227295,0.32359549403190613,1.4999362230300903,0.3130630552768707,True,100
squirrel,LabelStratifiedKFold,1,5,H2GCN,101,121,21,1.5180624723434448,0.31460675597190857,1.4930009841918945,0.31081080436706543,True,100
squirrel,LabelStratifiedKFold,1,5,MixHop,100,110,10,1.504213571548462,0.3617977499961853,1.4909526109695435,0.38513514399528503,True,100
squirrel,LabelStratifiedKFold,1,5,MixHop,101,113,13,1.4786542654037476,0.3617977499961853,1.4379936456680298,0.4166666567325592,True,100
squirrel,Sklearn_NeighHet_b450,1,1,MLP,101,110,10,1.5038546323776245,0.341573029756546,1.4762178659439087,0.35056179761886597,True,100
squirrel,Sklearn_NeighHet_b450,1,1,MLP,100,111,11,1.5203866958618164,0.3460674285888672,1.4865024089813232,0.3573033809661865,True,100
squirrel,Sklearn_NeighHet_b450,1,1,GCN,100,105,5,1.5765315294265747,0.3258427083492279,1.5679420232772827,0.3595505654811859,True,100
squirrel,Sklearn_NeighHet_b450,1,1,GCN,101,106,6,1.5779149532318115,0.32359549403190613,1.574591040611267,0.35280898213386536,True,100
squirrel,Sklearn_NeighHet_b450,1,1,GAT,101,109,9,1.5183205604553223,0.3258427083492279,1.5063447952270508,0.341573029756546,True,100
squirrel,Sklearn_NeighHet_b450,1,1,GAT,100,110,10,1.5106741189956665,0.33932584524154663,1.508695125579834,0.3483146131038666,True,100
squirrel,Sklearn_NeighHet_b450,1,1,SAGE,100,107,7,1.4274848699569702,0.3797752857208252,1.4223822355270386,0.36853933334350586,True,100
squirrel,Sklearn_NeighHet_b450,1,1,SAGE,101,106,6,1.443243145942688,0.35505616664886475,1.4285688400268555,0.3775281012058258,True,100
squirrel,Sklearn_NeighHet_b450,1,1,GPRGNN,100,115,15,1.5628224611282349,0.33483144640922546,1.5603907108306885,0.3617977499961853,True,100
squirrel,Sklearn_NeighHet_b450,1,1,GPRGNN,101,115,15,1.5674959421157837,0.3280898928642273,1.5613391399383545,0.35056179761886597,True,100
squirrel,Sklearn_NeighHet_b450,1,1,H2GCN,100,123,23,1.5076816082000732,0.35056179761886597,1.4844293594360352,0.3460674285888672,True,100
squirrel,Sklearn_NeighHet_b450,1,1,H2GCN,101,122,22,1.5060893297195435,0.33932584524154663,1.4848816394805908,0.3280898928642273,True,100
squirrel,Sklearn_NeighHet_b450,1,2,MLP,100,111,11,1.4934654235839844,0.3438202142715454,1.5295312404632568,0.32359549403190613,True,100
squirrel,Sklearn_NeighHet_b450,1,2,MLP,101,111,11,1.4701857566833496,0.37528088688850403,1.5079940557479858,0.35280898213386536,True,100
squirrel,Sklearn_NeighHet_b450,1,2,GCN,101,285,185,1.5301965475082397,0.3797752857208252,1.6972676515579224,0.36629214882850647,True,100
squirrel,Sklearn_NeighHet_b450,1,2,GCN,100,398,298,1.5291534662246704,0.4089887738227844,1.6897467374801636,0.3932584226131439,True,100
squirrel,Sklearn_NeighHet_b450,1,2,GAT,100,122,22,1.5010149478912354,0.35505616664886475,1.5317116975784302,0.3438202142715454,True,100
squirrel,Sklearn_NeighHet_b450,1,2,GAT,101,112,12,1.497426152229309,0.3617977499961853,1.5186057090759277,0.3483146131038666,True,100
squirrel,Sklearn_NeighHet_b450,1,2,SAGE,100,106,6,1.4308788776397705,0.3820224702358246,1.4361095428466797,0.384269654750824,True,100
squirrel,Sklearn_NeighHet_b450,1,2,SAGE,101,108,8,1.424739956855774,0.3977528214454651,1.442093014717102,0.36853933334350586,True,100
squirrel,Sklearn_NeighHet_b450,1,1,MixHop,100,109,9,1.515047311782837,0.35505616664886475,1.5317238569259644,0.3617977499961853,True,100
squirrel,Sklearn_NeighHet_b450,1,1,MixHop,101,110,10,1.4967540502548218,0.35056179761886597,1.491679072380066,0.37078651785850525,True,100
squirrel,Sklearn_NeighHet_b450,1,2,GPRGNN,101,122,22,1.5271116495132446,0.36629214882850647,1.5829980373382568,0.35056179761886597,True,100
squirrel,Sklearn_NeighHet_b450,1,2,GPRGNN,100,185,85,1.5171855688095093,0.3775281012058258,1.6120996475219727,0.35056179761886597,True,100
squirrel,Sklearn_NeighHet_b450,1,2,H2GCN,100,128,28,1.4808175563812256,0.33932584524154663,1.518761157989502,0.2808988690376282,True,100
squirrel,Sklearn_NeighHet_b450,1,3,MLP,100,111,11,1.5088896751403809,0.3198198080062866,1.4921833276748657,0.3483146131038666,True,100
squirrel,Sklearn_NeighHet_b450,1,3,MLP,101,111,11,1.4812226295471191,0.37162160873413086,1.4634565114974976,0.384269654750824,True,100
squirrel,Sklearn_NeighHet_b450,1,2,H2GCN,101,128,28,1.4791074991226196,0.3303370773792267,1.5139737129211426,0.28539326786994934,True,100
squirrel,Sklearn_NeighHet_b450,1,3,GCN,100,108,8,1.5821201801300049,0.3400900959968567,1.5736050605773926,0.35280898213386536,True,100
squirrel,Sklearn_NeighHet_b450,1,3,GCN,101,106,6,1.587403416633606,0.3400900959968567,1.5748100280761719,0.3617977499961853,True,100
squirrel,Sklearn_NeighHet_b450,1,3,GAT,100,109,9,1.5244407653808594,0.3198198080062866,1.5230400562286377,0.36853933334350586,True,100
squirrel,Sklearn_NeighHet_b450,1,3,GAT,101,116,16,1.5032503604888916,0.3513513505458832,1.5230811834335327,0.3573033809661865,True,100
squirrel,Sklearn_NeighHet_b450,1,3,SAGE,100,107,7,1.4171417951583862,0.37612614035606384,1.4395761489868164,0.3932584226131439,True,100
squirrel,Sklearn_NeighHet_b450,1,3,SAGE,101,106,6,1.4476851224899292,0.36711710691452026,1.45462167263031,0.37303370237350464,True,100
squirrel,Sklearn_NeighHet_b450,1,2,MixHop,100,111,11,1.4919391870498657,0.3820224702358246,1.4990276098251343,0.3640449345111847,True,100
squirrel,Sklearn_NeighHet_b450,1,3,GPRGNN,100,136,36,1.562888503074646,0.38063064217567444,1.5378925800323486,0.3775281012058258,True,100
squirrel,Sklearn_NeighHet_b450,1,2,MixHop,101,113,13,1.4498897790908813,0.40224719047546387,1.5401811599731445,0.3483146131038666,True,100
squirrel,Sklearn_NeighHet_b450,1,3,GPRGNN,101,142,42,1.5600875616073608,0.3536036014556885,1.517556071281433,0.3617977499961853,True,100
squirrel,Sklearn_NeighHet_b450,1,3,H2GCN,100,128,28,1.509940266609192,0.2590090036392212,1.470076560974121,0.32359549403190613,True,100
squirrel,Sklearn_NeighHet_b450,1,4,MLP,100,111,11,1.4870514869689941,0.3220720589160919,1.5296200513839722,0.315315306186676,True,100
squirrel,Sklearn_NeighHet_b450,1,4,MLP,101,111,11,1.4581867456436157,0.3468468487262726,1.5098956823349,0.342342346906662,True,100
squirrel,Sklearn_NeighHet_b450,1,3,H2GCN,101,128,28,1.501582145690918,0.272522509098053,1.4704606533050537,0.31910112500190735,True,100
squirrel,Sklearn_NeighHet_b450,1,4,GCN,100,105,5,1.5682322978973389,0.3288288414478302,1.5740087032318115,0.3220720589160919,True,100
squirrel,Sklearn_NeighHet_b450,1,4,GCN,101,106,6,1.565941572189331,0.3175675570964813,1.57475745677948,0.3378378450870514,True,100
squirrel,Sklearn_NeighHet_b450,1,4,GAT,100,121,21,1.5256779193878174,0.3265765905380249,1.5308701992034912,0.3310810923576355,True,100
squirrel,Sklearn_NeighHet_b450,1,4,GAT,101,120,20,1.525756597518921,0.3243243098258972,1.5150717496871948,0.3243243098258972,True,100
squirrel,Sklearn_NeighHet_b450,1,4,SAGE,100,107,7,1.4531046152114868,0.3536036014556885,1.4264644384384155,0.36486485600471497,True,100
squirrel,Sklearn_NeighHet_b450,1,4,SAGE,101,107,7,1.4651399850845337,0.3468468487262726,1.434435486793518,0.3468468487262726,True,100
squirrel,Sklearn_NeighHet_b450,1,3,MixHop,100,111,11,1.5103422403335571,0.38288289308547974,1.5008541345596313,0.384269654750824,True,100
squirrel,Sklearn_NeighHet_b450,1,4,GPRGNN,100,114,14,1.5436086654663086,0.3536036014556885,1.5837111473083496,0.3355855941772461,True,100
squirrel,Sklearn_NeighHet_b450,1,3,MixHop,101,115,15,1.505998134613037,0.36711710691452026,1.462226390838623,0.3977528214454651,True,100
squirrel,Sklearn_NeighHet_b450,1,4,GPRGNN,101,186,86,1.5143592357635498,0.36711710691452026,1.6113574504852295,0.3243243098258972,True,100
squirrel,Sklearn_NeighHet_b450,1,4,H2GCN,100,123,23,1.4885280132293701,0.30405405163764954,1.503784418106079,0.29054054617881775,True,100
squirrel,Sklearn_NeighHet_b450,1,5,MLP,100,112,12,1.497408390045166,0.3280898928642273,1.4632598161697388,0.38288289308547974,True,100
squirrel,Sklearn_NeighHet_b450,1,5,MLP,101,111,11,1.4875504970550537,0.3056179881095886,1.4452131986618042,0.36711710691452026,True,100
squirrel,Sklearn_NeighHet_b450,1,5,GCN,100,105,5,1.576751947402954,0.33483144640922546,1.5799447298049927,0.3310810923576355,True,100
squirrel,Sklearn_NeighHet_b450,1,4,H2GCN,101,122,22,1.4897536039352417,0.31081080436706543,1.5009853839874268,0.28828829526901245,True,100
squirrel,Sklearn_NeighHet_b450,1,5,GAT,100,110,10,1.5188462734222412,0.33932584524154663,1.5480644702911377,0.30405405163764954,True,100
squirrel,Sklearn_NeighHet_b450,1,5,GCN,101,263,163,1.5749808549880981,0.37303370237350464,1.6580480337142944,0.36036035418510437,True,100
squirrel,Sklearn_NeighHet_b450,1,5,GAT,101,145,45,1.5223714113235474,0.33483144640922546,1.5750586986541748,0.3378378450870514,True,100
squirrel,Sklearn_NeighHet_b450,1,5,SAGE,100,108,8,1.4382473230361938,0.3573033809661865,1.4697613716125488,0.3400900959968567,True,100
squirrel,Sklearn_NeighHet_b450,1,5,SAGE,101,107,7,1.418798565864563,0.3797752857208252,1.4581830501556396,0.3445945978164673,True,100
squirrel,Sklearn_NeighHet_b450,1,4,MixHop,100,108,8,1.5174087285995483,0.3288288414478302,1.5068986415863037,0.36261260509490967,True,100
squirrel,Sklearn_NeighHet_b450,1,4,MixHop,101,110,10,1.4880260229110718,0.3378378450870514,1.5015583038330078,0.3378378450870514,True,100
squirrel,Sklearn_NeighHet_b450,1,5,GPRGNN,100,236,136,1.550827980041504,0.36629214882850647,1.5241953134536743,0.36036035418510437,True,100
squirrel,Sklearn_NeighHet_b450,1,5,H2GCN,100,127,27,1.488699197769165,0.31685394048690796,1.5125370025634766,0.3288288414478302,True,100
squirrel,Sklearn_NeighHet_b450,1,5,GPRGNN,101,332,232,1.5118849277496338,0.33707866072654724,1.5164891481399536,0.37162160873413086,True,100
squirrel,Sklearn_NeighHet_b450,1,5,H2GCN,101,127,27,1.4850537776947021,0.3258427083492279,1.5105516910552979,0.3288288414478302,True,100
squirrel,Sklearn_NeighHet_b450,1,5,MixHop,100,108,8,1.5352272987365723,0.33932584524154663,1.5239285230636597,0.3513513505458832,True,100
squirrel,Sklearn_NeighHet_b450,1,5,MixHop,101,110,10,1.486206293106079,0.37528088688850403,1.4878785610198975,0.36036035418510437,True,100
squirrel,RandomKFold,2,1,MLP,101,111,11,1.461402416229248,0.3595505654811859,1.5013507604599,0.3617977499961853,True,100
squirrel,RandomKFold,2,1,MLP,100,112,12,1.4902600049972534,0.3460674285888672,1.5280699729919434,0.3280898928642273,True,100
squirrel,RandomKFold,2,1,GCN,100,105,5,1.580397129058838,0.3303370773792267,1.5817179679870605,0.33932584524154663,True,100
squirrel,RandomKFold,2,1,GCN,101,105,5,1.588726282119751,0.3123595416545868,1.5769134759902954,0.3303370773792267,True,100
squirrel,RandomKFold,2,1,GAT,100,109,9,1.5195313692092896,0.33483144640922546,1.521315097808838,0.33932584524154663,True,100
squirrel,RandomKFold,2,1,GAT,101,121,21,1.5179967880249023,0.33707866072654724,1.5178781747817993,0.33932584524154663,True,100
squirrel,RandomKFold,2,1,SAGE,101,106,6,1.4425166845321655,0.37528088688850403,1.4403880834579468,0.3573033809661865,True,100
squirrel,RandomKFold,2,1,SAGE,100,107,7,1.4286433458328247,0.38876405358314514,1.4225212335586548,0.37303370237350464,True,100
squirrel,RandomKFold,2,1,GPRGNN,100,163,63,1.5473394393920898,0.35280898213386536,1.553162693977356,0.3438202142715454,True,100
squirrel,RandomKFold,2,1,GPRGNN,101,284,184,1.52051842212677,0.3640449345111847,1.6252038478851318,0.33932584524154663,True,100
squirrel,RandomKFold,2,1,H2GCN,100,129,29,1.4693341255187988,0.30337077379226685,1.5003291368484497,0.28539326786994934,True,100
squirrel,RandomKFold,2,2,MLP,100,111,11,1.4875763654708862,0.3595505654811859,1.4765907526016235,0.3325842618942261,True,100
squirrel,RandomKFold,2,2,MLP,101,111,11,1.466809630393982,0.3820224702358246,1.4716585874557495,0.35505616664886475,True,100
squirrel,RandomKFold,2,2,GCN,100,104,4,1.5748913288116455,0.341573029756546,1.5771673917770386,0.3460674285888672,True,100
squirrel,RandomKFold,2,1,H2GCN,101,129,29,1.4702157974243164,0.31910112500190735,1.4954787492752075,0.2943820357322693,True,100
squirrel,RandomKFold,2,2,GCN,101,106,6,1.5772428512573242,0.3438202142715454,1.5812387466430664,0.35505616664886475,True,100
squirrel,RandomKFold,2,2,GAT,100,114,14,1.509363055229187,0.33932584524154663,1.5263547897338867,0.3460674285888672,True,100
squirrel,RandomKFold,2,2,GAT,101,136,36,1.506354808807373,0.3573033809661865,1.5437184572219849,0.3460674285888672,True,100
squirrel,RandomKFold,2,2,SAGE,100,107,7,1.416214108467102,0.4000000059604645,1.4360380172729492,0.39101123809814453,True,100
squirrel,RandomKFold,2,2,SAGE,101,107,7,1.4191886186599731,0.3820224702358246,1.4263474941253662,0.37303370237350464,True,100
squirrel,RandomKFold,2,1,MixHop,100,111,11,1.519700050354004,0.3573033809661865,1.539910078048706,0.3573033809661865,True,100
squirrel,RandomKFold,2,1,MixHop,101,114,14,1.506298542022705,0.38651683926582336,1.5104634761810303,0.3640449345111847,True,100
squirrel,RandomKFold,2,2,GPRGNN,100,183,83,1.5543060302734375,0.3483146131038666,1.5458288192749023,0.36853933334350586,True,100
squirrel,RandomKFold,2,2,GPRGNN,101,113,13,1.5506007671356201,0.3595505654811859,1.5737968683242798,0.35505616664886475,True,100
squirrel,RandomKFold,2,2,H2GCN,100,126,26,1.5226870775222778,0.32359549403190613,1.4963111877441406,0.32134830951690674,True,100
squirrel,RandomKFold,2,3,MLP,100,111,11,1.5002557039260864,0.342342346906662,1.5080368518829346,0.3325842618942261,True,100
squirrel,RandomKFold,2,3,MLP,101,111,11,1.4897862672805786,0.36261260509490967,1.4723654985427856,0.3640449345111847,True,100
squirrel,RandomKFold,2,2,H2GCN,101,125,25,1.5206191539764404,0.32359549403190613,1.4965475797653198,0.3258427083492279,True,100
squirrel,RandomKFold,2,3,GCN,100,107,7,1.563772439956665,0.3310810923576355,1.5818438529968262,0.3775281012058258,True,100
squirrel,RandomKFold,2,3,GCN,101,108,8,1.560573697090149,0.3468468487262726,1.5815749168395996,0.3617977499961853,True,100
squirrel,RandomKFold,2,3,GAT,100,110,10,1.5084296464920044,0.3378378450870514,1.5270270109176636,0.3483146131038666,True,100
squirrel,RandomKFold,2,3,GAT,101,113,13,1.5110688209533691,0.3355855941772461,1.5363513231277466,0.33932584524154663,True,100
squirrel,RandomKFold,2,3,SAGE,100,107,7,1.4202008247375488,0.38288289308547974,1.4297760725021362,0.38876405358314514,True,100
squirrel,RandomKFold,2,3,SAGE,101,107,7,1.4448113441467285,0.3558558523654938,1.4226086139678955,0.39101123809814453,True,100
squirrel,RandomKFold,2,2,MixHop,100,108,8,1.5121489763259888,0.33707866072654724,1.504960536956787,0.38876405358314514,True,100
squirrel,RandomKFold,2,3,GPRGNN,100,111,11,1.5352301597595215,0.3400900959968567,1.5712074041366577,0.3617977499961853,True,100
squirrel,RandomKFold,2,2,MixHop,101,110,10,1.502511739730835,0.3595505654811859,1.5056893825531006,0.37078651785850525,True,100
squirrel,RandomKFold,2,3,GPRGNN,101,116,16,1.5346699953079224,0.3355855941772461,1.5609760284423828,0.341573029756546,True,100
squirrel,RandomKFold,2,3,H2GCN,100,124,24,1.4858561754226685,0.315315306186676,1.5126951932907104,0.3056179881095886,True,100
squirrel,RandomKFold,2,4,MLP,100,112,12,1.4790271520614624,0.3468468487262726,1.5312188863754272,0.3130630552768707,True,100
squirrel,RandomKFold,2,3,H2GCN,101,125,25,1.4832491874694824,0.3198198080062866,1.508301019668579,0.3056179881095886,True,100
squirrel,RandomKFold,2,4,MLP,101,111,11,1.4683407545089722,0.3918918967247009,1.4851534366607666,0.3513513505458832,True,100
squirrel,RandomKFold,2,4,GCN,100,108,8,1.5570999383926392,0.37837839126586914,1.5800751447677612,0.3243243098258972,True,100
squirrel,RandomKFold,2,4,GCN,101,107,7,1.5548045635223389,0.36936935782432556,1.5686219930648804,0.3243243098258972,True,100
squirrel,RandomKFold,2,4,GAT,100,117,17,1.4893306493759155,0.37162160873413086,1.5186620950698853,0.3378378450870514,True,100
squirrel,RandomKFold,2,4,GAT,101,121,21,1.4881666898727417,0.36261260509490967,1.51270592212677,0.3175675570964813,True,100
squirrel,RandomKFold,2,4,SAGE,100,107,7,1.4255818128585815,0.38963964581489563,1.4143832921981812,0.37837839126586914,True,100
squirrel,RandomKFold,2,4,SAGE,101,107,7,1.4176777601242065,0.3941441476345062,1.4364417791366577,0.3558558523654938,True,100
squirrel,RandomKFold,2,3,MixHop,100,108,8,1.5026494264602661,0.3513513505458832,1.5075783729553223,0.3438202142715454,True,100
squirrel,RandomKFold,2,3,MixHop,101,111,11,1.4647090435028076,0.3490990996360779,1.502530574798584,0.38651683926582336,True,100
squirrel,RandomKFold,2,4,GPRGNN,100,252,152,1.4733169078826904,0.3941441476345062,1.5564507246017456,0.3490990996360779,True,100
squirrel,RandomKFold,2,4,GPRGNN,101,150,50,1.483041763305664,0.3963963985443115,1.575818419456482,0.3355855941772461,True,100
squirrel,RandomKFold,2,4,H2GCN,100,121,21,1.493747353553772,0.36486485600471497,1.486367106437683,0.3198198080062866,True,100
squirrel,RandomKFold,2,5,MLP,100,110,10,1.5224781036376953,0.29887640476226807,1.4771045446395874,0.36936935782432556,True,100
squirrel,RandomKFold,2,5,MLP,101,110,10,1.5091079473495483,0.31685394048690796,1.454443335533142,0.37837839126586914,True,100
squirrel,RandomKFold,2,5,GCN,100,104,4,1.5847481489181519,0.3325842618942261,1.568629503250122,0.36261260509490967,True,100
squirrel,RandomKFold,2,4,H2GCN,101,121,21,1.491927981376648,0.3513513505458832,1.486183524131775,0.31081080436706543,True,100
squirrel,RandomKFold,2,5,GAT,100,116,16,1.530910849571228,0.3325842618942261,1.5136332511901855,0.3468468487262726,True,100
squirrel,RandomKFold,2,5,GCN,101,288,188,1.5622905492782593,0.37528088688850403,1.617700219154358,0.3941441476345062,True,100
squirrel,RandomKFold,2,5,GAT,101,113,13,1.5317847728729248,0.3280898928642273,1.4958741664886475,0.3468468487262726,True,100
squirrel,RandomKFold,2,5,SAGE,100,107,7,1.4401270151138306,0.35505616664886475,1.435120701789856,0.3963963985443115,True,100
squirrel,RandomKFold,2,5,SAGE,101,108,8,1.4499965906143188,0.3640449345111847,1.4432729482650757,0.37837839126586914,True,100
squirrel,RandomKFold,2,4,MixHop,100,109,9,1.4970154762268066,0.37837839126586914,1.5200475454330444,0.342342346906662,True,100
squirrel,RandomKFold,2,5,GPRGNN,100,121,21,1.5506435632705688,0.3595505654811859,1.5663692951202393,0.37612614035606384,True,100
squirrel,RandomKFold,2,4,MixHop,101,113,13,1.4413769245147705,0.3963963985443115,1.5113953351974487,0.3400900959968567,True,100
squirrel,RandomKFold,2,5,GPRGNN,101,143,43,1.5499238967895508,0.341573029756546,1.4987646341323853,0.37837839126586914,True,100
squirrel,RandomKFold,2,5,H2GCN,100,125,25,1.506266713142395,0.3056179881095886,1.494155764579773,0.3310810923576355,True,100
squirrel,RandomKFold,2,5,H2GCN,101,125,25,1.50047767162323,0.3325842618942261,1.4915093183517456,0.3310810923576355,True,100
squirrel,RandomKFold,2,5,MixHop,100,109,9,1.5279678106307983,0.341573029756546,1.4931496381759644,0.37162160873413086,True,100
squirrel,RandomKFold,2,5,MixHop,101,111,11,1.5023239850997925,0.35505616664886475,1.466609001159668,0.38513514399528503,True,100
squirrel,LabelStratifiedKFold,2,1,MLP,100,111,11,1.5030287504196167,0.3573033809661865,1.5184783935546875,0.29887640476226807,True,100
squirrel,LabelStratifiedKFold,2,1,MLP,101,111,11,1.469604730606079,0.3775281012058258,1.502820372581482,0.32134830951690674,True,100
squirrel,LabelStratifiedKFold,2,1,GCN,101,104,4,1.5911873579025269,0.2966292202472687,1.5686938762664795,0.3438202142715454,True,100
squirrel,LabelStratifiedKFold,2,1,GCN,100,105,5,1.5826044082641602,0.2966292202472687,1.569238305091858,0.3438202142715454,True,100
squirrel,LabelStratifiedKFold,2,1,GAT,101,109,9,1.53628408908844,0.3101123571395874,1.5109702348709106,0.3460674285888672,True,100
squirrel,LabelStratifiedKFold,2,1,GAT,100,109,9,1.547855257987976,0.3056179881095886,1.5207607746124268,0.33932584524154663,True,100
squirrel,LabelStratifiedKFold,2,1,SAGE,100,106,6,1.458428978919983,0.37303370237350464,1.4607782363891602,0.3797752857208252,True,100
squirrel,LabelStratifiedKFold,2,1,SAGE,101,106,6,1.4566924571990967,0.3595505654811859,1.4500634670257568,0.37078651785850525,True,100
squirrel,LabelStratifiedKFold,2,1,GPRGNN,101,141,41,1.5622361898422241,0.3483146131038666,1.5949668884277344,0.31460675597190857,True,100
squirrel,LabelStratifiedKFold,2,1,GPRGNN,100,153,53,1.5506947040557861,0.35056179761886597,1.6319544315338135,0.28764045238494873,True,100
squirrel,LabelStratifiedKFold,2,1,H2GCN,100,129,29,1.4810572862625122,0.32359549403190613,1.5531264543533325,0.2539325952529907,True,100
squirrel,LabelStratifiedKFold,2,2,MLP,100,112,12,1.4796441793441772,0.341573029756546,1.5170923471450806,0.341573029756546,True,100
squirrel,LabelStratifiedKFold,2,1,H2GCN,101,130,30,1.4803258180618286,0.32359549403190613,1.5449228286743164,0.26966291666030884,True,100
squirrel,LabelStratifiedKFold,2,2,MLP,101,111,11,1.4620800018310547,0.35056179761886597,1.4767224788665771,0.37078651785850525,True,100
squirrel,LabelStratifiedKFold,2,2,GCN,100,105,5,1.572205662727356,0.3595505654811859,1.5843515396118164,0.3123595416545868,True,100
squirrel,LabelStratifiedKFold,2,2,GCN,101,106,6,1.5703974962234497,0.35505616664886475,1.5958473682403564,0.307865172624588,True,100
squirrel,LabelStratifiedKFold,2,2,GAT,100,111,11,1.5103734731674194,0.35505616664886475,1.5473675727844238,0.2921348214149475,True,100
squirrel,LabelStratifiedKFold,2,2,GAT,101,109,9,1.5096917152404785,0.35505616664886475,1.5391943454742432,0.3303370773792267,True,100
squirrel,LabelStratifiedKFold,2,2,SAGE,100,108,8,1.4373955726623535,0.384269654750824,1.4516390562057495,0.35505616664886475,True,100
squirrel,LabelStratifiedKFold,2,2,SAGE,101,107,7,1.4488219022750854,0.3595505654811859,1.4679841995239258,0.33707866072654724,True,100
squirrel,LabelStratifiedKFold,2,1,MixHop,100,109,9,1.5270521640777588,0.3438202142715454,1.5125393867492676,0.3483146131038666,True,100
squirrel,LabelStratifiedKFold,2,1,MixHop,101,113,13,1.5202425718307495,0.35280898213386536,1.5063360929489136,0.3595505654811859,True,100
squirrel,LabelStratifiedKFold,2,2,GPRGNN,100,243,143,1.5354640483856201,0.3438202142715454,1.6359752416610718,0.3303370773792267,True,100
squirrel,LabelStratifiedKFold,2,2,GPRGNN,101,203,103,1.5191917419433594,0.36853933334350586,1.6202316284179688,0.3280898928642273,True,100
squirrel,LabelStratifiedKFold,2,2,H2GCN,100,125,25,1.4934931993484497,0.3258427083492279,1.4920045137405396,0.341573029756546,True,100
squirrel,LabelStratifiedKFold,2,3,MLP,100,111,11,1.5161949396133423,0.3265765905380249,1.4593098163604736,0.37528088688850403,True,100
squirrel,LabelStratifiedKFold,2,3,MLP,101,110,10,1.4982872009277344,0.3558558523654938,1.4426522254943848,0.39101123809814453,True,100
squirrel,LabelStratifiedKFold,2,3,GCN,100,105,5,1.5721408128738403,0.3445945978164673,1.5745956897735596,0.36853933334350586,True,100
squirrel,LabelStratifiedKFold,2,2,H2GCN,101,125,25,1.4937999248504639,0.3258427083492279,1.4919395446777344,0.3123595416545868,True,100
squirrel,LabelStratifiedKFold,2,3,GCN,101,106,6,1.5770244598388672,0.3513513505458832,1.5768812894821167,0.3573033809661865,True,100
squirrel,LabelStratifiedKFold,2,3,GAT,100,116,16,1.49272620677948,0.342342346906662,1.5025194883346558,0.36853933334350586,True,100
squirrel,LabelStratifiedKFold,2,3,GAT,101,113,13,1.5055960416793823,0.3288288414478302,1.5037897825241089,0.36629214882850647,True,100
squirrel,LabelStratifiedKFold,2,3,SAGE,100,107,7,1.4405308961868286,0.3558558523654938,1.4298714399337769,0.3820224702358246,True,100
squirrel,LabelStratifiedKFold,2,3,SAGE,101,107,7,1.4371312856674194,0.3513513505458832,1.4326739311218262,0.38876405358314514,True,100
squirrel,LabelStratifiedKFold,2,2,MixHop,100,110,10,1.4793798923492432,0.3775281012058258,1.5456445217132568,0.33707866072654724,True,100
squirrel,LabelStratifiedKFold,2,3,GPRGNN,100,112,12,1.5645290613174438,0.3400900959968567,1.5626111030578613,0.3617977499961853,True,100
squirrel,LabelStratifiedKFold,2,2,MixHop,101,114,14,1.4565211534500122,0.40449437499046326,1.5331038236618042,0.35505616664886475,True,100
squirrel,LabelStratifiedKFold,2,3,GPRGNN,101,116,16,1.54984712600708,0.36261260509490967,1.5374716520309448,0.37303370237350464,True,100
squirrel,LabelStratifiedKFold,2,3,H2GCN,100,123,23,1.5009279251098633,0.31081080436706543,1.4868313074111938,0.3303370773792267,True,100
squirrel,LabelStratifiedKFold,2,4,MLP,100,111,11,1.5206764936447144,0.3445945978164673,1.5411100387573242,0.342342346906662,True,100
squirrel,LabelStratifiedKFold,2,4,MLP,101,111,11,1.4932490587234497,0.3355855941772461,1.5154074430465698,0.36261260509490967,True,100
squirrel,LabelStratifiedKFold,2,3,H2GCN,101,123,23,1.501603603363037,0.3198198080062866,1.4882358312606812,0.33707866072654724,True,100
squirrel,LabelStratifiedKFold,2,4,GCN,100,105,5,1.5865980386734009,0.3288288414478302,1.5681957006454468,0.3355855941772461,True,100
squirrel,LabelStratifiedKFold,2,4,GCN,101,103,3,1.5871473550796509,0.3310810923576355,1.5881356000900269,0.3468468487262726,True,100
squirrel,LabelStratifiedKFold,2,4,GAT,100,109,9,1.5199997425079346,0.3378378450870514,1.4964210987091064,0.3445945978164673,True,100
squirrel,LabelStratifiedKFold,2,4,GAT,101,114,14,1.5257883071899414,0.3198198080062866,1.5010899305343628,0.3333333432674408,True,100
squirrel,LabelStratifiedKFold,2,4,SAGE,100,107,7,1.4332435131072998,0.36711710691452026,1.4421477317810059,0.37162160873413086,True,100
squirrel,LabelStratifiedKFold,2,4,SAGE,101,107,7,1.420861005783081,0.3581081032752991,1.4335192441940308,0.36936935782432556,True,100
squirrel,LabelStratifiedKFold,2,3,MixHop,100,108,8,1.5074666738510132,0.3581081032752991,1.4854577779769897,0.3932584226131439,True,100
squirrel,LabelStratifiedKFold,2,4,GPRGNN,100,108,8,1.573198914527893,0.3310810923576355,1.5700092315673828,0.3558558523654938,True,100
squirrel,LabelStratifiedKFold,2,3,MixHop,101,111,11,1.5089415311813354,0.3513513505458832,1.4404789209365845,0.39101123809814453,True,100
squirrel,LabelStratifiedKFold,2,4,GPRGNN,101,111,11,1.5718228816986084,0.3243243098258972,1.5662115812301636,0.3468468487262726,True,100
squirrel,LabelStratifiedKFold,2,4,H2GCN,100,127,27,1.4861116409301758,0.29054054617881775,1.5198564529418945,0.272522509098053,True,100
squirrel,LabelStratifiedKFold,2,5,MLP,100,111,11,1.5107020139694214,0.3258427083492279,1.5039565563201904,0.3400900959968567,True,100
squirrel,LabelStratifiedKFold,2,4,H2GCN,101,129,29,1.4794117212295532,0.30855855345726013,1.5248535871505737,0.28378379344940186,True,100
squirrel,LabelStratifiedKFold,2,5,MLP,101,110,10,1.501251459121704,0.33932584524154663,1.4861382246017456,0.3468468487262726,True,100
squirrel,LabelStratifiedKFold,2,5,GCN,100,105,5,1.571102261543274,0.3595505654811859,1.5932084321975708,0.3333333432674408,True,100
squirrel,LabelStratifiedKFold,2,5,GCN,101,106,6,1.5686829090118408,0.3483146131038666,1.590775966644287,0.3243243098258972,True,100
squirrel,LabelStratifiedKFold,2,5,GAT,100,115,15,1.5206365585327148,0.33707866072654724,1.5423729419708252,0.315315306186676,True,100
squirrel,LabelStratifiedKFold,2,5,GAT,101,114,14,1.5109807252883911,0.33707866072654724,1.54117751121521,0.3288288414478302,True,100
squirrel,LabelStratifiedKFold,2,5,SAGE,101,106,6,1.4516792297363281,0.37078651785850525,1.4377729892730713,0.36486485600471497,True,100
squirrel,LabelStratifiedKFold,2,5,SAGE,100,107,7,1.4543414115905762,0.37528088688850403,1.4480922222137451,0.37387385964393616,True,100
squirrel,LabelStratifiedKFold,2,4,MixHop,100,109,9,1.5196003913879395,0.3400900959968567,1.5152140855789185,0.3558558523654938,True,100
squirrel,LabelStratifiedKFold,2,4,MixHop,101,110,10,1.514124870300293,0.36036035418510437,1.5061821937561035,0.3513513505458832,True,100
squirrel,LabelStratifiedKFold,2,5,GPRGNN,100,110,10,1.5529364347457886,0.3460674285888672,1.5722860097885132,0.31081080436706543,True,100
squirrel,LabelStratifiedKFold,2,5,GPRGNN,101,111,11,1.547858476638794,0.35505616664886475,1.5706437826156616,0.315315306186676,True,100
squirrel,LabelStratifiedKFold,2,5,H2GCN,100,121,21,1.5176875591278076,0.3123595416545868,1.489681601524353,0.3333333432674408,True,100
squirrel,LabelStratifiedKFold,2,5,H2GCN,101,121,21,1.5115993022918701,0.31910112500190735,1.4874701499938965,0.3333333432674408,True,100
squirrel,LabelStratifiedKFold,2,5,MixHop,100,108,8,1.5052809715270996,0.3595505654811859,1.528333067893982,0.36036035418510437,True,100
squirrel,LabelStratifiedKFold,2,5,MixHop,101,110,10,1.4924286603927612,0.3640449345111847,1.5157902240753174,0.36486485600471497,True,100
squirrel,Sklearn_NeighHet_b450,2,1,MLP,101,110,10,1.4937405586242676,0.3325842618942261,1.4775357246398926,0.35280898213386536,True,100
squirrel,Sklearn_NeighHet_b450,2,1,MLP,100,111,11,1.4974052906036377,0.3325842618942261,1.4995063543319702,0.3595505654811859,True,100
squirrel,Sklearn_NeighHet_b450,2,1,GCN,100,106,6,1.5766162872314453,0.33932584524154663,1.5706332921981812,0.3617977499961853,True,100
squirrel,Sklearn_NeighHet_b450,2,1,GCN,101,106,6,1.5726832151412964,0.35056179761886597,1.5683238506317139,0.35056179761886597,True,100
squirrel,Sklearn_NeighHet_b450,2,1,GAT,100,110,10,1.5088038444519043,0.3460674285888672,1.5011261701583862,0.37303370237350464,True,100
squirrel,Sklearn_NeighHet_b450,2,1,GAT,101,114,14,1.5006319284439087,0.36629214882850647,1.5086480379104614,0.37303370237350464,True,100
squirrel,Sklearn_NeighHet_b450,2,1,SAGE,100,107,7,1.419612169265747,0.3977528214454651,1.4140721559524536,0.3820224702358246,True,100
squirrel,Sklearn_NeighHet_b450,2,1,SAGE,101,109,9,1.4126043319702148,0.39101123809814453,1.3998937606811523,0.4134831428527832,True,100
squirrel,Sklearn_NeighHet_b450,2,1,GPRGNN,100,110,10,1.5686273574829102,0.35505616664886475,1.5602470636367798,0.35280898213386536,True,100
squirrel,Sklearn_NeighHet_b450,2,1,GPRGNN,101,116,16,1.5524137020111084,0.3595505654811859,1.5468556880950928,0.35056179761886597,True,100
squirrel,Sklearn_NeighHet_b450,2,1,H2GCN,100,129,29,1.492563009262085,0.2764045000076294,1.48883056640625,0.31685394048690796,True,100
squirrel,Sklearn_NeighHet_b450,2,2,MLP,100,109,9,1.537972331047058,0.30112358927726746,1.5127127170562744,0.341573029756546,True,100
squirrel,Sklearn_NeighHet_b450,2,2,MLP,101,109,9,1.5242620706558228,0.31460675597190857,1.4953609704971313,0.3303370773792267,True,100
squirrel,Sklearn_NeighHet_b450,2,1,H2GCN,101,128,28,1.4883970022201538,0.27415731549263,1.4892196655273438,0.31685394048690796,True,100
squirrel,Sklearn_NeighHet_b450,2,2,GCN,100,105,5,1.5820550918579102,0.3325842618942261,1.5782015323638916,0.3460674285888672,True,100
squirrel,Sklearn_NeighHet_b450,2,2,GCN,101,106,6,1.5859583616256714,0.3303370773792267,1.579440712928772,0.3483146131038666,True,100
squirrel,Sklearn_NeighHet_b450,2,2,GAT,100,107,7,1.532082438468933,0.33707866072654724,1.5294262170791626,0.3460674285888672,True,100
squirrel,Sklearn_NeighHet_b450,2,2,GAT,101,119,19,1.5284548997879028,0.33707866072654724,1.5084625482559204,0.3573033809661865,True,100
squirrel,Sklearn_NeighHet_b450,2,2,SAGE,100,107,7,1.462767481803894,0.33707866072654724,1.4313994646072388,0.384269654750824,True,100
squirrel,Sklearn_NeighHet_b450,2,2,SAGE,101,108,8,1.4535468816757202,0.36853933334350586,1.4314165115356445,0.37528088688850403,True,100
squirrel,Sklearn_NeighHet_b450,2,1,MixHop,100,109,9,1.5033271312713623,0.3797752857208252,1.4788193702697754,0.37078651785850525,True,100
squirrel,Sklearn_NeighHet_b450,2,2,GPRGNN,100,109,9,1.5749403238296509,0.33707866072654724,1.5691680908203125,0.3438202142715454,True,100
squirrel,Sklearn_NeighHet_b450,2,1,MixHop,101,113,13,1.4557175636291504,0.3617977499961853,1.4482625722885132,0.36629214882850647,True,100
squirrel,Sklearn_NeighHet_b450,2,2,GPRGNN,101,110,10,1.5783909559249878,0.32359549403190613,1.572380781173706,0.33483144640922546,True,100
squirrel,Sklearn_NeighHet_b450,2,2,H2GCN,100,128,28,1.5177459716796875,0.2966292202472687,1.4927393198013306,0.26966291666030884,True,100
squirrel,Sklearn_NeighHet_b450,2,3,MLP,100,112,12,1.4810421466827393,0.3220720589160919,1.5418883562088013,0.33483144640922546,True,100
squirrel,Sklearn_NeighHet_b450,2,3,MLP,101,111,11,1.4667750597000122,0.3581081032752991,1.5058547258377075,0.3438202142715454,True,100
squirrel,Sklearn_NeighHet_b450,2,2,H2GCN,101,127,27,1.5114710330963135,0.31460675597190857,1.487376093864441,0.2921348214149475,True,100
squirrel,Sklearn_NeighHet_b450,2,3,GCN,100,106,6,1.5815192461013794,0.3310810923576355,1.5718833208084106,0.35505616664886475,True,100
squirrel,Sklearn_NeighHet_b450,2,3,GCN,101,106,6,1.5760128498077393,0.3378378450870514,1.5685261487960815,0.3460674285888672,True,100
squirrel,Sklearn_NeighHet_b450,2,3,GAT,100,111,11,1.5132354497909546,0.3355855941772461,1.5170514583587646,0.3325842618942261,True,100
squirrel,Sklearn_NeighHet_b450,2,3,GAT,101,121,21,1.514145016670227,0.3490990996360779,1.5227090120315552,0.33932584524154663,True,100
squirrel,Sklearn_NeighHet_b450,2,3,SAGE,100,107,7,1.4174375534057617,0.3986486494541168,1.4466025829315186,0.36629214882850647,True,100
squirrel,Sklearn_NeighHet_b450,2,3,SAGE,101,107,7,1.4326130151748657,0.37612614035606384,1.447237253189087,0.3573033809661865,True,100
squirrel,Sklearn_NeighHet_b450,2,2,MixHop,100,108,8,1.5361700057983398,0.341573029756546,1.5163933038711548,0.3595505654811859,True,100
squirrel,Sklearn_NeighHet_b450,2,3,GPRGNN,100,135,35,1.5469223260879517,0.36036035418510437,1.5910848379135132,0.35280898213386536,True,100
squirrel,Sklearn_NeighHet_b450,2,2,MixHop,101,110,10,1.5345382690429688,0.33707866072654724,1.4874569177627563,0.35280898213386536,True,100
squirrel,Sklearn_NeighHet_b450,2,3,GPRGNN,101,223,123,1.55579674243927,0.3558558523654938,1.6822224855422974,0.3123595416545868,True,100
squirrel,Sklearn_NeighHet_b450,2,3,H2GCN,100,124,24,1.5200490951538086,0.315315306186676,1.5283493995666504,0.31460675597190857,True,100
squirrel,Sklearn_NeighHet_b450,2,4,MLP,100,110,10,1.524032711982727,0.3220720589160919,1.5020545721054077,0.30630630254745483,True,100
squirrel,Sklearn_NeighHet_b450,2,4,MLP,101,110,10,1.4998286962509155,0.3513513505458832,1.4780758619308472,0.3558558523654938,True,100
squirrel,Sklearn_NeighHet_b450,2,4,GCN,100,105,5,1.5666847229003906,0.36036035418510437,1.5944511890411377,0.3355855941772461,True,100
squirrel,Sklearn_NeighHet_b450,2,3,H2GCN,101,124,24,1.5190441608428955,0.315315306186676,1.519903302192688,0.31685394048690796,True,100
squirrel,Sklearn_NeighHet_b450,2,4,GCN,101,107,7,1.5706114768981934,0.3468468487262726,1.5955110788345337,0.3378378450870514,True,100
squirrel,Sklearn_NeighHet_b450,2,4,GAT,100,110,10,1.5172361135482788,0.3400900959968567,1.5256054401397705,0.3333333432674408,True,100
squirrel,Sklearn_NeighHet_b450,2,4,GAT,101,113,13,1.5095124244689941,0.3581081032752991,1.5398820638656616,0.3265765905380249,True,100
squirrel,Sklearn_NeighHet_b450,2,4,SAGE,100,107,7,1.4289439916610718,0.38738739490509033,1.4221997261047363,0.38963964581489563,True,100
squirrel,Sklearn_NeighHet_b450,2,4,SAGE,101,106,6,1.4375407695770264,0.36036035418510437,1.4331635236740112,0.36936935782432556,True,100
squirrel,Sklearn_NeighHet_b450,2,3,MixHop,100,108,8,1.5139851570129395,0.36261260509490967,1.5245039463043213,0.3573033809661865,True,100
squirrel,Sklearn_NeighHet_b450,2,4,GPRGNN,100,115,15,1.5566520690917969,0.36486485600471497,1.5881564617156982,0.3288288414478302,True,100
squirrel,Sklearn_NeighHet_b450,2,3,MixHop,101,111,11,1.4988481998443604,0.3581081032752991,1.5171774625778198,0.3820224702358246,True,100
squirrel,Sklearn_NeighHet_b450,2,4,GPRGNN,101,117,17,1.5508313179016113,0.342342346906662,1.5799477100372314,0.3288288414478302,True,100
squirrel,Sklearn_NeighHet_b450,2,4,H2GCN,100,121,21,1.5006779432296753,0.30855855345726013,1.5064276456832886,0.3288288414478302,True,100
squirrel,Sklearn_NeighHet_b450,2,5,MLP,100,111,11,1.493388056755066,0.3617977499961853,1.5188089609146118,0.3243243098258972,True,100
squirrel,Sklearn_NeighHet_b450,2,5,MLP,101,111,11,1.465644121170044,0.38651683926582336,1.501343846321106,0.3265765905380249,True,100
squirrel,Sklearn_NeighHet_b450,2,4,H2GCN,101,121,21,1.496258020401001,0.30855855345726013,1.5034993886947632,0.3220720589160919,True,100
squirrel,Sklearn_NeighHet_b450,2,5,GCN,100,106,6,1.5687599182128906,0.3460674285888672,1.5644307136535645,0.3513513505458832,True,100
squirrel,Sklearn_NeighHet_b450,2,5,GCN,101,109,9,1.5666550397872925,0.3573033809661865,1.5670138597488403,0.3558558523654938,True,100
squirrel,Sklearn_NeighHet_b450,2,5,GAT,100,115,15,1.495803713798523,0.35280898213386536,1.5076593160629272,0.342342346906662,True,100
squirrel,Sklearn_NeighHet_b450,2,5,GAT,101,109,9,1.5113483667373657,0.3438202142715454,1.5116287469863892,0.3355855941772461,True,100
squirrel,Sklearn_NeighHet_b450,2,5,SAGE,100,108,8,1.4070881605148315,0.384269654750824,1.4604178667068481,0.36486485600471497,True,100
squirrel,Sklearn_NeighHet_b450,2,5,SAGE,101,108,8,1.4124892950057983,0.38651683926582336,1.4702955484390259,0.37162160873413086,True,100
squirrel,Sklearn_NeighHet_b450,2,4,MixHop,100,109,9,1.510602355003357,0.36486485600471497,1.533637285232544,0.3513513505458832,True,100
squirrel,Sklearn_NeighHet_b450,2,4,MixHop,101,112,12,1.5156428813934326,0.38063064217567444,1.530461311340332,0.3536036014556885,True,100
squirrel,Sklearn_NeighHet_b450,2,5,GPRGNN,100,244,144,1.5360310077667236,0.35280898213386536,1.6041759252548218,0.3288288414478302,True,100
squirrel,Sklearn_NeighHet_b450,2,5,GPRGNN,101,275,175,1.5324995517730713,0.3460674285888672,1.5774171352386475,0.3355855941772461,True,100
squirrel,Sklearn_NeighHet_b450,2,5,H2GCN,100,125,25,1.491949439048767,0.3101123571395874,1.5198811292648315,0.27927929162979126,True,100
squirrel,Sklearn_NeighHet_b450,2,5,H2GCN,101,125,25,1.4880677461624146,0.33483144640922546,1.5182520151138306,0.29729729890823364,True,100
squirrel,Sklearn_NeighHet_b450,2,5,MixHop,100,109,9,1.4927277565002441,0.37528088688850403,1.502846598625183,0.3558558523654938,True,100
squirrel,Sklearn_NeighHet_b450,2,5,MixHop,101,113,13,1.470858097076416,0.39101123809814453,1.5046800374984741,0.37837839126586914,True,100
squirrel,RandomKFold,3,1,MLP,100,111,11,1.495619773864746,0.35280898213386536,1.4885473251342773,0.32134830951690674,True,100
squirrel,RandomKFold,3,1,MLP,101,111,11,1.477263331413269,0.35505616664886475,1.4576728343963623,0.3640449345111847,True,100
squirrel,RandomKFold,3,1,GCN,100,105,5,1.5708578824996948,0.35280898213386536,1.5754534006118774,0.3280898928642273,True,100
squirrel,RandomKFold,3,1,GCN,101,106,6,1.5708239078521729,0.35056179761886597,1.572587013244629,0.341573029756546,True,100
squirrel,RandomKFold,3,1,GAT,100,110,10,1.5117682218551636,0.3325842618942261,1.5390222072601318,0.32134830951690674,True,100
squirrel,RandomKFold,3,1,GAT,101,121,21,1.5075658559799194,0.37078651785850525,1.541794776916504,0.33483144640922546,True,100
squirrel,RandomKFold,3,1,SAGE,100,107,7,1.4305049180984497,0.384269654750824,1.4307266473770142,0.3797752857208252,True,100
squirrel,RandomKFold,3,1,SAGE,101,109,9,1.4379751682281494,0.38876405358314514,1.4437592029571533,0.3775281012058258,True,100
squirrel,RandomKFold,3,1,GPRGNN,100,162,62,1.4802225828170776,0.384269654750824,1.5341740846633911,0.36629214882850647,True,100
squirrel,RandomKFold,3,1,GPRGNN,101,147,47,1.483257532119751,0.37528088688850403,1.5430753231048584,0.35505616664886475,True,100
squirrel,RandomKFold,3,1,H2GCN,100,127,27,1.4777108430862427,0.31685394048690796,1.5148136615753174,0.307865172624588,True,100
squirrel,RandomKFold,3,2,MLP,100,111,11,1.5210908651351929,0.33707866072654724,1.501591444015503,0.3573033809661865,True,100
squirrel,RandomKFold,3,1,H2GCN,101,128,28,1.4770665168762207,0.3101123571395874,1.5198965072631836,0.3123595416545868,True,100
squirrel,RandomKFold,3,2,MLP,101,111,11,1.4861103296279907,0.3573033809661865,1.4832899570465088,0.3640449345111847,True,100
squirrel,RandomKFold,3,2,GCN,100,106,6,1.5549434423446655,0.3820224702358246,1.5576119422912598,0.3483146131038666,True,100
squirrel,RandomKFold,3,2,GCN,101,106,6,1.5531678199768066,0.3797752857208252,1.5587223768234253,0.37078651785850525,True,100
squirrel,RandomKFold,3,2,GAT,100,109,9,1.487761378288269,0.36853933334350586,1.4986823797225952,0.35280898213386536,True,100
squirrel,RandomKFold,3,2,GAT,101,112,12,1.4818897247314453,0.3573033809661865,1.4871078729629517,0.3460674285888672,True,100
squirrel,RandomKFold,3,2,SAGE,100,107,7,1.4198298454284668,0.37528088688850403,1.4208359718322754,0.3775281012058258,True,100
squirrel,RandomKFold,3,2,SAGE,101,107,7,1.4240846633911133,0.37078651785850525,1.4433220624923706,0.3617977499961853,True,100
squirrel,RandomKFold,3,1,MixHop,100,110,10,1.504562497138977,0.3977528214454651,1.5183703899383545,0.3438202142715454,True,100
squirrel,RandomKFold,3,1,MixHop,101,111,11,1.4798977375030518,0.36853933334350586,1.4889308214187622,0.3595505654811859,True,100
squirrel,RandomKFold,3,2,GPRGNN,100,291,191,1.52015221118927,0.3573033809661865,1.5298715829849243,0.3595505654811859,True,100
squirrel,RandomKFold,3,2,GPRGNN,101,286,186,1.5358062982559204,0.3460674285888672,1.5095458030700684,0.3640449345111847,True,100
squirrel,RandomKFold,3,2,H2GCN,100,122,22,1.4869693517684937,0.33707866072654724,1.49327552318573,0.31910112500190735,True,100
squirrel,RandomKFold,3,3,MLP,100,112,12,1.4900104999542236,0.31081080436706543,1.5383343696594238,0.35505616664886475,True,100
squirrel,RandomKFold,3,3,MLP,101,111,11,1.4843859672546387,0.3310810923576355,1.5035057067871094,0.3640449345111847,True,100
squirrel,RandomKFold,3,2,H2GCN,101,122,22,1.483270525932312,0.341573029756546,1.4934338331222534,0.3123595416545868,True,100
squirrel,RandomKFold,3,3,GCN,100,105,5,1.586644172668457,0.3333333432674408,1.5754069089889526,0.37078651785850525,True,100
squirrel,RandomKFold,3,3,GCN,101,103,3,1.5930583477020264,0.342342346906662,1.5792236328125,0.37303370237350464,True,100
squirrel,RandomKFold,3,3,GAT,100,125,25,1.5259935855865479,0.342342346906662,1.530207872390747,0.3573033809661865,True,100
squirrel,RandomKFold,3,3,GAT,101,112,12,1.5225472450256348,0.3288288414478302,1.5026131868362427,0.3775281012058258,True,100
squirrel,RandomKFold,3,3,SAGE,100,106,6,1.4483106136322021,0.36036035418510437,1.4236456155776978,0.3955056071281433,True,100
squirrel,RandomKFold,3,3,SAGE,101,106,6,1.4422788619995117,0.37837839126586914,1.4311257600784302,0.3955056071281433,True,100
squirrel,RandomKFold,3,2,MixHop,100,109,9,1.484505534172058,0.37528088688850403,1.479656457901001,0.37528088688850403,True,100
squirrel,RandomKFold,3,2,MixHop,101,110,10,1.49080491065979,0.36629214882850647,1.4765276908874512,0.37528088688850403,True,100
squirrel,RandomKFold,3,3,GPRGNN,100,142,42,1.5575587749481201,0.3355855941772461,1.6047810316085815,0.35505616664886475,True,100
squirrel,RandomKFold,3,3,GPRGNN,101,192,92,1.5517346858978271,0.342342346906662,1.5815669298171997,0.3617977499961853,True,100
squirrel,RandomKFold,3,3,H2GCN,100,132,32,1.4402738809585571,0.3378378450870514,1.5002620220184326,0.2898876368999481,True,100
squirrel,RandomKFold,3,4,MLP,100,111,11,1.4896776676177979,0.3490990996360779,1.46095871925354,0.38738739490509033,True,100
squirrel,RandomKFold,3,4,MLP,101,110,10,1.4735333919525146,0.3581081032752991,1.4559154510498047,0.38513514399528503,True,100
squirrel,RandomKFold,3,4,GCN,100,108,8,1.5639792680740356,0.3468468487262726,1.5928966999053955,0.3536036014556885,True,100
squirrel,RandomKFold,3,3,H2GCN,101,132,32,1.4339962005615234,0.3513513505458832,1.4985651969909668,0.28764045238494873,True,100
squirrel,RandomKFold,3,4,GCN,101,106,6,1.5661739110946655,0.3310810923576355,1.5978217124938965,0.3445945978164673,True,100
squirrel,RandomKFold,3,4,GAT,100,111,11,1.5182888507843018,0.3400900959968567,1.5331569910049438,0.3400900959968567,True,100
squirrel,RandomKFold,3,4,GAT,101,116,16,1.5168875455856323,0.3220720589160919,1.5140377283096313,0.3468468487262726,True,100
squirrel,RandomKFold,3,4,SAGE,100,108,8,1.4367448091506958,0.38063064217567444,1.421773910522461,0.37162160873413086,True,100
squirrel,RandomKFold,3,4,SAGE,101,108,8,1.4346249103546143,0.37612614035606384,1.421103835105896,0.3918918967247009,True,100
squirrel,RandomKFold,3,3,MixHop,100,109,9,1.5211504697799683,0.36036035418510437,1.5036975145339966,0.3775281012058258,True,100
squirrel,RandomKFold,3,4,GPRGNN,100,115,15,1.554040551185608,0.36036035418510437,1.5766791105270386,0.342342346906662,True,100
squirrel,RandomKFold,3,3,MixHop,101,112,12,1.512599229812622,0.36486485600471497,1.5133782625198364,0.37528088688850403,True,100
squirrel,RandomKFold,3,4,GPRGNN,101,115,15,1.5361570119857788,0.3490990996360779,1.5722792148590088,0.3400900959968567,True,100
squirrel,RandomKFold,3,4,H2GCN,100,115,15,1.547504186630249,0.315315306186676,1.5053343772888184,0.3536036014556885,True,100
squirrel,RandomKFold,3,5,MLP,100,111,11,1.4834693670272827,0.33932584524154663,1.5123445987701416,0.3310810923576355,True,100
squirrel,RandomKFold,3,5,MLP,101,111,11,1.4729655981063843,0.3438202142715454,1.4918690919876099,0.3468468487262726,True,100
squirrel,RandomKFold,3,4,H2GCN,101,115,15,1.5458829402923584,0.3130630552768707,1.500519037246704,0.3513513505458832,True,100
squirrel,RandomKFold,3,5,GCN,100,105,5,1.5785788297653198,0.33932584524154663,1.5713834762573242,0.3288288414478302,True,100
squirrel,RandomKFold,3,5,GCN,101,106,6,1.5717867612838745,0.35056179761886597,1.5681962966918945,0.3490990996360779,True,100
squirrel,RandomKFold,3,5,GAT,100,114,14,1.519827961921692,0.3280898928642273,1.527890920639038,0.3220720589160919,True,100
squirrel,RandomKFold,3,5,GAT,101,110,10,1.5266544818878174,0.3438202142715454,1.5420198440551758,0.3220720589160919,True,100
squirrel,RandomKFold,3,5,SAGE,100,108,8,1.4394904375076294,0.3820224702358246,1.4714264869689941,0.3468468487262726,True,100
squirrel,RandomKFold,3,5,SAGE,101,107,7,1.4407007694244385,0.36629214882850647,1.4663028717041016,0.3355855941772461,True,100
squirrel,RandomKFold,3,4,MixHop,100,110,10,1.496721863746643,0.3581081032752991,1.5336405038833618,0.37162160873413086,True,100
squirrel,RandomKFold,3,5,GPRGNN,100,138,38,1.5525768995285034,0.3483146131038666,1.5894006490707397,0.3558558523654938,True,100
squirrel,RandomKFold,3,4,MixHop,101,113,13,1.4728779792785645,0.37612614035606384,1.5210411548614502,0.37162160873413086,True,100
squirrel,RandomKFold,3,5,GPRGNN,101,118,18,1.551680564880371,0.33707866072654724,1.5354740619659424,0.36711710691452026,True,100
squirrel,RandomKFold,3,5,H2GCN,100,125,25,1.5098685026168823,0.30337077379226685,1.5510172843933105,0.2545045018196106,True,100
squirrel,RandomKFold,3,5,H2GCN,101,124,24,1.5103932619094849,0.3101123571395874,1.542158842086792,0.272522509098053,True,100
squirrel,RandomKFold,3,5,MixHop,100,109,9,1.5107343196868896,0.3573033809661865,1.498105525970459,0.3400900959968567,True,100
squirrel,RandomKFold,3,5,MixHop,101,113,13,1.470043659210205,0.35056179761886597,1.4855414628982544,0.36936935782432556,True,100
squirrel,LabelStratifiedKFold,3,1,MLP,101,110,10,1.4899765253067017,0.33707866072654724,1.4747300148010254,0.35505616664886475,True,100
squirrel,LabelStratifiedKFold,3,1,MLP,100,111,11,1.5164512395858765,0.32359549403190613,1.499714970588684,0.35280898213386536,True,100
squirrel,LabelStratifiedKFold,3,1,GCN,100,105,5,1.5799623727798462,0.3325842618942261,1.5793942213058472,0.341573029756546,True,100
squirrel,LabelStratifiedKFold,3,1,GCN,101,105,5,1.5827624797821045,0.33932584524154663,1.5785984992980957,0.35056179761886597,True,100
squirrel,LabelStratifiedKFold,3,1,GAT,100,108,8,1.539912223815918,0.3325842618942261,1.5292328596115112,0.33483144640922546,True,100
squirrel,LabelStratifiedKFold,3,1,GAT,101,109,9,1.5300053358078003,0.3280898928642273,1.5210188627243042,0.33932584524154663,True,100
squirrel,LabelStratifiedKFold,3,1,SAGE,100,106,6,1.4535422325134277,0.3797752857208252,1.4333510398864746,0.3797752857208252,True,100
squirrel,LabelStratifiedKFold,3,1,SAGE,101,107,7,1.4553223848342896,0.37528088688850403,1.439818263053894,0.3573033809661865,True,100
squirrel,LabelStratifiedKFold,3,1,GPRGNN,100,114,14,1.5749939680099487,0.3640449345111847,1.575573205947876,0.3573033809661865,True,100
squirrel,LabelStratifiedKFold,3,1,GPRGNN,101,118,18,1.5663362741470337,0.35505616664886475,1.5597726106643677,0.37303370237350464,True,100
squirrel,LabelStratifiedKFold,3,1,H2GCN,100,130,30,1.4832139015197754,0.307865172624588,1.487903356552124,0.31910112500190735,True,100
squirrel,LabelStratifiedKFold,3,2,MLP,100,111,11,1.5206698179244995,0.3483146131038666,1.5032391548156738,0.32359549403190613,True,100
squirrel,LabelStratifiedKFold,3,2,MLP,101,110,10,1.523688793182373,0.3101123571395874,1.478730320930481,0.3483146131038666,True,100
squirrel,LabelStratifiedKFold,3,1,H2GCN,101,129,29,1.4848369359970093,0.3101123571395874,1.4888980388641357,0.31910112500190735,True,100
squirrel,LabelStratifiedKFold,3,2,GCN,101,105,5,1.5765268802642822,0.3303370773792267,1.5797110795974731,0.3460674285888672,True,100
squirrel,LabelStratifiedKFold,3,2,GAT,100,120,20,1.5004611015319824,0.35280898213386536,1.5336103439331055,0.33932584524154663,True,100
squirrel,LabelStratifiedKFold,3,2,GCN,100,334,234,1.5516273975372314,0.40224719047546387,1.551040530204773,0.37303370237350464,True,100
squirrel,LabelStratifiedKFold,3,2,GAT,101,121,21,1.4914605617523193,0.35056179761886597,1.5225591659545898,0.3573033809661865,True,100
squirrel,LabelStratifiedKFold,3,2,SAGE,100,107,7,1.4523509740829468,0.37303370237350464,1.4342293739318848,0.40224719047546387,True,100
squirrel,LabelStratifiedKFold,3,2,SAGE,101,107,7,1.4398515224456787,0.37303370237350464,1.4492188692092896,0.3820224702358246,True,100
squirrel,LabelStratifiedKFold,3,1,MixHop,100,108,8,1.5220683813095093,0.3438202142715454,1.5161772966384888,0.33932584524154663,True,100
squirrel,LabelStratifiedKFold,3,2,GPRGNN,100,115,15,1.5637341737747192,0.35056179761886597,1.5641599893569946,0.3595505654811859,True,100
squirrel,LabelStratifiedKFold,3,1,MixHop,101,113,13,1.4844932556152344,0.38876405358314514,1.512394666671753,0.36853933334350586,True,100
squirrel,LabelStratifiedKFold,3,2,GPRGNN,101,117,17,1.5512948036193848,0.35056179761886597,1.5507498979568481,0.36853933334350586,True,100
squirrel,LabelStratifiedKFold,3,2,H2GCN,100,120,20,1.5145680904388428,0.3123595416545868,1.5158953666687012,0.3280898928642273,True,100
squirrel,LabelStratifiedKFold,3,3,MLP,100,112,12,1.472527027130127,0.36486485600471497,1.5335369110107422,0.3056179881095886,True,100
squirrel,LabelStratifiedKFold,3,2,H2GCN,101,121,21,1.5068475008010864,0.307865172624588,1.5097074508666992,0.3303370773792267,True,100
squirrel,LabelStratifiedKFold,3,3,MLP,101,111,11,1.4596531391143799,0.36486485600471497,1.5156511068344116,0.3460674285888672,True,100
squirrel,LabelStratifiedKFold,3,3,GCN,100,105,5,1.584771752357483,0.3558558523654938,1.57259202003479,0.3258427083492279,True,100
squirrel,LabelStratifiedKFold,3,3,GCN,101,105,5,1.5849716663360596,0.3445945978164673,1.5749523639678955,0.341573029756546,True,100
squirrel,LabelStratifiedKFold,3,3,GAT,100,110,10,1.5301411151885986,0.3378378450870514,1.5076181888580322,0.3460674285888672,True,100
squirrel,LabelStratifiedKFold,3,3,GAT,101,109,9,1.5334621667861938,0.3175675570964813,1.507411003112793,0.3460674285888672,True,100
squirrel,LabelStratifiedKFold,3,3,SAGE,100,108,8,1.3959113359451294,0.37387385964393616,1.4568382501602173,0.3483146131038666,True,100
squirrel,LabelStratifiedKFold,3,3,SAGE,101,108,8,1.420693039894104,0.37387385964393616,1.43862783908844,0.3820224702358246,True,100
squirrel,LabelStratifiedKFold,3,2,MixHop,100,107,7,1.5225932598114014,0.3573033809661865,1.5098072290420532,0.35056179761886597,True,100
squirrel,LabelStratifiedKFold,3,3,GPRGNN,100,110,10,1.5606499910354614,0.3513513505458832,1.566658616065979,0.35056179761886597,True,100
squirrel,LabelStratifiedKFold,3,3,GPRGNN,101,112,12,1.5560107231140137,0.3468468487262726,1.5667412281036377,0.31910112500190735,True,100
squirrel,LabelStratifiedKFold,3,3,H2GCN,100,128,28,1.4664419889450073,0.3355855941772461,1.523706078529358,0.2426966279745102,True,100
squirrel,LabelStratifiedKFold,3,2,MixHop,101,113,13,1.4857394695281982,0.37078651785850525,1.4387279748916626,0.3977528214454651,True,100
squirrel,LabelStratifiedKFold,3,4,MLP,100,111,11,1.5043765306472778,0.3265765905380249,1.487861156463623,0.3468468487262726,True,100
squirrel,LabelStratifiedKFold,3,4,MLP,101,110,10,1.4860360622406006,0.3513513505458832,1.4681309461593628,0.37612614035606384,True,100
squirrel,LabelStratifiedKFold,3,4,GCN,100,107,7,1.5537501573562622,0.36036035418510437,1.5749599933624268,0.3536036014556885,True,100
squirrel,LabelStratifiedKFold,3,3,H2GCN,101,129,29,1.458820104598999,0.3558558523654938,1.5146212577819824,0.2561797797679901,True,100
squirrel,LabelStratifiedKFold,3,4,GCN,101,222,122,1.5404815673828125,0.3918918967247009,1.633297324180603,0.36936935782432556,True,100
squirrel,LabelStratifiedKFold,3,4,GAT,100,118,18,1.4964683055877686,0.3445945978164673,1.5231144428253174,0.3355855941772461,True,100
squirrel,LabelStratifiedKFold,3,4,GAT,101,126,26,1.4866565465927124,0.37162160873413086,1.5544135570526123,0.3355855941772461,True,100
squirrel,LabelStratifiedKFold,3,4,SAGE,100,107,7,1.4434843063354492,0.37387385964393616,1.4044111967086792,0.4009009003639221,True,100
squirrel,LabelStratifiedKFold,3,4,SAGE,101,107,7,1.4428654909133911,0.37612614035606384,1.414380431175232,0.3963963985443115,True,100
squirrel,LabelStratifiedKFold,3,3,MixHop,100,108,8,1.508579134941101,0.3445945978164673,1.5352425575256348,0.3573033809661865,True,100
squirrel,LabelStratifiedKFold,3,3,MixHop,101,110,10,1.5141003131866455,0.3445945978164673,1.5064486265182495,0.3438202142715454,True,100
squirrel,LabelStratifiedKFold,3,4,GPRGNN,100,159,59,1.5493462085723877,0.3536036014556885,1.5789897441864014,0.3445945978164673,True,100
squirrel,LabelStratifiedKFold,3,4,GPRGNN,101,118,18,1.5353813171386719,0.37612614035606384,1.5420819520950317,0.3536036014556885,True,100
squirrel,LabelStratifiedKFold,3,4,H2GCN,100,123,23,1.5054510831832886,0.3175675570964813,1.4909859895706177,0.3175675570964813,True,100
squirrel,LabelStratifiedKFold,3,5,MLP,100,111,11,1.477837324142456,0.3640449345111847,1.5018818378448486,0.36711710691452026,True,100
squirrel,LabelStratifiedKFold,3,5,MLP,101,111,11,1.4663840532302856,0.37078651785850525,1.478630542755127,0.37162160873413086,True,100
squirrel,LabelStratifiedKFold,3,4,H2GCN,101,122,22,1.5067801475524902,0.3400900959968567,1.4906888008117676,0.3175675570964813,True,100
squirrel,LabelStratifiedKFold,3,5,GCN,100,173,73,1.5702524185180664,0.3617977499961853,1.6040549278259277,0.38963964581489563,True,100
squirrel,LabelStratifiedKFold,3,5,GAT,100,128,28,1.5266460180282593,0.33932584524154663,1.5164408683776855,0.3468468487262726,True,100
squirrel,LabelStratifiedKFold,3,5,GCN,101,386,286,1.556743860244751,0.384269654750824,1.5783100128173828,0.4144144058227539,True,100
squirrel,LabelStratifiedKFold,3,5,GAT,101,113,13,1.5134196281433105,0.32359549403190613,1.5021766424179077,0.3468468487262726,True,100
squirrel,LabelStratifiedKFold,3,5,SAGE,100,107,7,1.4388949871063232,0.3797752857208252,1.4565017223358154,0.36711710691452026,True,100
squirrel,LabelStratifiedKFold,3,5,SAGE,101,106,6,1.4374232292175293,0.37303370237350464,1.4552502632141113,0.3490990996360779,True,100
squirrel,LabelStratifiedKFold,3,4,MixHop,100,109,9,1.4963222742080688,0.38738739490509033,1.5056790113449097,0.38063064217567444,True,100
squirrel,LabelStratifiedKFold,3,4,MixHop,101,114,14,1.4772330522537231,0.37387385964393616,1.5252494812011719,0.37162160873413086,True,100
squirrel,LabelStratifiedKFold,3,5,GPRGNN,100,428,328,1.4861204624176025,0.35280898213386536,1.5848981142044067,0.3445945978164673,True,100
squirrel,LabelStratifiedKFold,3,5,H2GCN,100,126,26,1.4902244806289673,0.32134830951690674,1.4770702123641968,0.315315306186676,True,100
squirrel,LabelStratifiedKFold,3,5,GPRGNN,101,344,244,1.4867665767669678,0.3595505654811859,1.5579904317855835,0.3445945978164673,True,100
squirrel,LabelStratifiedKFold,3,5,H2GCN,101,126,26,1.488504409790039,0.31910112500190735,1.4749675989151,0.3400900959968567,True,100
squirrel,LabelStratifiedKFold,3,5,MixHop,100,108,8,1.5167062282562256,0.35505616664886475,1.5058332681655884,0.36261260509490967,True,100
squirrel,LabelStratifiedKFold,3,5,MixHop,101,114,14,1.4891867637634277,0.3797752857208252,1.4671924114227295,0.38063064217567444,True,100
squirrel,Sklearn_NeighHet_b450,3,1,MLP,101,111,11,1.4766218662261963,0.3640449345111847,1.469808578491211,0.3617977499961853,True,100
squirrel,Sklearn_NeighHet_b450,3,1,MLP,100,111,11,1.4896498918533325,0.3617977499961853,1.4811915159225464,0.33932584524154663,True,100
squirrel,Sklearn_NeighHet_b450,3,1,GAT,100,109,9,1.5128554105758667,0.341573029756546,1.5287102460861206,0.3280898928642273,True,100
squirrel,Sklearn_NeighHet_b450,3,1,GAT,101,110,10,1.5022226572036743,0.33483144640922546,1.538214921951294,0.31460675597190857,True,100
squirrel,Sklearn_NeighHet_b450,3,1,GCN,101,385,285,1.543822169303894,0.38876405358314514,1.6893339157104492,0.384269654750824,True,100
squirrel,Sklearn_NeighHet_b450,3,1,GCN,100,417,317,1.5372895002365112,0.36853933334350586,1.6509146690368652,0.384269654750824,True,100
squirrel,Sklearn_NeighHet_b450,3,1,SAGE,101,106,6,1.4544237852096558,0.3820224702358246,1.4413291215896606,0.35505616664886475,True,100
squirrel,Sklearn_NeighHet_b450,3,1,SAGE,100,107,7,1.4445345401763916,0.384269654750824,1.4405581951141357,0.3775281012058258,True,100
squirrel,Sklearn_NeighHet_b450,3,1,GPRGNN,100,115,15,1.550333857536316,0.3460674285888672,1.5938000679016113,0.33483144640922546,True,100
squirrel,Sklearn_NeighHet_b450,3,1,GPRGNN,101,116,16,1.544317603111267,0.3483146131038666,1.5912057161331177,0.341573029756546,True,100
squirrel,Sklearn_NeighHet_b450,3,1,H2GCN,100,129,29,1.491886854171753,0.3258427083492279,1.4827358722686768,0.31910112500190735,True,100
squirrel,Sklearn_NeighHet_b450,3,2,MLP,100,112,12,1.4913614988327026,0.3438202142715454,1.4845012426376343,0.3595505654811859,True,100
squirrel,Sklearn_NeighHet_b450,3,1,H2GCN,101,129,29,1.4861769676208496,0.33483144640922546,1.4771504402160645,0.3325842618942261,True,100
squirrel,Sklearn_NeighHet_b450,3,2,MLP,101,111,11,1.4734444618225098,0.3595505654811859,1.472334623336792,0.35056179761886597,True,100
squirrel,Sklearn_NeighHet_b450,3,2,GCN,100,108,8,1.5538915395736694,0.3775281012058258,1.5725843906402588,0.3483146131038666,True,100
squirrel,Sklearn_NeighHet_b450,3,2,GCN,101,110,10,1.5548776388168335,0.3617977499961853,1.5709155797958374,0.33932584524154663,True,100
squirrel,Sklearn_NeighHet_b450,3,2,GAT,100,115,15,1.4844790697097778,0.37078651785850525,1.5147055387496948,0.3573033809661865,True,100
squirrel,Sklearn_NeighHet_b450,3,2,GAT,101,137,37,1.5026075839996338,0.3483146131038666,1.4933514595031738,0.36629214882850647,True,100
squirrel,Sklearn_NeighHet_b450,3,2,SAGE,100,108,8,1.3665030002593994,0.41797754168510437,1.4255573749542236,0.38651683926582336,True,100
squirrel,Sklearn_NeighHet_b450,3,2,SAGE,101,108,8,1.3831665515899658,0.40449437499046326,1.4283359050750732,0.3820224702358246,True,100
squirrel,Sklearn_NeighHet_b450,3,1,MixHop,100,109,9,1.5041391849517822,0.37303370237350464,1.536339282989502,0.35056179761886597,True,100
squirrel,Sklearn_NeighHet_b450,3,2,GPRGNN,100,137,37,1.5179834365844727,0.3775281012058258,1.5421792268753052,0.36629214882850647,True,100
squirrel,Sklearn_NeighHet_b450,3,1,MixHop,101,111,11,1.4752873182296753,0.36629214882850647,1.502692461013794,0.3573033809661865,True,100
squirrel,Sklearn_NeighHet_b450,3,2,GPRGNN,101,118,18,1.5203436613082886,0.3595505654811859,1.5418685674667358,0.3573033809661865,True,100
squirrel,Sklearn_NeighHet_b450,3,2,H2GCN,100,122,22,1.4934626817703247,0.29887640476226807,1.492031455039978,0.3280898928642273,True,100
squirrel,Sklearn_NeighHet_b450,3,3,MLP,100,110,10,1.5295295715332031,0.3265765905380249,1.4905842542648315,0.35056179761886597,True,100
squirrel,Sklearn_NeighHet_b450,3,3,MLP,101,110,10,1.5045795440673828,0.3220720589160919,1.463461995124817,0.37528088688850403,True,100
squirrel,Sklearn_NeighHet_b450,3,2,H2GCN,101,122,22,1.4910181760787964,0.31910112500190735,1.4858500957489014,0.31910112500190735,True,100
squirrel,Sklearn_NeighHet_b450,3,3,GCN,100,105,5,1.578819751739502,0.3243243098258972,1.5683467388153076,0.35280898213386536,True,100
squirrel,Sklearn_NeighHet_b450,3,3,GCN,101,106,6,1.5789830684661865,0.3243243098258972,1.563417911529541,0.3640449345111847,True,100
squirrel,Sklearn_NeighHet_b450,3,3,GAT,100,110,10,1.535638451576233,0.3130630552768707,1.5038950443267822,0.3460674285888672,True,100
squirrel,Sklearn_NeighHet_b450,3,3,GAT,101,123,23,1.5360831022262573,0.3198198080062866,1.513893485069275,0.35056179761886597,True,100
squirrel,Sklearn_NeighHet_b450,3,3,SAGE,100,106,6,1.4785783290863037,0.3581081032752991,1.3964290618896484,0.40224719047546387,True,100
squirrel,Sklearn_NeighHet_b450,3,3,SAGE,101,106,6,1.484944224357605,0.3581081032752991,1.4091596603393555,0.40224719047546387,True,100
squirrel,Sklearn_NeighHet_b450,3,2,MixHop,100,109,9,1.4778153896331787,0.4000000059604645,1.496953010559082,0.37528088688850403,True,100
squirrel,Sklearn_NeighHet_b450,3,3,GPRGNN,100,162,62,1.5459802150726318,0.3581081032752991,1.5531913042068481,0.37303370237350464,True,100
squirrel,Sklearn_NeighHet_b450,3,2,MixHop,101,113,13,1.435146689414978,0.40674155950546265,1.4620932340621948,0.4000000059604645,True,100
squirrel,Sklearn_NeighHet_b450,3,3,GPRGNN,101,123,23,1.5603123903274536,0.36711710691452026,1.5294665098190308,0.39101123809814453,True,100
squirrel,Sklearn_NeighHet_b450,3,3,H2GCN,100,123,23,1.510814905166626,0.3288288414478302,1.4808305501937866,0.31460675597190857,True,100
squirrel,Sklearn_NeighHet_b450,3,4,MLP,100,111,11,1.4900932312011719,0.3378378450870514,1.5317537784576416,0.30180180072784424,True,100
squirrel,Sklearn_NeighHet_b450,3,4,MLP,101,111,11,1.4642101526260376,0.36711710691452026,1.5033740997314453,0.3265765905380249,True,100
squirrel,Sklearn_NeighHet_b450,3,3,H2GCN,101,122,22,1.510509729385376,0.3130630552768707,1.4796687364578247,0.3280898928642273,True,100
squirrel,Sklearn_NeighHet_b450,3,4,GCN,100,104,4,1.5839259624481201,0.342342346906662,1.5845139026641846,0.315315306186676,True,100
squirrel,Sklearn_NeighHet_b450,3,4,GCN,101,105,5,1.5824817419052124,0.3400900959968567,1.5815341472625732,0.3175675570964813,True,100
squirrel,Sklearn_NeighHet_b450,3,4,GAT,100,109,9,1.5266969203948975,0.3490990996360779,1.5449203252792358,0.3220720589160919,True,100
squirrel,Sklearn_NeighHet_b450,3,4,GAT,101,113,13,1.517038345336914,0.3490990996360779,1.538804292678833,0.3265765905380249,True,100
squirrel,Sklearn_NeighHet_b450,3,4,SAGE,100,107,7,1.4253123998641968,0.38963964581489563,1.4908446073532104,0.3513513505458832,True,100
squirrel,Sklearn_NeighHet_b450,3,4,SAGE,101,107,7,1.4251823425292969,0.37837839126586914,1.4834511280059814,0.3581081032752991,True,100
squirrel,Sklearn_NeighHet_b450,3,3,MixHop,100,109,9,1.5289437770843506,0.3355855941772461,1.4821001291275024,0.40224719047546387,True,100
squirrel,Sklearn_NeighHet_b450,3,4,GPRGNN,100,145,45,1.539038062095642,0.3581081032752991,1.5357557535171509,0.38288289308547974,True,100
squirrel,Sklearn_NeighHet_b450,3,4,GPRGNN,101,141,41,1.5342975854873657,0.36936935782432556,1.5683501958847046,0.37162160873413086,True,100
squirrel,Sklearn_NeighHet_b450,3,3,MixHop,101,112,12,1.4929195642471313,0.36261260509490967,1.456911563873291,0.3955056071281433,True,100
squirrel,Sklearn_NeighHet_b450,3,4,H2GCN,100,124,24,1.5070186853408813,0.3130630552768707,1.5141310691833496,0.3220720589160919,True,100
squirrel,Sklearn_NeighHet_b450,3,5,MLP,100,112,12,1.482935905456543,0.37078651785850525,1.5120941400527954,0.3220720589160919,True,100
squirrel,Sklearn_NeighHet_b450,3,5,MLP,101,112,12,1.461422085762024,0.36853933334350586,1.4910863637924194,0.3513513505458832,True,100
squirrel,Sklearn_NeighHet_b450,3,4,H2GCN,101,124,24,1.5025010108947754,0.3198198080062866,1.512027382850647,0.3265765905380249,True,100
squirrel,Sklearn_NeighHet_b450,3,5,GCN,100,104,4,1.5806138515472412,0.341573029756546,1.5817569494247437,0.3400900959968567,True,100
squirrel,Sklearn_NeighHet_b450,3,5,GCN,101,106,6,1.5848841667175293,0.33707866072654724,1.5795341730117798,0.3310810923576355,True,100
squirrel,Sklearn_NeighHet_b450,3,5,GAT,100,109,9,1.5098378658294678,0.33707866072654724,1.5210751295089722,0.3310810923576355,True,100
squirrel,Sklearn_NeighHet_b450,3,5,GAT,101,110,10,1.5117430686950684,0.3258427083492279,1.5135961771011353,0.3490990996360779,True,100
squirrel,Sklearn_NeighHet_b450,3,5,SAGE,100,107,7,1.430091142654419,0.35280898213386536,1.4280816316604614,0.3558558523654938,True,100
squirrel,Sklearn_NeighHet_b450,3,5,SAGE,101,108,8,1.418932557106018,0.36853933334350586,1.429909586906433,0.37612614035606384,True,100
squirrel,Sklearn_NeighHet_b450,3,4,MixHop,100,108,8,1.5053770542144775,0.3513513505458832,1.5502926111221313,0.3220720589160919,True,100
squirrel,Sklearn_NeighHet_b450,3,4,MixHop,101,110,10,1.5229755640029907,0.3513513505458832,1.5125725269317627,0.3333333432674408,True,100
squirrel,Sklearn_NeighHet_b450,3,5,GPRGNN,100,291,191,1.5134626626968384,0.3483146131038666,1.5487662553787231,0.37612614035606384,True,100
squirrel,Sklearn_NeighHet_b450,3,5,GPRGNN,101,354,254,1.5122419595718384,0.36853933334350586,1.5636670589447021,0.3490990996360779,True,100
squirrel,Sklearn_NeighHet_b450,3,5,H2GCN,100,131,31,1.4615927934646606,0.35505616664886475,1.5246458053588867,0.29054054617881775,True,100
squirrel,Sklearn_NeighHet_b450,3,5,H2GCN,101,131,31,1.457898736000061,0.3617977499961853,1.5200130939483643,0.29729729890823364,True,100
squirrel,Sklearn_NeighHet_b450,3,5,MixHop,100,107,7,1.530064582824707,0.33483144640922546,1.5039324760437012,0.37612614035606384,True,100
squirrel,Sklearn_NeighHet_b450,3,5,MixHop,101,114,14,1.4787378311157227,0.37078651785850525,1.5170379877090454,0.3536036014556885,True,100
squirrel,RandomKFold,4,1,MLP,101,111,11,1.4773694276809692,0.3483146131038666,1.4836007356643677,0.33707866072654724,True,100
squirrel,RandomKFold,4,1,MLP,100,111,11,1.498515248298645,0.3460674285888672,1.5029476881027222,0.33483144640922546,True,100
squirrel,RandomKFold,4,1,GCN,100,105,5,1.5691981315612793,0.35056179761886597,1.566500186920166,0.3438202142715454,True,100
squirrel,RandomKFold,4,1,GCN,101,106,6,1.5726252794265747,0.33932584524154663,1.5686784982681274,0.3258427083492279,True,100
squirrel,RandomKFold,4,1,GAT,100,110,10,1.5068217515945435,0.3460674285888672,1.5047519207000732,0.3258427083492279,True,100
squirrel,RandomKFold,4,1,GAT,101,114,14,1.4961742162704468,0.3595505654811859,1.5024535655975342,0.33707866072654724,True,100
squirrel,RandomKFold,4,1,SAGE,101,108,8,1.3692940473556519,0.39101123809814453,1.457898736000061,0.3573033809661865,True,100
squirrel,RandomKFold,4,1,SAGE,100,108,8,1.3860704898834229,0.40449437499046326,1.4602861404418945,0.3775281012058258,True,100
squirrel,RandomKFold,4,1,GPRGNN,101,117,17,1.5507299900054932,0.3483146131038666,1.5475324392318726,0.3573033809661865,True,100
squirrel,RandomKFold,4,1,H2GCN,100,128,28,1.4854974746704102,0.32134830951690674,1.4970096349716187,0.31910112500190735,True,100
squirrel,RandomKFold,4,1,GPRGNN,100,385,285,1.5259528160095215,0.341573029756546,1.5413663387298584,0.35505616664886475,True,100
squirrel,RandomKFold,4,2,MLP,100,111,11,1.4925365447998047,0.35056179761886597,1.4936920404434204,0.33932584524154663,True,100
squirrel,RandomKFold,4,2,MLP,101,111,11,1.4803351163864136,0.3797752857208252,1.4660406112670898,0.37303370237350464,True,100
squirrel,RandomKFold,4,2,GCN,100,106,6,1.5877851247787476,0.31685394048690796,1.5889478921890259,0.33707866072654724,True,100
squirrel,RandomKFold,4,1,H2GCN,101,128,28,1.4813228845596313,0.31910112500190735,1.4960108995437622,0.341573029756546,True,100
squirrel,RandomKFold,4,2,GCN,101,106,6,1.58092200756073,0.33932584524154663,1.5818026065826416,0.33707866072654724,True,100
squirrel,RandomKFold,4,2,GAT,100,115,15,1.5315314531326294,0.3303370773792267,1.525707721710205,0.3438202142715454,True,100
squirrel,RandomKFold,4,2,GAT,101,109,9,1.5293700695037842,0.31910112500190735,1.5193238258361816,0.3325842618942261,True,100
squirrel,RandomKFold,4,2,SAGE,101,107,7,1.4672904014587402,0.3483146131038666,1.402167558670044,0.37528088688850403,True,100
squirrel,RandomKFold,4,2,SAGE,100,107,7,1.459080696105957,0.35280898213386536,1.4113225936889648,0.3640449345111847,True,100
squirrel,RandomKFold,4,1,MixHop,100,108,8,1.5128026008605957,0.35505616664886475,1.505560040473938,0.37303370237350464,True,100
squirrel,RandomKFold,4,2,GPRGNN,100,113,13,1.5609256029129028,0.341573029756546,1.5824424028396606,0.3483146131038666,True,100
squirrel,RandomKFold,4,2,GPRGNN,101,137,37,1.5572344064712524,0.3617977499961853,1.574039340019226,0.36629214882850647,True,100
squirrel,RandomKFold,4,1,MixHop,101,114,14,1.438959002494812,0.36853933334350586,1.5125477313995361,0.384269654750824,True,100
squirrel,RandomKFold,4,2,H2GCN,100,128,28,1.4910898208618164,0.3258427083492279,1.4767903089523315,0.32359549403190613,True,100
squirrel,RandomKFold,4,3,MLP,100,111,11,1.5077577829360962,0.3243243098258972,1.490064024925232,0.35056179761886597,True,100
squirrel,RandomKFold,4,3,MLP,101,111,11,1.4877088069915771,0.3288288414478302,1.4849122762680054,0.37528088688850403,True,100
squirrel,RandomKFold,4,2,H2GCN,101,128,28,1.4885603189468384,0.3123595416545868,1.4781394004821777,0.31685394048690796,True,100
squirrel,RandomKFold,4,3,GCN,100,105,5,1.5679395198822021,0.3536036014556885,1.5736974477767944,0.3438202142715454,True,100
squirrel,RandomKFold,4,3,GCN,101,107,7,1.5695772171020508,0.3536036014556885,1.5731977224349976,0.35505616664886475,True,100
squirrel,RandomKFold,4,3,GAT,100,110,10,1.50721275806427,0.3378378450870514,1.5261000394821167,0.33932584524154663,True,100
squirrel,RandomKFold,4,3,GAT,101,112,12,1.4930899143218994,0.36711710691452026,1.5207672119140625,0.3438202142715454,True,100
squirrel,RandomKFold,4,3,SAGE,101,106,6,1.4473750591278076,0.38738739490509033,1.4481676816940308,0.3775281012058258,True,100
squirrel,RandomKFold,4,3,SAGE,100,107,7,1.4242600202560425,0.4166666567325592,1.4398828744888306,0.36853933334350586,True,100
squirrel,RandomKFold,4,2,MixHop,100,111,11,1.5173907279968262,0.37303370237350464,1.5355616807937622,0.36853933334350586,True,100
squirrel,RandomKFold,4,2,MixHop,101,111,11,1.486035943031311,0.3573033809661865,1.4825838804244995,0.3640449345111847,True,100
squirrel,RandomKFold,4,3,GPRGNN,101,141,41,1.5471234321594238,0.36486485600471497,1.5490983724594116,0.38651683926582336,True,100
squirrel,RandomKFold,4,3,GPRGNN,100,142,42,1.5485742092132568,0.37387385964393616,1.5575554370880127,0.3775281012058258,True,100
squirrel,RandomKFold,4,3,H2GCN,101,121,21,1.5009840726852417,0.30405405163764954,1.4934678077697754,0.32134830951690674,True,100
squirrel,RandomKFold,4,3,H2GCN,100,121,21,1.5039095878601074,0.30630630254745483,1.4988677501678467,0.31910112500190735,True,100
squirrel,RandomKFold,4,4,MLP,100,111,11,1.4988689422607422,0.3445945978164673,1.495020866394043,0.3243243098258972,True,100
squirrel,RandomKFold,4,4,MLP,101,111,11,1.4927068948745728,0.342342346906662,1.4879103899002075,0.3468468487262726,True,100
squirrel,RandomKFold,4,4,GCN,100,104,4,1.5891163349151611,0.3310810923576355,1.5762584209442139,0.3310810923576355,True,100
squirrel,RandomKFold,4,4,GCN,101,105,5,1.589626669883728,0.3175675570964813,1.5745840072631836,0.3355855941772461,True,100
squirrel,RandomKFold,4,4,GAT,101,104,4,1.5577081441879272,0.3130630552768707,1.5301905870437622,0.3581081032752991,True,100
squirrel,RandomKFold,4,4,GAT,100,109,9,1.5525718927383423,0.3288288414478302,1.511417031288147,0.3400900959968567,True,100
squirrel,RandomKFold,4,4,SAGE,101,106,6,1.4553204774856567,0.36486485600471497,1.4435774087905884,0.37837839126586914,True,100
squirrel,RandomKFold,4,4,SAGE,100,107,7,1.4529125690460205,0.36936935782432556,1.439928650856018,0.37162160873413086,True,100
squirrel,RandomKFold,4,3,MixHop,100,109,9,1.4843950271606445,0.38513514399528503,1.4995789527893066,0.3640449345111847,True,100
squirrel,RandomKFold,4,3,MixHop,101,110,10,1.5078850984573364,0.37612614035606384,1.4711546897888184,0.38876405358314514,True,100
squirrel,RandomKFold,4,4,GPRGNN,100,147,47,1.5774344205856323,0.3400900959968567,1.6043721437454224,0.3288288414478302,True,100
squirrel,RandomKFold,4,4,GPRGNN,101,145,45,1.5655661821365356,0.3468468487262726,1.5815449953079224,0.3333333432674408,True,100
squirrel,RandomKFold,4,4,H2GCN,100,127,27,1.4932756423950195,0.3130630552768707,1.5062185525894165,0.29954954981803894,True,100
squirrel,RandomKFold,4,5,MLP,100,111,11,1.5000711679458618,0.3483146131038666,1.5129876136779785,0.3378378450870514,True,100
squirrel,RandomKFold,4,5,MLP,101,110,10,1.493898868560791,0.35505616664886475,1.485557198524475,0.38288289308547974,True,100
squirrel,RandomKFold,4,4,H2GCN,101,127,27,1.4971765279769897,0.31081080436706543,1.5024502277374268,0.3130630552768707,True,100
squirrel,RandomKFold,4,5,GCN,100,106,6,1.5702297687530518,0.35505616664886475,1.5957437753677368,0.342342346906662,True,100
squirrel,RandomKFold,4,5,GCN,101,106,6,1.5721967220306396,0.35280898213386536,1.591238021850586,0.3445945978164673,True,100
squirrel,RandomKFold,4,5,GAT,100,114,14,1.4968180656433105,0.35056179761886597,1.5555073022842407,0.3198198080062866,True,100
squirrel,RandomKFold,4,5,GAT,101,113,13,1.504732370376587,0.3438202142715454,1.560995101928711,0.3265765905380249,True,100
squirrel,RandomKFold,4,5,SAGE,100,106,6,1.463471531867981,0.384269654750824,1.4541963338851929,0.37612614035606384,True,100
squirrel,RandomKFold,4,5,SAGE,101,106,6,1.4671844244003296,0.35280898213386536,1.464555025100708,0.37612614035606384,True,100
squirrel,RandomKFold,4,4,MixHop,100,107,7,1.5425872802734375,0.3445945978164673,1.510206699371338,0.36261260509490967,True,100
squirrel,RandomKFold,4,5,GPRGNN,100,111,11,1.5638654232025146,0.35280898213386536,1.5898489952087402,0.3333333432674408,True,100
squirrel,RandomKFold,4,5,GPRGNN,101,112,12,1.563281536102295,0.35056179761886597,1.576871395111084,0.3468468487262726,True,100
squirrel,RandomKFold,4,4,MixHop,101,113,13,1.507571816444397,0.38288289308547974,1.5372257232666016,0.3490990996360779,True,100
squirrel,RandomKFold,4,5,H2GCN,100,122,22,1.5042606592178345,0.3438202142715454,1.5167208909988403,0.3220720589160919,True,100
squirrel,RandomKFold,4,5,H2GCN,101,122,22,1.501115083694458,0.341573029756546,1.5143946409225464,0.3175675570964813,True,100
squirrel,RandomKFold,4,5,MixHop,100,109,9,1.5051252841949463,0.36853933334350586,1.5401414632797241,0.3581081032752991,True,100
squirrel,RandomKFold,4,5,MixHop,101,111,11,1.5128029584884644,0.36629214882850647,1.5014865398406982,0.36036035418510437,True,100
squirrel,LabelStratifiedKFold,4,1,MLP,101,111,11,1.4964646100997925,0.36853933334350586,1.4617173671722412,0.37078651785850525,True,100
squirrel,LabelStratifiedKFold,4,1,MLP,100,111,11,1.50642991065979,0.3483146131038666,1.477807879447937,0.3573033809661865,True,100
squirrel,LabelStratifiedKFold,4,1,GCN,100,105,5,1.5775065422058105,0.35056179761886597,1.5630905628204346,0.37078651785850525,True,100
squirrel,LabelStratifiedKFold,4,1,GCN,101,106,6,1.572754144668579,0.3438202142715454,1.5546081066131592,0.36853933334350586,True,100
squirrel,LabelStratifiedKFold,4,1,GAT,101,109,9,1.5299979448318481,0.3280898928642273,1.498205542564392,0.3438202142715454,True,100
squirrel,LabelStratifiedKFold,4,1,GAT,100,110,10,1.5202707052230835,0.3303370773792267,1.4904478788375854,0.35056179761886597,True,100
squirrel,LabelStratifiedKFold,4,1,SAGE,100,107,7,1.4529752731323242,0.35505616664886475,1.3966753482818604,0.4134831428527832,True,100
squirrel,LabelStratifiedKFold,4,1,SAGE,101,107,7,1.4491205215454102,0.384269654750824,1.4091765880584717,0.38651683926582336,True,100
squirrel,LabelStratifiedKFold,4,1,GPRGNN,100,173,73,1.5013803243637085,0.3775281012058258,1.5386042594909668,0.37078651785850525,True,100
squirrel,LabelStratifiedKFold,4,1,GPRGNN,101,233,133,1.5049012899398804,0.35280898213386536,1.5468153953552246,0.3595505654811859,True,100
squirrel,LabelStratifiedKFold,4,1,H2GCN,100,126,26,1.515081763267517,0.2808988690376282,1.4594990015029907,0.3303370773792267,True,100
squirrel,LabelStratifiedKFold,4,2,MLP,100,112,12,1.490662693977356,0.3483146131038666,1.5120537281036377,0.3280898928642273,True,100
squirrel,LabelStratifiedKFold,4,2,MLP,101,111,11,1.4815053939819336,0.3438202142715454,1.4977636337280273,0.33932584524154663,True,100
squirrel,LabelStratifiedKFold,4,1,H2GCN,101,126,26,1.507462501525879,0.30112358927726746,1.4585756063461304,0.3325842618942261,True,100
squirrel,LabelStratifiedKFold,4,2,GCN,100,104,4,1.5882123708724976,0.3258427083492279,1.5859016180038452,0.32359549403190613,True,100
squirrel,LabelStratifiedKFold,4,2,GCN,101,104,4,1.5804688930511475,0.33707866072654724,1.582517147064209,0.33483144640922546,True,100
squirrel,LabelStratifiedKFold,4,2,GAT,100,110,10,1.5410511493682861,0.32134830951690674,1.5389277935028076,0.3303370773792267,True,100
squirrel,LabelStratifiedKFold,4,2,GAT,101,109,9,1.5334523916244507,0.3325842618942261,1.5413517951965332,0.3303370773792267,True,100
squirrel,LabelStratifiedKFold,4,2,SAGE,100,106,6,1.4303722381591797,0.3820224702358246,1.4481494426727295,0.37528088688850403,True,100
squirrel,LabelStratifiedKFold,4,2,SAGE,101,107,7,1.4417204856872559,0.3460674285888672,1.4471796751022339,0.37078651785850525,True,100
squirrel,LabelStratifiedKFold,4,1,MixHop,100,108,8,1.5079275369644165,0.3640449345111847,1.4933648109436035,0.3595505654811859,True,100
squirrel,LabelStratifiedKFold,4,2,GPRGNN,100,109,9,1.5779430866241455,0.3438202142715454,1.5687142610549927,0.3303370773792267,True,100
squirrel,LabelStratifiedKFold,4,1,MixHop,101,111,11,1.4982906579971313,0.37303370237350464,1.4772117137908936,0.35280898213386536,True,100
squirrel,LabelStratifiedKFold,4,2,H2GCN,100,128,28,1.4669893980026245,0.3101123571395874,1.522422432899475,0.3056179881095886,True,100
squirrel,LabelStratifiedKFold,4,2,GPRGNN,101,379,279,1.5074225664138794,0.35280898213386536,1.5722248554229736,0.37528088688850403,True,100
squirrel,LabelStratifiedKFold,4,3,MLP,100,111,11,1.5209367275238037,0.29954954981803894,1.5186806917190552,0.35505616664886475,True,100
squirrel,LabelStratifiedKFold,4,3,MLP,101,110,10,1.496342658996582,0.3175675570964813,1.5025538206100464,0.37078651785850525,True,100
squirrel,LabelStratifiedKFold,4,2,H2GCN,101,128,28,1.47260582447052,0.30337077379226685,1.5143177509307861,0.3258427083492279,True,100
squirrel,LabelStratifiedKFold,4,3,GCN,100,104,4,1.5828330516815186,0.3220720589160919,1.5779894590377808,0.3280898928642273,True,100
squirrel,LabelStratifiedKFold,4,3,GCN,101,105,5,1.5835336446762085,0.30855855345726013,1.568211555480957,0.33932584524154663,True,100
squirrel,LabelStratifiedKFold,4,3,GAT,100,123,23,1.503330945968628,0.3558558523654938,1.5246347188949585,0.3438202142715454,True,100
squirrel,LabelStratifiedKFold,4,3,GAT,101,125,25,1.5137965679168701,0.3445945978164673,1.5259281396865845,0.3483146131038666,True,100
squirrel,LabelStratifiedKFold,4,3,SAGE,100,107,7,1.4580954313278198,0.3558558523654938,1.447346806526184,0.3797752857208252,True,100
squirrel,LabelStratifiedKFold,4,3,SAGE,101,106,6,1.44832181930542,0.37162160873413086,1.4575971364974976,0.3460674285888672,True,100
squirrel,LabelStratifiedKFold,4,2,MixHop,100,107,7,1.5224196910858154,0.35505616664886475,1.514013409614563,0.36853933334350586,True,100
squirrel,LabelStratifiedKFold,4,3,GPRGNN,100,116,16,1.5588873624801636,0.37612614035606384,1.558612585067749,0.35505616664886475,True,100
squirrel,LabelStratifiedKFold,4,2,MixHop,101,110,10,1.4964258670806885,0.33932584524154663,1.499192714691162,0.36629214882850647,True,100
squirrel,LabelStratifiedKFold,4,3,GPRGNN,101,118,18,1.5527002811431885,0.3536036014556885,1.5613254308700562,0.3483146131038666,True,100
squirrel,LabelStratifiedKFold,4,3,H2GCN,100,125,25,1.5081559419631958,0.29279279708862305,1.4914435148239136,0.3123595416545868,True,100
squirrel,LabelStratifiedKFold,4,4,MLP,100,111,11,1.4986647367477417,0.3400900959968567,1.5145201683044434,0.29954954981803894,True,100
squirrel,LabelStratifiedKFold,4,4,MLP,101,111,11,1.4635010957717896,0.3558558523654938,1.4907057285308838,0.342342346906662,True,100
squirrel,LabelStratifiedKFold,4,3,H2GCN,101,124,24,1.5058294534683228,0.29504504799842834,1.495281457901001,0.32134830951690674,True,100
squirrel,LabelStratifiedKFold,4,4,GCN,100,106,6,1.565415382385254,0.3536036014556885,1.5880788564682007,0.3288288414478302,True,100
squirrel,LabelStratifiedKFold,4,4,GCN,101,106,6,1.564895510673523,0.342342346906662,1.5870603322982788,0.3288288414478302,True,100
squirrel,LabelStratifiedKFold,4,4,GAT,100,110,10,1.5088385343551636,0.3490990996360779,1.5290683507919312,0.3378378450870514,True,100
squirrel,LabelStratifiedKFold,4,4,GAT,101,112,12,1.5152084827423096,0.3445945978164673,1.5208159685134888,0.342342346906662,True,100
squirrel,LabelStratifiedKFold,4,4,SAGE,100,108,8,1.4090702533721924,0.38738739490509033,1.4490972757339478,0.36936935782432556,True,100
squirrel,LabelStratifiedKFold,4,4,SAGE,101,109,9,1.438889503479004,0.37387385964393616,1.4395668506622314,0.38063064217567444,True,100
squirrel,LabelStratifiedKFold,4,3,MixHop,100,111,11,1.5087740421295166,0.38063064217567444,1.525653600692749,0.3617977499961853,True,100
squirrel,LabelStratifiedKFold,4,4,GPRGNN,100,205,105,1.5177499055862427,0.3445945978164673,1.6011030673980713,0.3558558523654938,True,100
squirrel,LabelStratifiedKFold,4,3,MixHop,101,114,14,1.4813467264175415,0.38513514399528503,1.4876099824905396,0.35280898213386536,True,100
squirrel,LabelStratifiedKFold,4,4,GPRGNN,101,144,44,1.5259208679199219,0.3513513505458832,1.5871381759643555,0.36711710691452026,True,100
squirrel,LabelStratifiedKFold,4,4,H2GCN,100,126,26,1.4874933958053589,0.31081080436706543,1.5138628482818604,0.28378379344940186,True,100
squirrel,LabelStratifiedKFold,4,5,MLP,100,111,11,1.4970308542251587,0.35505616664886475,1.4926379919052124,0.3581081032752991,True,100
squirrel,LabelStratifiedKFold,4,5,MLP,101,111,11,1.468687891960144,0.3797752857208252,1.463477611541748,0.3513513505458832,True,100
squirrel,LabelStratifiedKFold,4,4,H2GCN,101,127,27,1.4845162630081177,0.3198198080062866,1.5103389024734497,0.30630630254745483,True,100
squirrel,LabelStratifiedKFold,4,5,GCN,101,300,200,1.5099422931671143,0.3797752857208252,1.6282525062561035,0.3536036014556885,True,100
squirrel,LabelStratifiedKFold,4,5,GCN,100,482,382,1.4992705583572388,0.4157303273677826,1.638452172279358,0.36936935782432556,True,100
squirrel,LabelStratifiedKFold,4,5,GAT,100,128,28,1.4927760362625122,0.37078651785850525,1.5417627096176147,0.3243243098258972,True,100
squirrel,LabelStratifiedKFold,4,5,GAT,101,189,89,1.480441689491272,0.39101123809814453,1.5686923265457153,0.3355855941772461,True,100
squirrel,LabelStratifiedKFold,4,5,SAGE,100,108,8,1.4118015766143799,0.3932584226131439,1.4375813007354736,0.38963964581489563,True,100
squirrel,LabelStratifiedKFold,4,5,SAGE,101,108,8,1.4145028591156006,0.4089887738227844,1.449842929840088,0.36261260509490967,True,100
squirrel,LabelStratifiedKFold,4,4,MixHop,100,109,9,1.4888556003570557,0.3558558523654938,1.511104702949524,0.3558558523654938,True,100
squirrel,LabelStratifiedKFold,4,5,GPRGNN,100,124,24,1.5485255718231201,0.3595505654811859,1.566231369972229,0.36486485600471497,True,100
squirrel,LabelStratifiedKFold,4,4,MixHop,101,110,10,1.488646388053894,0.36261260509490967,1.5129351615905762,0.3513513505458832,True,100
squirrel,LabelStratifiedKFold,4,5,GPRGNN,101,139,39,1.5318289995193481,0.3775281012058258,1.5235615968704224,0.3558558523654938,True,100
squirrel,LabelStratifiedKFold,4,5,H2GCN,100,125,25,1.4713799953460693,0.2966292202472687,1.496842384338379,0.29729729890823364,True,100
squirrel,LabelStratifiedKFold,4,5,H2GCN,101,125,25,1.4688280820846558,0.3056179881095886,1.4910781383514404,0.3288288414478302,True,100
squirrel,LabelStratifiedKFold,4,5,MixHop,100,109,9,1.497851014137268,0.37528088688850403,1.5114823579788208,0.36261260509490967,True,100
squirrel,LabelStratifiedKFold,4,5,MixHop,101,111,11,1.4971858263015747,0.3595505654811859,1.4875284433364868,0.3558558523654938,True,100
squirrel,Sklearn_NeighHet_b450,4,1,MLP,101,110,10,1.4943426847457886,0.3325842618942261,1.4938455820083618,0.35280898213386536,True,100
squirrel,Sklearn_NeighHet_b450,4,1,MLP,100,111,11,1.5030670166015625,0.3258427083492279,1.5112107992172241,0.3280898928642273,True,100
squirrel,Sklearn_NeighHet_b450,4,1,GCN,100,105,5,1.5738543272018433,0.3303370773792267,1.597241759300232,0.33707866072654724,True,100
squirrel,Sklearn_NeighHet_b450,4,1,GCN,101,106,6,1.573804259300232,0.32134830951690674,1.5968652963638306,0.33483144640922546,True,100
squirrel,Sklearn_NeighHet_b450,4,1,GAT,100,110,10,1.5250927209854126,0.3325842618942261,1.5506744384765625,0.31460675597190857,True,100
squirrel,Sklearn_NeighHet_b450,4,1,GAT,101,118,18,1.5241674184799194,0.3258427083492279,1.5462599992752075,0.3280898928642273,True,100
squirrel,Sklearn_NeighHet_b450,4,1,SAGE,100,107,7,1.432291030883789,0.36629214882850647,1.4615716934204102,0.3460674285888672,True,100
squirrel,Sklearn_NeighHet_b450,4,1,SAGE,101,108,8,1.457555890083313,0.36629214882850647,1.4713374376296997,0.3595505654811859,True,100
squirrel,Sklearn_NeighHet_b450,4,1,GPRGNN,100,144,44,1.5553447008132935,0.3617977499961853,1.6037120819091797,0.33932584524154663,True,100
squirrel,Sklearn_NeighHet_b450,4,1,GPRGNN,101,143,43,1.5488187074661255,0.3438202142715454,1.590903878211975,0.35056179761886597,True,100
squirrel,Sklearn_NeighHet_b450,4,1,H2GCN,100,128,28,1.496903657913208,0.28764045238494873,1.5168774127960205,0.307865172624588,True,100
squirrel,Sklearn_NeighHet_b450,4,2,MLP,100,112,12,1.4859752655029297,0.35505616664886475,1.529356837272644,0.341573029756546,True,100
squirrel,Sklearn_NeighHet_b450,4,2,MLP,101,111,11,1.4773379564285278,0.3460674285888672,1.5069763660430908,0.3438202142715454,True,100
squirrel,Sklearn_NeighHet_b450,4,1,H2GCN,101,128,28,1.4938665628433228,0.3101123571395874,1.5167347192764282,0.31460675597190857,True,100
squirrel,Sklearn_NeighHet_b450,4,2,GCN,100,106,6,1.5557130575180054,0.33707866072654724,1.565250277519226,0.3056179881095886,True,100
squirrel,Sklearn_NeighHet_b450,4,2,GCN,101,106,6,1.5587124824523926,0.33932584524154663,1.5691766738891602,0.31685394048690796,True,100
squirrel,Sklearn_NeighHet_b450,4,2,GAT,101,109,9,1.4941476583480835,0.3640449345111847,1.5243477821350098,0.33932584524154663,True,100
squirrel,Sklearn_NeighHet_b450,4,2,GAT,100,115,15,1.494739055633545,0.35505616664886475,1.5285565853118896,0.31685394048690796,True,100
squirrel,Sklearn_NeighHet_b450,4,2,SAGE,100,107,7,1.4334758520126343,0.38651683926582336,1.4559718370437622,0.35505616664886475,True,100
squirrel,Sklearn_NeighHet_b450,4,2,SAGE,101,107,7,1.4334685802459717,0.3977528214454651,1.469665288925171,0.3438202142715454,True,100
squirrel,Sklearn_NeighHet_b450,4,1,MixHop,100,109,9,1.5187058448791504,0.3617977499961853,1.5613957643508911,0.33483144640922546,True,100
squirrel,Sklearn_NeighHet_b450,4,1,MixHop,101,114,14,1.477179765701294,0.384269654750824,1.5237810611724854,0.36853933334350586,True,100
squirrel,Sklearn_NeighHet_b450,4,2,GPRGNN,100,424,324,1.4673185348510742,0.36853933334350586,1.5694628953933716,0.33707866072654724,True,100
squirrel,Sklearn_NeighHet_b450,4,2,H2GCN,100,120,20,1.5063021183013916,0.33707866072654724,1.508178949356079,0.3056179881095886,True,100
squirrel,Sklearn_NeighHet_b450,4,2,GPRGNN,101,437,337,1.4779690504074097,0.35056179761886597,1.5928975343704224,0.33483144640922546,True,100
squirrel,Sklearn_NeighHet_b450,4,3,MLP,100,111,11,1.5063567161560059,0.342342346906662,1.5082510709762573,0.3573033809661865,True,100
squirrel,Sklearn_NeighHet_b450,4,3,MLP,101,110,10,1.494248867034912,0.3558558523654938,1.4770601987838745,0.3617977499961853,True,100
squirrel,Sklearn_NeighHet_b450,4,3,GCN,100,104,4,1.5860790014266968,0.3468468487262726,1.5688202381134033,0.33932584524154663,True,100
squirrel,Sklearn_NeighHet_b450,4,2,H2GCN,101,120,20,1.5018303394317627,0.33707866072654724,1.5064700841903687,0.307865172624588,True,100
squirrel,Sklearn_NeighHet_b450,4,3,GCN,101,105,5,1.5793437957763672,0.3288288414478302,1.566197395324707,0.3438202142715454,True,100
squirrel,Sklearn_NeighHet_b450,4,3,GAT,100,111,11,1.5068496465682983,0.3378378450870514,1.503621220588684,0.341573029756546,True,100
squirrel,Sklearn_NeighHet_b450,4,3,GAT,101,109,9,1.5148682594299316,0.3333333432674408,1.4986441135406494,0.3595505654811859,True,100
squirrel,Sklearn_NeighHet_b450,4,3,SAGE,100,107,7,1.4331889152526855,0.38738739490509033,1.420153021812439,0.4157303273677826,True,100
squirrel,Sklearn_NeighHet_b450,4,3,SAGE,101,107,7,1.4122627973556519,0.3941441476345062,1.4254039525985718,0.3820224702358246,True,100
squirrel,Sklearn_NeighHet_b450,4,2,MixHop,100,109,9,1.5019139051437378,0.3573033809661865,1.5047036409378052,0.35280898213386536,True,100
squirrel,Sklearn_NeighHet_b450,4,3,GPRGNN,100,109,9,1.5701236724853516,0.3445945978164673,1.551607608795166,0.35505616664886475,True,100
squirrel,Sklearn_NeighHet_b450,4,2,MixHop,101,113,13,1.486403465270996,0.384269654750824,1.5129895210266113,0.3573033809661865,True,100
squirrel,Sklearn_NeighHet_b450,4,3,GPRGNN,101,143,43,1.5678815841674805,0.36036035418510437,1.5881396532058716,0.35280898213386536,True,100
squirrel,Sklearn_NeighHet_b450,4,3,H2GCN,100,125,25,1.491762638092041,0.3198198080062866,1.5084179639816284,0.2898876368999481,True,100
squirrel,Sklearn_NeighHet_b450,4,4,MLP,100,111,11,1.507745385169983,0.3310810923576355,1.5109357833862305,0.29504504799842834,True,100
squirrel,Sklearn_NeighHet_b450,4,4,MLP,101,111,11,1.4817802906036377,0.37162160873413086,1.4894877672195435,0.3288288414478302,True,100
squirrel,Sklearn_NeighHet_b450,4,3,H2GCN,101,125,25,1.4894353151321411,0.3198198080062866,1.5059242248535156,0.3056179881095886,True,100
squirrel,Sklearn_NeighHet_b450,4,4,GCN,100,105,5,1.5682040452957153,0.38288289308547974,1.5773959159851074,0.3445945978164673,True,100
squirrel,Sklearn_NeighHet_b450,4,4,GAT,100,118,18,1.5013465881347656,0.36036035418510437,1.5234167575836182,0.3445945978164673,True,100
squirrel,Sklearn_NeighHet_b450,4,4,GCN,101,404,304,1.5379606485366821,0.4166666567325592,1.617468237876892,0.3963963985443115,True,100
squirrel,Sklearn_NeighHet_b450,4,4,GAT,101,112,12,1.4858077764511108,0.3581081032752991,1.508156180381775,0.3468468487262726,True,100
squirrel,Sklearn_NeighHet_b450,4,4,SAGE,100,107,7,1.4293808937072754,0.38288289308547974,1.4502607583999634,0.3536036014556885,True,100
squirrel,Sklearn_NeighHet_b450,4,4,SAGE,101,107,7,1.4287830591201782,0.38063064217567444,1.4345289468765259,0.38063064217567444,True,100
squirrel,Sklearn_NeighHet_b450,4,3,MixHop,100,107,7,1.5155816078186035,0.3513513505458832,1.5135999917984009,0.35056179761886597,True,100
squirrel,Sklearn_NeighHet_b450,4,4,GPRGNN,100,125,25,1.5415469408035278,0.37612614035606384,1.6133915185928345,0.3400900959968567,True,100
squirrel,Sklearn_NeighHet_b450,4,3,MixHop,101,112,12,1.4863554239273071,0.37387385964393616,1.478545904159546,0.3617977499961853,True,100
squirrel,Sklearn_NeighHet_b450,4,4,GPRGNN,101,139,39,1.5151498317718506,0.38738739490509033,1.5602664947509766,0.36036035418510437,True,100
squirrel,Sklearn_NeighHet_b450,4,4,H2GCN,100,127,27,1.4860053062438965,0.30855855345726013,1.5101200342178345,0.27702704071998596,True,100
squirrel,Sklearn_NeighHet_b450,4,5,MLP,100,111,11,1.5074104070663452,0.33707866072654724,1.4882944822311401,0.3220720589160919,True,100
squirrel,Sklearn_NeighHet_b450,4,4,H2GCN,101,128,28,1.4799485206604004,0.3288288414478302,1.5075722932815552,0.28828829526901245,True,100
squirrel,Sklearn_NeighHet_b450,4,5,MLP,101,111,11,1.4848543405532837,0.35056179761886597,1.4690407514572144,0.36261260509490967,True,100
squirrel,Sklearn_NeighHet_b450,4,5,GCN,100,104,4,1.6012648344039917,0.307865172624588,1.578035593032837,0.3490990996360779,True,100
squirrel,Sklearn_NeighHet_b450,4,5,GCN,101,104,4,1.5949740409851074,0.31685394048690796,1.5793530941009521,0.36711710691452026,True,100
squirrel,Sklearn_NeighHet_b450,4,5,GAT,101,108,8,1.5612441301345825,0.3123595416545868,1.518882393836975,0.3378378450870514,True,100
squirrel,Sklearn_NeighHet_b450,4,5,GAT,100,110,10,1.5547053813934326,0.31685394048690796,1.5135494470596313,0.3558558523654938,True,100
squirrel,Sklearn_NeighHet_b450,4,5,SAGE,100,107,7,1.4635292291641235,0.3595505654811859,1.4143651723861694,0.3941441476345062,True,100
squirrel,Sklearn_NeighHet_b450,4,5,SAGE,101,107,7,1.4613144397735596,0.3460674285888672,1.4251433610916138,0.38288289308547974,True,100
squirrel,Sklearn_NeighHet_b450,4,4,MixHop,100,108,8,1.5020015239715576,0.37387385964393616,1.515749454498291,0.37387385964393616,True,100
squirrel,Sklearn_NeighHet_b450,4,5,GPRGNN,100,107,7,1.5815167427062988,0.3123595416545868,1.5777266025543213,0.3558558523654938,True,100
squirrel,Sklearn_NeighHet_b450,4,5,GPRGNN,101,110,10,1.5733206272125244,0.32134830951690674,1.5671876668930054,0.3490990996360779,True,100
squirrel,Sklearn_NeighHet_b450,4,4,MixHop,101,114,14,1.4768662452697754,0.37162160873413086,1.499717116355896,0.37387385964393616,True,100
squirrel,Sklearn_NeighHet_b450,4,5,H2GCN,100,123,23,1.5179716348648071,0.3056179881095886,1.495392918586731,0.3468468487262726,True,100
squirrel,Sklearn_NeighHet_b450,4,5,H2GCN,101,123,23,1.5153683423995972,0.32359549403190613,1.49015474319458,0.36261260509490967,True,100
squirrel,Sklearn_NeighHet_b450,4,5,MixHop,100,107,7,1.5425853729248047,0.3303370773792267,1.50282883644104,0.3941441476345062,True,100
squirrel,Sklearn_NeighHet_b450,4,5,MixHop,101,114,14,1.5242000818252563,0.35056179761886597,1.4658504724502563,0.38063064217567444,True,100
wisconsin,RandomKFold,0,1,MLP,100,164,64,0.4527117609977722,0.8799999952316284,0.5500449538230896,0.7843137383460999,True,100
wisconsin,RandomKFold,0,1,MLP,101,231,131,0.4573105275630951,0.8600000143051147,0.5737658739089966,0.8235294222831726,True,100
wisconsin,RandomKFold,0,1,GCN,101,103,3,1.297614574432373,0.47999998927116394,1.3589270114898682,0.5098039507865906,True,100
wisconsin,RandomKFold,0,1,GCN,100,104,4,1.2805125713348389,0.5,1.2027593851089478,0.529411792755127,True,100
wisconsin,RandomKFold,0,1,GAT,100,125,25,1.1438965797424316,0.5199999809265137,1.0596208572387695,0.6078431606292725,True,100
wisconsin,RandomKFold,0,1,GAT,101,130,30,1.126075267791748,0.46000000834465027,1.1902936697006226,0.47058823704719543,True,100
wisconsin,RandomKFold,0,1,SAGE,100,116,16,0.44028645753860474,0.8399999737739563,0.9645342826843262,0.7843137383460999,True,100
wisconsin,RandomKFold,0,1,SAGE,101,116,16,0.4668301045894623,0.7200000286102295,1.1250450611114502,0.7450980544090271,True,100
wisconsin,RandomKFold,0,1,GPRGNN,100,211,111,0.6010463833808899,0.8199999928474426,0.9460366368293762,0.7254902124404907,True,100
wisconsin,RandomKFold,0,1,GPRGNN,101,227,127,0.7231749892234802,0.7400000095367432,1.337552785873413,0.6666666865348816,True,100
wisconsin,RandomKFold,0,1,H2GCN,101,598,498,0.4348989427089691,0.8600000143051147,0.4557785391807556,0.9019607901573181,True,100
wisconsin,RandomKFold,0,1,H2GCN,100,648,548,0.4555111825466156,0.8600000143051147,0.46143901348114014,0.9019607901573181,True,100
wisconsin,RandomKFold,0,2,MLP,100,229,129,0.3938109576702118,0.8999999761581421,0.4792487621307373,0.8799999952316284,True,100
wisconsin,RandomKFold,0,2,MLP,101,199,99,0.3779609203338623,0.8600000143051147,0.4644729495048523,0.8799999952316284,True,100
wisconsin,RandomKFold,0,2,GCN,100,104,4,1.265222191810608,0.5799999833106995,1.3295239210128784,0.5,True,100
wisconsin,RandomKFold,0,2,GCN,101,108,8,1.2109047174453735,0.5799999833106995,1.3002630472183228,0.5199999809265137,True,100
wisconsin,RandomKFold,0,2,GAT,100,113,13,1.196757435798645,0.5400000214576721,1.1259845495224,0.5799999833106995,True,100
wisconsin,RandomKFold,0,2,GAT,101,116,16,1.3059165477752686,0.5199999809265137,1.1578165292739868,0.46000000834465027,True,100
wisconsin,RandomKFold,0,1,MixHop,101,234,134,0.7097849249839783,0.8199999928474426,0.6515344381332397,0.7843137383460999,True,100
wisconsin,RandomKFold,0,2,SAGE,100,108,8,0.6160925030708313,0.7599999904632568,0.4888288080692291,0.7599999904632568,True,100
wisconsin,RandomKFold,0,2,SAGE,101,105,5,0.7547134160995483,0.7400000095367432,0.6749308705329895,0.7400000095367432,True,100
wisconsin,RandomKFold,0,2,GPRGNN,100,209,109,0.6446415185928345,0.8399999737739563,0.7514871954917908,0.7799999713897705,True,100
wisconsin,RandomKFold,0,2,GPRGNN,101,179,79,0.7553091645240784,0.7799999713897705,0.726094126701355,0.7799999713897705,True,100
wisconsin,RandomKFold,0,2,MixHop,100,171,71,0.48428818583488464,0.8600000143051147,1.01168692111969,0.7799999713897705,True,100
wisconsin,RandomKFold,0,2,H2GCN,100,702,602,0.4856390058994293,0.8399999737739563,0.48921889066696167,0.8199999928474426,True,100
wisconsin,RandomKFold,0,1,MixHop,100,439,339,0.5426873564720154,0.8600000143051147,0.5095543265342712,0.8039215803146362,True,100
wisconsin,RandomKFold,0,3,MLP,100,355,255,0.30853259563446045,0.8799999952316284,0.5044134259223938,0.8600000143051147,True,100
wisconsin,RandomKFold,0,3,MLP,101,150,50,0.32706218957901,0.8600000143051147,0.49570968747138977,0.8999999761581421,True,100
wisconsin,RandomKFold,0,3,GCN,100,113,13,1.3237335681915283,0.5400000214576721,1.4121453762054443,0.47999998927116394,True,100
wisconsin,RandomKFold,0,3,GCN,101,117,17,1.2208958864212036,0.5400000214576721,1.3016176223754883,0.5199999809265137,True,100
wisconsin,RandomKFold,0,2,H2GCN,101,556,456,0.4936756491661072,0.8799999952316284,0.48148155212402344,0.8399999737739563,True,100
wisconsin,RandomKFold,0,3,GAT,100,109,9,1.2600677013397217,0.5600000023841858,1.2598862648010254,0.5400000214576721,True,100
wisconsin,RandomKFold,0,3,GAT,101,119,19,1.213437557220459,0.5199999809265137,1.3073524236679077,0.46000000834465027,True,100
wisconsin,RandomKFold,0,2,MixHop,101,272,172,0.3654332756996155,0.8399999737739563,0.6075591444969177,0.8399999737739563,True,100
wisconsin,RandomKFold,0,3,SAGE,101,113,13,0.482707142829895,0.7799999713897705,0.753048300743103,0.7599999904632568,True,100
wisconsin,RandomKFold,0,3,GPRGNN,100,169,69,0.4897196590900421,0.8199999928474426,0.8543416857719421,0.7599999904632568,True,100
wisconsin,RandomKFold,0,3,SAGE,100,231,131,0.3270948529243469,0.8600000143051147,0.9069465398788452,0.8199999928474426,True,100
wisconsin,RandomKFold,0,3,GPRGNN,101,167,67,0.3979199528694153,0.8199999928474426,0.9669804573059082,0.7400000095367432,True,100
wisconsin,RandomKFold,0,3,H2GCN,100,453,353,0.3239368200302124,0.9200000166893005,0.5216284394264221,0.8600000143051147,True,100
wisconsin,RandomKFold,0,4,MLP,100,491,391,0.21319246292114258,0.9399999976158142,0.40950220823287964,0.8600000143051147,True,100
wisconsin,RandomKFold,0,3,MixHop,100,181,81,0.3596821129322052,0.8799999952316284,0.492966890335083,0.8799999952316284,True,100
wisconsin,RandomKFold,0,3,H2GCN,101,601,501,0.32645419239997864,0.9200000166893005,0.5109155178070068,0.8799999952316284,True,100
wisconsin,RandomKFold,0,4,MLP,101,306,206,0.2187645137310028,0.9599999785423279,0.3389414846897125,0.8799999952316284,True,100
wisconsin,RandomKFold,0,4,GCN,100,105,5,1.2234759330749512,0.5400000214576721,1.3557121753692627,0.41999998688697815,True,100
wisconsin,RandomKFold,0,4,GCN,101,110,10,1.1573234796524048,0.5799999833106995,1.2942347526550293,0.5,True,100
wisconsin,RandomKFold,0,3,MixHop,101,182,82,0.34442761540412903,0.9200000166893005,0.4768214821815491,0.8999999761581421,True,100
wisconsin,RandomKFold,0,4,GAT,100,113,13,1.0829071998596191,0.5,1.2649521827697754,0.5199999809265137,True,100
wisconsin,RandomKFold,0,4,GAT,101,116,16,1.0910899639129639,0.5799999833106995,1.1998205184936523,0.5199999809265137,True,100
wisconsin,RandomKFold,0,4,SAGE,100,228,128,0.39641642570495605,0.8999999761581421,0.33062705397605896,0.8999999761581421,True,100
wisconsin,RandomKFold,0,4,SAGE,101,243,143,0.479086697101593,0.8999999761581421,0.5306541323661804,0.8799999952316284,True,100
wisconsin,RandomKFold,0,4,GPRGNN,100,146,46,0.5800973773002625,0.8199999928474426,0.4954524636268616,0.800000011920929,True,100
wisconsin,RandomKFold,0,4,GPRGNN,101,134,34,0.5629366636276245,0.8199999928474426,0.5347774624824524,0.7799999713897705,True,100
wisconsin,RandomKFold,0,4,H2GCN,100,551,451,0.45044562220573425,0.8399999737739563,0.322031170129776,0.9200000166893005,True,100
wisconsin,RandomKFold,0,5,MLP,100,126,26,0.6568365097045898,0.8039215803146362,0.5906643867492676,0.8199999928474426,True,100
wisconsin,RandomKFold,0,5,MLP,101,123,23,0.6267032027244568,0.8039215803146362,0.48684951663017273,0.8799999952316284,True,100
wisconsin,RandomKFold,0,4,H2GCN,101,650,550,0.4405841529369354,0.8399999737739563,0.3115619122982025,0.9200000166893005,True,100
wisconsin,RandomKFold,0,5,GCN,100,107,7,1.171276569366455,0.5490196347236633,1.1788804531097412,0.5600000023841858,True,100
wisconsin,RandomKFold,0,5,GCN,101,106,6,1.1619229316711426,0.5098039507865906,1.0989364385604858,0.5199999809265137,True,100
wisconsin,RandomKFold,0,5,GAT,100,120,20,1.0654735565185547,0.4901960790157318,1.1849541664123535,0.5,True,100
wisconsin,RandomKFold,0,5,GAT,101,115,15,1.095723271369934,0.529411792755127,1.2231113910675049,0.5199999809265137,True,100
wisconsin,RandomKFold,0,4,MixHop,101,244,144,0.5023102164268494,0.8799999952316284,0.18349093198776245,0.9599999785423279,True,100
wisconsin,RandomKFold,0,5,SAGE,100,105,5,0.815712571144104,0.7647058963775635,0.6460724472999573,0.8600000143051147,True,100
wisconsin,RandomKFold,0,4,MixHop,100,277,177,0.3443934917449951,0.8799999952316284,0.28213566541671753,0.8799999952316284,True,100
wisconsin,RandomKFold,0,5,SAGE,101,105,5,0.8121560215950012,0.7450980544090271,0.8214560151100159,0.7400000095367432,True,100
wisconsin,RandomKFold,0,5,GPRGNN,100,134,34,0.9237186312675476,0.686274528503418,0.6912471055984497,0.7400000095367432,True,100
wisconsin,RandomKFold,0,5,GPRGNN,101,157,57,0.9479146599769592,0.7058823704719543,0.6173297762870789,0.8199999928474426,True,100
wisconsin,RandomKFold,0,5,H2GCN,101,449,349,0.4628775417804718,0.8823529481887817,0.4512145221233368,0.8600000143051147,True,100
wisconsin,RandomKFold,0,5,H2GCN,100,710,610,0.4497789144515991,0.8823529481887817,0.4476734399795532,0.8600000143051147,True,100
wisconsin,RandomKFold,0,5,MixHop,101,177,77,0.6755596399307251,0.8823529481887817,0.6352432370185852,0.8199999928474426,True,100
wisconsin,RandomKFold,0,5,MixHop,100,537,437,0.4485257565975189,0.843137264251709,0.7042323350906372,0.8199999928474426,True,100
wisconsin,LabelStratifiedKFold,0,1,MLP,100,150,50,0.56058669090271,0.8199999928474426,0.3806397020816803,0.8627451062202454,True,100
wisconsin,LabelStratifiedKFold,0,1,GCN,100,107,7,1.1488192081451416,0.6000000238418579,1.3218153715133667,0.4117647111415863,True,100
wisconsin,LabelStratifiedKFold,0,1,GCN,101,107,7,1.0532857179641724,0.6200000047683716,1.3414660692214966,0.47058823704719543,True,100
wisconsin,LabelStratifiedKFold,0,1,MLP,101,419,319,0.434303879737854,0.8799999952316284,0.34133636951446533,0.8823529481887817,True,100
wisconsin,LabelStratifiedKFold,0,1,GAT,100,112,12,1.0583162307739258,0.6800000071525574,1.2576375007629395,0.5490196347236633,True,100
wisconsin,LabelStratifiedKFold,0,1,GAT,101,113,13,1.1096669435501099,0.6200000047683716,1.2429121732711792,0.45098039507865906,True,100
wisconsin,LabelStratifiedKFold,0,1,SAGE,100,104,4,0.6668258905410767,0.8399999737739563,0.9187664985656738,0.6470588445663452,True,100
wisconsin,LabelStratifiedKFold,0,1,SAGE,101,105,5,0.6836273074150085,0.800000011920929,1.0674176216125488,0.6274510025978088,True,100
wisconsin,LabelStratifiedKFold,0,1,GPRGNN,100,144,44,0.7241865396499634,0.7799999713897705,0.7328817248344421,0.7647058963775635,True,100
wisconsin,LabelStratifiedKFold,0,1,GPRGNN,101,154,54,0.7388016581535339,0.7799999713897705,0.6922680735588074,0.7254902124404907,True,100
wisconsin,LabelStratifiedKFold,0,1,MixHop,101,112,12,0.6866106390953064,0.7599999904632568,0.6407672166824341,0.7843137383460999,True,100
wisconsin,LabelStratifiedKFold,0,1,H2GCN,101,533,433,0.5436148643493652,0.8199999928474426,0.4858682155609131,0.8039215803146362,True,100
wisconsin,LabelStratifiedKFold,0,2,MLP,100,280,180,0.4150610864162445,0.8999999761581421,0.5323013067245483,0.8199999928474426,True,100
wisconsin,LabelStratifiedKFold,0,2,MLP,101,126,26,0.4163171052932739,0.8799999952316284,0.5526686310768127,0.8199999928474426,True,100
wisconsin,LabelStratifiedKFold,0,1,H2GCN,100,713,613,0.5288049578666687,0.8600000143051147,0.4899265468120575,0.8235294222831726,True,100
wisconsin,LabelStratifiedKFold,0,2,GCN,100,104,4,1.3388196229934692,0.4000000059604645,1.198603868484497,0.5799999833106995,True,100
wisconsin,LabelStratifiedKFold,0,2,GCN,101,107,7,1.3186651468276978,0.41999998688697815,1.0651352405548096,0.5799999833106995,True,100
wisconsin,LabelStratifiedKFold,0,2,GAT,100,113,13,1.2780424356460571,0.4399999976158142,1.0595990419387817,0.6600000262260437,True,100
wisconsin,LabelStratifiedKFold,0,2,GAT,101,113,13,1.2850185632705688,0.41999998688697815,1.151464819908142,0.5799999833106995,True,100
wisconsin,LabelStratifiedKFold,0,1,MixHop,100,201,101,0.6748417019844055,0.8199999928474426,0.6113616228103638,0.843137264251709,True,100
wisconsin,LabelStratifiedKFold,0,2,SAGE,100,249,149,0.4199368357658386,0.8799999952316284,1.2070316076278687,0.699999988079071,True,100
wisconsin,LabelStratifiedKFold,0,2,GPRGNN,100,144,44,0.7601675391197205,0.7599999904632568,0.7825145125389099,0.7400000095367432,True,100
wisconsin,LabelStratifiedKFold,0,2,SAGE,101,291,191,0.4654332101345062,0.8799999952316284,1.3363837003707886,0.7799999713897705,True,100
wisconsin,LabelStratifiedKFold,0,2,GPRGNN,101,157,57,0.7219240069389343,0.7599999904632568,0.5901473164558411,0.8199999928474426,True,100
wisconsin,LabelStratifiedKFold,0,2,MixHop,101,118,18,0.431006520986557,0.800000011920929,0.7627611756324768,0.800000011920929,True,100
wisconsin,LabelStratifiedKFold,0,3,MLP,100,421,321,0.21382123231887817,0.9399999976158142,0.41652390360832214,0.8399999737739563,True,100
wisconsin,LabelStratifiedKFold,0,3,MLP,101,404,304,0.24456356465816498,0.9399999976158142,0.46003809571266174,0.800000011920929,True,100
wisconsin,LabelStratifiedKFold,0,3,GCN,100,103,3,1.4011770486831665,0.4000000059604645,1.4134080410003662,0.3799999952316284,True,100
wisconsin,LabelStratifiedKFold,0,2,H2GCN,100,756,656,0.3571423590183258,0.9200000166893005,0.5382822751998901,0.800000011920929,True,100
wisconsin,LabelStratifiedKFold,0,2,H2GCN,101,589,489,0.3541218936443329,0.9200000166893005,0.5391520857810974,0.800000011920929,True,100
wisconsin,LabelStratifiedKFold,0,3,GCN,101,103,3,1.292049527168274,0.47999998927116394,1.3610976934432983,0.4000000059604645,True,100
wisconsin,LabelStratifiedKFold,0,3,GAT,100,113,13,1.2206000089645386,0.5400000214576721,1.2581055164337158,0.5,True,100
wisconsin,LabelStratifiedKFold,0,3,GAT,101,125,25,1.241245150566101,0.46000000834465027,1.3065050840377808,0.4399999976158142,True,100
wisconsin,LabelStratifiedKFold,0,3,SAGE,100,106,6,0.7262895107269287,0.800000011920929,0.5115982890129089,0.8399999737739563,True,100
wisconsin,LabelStratifiedKFold,0,3,SAGE,101,110,10,0.7681919932365417,0.7400000095367432,0.5983656048774719,0.8199999928474426,True,100
wisconsin,LabelStratifiedKFold,0,2,MixHop,100,308,208,0.5080928206443787,0.8399999737739563,0.9220967888832092,0.7599999904632568,True,100
wisconsin,LabelStratifiedKFold,0,3,GPRGNN,100,190,90,0.7345890998840332,0.8199999928474426,0.8690152168273926,0.7799999713897705,True,100
wisconsin,LabelStratifiedKFold,0,3,GPRGNN,101,157,57,0.8452098369598389,0.7400000095367432,0.8427530527114868,0.7200000286102295,True,100
wisconsin,LabelStratifiedKFold,0,3,H2GCN,100,616,516,0.46326252818107605,0.8600000143051147,0.323383629322052,0.9200000166893005,True,100
wisconsin,LabelStratifiedKFold,0,4,MLP,100,127,27,0.4260646104812622,0.8600000143051147,0.5150665640830994,0.8399999737739563,True,100
wisconsin,LabelStratifiedKFold,0,4,MLP,101,213,113,0.4203496277332306,0.8799999952316284,0.4889845550060272,0.8600000143051147,True,100
wisconsin,LabelStratifiedKFold,0,3,H2GCN,101,685,585,0.45952144265174866,0.8600000143051147,0.3219747543334961,0.9200000166893005,True,100
wisconsin,LabelStratifiedKFold,0,4,GCN,100,103,3,1.2470968961715698,0.4399999976158142,1.368301510810852,0.5,True,100
wisconsin,LabelStratifiedKFold,0,3,MixHop,101,168,68,0.30774128437042236,0.8799999952316284,0.29919272661209106,0.8600000143051147,True,100
wisconsin,LabelStratifiedKFold,0,3,MixHop,100,207,107,0.2408590316772461,0.8999999761581421,0.5604955554008484,0.8399999737739563,True,100
wisconsin,LabelStratifiedKFold,0,4,GCN,101,105,5,1.2735704183578491,0.5199999809265137,1.3205480575561523,0.5199999809265137,True,100
wisconsin,LabelStratifiedKFold,0,4,GAT,100,114,14,1.3418806791305542,0.5600000023841858,1.18674898147583,0.5799999833106995,True,100
wisconsin,LabelStratifiedKFold,0,4,GAT,101,124,24,1.1978240013122559,0.5600000023841858,1.2866696119308472,0.5,True,100
wisconsin,LabelStratifiedKFold,0,4,SAGE,100,109,9,0.4207218885421753,0.8600000143051147,0.7703502178192139,0.7200000286102295,True,100
wisconsin,LabelStratifiedKFold,0,4,SAGE,101,112,12,0.5272471904754639,0.800000011920929,0.8181251287460327,0.699999988079071,True,100
wisconsin,LabelStratifiedKFold,0,4,GPRGNN,100,132,32,1.082482933998108,0.6600000262260437,1.0117292404174805,0.6600000262260437,True,100
wisconsin,LabelStratifiedKFold,0,4,GPRGNN,101,117,17,1.12730073928833,0.6200000047683716,1.155766248703003,0.6200000047683716,True,100
wisconsin,LabelStratifiedKFold,0,4,H2GCN,100,230,130,0.44707152247428894,0.9200000166893005,0.6745613217353821,0.8600000143051147,True,100
wisconsin,LabelStratifiedKFold,0,5,MLP,100,443,343,0.3191862404346466,0.8627451062202454,0.39050552248954773,0.8799999952316284,True,100
wisconsin,LabelStratifiedKFold,0,4,H2GCN,101,427,327,0.42170634865760803,0.8799999952316284,0.5987995266914368,0.8600000143051147,True,100
wisconsin,LabelStratifiedKFold,0,5,MLP,101,345,245,0.29145172238349915,0.9019607901573181,0.37535354495048523,0.8600000143051147,True,100
wisconsin,LabelStratifiedKFold,0,5,GCN,100,107,7,1.4669641256332397,0.3921568691730499,1.3720086812973022,0.46000000834465027,True,100
wisconsin,LabelStratifiedKFold,0,5,GCN,101,106,6,1.338706374168396,0.47058823704719543,1.2824523448944092,0.5600000023841858,True,100
wisconsin,LabelStratifiedKFold,0,5,GAT,100,113,13,1.3244335651397705,0.4901960790157318,1.3707045316696167,0.47999998927116394,True,100
wisconsin,LabelStratifiedKFold,0,5,GAT,101,127,27,1.263283133506775,0.47058823704719543,1.4128199815750122,0.5799999833106995,True,100
wisconsin,LabelStratifiedKFold,0,4,MixHop,101,211,111,0.4120800793170929,0.8799999952316284,0.9740269184112549,0.8199999928474426,True,100
wisconsin,LabelStratifiedKFold,0,4,MixHop,100,238,138,0.3972226083278656,0.8999999761581421,0.5456522703170776,0.8799999952316284,True,100
wisconsin,LabelStratifiedKFold,0,5,SAGE,100,215,115,0.6504998207092285,0.8039215803146362,0.569612443447113,0.8600000143051147,True,100
wisconsin,LabelStratifiedKFold,0,5,SAGE,101,256,156,0.8135564923286438,0.7647058963775635,0.4747451841831207,0.8799999952316284,True,100
wisconsin,LabelStratifiedKFold,0,5,GPRGNN,100,209,109,0.7677204608917236,0.7647058963775635,0.8233762383460999,0.7400000095367432,True,100
wisconsin,LabelStratifiedKFold,0,5,GPRGNN,101,168,68,0.8936931490898132,0.7450980544090271,1.2086877822875977,0.7400000095367432,True,100
wisconsin,LabelStratifiedKFold,0,5,H2GCN,100,737,637,0.4155280590057373,0.8823529481887817,0.33446311950683594,0.9200000166893005,True,100
wisconsin,LabelStratifiedKFold,0,5,H2GCN,101,591,491,0.4087461233139038,0.8823529481887817,0.3338369131088257,0.9200000166893005,True,100
wisconsin,LabelStratifiedKFold,0,5,MixHop,101,258,158,0.4234206974506378,0.8235294222831726,0.43804019689559937,0.8799999952316284,True,100
wisconsin,LabelStratifiedKFold,0,5,MixHop,100,269,169,0.431954026222229,0.843137264251709,0.4831744134426117,0.8399999737739563,True,100
wisconsin,Sklearn_NeighHet_b50,0,1,MLP,100,196,96,0.35500991344451904,0.8799999952316284,0.4571896493434906,0.8627451062202454,True,100
wisconsin,Sklearn_NeighHet_b50,0,1,MLP,101,235,135,0.34637296199798584,0.8799999952316284,0.3817299008369446,0.8627451062202454,True,100
wisconsin,Sklearn_NeighHet_b50,0,1,GCN,100,104,4,1.3172554969787598,0.41999998688697815,1.30634605884552,0.47058823704719543,True,100
wisconsin,Sklearn_NeighHet_b50,0,1,GCN,101,105,5,1.3116590976715088,0.4399999976158142,1.2723339796066284,0.4901960790157318,True,100
wisconsin,Sklearn_NeighHet_b50,0,1,GAT,100,109,9,1.3208268880844116,0.46000000834465027,1.2803598642349243,0.4901960790157318,True,100
wisconsin,Sklearn_NeighHet_b50,0,1,GAT,101,108,8,1.3484704494476318,0.41999998688697815,1.3393471240997314,0.4901960790157318,True,100
wisconsin,Sklearn_NeighHet_b50,0,1,SAGE,100,116,16,0.694521963596344,0.7200000286102295,0.5939546227455139,0.8039215803146362,True,100
wisconsin,Sklearn_NeighHet_b50,0,1,GPRGNN,100,143,43,1.246744155883789,0.6000000238418579,0.7966212630271912,0.7254902124404907,True,100
wisconsin,Sklearn_NeighHet_b50,0,1,GPRGNN,101,116,16,1.2270456552505493,0.5199999809265137,1.0594693422317505,0.529411792755127,True,100
wisconsin,Sklearn_NeighHet_b50,0,1,SAGE,101,274,174,0.7271787524223328,0.800000011920929,0.7069047689437866,0.843137264251709,True,100
wisconsin,Sklearn_NeighHet_b50,0,1,H2GCN,100,471,371,0.4828396141529083,0.8199999928474426,0.46490350365638733,0.843137264251709,True,100
wisconsin,Sklearn_NeighHet_b50,0,1,H2GCN,101,435,335,0.48517078161239624,0.8399999737739563,0.47669968008995056,0.8235294222831726,True,100
wisconsin,Sklearn_NeighHet_b50,0,2,MLP,100,250,150,0.16833773255348206,0.9399999976158142,0.2697038948535919,0.8799999952316284,True,100
wisconsin,Sklearn_NeighHet_b50,0,2,MLP,101,272,172,0.2208104282617569,0.9200000166893005,0.30963513255119324,0.8799999952316284,True,100
wisconsin,Sklearn_NeighHet_b50,0,2,GCN,100,110,10,1.142844319343567,0.6000000238418579,1.754897952079773,0.41999998688697815,True,100
wisconsin,Sklearn_NeighHet_b50,0,2,GCN,101,107,7,1.0444560050964355,0.6399999856948853,1.3732597827911377,0.3799999952316284,True,100
wisconsin,Sklearn_NeighHet_b50,0,2,GAT,100,125,25,1.0023958683013916,0.6200000047683716,1.5868977308273315,0.41999998688697815,True,100
wisconsin,Sklearn_NeighHet_b50,0,2,GAT,101,121,21,1.0505809783935547,0.6200000047683716,1.4746989011764526,0.47999998927116394,True,100
wisconsin,Sklearn_NeighHet_b50,0,1,MixHop,101,258,158,0.684233546257019,0.8600000143051147,0.5052178502082825,0.8823529481887817,True,100
wisconsin,Sklearn_NeighHet_b50,0,2,SAGE,100,222,122,0.3488069176673889,0.8799999952316284,1.0328497886657715,0.7599999904632568,True,100
wisconsin,Sklearn_NeighHet_b50,0,1,MixHop,100,288,188,0.5167430639266968,0.8600000143051147,0.6523586511611938,0.843137264251709,True,100
wisconsin,Sklearn_NeighHet_b50,0,2,GPRGNN,100,144,44,0.4974406957626343,0.800000011920929,1.1198930740356445,0.6800000071525574,True,100
wisconsin,Sklearn_NeighHet_b50,0,2,GPRGNN,101,148,48,0.48687663674354553,0.7799999713897705,1.2088364362716675,0.6200000047683716,True,100
wisconsin,Sklearn_NeighHet_b50,0,2,SAGE,101,347,247,0.46511662006378174,0.8799999952316284,1.0176196098327637,0.7599999904632568,True,100
wisconsin,Sklearn_NeighHet_b50,0,2,H2GCN,101,521,421,0.2440020591020584,0.9599999785423279,0.44517213106155396,0.800000011920929,True,100
wisconsin,Sklearn_NeighHet_b50,0,3,MLP,100,124,24,0.5231958627700806,0.8399999737739563,0.2504429221153259,0.9599999785423279,True,100
wisconsin,Sklearn_NeighHet_b50,0,3,MLP,101,120,20,0.4858565926551819,0.8399999737739563,0.25560271739959717,0.9200000166893005,True,100
wisconsin,Sklearn_NeighHet_b50,0,2,MixHop,101,153,53,0.32723456621170044,0.8999999761581421,0.8898411393165588,0.800000011920929,True,100
wisconsin,Sklearn_NeighHet_b50,0,3,GCN,100,111,11,1.1203241348266602,0.6399999856948853,1.1654666662216187,0.6000000238418579,True,100
wisconsin,Sklearn_NeighHet_b50,0,2,H2GCN,100,816,716,0.2398165911436081,0.9399999976158142,0.4449968636035919,0.8199999928474426,True,100
wisconsin,Sklearn_NeighHet_b50,0,3,GCN,101,108,8,1.0788875818252563,0.5600000023841858,1.050460696220398,0.6000000238418579,True,100
wisconsin,Sklearn_NeighHet_b50,0,3,GAT,101,114,14,0.9942720532417297,0.5600000023841858,0.9674594402313232,0.6399999856948853,True,100
wisconsin,Sklearn_NeighHet_b50,0,3,GAT,100,125,25,0.9435977935791016,0.6000000238418579,0.9461141228675842,0.6399999856948853,True,100
wisconsin,Sklearn_NeighHet_b50,0,2,MixHop,100,236,136,0.33618685603141785,0.8799999952316284,0.8093744516372681,0.800000011920929,True,100
wisconsin,Sklearn_NeighHet_b50,0,3,SAGE,100,108,8,0.5524149537086487,0.8799999952316284,0.3661254942417145,0.8799999952316284,True,100
wisconsin,Sklearn_NeighHet_b50,0,3,SAGE,101,109,9,0.6208785772323608,0.8600000143051147,0.508857011795044,0.8399999737739563,True,100
wisconsin,Sklearn_NeighHet_b50,0,3,GPRGNN,100,181,81,0.43056827783584595,0.8799999952316284,0.44008922576904297,0.8999999761581421,True,100
wisconsin,Sklearn_NeighHet_b50,0,3,GPRGNN,101,224,124,0.4122275412082672,0.8799999952316284,0.4008219838142395,0.8999999761581421,True,100
wisconsin,Sklearn_NeighHet_b50,0,3,H2GCN,100,594,494,0.36448273062705994,0.9200000166893005,0.23362688720226288,0.9800000190734863,True,100
wisconsin,Sklearn_NeighHet_b50,0,3,H2GCN,101,571,471,0.3685551583766937,0.9200000166893005,0.23472972214221954,0.9800000190734863,True,100
wisconsin,Sklearn_NeighHet_b50,0,4,MLP,100,470,370,0.6321638822555542,0.7599999904632568,0.39314040541648865,0.8999999761581421,True,100
wisconsin,Sklearn_NeighHet_b50,0,3,MixHop,100,169,69,0.2718164920806885,0.9599999785423279,0.37362343072891235,0.9200000166893005,True,100
wisconsin,Sklearn_NeighHet_b50,0,4,MLP,101,448,348,0.5975480079650879,0.7799999713897705,0.35723063349723816,0.9200000166893005,True,100
wisconsin,Sklearn_NeighHet_b50,0,4,GCN,100,103,3,1.3396775722503662,0.3799999952316284,1.2795606851577759,0.5,True,100
wisconsin,Sklearn_NeighHet_b50,0,4,GCN,101,104,4,1.349805474281311,0.3400000035762787,1.2792845964431763,0.4000000059604645,True,100
wisconsin,Sklearn_NeighHet_b50,0,4,GAT,100,123,23,1.4228925704956055,0.47999998927116394,0.9772235751152039,0.6600000262260437,True,100
wisconsin,Sklearn_NeighHet_b50,0,4,GAT,101,134,34,1.4563109874725342,0.41999998688697815,1.1006261110305786,0.5400000214576721,True,100
wisconsin,Sklearn_NeighHet_b50,0,4,SAGE,100,104,4,0.8272321820259094,0.6800000071525574,0.7247145175933838,0.7599999904632568,True,100
wisconsin,Sklearn_NeighHet_b50,0,4,SAGE,101,104,4,0.9088990092277527,0.7200000286102295,0.8186247944831848,0.8199999928474426,True,100
wisconsin,Sklearn_NeighHet_b50,0,4,GPRGNN,100,141,41,1.2456694841384888,0.6200000047683716,0.763568103313446,0.699999988079071,True,100
wisconsin,Sklearn_NeighHet_b50,0,4,GPRGNN,101,155,55,1.046167016029358,0.6399999856948853,0.48581963777542114,0.8399999737739563,True,100
wisconsin,Sklearn_NeighHet_b50,0,3,MixHop,101,292,192,0.25926923751831055,0.9599999785423279,0.32890042662620544,0.9399999976158142,True,100
wisconsin,Sklearn_NeighHet_b50,0,4,MixHop,100,105,5,1.0254435539245605,0.5799999833106995,0.9267259836196899,0.7200000286102295,True,100
wisconsin,Sklearn_NeighHet_b50,0,5,MLP,100,161,61,0.4738213121891022,0.843137264251709,0.7735998034477234,0.7200000286102295,True,100
wisconsin,Sklearn_NeighHet_b50,0,4,MixHop,101,107,7,1.0074584484100342,0.6600000262260437,0.7496749758720398,0.7799999713897705,True,100
wisconsin,Sklearn_NeighHet_b50,0,4,H2GCN,101,253,153,0.7754600644111633,0.800000011920929,0.44636115431785583,0.8600000143051147,True,100
wisconsin,Sklearn_NeighHet_b50,0,5,MLP,101,423,323,0.415109246969223,0.8823529481887817,0.6227842569351196,0.8399999737739563,True,100
wisconsin,Sklearn_NeighHet_b50,0,5,GCN,100,104,4,1.2956970930099487,0.4313725531101227,1.4875903129577637,0.41999998688697815,True,100
wisconsin,Sklearn_NeighHet_b50,0,5,GCN,101,108,8,1.2497198581695557,0.4901960790157318,1.3606430292129517,0.46000000834465027,True,100
wisconsin,Sklearn_NeighHet_b50,0,5,GAT,100,125,25,1.1687345504760742,0.5490196347236633,1.5068888664245605,0.41999998688697815,True,100
wisconsin,Sklearn_NeighHet_b50,0,5,GAT,101,124,24,1.1771796941757202,0.5686274766921997,1.512220859527588,0.4000000059604645,True,100
wisconsin,Sklearn_NeighHet_b50,0,4,H2GCN,100,813,713,0.6908119916915894,0.800000011920929,0.3986212909221649,0.8799999952316284,True,100
wisconsin,Sklearn_NeighHet_b50,0,5,SAGE,100,109,9,0.5646973252296448,0.8235294222831726,0.9629802107810974,0.7599999904632568,True,100
wisconsin,Sklearn_NeighHet_b50,0,5,SAGE,101,111,11,0.5932478308677673,0.7647058963775635,1.0807812213897705,0.7400000095367432,True,100
wisconsin,Sklearn_NeighHet_b50,0,5,GPRGNN,100,197,97,0.8532789349555969,0.8039215803146362,1.6065032482147217,0.699999988079071,True,100
wisconsin,Sklearn_NeighHet_b50,0,5,GPRGNN,101,156,56,0.723685622215271,0.8039215803146362,1.226216435432434,0.699999988079071,True,100
wisconsin,Sklearn_NeighHet_b50,0,5,H2GCN,100,381,281,0.4539644718170166,0.9019607901573181,0.8156148791313171,0.7799999713897705,True,100
wisconsin,Sklearn_NeighHet_b50,0,5,H2GCN,101,556,456,0.4477323293685913,0.9019607901573181,0.7579782605171204,0.800000011920929,True,100
wisconsin,Sklearn_NeighHet_b50,0,5,MixHop,101,256,156,0.2539997398853302,0.8627451062202454,1.4265990257263184,0.7599999904632568,True,100
wisconsin,Sklearn_NeighHet_b50,0,5,MixHop,100,329,229,0.25775253772735596,0.9019607901573181,1.1711777448654175,0.7400000095367432,True,100
wisconsin,RandomKFold,1,1,MLP,100,218,118,0.3573458790779114,0.9200000166893005,0.26976239681243896,0.9215686321258545,True,100
wisconsin,RandomKFold,1,1,GCN,100,103,3,1.419844150543213,0.41999998688697815,1.18965482711792,0.5098039507865906,True,100
wisconsin,RandomKFold,1,1,GCN,101,103,3,1.3876360654830933,0.36000001430511475,1.2341092824935913,0.37254902720451355,True,100
wisconsin,RandomKFold,1,1,MLP,101,377,277,0.32212013006210327,0.9399999976158142,0.36763665080070496,0.843137264251709,True,100
wisconsin,RandomKFold,1,1,GAT,100,104,4,1.3521713018417358,0.5199999809265137,0.9524279832839966,0.6274510025978088,True,100
wisconsin,RandomKFold,1,1,GAT,101,118,18,1.3411445617675781,0.41999998688697815,1.0839987993240356,0.6274510025978088,True,100
wisconsin,RandomKFold,1,1,SAGE,100,106,6,0.6085174083709717,0.800000011920929,0.5454844832420349,0.8039215803146362,True,100
wisconsin,RandomKFold,1,1,SAGE,101,110,10,0.7152197957038879,0.7599999904632568,0.6655323505401611,0.7843137383460999,True,100
wisconsin,RandomKFold,1,1,GPRGNN,100,143,43,0.8600682616233826,0.7599999904632568,0.4889530539512634,0.7843137383460999,True,100
wisconsin,RandomKFold,1,1,GPRGNN,101,146,46,0.7762930393218994,0.7799999713897705,0.49674302339553833,0.843137264251709,True,100
wisconsin,RandomKFold,1,1,H2GCN,100,487,387,0.400288462638855,0.8999999761581421,0.33291083574295044,0.8823529481887817,True,100
wisconsin,RandomKFold,1,1,H2GCN,101,477,377,0.4075378179550171,0.8799999952316284,0.3500635027885437,0.8823529481887817,True,100
wisconsin,RandomKFold,1,2,MLP,100,295,195,0.5011638402938843,0.8799999952316284,0.4828311800956726,0.8999999761581421,True,100
wisconsin,RandomKFold,1,2,MLP,101,328,228,0.4952034056186676,0.8600000143051147,0.46435803174972534,0.8999999761581421,True,100
wisconsin,RandomKFold,1,2,GCN,100,114,14,1.0817948579788208,0.6399999856948853,1.7831788063049316,0.36000001430511475,True,100
wisconsin,RandomKFold,1,2,GCN,101,112,12,1.1073390245437622,0.6200000047683716,1.7076917886734009,0.3799999952316284,True,100
wisconsin,RandomKFold,1,2,GAT,100,113,13,1.0549184083938599,0.5600000023841858,1.3713250160217285,0.46000000834465027,True,100
wisconsin,RandomKFold,1,2,GAT,101,122,22,1.1370233297348022,0.5400000214576721,1.5043015480041504,0.3799999952316284,True,100
wisconsin,RandomKFold,1,1,MixHop,100,204,104,0.41274115443229675,0.8999999761581421,0.5179848670959473,0.843137264251709,True,100
wisconsin,RandomKFold,1,2,SAGE,100,104,4,0.9571046233177185,0.7400000095367432,0.9104568958282471,0.7400000095367432,True,100
wisconsin,RandomKFold,1,2,SAGE,101,104,4,0.913603663444519,0.7799999713897705,1.040544867515564,0.6200000047683716,True,100
wisconsin,RandomKFold,1,1,MixHop,101,236,136,0.508632242679596,0.8999999761581421,0.5349151492118835,0.843137264251709,True,100
wisconsin,RandomKFold,1,2,GPRGNN,100,155,55,0.8145452737808228,0.7799999713897705,1.0306733846664429,0.7200000286102295,True,100
wisconsin,RandomKFold,1,2,GPRGNN,101,147,47,0.7675381302833557,0.7599999904632568,0.8762973546981812,0.7799999713897705,True,100
wisconsin,RandomKFold,1,2,H2GCN,100,431,331,0.6881672143936157,0.8199999928474426,0.5168023109436035,0.8799999952316284,True,100
wisconsin,RandomKFold,1,3,MLP,100,282,182,0.4127558171749115,0.8799999952316284,0.4889476001262665,0.8600000143051147,True,100
wisconsin,RandomKFold,1,3,MLP,101,132,32,0.42543911933898926,0.8399999737739563,0.5256937742233276,0.8600000143051147,True,100
wisconsin,RandomKFold,1,2,H2GCN,101,560,460,0.6798856258392334,0.8199999928474426,0.5185295343399048,0.8799999952316284,True,100
wisconsin,RandomKFold,1,3,GCN,100,107,7,1.2013201713562012,0.5,1.1730320453643799,0.5600000023841858,True,100
wisconsin,RandomKFold,1,3,GCN,101,114,14,1.1801470518112183,0.6000000238418579,1.0534279346466064,0.6600000262260437,True,100
wisconsin,RandomKFold,1,3,GAT,100,158,58,1.0822875499725342,0.5400000214576721,1.2367637157440186,0.5400000214576721,True,100
wisconsin,RandomKFold,1,3,GAT,101,135,35,1.1059364080429077,0.5600000023841858,1.1026192903518677,0.6399999856948853,True,100
wisconsin,RandomKFold,1,3,SAGE,100,104,4,0.6930843591690063,0.7599999904632568,0.937726616859436,0.7400000095367432,True,100
wisconsin,RandomKFold,1,3,SAGE,101,113,13,0.7173255681991577,0.8199999928474426,1.0805038213729858,0.7799999713897705,True,100
wisconsin,RandomKFold,1,2,MixHop,101,228,128,0.5196514129638672,0.8799999952316284,0.640821635723114,0.8399999737739563,True,100
wisconsin,RandomKFold,1,2,MixHop,100,265,165,0.6174249649047852,0.8799999952316284,0.8573129773139954,0.800000011920929,True,100
wisconsin,RandomKFold,1,3,GPRGNN,100,142,42,0.5763143301010132,0.8399999737739563,0.7061302661895752,0.8199999928474426,True,100
wisconsin,RandomKFold,1,3,GPRGNN,101,159,59,0.508007824420929,0.8600000143051147,0.7958237528800964,0.7799999713897705,True,100
wisconsin,RandomKFold,1,3,MixHop,101,114,14,0.5204755663871765,0.8600000143051147,0.6812976002693176,0.800000011920929,True,100
wisconsin,RandomKFold,1,3,H2GCN,101,455,355,0.4945982098579407,0.8799999952316284,0.6566484570503235,0.8199999928474426,True,100
wisconsin,RandomKFold,1,4,MLP,100,202,102,0.41078999638557434,0.8600000143051147,0.39422547817230225,0.8799999952316284,True,100
wisconsin,RandomKFold,1,4,MLP,101,137,37,0.463970422744751,0.8399999737739563,0.38169148564338684,0.8999999761581421,True,100
wisconsin,RandomKFold,1,3,H2GCN,100,741,641,0.4635281264781952,0.8799999952316284,0.6223182082176208,0.8199999928474426,True,100
wisconsin,RandomKFold,1,4,GCN,101,103,3,1.2707782983779907,0.47999998927116394,1.2105156183242798,0.46000000834465027,True,100
wisconsin,RandomKFold,1,4,GCN,100,103,3,1.241818904876709,0.4000000059604645,1.2841616868972778,0.4000000059604645,True,100
wisconsin,RandomKFold,1,4,GAT,100,110,10,1.2663158178329468,0.47999998927116394,1.2389737367630005,0.5799999833106995,True,100
wisconsin,RandomKFold,1,4,GAT,101,108,8,1.1159268617630005,0.5400000214576721,1.1865452527999878,0.5199999809265137,True,100
wisconsin,RandomKFold,1,4,SAGE,100,106,6,0.5636101365089417,0.7799999713897705,0.6749956011772156,0.7400000095367432,True,100
wisconsin,RandomKFold,1,4,SAGE,101,107,7,0.722299337387085,0.7400000095367432,0.8438798785209656,0.7200000286102295,True,100
wisconsin,RandomKFold,1,4,GPRGNN,100,144,44,0.5674492120742798,0.8399999737739563,0.7195526957511902,0.7799999713897705,True,100
wisconsin,RandomKFold,1,4,GPRGNN,101,158,58,0.7255223989486694,0.7599999904632568,0.8562039732933044,0.7599999904632568,True,100
wisconsin,RandomKFold,1,3,MixHop,100,330,230,0.41748160123825073,0.9200000166893005,0.6622518301010132,0.8399999737739563,True,100
wisconsin,RandomKFold,1,4,MixHop,100,159,59,0.46889764070510864,0.8999999761581421,0.6344420313835144,0.8799999952316284,True,100
wisconsin,RandomKFold,1,5,MLP,100,252,152,0.3072843849658966,0.8627451062202454,0.42584776878356934,0.8199999928474426,True,100
wisconsin,RandomKFold,1,4,H2GCN,100,720,620,0.4447452127933502,0.8199999928474426,0.396196186542511,0.8799999952316284,True,100
wisconsin,RandomKFold,1,5,MLP,101,244,144,0.3282204568386078,0.8823529481887817,0.4534560739994049,0.8399999737739563,True,100
wisconsin,RandomKFold,1,5,GCN,100,106,6,1.0593112707138062,0.686274528503418,1.318922519683838,0.5199999809265137,True,100
wisconsin,RandomKFold,1,5,GCN,101,110,10,0.9686050415039062,0.6078431606292725,1.2560003995895386,0.5400000214576721,True,100
wisconsin,RandomKFold,1,5,GAT,100,135,35,0.9513764381408691,0.6470588445663452,1.222285509109497,0.5,True,100
wisconsin,RandomKFold,1,4,H2GCN,101,643,543,0.4305828809738159,0.8199999928474426,0.39215028285980225,0.8799999952316284,True,100
wisconsin,RandomKFold,1,5,GAT,101,126,26,0.8643869161605835,0.6274510025978088,1.3095661401748657,0.47999998927116394,True,100
wisconsin,RandomKFold,1,5,SAGE,100,120,20,0.4977349042892456,0.8235294222831726,0.9717962145805359,0.7200000286102295,True,100
wisconsin,RandomKFold,1,5,MixHop,100,132,32,0.27221161127090454,0.9215686321258545,0.8278777599334717,0.800000011920929,True,100
wisconsin,RandomKFold,1,4,MixHop,101,374,274,0.5761250257492065,0.8999999761581421,0.7079402804374695,0.8399999737739563,True,100
wisconsin,RandomKFold,1,5,GPRGNN,100,160,60,0.48788192868232727,0.8235294222831726,0.5945122838020325,0.8199999928474426,True,100
wisconsin,RandomKFold,1,5,SAGE,101,452,352,0.3898394703865051,0.843137264251709,1.0385122299194336,0.800000011920929,True,100
wisconsin,RandomKFold,1,5,GPRGNN,101,152,52,0.4570888578891754,0.8235294222831726,0.6512869000434875,0.7599999904632568,True,100
wisconsin,RandomKFold,1,5,H2GCN,100,492,392,0.28949061036109924,0.9411764740943909,0.4199012815952301,0.8600000143051147,True,100
wisconsin,RandomKFold,1,5,H2GCN,101,564,464,0.29206955432891846,0.9411764740943909,0.4175886809825897,0.8600000143051147,True,100
wisconsin,RandomKFold,1,5,MixHop,101,224,124,0.19974975287914276,0.9215686321258545,0.7441692352294922,0.8399999737739563,True,100
wisconsin,LabelStratifiedKFold,1,1,MLP,100,255,155,0.4205600321292877,0.8799999952316284,0.35686492919921875,0.8823529481887817,True,100
wisconsin,LabelStratifiedKFold,1,1,MLP,101,313,213,0.40454035997390747,0.8600000143051147,0.3855871260166168,0.8823529481887817,True,100
wisconsin,LabelStratifiedKFold,1,1,GCN,100,103,3,1.3041163682937622,0.41999998688697815,1.4102895259857178,0.3529411852359772,True,100
wisconsin,LabelStratifiedKFold,1,1,GCN,101,103,3,1.2721198797225952,0.3400000035762787,1.2753597497940063,0.529411792755127,True,100
wisconsin,LabelStratifiedKFold,1,1,GAT,100,119,19,1.1663868427276611,0.5199999809265137,1.1663644313812256,0.5098039507865906,True,100
wisconsin,LabelStratifiedKFold,1,1,GAT,101,147,47,1.226628065109253,0.5199999809265137,1.2187916040420532,0.529411792755127,True,100
wisconsin,LabelStratifiedKFold,1,1,SAGE,100,106,6,0.6005446314811707,0.800000011920929,0.6850034594535828,0.7843137383460999,True,100
wisconsin,LabelStratifiedKFold,1,1,SAGE,101,108,8,0.7182791233062744,0.7400000095367432,0.6980869174003601,0.7647058963775635,True,100
wisconsin,LabelStratifiedKFold,1,1,GPRGNN,100,156,56,0.6852288842201233,0.7599999904632568,0.6535055637359619,0.7843137383460999,True,100
wisconsin,LabelStratifiedKFold,1,1,GPRGNN,101,167,67,0.69373619556427,0.7799999713897705,0.6742046475410461,0.7843137383460999,True,100
wisconsin,LabelStratifiedKFold,1,1,H2GCN,101,588,488,0.4826482832431793,0.8199999928474426,0.4564174711704254,0.843137264251709,True,100
wisconsin,LabelStratifiedKFold,1,1,H2GCN,100,676,576,0.47805047035217285,0.8399999737739563,0.44507262110710144,0.843137264251709,True,100
wisconsin,LabelStratifiedKFold,1,2,MLP,100,282,182,0.4143931269645691,0.8600000143051147,0.498673677444458,0.8600000143051147,True,100
wisconsin,LabelStratifiedKFold,1,2,MLP,101,272,172,0.43099918961524963,0.8600000143051147,0.5177282094955444,0.800000011920929,True,100
wisconsin,LabelStratifiedKFold,1,2,GCN,100,107,7,1.157375693321228,0.5600000023841858,1.4612312316894531,0.4399999976158142,True,100
wisconsin,LabelStratifiedKFold,1,2,GCN,101,107,7,1.1255602836608887,0.5600000023841858,1.347021222114563,0.5,True,100
wisconsin,LabelStratifiedKFold,1,2,GAT,100,112,12,1.1791071891784668,0.5799999833106995,1.22475004196167,0.5799999833106995,True,100
wisconsin,LabelStratifiedKFold,1,1,MixHop,101,193,93,0.6713142991065979,0.8199999928474426,0.7871609926223755,0.8823529481887817,True,100
wisconsin,LabelStratifiedKFold,1,2,GAT,101,119,19,1.089553713798523,0.5,1.3297431468963623,0.5,True,100
wisconsin,LabelStratifiedKFold,1,2,SAGE,100,111,11,0.29944977164268494,0.8999999761581421,0.8278256058692932,0.7799999713897705,True,100
wisconsin,LabelStratifiedKFold,1,2,SAGE,101,108,8,0.526766836643219,0.8399999737739563,0.723289966583252,0.7599999904632568,True,100
wisconsin,LabelStratifiedKFold,1,2,GPRGNN,100,142,42,0.7161781191825867,0.6800000071525574,0.951862633228302,0.6600000262260437,True,100
wisconsin,LabelStratifiedKFold,1,2,GPRGNN,101,147,47,0.6366809606552124,0.7599999904632568,0.9342771768569946,0.6800000071525574,True,100
wisconsin,LabelStratifiedKFold,1,2,MixHop,101,110,10,0.49438220262527466,0.800000011920929,0.9202667474746704,0.699999988079071,True,100
wisconsin,LabelStratifiedKFold,1,2,H2GCN,100,730,630,0.34094566106796265,0.9399999976158142,0.4937508702278137,0.8199999928474426,True,100
wisconsin,LabelStratifiedKFold,1,2,H2GCN,101,557,457,0.3369990289211273,0.9399999976158142,0.49598464369773865,0.800000011920929,True,100
wisconsin,LabelStratifiedKFold,1,3,MLP,101,237,137,0.4075143337249756,0.8799999952316284,0.36358383297920227,0.8799999952316284,True,100
wisconsin,LabelStratifiedKFold,1,3,MLP,100,421,321,0.36226651072502136,0.8799999952316284,0.3955591917037964,0.8600000143051147,True,100
wisconsin,LabelStratifiedKFold,1,1,MixHop,100,434,334,0.3961469531059265,0.8600000143051147,0.8531235456466675,0.8235294222831726,True,100
wisconsin,LabelStratifiedKFold,1,3,GCN,100,111,11,1.2291587591171265,0.5600000023841858,1.1805602312088013,0.5400000214576721,True,100
wisconsin,LabelStratifiedKFold,1,3,GCN,101,112,12,1.1519783735275269,0.5799999833106995,1.160043716430664,0.5600000023841858,True,100
wisconsin,LabelStratifiedKFold,1,3,GAT,100,121,21,1.1062315702438354,0.6200000047683716,1.1323386430740356,0.5400000214576721,True,100
wisconsin,LabelStratifiedKFold,1,3,GAT,101,123,23,1.1579699516296387,0.5199999809265137,1.144299864768982,0.47999998927116394,True,100
wisconsin,LabelStratifiedKFold,1,2,MixHop,100,275,175,0.2832387387752533,0.8999999761581421,0.7273954153060913,0.8199999928474426,True,100
wisconsin,LabelStratifiedKFold,1,3,SAGE,100,106,6,0.7384929060935974,0.7799999713897705,0.4316149950027466,0.8399999737739563,True,100
wisconsin,LabelStratifiedKFold,1,3,SAGE,101,110,10,0.7472003102302551,0.8199999928474426,0.46174025535583496,0.8199999928474426,True,100
wisconsin,LabelStratifiedKFold,1,3,GPRGNN,100,146,46,0.5989044904708862,0.8399999737739563,0.45340782403945923,0.8199999928474426,True,100
wisconsin,LabelStratifiedKFold,1,3,GPRGNN,101,139,39,0.5505725741386414,0.7799999713897705,0.4967601001262665,0.8199999928474426,True,100
wisconsin,LabelStratifiedKFold,1,3,H2GCN,100,394,294,0.491010844707489,0.8600000143051147,0.3896079957485199,0.9200000166893005,True,100
wisconsin,LabelStratifiedKFold,1,4,MLP,100,260,160,0.1986396759748459,0.9599999785423279,0.47816765308380127,0.8999999761581421,True,100
wisconsin,LabelStratifiedKFold,1,3,MixHop,100,114,14,0.5998286604881287,0.7599999904632568,0.463606059551239,0.8399999737739563,True,100
wisconsin,LabelStratifiedKFold,1,3,H2GCN,101,452,352,0.4834139943122864,0.8799999952316284,0.3867849111557007,0.9200000166893005,True,100
wisconsin,LabelStratifiedKFold,1,3,MixHop,101,115,15,0.5072847604751587,0.8199999928474426,0.4432418942451477,0.8600000143051147,True,100
wisconsin,LabelStratifiedKFold,1,4,MLP,101,318,218,0.18346929550170898,0.9200000166893005,0.47276929020881653,0.8799999952316284,True,100
wisconsin,LabelStratifiedKFold,1,4,GCN,100,104,4,1.193534016609192,0.5400000214576721,1.2710886001586914,0.5199999809265137,True,100
wisconsin,LabelStratifiedKFold,1,4,GCN,101,108,8,1.1539061069488525,0.6000000238418579,1.2296162843704224,0.5199999809265137,True,100
wisconsin,LabelStratifiedKFold,1,4,GAT,100,129,29,1.111433744430542,0.6000000238418579,1.162136197090149,0.5600000023841858,True,100
wisconsin,LabelStratifiedKFold,1,4,GAT,101,119,19,1.1403391361236572,0.5600000023841858,1.15880286693573,0.5199999809265137,True,100
wisconsin,LabelStratifiedKFold,1,4,SAGE,101,195,95,0.5503504276275635,0.8399999737739563,1.293575406074524,0.8199999928474426,True,100
wisconsin,LabelStratifiedKFold,1,4,SAGE,100,264,164,0.5171099305152893,0.8600000143051147,1.344220757484436,0.7799999713897705,True,100
wisconsin,LabelStratifiedKFold,1,4,GPRGNN,100,301,201,0.4516019821166992,0.800000011920929,0.9550100564956665,0.8399999737739563,True,100
wisconsin,LabelStratifiedKFold,1,4,GPRGNN,101,215,115,0.43251240253448486,0.8399999737739563,0.7670522332191467,0.8199999928474426,True,100
wisconsin,LabelStratifiedKFold,1,4,H2GCN,100,478,378,0.3103789985179901,0.9200000166893005,0.5035582184791565,0.8799999952316284,True,100
wisconsin,LabelStratifiedKFold,1,4,H2GCN,101,478,378,0.3039848804473877,0.9200000166893005,0.49023738503456116,0.8799999952316284,True,100
wisconsin,LabelStratifiedKFold,1,5,MLP,101,137,37,0.45108047127723694,0.843137264251709,0.23919902741909027,0.9399999976158142,True,100
wisconsin,LabelStratifiedKFold,1,5,MLP,100,273,173,0.34368085861206055,0.8823529481887817,0.2259964793920517,0.9200000166893005,True,100
wisconsin,LabelStratifiedKFold,1,4,MixHop,101,217,117,0.15250329673290253,0.9399999976158142,0.552183210849762,0.8600000143051147,True,100
wisconsin,LabelStratifiedKFold,1,5,GCN,100,107,7,1.3506890535354614,0.5098039507865906,1.2579026222229004,0.5400000214576721,True,100
wisconsin,LabelStratifiedKFold,1,5,GCN,101,108,8,1.2305288314819336,0.47058823704719543,1.1659656763076782,0.5400000214576721,True,100
wisconsin,LabelStratifiedKFold,1,5,GAT,100,115,15,1.2295364141464233,0.5686274766921997,1.0701117515563965,0.6200000047683716,True,100
wisconsin,LabelStratifiedKFold,1,5,GAT,101,118,18,1.1931538581848145,0.5098039507865906,1.1537836790084839,0.5199999809265137,True,100
wisconsin,LabelStratifiedKFold,1,5,SAGE,100,105,5,0.7112643718719482,0.8039215803146362,0.5962410569190979,0.800000011920929,True,100
wisconsin,LabelStratifiedKFold,1,5,SAGE,101,105,5,0.8256163597106934,0.7254902124404907,0.6775228977203369,0.7599999904632568,True,100
wisconsin,LabelStratifiedKFold,1,4,MixHop,100,300,200,0.13594768941402435,0.9599999785423279,0.6334999203681946,0.8399999737739563,True,100
wisconsin,LabelStratifiedKFold,1,5,GPRGNN,100,170,70,0.8334629535675049,0.7450980544090271,0.6763995289802551,0.7400000095367432,True,100
wisconsin,LabelStratifiedKFold,1,5,GPRGNN,101,134,34,0.8017753958702087,0.7450980544090271,0.6793205142021179,0.7599999904632568,True,100
wisconsin,LabelStratifiedKFold,1,5,H2GCN,100,558,458,0.4914168417453766,0.8627451062202454,0.31105947494506836,0.9200000166893005,True,100
wisconsin,LabelStratifiedKFold,1,5,H2GCN,101,808,708,0.4851108193397522,0.8627451062202454,0.3003499507904053,0.9200000166893005,True,100
wisconsin,LabelStratifiedKFold,1,5,MixHop,101,175,75,0.5747803449630737,0.8823529481887817,0.13752983510494232,0.9399999976158142,True,100
wisconsin,LabelStratifiedKFold,1,5,MixHop,100,304,204,0.5135192275047302,0.8627451062202454,0.20872870087623596,0.9399999976158142,True,100
wisconsin,Sklearn_NeighHet_b50,1,1,MLP,101,338,238,0.36032605171203613,0.8600000143051147,0.3780640661716461,0.8627451062202454,True,100
wisconsin,Sklearn_NeighHet_b50,1,1,MLP,100,345,245,0.3346311151981354,0.8799999952316284,0.37542444467544556,0.8627451062202454,True,100
wisconsin,Sklearn_NeighHet_b50,1,1,GCN,100,106,6,1.1744740009307861,0.6200000047683716,1.337695837020874,0.4901960790157318,True,100
wisconsin,Sklearn_NeighHet_b50,1,1,GCN,101,106,6,1.1781606674194336,0.5799999833106995,1.3141833543777466,0.529411792755127,True,100
wisconsin,Sklearn_NeighHet_b50,1,1,GAT,101,121,21,1.047542929649353,0.5199999809265137,1.3914753198623657,0.45098039507865906,True,100
wisconsin,Sklearn_NeighHet_b50,1,1,GAT,100,137,37,1.0002893209457397,0.6200000047683716,1.4736130237579346,0.47058823704719543,True,100
wisconsin,Sklearn_NeighHet_b50,1,1,SAGE,100,105,5,0.6346745491027832,0.7400000095367432,0.9158492088317871,0.7254902124404907,True,100
wisconsin,Sklearn_NeighHet_b50,1,1,SAGE,101,174,74,0.5544680953025818,0.8399999737739563,1.164625883102417,0.7647058963775635,True,100
wisconsin,Sklearn_NeighHet_b50,1,1,GPRGNN,100,189,89,0.6154420971870422,0.800000011920929,0.93083256483078,0.7450980544090271,True,100
wisconsin,Sklearn_NeighHet_b50,1,1,GPRGNN,101,144,44,0.6703951358795166,0.7200000286102295,0.8926359415054321,0.7058823704719543,True,100
wisconsin,Sklearn_NeighHet_b50,1,1,H2GCN,100,812,712,0.44034576416015625,0.8999999761581421,0.42307719588279724,0.9215686321258545,True,100
wisconsin,Sklearn_NeighHet_b50,1,2,MLP,100,226,126,0.6770970821380615,0.8199999928474426,0.24902532994747162,0.9200000166893005,True,100
wisconsin,Sklearn_NeighHet_b50,1,1,H2GCN,101,743,643,0.45285412669181824,0.8799999952316284,0.42379704117774963,0.9215686321258545,True,100
wisconsin,Sklearn_NeighHet_b50,1,2,MLP,101,131,31,0.6803961396217346,0.800000011920929,0.3406660854816437,0.9200000166893005,True,100
wisconsin,Sklearn_NeighHet_b50,1,2,GCN,101,103,3,1.3423869609832764,0.4399999976158142,1.3560274839401245,0.46000000834465027,True,100
wisconsin,Sklearn_NeighHet_b50,1,2,GCN,100,103,3,1.3298776149749756,0.41999998688697815,1.3444814682006836,0.41999998688697815,True,100
wisconsin,Sklearn_NeighHet_b50,1,2,GAT,100,113,13,1.2020052671432495,0.6399999856948853,1.0771669149398804,0.6200000047683716,True,100
wisconsin,Sklearn_NeighHet_b50,1,2,GAT,101,140,40,1.4233661890029907,0.5,1.2989274263381958,0.5400000214576721,True,100
wisconsin,Sklearn_NeighHet_b50,1,2,SAGE,100,106,6,0.6996249556541443,0.7799999713897705,0.5943166613578796,0.7799999713897705,True,100
wisconsin,Sklearn_NeighHet_b50,1,1,MixHop,101,266,166,0.20399732887744904,0.8999999761581421,0.7501299381256104,0.843137264251709,True,100
wisconsin,Sklearn_NeighHet_b50,1,2,SAGE,101,114,14,0.813628613948822,0.6600000262260437,0.6236116290092468,0.7599999904632568,True,100
wisconsin,Sklearn_NeighHet_b50,1,2,GPRGNN,100,155,55,0.8802520632743835,0.7599999904632568,0.6689107418060303,0.8199999928474426,True,100
wisconsin,Sklearn_NeighHet_b50,1,2,GPRGNN,101,157,57,0.9557555317878723,0.7200000286102295,0.6670646071434021,0.7799999713897705,True,100
wisconsin,Sklearn_NeighHet_b50,1,1,MixHop,100,371,271,0.2906405031681061,0.8999999761581421,0.5834571123123169,0.8627451062202454,True,100
wisconsin,Sklearn_NeighHet_b50,1,2,H2GCN,100,677,577,0.6196279525756836,0.800000011920929,0.3709253668785095,0.9200000166893005,True,100
wisconsin,Sklearn_NeighHet_b50,1,3,MLP,100,144,44,0.3381221890449524,0.8999999761581421,0.7550773620605469,0.7200000286102295,True,100
wisconsin,Sklearn_NeighHet_b50,1,2,H2GCN,101,512,412,0.6282317042350769,0.7400000095367432,0.3870466947555542,0.9200000166893005,True,100
wisconsin,Sklearn_NeighHet_b50,1,3,MLP,101,483,383,0.30865174531936646,0.8999999761581421,0.7925128936767578,0.7400000095367432,True,100
wisconsin,Sklearn_NeighHet_b50,1,3,GCN,100,103,3,1.2541680335998535,0.46000000834465027,1.2799208164215088,0.5199999809265137,True,100
wisconsin,Sklearn_NeighHet_b50,1,3,GCN,101,104,4,1.2409250736236572,0.5,1.2960847616195679,0.47999998927116394,True,100
wisconsin,Sklearn_NeighHet_b50,1,3,GAT,100,110,10,1.3038989305496216,0.47999998927116394,1.2581998109817505,0.47999998927116394,True,100
wisconsin,Sklearn_NeighHet_b50,1,2,MixHop,101,220,120,0.8076117634773254,0.8199999928474426,0.15910345315933228,0.9599999785423279,True,100
wisconsin,Sklearn_NeighHet_b50,1,3,GAT,101,109,9,1.1940304040908813,0.46000000834465027,1.4495654106140137,0.5,True,100
wisconsin,Sklearn_NeighHet_b50,1,2,MixHop,100,262,162,0.5936123132705688,0.7799999713897705,0.2918139398097992,0.9399999976158142,True,100
wisconsin,Sklearn_NeighHet_b50,1,3,SAGE,101,113,13,0.635951817035675,0.8399999737739563,0.9283676147460938,0.699999988079071,True,100
wisconsin,Sklearn_NeighHet_b50,1,3,GPRGNN,100,134,34,0.9923003911972046,0.7200000286102295,1.0782736539840698,0.6800000071525574,True,100
wisconsin,Sklearn_NeighHet_b50,1,3,SAGE,100,226,126,0.4898035526275635,0.9399999976158142,0.8155980706214905,0.800000011920929,True,100
wisconsin,Sklearn_NeighHet_b50,1,3,GPRGNN,101,137,37,0.8910189867019653,0.7200000286102295,1.0386351346969604,0.6399999856948853,True,100
wisconsin,Sklearn_NeighHet_b50,1,3,H2GCN,100,404,304,0.3537446856498718,0.9200000166893005,0.6531508564949036,0.7799999713897705,True,100
wisconsin,Sklearn_NeighHet_b50,1,3,H2GCN,101,332,232,0.3662572205066681,0.9200000166893005,0.6663478016853333,0.7799999713897705,True,100
wisconsin,Sklearn_NeighHet_b50,1,4,MLP,100,274,174,0.4057314693927765,0.8799999952316284,0.2552725076675415,0.9200000166893005,True,100
wisconsin,Sklearn_NeighHet_b50,1,4,MLP,101,329,229,0.39677032828330994,0.8600000143051147,0.32092979550361633,0.9399999976158142,True,100
wisconsin,Sklearn_NeighHet_b50,1,4,GCN,100,106,6,1.1785107851028442,0.5199999809265137,1.3862390518188477,0.46000000834465027,True,100
wisconsin,Sklearn_NeighHet_b50,1,4,GCN,101,107,7,1.1182334423065186,0.47999998927116394,1.2954223155975342,0.47999998927116394,True,100
wisconsin,Sklearn_NeighHet_b50,1,4,GAT,100,113,13,1.0732221603393555,0.5199999809265137,1.2518144845962524,0.5799999833106995,True,100
wisconsin,Sklearn_NeighHet_b50,1,4,GAT,101,113,13,0.9687999486923218,0.5799999833106995,1.3296808004379272,0.5400000214576721,True,100
wisconsin,Sklearn_NeighHet_b50,1,4,SAGE,100,109,9,0.5859543681144714,0.8199999928474426,0.6306465864181519,0.8600000143051147,True,100
wisconsin,Sklearn_NeighHet_b50,1,4,SAGE,101,112,12,0.6849555373191833,0.7799999713897705,0.6447811126708984,0.7799999713897705,True,100
wisconsin,Sklearn_NeighHet_b50,1,3,MixHop,101,307,207,0.33348992466926575,0.9399999976158142,1.3188492059707642,0.7599999904632568,True,100
wisconsin,Sklearn_NeighHet_b50,1,3,MixHop,100,338,238,0.373945415019989,0.9200000166893005,1.2363133430480957,0.800000011920929,True,100
wisconsin,Sklearn_NeighHet_b50,1,4,MixHop,100,110,10,0.658998966217041,0.7599999904632568,0.6370729207992554,0.7599999904632568,True,100
wisconsin,Sklearn_NeighHet_b50,1,4,GPRGNN,100,141,41,0.8176767826080322,0.7200000286102295,0.9687045812606812,0.6800000071525574,True,100
wisconsin,Sklearn_NeighHet_b50,1,4,MixHop,101,117,17,0.6177236437797546,0.800000011920929,0.4358274042606354,0.8799999952316284,True,100
wisconsin,Sklearn_NeighHet_b50,1,4,GPRGNN,101,168,68,0.7227227091789246,0.7799999713897705,0.9261355400085449,0.7400000095367432,True,100
wisconsin,Sklearn_NeighHet_b50,1,5,MLP,101,274,174,0.25363534688949585,0.9019607901573181,0.5337639451026917,0.8399999737739563,True,100
wisconsin,Sklearn_NeighHet_b50,1,5,MLP,100,607,507,0.20257000625133514,0.9019607901573181,0.42245036363601685,0.8799999952316284,True,100
wisconsin,Sklearn_NeighHet_b50,1,5,GCN,100,101,1,1.2392743825912476,0.5686274766921997,1.4736721515655518,0.5,True,100
wisconsin,Sklearn_NeighHet_b50,1,5,GCN,101,105,5,1.2461377382278442,0.529411792755127,1.1180007457733154,0.6000000238418579,True,100
wisconsin,Sklearn_NeighHet_b50,1,5,GAT,100,117,17,1.1706874370574951,0.529411792755127,1.1392842531204224,0.5799999833106995,True,100
wisconsin,Sklearn_NeighHet_b50,1,4,H2GCN,100,566,466,0.44461241364479065,0.8600000143051147,0.3563014268875122,0.8799999952316284,True,100
wisconsin,Sklearn_NeighHet_b50,1,5,GAT,101,118,18,1.2138522863388062,0.47058823704719543,1.0600439310073853,0.6000000238418579,True,100
wisconsin,Sklearn_NeighHet_b50,1,4,H2GCN,101,592,492,0.44523829221725464,0.8600000143051147,0.35503658652305603,0.8799999952316284,True,100
wisconsin,Sklearn_NeighHet_b50,1,5,SAGE,100,214,114,0.5852946639060974,0.8039215803146362,0.6629834175109863,0.8399999737739563,True,100
wisconsin,Sklearn_NeighHet_b50,1,5,GPRGNN,100,187,87,0.6672824025154114,0.7647058963775635,0.732745885848999,0.7599999904632568,True,100
wisconsin,Sklearn_NeighHet_b50,1,5,SAGE,101,322,222,0.6100149154663086,0.843137264251709,0.8263759613037109,0.800000011920929,True,100
wisconsin,Sklearn_NeighHet_b50,1,5,GPRGNN,101,182,82,0.5643796920776367,0.8039215803146362,0.6204549074172974,0.800000011920929,True,100
wisconsin,Sklearn_NeighHet_b50,1,5,MixHop,101,185,85,0.41282957792282104,0.8823529481887817,0.7692671418190002,0.800000011920929,True,100
wisconsin,Sklearn_NeighHet_b50,1,5,H2GCN,100,543,443,0.3589180111885071,0.9019607901573181,0.4544348120689392,0.8399999737739563,True,100
wisconsin,Sklearn_NeighHet_b50,1,5,H2GCN,101,582,482,0.36176931858062744,0.9215686321258545,0.4595462381839752,0.8399999737739563,True,100
wisconsin,Sklearn_NeighHet_b50,1,5,MixHop,100,234,134,0.3968054950237274,0.8823529481887817,0.6344295740127563,0.800000011920929,True,100
wisconsin,RandomKFold,2,1,MLP,100,192,92,0.435587614774704,0.8999999761581421,0.547369658946991,0.8823529481887817,True,100
wisconsin,RandomKFold,2,1,GCN,100,104,4,1.369019627571106,0.4399999976158142,1.5959782600402832,0.4313725531101227,True,100
wisconsin,RandomKFold,2,1,GCN,101,104,4,1.3746254444122314,0.47999998927116394,1.6450436115264893,0.3921568691730499,True,100
wisconsin,RandomKFold,2,1,MLP,101,381,281,0.4301360249519348,0.8799999952316284,0.5147296786308289,0.8823529481887817,True,100
wisconsin,RandomKFold,2,1,GAT,100,109,9,1.403244972229004,0.5,1.3921513557434082,0.45098039507865906,True,100
wisconsin,RandomKFold,2,1,GAT,101,121,21,1.3145790100097656,0.46000000834465027,1.2723900079727173,0.4901960790157318,True,100
wisconsin,RandomKFold,2,1,SAGE,100,112,12,0.4905177056789398,0.800000011920929,1.0967507362365723,0.7843137383460999,True,100
wisconsin,RandomKFold,2,1,SAGE,101,122,22,0.5189404487609863,0.8799999952316284,1.3072152137756348,0.7450980544090271,True,100
wisconsin,RandomKFold,2,1,GPRGNN,100,134,34,1.048596739768982,0.6000000238418579,1.0903455018997192,0.6470588445663452,True,100
wisconsin,RandomKFold,2,1,GPRGNN,101,190,90,1.0725480318069458,0.699999988079071,1.1506240367889404,0.7254902124404907,True,100
wisconsin,RandomKFold,2,1,H2GCN,100,349,249,0.453428715467453,0.9200000166893005,0.7611806392669678,0.8039215803146362,True,100
wisconsin,RandomKFold,2,1,H2GCN,101,256,156,0.4633994996547699,0.8999999761581421,0.7466921806335449,0.8235294222831726,True,100
wisconsin,RandomKFold,2,2,MLP,100,196,96,0.22321219742298126,0.9200000166893005,0.3891235291957855,0.8999999761581421,True,100
wisconsin,RandomKFold,2,2,MLP,101,263,163,0.2517574727535248,0.8999999761581421,0.38251954317092896,0.8799999952316284,True,100
wisconsin,RandomKFold,2,2,GCN,100,111,11,1.309177041053772,0.5400000214576721,1.3375436067581177,0.47999998927116394,True,100
wisconsin,RandomKFold,2,2,GCN,101,109,9,1.276524543762207,0.5799999833106995,1.3249197006225586,0.5199999809265137,True,100
wisconsin,RandomKFold,2,2,GAT,100,114,14,1.2186247110366821,0.6000000238418579,1.3330990076065063,0.5,True,100
wisconsin,RandomKFold,2,2,GAT,101,119,19,1.197458267211914,0.5600000023841858,1.329648494720459,0.47999998927116394,True,100
wisconsin,RandomKFold,2,1,MixHop,100,169,69,0.6202270984649658,0.8399999737739563,1.1081647872924805,0.843137264251709,True,100
wisconsin,RandomKFold,2,2,SAGE,100,119,19,0.48888182640075684,0.800000011920929,0.6099681854248047,0.800000011920929,True,100
wisconsin,RandomKFold,2,2,SAGE,101,243,143,0.6500696539878845,0.8199999928474426,0.5929939150810242,0.8199999928474426,True,100
wisconsin,RandomKFold,2,2,MixHop,100,111,11,0.633266270160675,0.7799999713897705,0.6702203154563904,0.7200000286102295,True,100
wisconsin,RandomKFold,2,2,GPRGNN,100,132,32,1.0179353952407837,0.7200000286102295,0.9866930246353149,0.6399999856948853,True,100
wisconsin,RandomKFold,2,2,GPRGNN,101,129,29,0.8237254619598389,0.800000011920929,0.8489525318145752,0.6399999856948853,True,100
wisconsin,RandomKFold,2,1,MixHop,101,302,202,0.5795871615409851,0.8999999761581421,1.1880462169647217,0.8039215803146362,True,100
wisconsin,RandomKFold,2,3,MLP,100,546,446,0.2901240289211273,0.8999999761581421,0.6422778367996216,0.800000011920929,True,100
wisconsin,RandomKFold,2,2,H2GCN,100,508,408,0.4355602264404297,0.800000011920929,0.43256959319114685,0.8600000143051147,True,100
wisconsin,RandomKFold,2,3,MLP,101,399,299,0.2891072928905487,0.9200000166893005,0.5441706776618958,0.8600000143051147,True,100
wisconsin,RandomKFold,2,3,GCN,100,101,1,1.2495595216751099,0.5,1.4692087173461914,0.46000000834465027,True,100
wisconsin,RandomKFold,2,2,H2GCN,101,507,407,0.4318213164806366,0.8199999928474426,0.44257602095603943,0.8199999928474426,True,100
wisconsin,RandomKFold,2,3,GCN,101,104,4,1.1922881603240967,0.46000000834465027,1.2393357753753662,0.5400000214576721,True,100
wisconsin,RandomKFold,2,3,GAT,100,112,12,1.1984480619430542,0.5199999809265137,1.2250962257385254,0.5600000023841858,True,100
wisconsin,RandomKFold,2,3,GAT,101,118,18,1.2103221416473389,0.46000000834465027,1.1798062324523926,0.5799999833106995,True,100
wisconsin,RandomKFold,2,2,MixHop,101,210,110,0.5888457298278809,0.8600000143051147,0.7079871892929077,0.7599999904632568,True,100
wisconsin,RandomKFold,2,3,SAGE,100,105,5,0.6439735889434814,0.7799999713897705,0.657538652420044,0.7400000095367432,True,100
wisconsin,RandomKFold,2,3,SAGE,101,105,5,0.6960135698318481,0.8199999928474426,0.7304889559745789,0.6800000071525574,True,100
wisconsin,RandomKFold,2,3,GPRGNN,100,172,72,0.6562529802322388,0.8199999928474426,0.9835475087165833,0.7599999904632568,True,100
wisconsin,RandomKFold,2,3,GPRGNN,101,185,85,0.6336116194725037,0.7799999713897705,1.2787874937057495,0.7400000095367432,True,100
wisconsin,RandomKFold,2,3,H2GCN,100,597,497,0.4189561903476715,0.8799999952316284,0.4222338795661926,0.8399999737739563,True,100
wisconsin,RandomKFold,2,3,H2GCN,101,578,478,0.42189663648605347,0.8600000143051147,0.4334893822669983,0.8399999737739563,True,100
wisconsin,RandomKFold,2,4,MLP,100,378,278,0.4082789719104767,0.8799999952316284,0.49868613481521606,0.8600000143051147,True,100
wisconsin,RandomKFold,2,4,MLP,101,356,256,0.38847219944000244,0.8600000143051147,0.4816943109035492,0.8600000143051147,True,100
wisconsin,RandomKFold,2,4,GCN,100,110,10,1.0752832889556885,0.5400000214576721,1.4503273963928223,0.41999998688697815,True,100
wisconsin,RandomKFold,2,4,GCN,101,110,10,0.9745380878448486,0.6000000238418579,1.4588918685913086,0.41999998688697815,True,100
wisconsin,RandomKFold,2,4,GAT,100,123,23,0.9743644595146179,0.6200000047683716,1.2303189039230347,0.47999998927116394,True,100
wisconsin,RandomKFold,2,4,GAT,101,123,23,0.9509420990943909,0.6000000238418579,1.1977869272232056,0.5199999809265137,True,100
wisconsin,RandomKFold,2,3,MixHop,101,236,136,0.4261813759803772,0.8799999952316284,0.7404754161834717,0.8399999737739563,True,100
wisconsin,RandomKFold,2,4,SAGE,100,107,7,0.5721040964126587,0.7799999713897705,0.6802533864974976,0.7799999713897705,True,100
wisconsin,RandomKFold,2,3,MixHop,100,255,155,0.456124871969223,0.8999999761581421,0.5944101214408875,0.8799999952316284,True,100
wisconsin,RandomKFold,2,4,SAGE,101,109,9,0.6461727023124695,0.7799999713897705,0.753009557723999,0.7799999713897705,True,100
wisconsin,RandomKFold,2,4,GPRGNN,100,160,60,0.5188864469528198,0.8399999737739563,0.6869596838951111,0.8199999928474426,True,100
wisconsin,RandomKFold,2,4,GPRGNN,101,164,64,0.5103648900985718,0.800000011920929,0.6049914956092834,0.8600000143051147,True,100
wisconsin,RandomKFold,2,4,H2GCN,101,573,473,0.4097391366958618,0.9200000166893005,0.4724871516227722,0.8199999928474426,True,100
wisconsin,RandomKFold,2,4,H2GCN,100,654,554,0.42423874139785767,0.8600000143051147,0.4705299139022827,0.8199999928474426,True,100
wisconsin,RandomKFold,2,5,MLP,101,128,28,0.5480894446372986,0.8823529481887817,0.42159226536750793,0.8799999952316284,True,100
wisconsin,RandomKFold,2,5,MLP,100,266,166,0.4824225902557373,0.8823529481887817,0.4006853997707367,0.8799999952316284,True,100
wisconsin,RandomKFold,2,5,GCN,100,110,10,1.4473669528961182,0.4117647111415863,1.1989068984985352,0.5600000023841858,True,100
wisconsin,RandomKFold,2,5,GCN,101,110,10,1.2641339302062988,0.45098039507865906,1.1200792789459229,0.5600000023841858,True,100
wisconsin,RandomKFold,2,5,GAT,100,113,13,1.1881797313690186,0.5686274766921997,1.0097157955169678,0.5600000023841858,True,100
wisconsin,RandomKFold,2,5,GAT,101,126,26,1.2072948217391968,0.5686274766921997,1.195345401763916,0.47999998927116394,True,100
wisconsin,RandomKFold,2,5,SAGE,100,106,6,1.021564245223999,0.7254902124404907,1.0205985307693481,0.7799999713897705,True,100
wisconsin,RandomKFold,2,5,SAGE,101,110,10,1.0042434930801392,0.7254902124404907,0.9427890181541443,0.7799999713897705,True,100
wisconsin,RandomKFold,2,4,MixHop,100,298,198,0.27694398164749146,0.8799999952316284,0.7814804315567017,0.8999999761581421,True,100
wisconsin,RandomKFold,2,5,GPRGNN,100,165,65,0.6492739915847778,0.843137264251709,0.5238264203071594,0.800000011920929,True,100
wisconsin,RandomKFold,2,5,MixHop,101,118,18,0.7177708745002747,0.8039215803146362,0.7617385387420654,0.7200000286102295,True,100
wisconsin,RandomKFold,2,4,MixHop,101,346,246,0.33883801102638245,0.8799999952316284,0.55025315284729,0.8799999952316284,True,100
wisconsin,RandomKFold,2,5,GPRGNN,101,155,55,0.7030511498451233,0.7058823704719543,0.5125283002853394,0.7400000095367432,True,100
wisconsin,RandomKFold,2,5,H2GCN,100,277,177,0.6752883791923523,0.8627451062202454,0.46008235216140747,0.8399999737739563,True,100
wisconsin,RandomKFold,2,5,H2GCN,101,248,148,0.6665123105049133,0.8627451062202454,0.4678996801376343,0.8399999737739563,True,100
wisconsin,RandomKFold,2,5,MixHop,100,225,125,0.5727255344390869,0.9019607901573181,0.4363533854484558,0.8999999761581421,True,100
wisconsin,LabelStratifiedKFold,2,1,MLP,101,314,214,0.407308429479599,0.8999999761581421,0.27858734130859375,0.9215686321258545,True,100
wisconsin,LabelStratifiedKFold,2,1,MLP,100,344,244,0.36735981702804565,0.8999999761581421,0.3151455223560333,0.8823529481887817,True,100
wisconsin,LabelStratifiedKFold,2,1,GCN,100,111,11,1.2111179828643799,0.41999998688697815,1.4380851984024048,0.4901960790157318,True,100
wisconsin,LabelStratifiedKFold,2,1,GCN,101,112,12,1.1548471450805664,0.5199999809265137,1.2688052654266357,0.529411792755127,True,100
wisconsin,LabelStratifiedKFold,2,1,GAT,100,126,26,1.1775190830230713,0.5600000023841858,1.3719396591186523,0.47058823704719543,True,100
wisconsin,LabelStratifiedKFold,2,1,GAT,101,189,89,1.2746081352233887,0.5199999809265137,1.6920747756958008,0.4901960790157318,True,100
wisconsin,LabelStratifiedKFold,2,1,SAGE,100,104,4,0.8153294920921326,0.7599999904632568,0.7291297316551208,0.8039215803146362,True,100
wisconsin,LabelStratifiedKFold,2,1,SAGE,101,104,4,0.8843092322349548,0.699999988079071,0.8190409541130066,0.7843137383460999,True,100
wisconsin,LabelStratifiedKFold,2,1,GPRGNN,101,140,40,0.5517435669898987,0.800000011920929,0.6869171261787415,0.7647058963775635,True,100
wisconsin,LabelStratifiedKFold,2,1,GPRGNN,100,144,44,0.5876350998878479,0.7599999904632568,0.9349031448364258,0.6470588445663452,True,100
wisconsin,LabelStratifiedKFold,2,1,H2GCN,101,510,410,0.431686133146286,0.8799999952316284,0.46706268191337585,0.7843137383460999,True,100
wisconsin,LabelStratifiedKFold,2,1,MixHop,101,119,19,0.591698408126831,0.800000011920929,0.5653749108314514,0.8235294222831726,True,100
wisconsin,LabelStratifiedKFold,2,2,MLP,100,404,304,0.2939411699771881,0.8799999952316284,0.4550950527191162,0.8799999952316284,True,100
wisconsin,LabelStratifiedKFold,2,1,H2GCN,100,706,606,0.42852088809013367,0.8799999952316284,0.46561720967292786,0.7843137383460999,True,100
wisconsin,LabelStratifiedKFold,2,2,GCN,100,107,7,1.1575182676315308,0.5,1.1666957139968872,0.5600000023841858,True,100
wisconsin,LabelStratifiedKFold,2,2,MLP,101,409,309,0.28332874178886414,0.8600000143051147,0.452962726354599,0.8799999952316284,True,100
wisconsin,LabelStratifiedKFold,2,2,GCN,101,107,7,1.1136870384216309,0.5600000023841858,1.1036521196365356,0.5199999809265137,True,100
wisconsin,LabelStratifiedKFold,2,2,GAT,100,113,13,1.0773845911026,0.6200000047683716,1.0649794340133667,0.5600000023841858,True,100
wisconsin,LabelStratifiedKFold,2,2,GAT,101,124,24,1.0521126985549927,0.5400000214576721,1.0932749509811401,0.5400000214576721,True,100
wisconsin,LabelStratifiedKFold,2,1,MixHop,100,199,99,0.5549795627593994,0.8399999737739563,0.4217599928379059,0.843137264251709,True,100
wisconsin,LabelStratifiedKFold,2,2,SAGE,100,105,5,0.6625475287437439,0.7599999904632568,0.7736781239509583,0.7200000286102295,True,100
wisconsin,LabelStratifiedKFold,2,2,SAGE,101,113,13,0.6857305765151978,0.7799999713897705,0.6954059600830078,0.7799999713897705,True,100
wisconsin,LabelStratifiedKFold,2,2,GPRGNN,100,179,79,0.4861624538898468,0.8600000143051147,0.7536746263504028,0.800000011920929,True,100
wisconsin,LabelStratifiedKFold,2,2,GPRGNN,101,187,87,0.4425780773162842,0.8799999952316284,0.6514785885810852,0.8399999737739563,True,100
wisconsin,LabelStratifiedKFold,2,2,H2GCN,101,454,354,0.39131230115890503,0.8999999761581421,0.4757627546787262,0.8600000143051147,True,100
wisconsin,LabelStratifiedKFold,2,3,MLP,100,240,140,0.5982914566993713,0.8199999928474426,0.4996604025363922,0.8600000143051147,True,100
wisconsin,LabelStratifiedKFold,2,2,H2GCN,100,768,668,0.38178399205207825,0.8999999761581421,0.4682198762893677,0.8600000143051147,True,100
wisconsin,LabelStratifiedKFold,2,3,MLP,101,133,33,0.6754005551338196,0.7799999713897705,0.5296634435653687,0.8600000143051147,True,100
wisconsin,LabelStratifiedKFold,2,2,MixHop,101,158,58,0.45010679960250854,0.8799999952316284,0.7269267439842224,0.8799999952316284,True,100
wisconsin,LabelStratifiedKFold,2,3,GCN,100,103,3,1.3350121974945068,0.47999998927116394,1.2849127054214478,0.46000000834465027,True,100
wisconsin,LabelStratifiedKFold,2,3,GCN,101,106,6,1.2487224340438843,0.5199999809265137,1.15958833694458,0.5799999833106995,True,100
wisconsin,LabelStratifiedKFold,2,3,GAT,100,108,8,1.3533991575241089,0.5,1.2189149856567383,0.5600000023841858,True,100
wisconsin,LabelStratifiedKFold,2,3,GAT,101,110,10,1.2734317779541016,0.5,1.1328829526901245,0.6399999856948853,True,100
wisconsin,LabelStratifiedKFold,2,3,SAGE,100,104,4,0.7734441161155701,0.7400000095367432,0.6829679608345032,0.8199999928474426,True,100
wisconsin,LabelStratifiedKFold,2,3,SAGE,101,105,5,0.861545741558075,0.699999988079071,0.7379762530326843,0.7599999904632568,True,100
wisconsin,LabelStratifiedKFold,2,3,GPRGNN,100,113,13,1.2062790393829346,0.5,1.1059784889221191,0.5799999833106995,True,100
wisconsin,LabelStratifiedKFold,2,3,GPRGNN,101,112,12,1.2620874643325806,0.5199999809265137,1.125226616859436,0.6000000238418579,True,100
wisconsin,LabelStratifiedKFold,2,3,H2GCN,100,402,302,0.5866129994392395,0.8199999928474426,0.46197617053985596,0.8799999952316284,True,100
wisconsin,LabelStratifiedKFold,2,2,MixHop,100,335,235,0.3971661627292633,0.8799999952316284,0.3974551260471344,0.9200000166893005,True,100
wisconsin,LabelStratifiedKFold,2,4,MLP,100,253,153,0.30871301889419556,0.8999999761581421,0.5130083560943604,0.800000011920929,True,100
wisconsin,LabelStratifiedKFold,2,4,MLP,101,339,239,0.34140923619270325,0.8999999761581421,0.6179172992706299,0.800000011920929,True,100
wisconsin,LabelStratifiedKFold,2,4,GCN,100,109,9,1.1565531492233276,0.5799999833106995,1.3132035732269287,0.4399999976158142,True,100
wisconsin,LabelStratifiedKFold,2,4,GCN,101,103,3,1.2268081903457642,0.5400000214576721,1.2510960102081299,0.47999998927116394,True,100
wisconsin,LabelStratifiedKFold,2,3,MixHop,101,207,107,0.7759838104248047,0.800000011920929,0.6253318786621094,0.8399999737739563,True,100
wisconsin,LabelStratifiedKFold,2,4,GAT,100,117,17,1.1864013671875,0.5199999809265137,1.2738754749298096,0.5,True,100
wisconsin,LabelStratifiedKFold,2,3,H2GCN,101,732,632,0.5804969668388367,0.8199999928474426,0.4436260461807251,0.8799999952316284,True,100
wisconsin,LabelStratifiedKFold,2,4,GAT,101,119,19,1.1100306510925293,0.47999998927116394,1.3020968437194824,0.5,True,100
wisconsin,LabelStratifiedKFold,2,3,MixHop,100,308,208,0.7181440591812134,0.800000011920929,0.656044602394104,0.8600000143051147,True,100
wisconsin,LabelStratifiedKFold,2,4,SAGE,100,253,153,0.21907997131347656,0.8999999761581421,0.9283800721168518,0.8199999928474426,True,100
wisconsin,LabelStratifiedKFold,2,4,GPRGNN,100,176,76,0.38852354884147644,0.8399999737739563,1.2181169986724854,0.6800000071525574,True,100
wisconsin,LabelStratifiedKFold,2,4,SAGE,101,339,239,0.25328975915908813,0.8999999761581421,0.8436497449874878,0.800000011920929,True,100
wisconsin,LabelStratifiedKFold,2,4,GPRGNN,101,167,67,0.5144665837287903,0.8399999737739563,0.9912376999855042,0.699999988079071,True,100
wisconsin,LabelStratifiedKFold,2,4,MixHop,100,195,95,0.259884238243103,0.9200000166893005,0.8186092376708984,0.7799999713897705,True,100
wisconsin,LabelStratifiedKFold,2,5,MLP,100,236,136,0.36813250184059143,0.843137264251709,0.26922011375427246,0.9200000166893005,True,100
wisconsin,LabelStratifiedKFold,2,4,H2GCN,100,623,523,0.3314816355705261,0.9399999976158142,0.4859362840652466,0.8199999928474426,True,100
wisconsin,LabelStratifiedKFold,2,5,MLP,101,250,150,0.3367398977279663,0.8627451062202454,0.28751498460769653,0.9200000166893005,True,100
wisconsin,LabelStratifiedKFold,2,5,GCN,100,109,9,1.3024098873138428,0.529411792755127,1.1870146989822388,0.5,True,100
wisconsin,LabelStratifiedKFold,2,5,GCN,101,111,11,1.185139536857605,0.529411792755127,1.211716651916504,0.47999998927116394,True,100
wisconsin,LabelStratifiedKFold,2,5,GAT,100,111,11,1.1246212720870972,0.5882353186607361,1.186455249786377,0.5600000023841858,True,100
wisconsin,LabelStratifiedKFold,2,4,H2GCN,101,757,657,0.34217438101768494,0.9399999976158142,0.48708033561706543,0.8199999928474426,True,100
wisconsin,LabelStratifiedKFold,2,5,GAT,101,120,20,1.2295788526535034,0.5490196347236633,1.0763708353042603,0.5,True,100
wisconsin,LabelStratifiedKFold,2,5,SAGE,100,229,129,0.4258117973804474,0.8823529481887817,0.5130609273910522,0.800000011920929,True,100
wisconsin,LabelStratifiedKFold,2,5,SAGE,101,243,143,0.4183140993118286,0.8823529481887817,0.6336801052093506,0.7599999904632568,True,100
wisconsin,LabelStratifiedKFold,2,4,MixHop,101,299,199,0.2079506814479828,0.9399999976158142,1.1764628887176514,0.8399999737739563,True,100
wisconsin,LabelStratifiedKFold,2,5,GPRGNN,101,136,36,0.7900355458259583,0.686274528503418,0.5486818552017212,0.800000011920929,True,100
wisconsin,LabelStratifiedKFold,2,5,GPRGNN,100,180,80,0.8571931719779968,0.7843137383460999,0.546770453453064,0.800000011920929,True,100
wisconsin,LabelStratifiedKFold,2,5,MixHop,100,175,75,0.3190150260925293,0.8823529481887817,0.534350574016571,0.8600000143051147,True,100
wisconsin,LabelStratifiedKFold,2,5,H2GCN,100,651,551,0.45080670714378357,0.8039215803146362,0.33423900604248047,0.9599999785423279,True,100
wisconsin,LabelStratifiedKFold,2,5,H2GCN,101,665,565,0.45585042238235474,0.8039215803146362,0.36844706535339355,0.9599999785423279,True,100
wisconsin,LabelStratifiedKFold,2,5,MixHop,101,381,281,0.31908708810806274,0.8823529481887817,0.48796671628952026,0.8999999761581421,True,100
wisconsin,Sklearn_NeighHet_b50,2,1,MLP,101,305,205,0.28925177454948425,0.9200000166893005,0.7018949389457703,0.8235294222831726,True,100
wisconsin,Sklearn_NeighHet_b50,2,1,MLP,100,330,230,0.2968541085720062,0.9200000166893005,0.6836618781089783,0.8039215803146362,True,100
wisconsin,Sklearn_NeighHet_b50,2,1,GCN,101,103,3,1.3609830141067505,0.3799999952316284,1.355371356010437,0.47058823704719543,True,100
wisconsin,Sklearn_NeighHet_b50,2,1,GCN,100,103,3,1.3641560077667236,0.46000000834465027,1.443777084350586,0.3921568691730499,True,100
wisconsin,Sklearn_NeighHet_b50,2,1,GAT,100,104,4,1.4068626165390015,0.47999998927116394,1.2305878400802612,0.4117647111415863,True,100
wisconsin,Sklearn_NeighHet_b50,2,1,GAT,101,112,12,1.3975257873535156,0.46000000834465027,1.248537540435791,0.47058823704719543,True,100
wisconsin,Sklearn_NeighHet_b50,2,1,SAGE,101,111,11,0.7009395360946655,0.7599999904632568,0.8959022164344788,0.7647058963775635,True,100
wisconsin,Sklearn_NeighHet_b50,2,1,GPRGNN,100,191,91,0.6760407090187073,0.7599999904632568,1.008927345275879,0.7647058963775635,True,100
wisconsin,Sklearn_NeighHet_b50,2,1,GPRGNN,101,200,100,0.7589498162269592,0.7400000095367432,0.949074387550354,0.7843137383460999,True,100
wisconsin,Sklearn_NeighHet_b50,2,1,SAGE,100,345,245,0.5730684995651245,0.8399999737739563,1.3422698974609375,0.7450980544090271,True,100
wisconsin,Sklearn_NeighHet_b50,2,1,MixHop,100,174,74,0.42510268092155457,0.8600000143051147,0.899850606918335,0.843137264251709,True,100
wisconsin,Sklearn_NeighHet_b50,2,1,H2GCN,100,665,565,0.41344693303108215,0.8600000143051147,0.6852675676345825,0.8235294222831726,True,100
wisconsin,Sklearn_NeighHet_b50,2,2,MLP,100,283,183,0.30293428897857666,0.9200000166893005,0.4111882448196411,0.8600000143051147,True,100
wisconsin,Sklearn_NeighHet_b50,2,1,MixHop,101,188,88,0.4748421907424927,0.8600000143051147,0.6252777576446533,0.8823529481887817,True,100
wisconsin,Sklearn_NeighHet_b50,2,2,MLP,101,290,190,0.32595962285995483,0.8999999761581421,0.38629257678985596,0.8600000143051147,True,100
wisconsin,Sklearn_NeighHet_b50,2,2,GCN,100,108,8,1.068260908126831,0.6000000238418579,1.3611336946487427,0.46000000834465027,True,100
wisconsin,Sklearn_NeighHet_b50,2,1,H2GCN,101,696,596,0.405669242143631,0.8600000143051147,0.6843221783638,0.8235294222831726,True,100
wisconsin,Sklearn_NeighHet_b50,2,2,GCN,101,112,12,1.1004828214645386,0.6200000047683716,1.4155449867248535,0.5,True,100
wisconsin,Sklearn_NeighHet_b50,2,2,GAT,100,137,37,0.9939121007919312,0.6399999856948853,1.341691493988037,0.47999998927116394,True,100
wisconsin,Sklearn_NeighHet_b50,2,2,GAT,101,123,23,0.97722989320755,0.6399999856948853,1.3311134576797485,0.47999998927116394,True,100
wisconsin,Sklearn_NeighHet_b50,2,2,SAGE,100,193,93,0.1364315003156662,0.8999999761581421,0.41969069838523865,0.8799999952316284,True,100
wisconsin,Sklearn_NeighHet_b50,2,2,GPRGNN,100,191,91,0.6569711565971375,0.7599999904632568,0.7074964046478271,0.7599999904632568,True,100
wisconsin,Sklearn_NeighHet_b50,2,2,SAGE,101,327,227,0.14610528945922852,0.9399999976158142,0.7336621880531311,0.7799999713897705,True,100
wisconsin,Sklearn_NeighHet_b50,2,2,GPRGNN,101,223,123,0.6084300875663757,0.800000011920929,0.9966250061988831,0.7400000095367432,True,100
wisconsin,Sklearn_NeighHet_b50,2,2,H2GCN,100,530,430,0.27438443899154663,0.8999999761581421,0.40913647413253784,0.8799999952316284,True,100
wisconsin,Sklearn_NeighHet_b50,2,2,H2GCN,101,345,245,0.2840484380722046,0.8999999761581421,0.4205629825592041,0.8799999952316284,True,100
wisconsin,Sklearn_NeighHet_b50,2,2,MixHop,101,179,79,0.3272447884082794,0.8600000143051147,0.7789543867111206,0.8600000143051147,True,100
wisconsin,Sklearn_NeighHet_b50,2,3,MLP,101,114,14,0.535714328289032,0.8799999952316284,0.44582313299179077,0.8199999928474426,True,100
wisconsin,Sklearn_NeighHet_b50,2,3,MLP,100,259,159,0.5194502472877502,0.8600000143051147,0.3349068760871887,0.8600000143051147,True,100
wisconsin,Sklearn_NeighHet_b50,2,3,GCN,100,104,4,1.1812297105789185,0.5400000214576721,1.2575923204421997,0.47999998927116394,True,100
wisconsin,Sklearn_NeighHet_b50,2,3,GCN,101,107,7,1.2009682655334473,0.6000000238418579,1.1958370208740234,0.5199999809265137,True,100
wisconsin,Sklearn_NeighHet_b50,2,3,GAT,100,121,21,1.1237192153930664,0.5799999833106995,1.1356189250946045,0.5,True,100
wisconsin,Sklearn_NeighHet_b50,2,3,GAT,101,118,18,1.0856947898864746,0.5600000023841858,1.1177304983139038,0.5400000214576721,True,100
wisconsin,Sklearn_NeighHet_b50,2,3,SAGE,100,185,85,0.5529480576515198,0.8600000143051147,0.25563761591911316,0.9399999976158142,True,100
wisconsin,Sklearn_NeighHet_b50,2,3,SAGE,101,258,158,0.7052268981933594,0.8199999928474426,0.3583107888698578,0.8799999952316284,True,100
wisconsin,Sklearn_NeighHet_b50,2,2,MixHop,100,325,225,0.23513954877853394,0.9200000166893005,0.445812463760376,0.8999999761581421,True,100
wisconsin,Sklearn_NeighHet_b50,2,3,GPRGNN,100,168,68,0.6699596643447876,0.8199999928474426,0.7471969127655029,0.7200000286102295,True,100
wisconsin,Sklearn_NeighHet_b50,2,3,GPRGNN,101,157,57,0.6926893591880798,0.800000011920929,0.6448113918304443,0.7799999713897705,True,100
wisconsin,Sklearn_NeighHet_b50,2,3,MixHop,101,112,12,0.6504495143890381,0.8199999928474426,0.570549726486206,0.800000011920929,True,100
wisconsin,Sklearn_NeighHet_b50,2,4,MLP,100,338,238,0.3447986841201782,0.8999999761581421,0.484171062707901,0.8399999737739563,True,100
wisconsin,Sklearn_NeighHet_b50,2,3,H2GCN,100,460,360,0.4946853220462799,0.8600000143051147,0.27136847376823425,0.9200000166893005,True,100
wisconsin,Sklearn_NeighHet_b50,2,4,MLP,101,299,199,0.3283853232860565,0.8999999761581421,0.5287939310073853,0.8399999737739563,True,100
wisconsin,Sklearn_NeighHet_b50,2,4,GCN,100,117,17,1.1129825115203857,0.5600000023841858,1.2277551889419556,0.6399999856948853,True,100
wisconsin,Sklearn_NeighHet_b50,2,3,H2GCN,101,622,522,0.4742496907711029,0.8600000143051147,0.27652308344841003,0.9200000166893005,True,100
wisconsin,Sklearn_NeighHet_b50,2,4,GCN,101,115,15,1.1278506517410278,0.5400000214576721,1.1968424320220947,0.5,True,100
wisconsin,Sklearn_NeighHet_b50,2,4,GAT,100,125,25,1.1248277425765991,0.5,1.0893306732177734,0.6399999856948853,True,100
wisconsin,Sklearn_NeighHet_b50,2,4,GAT,101,133,33,1.1055636405944824,0.46000000834465027,1.0909147262573242,0.5799999833106995,True,100
wisconsin,Sklearn_NeighHet_b50,2,4,SAGE,100,105,5,0.5971230268478394,0.7799999713897705,0.6694357395172119,0.800000011920929,True,100
wisconsin,Sklearn_NeighHet_b50,2,4,SAGE,101,109,9,0.6405285000801086,0.8199999928474426,0.7465946078300476,0.7799999713897705,True,100
wisconsin,Sklearn_NeighHet_b50,2,4,GPRGNN,100,142,42,0.5231308937072754,0.800000011920929,0.5811179876327515,0.8600000143051147,True,100
wisconsin,Sklearn_NeighHet_b50,2,3,MixHop,100,319,219,0.38549095392227173,0.8799999952316284,0.3047265410423279,0.8799999952316284,True,100
wisconsin,Sklearn_NeighHet_b50,2,4,GPRGNN,101,135,35,0.535875141620636,0.8199999928474426,0.5855081677436829,0.800000011920929,True,100
wisconsin,Sklearn_NeighHet_b50,2,4,MixHop,101,117,17,0.4509151577949524,0.8799999952316284,0.5894901156425476,0.8199999928474426,True,100
wisconsin,Sklearn_NeighHet_b50,2,4,H2GCN,100,620,520,0.4058464765548706,0.8799999952316284,0.49908021092414856,0.8399999737739563,True,100
wisconsin,Sklearn_NeighHet_b50,2,5,MLP,100,400,300,0.45994606614112854,0.8627451062202454,0.403713196516037,0.8399999737739563,True,100
wisconsin,Sklearn_NeighHet_b50,2,4,H2GCN,101,573,473,0.4057644009590149,0.8799999952316284,0.4943467080593109,0.8399999737739563,True,100
wisconsin,Sklearn_NeighHet_b50,2,5,GCN,100,111,11,1.3093754053115845,0.45098039507865906,1.1620289087295532,0.5600000023841858,True,100
wisconsin,Sklearn_NeighHet_b50,2,5,MLP,101,439,339,0.4767758548259735,0.843137264251709,0.35175034403800964,0.8799999952316284,True,100
wisconsin,Sklearn_NeighHet_b50,2,5,GCN,101,107,7,1.2468197345733643,0.5490196347236633,1.1386946439743042,0.5,True,100
wisconsin,Sklearn_NeighHet_b50,2,5,GAT,101,122,22,1.1809790134429932,0.45098039507865906,1.1565258502960205,0.46000000834465027,True,100
wisconsin,Sklearn_NeighHet_b50,2,5,GAT,100,112,12,1.069246530532837,0.6078431606292725,1.198994755744934,0.47999998927116394,True,100
wisconsin,Sklearn_NeighHet_b50,2,5,SAGE,100,106,6,0.8800394535064697,0.7450980544090271,0.5732579231262207,0.800000011920929,True,100
wisconsin,Sklearn_NeighHet_b50,2,5,SAGE,101,111,11,0.8633596897125244,0.7843137383460999,0.679703950881958,0.7200000286102295,True,100
wisconsin,Sklearn_NeighHet_b50,2,4,MixHop,100,267,167,0.3690580427646637,0.8999999761581421,0.4333837032318115,0.8799999952316284,True,100
wisconsin,Sklearn_NeighHet_b50,2,5,GPRGNN,100,144,44,0.6820629835128784,0.8235294222831726,0.7579471468925476,0.7400000095367432,True,100
wisconsin,Sklearn_NeighHet_b50,2,5,GPRGNN,101,147,47,0.6781081557273865,0.7450980544090271,0.7014167308807373,0.7799999713897705,True,100
wisconsin,Sklearn_NeighHet_b50,2,5,H2GCN,100,498,398,0.6714544296264648,0.843137264251709,0.44539687037467957,0.8600000143051147,True,100
wisconsin,Sklearn_NeighHet_b50,2,5,H2GCN,101,592,492,0.6654696464538574,0.843137264251709,0.4439815580844879,0.8600000143051147,True,100
wisconsin,Sklearn_NeighHet_b50,2,5,MixHop,101,289,189,0.46906423568725586,0.9411764740943909,0.5932191610336304,0.8199999928474426,True,100
wisconsin,Sklearn_NeighHet_b50,2,5,MixHop,100,473,373,0.5356020331382751,0.843137264251709,0.5189541578292847,0.8199999928474426,True,100
wisconsin,RandomKFold,3,1,MLP,100,277,177,0.32768675684928894,0.8600000143051147,0.4796038269996643,0.843137264251709,True,100
wisconsin,RandomKFold,3,1,GCN,100,101,1,1.3355543613433838,0.4399999976158142,1.6305969953536987,0.5490196347236633,True,100
wisconsin,RandomKFold,3,1,GCN,101,104,4,1.3590565919876099,0.4000000059604645,1.5437878370285034,0.5098039507865906,True,100
wisconsin,RandomKFold,3,1,MLP,101,387,287,0.3342331349849701,0.8600000143051147,0.4847917854785919,0.8235294222831726,True,100
wisconsin,RandomKFold,3,1,GAT,100,107,7,1.3883763551712036,0.41999998688697815,1.3923428058624268,0.529411792755127,True,100
wisconsin,RandomKFold,3,1,GAT,101,115,15,1.3392670154571533,0.5400000214576721,1.3614383935928345,0.529411792755127,True,100
wisconsin,RandomKFold,3,1,SAGE,100,104,4,0.8058044910430908,0.7599999904632568,0.8765106797218323,0.7254902124404907,True,100
wisconsin,RandomKFold,3,1,SAGE,101,107,7,0.642122209072113,0.7599999904632568,0.7416418194770813,0.7647058963775635,True,100
wisconsin,RandomKFold,3,1,GPRGNN,100,141,41,0.9739586114883423,0.6200000047683716,1.3161176443099976,0.6078431606292725,True,100
wisconsin,RandomKFold,3,1,GPRGNN,101,135,35,0.9200484752655029,0.6800000071525574,1.3436009883880615,0.6274510025978088,True,100
wisconsin,RandomKFold,3,1,H2GCN,101,445,345,0.4777234196662903,0.8199999928474426,0.45582884550094604,0.8823529481887817,True,100
wisconsin,RandomKFold,3,2,MLP,100,269,169,0.10751256346702576,0.9599999785423279,0.4445774555206299,0.8600000143051147,True,100
wisconsin,RandomKFold,3,1,H2GCN,100,625,525,0.46208542585372925,0.8199999928474426,0.4594048261642456,0.8823529481887817,True,100
wisconsin,RandomKFold,3,2,MLP,101,322,222,0.15597102046012878,0.9599999785423279,0.4492654800415039,0.8399999737739563,True,100
wisconsin,RandomKFold,3,2,GCN,100,110,10,1.319246768951416,0.5,1.64634108543396,0.41999998688697815,True,100
wisconsin,RandomKFold,3,2,GCN,101,106,6,1.2050371170043945,0.5400000214576721,1.4491140842437744,0.36000001430511475,True,100
wisconsin,RandomKFold,3,2,GAT,100,113,13,1.1311417818069458,0.6200000047683716,1.4941858053207397,0.4399999976158142,True,100
wisconsin,RandomKFold,3,2,GAT,101,129,29,1.1687936782836914,0.5199999809265137,1.412340521812439,0.4000000059604645,True,100
wisconsin,RandomKFold,3,1,MixHop,100,257,157,0.5164492130279541,0.8199999928474426,0.8094836473464966,0.843137264251709,True,100
wisconsin,RandomKFold,3,2,SAGE,100,230,130,0.46606767177581787,0.8600000143051147,0.6971105933189392,0.7599999904632568,True,100
wisconsin,RandomKFold,3,2,SAGE,101,374,274,0.44433990120887756,0.8600000143051147,0.5562125444412231,0.7799999713897705,True,100
wisconsin,RandomKFold,3,2,GPRGNN,100,143,43,0.6031718850135803,0.800000011920929,0.7859144806861877,0.699999988079071,True,100
wisconsin,RandomKFold,3,2,GPRGNN,101,136,36,0.6898989081382751,0.7799999713897705,0.8832097053527832,0.7200000286102295,True,100
wisconsin,RandomKFold,3,1,MixHop,101,406,306,0.3749891221523285,0.8999999761581421,0.938325822353363,0.8235294222831726,True,100
wisconsin,RandomKFold,3,2,MixHop,100,188,88,0.5230857729911804,0.9200000166893005,0.6592530012130737,0.800000011920929,True,100
wisconsin,RandomKFold,3,3,MLP,100,342,242,0.7472251653671265,0.8199999928474426,0.3690575659275055,0.8999999761581421,True,100
wisconsin,RandomKFold,3,3,MLP,101,245,145,0.7827961444854736,0.7799999713897705,0.41061004996299744,0.8999999761581421,True,100
wisconsin,RandomKFold,3,2,H2GCN,100,692,592,0.39103707671165466,0.8600000143051147,0.4163051247596741,0.8199999928474426,True,100
wisconsin,RandomKFold,3,3,GCN,100,108,8,1.158664345741272,0.5799999833106995,1.2970483303070068,0.41999998688697815,True,100
wisconsin,RandomKFold,3,2,H2GCN,101,626,526,0.3865232467651367,0.8600000143051147,0.42175084352493286,0.8399999737739563,True,100
wisconsin,RandomKFold,3,3,GCN,101,111,11,1.1557283401489258,0.47999998927116394,1.1484594345092773,0.5,True,100
wisconsin,RandomKFold,3,3,GAT,100,103,3,1.3085592985153198,0.5799999833106995,1.2723256349563599,0.5799999833106995,True,100
wisconsin,RandomKFold,3,3,GAT,101,122,22,1.2609214782714844,0.4399999976158142,1.0609616041183472,0.6200000047683716,True,100
wisconsin,RandomKFold,3,3,SAGE,100,107,7,0.7177783846855164,0.8199999928474426,0.771228551864624,0.800000011920929,True,100
wisconsin,RandomKFold,3,3,SAGE,101,112,12,0.8262425065040588,0.7799999713897705,0.8851179480552673,0.7799999713897705,True,100
wisconsin,RandomKFold,3,3,GPRGNN,100,134,34,0.9000348448753357,0.6600000262260437,0.6701570749282837,0.7400000095367432,True,100
wisconsin,RandomKFold,3,3,GPRGNN,101,155,55,0.8808811902999878,0.7200000286102295,0.5874485373497009,0.8199999928474426,True,100
wisconsin,RandomKFold,3,3,MixHop,100,107,7,0.9024620652198792,0.6800000071525574,0.6786041855812073,0.7799999713897705,True,100
wisconsin,RandomKFold,3,3,MixHop,101,108,8,0.825917661190033,0.7400000095367432,0.7502498626708984,0.800000011920929,True,100
wisconsin,RandomKFold,3,4,MLP,100,143,43,0.4141483008861542,0.8600000143051147,0.760202169418335,0.7200000286102295,True,100
wisconsin,RandomKFold,3,4,MLP,101,141,41,0.4182169735431671,0.8399999737739563,0.7756476402282715,0.7200000286102295,True,100
wisconsin,RandomKFold,3,2,MixHop,101,399,299,0.3146924078464508,0.8999999761581421,0.5258471965789795,0.8399999737739563,True,100
wisconsin,RandomKFold,3,3,H2GCN,100,420,320,0.6659981608390808,0.800000011920929,0.4432416260242462,0.8999999761581421,True,100
wisconsin,RandomKFold,3,4,GCN,100,104,4,1.3031854629516602,0.5199999809265137,1.3599162101745605,0.46000000834465027,True,100
wisconsin,RandomKFold,3,4,GCN,101,105,5,1.3502647876739502,0.5400000214576721,1.2910634279251099,0.4399999976158142,True,100
wisconsin,RandomKFold,3,4,GAT,100,113,13,1.2558302879333496,0.5400000214576721,1.3242003917694092,0.47999998927116394,True,100
wisconsin,RandomKFold,3,4,GAT,101,108,8,1.2542437314987183,0.5199999809265137,1.3488876819610596,0.47999998927116394,True,100
wisconsin,RandomKFold,3,3,H2GCN,101,771,671,0.647255003452301,0.7799999713897705,0.4195636808872223,0.8999999761581421,True,100
wisconsin,RandomKFold,3,4,SAGE,100,106,6,0.702038049697876,0.7400000095367432,0.8205091953277588,0.7599999904632568,True,100
wisconsin,RandomKFold,3,4,GPRGNN,100,180,80,1.1016062498092651,0.7599999904632568,1.346074104309082,0.6000000238418579,True,100
wisconsin,RandomKFold,3,4,SAGE,101,199,99,0.7533711791038513,0.8600000143051147,1.4071471691131592,0.7799999713897705,True,100
wisconsin,RandomKFold,3,4,GPRGNN,101,157,57,0.7497900128364563,0.7799999713897705,1.1361480951309204,0.6600000262260437,True,100
wisconsin,RandomKFold,3,4,MixHop,101,116,16,0.6222380995750427,0.7599999904632568,0.9429545402526855,0.699999988079071,True,100
wisconsin,RandomKFold,3,4,H2GCN,100,458,358,0.4370734691619873,0.8600000143051147,0.7943992614746094,0.7599999904632568,True,100
wisconsin,RandomKFold,3,5,MLP,101,123,23,0.45796963572502136,0.8823529481887817,0.4675911068916321,0.8600000143051147,True,100
wisconsin,RandomKFold,3,5,MLP,100,266,166,0.3776387870311737,0.843137264251709,0.36611682176589966,0.8999999761581421,True,100
wisconsin,RandomKFold,3,5,GCN,100,104,4,1.5195581912994385,0.45098039507865906,1.1946017742156982,0.5400000214576721,True,100
wisconsin,RandomKFold,3,4,H2GCN,101,559,459,0.43228012323379517,0.8799999952316284,0.7616429924964905,0.7799999713897705,True,100
wisconsin,RandomKFold,3,5,GCN,101,107,7,1.4139374494552612,0.4901960790157318,1.188104510307312,0.5600000023841858,True,100
wisconsin,RandomKFold,3,5,GAT,100,108,8,1.2277522087097168,0.47058823704719543,1.1542541980743408,0.5799999833106995,True,100
wisconsin,RandomKFold,3,5,GAT,101,119,19,1.3977144956588745,0.4901960790157318,1.309291958808899,0.5,True,100
wisconsin,RandomKFold,3,5,SAGE,100,117,17,0.6238386034965515,0.7647058963775635,0.6165977120399475,0.7599999904632568,True,100
wisconsin,RandomKFold,3,5,SAGE,101,107,7,0.740020215511322,0.7254902124404907,0.8438559770584106,0.6600000262260437,True,100
wisconsin,RandomKFold,3,5,GPRGNN,100,119,19,1.2311755418777466,0.5490196347236633,1.1209406852722168,0.6399999856948853,True,100
wisconsin,RandomKFold,3,4,MixHop,100,266,166,0.17815057933330536,0.9200000166893005,1.0679625272750854,0.7599999904632568,True,100
wisconsin,RandomKFold,3,5,GPRGNN,101,112,12,1.3181681632995605,0.5098039507865906,1.0729998350143433,0.5799999833106995,True,100
wisconsin,RandomKFold,3,5,H2GCN,101,491,391,0.457134872674942,0.8823529481887817,0.3892488479614258,0.8799999952316284,True,100
wisconsin,RandomKFold,3,5,H2GCN,100,613,513,0.4371465742588043,0.9019607901573181,0.3837481439113617,0.8799999952316284,True,100
wisconsin,RandomKFold,3,5,MixHop,100,310,210,0.3622807264328003,0.8823529481887817,0.3606894016265869,0.8999999761581421,True,100
wisconsin,RandomKFold,3,5,MixHop,101,338,238,0.47207269072532654,0.8627451062202454,0.5060117840766907,0.8399999737739563,True,100
wisconsin,LabelStratifiedKFold,3,1,MLP,100,253,153,0.22636353969573975,0.9200000166893005,0.29086101055145264,0.8627451062202454,True,100
wisconsin,LabelStratifiedKFold,3,1,MLP,101,273,173,0.3004806339740753,0.9200000166893005,0.27912136912345886,0.9019607901573181,True,100
wisconsin,LabelStratifiedKFold,3,1,GCN,100,107,7,1.1816520690917969,0.5199999809265137,1.1274796724319458,0.529411792755127,True,100
wisconsin,LabelStratifiedKFold,3,1,GCN,101,110,10,1.1628626585006714,0.5,1.113281011581421,0.4901960790157318,True,100
wisconsin,LabelStratifiedKFold,3,1,GAT,101,119,19,1.1358027458190918,0.5199999809265137,1.0376075506210327,0.5686274766921997,True,100
wisconsin,LabelStratifiedKFold,3,1,GAT,100,132,32,1.1622618436813354,0.47999998927116394,1.0592132806777954,0.6666666865348816,True,100
wisconsin,LabelStratifiedKFold,3,1,SAGE,100,263,163,0.3089193105697632,0.8999999761581421,1.0847467184066772,0.7843137383460999,True,100
wisconsin,LabelStratifiedKFold,3,1,SAGE,101,307,207,0.41256579756736755,0.8999999761581421,1.187983751296997,0.8039215803146362,True,100
wisconsin,LabelStratifiedKFold,3,1,GPRGNN,100,191,91,0.535081148147583,0.800000011920929,0.7208065986633301,0.7843137383460999,True,100
wisconsin,LabelStratifiedKFold,3,1,GPRGNN,101,208,108,0.3757074773311615,0.8999999761581421,1.002238392829895,0.7843137383460999,True,100
wisconsin,LabelStratifiedKFold,3,1,H2GCN,100,207,107,0.47446152567863464,0.8399999737739563,0.5716906189918518,0.8039215803146362,True,100
wisconsin,LabelStratifiedKFold,3,2,MLP,100,382,282,0.4314294755458832,0.8799999952316284,0.36324751377105713,0.8399999737739563,True,100
wisconsin,LabelStratifiedKFold,3,2,MLP,101,234,134,0.48160433769226074,0.8399999737739563,0.3453473746776581,0.8799999952316284,True,100
wisconsin,LabelStratifiedKFold,3,2,GCN,100,111,11,1.1991180181503296,0.5400000214576721,1.0968198776245117,0.5400000214576721,True,100
wisconsin,LabelStratifiedKFold,3,2,GCN,101,106,6,1.18312406539917,0.5400000214576721,1.1402305364608765,0.5799999833106995,True,100
wisconsin,LabelStratifiedKFold,3,1,H2GCN,101,588,488,0.3377000391483307,0.8799999952316284,0.48100849986076355,0.843137264251709,True,100
wisconsin,LabelStratifiedKFold,3,2,GAT,100,124,24,1.2026681900024414,0.47999998927116394,1.1397682428359985,0.5799999833106995,True,100
wisconsin,LabelStratifiedKFold,3,2,GAT,101,137,37,1.08980131149292,0.47999998927116394,1.063050389289856,0.5600000023841858,True,100
wisconsin,LabelStratifiedKFold,3,1,MixHop,101,254,154,0.11401061713695526,0.9399999976158142,0.45840904116630554,0.8627451062202454,True,100
wisconsin,LabelStratifiedKFold,3,1,MixHop,100,268,168,0.0840386375784874,0.9599999785423279,0.5492041110992432,0.843137264251709,True,100
wisconsin,LabelStratifiedKFold,3,2,SAGE,100,106,6,0.6749613285064697,0.800000011920929,0.4238818287849426,0.8399999737739563,True,100
wisconsin,LabelStratifiedKFold,3,2,SAGE,101,107,7,0.6951484680175781,0.7599999904632568,0.3983650505542755,0.8600000143051147,True,100
wisconsin,LabelStratifiedKFold,3,2,GPRGNN,100,183,83,0.7664152383804321,0.800000011920929,0.6048355102539062,0.800000011920929,True,100
wisconsin,LabelStratifiedKFold,3,2,GPRGNN,101,145,45,0.6729626655578613,0.800000011920929,0.6619461178779602,0.7599999904632568,True,100
wisconsin,LabelStratifiedKFold,3,2,H2GCN,101,734,634,0.4684315025806427,0.8600000143051147,0.3294183611869812,0.8999999761581421,True,100
wisconsin,LabelStratifiedKFold,3,2,MixHop,100,177,77,0.5000333189964294,0.8199999928474426,0.29198068380355835,0.8799999952316284,True,100
wisconsin,LabelStratifiedKFold,3,2,H2GCN,100,867,767,0.46535250544548035,0.8600000143051147,0.3232058584690094,0.8999999761581421,True,100
wisconsin,LabelStratifiedKFold,3,3,MLP,100,384,284,0.4557742178440094,0.8399999737739563,0.5424227118492126,0.8199999928474426,True,100
wisconsin,LabelStratifiedKFold,3,3,GCN,100,103,3,1.34514582157135,0.4000000059604645,1.4155007600784302,0.4399999976158142,True,100
wisconsin,LabelStratifiedKFold,3,3,MLP,101,455,355,0.4744349718093872,0.7799999713897705,0.5340161919593811,0.8199999928474426,True,100
wisconsin,LabelStratifiedKFold,3,3,GCN,101,103,3,1.32964289188385,0.47999998927116394,1.2827332019805908,0.5600000023841858,True,100
wisconsin,LabelStratifiedKFold,3,2,MixHop,101,195,95,0.2920825183391571,0.8799999952316284,0.26290762424468994,0.8799999952316284,True,100
wisconsin,LabelStratifiedKFold,3,3,GAT,100,113,13,1.2060543298721313,0.5799999833106995,1.25421941280365,0.5799999833106995,True,100
wisconsin,LabelStratifiedKFold,3,3,GAT,101,120,20,1.260392427444458,0.4000000059604645,1.360152244567871,0.47999998927116394,True,100
wisconsin,LabelStratifiedKFold,3,3,SAGE,100,105,5,0.6652098894119263,0.7400000095367432,0.6635265350341797,0.7799999713897705,True,100
wisconsin,LabelStratifiedKFold,3,3,SAGE,101,109,9,0.7781268954277039,0.7200000286102295,0.7028579115867615,0.7200000286102295,True,100
wisconsin,LabelStratifiedKFold,3,3,GPRGNN,101,147,47,0.9545938372612,0.7200000286102295,0.8555039763450623,0.7400000095367432,True,100
wisconsin,LabelStratifiedKFold,3,3,GPRGNN,100,210,110,0.8713275194168091,0.7400000095367432,0.9473907351493835,0.7799999713897705,True,100
wisconsin,LabelStratifiedKFold,3,3,H2GCN,100,319,219,0.6190807223320007,0.8399999737739563,0.5661711692810059,0.8399999737739563,True,100
wisconsin,LabelStratifiedKFold,3,3,MixHop,101,110,10,0.7915676832199097,0.7200000286102295,0.7504896521568298,0.7799999713897705,True,100
wisconsin,LabelStratifiedKFold,3,3,H2GCN,101,392,292,0.6039513349533081,0.8399999737739563,0.5439049005508423,0.8600000143051147,True,100
wisconsin,LabelStratifiedKFold,3,4,MLP,101,133,33,0.4807155132293701,0.8600000143051147,0.7680054306983948,0.8199999928474426,True,100
wisconsin,LabelStratifiedKFold,3,4,MLP,100,333,233,0.43296706676483154,0.8600000143051147,0.748562216758728,0.8199999928474426,True,100
wisconsin,LabelStratifiedKFold,3,4,GCN,100,102,2,1.4485098123550415,0.36000001430511475,1.3537005186080933,0.3199999928474426,True,100
wisconsin,LabelStratifiedKFold,3,4,GCN,101,103,3,1.3176112174987793,0.36000001430511475,1.3310242891311646,0.5,True,100
wisconsin,LabelStratifiedKFold,3,4,GAT,100,127,27,1.4711363315582275,0.46000000834465027,1.434415340423584,0.5,True,100
wisconsin,LabelStratifiedKFold,3,4,GAT,101,121,21,1.5547356605529785,0.3400000035762787,1.5083699226379395,0.5400000214576721,True,100
wisconsin,LabelStratifiedKFold,3,4,SAGE,101,104,4,0.9668077230453491,0.6000000238418579,0.9733738899230957,0.7200000286102295,True,100
wisconsin,LabelStratifiedKFold,3,4,SAGE,100,268,168,0.675096869468689,0.7599999904632568,1.8279834985733032,0.6800000071525574,True,100
wisconsin,LabelStratifiedKFold,3,4,GPRGNN,100,180,80,0.9611585140228271,0.699999988079071,1.5165269374847412,0.6800000071525574,True,100
wisconsin,LabelStratifiedKFold,3,3,MixHop,100,310,210,0.7249078154563904,0.8399999737739563,0.6806075572967529,0.8199999928474426,True,100
wisconsin,LabelStratifiedKFold,3,4,GPRGNN,101,155,55,0.8395431041717529,0.6800000071525574,1.231928825378418,0.6600000262260437,True,100
wisconsin,LabelStratifiedKFold,3,4,MixHop,100,205,105,0.4217164218425751,0.8799999952316284,1.377018690109253,0.7599999904632568,True,100
wisconsin,LabelStratifiedKFold,3,5,MLP,100,243,143,0.23015445470809937,0.9215686321258545,0.4334005117416382,0.8999999761581421,True,100
wisconsin,LabelStratifiedKFold,3,4,H2GCN,101,651,551,0.521393895149231,0.8399999737739563,0.6671433448791504,0.800000011920929,True,100
wisconsin,LabelStratifiedKFold,3,5,MLP,101,322,222,0.24183735251426697,0.9215686321258545,0.42722129821777344,0.8799999952316284,True,100
wisconsin,LabelStratifiedKFold,3,4,H2GCN,100,762,662,0.5249818563461304,0.8600000143051147,0.6897097229957581,0.800000011920929,True,100
wisconsin,LabelStratifiedKFold,3,5,GCN,100,106,6,1.1283680200576782,0.5686274766921997,1.7547146081924438,0.3400000035762787,True,100
wisconsin,LabelStratifiedKFold,3,5,GCN,101,108,8,1.0315428972244263,0.5686274766921997,1.4927093982696533,0.3400000035762787,True,100
wisconsin,LabelStratifiedKFold,3,5,GAT,100,122,22,0.9772472977638245,0.6666666865348816,1.4188525676727295,0.3799999952316284,True,100
wisconsin,LabelStratifiedKFold,3,5,GAT,101,126,26,1.003238558769226,0.6666666865348816,1.4762176275253296,0.4000000059604645,True,100
wisconsin,LabelStratifiedKFold,3,5,SAGE,100,106,6,0.7342004179954529,0.7843137383460999,0.6280922293663025,0.699999988079071,True,100
wisconsin,LabelStratifiedKFold,3,5,SAGE,101,104,4,0.7869877815246582,0.8039215803146362,0.8744837045669556,0.6800000071525574,True,100
wisconsin,LabelStratifiedKFold,3,4,MixHop,101,330,230,0.3680726885795593,0.8399999737739563,1.3138293027877808,0.7400000095367432,True,100
wisconsin,LabelStratifiedKFold,3,5,GPRGNN,100,177,77,0.49199020862579346,0.843137264251709,0.52772057056427,0.800000011920929,True,100
wisconsin,LabelStratifiedKFold,3,5,GPRGNN,101,168,68,0.4268571436405182,0.843137264251709,0.5506737232208252,0.800000011920929,True,100
wisconsin,LabelStratifiedKFold,3,5,H2GCN,100,590,490,0.42533114552497864,0.8627451062202454,0.4815596044063568,0.8600000143051147,True,100
wisconsin,LabelStratifiedKFold,3,5,H2GCN,101,764,664,0.42097869515419006,0.8627451062202454,0.4791150987148285,0.8399999737739563,True,100
wisconsin,LabelStratifiedKFold,3,5,MixHop,100,200,100,0.5268291234970093,0.8823529481887817,0.3383311331272125,0.8999999761581421,True,100
wisconsin,LabelStratifiedKFold,3,5,MixHop,101,273,173,0.41005322337150574,0.8627451062202454,0.6503344178199768,0.8600000143051147,True,100
wisconsin,Sklearn_NeighHet_b50,3,1,MLP,100,223,123,0.2616868317127228,0.9399999976158142,0.3486415147781372,0.9411764740943909,True,100
wisconsin,Sklearn_NeighHet_b50,3,1,MLP,101,248,148,0.30849990248680115,0.8999999761581421,0.31063273549079895,0.9411764740943909,True,100
wisconsin,Sklearn_NeighHet_b50,3,1,GCN,100,104,4,1.2774850130081177,0.47999998927116394,1.163413166999817,0.5098039507865906,True,100
wisconsin,Sklearn_NeighHet_b50,3,1,GCN,101,106,6,1.3026258945465088,0.5,1.1845439672470093,0.5686274766921997,True,100
wisconsin,Sklearn_NeighHet_b50,3,1,GAT,100,109,9,1.2353817224502563,0.47999998927116394,1.0924584865570068,0.6078431606292725,True,100
wisconsin,Sklearn_NeighHet_b50,3,1,GAT,101,120,20,1.2643693685531616,0.46000000834465027,1.162940263748169,0.529411792755127,True,100
wisconsin,Sklearn_NeighHet_b50,3,1,SAGE,101,105,5,0.8420146703720093,0.699999988079071,0.6591063737869263,0.7647058963775635,True,100
wisconsin,Sklearn_NeighHet_b50,3,1,SAGE,100,106,6,0.6851332187652588,0.699999988079071,0.6586006879806519,0.6666666865348816,True,100
wisconsin,Sklearn_NeighHet_b50,3,1,GPRGNN,101,128,28,0.8638561367988586,0.699999988079071,0.9148589372634888,0.8039215803146362,True,100
wisconsin,Sklearn_NeighHet_b50,3,1,GPRGNN,100,144,44,0.9302878379821777,0.6800000071525574,0.9056821465492249,0.7843137383460999,True,100
wisconsin,Sklearn_NeighHet_b50,3,1,H2GCN,101,437,337,0.4124615788459778,0.8399999737739563,0.37198805809020996,0.9019607901573181,True,100
wisconsin,Sklearn_NeighHet_b50,3,1,H2GCN,100,487,387,0.41784194111824036,0.8399999737739563,0.3602335751056671,0.9019607901573181,True,100
wisconsin,Sklearn_NeighHet_b50,3,1,MixHop,101,119,19,0.6020727157592773,0.8199999928474426,0.6161947250366211,0.8039215803146362,True,100
wisconsin,Sklearn_NeighHet_b50,3,2,MLP,100,186,86,0.5052763223648071,0.8199999928474426,0.299103707075119,0.8600000143051147,True,100
wisconsin,Sklearn_NeighHet_b50,3,2,MLP,101,150,50,0.5096374154090881,0.800000011920929,0.2973904013633728,0.8999999761581421,True,100
wisconsin,Sklearn_NeighHet_b50,3,2,GCN,100,103,3,1.483199119567871,0.41999998688697815,1.3094667196273804,0.4399999976158142,True,100
wisconsin,Sklearn_NeighHet_b50,3,2,GCN,101,104,4,1.394972801208496,0.4000000059604645,1.3172385692596436,0.5199999809265137,True,100
wisconsin,Sklearn_NeighHet_b50,3,2,GAT,100,113,13,1.2040634155273438,0.5600000023841858,1.2401494979858398,0.5600000023841858,True,100
wisconsin,Sklearn_NeighHet_b50,3,2,GAT,101,121,21,1.3258012533187866,0.5199999809265137,1.1650563478469849,0.5600000023841858,True,100
wisconsin,Sklearn_NeighHet_b50,3,2,SAGE,100,110,10,0.8745629191398621,0.7599999904632568,0.6800384521484375,0.7599999904632568,True,100
wisconsin,Sklearn_NeighHet_b50,3,2,SAGE,101,111,11,0.8328776359558105,0.7599999904632568,0.9239401817321777,0.6800000071525574,True,100
wisconsin,Sklearn_NeighHet_b50,3,1,MixHop,100,215,115,0.5569604635238647,0.8399999737739563,0.5235686302185059,0.843137264251709,True,100
wisconsin,Sklearn_NeighHet_b50,3,2,GPRGNN,100,143,43,1.0093480348587036,0.6800000071525574,0.7425800561904907,0.7599999904632568,True,100
wisconsin,Sklearn_NeighHet_b50,3,2,GPRGNN,101,167,67,0.8899798393249512,0.7400000095367432,0.9950741529464722,0.7400000095367432,True,100
wisconsin,Sklearn_NeighHet_b50,3,2,H2GCN,100,655,555,0.548130989074707,0.7599999904632568,0.40878626704216003,0.8600000143051147,True,100
wisconsin,Sklearn_NeighHet_b50,3,3,MLP,100,313,213,0.20185068249702454,0.9599999785423279,0.6892627477645874,0.7799999713897705,True,100
wisconsin,Sklearn_NeighHet_b50,3,2,H2GCN,101,586,486,0.5472095012664795,0.800000011920929,0.4148787260055542,0.8399999737739563,True,100
wisconsin,Sklearn_NeighHet_b50,3,3,MLP,101,389,289,0.22617195546627045,0.9399999976158142,0.7018852829933167,0.7599999904632568,True,100
wisconsin,Sklearn_NeighHet_b50,3,3,GCN,100,108,8,1.0803502798080444,0.5199999809265137,1.6965439319610596,0.4399999976158142,True,100
wisconsin,Sklearn_NeighHet_b50,3,3,GCN,101,109,9,1.0645191669464111,0.5600000023841858,1.6250228881835938,0.4399999976158142,True,100
wisconsin,Sklearn_NeighHet_b50,3,3,GAT,100,114,14,1.0642180442810059,0.6000000238418579,1.4012869596481323,0.5,True,100
wisconsin,Sklearn_NeighHet_b50,3,3,GAT,101,130,30,1.0275686979293823,0.6000000238418579,1.5760902166366577,0.47999998927116394,True,100
wisconsin,Sklearn_NeighHet_b50,3,2,MixHop,101,238,138,0.8095205426216125,0.800000011920929,0.7106890082359314,0.8199999928474426,True,100
wisconsin,Sklearn_NeighHet_b50,3,2,MixHop,100,289,189,0.659210741519928,0.800000011920929,0.4188571870326996,0.8999999761581421,True,100
wisconsin,Sklearn_NeighHet_b50,3,3,SAGE,100,268,168,0.2945508360862732,0.8999999761581421,1.398091435432434,0.7400000095367432,True,100
wisconsin,Sklearn_NeighHet_b50,3,3,SAGE,101,277,177,0.33225712180137634,0.8999999761581421,1.3188269138336182,0.7599999904632568,True,100
wisconsin,Sklearn_NeighHet_b50,3,3,GPRGNN,100,176,76,0.43598711490631104,0.8799999952316284,1.6091794967651367,0.6800000071525574,True,100
wisconsin,Sklearn_NeighHet_b50,3,3,GPRGNN,101,223,123,0.3714577555656433,0.8999999761581421,1.6853448152542114,0.699999988079071,True,100
wisconsin,Sklearn_NeighHet_b50,3,3,H2GCN,101,481,381,0.31381452083587646,0.9200000166893005,0.631273627281189,0.800000011920929,True,100
wisconsin,Sklearn_NeighHet_b50,3,3,H2GCN,100,743,643,0.30342045426368713,0.9200000166893005,0.632642388343811,0.800000011920929,True,100
wisconsin,Sklearn_NeighHet_b50,3,4,MLP,100,129,29,0.6222944855690002,0.8199999928474426,0.31914693117141724,0.9200000166893005,True,100
wisconsin,Sklearn_NeighHet_b50,3,4,MLP,101,124,24,0.6382018327713013,0.8399999737739563,0.3256233334541321,0.8999999761581421,True,100
wisconsin,Sklearn_NeighHet_b50,3,4,GCN,100,110,10,1.286076545715332,0.5,0.9672949910163879,0.6200000047683716,True,100
wisconsin,Sklearn_NeighHet_b50,3,4,GCN,101,110,10,1.2086352109909058,0.47999998927116394,0.9060919284820557,0.6600000262260437,True,100
wisconsin,Sklearn_NeighHet_b50,3,4,GAT,100,113,13,1.2206882238388062,0.5,1.0313165187835693,0.6000000238418579,True,100
wisconsin,Sklearn_NeighHet_b50,3,4,GAT,101,120,20,1.2151744365692139,0.5,0.9482285976409912,0.6200000047683716,True,100
wisconsin,Sklearn_NeighHet_b50,3,3,MixHop,100,255,155,0.09580643475055695,0.9800000190734863,1.2308393716812134,0.7400000095367432,True,100
wisconsin,Sklearn_NeighHet_b50,3,4,SAGE,100,108,8,0.6234276294708252,0.8399999737739563,0.41057637333869934,0.8999999761581421,True,100
wisconsin,Sklearn_NeighHet_b50,3,4,SAGE,101,113,13,0.771303117275238,0.8199999928474426,0.45987388491630554,0.8399999737739563,True,100
wisconsin,Sklearn_NeighHet_b50,3,4,GPRGNN,100,157,57,0.7176977396011353,0.7799999713897705,0.3537365794181824,0.8799999952316284,True,100
wisconsin,Sklearn_NeighHet_b50,3,4,GPRGNN,101,157,57,0.6282515525817871,0.800000011920929,0.2712567150592804,0.8999999761581421,True,100
wisconsin,Sklearn_NeighHet_b50,3,3,MixHop,101,366,266,0.10702480375766754,0.9399999976158142,1.5045056343078613,0.7400000095367432,True,100
wisconsin,Sklearn_NeighHet_b50,3,4,H2GCN,100,477,377,0.5139827132225037,0.8600000143051147,0.2656056880950928,0.9599999785423279,True,100
wisconsin,Sklearn_NeighHet_b50,3,5,MLP,100,451,351,0.30784836411476135,0.9019607901573181,0.5131070613861084,0.8399999737739563,True,100
wisconsin,Sklearn_NeighHet_b50,3,5,MLP,101,356,256,0.3174104392528534,0.9019607901573181,0.49141067266464233,0.8399999737739563,True,100
wisconsin,Sklearn_NeighHet_b50,3,4,MixHop,101,176,76,0.4041489362716675,0.8600000143051147,0.13840733468532562,0.9399999976158142,True,100
wisconsin,Sklearn_NeighHet_b50,3,5,GCN,100,104,4,1.16152024269104,0.6078431606292725,1.3995451927185059,0.47999998927116394,True,100
wisconsin,Sklearn_NeighHet_b50,3,5,GCN,101,105,5,1.129510760307312,0.5882353186607361,1.3220423460006714,0.4399999976158142,True,100
wisconsin,Sklearn_NeighHet_b50,3,5,GAT,100,119,19,1.0661240816116333,0.6078431606292725,1.323320746421814,0.4399999976158142,True,100
wisconsin,Sklearn_NeighHet_b50,3,4,MixHop,100,242,142,0.44798165559768677,0.8399999737739563,0.1799316555261612,0.8999999761581421,True,100
wisconsin,Sklearn_NeighHet_b50,3,5,GAT,101,124,24,1.1284148693084717,0.5490196347236633,1.3050493001937866,0.41999998688697815,True,100
wisconsin,Sklearn_NeighHet_b50,3,4,H2GCN,101,865,765,0.4996210038661957,0.8600000143051147,0.26407578587532043,0.9599999785423279,True,100
wisconsin,Sklearn_NeighHet_b50,3,5,SAGE,100,106,6,0.5518656969070435,0.7843137383460999,0.6936866044998169,0.800000011920929,True,100
wisconsin,Sklearn_NeighHet_b50,3,5,SAGE,101,106,6,0.5722048282623291,0.8039215803146362,0.7534571290016174,0.7400000095367432,True,100
wisconsin,Sklearn_NeighHet_b50,3,5,GPRGNN,100,144,44,0.8414421081542969,0.7647058963775635,0.8871367573738098,0.699999988079071,True,100
wisconsin,Sklearn_NeighHet_b50,3,5,GPRGNN,101,145,45,0.8647106289863586,0.7254902124404907,0.9815933704376221,0.6600000262260437,True,100
wisconsin,Sklearn_NeighHet_b50,3,5,H2GCN,100,379,279,0.4236401319503784,0.9019607901573181,0.5929526686668396,0.8399999737739563,True,100
wisconsin,Sklearn_NeighHet_b50,3,5,H2GCN,101,610,510,0.4125608205795288,0.9215686321258545,0.572180986404419,0.8399999737739563,True,100
wisconsin,Sklearn_NeighHet_b50,3,5,MixHop,101,156,56,0.46225690841674805,0.8823529481887817,0.7048271894454956,0.7799999713897705,True,100
wisconsin,Sklearn_NeighHet_b50,3,5,MixHop,100,266,166,0.4256075918674469,0.843137264251709,0.5792059898376465,0.8199999928474426,True,100
wisconsin,RandomKFold,4,1,MLP,100,129,29,0.4920676052570343,0.8600000143051147,0.9182361364364624,0.7254902124404907,True,100
wisconsin,RandomKFold,4,1,MLP,101,185,85,0.475012868642807,0.8799999952316284,0.9311596155166626,0.7450980544090271,True,100
wisconsin,RandomKFold,4,1,GCN,100,110,10,1.241837978363037,0.5600000023841858,1.495955467224121,0.47058823704719543,True,100
wisconsin,RandomKFold,4,1,GCN,101,113,13,1.1839208602905273,0.5600000023841858,1.5027748346328735,0.529411792755127,True,100
wisconsin,RandomKFold,4,1,GAT,100,110,10,1.1936066150665283,0.5600000023841858,1.3087247610092163,0.529411792755127,True,100
wisconsin,RandomKFold,4,1,GAT,101,115,15,1.2555559873580933,0.5600000023841858,1.369594693183899,0.5098039507865906,True,100
wisconsin,RandomKFold,4,1,SAGE,100,107,7,0.826285719871521,0.7400000095367432,0.7090444564819336,0.7254902124404907,True,100
wisconsin,RandomKFold,4,1,SAGE,101,113,13,0.8584864139556885,0.800000011920929,1.073386311531067,0.6666666865348816,True,100
wisconsin,RandomKFold,4,1,GPRGNN,100,157,57,0.6100914478302002,0.800000011920929,0.9457716941833496,0.7254902124404907,True,100
wisconsin,RandomKFold,4,1,GPRGNN,101,168,68,0.5826776623725891,0.8399999737739563,1.0303126573562622,0.7058823704719543,True,100
wisconsin,RandomKFold,4,1,H2GCN,100,180,80,0.6440702676773071,0.7799999713897705,0.8169477581977844,0.7450980544090271,True,100
wisconsin,RandomKFold,4,1,H2GCN,101,191,91,0.6513116359710693,0.7799999713897705,0.8003860712051392,0.7647058963775635,True,100
wisconsin,RandomKFold,4,2,MLP,100,332,232,0.39363381266593933,0.8799999952316284,0.36503732204437256,0.8999999761581421,True,100
wisconsin,RandomKFold,4,2,MLP,101,215,115,0.43115225434303284,0.9200000166893005,0.33330824971199036,0.8999999761581421,True,100
wisconsin,RandomKFold,4,2,GCN,100,104,4,1.3980270624160767,0.36000001430511475,1.1824322938919067,0.6000000238418579,True,100
wisconsin,RandomKFold,4,2,GCN,101,103,3,1.323943018913269,0.41999998688697815,1.1985000371932983,0.5799999833106995,True,100
wisconsin,RandomKFold,4,2,GAT,100,113,13,1.2891337871551514,0.5199999809265137,1.1704062223434448,0.5400000214576721,True,100
wisconsin,RandomKFold,4,2,GAT,101,117,17,1.31211256980896,0.46000000834465027,1.152849555015564,0.6000000238418579,True,100
wisconsin,RandomKFold,4,2,SAGE,100,105,5,0.6736567616462708,0.8199999928474426,0.7897246479988098,0.7599999904632568,True,100
wisconsin,RandomKFold,4,2,SAGE,101,104,4,0.7182551026344299,0.7599999904632568,0.8591787219047546,0.7599999904632568,True,100
wisconsin,RandomKFold,4,1,MixHop,100,210,110,0.4150378108024597,0.8600000143051147,0.7530296444892883,0.7843137383460999,True,100
wisconsin,RandomKFold,4,2,GPRGNN,100,143,43,0.8441696166992188,0.7200000286102295,0.6338375210762024,0.800000011920929,True,100
wisconsin,RandomKFold,4,2,GPRGNN,101,145,45,0.8316528797149658,0.7799999713897705,0.6971278190612793,0.800000011920929,True,100
wisconsin,RandomKFold,4,1,MixHop,101,273,173,0.4729977548122406,0.9200000166893005,1.26591157913208,0.8039215803146362,True,100
wisconsin,RandomKFold,4,2,H2GCN,101,700,600,0.5244124531745911,0.8399999737739563,0.46272724866867065,0.8399999737739563,True,100
wisconsin,RandomKFold,4,2,H2GCN,100,758,658,0.5263070464134216,0.8199999928474426,0.46739673614501953,0.8600000143051147,True,100
wisconsin,RandomKFold,4,2,MixHop,101,192,92,0.6779261231422424,0.8199999928474426,0.46982571482658386,0.8600000143051147,True,100
wisconsin,RandomKFold,4,3,MLP,100,451,351,0.3492639660835266,0.8799999952316284,0.40268081426620483,0.8399999737739563,True,100
wisconsin,RandomKFold,4,3,MLP,101,351,251,0.38213875889778137,0.8399999737739563,0.47265997529029846,0.800000011920929,True,100
wisconsin,RandomKFold,4,3,GCN,100,112,12,1.348058819770813,0.5,1.4826496839523315,0.46000000834465027,True,100
wisconsin,RandomKFold,4,3,GCN,101,106,6,1.1961431503295898,0.5,1.2959095239639282,0.5,True,100
wisconsin,RandomKFold,4,3,GAT,100,114,14,1.228242039680481,0.5400000214576721,1.341888427734375,0.5199999809265137,True,100
wisconsin,RandomKFold,4,3,GAT,101,117,17,1.3146612644195557,0.46000000834465027,1.2749449014663696,0.47999998927116394,True,100
wisconsin,RandomKFold,4,3,SAGE,100,108,8,0.4921225309371948,0.7799999713897705,0.6286421418190002,0.7599999904632568,True,100
wisconsin,RandomKFold,4,3,SAGE,101,108,8,0.6908149719238281,0.7200000286102295,0.6332384347915649,0.7799999713897705,True,100
wisconsin,RandomKFold,4,3,GPRGNN,100,170,70,0.7907673716545105,0.7200000286102295,0.7257025837898254,0.7799999713897705,True,100
wisconsin,RandomKFold,4,2,MixHop,100,318,218,0.6278491020202637,0.8399999737739563,0.8470592498779297,0.7599999904632568,True,100
wisconsin,RandomKFold,4,3,GPRGNN,101,145,45,0.8382266163825989,0.699999988079071,0.6463186144828796,0.7799999713897705,True,100
wisconsin,RandomKFold,4,3,H2GCN,100,350,250,0.3750244379043579,0.8799999952316284,0.4435499906539917,0.8799999952316284,True,100
wisconsin,RandomKFold,4,4,MLP,100,135,35,0.28879019618034363,0.8999999761581421,0.5074149966239929,0.7799999713897705,True,100
wisconsin,RandomKFold,4,4,MLP,101,126,26,0.31013333797454834,0.8999999761581421,0.46152469515800476,0.8199999928474426,True,100
wisconsin,RandomKFold,4,4,GCN,100,109,9,1.211898684501648,0.5600000023841858,1.4402824640274048,0.41999998688697815,True,100
wisconsin,RandomKFold,4,3,H2GCN,101,592,492,0.36316391825675964,0.8799999952316284,0.42964667081832886,0.8799999952316284,True,100
wisconsin,RandomKFold,4,4,GCN,101,109,9,1.1177161931991577,0.5799999833106995,1.3730385303497314,0.46000000834465027,True,100
wisconsin,RandomKFold,4,4,GAT,100,125,25,1.0651061534881592,0.5400000214576721,1.389359951019287,0.47999998927116394,True,100
wisconsin,RandomKFold,4,4,GAT,101,124,24,1.0420610904693604,0.6000000238418579,1.3588606119155884,0.4399999976158142,True,100
wisconsin,RandomKFold,4,4,SAGE,100,197,97,0.46822047233581543,0.8999999761581421,0.7791555523872375,0.8600000143051147,True,100
wisconsin,RandomKFold,4,3,MixHop,100,316,216,0.4546746015548706,0.8600000143051147,0.3616142272949219,0.8999999761581421,True,100
wisconsin,RandomKFold,4,3,MixHop,101,290,190,0.5228394865989685,0.8399999737739563,0.46479132771492004,0.9200000166893005,True,100
wisconsin,RandomKFold,4,4,SAGE,101,286,186,0.5653817057609558,0.8199999928474426,0.8459048271179199,0.800000011920929,True,100
wisconsin,RandomKFold,4,4,GPRGNN,100,168,68,0.6744080185890198,0.8199999928474426,0.9079698920249939,0.7400000095367432,True,100
wisconsin,RandomKFold,4,4,GPRGNN,101,147,47,0.6718742251396179,0.800000011920929,0.9010527729988098,0.6600000262260437,True,100
wisconsin,RandomKFold,4,4,H2GCN,100,579,479,0.33723336458206177,0.8799999952316284,0.3759995996952057,0.8799999952316284,True,100
wisconsin,RandomKFold,4,4,H2GCN,101,685,585,0.33769962191581726,0.8999999761581421,0.36767739057540894,0.8799999952316284,True,100
wisconsin,RandomKFold,4,5,MLP,100,329,229,0.6557205319404602,0.7843137383460999,0.391310453414917,0.8600000143051147,True,100
wisconsin,RandomKFold,4,5,GCN,100,104,4,1.3656635284423828,0.47058823704719543,1.2143208980560303,0.5,True,100
wisconsin,RandomKFold,4,5,MLP,101,332,232,0.6761918067932129,0.843137264251709,0.4245487153530121,0.8600000143051147,True,100
wisconsin,RandomKFold,4,5,GCN,101,105,5,1.2716370820999146,0.529411792755127,1.269342064857483,0.5400000214576721,True,100
wisconsin,RandomKFold,4,5,GAT,100,112,12,1.33048677444458,0.5490196347236633,1.2072551250457764,0.6000000238418579,True,100
wisconsin,RandomKFold,4,4,MixHop,101,186,86,0.2830183804035187,0.9399999976158142,0.7308583855628967,0.7799999713897705,True,100
wisconsin,RandomKFold,4,5,GAT,101,110,10,1.3765219449996948,0.47058823704719543,1.2839229106903076,0.5,True,100
wisconsin,RandomKFold,4,5,SAGE,100,123,23,0.748668909072876,0.7254902124404907,0.5850017666816711,0.800000011920929,True,100
wisconsin,RandomKFold,4,5,SAGE,101,108,8,0.7858943343162537,0.686274528503418,0.6601925492286682,0.8199999928474426,True,100
wisconsin,RandomKFold,4,5,GPRGNN,100,121,21,1.2747520208358765,0.5490196347236633,1.1125622987747192,0.6000000238418579,True,100
wisconsin,RandomKFold,4,5,GPRGNN,101,117,17,1.2091468572616577,0.5686274766921997,1.1448490619659424,0.6000000238418579,True,100
wisconsin,RandomKFold,4,5,MixHop,100,108,8,0.9513667821884155,0.6470588445663452,0.6913189888000488,0.7200000286102295,True,100
wisconsin,RandomKFold,4,4,MixHop,100,337,237,0.09430531412363052,0.9599999785423279,0.6277921795845032,0.800000011920929,True,100
wisconsin,RandomKFold,4,5,H2GCN,100,461,361,0.603498101234436,0.843137264251709,0.3667835295200348,0.8799999952316284,True,100
wisconsin,RandomKFold,4,5,MixHop,101,115,15,0.944252610206604,0.686274528503418,0.5921847224235535,0.8399999737739563,True,100
wisconsin,RandomKFold,4,5,H2GCN,101,425,325,0.5971898436546326,0.843137264251709,0.3559053838253021,0.8799999952316284,True,100
wisconsin,LabelStratifiedKFold,4,1,MLP,101,123,23,0.5300676226615906,0.800000011920929,0.566257119178772,0.8235294222831726,True,100
wisconsin,LabelStratifiedKFold,4,1,MLP,100,150,50,0.4985682964324951,0.8199999928474426,0.5315115451812744,0.8235294222831726,True,100
wisconsin,LabelStratifiedKFold,4,1,GCN,100,108,8,1.2956817150115967,0.5199999809265137,1.3278777599334717,0.4901960790157318,True,100
wisconsin,LabelStratifiedKFold,4,1,GCN,101,107,7,1.281343698501587,0.5600000023841858,1.2661465406417847,0.5098039507865906,True,100
wisconsin,LabelStratifiedKFold,4,1,GAT,100,112,12,1.2090539932250977,0.5799999833106995,1.224980354309082,0.47058823704719543,True,100
wisconsin,LabelStratifiedKFold,4,1,GAT,101,124,24,1.1652257442474365,0.5400000214576721,1.2320376634597778,0.47058823704719543,True,100
wisconsin,LabelStratifiedKFold,4,1,SAGE,100,109,9,0.6767539381980896,0.7400000095367432,0.6049104332923889,0.7647058963775635,True,100
wisconsin,LabelStratifiedKFold,4,1,SAGE,101,108,8,0.6863422393798828,0.7599999904632568,0.7368168830871582,0.7450980544090271,True,100
wisconsin,LabelStratifiedKFold,4,1,GPRGNN,101,135,35,1.018278956413269,0.7599999904632568,0.9684894680976868,0.7058823704719543,True,100
wisconsin,LabelStratifiedKFold,4,1,GPRGNN,100,182,82,0.9644142985343933,0.7799999713897705,1.1005843877792358,0.7450980544090271,True,100
wisconsin,LabelStratifiedKFold,4,1,MixHop,100,110,10,0.7808336615562439,0.7599999904632568,0.7685506343841553,0.7647058963775635,True,100
wisconsin,LabelStratifiedKFold,4,2,MLP,100,271,171,0.43436306715011597,0.8399999737739563,0.649035632610321,0.800000011920929,True,100
wisconsin,LabelStratifiedKFold,4,1,H2GCN,100,555,455,0.49805599451065063,0.8199999928474426,0.38500460982322693,0.843137264251709,True,100
wisconsin,LabelStratifiedKFold,4,2,GCN,100,104,4,1.287570595741272,0.5199999809265137,1.5184693336486816,0.5199999809265137,True,100
wisconsin,LabelStratifiedKFold,4,2,MLP,101,331,231,0.40250855684280396,0.9200000166893005,0.6756933331489563,0.7799999713897705,True,100
wisconsin,LabelStratifiedKFold,4,1,H2GCN,101,698,598,0.4904628396034241,0.800000011920929,0.37724021077156067,0.843137264251709,True,100
wisconsin,LabelStratifiedKFold,4,2,GCN,101,108,8,1.2485464811325073,0.5600000023841858,1.3415597677230835,0.5400000214576721,True,100
wisconsin,LabelStratifiedKFold,4,2,GAT,100,114,14,1.1921414136886597,0.5799999833106995,1.3115277290344238,0.5199999809265137,True,100
wisconsin,LabelStratifiedKFold,4,2,GAT,101,140,40,1.2274197340011597,0.5600000023841858,1.2823814153671265,0.5199999809265137,True,100
wisconsin,LabelStratifiedKFold,4,2,SAGE,100,112,12,0.44843780994415283,0.8399999737739563,0.6205517053604126,0.7400000095367432,True,100
wisconsin,LabelStratifiedKFold,4,2,SAGE,101,113,13,0.6116064786911011,0.8399999737739563,0.7508063316345215,0.7799999713897705,True,100
wisconsin,LabelStratifiedKFold,4,1,MixHop,101,230,130,0.8210915923118591,0.800000011920929,0.44718194007873535,0.8235294222831726,True,100
wisconsin,LabelStratifiedKFold,4,2,GPRGNN,100,190,90,0.8443447351455688,0.7400000095367432,1.622054100036621,0.699999988079071,True,100
wisconsin,LabelStratifiedKFold,4,2,GPRGNN,101,156,56,0.9767407178878784,0.699999988079071,1.3633211851119995,0.699999988079071,True,100
wisconsin,LabelStratifiedKFold,4,2,H2GCN,100,489,389,0.42410972714424133,0.8999999761581421,0.5318261981010437,0.8199999928474426,True,100
wisconsin,LabelStratifiedKFold,4,3,MLP,100,225,125,0.25169000029563904,0.9200000166893005,0.43361568450927734,0.8600000143051147,True,100
wisconsin,LabelStratifiedKFold,4,3,MLP,101,237,137,0.2426348626613617,0.9399999976158142,0.4630482494831085,0.8600000143051147,True,100
wisconsin,LabelStratifiedKFold,4,2,H2GCN,101,764,664,0.42351794242858887,0.8999999761581421,0.5200870633125305,0.8199999928474426,True,100
wisconsin,LabelStratifiedKFold,4,3,GCN,100,110,10,1.1204421520233154,0.5400000214576721,1.2437266111373901,0.6000000238418579,True,100
wisconsin,LabelStratifiedKFold,4,2,MixHop,100,189,89,0.35550767183303833,0.8600000143051147,1.1855725049972534,0.7599999904632568,True,100
wisconsin,LabelStratifiedKFold,4,3,GCN,101,110,10,1.0554205179214478,0.5799999833106995,1.2349680662155151,0.6000000238418579,True,100
wisconsin,LabelStratifiedKFold,4,3,GAT,100,120,20,1.0462925434112549,0.5799999833106995,1.169872760772705,0.5400000214576721,True,100
wisconsin,LabelStratifiedKFold,4,3,GAT,101,135,35,0.966808021068573,0.5799999833106995,1.1935373544692993,0.5400000214576721,True,100
wisconsin,LabelStratifiedKFold,4,3,SAGE,100,105,5,0.5961207151412964,0.8399999737739563,0.5206340551376343,0.8199999928474426,True,100
wisconsin,LabelStratifiedKFold,4,3,SAGE,101,324,224,0.641110360622406,0.8399999737739563,0.6370489001274109,0.8399999737739563,True,100
wisconsin,LabelStratifiedKFold,4,2,MixHop,101,322,222,0.44110724329948425,0.8999999761581421,1.3383114337921143,0.800000011920929,True,100
wisconsin,LabelStratifiedKFold,4,3,GPRGNN,100,175,75,0.39228537678718567,0.8600000143051147,0.5471557974815369,0.7799999713897705,True,100
wisconsin,LabelStratifiedKFold,4,3,GPRGNN,101,169,69,0.4317331314086914,0.8999999761581421,0.5656837224960327,0.8199999928474426,True,100
wisconsin,LabelStratifiedKFold,4,3,H2GCN,100,534,434,0.41565078496932983,0.8999999761581421,0.403423547744751,0.8999999761581421,True,100
wisconsin,LabelStratifiedKFold,4,3,MixHop,101,201,101,0.3326151669025421,0.9399999976158142,0.6263130903244019,0.8199999928474426,True,100
wisconsin,LabelStratifiedKFold,4,3,H2GCN,101,611,511,0.4174098074436188,0.8999999761581421,0.41211020946502686,0.8999999761581421,True,100
wisconsin,LabelStratifiedKFold,4,4,MLP,101,249,149,0.4370173513889313,0.8600000143051147,0.3683795630931854,0.8999999761581421,True,100
wisconsin,LabelStratifiedKFold,4,4,MLP,100,293,193,0.4171162545681,0.8600000143051147,0.3905511498451233,0.8999999761581421,True,100
wisconsin,LabelStratifiedKFold,4,4,GCN,100,103,3,1.4169045686721802,0.30000001192092896,1.2926219701766968,0.5,True,100
wisconsin,LabelStratifiedKFold,4,4,GCN,101,107,7,1.3535842895507812,0.4000000059604645,1.1524072885513306,0.5600000023841858,True,100
wisconsin,LabelStratifiedKFold,4,3,MixHop,100,261,161,0.32041874527931213,0.8999999761581421,0.24825984239578247,0.9200000166893005,True,100
wisconsin,LabelStratifiedKFold,4,4,GAT,100,113,13,1.313478946685791,0.5199999809265137,1.0665615797042847,0.6000000238418579,True,100
wisconsin,LabelStratifiedKFold,4,4,GAT,101,121,21,1.4377516508102417,0.4000000059604645,1.146541714668274,0.5199999809265137,True,100
wisconsin,LabelStratifiedKFold,4,4,SAGE,100,234,134,0.6699326038360596,0.800000011920929,0.9718332886695862,0.800000011920929,True,100
wisconsin,LabelStratifiedKFold,4,4,GPRGNN,100,144,44,0.9253495931625366,0.6800000071525574,0.5150322318077087,0.8199999928474426,True,100
wisconsin,LabelStratifiedKFold,4,4,SAGE,101,292,192,0.6589820384979248,0.8600000143051147,0.9351752400398254,0.7799999713897705,True,100
wisconsin,LabelStratifiedKFold,4,4,GPRGNN,101,137,37,0.8619891405105591,0.6800000071525574,0.5213167071342468,0.8199999928474426,True,100
wisconsin,LabelStratifiedKFold,4,4,H2GCN,101,540,440,0.5699278116226196,0.800000011920929,0.4953671395778656,0.8600000143051147,True,100
wisconsin,LabelStratifiedKFold,4,4,H2GCN,100,751,651,0.5551090240478516,0.800000011920929,0.4845571517944336,0.8600000143051147,True,100
wisconsin,LabelStratifiedKFold,4,5,MLP,100,131,31,0.568371057510376,0.8039215803146362,0.5272672772407532,0.800000011920929,True,100
wisconsin,LabelStratifiedKFold,4,5,MLP,101,143,43,0.5453815460205078,0.843137264251709,0.5251328945159912,0.800000011920929,True,100
wisconsin,LabelStratifiedKFold,4,5,GCN,100,104,4,1.3316311836242676,0.4901960790157318,1.3519697189331055,0.3400000035762787,True,100
wisconsin,LabelStratifiedKFold,4,5,GCN,101,103,3,1.2856669425964355,0.45098039507865906,1.2729722261428833,0.41999998688697815,True,100
wisconsin,LabelStratifiedKFold,4,5,GAT,101,119,19,1.2919212579727173,0.45098039507865906,1.395686149597168,0.47999998927116394,True,100
wisconsin,LabelStratifiedKFold,4,5,GAT,100,127,27,1.3330992460250854,0.45098039507865906,1.4804881811141968,0.5,True,100
wisconsin,LabelStratifiedKFold,4,5,SAGE,100,109,9,0.6011974215507507,0.7450980544090271,0.5579314231872559,0.8399999737739563,True,100
wisconsin,LabelStratifiedKFold,4,5,SAGE,101,113,13,0.6261942386627197,0.7843137383460999,0.8224213123321533,0.7599999904632568,True,100
wisconsin,LabelStratifiedKFold,4,4,MixHop,101,387,287,0.4592261016368866,0.8399999737739563,0.489603728055954,0.9200000166893005,True,100
wisconsin,LabelStratifiedKFold,4,4,MixHop,100,431,331,0.44816887378692627,0.8799999952316284,0.5753724575042725,0.8399999737739563,True,100
wisconsin,LabelStratifiedKFold,4,5,GPRGNN,100,143,43,1.0003169775009155,0.6666666865348816,0.9090184569358826,0.699999988079071,True,100
wisconsin,LabelStratifiedKFold,4,5,GPRGNN,101,148,48,0.9681006669998169,0.6470588445663452,0.9390213489532471,0.699999988079071,True,100
wisconsin,LabelStratifiedKFold,4,5,H2GCN,100,658,558,0.3958037793636322,0.843137264251709,0.4949212670326233,0.8600000143051147,True,100
wisconsin,LabelStratifiedKFold,4,5,MixHop,100,230,130,0.43278181552886963,0.843137264251709,0.7583051919937134,0.8199999928474426,True,100
wisconsin,LabelStratifiedKFold,4,5,H2GCN,101,647,547,0.40145912766456604,0.843137264251709,0.4808103144168854,0.8600000143051147,True,100
wisconsin,LabelStratifiedKFold,4,5,MixHop,101,353,253,0.403047114610672,0.8627451062202454,0.8517504930496216,0.8199999928474426,True,100
wisconsin,Sklearn_NeighHet_b50,4,1,MLP,100,122,22,0.6630621552467346,0.7599999904632568,0.38833069801330566,0.9019607901573181,True,100
wisconsin,Sklearn_NeighHet_b50,4,1,MLP,101,126,26,0.6436706781387329,0.800000011920929,0.3466045558452606,0.9019607901573181,True,100
wisconsin,Sklearn_NeighHet_b50,4,1,GCN,101,103,3,1.2984726428985596,0.41999998688697815,1.2740728855133057,0.45098039507865906,True,100
wisconsin,Sklearn_NeighHet_b50,4,1,GCN,100,104,4,1.3449205160140991,0.4399999976158142,1.2091537714004517,0.5686274766921997,True,100
wisconsin,Sklearn_NeighHet_b50,4,1,GAT,100,118,18,1.1660906076431274,0.5,1.063153862953186,0.6274510025978088,True,100
wisconsin,Sklearn_NeighHet_b50,4,1,GAT,101,119,19,1.2140281200408936,0.47999998927116394,1.0103617906570435,0.6470588445663452,True,100
wisconsin,Sklearn_NeighHet_b50,4,1,SAGE,100,106,6,0.6536434292793274,0.800000011920929,0.5478864312171936,0.8235294222831726,True,100
wisconsin,Sklearn_NeighHet_b50,4,1,SAGE,101,111,11,0.6906762719154358,0.7799999713897705,0.811574399471283,0.8235294222831726,True,100
wisconsin,Sklearn_NeighHet_b50,4,1,GPRGNN,100,155,55,0.8062679767608643,0.7200000286102295,0.4810563027858734,0.8627451062202454,True,100
wisconsin,Sklearn_NeighHet_b50,4,1,GPRGNN,101,177,77,0.875938355922699,0.7599999904632568,0.5708234310150146,0.8627451062202454,True,100
wisconsin,Sklearn_NeighHet_b50,4,1,H2GCN,100,350,250,0.5127307772636414,0.8199999928474426,0.30491551756858826,0.8823529481887817,True,100
wisconsin,Sklearn_NeighHet_b50,4,2,MLP,100,261,161,0.2402576208114624,0.9200000166893005,0.530623197555542,0.8199999928474426,True,100
wisconsin,Sklearn_NeighHet_b50,4,2,MLP,101,211,111,0.2731761038303375,0.8799999952316284,0.5239070653915405,0.8399999737739563,True,100
wisconsin,Sklearn_NeighHet_b50,4,1,H2GCN,101,584,484,0.5049543976783752,0.8199999928474426,0.2981119751930237,0.9019607901573181,True,100
wisconsin,Sklearn_NeighHet_b50,4,2,GCN,100,109,9,1.322007656097412,0.5400000214576721,1.4802062511444092,0.41999998688697815,True,100
wisconsin,Sklearn_NeighHet_b50,4,2,GCN,101,114,14,1.1908831596374512,0.5600000023841858,1.5056742429733276,0.4399999976158142,True,100
wisconsin,Sklearn_NeighHet_b50,4,2,GAT,100,126,26,1.2234625816345215,0.5799999833106995,1.173641324043274,0.5199999809265137,True,100
wisconsin,Sklearn_NeighHet_b50,4,2,GAT,101,124,24,1.178030014038086,0.5600000023841858,1.2225433588027954,0.47999998927116394,True,100
wisconsin,Sklearn_NeighHet_b50,4,1,MixHop,101,225,125,0.7976782917976379,0.8399999737739563,0.5734556913375854,0.9215686321258545,True,100
wisconsin,Sklearn_NeighHet_b50,4,2,SAGE,101,211,111,0.5526570081710815,0.8600000143051147,0.9662595987319946,0.7799999713897705,True,100
wisconsin,Sklearn_NeighHet_b50,4,2,SAGE,100,276,176,0.5461655259132385,0.8399999737739563,0.7953042387962341,0.7599999904632568,True,100
wisconsin,Sklearn_NeighHet_b50,4,2,GPRGNN,100,159,59,0.5623084902763367,0.800000011920929,0.8273923993110657,0.7599999904632568,True,100
wisconsin,Sklearn_NeighHet_b50,4,1,MixHop,100,349,249,0.5823819041252136,0.8399999737739563,0.4114742577075958,0.9019607901573181,True,100
wisconsin,Sklearn_NeighHet_b50,4,2,GPRGNN,101,164,64,0.5196819305419922,0.8799999952316284,0.7479709386825562,0.7200000286102295,True,100
wisconsin,Sklearn_NeighHet_b50,4,2,H2GCN,100,548,448,0.3265795409679413,0.9200000166893005,0.4955395758152008,0.8199999928474426,True,100
wisconsin,Sklearn_NeighHet_b50,4,3,MLP,100,244,144,0.21855181455612183,0.9599999785423279,0.3349536061286926,0.8999999761581421,True,100
wisconsin,Sklearn_NeighHet_b50,4,2,H2GCN,101,715,615,0.32911214232444763,0.9200000166893005,0.47021248936653137,0.8799999952316284,True,100
wisconsin,Sklearn_NeighHet_b50,4,3,MLP,101,316,216,0.20797431468963623,0.9599999785423279,0.3312755823135376,0.8600000143051147,True,100
wisconsin,Sklearn_NeighHet_b50,4,3,GCN,100,109,9,1.1466199159622192,0.5600000023841858,1.316208004951477,0.4399999976158142,True,100
wisconsin,Sklearn_NeighHet_b50,4,3,GCN,101,110,10,1.0775809288024902,0.5799999833106995,1.235598087310791,0.5400000214576721,True,100
wisconsin,Sklearn_NeighHet_b50,4,2,MixHop,100,251,151,0.2498759627342224,0.9200000166893005,0.6945871114730835,0.8600000143051147,True,100
wisconsin,Sklearn_NeighHet_b50,4,3,GAT,100,121,21,0.9390971660614014,0.6399999856948853,1.2257970571517944,0.6000000238418579,True,100
wisconsin,Sklearn_NeighHet_b50,4,3,GAT,101,134,34,0.9703599810600281,0.6000000238418579,1.2629512548446655,0.5600000023841858,True,100
wisconsin,Sklearn_NeighHet_b50,4,3,SAGE,100,156,56,0.3192271888256073,0.8600000143051147,0.6974945664405823,0.8600000143051147,True,100
wisconsin,Sklearn_NeighHet_b50,4,3,SAGE,101,131,31,0.4204733669757843,0.8999999761581421,0.837148904800415,0.8399999737739563,True,100
wisconsin,Sklearn_NeighHet_b50,4,2,MixHop,101,295,195,0.28767725825309753,0.8999999761581421,0.6934877038002014,0.8399999737739563,True,100
wisconsin,Sklearn_NeighHet_b50,4,3,GPRGNN,100,148,48,0.39077162742614746,0.8399999737739563,0.6411322951316833,0.7799999713897705,True,100
wisconsin,Sklearn_NeighHet_b50,4,3,GPRGNN,101,147,47,0.3720531463623047,0.8399999737739563,0.5565621852874756,0.800000011920929,True,100
wisconsin,Sklearn_NeighHet_b50,4,3,H2GCN,100,708,608,0.28590187430381775,0.9599999785423279,0.3440769910812378,0.9200000166893005,True,100
wisconsin,Sklearn_NeighHet_b50,4,3,H2GCN,101,564,464,0.2918609082698822,0.9599999785423279,0.35545432567596436,0.9200000166893005,True,100
wisconsin,Sklearn_NeighHet_b50,4,4,MLP,100,402,302,0.6226390600204468,0.7799999713897705,0.3568156361579895,0.8999999761581421,True,100
wisconsin,Sklearn_NeighHet_b50,4,4,MLP,101,383,283,0.5819656848907471,0.8199999928474426,0.3161007761955261,0.8799999952316284,True,100
wisconsin,Sklearn_NeighHet_b50,4,4,GCN,100,103,3,1.3043712377548218,0.5,1.1461659669876099,0.6000000238418579,True,100
wisconsin,Sklearn_NeighHet_b50,4,4,GCN,101,106,6,1.3403613567352295,0.41999998688697815,1.1676082611083984,0.46000000834465027,True,100
wisconsin,Sklearn_NeighHet_b50,4,4,GAT,100,121,21,1.3723971843719482,0.5,0.9867030382156372,0.5400000214576721,True,100
wisconsin,Sklearn_NeighHet_b50,4,4,GAT,101,125,25,1.4559693336486816,0.46000000834465027,1.0696130990982056,0.5400000214576721,True,100
wisconsin,Sklearn_NeighHet_b50,4,4,SAGE,100,106,6,0.9199312329292297,0.7400000095367432,0.5098572373390198,0.800000011920929,True,100
wisconsin,Sklearn_NeighHet_b50,4,4,SAGE,101,105,5,0.9923288226127625,0.6800000071525574,0.5577525496482849,0.8199999928474426,True,100
wisconsin,Sklearn_NeighHet_b50,4,3,MixHop,100,292,192,0.1270976960659027,0.9800000190734863,0.3484059274196625,0.8999999761581421,True,100
wisconsin,Sklearn_NeighHet_b50,4,4,GPRGNN,100,144,44,1.1940363645553589,0.6399999856948853,0.6070483922958374,0.800000011920929,True,100
wisconsin,Sklearn_NeighHet_b50,4,4,GPRGNN,101,146,46,1.0314991474151611,0.6600000262260437,0.5416592955589294,0.8199999928474426,True,100
wisconsin,Sklearn_NeighHet_b50,4,4,H2GCN,100,222,122,0.7831215858459473,0.7599999904632568,0.4751203954219818,0.8600000143051147,True,100
wisconsin,Sklearn_NeighHet_b50,4,3,MixHop,101,340,240,0.08075540512800217,0.9800000190734863,0.35920679569244385,0.8799999952316284,True,100
wisconsin,Sklearn_NeighHet_b50,4,4,MixHop,101,110,10,0.7759663462638855,0.7400000095367432,0.42719435691833496,0.8399999737739563,True,100
wisconsin,Sklearn_NeighHet_b50,4,5,MLP,101,152,52,0.38071104884147644,0.8823529481887817,0.6659242510795593,0.800000011920929,True,100
wisconsin,Sklearn_NeighHet_b50,4,5,MLP,100,255,155,0.35067838430404663,0.8823529481887817,0.6146716475486755,0.800000011920929,True,100
wisconsin,Sklearn_NeighHet_b50,4,4,H2GCN,101,234,134,0.7724805474281311,0.7599999904632568,0.45651495456695557,0.8799999952316284,True,100
wisconsin,Sklearn_NeighHet_b50,4,5,GCN,101,115,15,1.0024312734603882,0.686274528503418,1.5311212539672852,0.3400000035762787,True,100
wisconsin,Sklearn_NeighHet_b50,4,5,GCN,100,119,19,1.0498555898666382,0.6470588445663452,1.836349606513977,0.3400000035762787,True,100
wisconsin,Sklearn_NeighHet_b50,4,5,GAT,100,139,39,1.0145857334136963,0.6666666865348816,1.723311185836792,0.4000000059604645,True,100
wisconsin,Sklearn_NeighHet_b50,4,5,GAT,101,138,38,0.970714271068573,0.6666666865348816,1.7273170948028564,0.41999998688697815,True,100
wisconsin,Sklearn_NeighHet_b50,4,5,SAGE,100,108,8,0.577409565448761,0.8235294222831726,0.9232717752456665,0.7200000286102295,True,100
wisconsin,Sklearn_NeighHet_b50,4,4,MixHop,100,260,160,0.869102954864502,0.8399999737739563,0.2485608160495758,0.9399999976158142,True,100
wisconsin,Sklearn_NeighHet_b50,4,5,SAGE,101,254,154,0.5161175727844238,0.843137264251709,1.6138558387756348,0.6800000071525574,True,100
wisconsin,Sklearn_NeighHet_b50,4,5,GPRGNN,100,168,68,0.4637674391269684,0.8235294222831726,1.3057265281677246,0.699999988079071,True,100
wisconsin,Sklearn_NeighHet_b50,4,5,GPRGNN,101,168,68,0.45245394110679626,0.7647058963775635,1.2069497108459473,0.6600000262260437,True,100
wisconsin,Sklearn_NeighHet_b50,4,5,MixHop,101,118,18,0.48416486382484436,0.843137264251709,0.9262635111808777,0.7200000286102295,True,100
wisconsin,Sklearn_NeighHet_b50,4,5,H2GCN,100,432,332,0.34126541018486023,0.8823529481887817,0.6935988664627075,0.800000011920929,True,100
wisconsin,Sklearn_NeighHet_b50,4,5,H2GCN,101,430,330,0.34440699219703674,0.8823529481887817,0.7007813453674316,0.800000011920929,True,100
wisconsin,Sklearn_NeighHet_b50,4,5,MixHop,100,278,178,0.3417789340019226,0.8627451062202454,0.9210828542709351,0.800000011920929,True,100
