Dataset,StratificationType,Fold_Seed,Fold,Model,Init_Seed,Stopped_Epoch,Best_Epoch,Best_Val_Loss,Best_Val_Accuracy,Test_Loss,Test_Accuracy,Stopped_Early,Early_Stopping_Patience
roman_empire,RandomKFold,0,1,MLP,100,192,92,1.0767076015472412,0.6417383551597595,0.9973834753036499,0.6637988090515137,True,100
roman_empire,RandomKFold,0,1,MLP,101,196,96,1.0703506469726562,0.6412971615791321,0.9981157183647156,0.6697551012039185,True,100
roman_empire,RandomKFold,0,1,GCN,100,1000,993,1.6062769889831543,0.4754025936126709,1.588731288909912,0.4855504035949707,False,100
roman_empire,RandomKFold,0,1,GCN,101,1000,961,1.6096962690353394,0.4751819968223572,1.590929627418518,0.477829247713089,False,100
roman_empire,RandomKFold,0,1,GAT,100,720,620,1.8382285833358765,0.4127509295940399,1.806112289428711,0.4224575459957123,True,100
roman_empire,RandomKFold,0,1,GAT,101,1000,972,1.8321737051010132,0.41186851263046265,1.8015573024749756,0.41826605796813965,False,100
roman_empire,RandomKFold,0,1,SAGE,100,756,656,0.782035231590271,0.7469666600227356,0.7500936985015869,0.7606441378593445,True,100
roman_empire,RandomKFold,0,1,SAGE,101,1000,914,0.7731744050979614,0.7487315535545349,0.7447142601013184,0.7626296281814575,False,100
roman_empire,RandomKFold,0,1,GPRGNN,100,918,818,1.2799510955810547,0.6344584226608276,1.229926586151123,0.6551952362060547,True,100
roman_empire,RandomKFold,0,1,GPRGNN,101,1000,945,1.2826086282730103,0.6289433240890503,1.2305221557617188,0.6505625247955322,False,100
roman_empire,RandomKFold,0,1,H2GCN,100,648,548,1.575976014137268,0.5303331017494202,1.500425100326538,0.5537171959877014,True,100
roman_empire,RandomKFold,0,1,H2GCN,101,249,149,1.6241916418075562,0.5177586674690247,1.5645596981048584,0.546878457069397,True,100
roman_empire,RandomKFold,0,2,MLP,100,192,92,0.9972282648086548,0.6690202951431274,1.0744320154190063,0.6459298729896545,True,100
roman_empire,RandomKFold,0,2,MLP,101,195,95,0.9989629983901978,0.6659311652183533,1.0702625513076782,0.6494595408439636,True,100
roman_empire,RandomKFold,0,2,GCN,100,1000,994,1.611070156097412,0.4757281541824341,1.611083984375,0.4727553427219391,False,100
roman_empire,RandomKFold,0,2,GCN,101,1000,980,1.613280177116394,0.474624902009964,1.6174522638320923,0.4707699120044708,False,100
roman_empire,RandomKFold,0,1,MixHop,100,1000,932,0.5933384299278259,0.8065298795700073,0.5835229158401489,0.8087359070777893,False,100
roman_empire,RandomKFold,0,1,MixHop,101,931,831,0.5890839099884033,0.8069710731506348,0.5845517516136169,0.809618353843689,True,100
roman_empire,RandomKFold,0,2,GAT,101,750,650,1.8294497728347778,0.41813769936561584,1.8405848741531372,0.41076549887657166,True,100
roman_empire,RandomKFold,0,2,GAT,100,841,741,1.8250856399536133,0.420785516500473,1.8364704847335815,0.4178248345851898,True,100
roman_empire,RandomKFold,0,2,SAGE,100,714,614,0.7633184790611267,0.7577228546142578,0.7837412357330322,0.7456430792808533,True,100
roman_empire,RandomKFold,0,2,SAGE,101,1000,998,0.7568519115447998,0.7627978920936584,0.7769328355789185,0.7469666600227356,False,100
roman_empire,RandomKFold,0,2,GPRGNN,100,947,847,1.2349488735198975,0.6509267687797546,1.2812317609786987,0.6293845176696777,True,100
roman_empire,RandomKFold,0,2,GPRGNN,101,708,608,1.2550969123840332,0.6496028304100037,1.3026788234710693,0.6293845176696777,True,100
roman_empire,RandomKFold,0,2,H2GCN,100,307,207,1.561067819595337,0.5315533876419067,1.581334114074707,0.5181998610496521,True,100
roman_empire,RandomKFold,0,2,H2GCN,101,231,131,1.565402865409851,0.5269196629524231,1.6021455526351929,0.5155526399612427,True,100
roman_empire,RandomKFold,0,3,MLP,100,184,84,1.0439401865005493,0.6522506475448608,1.0060604810714722,0.6703442335128784,True,100
roman_empire,RandomKFold,0,3,MLP,101,196,96,1.0343492031097412,0.6564430594444275,1.003767967224121,0.6692409515380859,True,100
roman_empire,RandomKFold,0,3,GCN,100,1000,981,1.6125322580337524,0.46822595596313477,1.6099162101745605,0.47837600111961365,False,100
roman_empire,RandomKFold,0,3,GCN,101,1000,999,1.614822268486023,0.4666813910007477,1.6121585369110107,0.473300963640213,False,100
roman_empire,RandomKFold,0,2,MixHop,100,927,827,0.5933541059494019,0.801632821559906,0.603249728679657,0.7999117374420166,True,100
roman_empire,RandomKFold,0,3,GAT,101,973,873,1.8327585458755493,0.40004414319992065,1.8193801641464233,0.40975287556648254,True,100
roman_empire,RandomKFold,0,2,MixHop,101,1000,987,0.5902591347694397,0.8045012950897217,0.5987350344657898,0.80101478099823,False,100
roman_empire,RandomKFold,0,3,GAT,100,1000,977,1.8338162899017334,0.40070608258247375,1.8211966753005981,0.40931156277656555,False,100
roman_empire,RandomKFold,0,3,SAGE,100,760,660,0.7787123322486877,0.7469108700752258,0.7625029683113098,0.7566195726394653,True,100
roman_empire,RandomKFold,0,3,SAGE,101,980,880,0.7739102244377136,0.7462489008903503,0.7570031881332397,0.7590467929840088,True,100
roman_empire,RandomKFold,0,3,GPRGNN,100,1000,952,1.2820883989334106,0.6379082202911377,1.2405283451080322,0.6540158987045288,False,100
roman_empire,RandomKFold,0,3,H2GCN,100,355,255,1.5414913892745972,0.529567539691925,1.5387195348739624,0.540379524230957,True,100
roman_empire,RandomKFold,0,3,GPRGNN,101,857,757,1.296090841293335,0.6368049383163452,1.253068208694458,0.6522506475448608,True,100
roman_empire,RandomKFold,0,4,MLP,100,197,97,1.019546389579773,0.6657105088233948,1.0439953804016113,0.6542365550994873,True,100
roman_empire,RandomKFold,0,4,MLP,101,189,89,1.0294930934906006,0.6612974405288696,1.044670820236206,0.6511474251747131,True,100
roman_empire,RandomKFold,0,3,H2GCN,101,401,301,1.5525453090667725,0.5339806079864502,1.544676661491394,0.5439099669456482,True,100
roman_empire,RandomKFold,0,4,GCN,100,1000,999,1.6059396266937256,0.48742276430130005,1.6117993593215942,0.4633715748786926,False,100
roman_empire,RandomKFold,0,4,GCN,101,1000,932,1.6083585023880005,0.48654016852378845,1.611566185951233,0.4675639867782593,False,100
roman_empire,RandomKFold,0,3,MixHop,100,906,806,0.6063872575759888,0.7963371872901917,0.5929692387580872,0.8005295395851135,True,100
roman_empire,RandomKFold,0,4,GAT,100,821,721,1.83798348903656,0.4126213490962982,1.8449896574020386,0.39938217401504517,True,100
roman_empire,RandomKFold,0,3,MixHop,101,1000,959,0.6055973768234253,0.7950132489204407,0.5950257778167725,0.8014121651649475,False,100
roman_empire,RandomKFold,0,4,GAT,101,771,671,1.8282015323638916,0.41835832595825195,1.8372809886932373,0.40048542618751526,True,100
roman_empire,RandomKFold,0,4,SAGE,100,984,884,0.7718605995178223,0.7535304427146912,0.7769031524658203,0.7515445947647095,True,100
roman_empire,RandomKFold,0,4,SAGE,101,738,638,0.7721407413482666,0.7550750374794006,0.7753800749778748,0.7511032819747925,True,100
roman_empire,RandomKFold,0,4,GPRGNN,100,919,819,1.2470016479492188,0.6524713039398193,1.275054931640625,0.6396734118461609,True,100
roman_empire,RandomKFold,0,4,GPRGNN,101,1000,933,1.2517216205596924,0.6487202048301697,1.280461072921753,0.6390115022659302,False,100
roman_empire,RandomKFold,0,4,H2GCN,101,359,259,1.547306776046753,0.5311120748519897,1.5614819526672363,0.5311120748519897,True,100
roman_empire,RandomKFold,0,4,H2GCN,100,531,431,1.5428577661514282,0.530008852481842,1.5657100677490234,0.5333186388015747,True,100
roman_empire,RandomKFold,0,5,MLP,100,208,108,1.005995750427246,0.6719611883163452,1.022408366203308,0.6707855463027954,True,100
roman_empire,RandomKFold,0,5,MLP,101,201,101,0.9991509914398193,0.6728435754776001,1.023459553718567,0.6641659140586853,True,100
roman_empire,RandomKFold,0,5,GCN,100,893,793,1.5907000303268433,0.48268255591392517,1.609389066696167,0.488746702671051,True,100
roman_empire,RandomKFold,0,5,GCN,101,1000,987,1.5874218940734863,0.4844473898410797,1.606501817703247,0.4911738634109497,False,100
roman_empire,RandomKFold,0,5,GAT,100,610,510,1.821289300918579,0.4138539731502533,1.8472155332565308,0.41019418835639954,True,100
roman_empire,RandomKFold,0,4,MixHop,101,936,836,0.603875994682312,0.7983230352401733,0.6087716221809387,0.7989850044250488,True,100
roman_empire,RandomKFold,0,4,MixHop,100,1000,927,0.5985285043716431,0.80251544713974,0.6069925427436829,0.7956752181053162,False,100
roman_empire,RandomKFold,0,5,GAT,101,749,649,1.8112168312072754,0.41716301441192627,1.8401342630386353,0.4148278832435608,True,100
roman_empire,RandomKFold,0,5,SAGE,100,595,495,0.7525165677070618,0.7621883749961853,0.7769024968147278,0.751323938369751,True,100
roman_empire,RandomKFold,0,5,SAGE,101,709,609,0.7439768314361572,0.7659386992454529,0.7702963352203369,0.7493380308151245,True,100
roman_empire,RandomKFold,0,5,GPRGNN,100,817,717,1.237228274345398,0.6547540426254272,1.2567236423492432,0.6451897621154785,True,100
roman_empire,RandomKFold,0,5,GPRGNN,101,930,830,1.234664797782898,0.6560776233673096,1.2554949522018433,0.6447484493255615,True,100
roman_empire,RandomKFold,0,5,H2GCN,100,429,329,1.5034009218215942,0.5506287217140198,1.5660293102264404,0.5291262269020081,True,100
roman_empire,RandomKFold,0,5,H2GCN,101,429,329,1.5074737071990967,0.5488638877868652,1.5876672267913818,0.5260370969772339,True,100
roman_empire,RandomKFold,0,5,MixHop,100,836,736,0.590503990650177,0.8111625909805298,0.599879801273346,0.8009708523750305,True,100
roman_empire,RandomKFold,0,5,MixHop,101,925,825,0.5913705229759216,0.8080741167068481,0.6011660099029541,0.8005295395851135,True,100
roman_empire,LabelStratifiedKFold,0,1,MLP,101,203,103,1.0217450857162476,0.6633576154708862,1.0424541234970093,0.657180666923523,True,100
roman_empire,LabelStratifiedKFold,0,1,MLP,100,204,104,1.0253833532333374,0.6600485444068909,1.0511044263839722,0.6547540426254272,True,100
roman_empire,LabelStratifiedKFold,0,1,GCN,100,1000,989,1.5931251049041748,0.4782704710960388,1.6040489673614502,0.47760865092277527,False,100
roman_empire,LabelStratifiedKFold,0,1,GCN,101,1000,1000,1.5958343744277954,0.4718729257583618,1.606880784034729,0.47871166467666626,False,100
roman_empire,LabelStratifiedKFold,0,1,GAT,101,772,672,1.8149925470352173,0.4138539731502533,1.8259947299957275,0.41076549887657166,True,100
roman_empire,LabelStratifiedKFold,0,1,GAT,100,823,723,1.8239878416061401,0.40944185853004456,1.833280324935913,0.4061328172683716,True,100
roman_empire,LabelStratifiedKFold,0,1,SAGE,100,683,583,0.7554464340209961,0.7511581778526306,0.7842246890068054,0.7445400357246399,True,100
roman_empire,LabelStratifiedKFold,0,1,SAGE,101,1000,986,0.7450174689292908,0.7535848021507263,0.7742947936058044,0.7493933439254761,False,100
roman_empire,LabelStratifiedKFold,0,1,GPRGNN,100,920,820,1.2478629350662231,0.6470328569412231,1.2626980543136597,0.6474740505218506,True,100
roman_empire,LabelStratifiedKFold,0,1,H2GCN,100,147,47,1.888901710510254,0.4932715594768524,1.6447575092315674,0.5031987428665161,True,100
roman_empire,LabelStratifiedKFold,0,1,H2GCN,101,145,45,1.8341015577316284,0.49018311500549316,1.6620187759399414,0.4945951998233795,True,100
roman_empire,LabelStratifiedKFold,0,2,MLP,100,197,97,1.033663034439087,0.6617387533187866,1.0268219709396362,0.65850430727005,True,100
roman_empire,LabelStratifiedKFold,0,2,MLP,101,188,88,1.0328524112701416,0.6641659140586853,1.028303861618042,0.6622545719146729,True,100
roman_empire,LabelStratifiedKFold,0,1,GPRGNN,101,995,895,1.2493292093276978,0.6419589519500732,1.2647206783294678,0.645709216594696,True,100
roman_empire,LabelStratifiedKFold,0,2,GCN,100,1000,993,1.600352168083191,0.4821271002292633,1.5921956300735474,0.47760865092277527,False,100
roman_empire,LabelStratifiedKFold,0,2,GCN,101,1000,987,1.6054115295410156,0.47837600111961365,1.5968763828277588,0.4742995798587799,False,100
roman_empire,LabelStratifiedKFold,0,2,GAT,100,1000,964,1.8214058876037598,0.4203442335128784,1.81816828250885,0.41473639011383057,False,100
roman_empire,LabelStratifiedKFold,0,1,MixHop,100,1000,923,0.5919191241264343,0.7996911406517029,0.6128945350646973,0.7957202792167664,False,100
roman_empire,LabelStratifiedKFold,0,2,GAT,101,980,880,1.8169611692428589,0.41857898235321045,1.814626932144165,0.41208910942077637,True,100
roman_empire,LabelStratifiedKFold,0,1,MixHop,101,1000,927,0.5886752009391785,0.7979263067245483,0.6089562773704529,0.7935142517089844,False,100
roman_empire,LabelStratifiedKFold,0,2,SAGE,101,678,578,0.7695607542991638,0.7627978920936584,0.7551515698432922,0.7507169842720032,True,100
roman_empire,LabelStratifiedKFold,0,2,SAGE,100,905,805,0.7677761912345886,0.7579435110092163,0.7514654397964478,0.752261221408844,True,100
roman_empire,LabelStratifiedKFold,0,2,GPRGNN,100,999,899,1.26316499710083,0.6438658237457275,1.2489591836929321,0.6432825922966003,True,100
roman_empire,LabelStratifiedKFold,0,2,GPRGNN,101,1000,984,1.2677029371261597,0.6456310749053955,1.2531696557998657,0.6481359004974365,False,100
roman_empire,LabelStratifiedKFold,0,2,H2GCN,100,314,214,1.5534688234329224,0.5401588678359985,1.6744990348815918,0.525479793548584,True,100
roman_empire,LabelStratifiedKFold,0,3,MLP,100,204,104,1.0106428861618042,0.6606354713439941,1.0349669456481934,0.6608561277389526,True,100
roman_empire,LabelStratifiedKFold,0,3,MLP,101,212,112,1.008728265762329,0.6654898524284363,1.0361241102218628,0.6628420352935791,True,100
roman_empire,LabelStratifiedKFold,0,2,H2GCN,101,297,197,1.5405418872833252,0.5353044867515564,1.7084559202194214,0.5193029046058655,True,100
roman_empire,LabelStratifiedKFold,0,3,GCN,100,1000,993,1.617284893989563,0.4757281541824341,1.601501226425171,0.4821271002292633,False,100
roman_empire,LabelStratifiedKFold,0,3,GCN,101,1000,961,1.6201460361480713,0.47109442949295044,1.6049389839172363,0.47969990968704224,False,100
roman_empire,LabelStratifiedKFold,0,2,MixHop,100,872,772,0.5963132381439209,0.804280698299408,0.5951547622680664,0.7981469035148621,True,100
roman_empire,LabelStratifiedKFold,0,2,MixHop,101,892,792,0.5932468771934509,0.8036187291145325,0.5933781862258911,0.8023384213447571,True,100
roman_empire,LabelStratifiedKFold,0,3,GAT,101,773,673,1.8440378904342651,0.40909090638160706,1.8291162252426147,0.41946160793304443,True,100
roman_empire,LabelStratifiedKFold,0,3,GAT,100,966,866,1.83880615234375,0.4037952423095703,1.8274083137512207,0.421668142080307,True,100
roman_empire,LabelStratifiedKFold,0,3,SAGE,100,714,614,0.7731342911720276,0.7484554052352905,0.7720798850059509,0.7597087621688843,True,100
roman_empire,LabelStratifiedKFold,0,3,SAGE,101,709,609,0.7691408395767212,0.7568402290344238,0.7682033777236938,0.7658870220184326,True,100
roman_empire,LabelStratifiedKFold,0,3,GPRGNN,100,919,819,1.2462760210037231,0.644086480140686,1.262592077255249,0.644086480140686,True,100
roman_empire,LabelStratifiedKFold,0,3,GPRGNN,101,1000,922,1.253825068473816,0.6421006321907043,1.2726770639419556,0.6409973502159119,False,100
roman_empire,LabelStratifiedKFold,0,3,H2GCN,100,367,267,1.548421025276184,0.5361871123313904,1.5573468208312988,0.5342012643814087,True,100
roman_empire,LabelStratifiedKFold,0,4,MLP,100,199,99,1.0170472860336304,0.6619594097137451,1.0139211416244507,0.6654898524284363,True,100
roman_empire,LabelStratifiedKFold,0,4,MLP,101,191,91,1.0150718688964844,0.6617387533187866,1.0087121725082397,0.6696822643280029,True,100
roman_empire,LabelStratifiedKFold,0,3,H2GCN,101,281,181,1.541717290878296,0.5344218611717224,1.5463383197784424,0.5328773260116577,True,100
roman_empire,LabelStratifiedKFold,0,4,GCN,100,1000,972,1.6078284978866577,0.47793468832969666,1.6158654689788818,0.46910855174064636,False,100
roman_empire,LabelStratifiedKFold,0,4,GCN,101,1000,999,1.6084630489349365,0.47771403193473816,1.6185232400894165,0.4721977114677429,False,100
roman_empire,LabelStratifiedKFold,0,4,GAT,100,1000,977,1.8246163129806519,0.420785516500473,1.8270982503890991,0.41769638657569885,False,100
roman_empire,LabelStratifiedKFold,0,4,GAT,101,1000,972,1.824366807937622,0.41879963874816895,1.82555091381073,0.4163724482059479,False,100
roman_empire,LabelStratifiedKFold,0,3,MixHop,100,1000,959,0.5990150570869446,0.8040600419044495,0.6018147468566895,0.8078111410140991,False,100
roman_empire,LabelStratifiedKFold,0,3,MixHop,101,1000,985,0.6012395620346069,0.7985436916351318,0.6015588641166687,0.8051632642745972,False,100
roman_empire,LabelStratifiedKFold,0,4,SAGE,100,768,668,0.7694297432899475,0.7484554052352905,0.7729198932647705,0.750441312789917,True,100
roman_empire,LabelStratifiedKFold,0,4,SAGE,101,843,743,0.7672837972640991,0.7511032819747925,0.7689908146858215,0.7511032819747925,True,100
roman_empire,LabelStratifiedKFold,0,4,GPRGNN,100,1000,901,1.2612335681915283,0.6352603435516357,1.2502647638320923,0.6383495330810547,False,100
roman_empire,LabelStratifiedKFold,0,4,GPRGNN,101,1000,990,1.2684588432312012,0.6368049383163452,1.2575032711029053,0.6381288766860962,False,100
roman_empire,LabelStratifiedKFold,0,4,H2GCN,100,315,215,1.5453910827636719,0.5368490815162659,1.5749658346176147,0.5355251431465149,True,100
roman_empire,LabelStratifiedKFold,0,5,MLP,100,201,101,1.054973840713501,0.6574012637138367,1.0208157300949097,0.6617387533187866,True,100
roman_empire,LabelStratifiedKFold,0,5,MLP,101,180,80,1.0487585067749023,0.661372184753418,1.0229430198669434,0.6595321893692017,True,100
roman_empire,LabelStratifiedKFold,0,4,H2GCN,101,279,179,1.5815192461013794,0.5357457995414734,1.5565519332885742,0.5297881960868835,True,100
roman_empire,LabelStratifiedKFold,0,5,GCN,100,1000,993,1.6056225299835205,0.48003530502319336,1.6110135316848755,0.47793468832969666,False,100
roman_empire,LabelStratifiedKFold,0,5,GCN,101,1000,987,1.6082723140716553,0.4769468307495117,1.6134812831878662,0.4812444746494293,False,100
roman_empire,LabelStratifiedKFold,0,4,MixHop,100,1000,989,0.5878295302391052,0.8069285154342651,0.5980579257011414,0.7987643480300903,False,100
roman_empire,LabelStratifiedKFold,0,4,MixHop,101,1000,923,0.590166449546814,0.8069285154342651,0.5995233058929443,0.7992056608200073,False,100
roman_empire,LabelStratifiedKFold,0,5,GAT,100,1000,936,1.8192620277404785,0.4087800681591034,1.8220419883728027,0.4148278832435608,False,100
roman_empire,LabelStratifiedKFold,0,5,GAT,101,1000,998,1.817000389099121,0.41583940386772156,1.8204416036605835,0.4201235771179199,False,100
roman_empire,LabelStratifiedKFold,0,5,SAGE,100,834,734,0.7810291647911072,0.7487315535545349,0.7713453769683838,0.7488967180252075,True,100
roman_empire,LabelStratifiedKFold,0,5,SAGE,101,774,674,0.7806914448738098,0.7529230117797852,0.7687645554542542,0.750441312789917,True,100
roman_empire,LabelStratifiedKFold,0,5,GPRGNN,100,919,819,1.2594101428985596,0.6514449715614319,1.2568423748016357,0.645851731300354,True,100
roman_empire,LabelStratifiedKFold,0,5,GPRGNN,101,1000,948,1.2626415491104126,0.6523273587226868,1.2604329586029053,0.6482788920402527,False,100
roman_empire,LabelStratifiedKFold,0,5,H2GCN,100,413,313,1.530472755432129,0.537613034248352,1.5272513628005981,0.540379524230957,True,100
roman_empire,LabelStratifiedKFold,0,5,H2GCN,101,618,518,1.530197024345398,0.5393778681755066,1.524135708808899,0.5406001806259155,True,100
roman_empire,LabelStratifiedKFold,0,5,MixHop,101,756,656,0.6167399883270264,0.7977057099342346,0.6004902124404907,0.8036187291145325,True,100
roman_empire,LabelStratifiedKFold,0,5,MixHop,100,1000,953,0.6149501204490662,0.7952790856361389,0.5975768566131592,0.800750195980072,False,100
roman_empire,Sklearn_NeighHet_b500,0,1,MLP,101,187,87,1.027978777885437,0.6580631136894226,1.0085482597351074,0.667107880115509,True,100
roman_empire,Sklearn_NeighHet_b500,0,1,MLP,100,202,102,1.032239317893982,0.6538715958595276,1.008168339729309,0.6657842397689819,True,100
roman_empire,Sklearn_NeighHet_b500,0,1,GCN,100,1000,993,1.6138691902160645,0.4754025936126709,1.6207903623580933,0.4758438169956207,False,100
roman_empire,Sklearn_NeighHet_b500,0,1,GCN,101,1000,1000,1.615868091583252,0.4769468307495117,1.6232420206069946,0.46988749504089355,False,100
roman_empire,Sklearn_NeighHet_b500,0,1,GAT,101,818,718,1.8389872312545776,0.41936907172203064,1.8391354084014893,0.42047208547592163,True,100
roman_empire,Sklearn_NeighHet_b500,0,1,GAT,100,819,719,1.8459166288375854,0.4149569869041443,1.842721700668335,0.414074569940567,True,100
roman_empire,Sklearn_NeighHet_b500,0,1,SAGE,101,965,865,0.7595798373222351,0.7527024149894714,0.7718906998634338,0.7478491067886353,True,100
roman_empire,Sklearn_NeighHet_b500,0,1,SAGE,100,1000,900,0.7628154754638672,0.75380539894104,0.7782132029533386,0.7498345375061035,True,100
roman_empire,Sklearn_NeighHet_b500,0,1,GPRGNN,100,775,675,1.2843996286392212,0.6408559679985046,1.269852638244629,0.6430619955062866,True,100
roman_empire,Sklearn_NeighHet_b500,0,1,GPRGNN,101,777,677,1.2849669456481934,0.6346790194511414,1.2719298601150513,0.6424002051353455,True,100
roman_empire,Sklearn_NeighHet_b500,0,1,H2GCN,101,281,181,1.5817149877548218,0.5268034338951111,1.6428626775741577,0.52106773853302,True,100
roman_empire,Sklearn_NeighHet_b500,0,2,MLP,100,193,93,1.0354890823364258,0.656222403049469,1.036738634109497,0.6529892086982727,True,100
roman_empire,Sklearn_NeighHet_b500,0,2,MLP,101,198,98,1.0432556867599487,0.6535745859146118,1.0408782958984375,0.6562982797622681,True,100
roman_empire,Sklearn_NeighHet_b500,0,1,H2GCN,100,423,323,1.5568163394927979,0.531877338886261,1.629155158996582,0.5257003903388977,True,100
roman_empire,Sklearn_NeighHet_b500,0,1,MixHop,101,606,506,0.6016392707824707,0.8012353777885437,0.6148523092269897,0.7966026663780212,True,100
roman_empire,Sklearn_NeighHet_b500,0,2,GCN,100,1000,952,1.6013695001602173,0.4750661849975586,1.6162071228027344,0.4769468307495117,False,100
roman_empire,Sklearn_NeighHet_b500,0,2,GCN,101,1000,975,1.604873538017273,0.474183589220047,1.6196473836898804,0.47452017664909363,False,100
roman_empire,Sklearn_NeighHet_b500,0,1,MixHop,100,839,739,0.593096137046814,0.8056474924087524,0.6053729057312012,0.8005735874176025,True,100
roman_empire,Sklearn_NeighHet_b500,0,2,GAT,100,819,719,1.830077886581421,0.41703441739082336,1.8425750732421875,0.4072358310222626,True,100
roman_empire,Sklearn_NeighHet_b500,0,2,SAGE,100,760,660,0.7754760384559631,0.7528684735298157,0.7698401808738708,0.7511581778526306,True,100
roman_empire,Sklearn_NeighHet_b500,0,2,GAT,101,1000,973,1.8222469091415405,0.4154898524284363,1.8350986242294312,0.4078976511955261,False,100
roman_empire,Sklearn_NeighHet_b500,0,2,SAGE,101,801,701,0.7740460634231567,0.751323938369751,0.7644206881523132,0.7476285099983215,True,100
roman_empire,Sklearn_NeighHet_b500,0,2,GPRGNN,100,920,820,1.2568334341049194,0.6401147246360779,1.2606885433197021,0.6432825922966003,True,100
roman_empire,Sklearn_NeighHet_b500,0,2,GPRGNN,101,1000,998,1.2618818283081055,0.6387908458709717,1.2664815187454224,0.6443856358528137,False,100
roman_empire,Sklearn_NeighHet_b500,0,2,H2GCN,100,353,253,1.539952278137207,0.5414828062057495,1.5693680047988892,0.5265828371047974,True,100
roman_empire,Sklearn_NeighHet_b500,0,3,MLP,100,206,106,1.0270286798477173,0.6716681122779846,1.0315366983413696,0.6582083106040955,True,100
roman_empire,Sklearn_NeighHet_b500,0,3,MLP,101,192,92,1.0288594961166382,0.6650485396385193,1.0341181755065918,0.6509267687797546,True,100
roman_empire,Sklearn_NeighHet_b500,0,2,H2GCN,101,288,188,1.5407671928405762,0.540379524230957,1.5733891725540161,0.5323185324668884,True,100
roman_empire,Sklearn_NeighHet_b500,0,3,GCN,100,1000,993,1.5906550884246826,0.47969990968704224,1.601455569267273,0.4843336343765259,False,100
roman_empire,Sklearn_NeighHet_b500,0,3,GCN,101,1000,945,1.5889898538589478,0.47639012336730957,1.6013208627700806,0.4812444746494293,False,100
roman_empire,Sklearn_NeighHet_b500,0,2,MixHop,101,817,717,0.6016268730163574,0.7998676300048828,0.596068799495697,0.7961614727973938,True,100
roman_empire,Sklearn_NeighHet_b500,0,3,GAT,100,721,621,1.8143763542175293,0.4051191508769989,1.8350180387496948,0.40997353196144104,True,100
roman_empire,Sklearn_NeighHet_b500,0,2,MixHop,100,980,880,0.5956334471702576,0.8027361035346985,0.5904014706611633,0.7994705438613892,True,100
roman_empire,Sklearn_NeighHet_b500,0,3,GAT,101,1000,998,1.7934154272079468,0.43402472138404846,1.8161888122558594,0.4232127070426941,False,100
roman_empire,Sklearn_NeighHet_b500,0,3,SAGE,101,692,592,0.7604048252105713,0.7557370066642761,0.7748439908027649,0.7515445947647095,True,100
roman_empire,Sklearn_NeighHet_b500,0,3,SAGE,100,1000,984,0.76180499792099,0.7519859075546265,0.7690218091011047,0.7555163502693176,False,100
roman_empire,Sklearn_NeighHet_b500,0,3,GPRGNN,100,919,819,1.2440426349639893,0.6590909361839294,1.2579987049102783,0.6443071365356445,True,100
roman_empire,Sklearn_NeighHet_b500,0,3,GPRGNN,101,1000,998,1.2404898405075073,0.6577669978141785,1.256636142730713,0.6405560374259949,False,100
roman_empire,Sklearn_NeighHet_b500,0,3,H2GCN,100,469,369,1.534125566482544,0.5306707620620728,1.5391767024993896,0.5361871123313904,True,100
roman_empire,Sklearn_NeighHet_b500,0,4,MLP,100,201,101,1.0509874820709229,0.657105028629303,1.0317614078521729,0.6665931344032288,True,100
roman_empire,Sklearn_NeighHet_b500,0,4,MLP,101,184,84,1.0442341566085815,0.6546778678894043,1.0306798219680786,0.6608561277389526,True,100
roman_empire,Sklearn_NeighHet_b500,0,3,H2GCN,101,424,324,1.5362530946731567,0.5379523634910583,1.526745319366455,0.5406001806259155,True,100
roman_empire,Sklearn_NeighHet_b500,0,4,GCN,100,1000,994,1.6052016019821167,0.472859650850296,1.589597225189209,0.4821271002292633,False,100
roman_empire,Sklearn_NeighHet_b500,0,4,GCN,101,1000,983,1.6093782186508179,0.4671226739883423,1.593787670135498,0.4803618788719177,False,100
roman_empire,Sklearn_NeighHet_b500,0,3,MixHop,101,792,692,0.6080185174942017,0.7976610660552979,0.6031151413917542,0.801632821559906,True,100
roman_empire,Sklearn_NeighHet_b500,0,3,MixHop,100,951,851,0.6079108715057373,0.7992056608200073,0.5982819199562073,0.8045012950897217,True,100
roman_empire,Sklearn_NeighHet_b500,0,4,GAT,100,1000,959,1.8278394937515259,0.40026476979255676,1.7990788221359253,0.4243159890174866,False,100
roman_empire,Sklearn_NeighHet_b500,0,4,GAT,101,987,887,1.8268635272979736,0.40864959359169006,1.7943412065505981,0.4243159890174866,True,100
roman_empire,Sklearn_NeighHet_b500,0,4,SAGE,100,1000,936,0.7651050090789795,0.7546337246894836,0.7600096464157104,0.7530891299247742,False,100
roman_empire,Sklearn_NeighHet_b500,0,4,SAGE,101,1000,983,0.7658053636550903,0.7568402290344238,0.7550076246261597,0.7590467929840088,False,100
roman_empire,Sklearn_NeighHet_b500,0,4,GPRGNN,100,1000,995,1.2621240615844727,0.6465137004852295,1.2428616285324097,0.6659311652183533,False,100
roman_empire,Sklearn_NeighHet_b500,0,4,H2GCN,100,240,140,1.5727005004882812,0.5302295088768005,1.5923521518707275,0.5315533876419067,True,100
roman_empire,Sklearn_NeighHet_b500,0,4,GPRGNN,101,1000,994,1.2637251615524292,0.6434245109558105,1.2401719093322754,0.6604148149490356,False,100
roman_empire,Sklearn_NeighHet_b500,0,5,MLP,100,186,86,1.0175318717956543,0.667107880115509,1.0593695640563965,0.6533539295196533,True,100
roman_empire,Sklearn_NeighHet_b500,0,5,MLP,101,186,86,1.012281060218811,0.6686521172523499,1.0597935914993286,0.6564430594444275,True,100
roman_empire,Sklearn_NeighHet_b500,0,4,H2GCN,101,328,228,1.6114190816879272,0.5315533876419067,1.626400351524353,0.5330979824066162,True,100
roman_empire,Sklearn_NeighHet_b500,0,5,GCN,100,1000,973,1.6195428371429443,0.4716523289680481,1.606849193572998,0.47727271914482117,False,100
roman_empire,Sklearn_NeighHet_b500,0,5,GCN,101,1000,1000,1.6198729276657104,0.4718729257583618,1.6082942485809326,0.4759488105773926,False,100
roman_empire,Sklearn_NeighHet_b500,0,4,MixHop,100,903,803,0.6023322939872742,0.802074134349823,0.6121004819869995,0.7978817224502563,True,100
roman_empire,Sklearn_NeighHet_b500,0,4,MixHop,101,901,801,0.6031966805458069,0.8071491718292236,0.6107361316680908,0.7994263172149658,True,100
roman_empire,Sklearn_NeighHet_b500,0,5,GAT,100,1000,910,1.8370130062103271,0.42223691940307617,1.8396399021148682,0.407105028629303,False,100
roman_empire,Sklearn_NeighHet_b500,0,5,GAT,101,1000,918,1.8224761486053467,0.42356055974960327,1.8232213258743286,0.40975287556648254,False,100
roman_empire,Sklearn_NeighHet_b500,0,5,SAGE,101,743,643,0.7722014784812927,0.7511581778526306,0.7733973860740662,0.7522065043449402,True,100
roman_empire,Sklearn_NeighHet_b500,0,5,SAGE,100,879,779,0.7734270095825195,0.748069703578949,0.7755251526832581,0.748676061630249,True,100
roman_empire,Sklearn_NeighHet_b500,0,5,GPRGNN,101,681,581,1.2701183557510376,0.6428413987159729,1.2882145643234253,0.6328331828117371,True,100
roman_empire,Sklearn_NeighHet_b500,0,5,GPRGNN,100,918,818,1.2514283657073975,0.6490182876586914,1.2710458040237427,0.6387908458709717,True,100
roman_empire,Sklearn_NeighHet_b500,0,5,H2GCN,100,288,188,1.6097933053970337,0.5245974063873291,1.5576248168945312,0.5278022885322571,True,100
roman_empire,Sklearn_NeighHet_b500,0,5,H2GCN,101,353,253,1.6168755292892456,0.5239355564117432,1.5316441059112549,0.5306707620620728,True,100
roman_empire,Sklearn_NeighHet_b500,0,5,MixHop,100,1000,985,0.6017634868621826,0.7999117374420166,0.6068023443222046,0.8031774163246155,False,100
roman_empire,Sklearn_NeighHet_b500,0,5,MixHop,101,1000,932,0.6029157638549805,0.7981469035148621,0.611707329750061,0.8060458898544312,False,100
roman_empire,RandomKFold,1,1,MLP,101,192,92,1.0423922538757324,0.6578425168991089,1.0562437772750854,0.6494595408439636,True,100
roman_empire,RandomKFold,1,1,MLP,100,198,98,1.0410335063934326,0.6589455008506775,1.0562232732772827,0.6576218605041504,True,100
roman_empire,RandomKFold,1,1,GCN,101,1000,1000,1.6062610149383545,0.47606441378593445,1.6188281774520874,0.47738805413246155,False,100
roman_empire,RandomKFold,1,1,GCN,100,1000,994,1.6023911237716675,0.4754025936126709,1.616546630859375,0.4791528880596161,False,100
roman_empire,RandomKFold,1,1,GAT,100,1000,997,1.8228520154953003,0.4123097360134125,1.8360331058502197,0.40811824798583984,False,100
roman_empire,RandomKFold,1,1,GAT,101,1000,925,1.8190349340438843,0.4160600006580353,1.8330743312835693,0.40811824798583984,False,100
roman_empire,RandomKFold,1,1,SAGE,101,753,653,0.761759340763092,0.7613059878349304,0.7949966192245483,0.743657648563385,True,100
roman_empire,RandomKFold,1,1,SAGE,100,1000,967,0.7642520666122437,0.7604235410690308,0.8021146655082703,0.7385837435722351,False,100
roman_empire,RandomKFold,1,1,GPRGNN,100,1000,929,1.2501599788665771,0.6454886198043823,1.2698909044265747,0.6393117308616638,False,100
roman_empire,RandomKFold,1,1,H2GCN,100,227,127,1.556459903717041,0.5283476710319519,1.566340446472168,0.5252591967582703,True,100
roman_empire,RandomKFold,1,1,GPRGNN,101,1000,997,1.26212477684021,0.6435031890869141,1.281978964805603,0.6406353116035461,False,100
roman_empire,RandomKFold,1,2,MLP,100,195,95,1.0447273254394531,0.6606354713439941,1.0577764511108398,0.6551952362060547,True,100
roman_empire,RandomKFold,1,2,MLP,101,183,83,1.0409605503082275,0.6612974405288696,1.0539864301681519,0.6582837104797363,True,100
roman_empire,RandomKFold,1,1,H2GCN,101,334,234,1.5472261905670166,0.5325391292572021,1.5481029748916626,0.5323185324668884,True,100
roman_empire,RandomKFold,1,2,GCN,100,1000,990,1.617201566696167,0.46844661235809326,1.606208324432373,0.47959408164024353,False,100
roman_empire,RandomKFold,1,2,GCN,101,1000,957,1.6238244771957397,0.47374227643013,1.6127320528030396,0.4802559018135071,False,100
roman_empire,RandomKFold,1,1,MixHop,100,893,793,0.5998306274414062,0.7999117374420166,0.6277549266815186,0.7935142517089844,True,100
roman_empire,RandomKFold,1,2,GAT,100,623,523,1.8543905019760132,0.40225064754486084,1.836456537246704,0.4109860956668854,True,100
roman_empire,RandomKFold,1,1,MixHop,101,1000,989,0.5972450971603394,0.8018972277641296,0.6260934472084045,0.794617235660553,False,100
roman_empire,RandomKFold,1,2,GAT,101,979,879,1.836374044418335,0.4115180969238281,1.819047451019287,0.414074569940567,True,100
roman_empire,RandomKFold,1,2,SAGE,101,838,738,0.7729268670082092,0.7568402290344238,0.7603813409805298,0.7553496360778809,True,100
roman_empire,RandomKFold,1,2,SAGE,100,1000,908,0.7761181592941284,0.7515445947647095,0.7641229629516602,0.756673276424408,False,100
roman_empire,RandomKFold,1,2,GPRGNN,100,918,818,1.2737528085708618,0.64496910572052,1.2590458393096924,0.645709216594696,True,100
roman_empire,RandomKFold,1,2,GPRGNN,101,1000,944,1.2757375240325928,0.6456310749053955,1.2608380317687988,0.6417383551597595,False,100
roman_empire,RandomKFold,1,2,H2GCN,100,384,284,1.5542724132537842,0.5304501056671143,1.5963890552520752,0.5395985245704651,True,100
roman_empire,RandomKFold,1,3,MLP,100,193,93,1.009252667427063,0.6648278832435608,1.0490000247955322,0.6593115329742432,True,100
roman_empire,RandomKFold,1,3,MLP,101,187,87,1.005724310874939,0.6703442335128784,1.0452882051467896,0.6595321893692017,True,100
roman_empire,RandomKFold,1,2,H2GCN,101,336,236,1.5699580907821655,0.5249338150024414,1.5836249589920044,0.5349658131599426,True,100
roman_empire,RandomKFold,1,3,GCN,100,1000,992,1.5826942920684814,0.48786407709121704,1.6233813762664795,0.47021183371543884,False,100
roman_empire,RandomKFold,1,3,GCN,101,1000,987,1.5903689861297607,0.4852162301540375,1.628395915031433,0.47109442949295044,False,100
roman_empire,RandomKFold,1,2,MixHop,100,852,752,0.5996012091636658,0.8047219514846802,0.6060439944267273,0.7992499470710754,True,100
roman_empire,RandomKFold,1,3,SAGE,100,713,613,0.754936158657074,0.7555163502693176,0.7770453691482544,0.7561782598495483,True,100
roman_empire,RandomKFold,1,2,MixHop,101,1000,971,0.5982803106307983,0.8022947907447815,0.605918824672699,0.7983675003051758,False,100
roman_empire,RandomKFold,1,3,GAT,100,966,866,1.810943603515625,0.4238746762275696,1.851468801498413,0.40269196033477783,True,100
roman_empire,RandomKFold,1,3,GAT,101,987,887,1.8029063940048218,0.4289496839046478,1.838224172592163,0.4057811200618744,True,100
roman_empire,RandomKFold,1,3,SAGE,101,981,881,0.7481350898742676,0.7592674493789673,0.7765291929244995,0.7539717555046082,True,100
roman_empire,RandomKFold,1,3,GPRGNN,100,1000,902,1.2378522157669067,0.6548985242843628,1.2779499292373657,0.6456310749053955,False,100
roman_empire,RandomKFold,1,3,H2GCN,100,298,198,1.5379366874694824,0.5308914184570312,1.5653092861175537,0.5286849141120911,True,100
roman_empire,RandomKFold,1,3,H2GCN,101,278,178,1.5476200580596924,0.5333186388015747,1.5774855613708496,0.5253751277923584,True,100
roman_empire,RandomKFold,1,4,MLP,100,203,103,1.0111805200576782,0.668358325958252,0.9933888912200928,0.6685789823532104,True,100
roman_empire,RandomKFold,1,4,MLP,101,196,96,1.0122638940811157,0.6672551035881042,1.0014692544937134,0.6659311652183533,True,100
roman_empire,RandomKFold,1,3,GPRGNN,101,960,860,1.2365792989730835,0.6520299911499023,1.2780433893203735,0.6438658237457275,True,100
roman_empire,RandomKFold,1,4,GCN,100,1000,998,1.6055874824523926,0.4752868413925171,1.5868091583251953,0.4841129779815674,False,100
roman_empire,RandomKFold,1,4,GCN,101,1000,957,1.6066066026687622,0.474624902009964,1.5880247354507446,0.48676082491874695,False,100
roman_empire,RandomKFold,1,3,MixHop,100,903,803,0.5857235193252563,0.8089143633842468,0.6022902727127075,0.8027361035346985,True,100
roman_empire,RandomKFold,1,3,MixHop,101,1000,941,0.5835213661193848,0.8075904846191406,0.5998358130455017,0.8053839206695557,False,100
roman_empire,RandomKFold,1,4,GAT,100,1000,989,1.8229732513427734,0.4243159890174866,1.8049708604812622,0.4390997290611267,False,100
roman_empire,RandomKFold,1,4,GAT,101,1000,1000,1.8226101398468018,0.4205648601055145,1.8022871017456055,0.4327007830142975,False,100
roman_empire,RandomKFold,1,4,SAGE,100,952,852,0.7487500905990601,0.761253297328949,0.7513459920883179,0.7579435110092163,True,100
roman_empire,RandomKFold,1,4,SAGE,101,1000,964,0.7483119368553162,0.761694610118866,0.7482889890670776,0.7568402290344238,False,100
roman_empire,RandomKFold,1,4,GPRGNN,100,756,656,1.2564444541931152,0.6524713039398193,1.2535580396652222,0.6487202048301697,True,100
roman_empire,RandomKFold,1,4,H2GCN,100,303,203,1.5701253414154053,0.5377317070960999,1.5435280799865723,0.5306707620620728,True,100
roman_empire,RandomKFold,1,4,GPRGNN,101,682,582,1.261688232421875,0.6491615176200867,1.2582714557647705,0.6504854559898376,True,100
roman_empire,RandomKFold,1,5,MLP,100,182,82,1.0639225244522095,0.6525479555130005,1.016797661781311,0.6630626916885376,True,100
roman_empire,RandomKFold,1,5,MLP,101,179,79,1.0626648664474487,0.645709216594696,1.0165411233901978,0.6721094250679016,True,100
roman_empire,RandomKFold,1,4,H2GCN,101,318,218,1.565265417098999,0.5317740440368652,1.5401322841644287,0.5355251431465149,True,100
roman_empire,RandomKFold,1,5,GCN,100,1000,994,1.6201108694076538,0.4754025936126709,1.604339838027954,0.47705206274986267,False,100
roman_empire,RandomKFold,1,5,GCN,101,1000,1000,1.620553970336914,0.46834325790405273,1.602889060974121,0.4719770550727844,False,100
roman_empire,RandomKFold,1,5,GAT,100,714,614,1.8484222888946533,0.4116479158401489,1.8331286907196045,0.41129744052886963,True,100
roman_empire,RandomKFold,1,5,GAT,101,772,672,1.8361865282058716,0.4213545024394989,1.820077657699585,0.41615182161331177,True,100
roman_empire,RandomKFold,1,4,MixHop,101,964,864,0.5860940217971802,0.8071491718292236,0.5799939632415771,0.8080317974090576,True,100
roman_empire,RandomKFold,1,4,MixHop,100,987,887,0.585265576839447,0.7994263172149658,0.5825091600418091,0.8073698282241821,True,100
roman_empire,RandomKFold,1,5,SAGE,101,731,631,0.8010376691818237,0.7348334193229675,0.7597366571426392,0.7563989162445068,True,100
roman_empire,RandomKFold,1,5,SAGE,100,880,780,0.8003700971603394,0.7346128225326538,0.7554291486740112,0.7559576630592346,True,100
roman_empire,RandomKFold,1,5,GPRGNN,100,704,604,1.2914409637451172,0.6390911340713501,1.2525047063827515,0.658870279788971,True,100
roman_empire,RandomKFold,1,5,H2GCN,100,305,205,1.5562375783920288,0.5298919081687927,1.5756934881210327,0.5328773260116577,True,100
roman_empire,RandomKFold,1,5,GPRGNN,101,999,899,1.2805991172790527,0.6368850469589233,1.2435226440429688,0.6610767841339111,True,100
roman_empire,RandomKFold,1,5,H2GCN,101,266,166,1.566330909729004,0.5287888646125793,1.5797412395477295,0.5297881960868835,True,100
roman_empire,RandomKFold,1,5,MixHop,100,1000,904,0.6301594972610474,0.7926318049430847,0.5949636697769165,0.801632821559906,False,100
roman_empire,RandomKFold,1,5,MixHop,101,1000,955,0.6275532841682434,0.7917494177818298,0.5980836153030396,0.80251544713974,False,100
roman_empire,LabelStratifiedKFold,1,1,MLP,101,183,83,1.0398067235946655,0.6567394733428955,1.0179108381271362,0.6644605994224548,True,100
roman_empire,LabelStratifiedKFold,1,1,MLP,100,188,88,1.0343281030654907,0.6622545719146729,1.02280855178833,0.6604897379875183,True,100
roman_empire,LabelStratifiedKFold,1,1,GCN,100,1000,994,1.6109848022460938,0.47253474593162537,1.5968633890151978,0.4820207357406616,False,100
roman_empire,LabelStratifiedKFold,1,1,GCN,101,1000,1000,1.614403247833252,0.4656960070133209,1.598836064338684,0.47959408164024353,False,100
roman_empire,LabelStratifiedKFold,1,1,GAT,101,973,873,1.8334815502166748,0.41341274976730347,1.8262327909469604,0.4165012240409851,True,100
roman_empire,LabelStratifiedKFold,1,1,GAT,100,1000,943,1.8248217105865479,0.41694241762161255,1.818738341331482,0.4200308918952942,False,100
roman_empire,LabelStratifiedKFold,1,1,SAGE,101,693,593,0.7838318347930908,0.7474079132080078,0.7548356056213379,0.7573351263999939,True,100
roman_empire,LabelStratifiedKFold,1,1,SAGE,100,726,626,0.7867345809936523,0.7438782453536987,0.7614943981170654,0.7511581778526306,True,100
roman_empire,LabelStratifiedKFold,1,1,GPRGNN,100,1000,965,1.2565124034881592,0.6443856358528137,1.2536252737045288,0.6512243747711182,False,100
roman_empire,LabelStratifiedKFold,1,1,GPRGNN,101,1000,922,1.2598949670791626,0.6446062326431274,1.2561546564102173,0.6465916633605957,False,100
roman_empire,LabelStratifiedKFold,1,1,H2GCN,101,237,137,1.5754810571670532,0.5248180031776428,1.5460147857666016,0.5307742953300476,True,100
roman_empire,LabelStratifiedKFold,1,1,H2GCN,100,267,167,1.5659979581832886,0.5230531692504883,1.5385440587997437,0.5358482003211975,True,100
roman_empire,LabelStratifiedKFold,1,2,MLP,100,183,83,1.0180312395095825,0.6650485396385193,1.026885747909546,0.6576218605041504,True,100
roman_empire,LabelStratifiedKFold,1,2,MLP,101,186,86,1.017533779144287,0.6657105088233948,1.0313231945037842,0.6576218605041504,True,100
roman_empire,LabelStratifiedKFold,1,2,GCN,100,1000,994,1.596207618713379,0.48609885573387146,1.6106220483779907,0.48003530502319336,False,100
roman_empire,LabelStratifiedKFold,1,2,GCN,101,1000,988,1.6001105308532715,0.48477494716644287,1.616481900215149,0.4729759395122528,False,100
roman_empire,LabelStratifiedKFold,1,2,GAT,100,714,614,1.8294810056686401,0.42652249336242676,1.8338452577590942,0.41804543137550354,True,100
roman_empire,LabelStratifiedKFold,1,1,MixHop,100,902,802,0.6084267497062683,0.7963820695877075,0.590499222278595,0.8063092827796936,True,100
roman_empire,LabelStratifiedKFold,1,2,GAT,101,1000,997,1.8182697296142578,0.41857898235321045,1.8206738233566284,0.41848665475845337,False,100
roman_empire,LabelStratifiedKFold,1,1,MixHop,101,1000,952,0.6030301451683044,0.7948378324508667,0.5842986702919006,0.811824381351471,False,100
roman_empire,LabelStratifiedKFold,1,2,SAGE,100,854,754,0.7627875804901123,0.7572815418243408,0.7803852558135986,0.7465254664421082,True,100
roman_empire,LabelStratifiedKFold,1,2,SAGE,101,1000,986,0.7600452899932861,0.7563989162445068,0.7759247422218323,0.7515993714332581,False,100
roman_empire,LabelStratifiedKFold,1,2,GPRGNN,101,801,701,1.2636187076568604,0.643203854560852,1.2678626775741577,0.6384292840957642,True,100
roman_empire,LabelStratifiedKFold,1,2,GPRGNN,100,1000,976,1.2541636228561401,0.64496910572052,1.2587435245513916,0.6371056437492371,False,100
roman_empire,LabelStratifiedKFold,1,2,H2GCN,101,312,212,1.554159164428711,0.5372903943061829,1.616623878479004,0.5287888646125793,True,100
roman_empire,LabelStratifiedKFold,1,2,H2GCN,100,421,321,1.5715888738632202,0.5335392951965332,1.5877457857131958,0.5332009792327881,True,100
roman_empire,LabelStratifiedKFold,1,3,MLP,100,203,103,1.0467698574066162,0.6533539295196533,1.0221165418624878,0.6648278832435608,True,100
roman_empire,LabelStratifiedKFold,1,3,MLP,101,186,86,1.0418328046798706,0.6533539295196533,1.0187177658081055,0.6661518216133118,True,100
roman_empire,LabelStratifiedKFold,1,2,MixHop,101,713,613,0.6052213311195374,0.7974404096603394,0.6154383420944214,0.7948378324508667,True,100
roman_empire,LabelStratifiedKFold,1,3,GCN,100,1000,993,1.6114325523376465,0.4730803072452545,1.6001474857330322,0.48477494716644287,False,100
roman_empire,LabelStratifiedKFold,1,3,GCN,101,1000,957,1.6127891540527344,0.4757281541824341,1.601293683052063,0.48698145151138306,False,100
roman_empire,LabelStratifiedKFold,1,3,GAT,100,714,614,1.8380274772644043,0.4130626618862152,1.8347536325454712,0.41747573018074036,True,100
roman_empire,LabelStratifiedKFold,1,3,SAGE,100,687,587,0.7698259353637695,0.7511032819747925,0.7699684500694275,0.7528684735298157,True,100
roman_empire,LabelStratifiedKFold,1,2,MixHop,100,1000,924,0.5981468558311462,0.8071491718292236,0.6081076264381409,0.7966026663780212,False,100
roman_empire,LabelStratifiedKFold,1,3,GAT,101,1000,998,1.8220858573913574,0.40842893719673157,1.818547248840332,0.4247572720050812,False,100
roman_empire,LabelStratifiedKFold,1,3,SAGE,101,878,778,0.766040027141571,0.751765251159668,0.7626461982727051,0.7566195726394653,True,100
roman_empire,LabelStratifiedKFold,1,3,GPRGNN,100,677,577,1.2794994115829468,0.6390115022659302,1.2699313163757324,0.6409973502159119,True,100
roman_empire,LabelStratifiedKFold,1,3,H2GCN,100,477,377,1.5331302881240845,0.5346425175666809,1.6438645124435425,0.539496898651123,True,100
roman_empire,LabelStratifiedKFold,1,3,H2GCN,101,327,227,1.5316649675369263,0.5355251431465149,1.7349797487258911,0.5368490815162659,True,100
roman_empire,LabelStratifiedKFold,1,4,MLP,100,193,93,1.0336881875991821,0.6663724780082703,1.0478034019470215,0.6548985242843628,True,100
roman_empire,LabelStratifiedKFold,1,4,MLP,101,194,94,1.0308176279067993,0.6626213788986206,1.045906662940979,0.6511474251747131,True,100
roman_empire,LabelStratifiedKFold,1,3,GPRGNN,101,1000,908,1.2649211883544922,0.6412180066108704,1.2556039094924927,0.6511474251747131,False,100
roman_empire,LabelStratifiedKFold,1,4,GCN,100,1000,993,1.6164343357086182,0.47837600111961365,1.6096136569976807,0.47109442949295044,False,100
roman_empire,LabelStratifiedKFold,1,4,GCN,101,1000,987,1.617759108543396,0.47374227643013,1.6121025085449219,0.47021183371543884,False,100
roman_empire,LabelStratifiedKFold,1,4,GAT,100,714,614,1.8358741998672485,0.4132833182811737,1.8373191356658936,0.40754634141921997,True,100
roman_empire,LabelStratifiedKFold,1,4,GAT,101,772,672,1.8317073583602905,0.4124006927013397,1.8333925008773804,0.4062224328517914,True,100
roman_empire,LabelStratifiedKFold,1,3,MixHop,100,1000,992,0.5954910516738892,0.8003089427947998,0.5948718786239624,0.8067078590393066,False,100
roman_empire,LabelStratifiedKFold,1,3,MixHop,101,1000,988,0.596481204032898,0.8005295395851135,0.5954488515853882,0.8018534779548645,False,100
roman_empire,LabelStratifiedKFold,1,4,SAGE,100,783,683,0.7747982144355774,0.7561782598495483,0.7744313478469849,0.7522065043449402,True,100
roman_empire,LabelStratifiedKFold,1,4,SAGE,101,703,603,0.7760528922080994,0.7579435110092163,0.7749977707862854,0.748234748840332,True,100
roman_empire,LabelStratifiedKFold,1,4,GPRGNN,100,919,819,1.2473505735397339,0.6418799757957458,1.2576377391815186,0.6423212885856628,True,100
roman_empire,LabelStratifiedKFold,1,4,H2GCN,100,244,144,1.5576751232147217,0.5297881960868835,1.5602285861968994,0.530008852481842,True,100
roman_empire,LabelStratifiedKFold,1,4,GPRGNN,101,1000,909,1.250461220741272,0.6423212885856628,1.2603795528411865,0.6418799757957458,False,100
roman_empire,LabelStratifiedKFold,1,5,MLP,100,210,110,1.0199637413024902,0.6644605994224548,1.0308237075805664,0.6604148149490356,True,100
roman_empire,LabelStratifiedKFold,1,5,MLP,101,215,115,1.010484218597412,0.6578425168991089,1.0363110303878784,0.6639452576637268,True,100
roman_empire,LabelStratifiedKFold,1,4,H2GCN,101,291,191,1.531489372253418,0.5330979824066162,1.5318577289581299,0.5337599515914917,True,100
roman_empire,LabelStratifiedKFold,1,4,MixHop,100,587,487,0.6156938076019287,0.7934686541557312,0.6147074699401855,0.7932479977607727,True,100
roman_empire,LabelStratifiedKFold,1,5,GCN,100,1000,993,1.5965077877044678,0.4820207357406616,1.6135706901550293,0.474624902009964,False,100
roman_empire,LabelStratifiedKFold,1,5,GCN,101,1000,956,1.5970618724822998,0.48135891556739807,1.6140021085739136,0.46999117732048035,False,100
roman_empire,LabelStratifiedKFold,1,5,GAT,100,1000,903,1.8132150173187256,0.41958966851234436,1.8187371492385864,0.41924095153808594,False,100
roman_empire,LabelStratifiedKFold,1,5,GAT,101,909,809,1.8193538188934326,0.415177583694458,1.8234118223190308,0.4154898524284363,True,100
roman_empire,LabelStratifiedKFold,1,5,SAGE,100,990,890,0.7528060078620911,0.754467248916626,0.7721585631370544,0.7530891299247742,True,100
roman_empire,LabelStratifiedKFold,1,4,MixHop,101,1000,982,0.601243793964386,0.802074134349823,0.6003574132919312,0.7989850044250488,False,100
roman_empire,LabelStratifiedKFold,1,5,SAGE,101,965,865,0.748123824596405,0.756673276424408,0.7708604335784912,0.75,True,100
roman_empire,LabelStratifiedKFold,1,5,GPRGNN,100,920,820,1.2511584758758545,0.652106761932373,1.2502092123031616,0.64496910572052,True,100
roman_empire,LabelStratifiedKFold,1,5,H2GCN,100,380,280,1.5703665018081665,0.5413633584976196,1.643445372581482,0.5344218611717224,True,100
roman_empire,LabelStratifiedKFold,1,5,GPRGNN,101,1000,937,1.257721185684204,0.645709216594696,1.2570403814315796,0.643203854560852,False,100
roman_empire,LabelStratifiedKFold,1,5,H2GCN,101,308,208,1.550553321838379,0.534083366394043,1.5793075561523438,0.5317740440368652,True,100
roman_empire,LabelStratifiedKFold,1,5,MixHop,100,764,664,0.5902826189994812,0.8001323342323303,0.610226035118103,0.7958958745002747,True,100
roman_empire,LabelStratifiedKFold,1,5,MixHop,101,877,777,0.5884842872619629,0.8087359070777893,0.6065661907196045,0.7967784404754639,True,100
roman_empire,Sklearn_NeighHet_b450,1,1,MLP,100,203,103,1.019333839416504,0.6631370186805725,1.019794225692749,0.6600485444068909,True,100
roman_empire,Sklearn_NeighHet_b450,1,1,MLP,101,201,101,1.0165159702301025,0.6651224493980408,1.0252330303192139,0.6635782122612,True,100
roman_empire,Sklearn_NeighHet_b450,1,1,GCN,100,1000,981,1.618348479270935,0.4590778648853302,1.6017831563949585,0.4844473898410797,False,100
roman_empire,Sklearn_NeighHet_b450,1,1,GCN,101,1000,961,1.6197234392166138,0.46106332540512085,1.6033746004104614,0.48510921001434326,False,100
roman_empire,Sklearn_NeighHet_b450,1,1,GAT,101,780,680,1.836039423942566,0.39664679765701294,1.8267464637756348,0.42311933636665344,True,100
roman_empire,Sklearn_NeighHet_b450,1,1,GAT,100,1000,932,1.8293055295944214,0.4023825228214264,1.8241277933120728,0.4292962849140167,False,100
roman_empire,Sklearn_NeighHet_b450,1,1,SAGE,100,760,660,0.7733885645866394,0.7500551342964172,0.7839977741241455,0.7476285099983215,True,100
roman_empire,Sklearn_NeighHet_b450,1,1,SAGE,101,959,859,0.76567143201828,0.752261221408844,0.7747145891189575,0.7551290392875671,True,100
roman_empire,Sklearn_NeighHet_b450,1,1,GPRGNN,100,832,732,1.2699145078659058,0.6454886198043823,1.2619271278381348,0.6437237858772278,True,100
roman_empire,Sklearn_NeighHet_b450,1,1,H2GCN,100,378,278,1.622331976890564,0.5356276035308838,1.6073625087738037,0.5248180031776428,True,100
roman_empire,Sklearn_NeighHet_b450,1,1,GPRGNN,101,979,879,1.2689248323440552,0.6529892086982727,1.260435700416565,0.6534304022789001,True,100
roman_empire,Sklearn_NeighHet_b450,1,2,MLP,100,177,77,1.0220154523849487,0.6586496233940125,1.0315337181091309,0.6611515283584595,True,100
roman_empire,Sklearn_NeighHet_b450,1,2,MLP,101,199,99,1.028512954711914,0.6489408612251282,1.0300211906433105,0.6609309315681458,True,100
roman_empire,Sklearn_NeighHet_b450,1,1,H2GCN,101,292,192,1.576216697692871,0.5312155485153198,1.572845220565796,0.527465283870697,True,100
roman_empire,Sklearn_NeighHet_b450,1,2,GCN,100,1000,985,1.5846881866455078,0.4929391145706177,1.6223684549331665,0.4626075327396393,False,100
roman_empire,Sklearn_NeighHet_b450,1,2,GCN,101,1000,988,1.5854958295822144,0.4922771453857422,1.6256731748580933,0.4588572680950165,False,100
roman_empire,Sklearn_NeighHet_b450,1,1,MixHop,100,912,812,0.608051598072052,0.7952790856361389,0.6095228791236877,0.794617235660553,True,100
roman_empire,Sklearn_NeighHet_b450,1,2,GAT,100,773,673,1.8148736953735352,0.432480126619339,1.8439301252365112,0.3959850072860718,True,100
roman_empire,Sklearn_NeighHet_b450,1,1,MixHop,101,915,815,0.6056222915649414,0.7994705438613892,0.6089830994606018,0.7939554452896118,True,100
roman_empire,Sklearn_NeighHet_b450,1,2,GAT,101,988,888,1.8063139915466309,0.42608121037483215,1.8361839056015015,0.3997352719306946,True,100
roman_empire,Sklearn_NeighHet_b450,1,2,SAGE,100,672,572,0.7669753432273865,0.7539717555046082,0.780888557434082,0.7531436085700989,True,100
roman_empire,Sklearn_NeighHet_b450,1,2,SAGE,101,951,851,0.7591310143470764,0.7548543810844421,0.7715011239051819,0.7584381103515625,True,100
roman_empire,Sklearn_NeighHet_b450,1,2,GPRGNN,100,1000,901,1.244218111038208,0.645410418510437,1.2623052597045898,0.6510037779808044,False,100
roman_empire,Sklearn_NeighHet_b450,1,2,H2GCN,100,323,223,1.5887279510498047,0.5302295088768005,1.5800511837005615,0.5241562128067017,True,100
roman_empire,Sklearn_NeighHet_b450,1,2,GPRGNN,101,1000,923,1.2429404258728027,0.6409973502159119,1.2641956806182861,0.6470328569412231,False,100
roman_empire,Sklearn_NeighHet_b450,1,3,MLP,100,204,104,1.045128583908081,0.6560017466545105,1.01920485496521,0.656222403049469,True,100
roman_empire,Sklearn_NeighHet_b450,1,3,MLP,101,194,94,1.0433088541030884,0.6601941585540771,1.028207540512085,0.6555604338645935,True,100
roman_empire,Sklearn_NeighHet_b450,1,2,H2GCN,101,360,260,1.5493863821029663,0.5355251431465149,1.572969675064087,0.5276858806610107,True,100
roman_empire,Sklearn_NeighHet_b450,1,2,MixHop,100,707,607,0.5918063521385193,0.8022947907447815,0.6175104379653931,0.7937348484992981,True,100
roman_empire,Sklearn_NeighHet_b450,1,3,GCN,100,1000,994,1.6268200874328613,0.4651367962360382,1.5818978548049927,0.49735215306282043,False,100
roman_empire,Sklearn_NeighHet_b450,1,3,GCN,101,1000,957,1.6320198774337769,0.46094438433647156,1.5884392261505127,0.49404236674308777,False,100
roman_empire,Sklearn_NeighHet_b450,1,3,GAT,100,611,511,1.858538031578064,0.39960283041000366,1.8184397220611572,0.4245366156101227,True,100
roman_empire,Sklearn_NeighHet_b450,1,2,MixHop,101,844,744,0.5879588723182678,0.8053839206695557,0.6130983233451843,0.798808753490448,True,100
roman_empire,Sklearn_NeighHet_b450,1,3,SAGE,100,815,715,0.7722928524017334,0.7480140924453735,0.7603772282600403,0.751323938369751,True,100
roman_empire,Sklearn_NeighHet_b450,1,3,GAT,101,1000,996,1.842961072921753,0.3989408612251282,1.8006947040557861,0.4320388436317444,False,100
roman_empire,Sklearn_NeighHet_b450,1,3,SAGE,101,1000,978,0.7694545388221741,0.748234748840332,0.7608593106269836,0.7544130682945251,False,100
roman_empire,Sklearn_NeighHet_b450,1,3,GPRGNN,100,918,818,1.2688789367675781,0.634598433971405,1.2399364709854126,0.6394527554512024,True,100
roman_empire,Sklearn_NeighHet_b450,1,3,H2GCN,100,411,311,1.541212558746338,0.5333186388015747,1.580704927444458,0.5326566696166992,True,100
roman_empire,Sklearn_NeighHet_b450,1,3,H2GCN,101,352,252,1.5475603342056274,0.5401588678359985,1.5534884929656982,0.5293468832969666,True,100
roman_empire,Sklearn_NeighHet_b450,1,3,GPRGNN,101,1000,922,1.2685253620147705,0.6361429691314697,1.2393544912338257,0.6376875638961792,False,100
roman_empire,Sklearn_NeighHet_b450,1,4,MLP,100,180,80,1.0116666555404663,0.6650485396385193,1.0510830879211426,0.6520299911499023,True,100
roman_empire,Sklearn_NeighHet_b450,1,4,MLP,101,193,93,1.008517861366272,0.6637246012687683,1.053460955619812,0.657105028629303,True,100
roman_empire,Sklearn_NeighHet_b450,1,4,GCN,100,1000,993,1.591215968132019,0.47771403193473816,1.6274785995483398,0.459179162979126,False,100
roman_empire,Sklearn_NeighHet_b450,1,4,GCN,101,1000,993,1.5946927070617676,0.47793468832969666,1.6341288089752197,0.4571932852268219,False,100
roman_empire,Sklearn_NeighHet_b450,1,3,MixHop,100,1000,1000,0.5988374948501587,0.800750195980072,0.5865055918693542,0.802956759929657,False,100
roman_empire,Sklearn_NeighHet_b450,1,4,GAT,101,771,671,1.8267356157302856,0.421668142080307,1.8603692054748535,0.3982788920402527,True,100
roman_empire,Sklearn_NeighHet_b450,1,4,GAT,100,819,719,1.8248050212860107,0.41703441739082336,1.8580864667892456,0.3960723876953125,True,100
roman_empire,Sklearn_NeighHet_b450,1,3,MixHop,101,931,831,0.5965880751609802,0.8005295395851135,0.5845085978507996,0.8097969889640808,True,100
roman_empire,Sklearn_NeighHet_b450,1,4,SAGE,100,745,645,0.7527554631233215,0.7630185484886169,0.7739476561546326,0.7488967180252075,True,100
roman_empire,Sklearn_NeighHet_b450,1,4,SAGE,101,1000,983,0.7490963339805603,0.7643424272537231,0.7695103287696838,0.7515445947647095,False,100
roman_empire,Sklearn_NeighHet_b450,1,4,GPRGNN,100,796,696,1.248996615409851,0.6542365550994873,1.2790532112121582,0.6299647092819214,True,100
roman_empire,Sklearn_NeighHet_b450,1,4,H2GCN,100,265,165,1.5522449016571045,0.5366284251213074,1.5630669593811035,0.5386142730712891,True,100
roman_empire,Sklearn_NeighHet_b450,1,4,H2GCN,101,321,221,1.5427063703536987,0.5350838303565979,1.5697929859161377,0.5377317070960999,True,100
roman_empire,Sklearn_NeighHet_b450,1,5,MLP,100,199,99,1.0239405632019043,0.6593866944313049,1.0119425058364868,0.6672551035881042,True,100
roman_empire,Sklearn_NeighHet_b450,1,4,GPRGNN,101,1000,997,1.2447906732559204,0.6551191806793213,1.2737317085266113,0.6288614273071289,False,100
roman_empire,Sklearn_NeighHet_b450,1,5,MLP,101,204,104,1.0246564149856567,0.6576218605041504,1.0026746988296509,0.668358325958252,True,100
roman_empire,Sklearn_NeighHet_b450,1,5,GCN,100,1000,993,1.606189250946045,0.4844473898410797,1.5918892621994019,0.4841129779815674,False,100
roman_empire,Sklearn_NeighHet_b450,1,5,GCN,101,1000,987,1.6116247177124023,0.4806970953941345,1.5974922180175781,0.4805825352668762,False,100
roman_empire,Sklearn_NeighHet_b450,1,4,MixHop,100,903,803,0.5878434181213379,0.8027361035346985,0.6016279458999634,0.7963371872901917,True,100
roman_empire,Sklearn_NeighHet_b450,1,4,MixHop,101,911,811,0.5865819454193115,0.8040600419044495,0.5991154313087463,0.7956752181053162,True,100
roman_empire,Sklearn_NeighHet_b450,1,5,GAT,100,795,695,1.8403794765472412,0.4211339056491852,1.827529788017273,0.41924095153808594,True,100
roman_empire,Sklearn_NeighHet_b450,1,5,GAT,101,1000,999,1.8203284740447998,0.4251047968864441,1.8083949089050293,0.4205648601055145,False,100
roman_empire,Sklearn_NeighHet_b450,1,5,SAGE,100,685,585,0.7840045094490051,0.7454224824905396,0.7551053166389465,0.7566195726394653,True,100
roman_empire,Sklearn_NeighHet_b450,1,5,SAGE,101,1000,986,0.7765644192695618,0.7507169842720032,0.7456931471824646,0.7581641674041748,False,100
roman_empire,Sklearn_NeighHet_b450,1,5,GPRGNN,100,1000,961,1.2588081359863281,0.6437237858772278,1.2440192699432373,0.6564430594444275,False,100
roman_empire,Sklearn_NeighHet_b450,1,5,H2GCN,100,359,259,1.5549674034118652,0.5334215760231018,1.5359382629394531,0.5359664559364319,True,100
roman_empire,Sklearn_NeighHet_b450,1,5,GPRGNN,101,1000,909,1.2590340375900269,0.6474740505218506,1.245745062828064,0.655781090259552,False,100
roman_empire,Sklearn_NeighHet_b450,1,5,H2GCN,101,636,536,1.5425251722335815,0.5367306470870972,1.536141037940979,0.5386142730712891,True,100
roman_empire,Sklearn_NeighHet_b450,1,5,MixHop,101,898,798,0.6077471375465393,0.7952790856361389,0.5830662250518799,0.8115622401237488,True,100
roman_empire,Sklearn_NeighHet_b450,1,5,MixHop,100,1000,935,0.6059423685073853,0.7952790856361389,0.5879756212234497,0.8049426078796387,False,100
roman_empire,RandomKFold,2,1,MLP,101,192,92,1.0343447923660278,0.6540921926498413,1.0340811014175415,0.6560776233673096,True,100
roman_empire,RandomKFold,2,1,MLP,100,205,105,1.0377686023712158,0.6578425168991089,1.0292236804962158,0.6602691411972046,True,100
roman_empire,RandomKFold,2,1,GCN,101,993,893,1.6067237854003906,0.4793734848499298,1.6118674278259277,0.47760865092277527,True,100
roman_empire,RandomKFold,2,1,GCN,100,1000,946,1.6022584438323975,0.4780498445034027,1.6079466342926025,0.47606441378593445,False,100
roman_empire,RandomKFold,2,1,GAT,101,817,717,1.835289478302002,0.4103242754936218,1.8229681253433228,0.41054490208625793,True,100
roman_empire,RandomKFold,2,1,GAT,100,824,724,1.830169677734375,0.41208910942077637,1.816227912902832,0.414074569940567,True,100
roman_empire,RandomKFold,2,1,SAGE,101,922,822,0.7699244022369385,0.7527024149894714,0.7579315304756165,0.7491727471351624,True,100
roman_empire,RandomKFold,2,1,SAGE,100,971,871,0.7741063237190247,0.7471873164176941,0.76038658618927,0.7520405650138855,True,100
roman_empire,RandomKFold,2,1,GPRGNN,100,619,519,1.2848963737487793,0.642179548740387,1.2660865783691406,0.6430619955062866,True,100
roman_empire,RandomKFold,2,1,H2GCN,100,401,301,1.5786362886428833,0.5371718406677246,1.5872933864593506,0.5378336906433105,True,100
roman_empire,RandomKFold,2,1,GPRGNN,101,982,882,1.2683043479919434,0.6362232565879822,1.248525857925415,0.6465916633605957,True,100
roman_empire,RandomKFold,2,2,MLP,100,201,101,1.0453441143035889,0.6544572114944458,1.0353305339813232,0.662916362285614,True,100
roman_empire,RandomKFold,2,1,H2GCN,101,240,140,1.5988109111785889,0.5323185324668884,1.6422535181045532,0.5380542874336243,True,100
roman_empire,RandomKFold,2,2,MLP,101,196,96,1.0463451147079468,0.6489408612251282,1.0328975915908813,0.6593866944313049,True,100
roman_empire,RandomKFold,2,2,GCN,100,1000,964,1.6148978471755981,0.47131508588790894,1.6054235696792603,0.47849106788635254,False,100
roman_empire,RandomKFold,2,2,GCN,101,1000,962,1.6167654991149902,0.4664607346057892,1.6072745323181152,0.47452017664909363,False,100
roman_empire,RandomKFold,2,1,MixHop,101,841,741,0.5998216867446899,0.7981469035148621,0.5915305614471436,0.7961614727973938,True,100
roman_empire,RandomKFold,2,2,GAT,100,639,539,1.854995608329773,0.407105028629303,1.8459312915802002,0.4052504003047943,True,100
roman_empire,RandomKFold,2,2,GAT,101,973,873,1.8391895294189453,0.41019418835639954,1.826925277709961,0.41208910942077637,True,100
roman_empire,RandomKFold,2,1,MixHop,100,1000,946,0.5981818437576294,0.7968233227729797,0.5882341861724854,0.7970439195632935,False,100
roman_empire,RandomKFold,2,2,SAGE,100,761,661,0.782715916633606,0.7466902136802673,0.7726935148239136,0.7498345375061035,True,100
roman_empire,RandomKFold,2,2,SAGE,101,736,636,0.7807781100273132,0.7506619691848755,0.7703768610954285,0.7507169842720032,True,100
roman_empire,RandomKFold,2,2,GPRGNN,100,919,819,1.2747689485549927,0.6368049383163452,1.261057734489441,0.6490182876586914,True,100
roman_empire,RandomKFold,2,2,H2GCN,100,297,197,1.5808892250061035,0.5311120748519897,1.5791479349136353,0.5294507145881653,True,100
roman_empire,RandomKFold,2,2,GPRGNN,101,1000,909,1.2770671844482422,0.6293027400970459,1.2679356336593628,0.639973521232605,False,100
roman_empire,RandomKFold,2,3,MLP,100,200,100,1.0072165727615356,0.6727713942527771,1.048845648765564,0.656222403049469,True,100
roman_empire,RandomKFold,2,3,MLP,101,180,80,1.0063388347625732,0.6729920506477356,1.0457546710968018,0.6496028304100037,True,100
roman_empire,RandomKFold,2,2,H2GCN,101,404,304,1.5700279474258423,0.5375110507011414,1.5710405111312866,0.534083366394043,True,100
roman_empire,RandomKFold,2,3,GCN,100,1000,993,1.591712474822998,0.4843336343765259,1.6103734970092773,0.47065314650535583,False,100
roman_empire,RandomKFold,2,3,GCN,101,1000,957,1.5967881679534912,0.4838923215866089,1.6137921810150146,0.4750661849975586,False,100
roman_empire,RandomKFold,2,3,GAT,100,714,614,1.823623776435852,0.4137246310710907,1.8504546880722046,0.407105028629303,True,100
roman_empire,RandomKFold,2,2,MixHop,100,841,741,0.6190497875213623,0.7868490815162659,0.6022751331329346,0.7970439195632935,True,100
roman_empire,RandomKFold,2,3,GAT,101,852,752,1.805564284324646,0.4199029207229614,1.833986520767212,0.41019418835639954,True,100
roman_empire,RandomKFold,2,2,MixHop,101,1000,952,0.6144511103630066,0.7950132489204407,0.5984963774681091,0.7996911406517029,False,100
roman_empire,RandomKFold,2,3,SAGE,100,760,660,0.7555814981460571,0.7597087621688843,0.7734888792037964,0.7533097863197327,True,100
roman_empire,RandomKFold,2,3,SAGE,101,730,630,0.7571347951889038,0.7619152665138245,0.7775816917419434,0.7466902136802673,True,100
roman_empire,RandomKFold,2,3,GPRGNN,101,683,583,1.252764105796814,0.6551191806793213,1.2958911657333374,0.6312885880470276,True,100
roman_empire,RandomKFold,2,3,GPRGNN,100,920,820,1.2308462858200073,0.6593115329742432,1.2759032249450684,0.6308473348617554,True,100
roman_empire,RandomKFold,2,3,H2GCN,100,295,195,1.54912269115448,0.5364077687263489,1.5718361139297485,0.5366284251213074,True,100
roman_empire,RandomKFold,2,4,MLP,100,206,106,1.0357239246368408,0.6619594097137451,1.0013048648834229,0.6696822643280029,True,100
roman_empire,RandomKFold,2,4,MLP,101,199,99,1.0313674211502075,0.65754634141922,1.0045437812805176,0.6672551035881042,True,100
roman_empire,RandomKFold,2,3,H2GCN,101,279,179,1.5263943672180176,0.5355251431465149,1.5694305896759033,0.5324360132217407,True,100
roman_empire,RandomKFold,2,4,GCN,100,1000,958,1.611634612083435,0.474624902009964,1.5972446203231812,0.47881731390953064,False,100
roman_empire,RandomKFold,2,4,GCN,101,1000,979,1.6076807975769043,0.474624902009964,1.5922436714172363,0.48808473348617554,False,100
roman_empire,RandomKFold,2,4,GAT,100,588,488,1.8446577787399292,0.4037952423095703,1.8342258930206299,0.41703441739082336,True,100
roman_empire,RandomKFold,2,3,MixHop,101,760,660,0.5931881070137024,0.8053839206695557,0.6158864498138428,0.7901588678359985,True,100
roman_empire,RandomKFold,2,4,GAT,101,1000,972,1.8196160793304443,0.4119594097137451,1.8088181018829346,0.4199029207229614,False,100
roman_empire,RandomKFold,2,4,SAGE,100,837,737,0.7741475105285645,0.7506619691848755,0.7618287205696106,0.7601500153541565,True,100
roman_empire,RandomKFold,2,3,MixHop,100,1000,992,0.5877389311790466,0.802074134349823,0.607550859451294,0.7947925925254822,False,100
roman_empire,RandomKFold,2,4,SAGE,101,1000,915,0.7727199196815491,0.7528684735298157,0.755201518535614,0.7561782598495483,False,100
roman_empire,RandomKFold,2,4,GPRGNN,100,918,818,1.2670202255249023,0.6421006321907043,1.2358037233352661,0.658870279788971,True,100
roman_empire,RandomKFold,2,4,GPRGNN,101,658,558,1.2873176336288452,0.6330538392066956,1.2569252252578735,0.6511474251747131,True,100
roman_empire,RandomKFold,2,4,H2GCN,100,341,241,1.548839807510376,0.5324360132217407,1.5371907949447632,0.5264783501625061,True,100
roman_empire,RandomKFold,2,5,MLP,100,195,95,1.012942910194397,0.6653430461883545,1.0339171886444092,0.6599735021591187,True,100
roman_empire,RandomKFold,2,5,MLP,101,182,82,1.0233136415481567,0.6651224493980408,1.0330647230148315,0.6612974405288696,True,100
roman_empire,RandomKFold,2,4,H2GCN,101,722,622,1.5378327369689941,0.5328773260116577,1.536230444908142,0.5319947004318237,True,100
roman_empire,RandomKFold,2,4,MixHop,100,640,540,0.61398845911026,0.804280698299408,0.6048135757446289,0.8018534779548645,True,100
roman_empire,RandomKFold,2,5,GCN,100,1000,998,1.6076741218566895,0.48466798663139343,1.6129201650619507,0.4759488105773926,False,100
roman_empire,RandomKFold,2,4,MixHop,101,639,539,0.6136177778244019,0.8031774163246155,0.6031833291053772,0.8049426078796387,True,100
roman_empire,RandomKFold,2,5,GCN,101,1000,957,1.608662724494934,0.48356497287750244,1.6118817329406738,0.4757281541824341,False,100
roman_empire,RandomKFold,2,5,GAT,101,780,680,1.8285231590270996,0.4191484749317169,1.835598111152649,0.4128420054912567,True,100
roman_empire,RandomKFold,2,5,GAT,100,995,895,1.8255025148391724,0.41429516673088074,1.832520842552185,0.407105028629303,True,100
roman_empire,RandomKFold,2,5,SAGE,100,1000,900,0.7592418789863586,0.7498345375061035,0.7789236307144165,0.7546337246894836,True,100
roman_empire,RandomKFold,2,5,SAGE,101,995,895,0.7529770135879517,0.7542466521263123,0.7752128839492798,0.7577228546142578,True,100
roman_empire,RandomKFold,2,5,GPRGNN,100,757,657,1.2583273649215698,0.6468122601509094,1.2838385105133057,0.6361429691314697,True,100
roman_empire,RandomKFold,2,5,H2GCN,100,349,249,1.5621201992034912,0.536068856716156,1.5753542184829712,0.5262576937675476,True,100
roman_empire,RandomKFold,2,5,GPRGNN,101,1000,972,1.2437587976455688,0.6494595408439636,1.2628867626190186,0.644527792930603,False,100
roman_empire,RandomKFold,2,5,H2GCN,101,256,156,1.560533881187439,0.5303331017494202,1.571946144104004,0.5264783501625061,True,100
roman_empire,RandomKFold,2,5,MixHop,101,680,580,0.5883936285972595,0.8085153102874756,0.621475338935852,0.801191508769989,True,100
roman_empire,RandomKFold,2,5,MixHop,100,779,679,0.5866970419883728,0.8045444488525391,0.6152781248092651,0.8003089427947998,True,100
roman_empire,LabelStratifiedKFold,2,1,MLP,100,197,97,1.0204187631607056,0.6633576154708862,1.0195531845092773,0.6602691411972046,True,100
roman_empire,LabelStratifiedKFold,2,1,MLP,101,192,92,1.0169458389282227,0.6626957654953003,1.0201305150985718,0.6611515283584595,True,100
roman_empire,LabelStratifiedKFold,2,1,GCN,100,1000,993,1.6101160049438477,0.4705493152141571,1.6031746864318848,0.4727553427219391,False,100
roman_empire,LabelStratifiedKFold,2,1,GCN,101,1000,999,1.6108847856521606,0.4707699120044708,1.6046966314315796,0.4716523289680481,False,100
roman_empire,LabelStratifiedKFold,2,1,GAT,101,817,717,1.823612093925476,0.4061328172683716,1.820256233215332,0.41716301441192627,True,100
roman_empire,LabelStratifiedKFold,2,1,GAT,100,966,866,1.8181167840957642,0.41208910942077637,1.814997911453247,0.41672182083129883,True,100
roman_empire,LabelStratifiedKFold,2,1,SAGE,100,881,781,0.7623257040977478,0.7542466521263123,0.7729584574699402,0.7414515614509583,True,100
roman_empire,LabelStratifiedKFold,2,1,SAGE,101,1000,938,0.7555332779884338,0.7626296281814575,0.7637855410575867,0.7498345375061035,False,100
roman_empire,LabelStratifiedKFold,2,1,GPRGNN,100,973,873,1.2574697732925415,0.6483564972877502,1.2555732727050781,0.6483564972877502,True,100
roman_empire,LabelStratifiedKFold,2,1,GPRGNN,101,1000,922,1.25856614112854,0.6443856358528137,1.2596276998519897,0.6437237858772278,False,100
roman_empire,LabelStratifiedKFold,2,1,H2GCN,100,304,204,1.5318115949630737,0.5323185324668884,1.5721362829208374,0.5365100502967834,True,100
roman_empire,LabelStratifiedKFold,2,2,MLP,100,193,93,1.0421618223190308,0.6599735021591187,1.0397553443908691,0.6622545719146729,True,100
roman_empire,LabelStratifiedKFold,2,2,MLP,101,192,92,1.0352967977523804,0.6619594097137451,1.0287842750549316,0.6611515283584595,True,100
roman_empire,LabelStratifiedKFold,2,1,H2GCN,101,323,223,1.5404924154281616,0.5303331017494202,1.5705939531326294,0.5347452163696289,True,100
roman_empire,LabelStratifiedKFold,2,2,GCN,100,1000,993,1.6079521179199219,0.4819064438343048,1.6126788854599,0.4705493152141571,False,100
roman_empire,LabelStratifiedKFold,2,2,GCN,101,1000,987,1.6121089458465576,0.473300963640213,1.6179230213165283,0.46371057629585266,False,100
roman_empire,LabelStratifiedKFold,2,1,MixHop,101,819,719,0.5928665399551392,0.8063092827796936,0.6054564118385315,0.7943966388702393,True,100
roman_empire,LabelStratifiedKFold,2,1,MixHop,100,1000,932,0.590442955493927,0.7992499470710754,0.6055163145065308,0.7950584888458252,False,100
roman_empire,LabelStratifiedKFold,2,2,GAT,100,1000,973,1.825789213180542,0.41813769936561584,1.8156843185424805,0.4149569869041443,False,100
roman_empire,LabelStratifiedKFold,2,2,SAGE,100,666,566,0.7828274369239807,0.7511032819747925,0.772013247013092,0.7573351263999939,True,100
roman_empire,LabelStratifiedKFold,2,2,GAT,101,980,880,1.8257524967193604,0.4210061728954315,1.8172234296798706,0.41451576352119446,True,100
roman_empire,LabelStratifiedKFold,2,2,SAGE,101,1000,998,0.7753012180328369,0.751323938369751,0.7669910788536072,0.7527024149894714,False,100
roman_empire,LabelStratifiedKFold,2,2,GPRGNN,100,934,834,1.263463020324707,0.6398940682411194,1.2578691244125366,0.6437237858772278,True,100
roman_empire,LabelStratifiedKFold,2,2,H2GCN,100,307,207,1.5274531841278076,0.5379523634910583,1.551201343536377,0.5279064774513245,True,100
roman_empire,LabelStratifiedKFold,2,2,GPRGNN,101,683,583,1.2794458866119385,0.6363636255264282,1.2716925144195557,0.6406353116035461,True,100
roman_empire,LabelStratifiedKFold,2,2,H2GCN,101,409,309,1.5310027599334717,0.5406001806259155,1.5493007898330688,0.5285682678222656,True,100
roman_empire,LabelStratifiedKFold,2,3,MLP,100,202,102,1.0071537494659424,0.6628420352935791,1.0343537330627441,0.6646072268486023,True,100
roman_empire,LabelStratifiedKFold,2,3,MLP,101,192,92,1.0083130598068237,0.6643865704536438,1.0246388912200928,0.6615180969238281,True,100
roman_empire,LabelStratifiedKFold,2,3,GCN,100,1000,994,1.5907009840011597,0.48676082491874695,1.6055976152420044,0.4768314063549042,False,100
roman_empire,LabelStratifiedKFold,2,3,GCN,101,1000,1000,1.5954909324645996,0.4852162301540375,1.608916163444519,0.47881731390953064,False,100
roman_empire,LabelStratifiedKFold,2,3,GAT,100,614,514,1.8299775123596191,0.4124006927013397,1.8453876972198486,0.41063547134399414,True,100
roman_empire,LabelStratifiedKFold,2,2,MixHop,100,943,843,0.600414514541626,0.7954545617103577,0.5994088649749756,0.7996911406517029,True,100
roman_empire,LabelStratifiedKFold,2,3,GAT,101,1000,927,1.8135782480239868,0.42122682929039,1.8326199054718018,0.4139452874660492,False,100
roman_empire,LabelStratifiedKFold,2,2,MixHop,101,931,831,0.6026852130889893,0.7969990968704224,0.6063160300254822,0.8021178245544434,True,100
roman_empire,LabelStratifiedKFold,2,3,SAGE,100,905,805,0.7573997974395752,0.7594881057739258,0.775688886642456,0.7530891299247742,True,100
roman_empire,LabelStratifiedKFold,2,3,SAGE,101,996,896,0.7543636560440063,0.7568402290344238,0.7745340466499329,0.7515445947647095,True,100
roman_empire,LabelStratifiedKFold,2,3,GPRGNN,100,1000,963,1.2419811487197876,0.658428966999054,1.2587740421295166,0.6518093347549438,False,100
roman_empire,LabelStratifiedKFold,2,3,H2GCN,100,214,114,1.6357835531234741,0.5271403193473816,1.5620057582855225,0.5379523634910583,True,100
roman_empire,LabelStratifiedKFold,2,3,H2GCN,101,219,119,1.6280460357666016,0.5251544713973999,1.5692039728164673,0.5317740440368652,True,100
roman_empire,LabelStratifiedKFold,2,4,MLP,100,195,95,1.0284854173660278,0.6637246012687683,1.0162791013717651,0.6670344471931458,True,100
roman_empire,LabelStratifiedKFold,2,4,MLP,101,203,103,1.0293322801589966,0.6657105088233948,1.0200217962265015,0.6637246012687683,True,100
roman_empire,LabelStratifiedKFold,2,3,GPRGNN,101,931,831,1.2484254837036133,0.6518093347549438,1.2687015533447266,0.6409973502159119,True,100
roman_empire,LabelStratifiedKFold,2,4,GCN,100,1000,959,1.6105140447616577,0.4759488105773926,1.5946794748306274,0.48808473348617554,False,100
roman_empire,LabelStratifiedKFold,2,4,GCN,101,1000,1000,1.6117080450057983,0.4719770550727844,1.5978068113327026,0.48676082491874695,False,100
roman_empire,LabelStratifiedKFold,2,3,MixHop,100,772,672,0.6007486581802368,0.8097969889640808,0.6070661544799805,0.8009708523750305,True,100
roman_empire,LabelStratifiedKFold,2,4,GAT,100,603,503,1.839812994003296,0.4135039746761322,1.8326342105865479,0.4121800661087036,True,100
roman_empire,LabelStratifiedKFold,2,3,MixHop,101,931,831,0.5970812439918518,0.8091350197792053,0.6029930114746094,0.7976610660552979,True,100
roman_empire,LabelStratifiedKFold,2,4,SAGE,100,869,769,0.7596052289009094,0.760370671749115,0.7629427909851074,0.7546337246894836,True,100
roman_empire,LabelStratifiedKFold,2,4,GAT,101,1000,919,1.820549726486206,0.4126213490962982,1.8141227960586548,0.41924095153808594,False,100
roman_empire,LabelStratifiedKFold,2,4,SAGE,101,979,879,0.7546539306640625,0.7559576630592346,0.7575263977050781,0.7548543810844421,True,100
roman_empire,LabelStratifiedKFold,2,4,GPRGNN,100,920,820,1.2577869892120361,0.6498234868049622,1.253810167312622,0.6548985242843628,True,100
roman_empire,LabelStratifiedKFold,2,4,H2GCN,100,171,71,1.7016146183013916,0.5134598612785339,1.6617364883422852,0.5136805176734924,True,100
roman_empire,LabelStratifiedKFold,2,4,H2GCN,101,262,162,1.666409969329834,0.5240511894226074,1.6238449811935425,0.5297881960868835,True,100
roman_empire,LabelStratifiedKFold,2,5,MLP,100,191,91,1.0274574756622314,0.6609309315681458,1.0230954885482788,0.6621800661087036,True,100
roman_empire,LabelStratifiedKFold,2,5,MLP,101,183,83,1.0287312269210815,0.6587249040603638,1.0314096212387085,0.6610767841339111,True,100
roman_empire,LabelStratifiedKFold,2,4,GPRGNN,101,1000,910,1.2562508583068848,0.6412180066108704,1.2503538131713867,0.6473962664604187,False,100
roman_empire,LabelStratifiedKFold,2,5,GCN,100,1000,993,1.6021173000335693,0.4727553427219391,1.605277419090271,0.47969990968704224,False,100
roman_empire,LabelStratifiedKFold,2,5,GCN,101,1000,957,1.603332757949829,0.47385838627815247,1.6075475215911865,0.47771403193473816,False,100
roman_empire,LabelStratifiedKFold,2,4,MixHop,100,844,744,0.5867248177528381,0.8124448657035828,0.6046255230903625,0.8071491718292236,True,100
roman_empire,LabelStratifiedKFold,2,4,MixHop,101,779,679,0.5827836394309998,0.8122242093086243,0.6029617190361023,0.8084730505943298,True,100
roman_empire,LabelStratifiedKFold,2,5,GAT,100,823,723,1.831011414527893,0.40436795353889465,1.8350695371627808,0.40887024998664856,True,100
roman_empire,LabelStratifiedKFold,2,5,GAT,101,1000,973,1.818969964981079,0.40966248512268066,1.8214002847671509,0.40931156277656555,False,100
roman_empire,LabelStratifiedKFold,2,5,SAGE,101,819,719,0.7723857164382935,0.7493933439254761,0.755371630191803,0.760811984539032,True,100
roman_empire,LabelStratifiedKFold,2,5,SAGE,100,925,825,0.7710961103439331,0.745201826095581,0.7576780915260315,0.7586054801940918,True,100
roman_empire,LabelStratifiedKFold,2,5,GPRGNN,100,919,819,1.258725643157959,0.6426208019256592,1.2540487051010132,0.646734356880188,True,100
roman_empire,LabelStratifiedKFold,2,5,GPRGNN,101,1000,970,1.2633473873138428,0.6494595408439636,1.2611653804779053,0.6476169228553772,False,100
roman_empire,LabelStratifiedKFold,2,5,H2GCN,100,564,464,1.560813546180725,0.536068856716156,1.5706619024276733,0.5311120748519897,True,100
roman_empire,LabelStratifiedKFold,2,5,H2GCN,101,401,301,1.5872985124588013,0.5279064774513245,1.666841745376587,0.5286849141120911,True,100
roman_empire,LabelStratifiedKFold,2,5,MixHop,101,753,653,0.6108167171478271,0.798808753490448,0.5872347354888916,0.8089143633842468,True,100
roman_empire,LabelStratifiedKFold,2,5,MixHop,100,903,803,0.6069225072860718,0.7950584888458252,0.5838524699211121,0.8060458898544312,True,100
roman_empire,Sklearn_NeighHet_b450,2,1,MLP,100,199,99,1.0214334726333618,0.6589455008506775,1.0430490970611572,0.6565188765525818,True,100
roman_empire,Sklearn_NeighHet_b450,2,1,MLP,101,206,106,1.021345853805542,0.6582837104797363,1.0351096391677856,0.6604897379875183,True,100
roman_empire,Sklearn_NeighHet_b450,2,1,GCN,101,1000,983,1.604985237121582,0.47628501057624817,1.6101713180541992,0.4793734848499298,False,100
roman_empire,Sklearn_NeighHet_b450,2,1,GCN,100,1000,989,1.6031241416931152,0.48135891556739807,1.6102360486984253,0.48378556966781616,False,100
roman_empire,Sklearn_NeighHet_b450,2,1,GAT,100,1000,966,1.8204975128173828,0.4176042377948761,1.8196834325790405,0.412971556186676,False,100
roman_empire,Sklearn_NeighHet_b450,2,1,GAT,101,1000,919,1.8217767477035522,0.4173836410045624,1.824587345123291,0.4138539731502533,False,100
roman_empire,Sklearn_NeighHet_b450,2,1,SAGE,100,710,610,0.7635404467582703,0.7460842728614807,0.771946370601654,0.7560114860534668,True,100
roman_empire,Sklearn_NeighHet_b450,2,1,SAGE,101,905,805,0.7555139660835266,0.7487315535545349,0.764538586139679,0.7588793039321899,True,100
roman_empire,Sklearn_NeighHet_b450,2,1,GPRGNN,100,918,818,1.2532962560653687,0.6454886198043823,1.2623698711395264,0.6474740505218506,True,100
roman_empire,Sklearn_NeighHet_b450,2,1,H2GCN,100,310,210,1.6146620512008667,0.5287888646125793,1.5663069486618042,0.5281270742416382,True,100
roman_empire,Sklearn_NeighHet_b450,2,1,GPRGNN,101,1000,982,1.2530148029327393,0.6419589519500732,1.260928750038147,0.648577094078064,False,100
roman_empire,Sklearn_NeighHet_b450,2,2,MLP,100,185,85,1.060037612915039,0.6500441431999207,1.0348327159881592,0.6560776233673096,True,100
roman_empire,Sklearn_NeighHet_b450,2,2,MLP,101,189,89,1.055633306503296,0.6599735021591187,1.0370138883590698,0.6589455008506775,True,100
roman_empire,Sklearn_NeighHet_b450,2,1,H2GCN,101,286,186,1.6132688522338867,0.529671311378479,1.5510891675949097,0.5272446274757385,True,100
roman_empire,Sklearn_NeighHet_b450,2,2,GCN,100,1000,989,1.6204066276550293,0.4664607346057892,1.603959560394287,0.4840061664581299,False,100
roman_empire,Sklearn_NeighHet_b450,2,2,GCN,101,1000,1000,1.6211026906967163,0.4671226739883423,1.6034067869186401,0.4806970953941345,False,100
roman_empire,Sklearn_NeighHet_b450,2,1,MixHop,101,756,656,0.5885763168334961,0.8023384213447571,0.6103034019470215,0.7952790856361389,True,100
roman_empire,Sklearn_NeighHet_b450,2,2,GAT,100,777,677,1.8429116010665894,0.4035745859146118,1.8353793621063232,0.42223691940307617,True,100
roman_empire,Sklearn_NeighHet_b450,2,1,MixHop,100,862,762,0.5862770676612854,0.8021178245544434,0.6076177954673767,0.8003529906272888,True,100
roman_empire,Sklearn_NeighHet_b450,2,2,GAT,101,1000,979,1.8290293216705322,0.40842893719673157,1.8220152854919434,0.42091330885887146,False,100
roman_empire,Sklearn_NeighHet_b450,2,2,SAGE,100,957,857,0.7848812937736511,0.7460282444953918,0.7701950669288635,0.7496139407157898,True,100
roman_empire,Sklearn_NeighHet_b450,2,2,SAGE,101,883,783,0.783370852470398,0.749117374420166,0.7688005566596985,0.7491727471351624,True,100
roman_empire,Sklearn_NeighHet_b450,2,2,GPRGNN,100,1000,999,1.2650303840637207,0.6421006321907043,1.255540370941162,0.6446062326431274,False,100
roman_empire,Sklearn_NeighHet_b450,2,2,H2GCN,100,348,248,1.6012158393859863,0.5244925022125244,1.6187244653701782,0.5268034338951111,True,100
roman_empire,Sklearn_NeighHet_b450,2,2,GPRGNN,101,1000,997,1.2670159339904785,0.64496910572052,1.254804015159607,0.6452680230140686,False,100
roman_empire,Sklearn_NeighHet_b450,2,3,MLP,100,189,89,1.03885817527771,0.6637246012687683,1.0432000160217285,0.6560017466545105,True,100
roman_empire,Sklearn_NeighHet_b450,2,3,MLP,101,196,96,1.0394700765609741,0.6577669978141785,1.0357837677001953,0.6597528457641602,True,100
roman_empire,Sklearn_NeighHet_b450,2,2,H2GCN,101,289,189,1.6165560483932495,0.5227272510528564,1.627534031867981,0.523273766040802,True,100
roman_empire,Sklearn_NeighHet_b450,2,3,GCN,100,1000,993,1.6067737340927124,0.4675639867782593,1.6174415349960327,0.46910855174064636,False,100
roman_empire,Sklearn_NeighHet_b450,2,3,GCN,101,1000,1000,1.6110626459121704,0.4666813910007477,1.6213496923446655,0.46315091848373413,False,100
roman_empire,Sklearn_NeighHet_b450,2,2,MixHop,100,903,803,0.613723635673523,0.8036187291145325,0.5989534258842468,0.798808753490448,True,100
roman_empire,Sklearn_NeighHet_b450,2,3,GAT,100,604,504,1.8417925834655762,0.40953221917152405,1.8459120988845825,0.4060017764568329,True,100
roman_empire,Sklearn_NeighHet_b450,2,2,MixHop,101,899,799,0.6134724617004395,0.8027361035346985,0.5945286750793457,0.8012353777885437,True,100
roman_empire,Sklearn_NeighHet_b450,2,3,GAT,101,1000,999,1.820210576057434,0.41747573018074036,1.826409935951233,0.4152691960334778,False,100
roman_empire,Sklearn_NeighHet_b450,2,3,SAGE,100,775,675,0.7727221250534058,0.7515445947647095,0.7798604369163513,0.749558687210083,True,100
roman_empire,Sklearn_NeighHet_b450,2,3,SAGE,101,825,725,0.773539662361145,0.751765251159668,0.7760862708091736,0.7511032819747925,True,100
roman_empire,Sklearn_NeighHet_b450,2,3,GPRGNN,101,662,562,1.289528489112854,0.6427626013755798,1.2875858545303345,0.6392320990562439,True,100
roman_empire,Sklearn_NeighHet_b450,2,3,GPRGNN,100,920,820,1.2667230367660522,0.6469550132751465,1.262040615081787,0.644086480140686,True,100
roman_empire,Sklearn_NeighHet_b450,2,3,H2GCN,100,316,216,1.543379783630371,0.5366284251213074,1.6207690238952637,0.5255957841873169,True,100
roman_empire,Sklearn_NeighHet_b450,2,4,MLP,100,200,100,1.0184910297393799,0.6630626916885376,1.0492331981658936,0.6610767841339111,True,100
roman_empire,Sklearn_NeighHet_b450,2,4,MLP,101,184,84,1.0256158113479614,0.6643865704536438,1.0495924949645996,0.657987654209137,True,100
roman_empire,Sklearn_NeighHet_b450,2,3,H2GCN,101,268,168,1.5238947868347168,0.5342012643814087,1.593145728111267,0.5229479074478149,True,100
roman_empire,Sklearn_NeighHet_b450,2,4,GCN,100,1000,972,1.593917727470398,0.4830096960067749,1.6085407733917236,0.4755074977874756,False,100
roman_empire,Sklearn_NeighHet_b450,2,4,GCN,101,1000,957,1.5976005792617798,0.48565754294395447,1.6098458766937256,0.4750661849975586,False,100
roman_empire,Sklearn_NeighHet_b450,2,3,MixHop,100,872,772,0.5982596278190613,0.8036187291145325,0.6028533577919006,0.8082524538040161,True,100
roman_empire,Sklearn_NeighHet_b450,2,4,GAT,100,966,866,1.818992018699646,0.4150485396385193,1.830973505973816,0.4124006927013397,True,100
roman_empire,Sklearn_NeighHet_b450,2,4,GAT,101,1000,973,1.8108168840408325,0.41725507378578186,1.8248521089553833,0.4157105088233948,False,100
roman_empire,Sklearn_NeighHet_b450,2,3,MixHop,101,1000,962,0.5971511602401733,0.8045012950897217,0.6019633412361145,0.8082524538040161,False,100
roman_empire,Sklearn_NeighHet_b450,2,4,SAGE,100,858,758,0.7626553773880005,0.7590467929840088,0.7772362232208252,0.749558687210083,True,100
roman_empire,Sklearn_NeighHet_b450,2,4,SAGE,101,787,687,0.7623448967933655,0.7555163502693176,0.7793613076210022,0.749558687210083,True,100
roman_empire,Sklearn_NeighHet_b450,2,4,GPRGNN,100,919,819,1.2449631690979004,0.6535745859146118,1.2686142921447754,0.6451897621154785,True,100
roman_empire,Sklearn_NeighHet_b450,2,4,GPRGNN,101,1000,922,1.2460932731628418,0.6551191806793213,1.2679033279418945,0.6398940682411194,False,100
roman_empire,Sklearn_NeighHet_b450,2,4,H2GCN,100,419,319,1.5367834568023682,0.5353044867515564,1.556219458580017,0.5308914184570312,True,100
roman_empire,Sklearn_NeighHet_b450,2,5,MLP,100,196,96,1.0333753824234009,0.6602691411972046,1.0202484130859375,0.6714474558830261,True,100
roman_empire,Sklearn_NeighHet_b450,2,5,MLP,101,196,96,1.030397891998291,0.6574012637138367,1.0292134284973145,0.6659311652183533,True,100
roman_empire,Sklearn_NeighHet_b450,2,4,H2GCN,101,468,368,1.5330764055252075,0.5386142730712891,1.5725562572479248,0.5337599515914917,True,100
roman_empire,Sklearn_NeighHet_b450,2,5,GCN,100,1000,999,1.6049938201904297,0.48135891556739807,1.5924525260925293,0.47859665751457214,False,100
roman_empire,Sklearn_NeighHet_b450,2,5,GCN,101,1000,987,1.6055814027786255,0.4820207357406616,1.59525728225708,0.47925859689712524,False,100
roman_empire,Sklearn_NeighHet_b450,2,4,MixHop,100,908,808,0.6033796668052673,0.8022947907447815,0.6071444153785706,0.8018534779548645,True,100
roman_empire,Sklearn_NeighHet_b450,2,5,GAT,100,720,620,1.8331332206726074,0.4103242754936218,1.8225502967834473,0.4150485396385193,True,100
roman_empire,Sklearn_NeighHet_b450,2,5,GAT,101,1000,918,1.8277387619018555,0.41473639011383057,1.8181402683258057,0.4203442335128784,False,100
roman_empire,Sklearn_NeighHet_b450,2,4,MixHop,101,1000,949,0.5988093614578247,0.8040600419044495,0.6033201813697815,0.8051632642745972,False,100
roman_empire,Sklearn_NeighHet_b450,2,5,SAGE,100,905,805,0.7642529010772705,0.7553496360778809,0.7614156007766724,0.7581641674041748,True,100
roman_empire,Sklearn_NeighHet_b450,2,5,SAGE,101,1000,939,0.7567368745803833,0.7597617506980896,0.7539784908294678,0.762135922908783,False,100
roman_empire,Sklearn_NeighHet_b450,2,5,GPRGNN,100,741,641,1.2631057500839233,0.6470328569412231,1.2566651105880737,0.6513680219650269,True,100
roman_empire,Sklearn_NeighHet_b450,2,5,GPRGNN,101,774,674,1.264036774635315,0.6450474262237549,1.2558034658432007,0.6546778678894043,True,100
roman_empire,Sklearn_NeighHet_b450,2,5,H2GCN,100,372,272,1.5334800481796265,0.5345246195793152,1.5389187335968018,0.5458958745002747,True,100
roman_empire,Sklearn_NeighHet_b450,2,5,H2GCN,101,383,283,1.5316009521484375,0.5283476710319519,1.5400654077529907,0.5406001806259155,True,100
roman_empire,Sklearn_NeighHet_b450,2,5,MixHop,100,703,603,0.6100732088088989,0.7961614727973938,0.6068620085716248,0.7992056608200073,True,100
roman_empire,Sklearn_NeighHet_b450,2,5,MixHop,101,1000,977,0.5985817313194275,0.7985881567001343,0.5978894829750061,0.803839385509491,False,100
roman_empire,RandomKFold,3,1,MLP,101,198,98,1.0192424058914185,0.6624751687049866,1.0309300422668457,0.6560776233673096,True,100
roman_empire,RandomKFold,3,1,MLP,100,188,88,1.0245366096496582,0.6618133783340454,1.0317119359970093,0.6554158329963684,True,100
roman_empire,RandomKFold,3,1,GCN,101,1000,988,1.6253647804260254,0.47849106788635254,1.6215702295303345,0.4705493152141571,False,100
roman_empire,RandomKFold,3,1,GCN,100,1000,993,1.6226423978805542,0.47871166467666626,1.6179031133651733,0.47363775968551636,False,100
roman_empire,RandomKFold,3,1,GAT,100,822,722,1.8453238010406494,0.4103242754936218,1.84476637840271,0.40039709210395813,True,100
roman_empire,RandomKFold,3,1,GAT,101,1000,916,1.8334354162216187,0.41473639011383057,1.8292564153671265,0.41936907172203064,False,100
roman_empire,RandomKFold,3,1,SAGE,100,726,626,0.7754582166671753,0.752261221408844,0.7890198826789856,0.7460842728614807,True,100
roman_empire,RandomKFold,3,1,SAGE,101,836,736,0.7742729783058167,0.7535848021507263,0.7898813486099243,0.748069703578949,True,100
roman_empire,RandomKFold,3,1,GPRGNN,101,884,784,1.263312816619873,0.6547540426254272,1.2704209089279175,0.642179548740387,True,100
roman_empire,RandomKFold,3,1,GPRGNN,100,1000,976,1.2576338052749634,0.6465916633605957,1.264491081237793,0.633575975894928,False,100
roman_empire,RandomKFold,3,1,H2GCN,100,210,110,1.652184009552002,0.5259210467338562,1.577800989151001,0.5135671496391296,True,100
roman_empire,RandomKFold,3,2,MLP,100,226,126,1.026307463645935,0.6650485396385193,1.0275437831878662,0.664901852607727,True,100
roman_empire,RandomKFold,3,2,MLP,101,208,108,1.0197138786315918,0.6615180969238281,1.0241974592208862,0.6640194058418274,True,100
roman_empire,RandomKFold,3,1,H2GCN,101,433,333,1.573485255241394,0.536068856716156,1.5396418571472168,0.5298919081687927,True,100
roman_empire,RandomKFold,3,2,GCN,100,1000,972,1.6101973056793213,0.47771403193473816,1.6207071542739868,0.4820207357406616,False,100
roman_empire,RandomKFold,3,2,GCN,101,1000,999,1.608830213546753,0.47815534472465515,1.6209291219711304,0.48135891556739807,False,100
roman_empire,RandomKFold,3,2,GAT,100,611,511,1.8415732383728027,0.40887024998664856,1.8432236909866333,0.4123097360134125,True,100
roman_empire,RandomKFold,3,1,MixHop,100,931,831,0.6037634611129761,0.80101478099823,0.6193005442619324,0.7939554452896118,True,100
roman_empire,RandomKFold,3,2,GAT,101,772,672,1.8350247144699097,0.40864959359169006,1.8361670970916748,0.4125303328037262,True,100
roman_empire,RandomKFold,3,1,MixHop,101,1000,903,0.603007435798645,0.8018972277641296,0.6111116409301758,0.7966026663780212,False,100
roman_empire,RandomKFold,3,2,SAGE,100,905,805,0.7624152302742004,0.7475728392601013,0.7734575271606445,0.7557908892631531,True,100
roman_empire,RandomKFold,3,2,SAGE,101,824,724,0.7626180648803711,0.751765251159668,0.7758020162582397,0.7555702328681946,True,100
roman_empire,RandomKFold,3,2,GPRGNN,100,894,794,1.2620015144348145,0.6425419449806213,1.2603790760040283,0.6501213312149048,True,100
roman_empire,RandomKFold,3,2,GPRGNN,101,930,830,1.2640156745910645,0.6403353810310364,1.264169692993164,0.6512243747711182,True,100
roman_empire,RandomKFold,3,2,H2GCN,100,372,272,1.5499876737594604,0.5306707620620728,1.6285386085510254,0.5400397181510925,True,100
roman_empire,RandomKFold,3,3,MLP,100,198,98,1.0434377193450928,0.6568843722343445,1.0245226621627808,0.6628420352935791,True,100
roman_empire,RandomKFold,3,3,MLP,101,190,90,1.0457086563110352,0.6540158987045288,1.0252420902252197,0.6657105088233948,True,100
roman_empire,RandomKFold,3,2,H2GCN,101,410,310,1.554505467414856,0.5249338150024414,1.6212146282196045,0.5393778681755066,True,100
roman_empire,RandomKFold,3,3,GCN,100,1000,995,1.5954982042312622,0.48631951212882996,1.6116232872009277,0.4759488105773926,False,100
roman_empire,RandomKFold,3,3,GCN,101,1000,958,1.594515085220337,0.48609885573387146,1.6116708517074585,0.4821271002292633,False,100
roman_empire,RandomKFold,3,2,MixHop,100,1000,966,0.586151659488678,0.8036187291145325,0.6090258359909058,0.8041032552719116,False,100
roman_empire,RandomKFold,3,3,GAT,101,772,672,1.8079179525375366,0.4304942488670349,1.8315645456314087,0.4201235771179199,True,100
roman_empire,RandomKFold,3,3,GAT,100,1000,973,1.8060753345489502,0.42740511894226074,1.8292819261550903,0.4132833182811737,False,100
roman_empire,RandomKFold,3,2,MixHop,101,1000,982,0.5830107927322388,0.8093556761741638,0.6064534187316895,0.8060886859893799,False,100
roman_empire,RandomKFold,3,3,SAGE,101,441,341,0.7876064777374268,0.7449249625205994,0.776716947555542,0.7413945198059082,True,100
roman_empire,RandomKFold,3,3,SAGE,100,699,599,0.7777772545814514,0.7506619691848755,0.7642273902893066,0.7444836497306824,True,100
roman_empire,RandomKFold,3,3,GPRGNN,100,1000,900,1.2565728425979614,0.6394527554512024,1.2539138793945312,0.645410418510437,True,100
roman_empire,RandomKFold,3,3,H2GCN,100,279,179,1.5571515560150146,0.5275816321372986,1.559988260269165,0.5167696475982666,True,100
roman_empire,RandomKFold,3,3,GPRGNN,101,1000,949,1.2559148073196411,0.6385701894760132,1.253294587135315,0.6418799757957458,False,100
roman_empire,RandomKFold,3,4,MLP,100,193,93,1.011953353881836,0.668799638748169,1.033262014389038,0.656222403049469,True,100
roman_empire,RandomKFold,3,4,MLP,101,196,96,1.0069820880889893,0.6694616079330444,1.03727126121521,0.6535745859146118,True,100
roman_empire,RandomKFold,3,3,H2GCN,101,391,291,1.5516750812530518,0.5315533876419067,1.552993655204773,0.5222859382629395,True,100
roman_empire,RandomKFold,3,4,GCN,100,1000,994,1.5911686420440674,0.4730803072452545,1.5936577320098877,0.4830096960067749,False,100
roman_empire,RandomKFold,3,4,GCN,101,1000,966,1.5927765369415283,0.4719770550727844,1.596494436264038,0.484995573759079,False,100
roman_empire,RandomKFold,3,3,MixHop,101,686,586,0.617398202419281,0.7925860285758972,0.596221923828125,0.7974404096603394,True,100
roman_empire,RandomKFold,3,4,GAT,100,714,614,1.8311665058135986,0.4062224328517914,1.8216463327407837,0.4240953326225281,True,100
roman_empire,RandomKFold,3,3,MixHop,100,1000,977,0.6135336756706238,0.7939099669456482,0.5890064239501953,0.7963371872901917,False,100
roman_empire,RandomKFold,3,4,GAT,101,1000,915,1.8121317625045776,0.41063547134399414,1.803292989730835,0.4298323094844818,False,100
roman_empire,RandomKFold,3,4,SAGE,100,1000,901,0.7497748136520386,0.7645630836486816,0.7679880857467651,0.7526478171348572,False,100
roman_empire,RandomKFold,3,4,SAGE,101,876,776,0.7450164556503296,0.7634598612785339,0.771500825881958,0.751323938369751,True,100
roman_empire,RandomKFold,3,4,GPRGNN,100,920,820,1.2448681592941284,0.6484995484352112,1.2607102394104004,0.6409973502159119,True,100
roman_empire,RandomKFold,3,4,H2GCN,100,311,211,1.651131272315979,0.5447925925254822,1.5687230825424194,0.5313327312469482,True,100
roman_empire,RandomKFold,3,4,GPRGNN,101,1000,933,1.2473831176757812,0.6498234868049622,1.263779878616333,0.6392320990562439,False,100
roman_empire,RandomKFold,3,5,MLP,100,193,93,1.0295681953430176,0.6567394733428955,1.033406138420105,0.6718887686729431,True,100
roman_empire,RandomKFold,3,5,MLP,101,188,88,1.0342897176742554,0.6582837104797363,1.0272490978240967,0.6701235771179199,True,100
roman_empire,RandomKFold,3,4,H2GCN,101,270,170,1.5815136432647705,0.5410414934158325,1.5535963773727417,0.5293468832969666,True,100
roman_empire,RandomKFold,3,5,GCN,100,1000,993,1.6152955293655396,0.4727553427219391,1.594191312789917,0.46822595596313477,False,100
roman_empire,RandomKFold,3,5,GCN,101,1000,957,1.617661952972412,0.47385838627815247,1.5958908796310425,0.4739629328250885,False,100
roman_empire,RandomKFold,3,4,MixHop,100,748,648,0.5894614458084106,0.8078111410140991,0.6093450784683228,0.8009708523750305,True,100
roman_empire,RandomKFold,3,5,GAT,100,795,695,1.8400040864944458,0.41341274976730347,1.8290091753005981,0.40070608258247375,True,100
roman_empire,RandomKFold,3,5,SAGE,100,674,574,0.7866451740264893,0.7460842728614807,0.7571375370025635,0.7610326409339905,True,100
roman_empire,RandomKFold,3,5,GAT,101,1000,998,1.8302377462387085,0.42091330885887146,1.8215067386627197,0.4035745859146118,False,100
roman_empire,RandomKFold,3,4,MixHop,101,1000,923,0.5821455121040344,0.8089143633842468,0.6042578220367432,0.800750195980072,False,100
roman_empire,RandomKFold,3,5,SAGE,101,1000,937,0.7767846584320068,0.7540260553359985,0.7460939884185791,0.7663283348083496,False,100
roman_empire,RandomKFold,3,5,GPRGNN,100,1000,923,1.2682418823242188,0.6424002051353455,1.2526054382324219,0.6484995484352112,False,100
roman_empire,RandomKFold,3,5,H2GCN,100,431,331,1.5568069219589233,0.5252591967582703,1.5998231172561646,0.542144775390625,True,100
roman_empire,RandomKFold,3,5,GPRGNN,101,1000,923,1.2653067111968994,0.6368850469589233,1.248763918876648,0.6478375792503357,False,100
roman_empire,RandomKFold,3,5,H2GCN,101,548,448,1.5592200756072998,0.5336421728134155,1.6493878364562988,0.5423653721809387,True,100
roman_empire,RandomKFold,3,5,MixHop,100,1000,973,0.6098262071609497,0.7917494177818298,0.5898512601852417,0.803839385509491,False,100
roman_empire,RandomKFold,3,5,MixHop,101,1000,988,0.6112634539604187,0.8014559745788574,0.5891128182411194,0.8084730505943298,False,100
roman_empire,LabelStratifiedKFold,3,1,MLP,101,199,99,1.0107535123825073,0.6664460897445679,1.049547553062439,0.6551952362060547,True,100
roman_empire,LabelStratifiedKFold,3,1,MLP,100,195,95,1.0051348209381104,0.6682109236717224,1.0523964166641235,0.6529892086982727,True,100
roman_empire,LabelStratifiedKFold,3,1,GCN,100,1000,993,1.612614393234253,0.470328688621521,1.5939804315567017,0.48466798663139343,False,100
roman_empire,LabelStratifiedKFold,3,1,GCN,101,1000,961,1.6163197755813599,0.4690050780773163,1.5992308855056763,0.477829247713089,False,100
roman_empire,LabelStratifiedKFold,3,1,GAT,100,966,866,1.8280507326126099,0.4103242754936218,1.8199527263641357,0.42069271206855774,True,100
roman_empire,LabelStratifiedKFold,3,1,GAT,101,1000,973,1.8234963417053223,0.41186851263046265,1.815155267715454,0.41694241762161255,False,100
roman_empire,LabelStratifiedKFold,3,1,SAGE,101,809,709,0.7652340531349182,0.7557908892631531,0.7627832889556885,0.7568938732147217,True,100
roman_empire,LabelStratifiedKFold,3,1,SAGE,100,983,883,0.7645972967147827,0.7584381103515625,0.7659239172935486,0.754467248916626,True,100
roman_empire,LabelStratifiedKFold,3,1,GPRGNN,100,1000,961,1.2492640018463135,0.6490182876586914,1.264346718788147,0.6401941180229187,False,100
roman_empire,LabelStratifiedKFold,3,1,GPRGNN,101,1000,995,1.2529274225234985,0.6454886198043823,1.2644546031951904,0.6384292840957642,False,100
roman_empire,LabelStratifiedKFold,3,1,H2GCN,100,428,328,1.5517348051071167,0.529671311378479,1.5901362895965576,0.5389366745948792,True,100
roman_empire,LabelStratifiedKFold,3,2,MLP,100,197,97,1.0450583696365356,0.658870279788971,1.0039883852005005,0.6724023818969727,True,100
roman_empire,LabelStratifiedKFold,3,1,H2GCN,101,280,180,1.5463272333145142,0.5241562128067017,1.5825010538101196,0.5336421728134155,True,100
roman_empire,LabelStratifiedKFold,3,2,MLP,101,187,87,1.0441399812698364,0.655339777469635,1.0090363025665283,0.6717405915260315,True,100
roman_empire,LabelStratifiedKFold,3,1,MixHop,100,642,542,0.6068196892738342,0.8034414052963257,0.6091586351394653,0.80101478099823,True,100
roman_empire,LabelStratifiedKFold,3,2,GCN,100,1000,993,1.607828140258789,0.48808473348617554,1.612023115158081,0.4742995798587799,False,100
roman_empire,LabelStratifiedKFold,3,2,GCN,101,1000,1000,1.6101254224777222,0.4814651310443878,1.6132012605667114,0.46834325790405273,False,100
roman_empire,LabelStratifiedKFold,3,1,MixHop,101,812,712,0.6030324697494507,0.8014559745788574,0.5961599946022034,0.803220808506012,True,100
roman_empire,LabelStratifiedKFold,3,2,GAT,100,818,718,1.837258219718933,0.4126213490962982,1.8349742889404297,0.4127509295940399,True,100
roman_empire,LabelStratifiedKFold,3,2,SAGE,100,795,695,0.7717174887657166,0.7541924118995667,0.7694473266601562,0.7564526796340942,True,100
roman_empire,LabelStratifiedKFold,3,2,GAT,101,1000,997,1.8226373195648193,0.4199029207229614,1.8191778659820557,0.4173836410045624,False,100
roman_empire,LabelStratifiedKFold,3,2,SAGE,101,703,603,0.7676810026168823,0.7575021982192993,0.767886221408844,0.7551290392875671,True,100
roman_empire,LabelStratifiedKFold,3,2,GPRGNN,100,920,820,1.263095736503601,0.6416593194007874,1.24866783618927,0.6479153037071228,True,100
roman_empire,LabelStratifiedKFold,3,2,GPRGNN,101,1000,909,1.266797661781311,0.6363636255264282,1.2527670860290527,0.6406353116035461,False,100
roman_empire,LabelStratifiedKFold,3,2,H2GCN,100,340,240,1.5412189960479736,0.5355251431465149,1.53081476688385,0.5349658131599426,True,100
roman_empire,LabelStratifiedKFold,3,3,MLP,100,202,102,1.0108532905578613,0.6692409515380859,1.0523996353149414,0.6531332731246948,True,100
roman_empire,LabelStratifiedKFold,3,3,MLP,101,191,91,1.0172886848449707,0.667475700378418,1.0458106994628906,0.6522506475448608,True,100
roman_empire,LabelStratifiedKFold,3,2,H2GCN,101,483,383,1.5004321336746216,0.541262149810791,1.5337963104248047,0.5312155485153198,True,100
roman_empire,LabelStratifiedKFold,3,3,GCN,100,1000,993,1.6104316711425781,0.472859650850296,1.6087409257888794,0.48896732926368713,False,100
roman_empire,LabelStratifiedKFold,3,3,GCN,101,1000,983,1.6114519834518433,0.46822595596313477,1.60950767993927,0.4852162301540375,False,100
roman_empire,LabelStratifiedKFold,3,2,MixHop,100,772,672,0.6092535257339478,0.7958958745002747,0.5991058349609375,0.80101478099823,True,100
roman_empire,LabelStratifiedKFold,3,3,GAT,100,938,838,1.8323055505752563,0.40269196033477783,1.829531192779541,0.4157105088233948,True,100
roman_empire,LabelStratifiedKFold,3,3,GAT,101,1000,945,1.820265769958496,0.40842893719673157,1.821178913116455,0.41681376099586487,False,100
roman_empire,LabelStratifiedKFold,3,3,SAGE,100,983,883,0.7693263292312622,0.7539717555046082,0.7667567729949951,0.751765251159668,True,100
roman_empire,LabelStratifiedKFold,3,2,MixHop,101,1000,985,0.6042181253433228,0.8000882863998413,0.595638632774353,0.80101478099823,False,100
roman_empire,LabelStratifiedKFold,3,3,SAGE,101,711,611,0.7698078751564026,0.7528684735298157,0.7688999176025391,0.7528684735298157,True,100
roman_empire,LabelStratifiedKFold,3,3,GPRGNN,100,918,818,1.2538410425186157,0.6493821740150452,1.2646722793579102,0.643645167350769,True,100
roman_empire,LabelStratifiedKFold,3,3,GPRGNN,101,1000,923,1.2440612316131592,0.6460723876953125,1.2566719055175781,0.6418799757957458,False,100
roman_empire,LabelStratifiedKFold,3,3,H2GCN,100,522,422,1.5405186414718628,0.5406001806259155,1.51784348487854,0.5388349294662476,True,100
roman_empire,LabelStratifiedKFold,3,4,MLP,100,191,91,1.029176950454712,0.6626213788986206,1.0043158531188965,0.6635039448738098,True,100
roman_empire,LabelStratifiedKFold,3,4,MLP,101,197,97,1.022351622581482,0.6582083106040955,1.0128124952316284,0.6665931344032288,True,100
roman_empire,LabelStratifiedKFold,3,3,H2GCN,101,492,392,1.552871823310852,0.542144775390625,1.5169986486434937,0.5410414934158325,True,100
roman_empire,LabelStratifiedKFold,3,4,GCN,100,1000,994,1.605122447013855,0.46954986453056335,1.6112391948699951,0.4730803072452545,False,100
roman_empire,LabelStratifiedKFold,3,4,GCN,101,1000,970,1.6088155508041382,0.46822595596313477,1.6137882471084595,0.4721977114677429,False,100
roman_empire,LabelStratifiedKFold,3,3,MixHop,101,800,700,0.6018510460853577,0.8071491718292236,0.6064095497131348,0.7985436916351318,True,100
roman_empire,LabelStratifiedKFold,3,4,GAT,100,1000,977,1.8167368173599243,0.4152691960334778,1.827976107597351,0.4060017764568329,False,100
roman_empire,LabelStratifiedKFold,3,4,GAT,101,938,838,1.818196415901184,0.4245366156101227,1.8257417678833008,0.41924095153808594,True,100
roman_empire,LabelStratifiedKFold,3,3,MixHop,100,1000,992,0.5998236536979675,0.800750195980072,0.6020687222480774,0.7998676300048828,False,100
roman_empire,LabelStratifiedKFold,3,4,SAGE,100,727,627,0.7665581107139587,0.7449249625205994,0.7728042006492615,0.7511032819747925,True,100
roman_empire,LabelStratifiedKFold,3,4,SAGE,101,799,699,0.7684807181358337,0.7477934956550598,0.7731075882911682,0.7477934956550598,True,100
roman_empire,LabelStratifiedKFold,3,4,GPRGNN,100,918,818,1.2589319944381714,0.6496028304100037,1.248910665512085,0.6502647995948792,True,100
roman_empire,LabelStratifiedKFold,3,4,H2GCN,100,271,171,1.595041036605835,0.5251544713973999,1.6146365404129028,0.5311120748519897,True,100
roman_empire,LabelStratifiedKFold,3,4,H2GCN,101,256,156,1.650867223739624,0.5244925022125244,1.6333181858062744,0.5348631739616394,True,100
roman_empire,LabelStratifiedKFold,3,5,MLP,100,189,89,1.046461820602417,0.6565188765525818,1.0274275541305542,0.6593115329742432,True,100
roman_empire,LabelStratifiedKFold,3,5,MLP,101,192,92,1.039954662322998,0.6622545719146729,1.0229222774505615,0.6590909361839294,True,100
roman_empire,LabelStratifiedKFold,3,4,GPRGNN,101,1000,945,1.2604467868804932,0.6555604338645935,1.252659559249878,0.6522506475448608,False,100
roman_empire,LabelStratifiedKFold,3,5,GCN,100,1000,994,1.5900673866271973,0.4855504035949707,1.6018080711364746,0.47131508588790894,False,100
roman_empire,LabelStratifiedKFold,3,5,GCN,101,1000,987,1.5971004962921143,0.47981467843055725,1.6091440916061401,0.46932920813560486,False,100
roman_empire,LabelStratifiedKFold,3,4,MixHop,101,812,712,0.600496232509613,0.7950132489204407,0.6004561185836792,0.801632821559906,True,100
roman_empire,LabelStratifiedKFold,3,5,GAT,100,1000,904,1.8195091485977173,0.4240017533302307,1.8236875534057617,0.4126213490962982,False,100
roman_empire,LabelStratifiedKFold,3,5,GAT,101,1000,919,1.8130254745483398,0.42819324135780334,1.817194938659668,0.4201235771179199,False,100
roman_empire,LabelStratifiedKFold,3,4,MixHop,100,1000,900,0.5986951589584351,0.7985436916351318,0.6047082543373108,0.7969990968704224,True,100
roman_empire,LabelStratifiedKFold,3,5,SAGE,100,732,632,0.7676383256912231,0.7588793039321899,0.7714402079582214,0.749117374420166,True,100
roman_empire,LabelStratifiedKFold,3,5,SAGE,101,978,878,0.7609623670578003,0.7613059878349304,0.7655268311500549,0.7515445947647095,True,100
roman_empire,LabelStratifiedKFold,3,5,GPRGNN,100,1000,932,1.258488655090332,0.6454886198043823,1.254375696182251,0.6537952423095703,False,100
roman_empire,LabelStratifiedKFold,3,5,H2GCN,100,259,159,1.5843687057495117,0.5307742953300476,1.578916311264038,0.5266990065574646,True,100
roman_empire,LabelStratifiedKFold,3,5,GPRGNN,101,683,583,1.2818974256515503,0.6360026597976685,1.2794158458709717,0.6465137004852295,True,100
roman_empire,LabelStratifiedKFold,3,5,H2GCN,101,363,263,1.5745724439620972,0.5411427021026611,1.5811246633529663,0.5264783501625061,True,100
roman_empire,LabelStratifiedKFold,3,5,MixHop,100,1000,960,0.5894728302955627,0.8005735874176025,0.5974482297897339,0.7989850044250488,False,100
roman_empire,LabelStratifiedKFold,3,5,MixHop,101,1000,900,0.5894798040390015,0.8052062392234802,0.6027748584747314,0.7989850044250488,True,100
roman_empire,Sklearn_NeighHet_b350,3,1,MLP,100,189,89,1.0305477380752563,0.6618133783340454,1.0493065118789673,0.6646812558174133,True,100
roman_empire,Sklearn_NeighHet_b350,3,1,MLP,101,197,97,1.0367759466171265,0.660710334777832,1.0655553340911865,0.6589455008506775,True,100
roman_empire,Sklearn_NeighHet_b350,3,1,GCN,101,1000,1000,1.593214511871338,0.48246195912361145,1.6072906255722046,0.47474080324172974,False,100
roman_empire,Sklearn_NeighHet_b350,3,1,GCN,100,1000,993,1.5914682149887085,0.48974189162254333,1.6057111024856567,0.477829247713089,False,100
roman_empire,Sklearn_NeighHet_b350,3,1,GAT,101,749,649,1.8166630268096924,0.4211339056491852,1.8328039646148682,0.41186851263046265,True,100
roman_empire,Sklearn_NeighHet_b350,3,1,GAT,100,966,866,1.807754397392273,0.4253253936767578,1.8222419023513794,0.4127509295940399,True,100
roman_empire,Sklearn_NeighHet_b350,3,1,SAGE,100,657,557,0.7674242854118347,0.752261221408844,0.7883212566375732,0.7529230117797852,True,100
roman_empire,Sklearn_NeighHet_b350,3,1,SAGE,101,864,764,0.7649165987968445,0.7531436085700989,0.7826113104820251,0.7507169842720032,True,100
roman_empire,Sklearn_NeighHet_b350,3,1,GPRGNN,100,757,657,1.244581699371338,0.6494595408439636,1.2807387113571167,0.650783121585846,True,100
roman_empire,Sklearn_NeighHet_b350,3,1,GPRGNN,101,659,559,1.2543509006500244,0.6461504697799683,1.2919541597366333,0.6443856358528137,True,100
roman_empire,Sklearn_NeighHet_b350,3,1,H2GCN,100,319,219,1.5398038625717163,0.5351864099502563,1.5867078304290771,0.5332009792327881,True,100
roman_empire,Sklearn_NeighHet_b350,3,2,MLP,100,188,88,1.0422279834747314,0.655781090259552,1.03682541847229,0.6574012637138367,True,100
roman_empire,Sklearn_NeighHet_b350,3,2,MLP,101,198,98,1.0382510423660278,0.6582083106040955,1.0382987260818481,0.6615927815437317,True,100
roman_empire,Sklearn_NeighHet_b350,3,1,H2GCN,101,355,255,1.5270962715148926,0.5393778681755066,1.5866618156433105,0.5338627696037292,True,100
roman_empire,Sklearn_NeighHet_b350,3,2,GCN,100,1000,992,1.6186405420303345,0.4717563986778259,1.5936806201934814,0.48753583431243896,False,100
roman_empire,Sklearn_NeighHet_b350,3,2,GCN,101,1000,1000,1.6183346509933472,0.46999117732048035,1.5929585695266724,0.48378556966781616,False,100
roman_empire,Sklearn_NeighHet_b350,3,2,GAT,100,709,609,1.8485223054885864,0.41107678413391113,1.8224024772644043,0.41936907172203064,True,100
roman_empire,Sklearn_NeighHet_b350,3,2,GAT,101,1000,921,1.832948088645935,0.41902029514312744,1.8084272146224976,0.43061989545822144,False,100
roman_empire,Sklearn_NeighHet_b350,3,1,MixHop,100,1000,920,0.5957133173942566,0.8045444488525391,0.619490385055542,0.7939554452896118,False,100
roman_empire,Sklearn_NeighHet_b350,3,1,MixHop,101,1000,931,0.5947444438934326,0.8045444488525391,0.6182119846343994,0.7937348484992981,False,100
roman_empire,Sklearn_NeighHet_b350,3,2,SAGE,100,1000,913,0.7677817940711975,0.748676061630249,0.7640451192855835,0.7518199682235718,False,100
roman_empire,Sklearn_NeighHet_b350,3,2,SAGE,101,813,713,0.7682129144668579,0.75,0.7613022327423096,0.7546878457069397,True,100
roman_empire,Sklearn_NeighHet_b350,3,2,GPRGNN,100,918,818,1.269473910331726,0.6363636255264282,1.2392468452453613,0.6518861651420593,True,100
roman_empire,Sklearn_NeighHet_b350,3,2,GPRGNN,101,1000,909,1.2730623483657837,0.633274495601654,1.2451081275939941,0.6476947069168091,False,100
roman_empire,Sklearn_NeighHet_b350,3,2,H2GCN,100,342,242,1.6257991790771484,0.5275816321372986,1.5491689443588257,0.5384954810142517,True,100
roman_empire,Sklearn_NeighHet_b350,3,3,MLP,100,198,98,1.013553261756897,0.6716681122779846,1.0284874439239502,0.6601941585540771,True,100
roman_empire,Sklearn_NeighHet_b350,3,3,MLP,101,192,92,1.0132031440734863,0.667475700378418,1.029893398284912,0.6564430594444275,True,100
roman_empire,Sklearn_NeighHet_b350,3,2,H2GCN,101,264,164,1.6193957328796387,0.5264783501625061,1.553164005279541,0.5378336906433105,True,100
roman_empire,Sklearn_NeighHet_b350,3,3,GCN,100,1000,980,1.6045469045639038,0.4755074977874756,1.6198058128356934,0.46910855174064636,False,100
roman_empire,Sklearn_NeighHet_b350,3,3,GCN,101,1000,961,1.6062967777252197,0.4768314063549042,1.6199027299880981,0.47153574228286743,False,100
roman_empire,Sklearn_NeighHet_b350,3,2,MixHop,101,748,648,0.603367805480957,0.802074134349823,0.6042418479919434,0.803220808506012,True,100
roman_empire,Sklearn_NeighHet_b350,3,3,GAT,100,552,452,1.8371864557266235,0.4073256850242615,1.8516430854797363,0.40247130393981934,True,100
roman_empire,Sklearn_NeighHet_b350,3,3,GAT,101,613,513,1.830844759941101,0.4132833182811737,1.8460721969604492,0.40842893719673157,True,100
roman_empire,Sklearn_NeighHet_b350,3,2,MixHop,100,966,866,0.5961620807647705,0.803839385509491,0.5956445932388306,0.8030002117156982,True,100
roman_empire,Sklearn_NeighHet_b350,3,3,SAGE,100,805,705,0.7718855142593384,0.7533097863197327,0.7705442309379578,0.749558687210083,True,100
roman_empire,Sklearn_NeighHet_b350,3,3,SAGE,101,978,878,0.7659175992012024,0.7522065043449402,0.767208993434906,0.7548543810844421,True,100
roman_empire,Sklearn_NeighHet_b350,3,3,GPRGNN,101,708,608,1.2664263248443604,0.6385701894760132,1.292809247970581,0.6286407709121704,True,100
roman_empire,Sklearn_NeighHet_b350,3,3,GPRGNN,100,1000,977,1.2495628595352173,0.6438658237457275,1.276178240776062,0.6357016563415527,False,100
roman_empire,Sklearn_NeighHet_b350,3,3,H2GCN,101,297,197,1.5336151123046875,0.5293468832969666,1.6001343727111816,0.5326566696166992,True,100
roman_empire,Sklearn_NeighHet_b350,3,4,MLP,100,189,89,1.0265198945999146,0.658870279788971,1.0209547281265259,0.6685789823532104,True,100
roman_empire,Sklearn_NeighHet_b350,3,3,H2GCN,100,440,340,1.535485863685608,0.5335392951965332,1.63872492313385,0.5304501056671143,True,100
roman_empire,Sklearn_NeighHet_b350,3,4,MLP,101,192,92,1.0239391326904297,0.6597528457641602,1.009467363357544,0.6628420352935791,True,100
roman_empire,Sklearn_NeighHet_b350,3,4,GCN,101,1000,993,1.6269911527633667,0.4673433303833008,1.6033952236175537,0.4803618788719177,False,100
roman_empire,Sklearn_NeighHet_b350,3,4,GCN,100,1000,998,1.6230934858322144,0.46932920813560486,1.602124571800232,0.47947925329208374,False,100
roman_empire,Sklearn_NeighHet_b350,3,3,MixHop,101,756,656,0.5967207551002502,0.8003089427947998,0.6028324365615845,0.801191508769989,True,100
roman_empire,Sklearn_NeighHet_b350,3,3,MixHop,100,1000,994,0.5940910577774048,0.802074134349823,0.6006144285202026,0.8031774163246155,False,100
roman_empire,Sklearn_NeighHet_b350,3,4,GAT,101,1000,998,1.8330843448638916,0.41107678413391113,1.8226597309112549,0.41725507378578186,False,100
roman_empire,Sklearn_NeighHet_b350,3,4,GAT,100,1000,989,1.8326003551483154,0.40776699781417847,1.8235255479812622,0.41659310460090637,False,100
roman_empire,Sklearn_NeighHet_b350,3,4,SAGE,100,698,598,0.7738531827926636,0.7561782598495483,0.7718508839607239,0.749117374420166,True,100
roman_empire,Sklearn_NeighHet_b350,3,4,SAGE,101,1000,977,0.7673528790473938,0.7586054801940918,0.7683694362640381,0.7541924118995667,False,100
roman_empire,Sklearn_NeighHet_b350,3,4,GPRGNN,100,946,846,1.266464352607727,0.6465137004852295,1.2523730993270874,0.647175669670105,True,100
roman_empire,Sklearn_NeighHet_b350,3,4,H2GCN,100,465,365,1.5351589918136597,0.5372903943061829,1.5423483848571777,0.5302295088768005,True,100
roman_empire,Sklearn_NeighHet_b350,3,4,GPRGNN,101,754,654,1.285085916519165,0.6414386630058289,1.2720046043395996,0.645410418510437,True,100
roman_empire,Sklearn_NeighHet_b350,3,5,MLP,100,198,98,1.0436934232711792,0.6620339751243591,1.0195108652114868,0.6597528457641602,True,100
roman_empire,Sklearn_NeighHet_b350,3,4,H2GCN,101,475,375,1.5312392711639404,0.5372903943061829,1.5316709280014038,0.5275816321372986,True,100
roman_empire,Sklearn_NeighHet_b350,3,5,MLP,101,180,80,1.0454514026641846,0.6558570265769958,1.0275819301605225,0.6548985242843628,True,100
roman_empire,Sklearn_NeighHet_b350,3,5,GCN,100,1000,993,1.6020435094833374,0.4740789830684662,1.620943546295166,0.46866726875305176,False,100
roman_empire,Sklearn_NeighHet_b350,3,5,GCN,101,1000,999,1.604163646697998,0.4782704710960388,1.6251611709594727,0.4653574526309967,False,100
roman_empire,Sklearn_NeighHet_b350,3,4,MixHop,100,835,735,0.6121078133583069,0.7998676300048828,0.6009074449539185,0.7987643480300903,True,100
roman_empire,Sklearn_NeighHet_b350,3,4,MixHop,101,931,831,0.6044791340827942,0.7961165308952332,0.5945364236831665,0.8047219514846802,True,100
roman_empire,Sklearn_NeighHet_b350,3,5,GAT,100,1000,986,1.8166488409042358,0.42069271206855774,1.8273658752441406,0.40909090638160706,False,100
roman_empire,Sklearn_NeighHet_b350,3,5,GAT,101,1000,925,1.8192516565322876,0.41936907172203064,1.828572392463684,0.4055604636669159,False,100
roman_empire,Sklearn_NeighHet_b350,3,5,SAGE,100,713,613,0.7817829251289368,0.748069703578949,0.7723178863525391,0.7511032819747925,True,100
roman_empire,Sklearn_NeighHet_b350,3,5,SAGE,101,1000,981,0.771645724773407,0.7474079132080078,0.7644425630569458,0.7528684735298157,False,100
roman_empire,Sklearn_NeighHet_b350,3,5,GPRGNN,100,1000,972,1.2734358310699463,0.6481359004974365,1.257964849472046,0.64496910572052,False,100
roman_empire,Sklearn_NeighHet_b350,3,5,H2GCN,100,296,196,1.5920790433883667,0.5332009792327881,1.56052565574646,0.5335392951965332,True,100
roman_empire,Sklearn_NeighHet_b350,3,5,GPRGNN,101,684,584,1.2904396057128906,0.6446062326431274,1.276946783065796,0.6414386630058289,True,100
roman_empire,Sklearn_NeighHet_b350,3,5,H2GCN,101,305,205,1.5661983489990234,0.5305536985397339,1.551421880722046,0.5386142730712891,True,100
roman_empire,Sklearn_NeighHet_b350,3,5,MixHop,101,1000,998,0.6105407476425171,0.803220808506012,0.6027571558952332,0.801191508769989,False,100
roman_empire,Sklearn_NeighHet_b350,3,5,MixHop,100,1000,930,0.6110997200012207,0.8012353777885437,0.6061705350875854,0.7983230352401733,False,100
roman_empire,RandomKFold,4,1,MLP,101,188,88,1.0255273580551147,0.660710334777832,1.00780189037323,0.661372184753418,True,100
roman_empire,RandomKFold,4,1,MLP,100,213,113,1.0295522212982178,0.6574012637138367,1.0084277391433716,0.6697551012039185,True,100
roman_empire,RandomKFold,4,1,GCN,101,1000,958,1.5834224224090576,0.4870946407318115,1.5926475524902344,0.48378556966781616,False,100
roman_empire,RandomKFold,4,1,GCN,100,1000,993,1.58319091796875,0.4857710003852844,1.5933462381362915,0.4791528880596161,False,100
roman_empire,RandomKFold,4,1,GAT,100,610,510,1.826141119003296,0.4138539731502533,1.8175392150878906,0.42223691940307617,True,100
roman_empire,RandomKFold,4,1,GAT,101,1000,973,1.807398796081543,0.41208910942077637,1.8000555038452148,0.4213545024394989,False,100
roman_empire,RandomKFold,4,1,SAGE,100,957,857,0.7583532333374023,0.7511581778526306,0.7554997205734253,0.760202944278717,True,100
roman_empire,RandomKFold,4,1,SAGE,101,1000,999,0.7525250315666199,0.7546878457069397,0.7506861686706543,0.7564526796340942,False,100
roman_empire,RandomKFold,4,1,GPRGNN,100,919,819,1.2495402097702026,0.6379880905151367,1.2402764558792114,0.6437237858772278,True,100
roman_empire,RandomKFold,4,1,GPRGNN,101,1000,983,1.249257206916809,0.6415177583694458,1.24359929561615,0.6419589519500732,False,100
roman_empire,RandomKFold,4,1,H2GCN,100,268,168,1.5430257320404053,0.5373924374580383,1.6303125619888306,0.5362894535064697,True,100
roman_empire,RandomKFold,4,2,MLP,100,197,97,1.0334392786026,0.6593115329742432,1.0387674570083618,0.6574012637138367,True,100
roman_empire,RandomKFold,4,2,MLP,101,190,90,1.0393242835998535,0.6635039448738098,1.0399657487869263,0.646371066570282,True,100
roman_empire,RandomKFold,4,1,H2GCN,101,361,261,1.539764165878296,0.538274884223938,1.62014901638031,0.5400397181510925,True,100
roman_empire,RandomKFold,4,2,GCN,100,1000,999,1.6230337619781494,0.4655781090259552,1.584099292755127,0.4818001389503479,False,100
roman_empire,RandomKFold,4,2,GCN,101,1000,938,1.6226274967193604,0.4640335440635681,1.58332097530365,0.4855504035949707,False,100
roman_empire,RandomKFold,4,1,MixHop,101,770,670,0.5896791815757751,0.8023384213447571,0.5924072265625,0.8080741167068481,True,100
roman_empire,RandomKFold,4,1,MixHop,100,1000,987,0.5857151746749878,0.8025590181350708,0.5896943211555481,0.8058680891990662,False,100
roman_empire,RandomKFold,4,2,GAT,100,799,699,1.8483222723007202,0.4117387533187866,1.8211863040924072,0.41076549887657166,True,100
roman_empire,RandomKFold,4,2,GAT,101,1000,944,1.8330576419830322,0.4210061728954315,1.8039805889129639,0.42091330885887146,False,100
roman_empire,RandomKFold,4,2,SAGE,100,1000,921,0.771429717540741,0.751765251159668,0.7638475894927979,0.7520405650138855,False,100
roman_empire,RandomKFold,4,2,SAGE,101,815,715,0.7722749710083008,0.7544130682945251,0.7657496929168701,0.7487315535545349,True,100
roman_empire,RandomKFold,4,2,GPRGNN,100,919,819,1.263819694519043,0.6438658237457275,1.2470407485961914,0.6430619955062866,True,100
roman_empire,RandomKFold,4,2,GPRGNN,101,1000,997,1.2674829959869385,0.643203854560852,1.2520309686660767,0.6415177583694458,False,100
roman_empire,RandomKFold,4,2,H2GCN,100,520,420,1.5877816677093506,0.530008852481842,1.5262558460235596,0.542686939239502,True,100
roman_empire,RandomKFold,4,3,MLP,100,203,103,1.002906084060669,0.6601941585540771,1.0286033153533936,0.6586496233940125,True,100
roman_empire,RandomKFold,4,3,MLP,101,204,104,1.008163332939148,0.6643865704536438,1.0290600061416626,0.6641659140586853,True,100
roman_empire,RandomKFold,4,2,H2GCN,101,392,292,1.5984477996826172,0.5200794339179993,1.5359612703323364,0.5411427021026611,True,100
roman_empire,RandomKFold,4,3,GCN,100,1000,972,1.617711067199707,0.46910855174064636,1.6239882707595825,0.46138569712638855,False,100
roman_empire,RandomKFold,4,3,GCN,101,1000,961,1.6211849451065063,0.47087377309799194,1.6272083520889282,0.46293026208877563,False,100
roman_empire,RandomKFold,4,2,MixHop,100,832,732,0.6136958003044128,0.7989850044250488,0.5975939631462097,0.7959408760070801,True,100
roman_empire,RandomKFold,4,3,GAT,100,747,647,1.8513741493225098,0.406663715839386,1.8536864519119263,0.41129744052886963,True,100
roman_empire,RandomKFold,4,3,GAT,101,1000,997,1.8381534814834595,0.4037952423095703,1.8402658700942993,0.4060017764568329,False,100
roman_empire,RandomKFold,4,2,MixHop,101,1000,991,0.6054379343986511,0.80251544713974,0.5967932343482971,0.7939554452896118,False,100
roman_empire,RandomKFold,4,3,SAGE,100,1000,977,0.7599349617958069,0.750882625579834,0.7777758836746216,0.7530891299247742,False,100
roman_empire,RandomKFold,4,3,SAGE,101,1000,914,0.7548903822898865,0.7563989162445068,0.7708619832992554,0.7557370066642761,False,100
roman_empire,RandomKFold,4,3,GPRGNN,100,918,818,1.2590148448944092,0.645851731300354,1.266911268234253,0.6407766938209534,True,100
roman_empire,RandomKFold,4,3,H2GCN,100,469,369,1.576074481010437,0.5366284251213074,1.623968243598938,0.5220653414726257,True,100
roman_empire,RandomKFold,4,3,GPRGNN,101,1000,948,1.2642980813980103,0.6460723876953125,1.2740538120269775,0.6392320990562439,False,100
roman_empire,RandomKFold,4,4,MLP,100,193,93,1.0452991724014282,0.6529126167297363,1.0059844255447388,0.6635039448738098,True,100
roman_empire,RandomKFold,4,4,MLP,101,192,92,1.036033034324646,0.6590909361839294,1.0036214590072632,0.6661518216133118,True,100
roman_empire,RandomKFold,4,3,H2GCN,101,244,144,1.5884488821029663,0.5262576937675476,1.6121500730514526,0.5139011740684509,True,100
roman_empire,RandomKFold,4,4,GCN,100,1000,999,1.611966609954834,0.4832303524017334,1.6177780628204346,0.4721977114677429,False,100
roman_empire,RandomKFold,4,4,GCN,101,1000,962,1.6118226051330566,0.47793468832969666,1.6178950071334839,0.4748455286026001,False,100
roman_empire,RandomKFold,4,4,GAT,101,772,672,1.8315918445587158,0.4141659438610077,1.8439935445785522,0.4064430594444275,True,100
roman_empire,RandomKFold,4,4,GAT,100,1000,976,1.8283809423446655,0.4057811200618744,1.8369004726409912,0.4055604636669159,False,100
roman_empire,RandomKFold,4,3,MixHop,100,1000,975,0.580443799495697,0.8075904846191406,0.6021113395690918,0.8036187291145325,False,100
roman_empire,RandomKFold,4,3,MixHop,101,1000,982,0.5825169086456299,0.8069285154342651,0.6039844155311584,0.8022947907447815,False,100
roman_empire,RandomKFold,4,4,SAGE,100,713,613,0.7805326581001282,0.7535304427146912,0.7595506906509399,0.7541924118995667,True,100
roman_empire,RandomKFold,4,4,SAGE,101,1000,981,0.7728941440582275,0.7533097863197327,0.7541823387145996,0.7572815418243408,False,100
roman_empire,RandomKFold,4,4,GPRGNN,100,757,657,1.2778003215789795,0.6509267687797546,1.2744858264923096,0.6460723876953125,True,100
roman_empire,RandomKFold,4,4,H2GCN,100,483,383,1.557315707206726,0.5370697379112244,1.5619006156921387,0.5370697379112244,True,100
roman_empire,RandomKFold,4,4,GPRGNN,101,915,815,1.2711020708084106,0.6489408612251282,1.264662265777588,0.6447484493255615,True,100
roman_empire,RandomKFold,4,4,H2GCN,101,303,203,1.5574079751968384,0.5269196629524231,1.5572121143341064,0.5355251431465149,True,100
roman_empire,RandomKFold,4,5,MLP,100,203,103,1.006686806678772,0.6651224493980408,1.0371553897857666,0.6586496233940125,True,100
roman_empire,RandomKFold,4,5,MLP,101,206,106,1.00461745262146,0.6673284769058228,1.0436547994613647,0.6573256850242615,True,100
roman_empire,RandomKFold,4,5,GCN,100,863,763,1.6005280017852783,0.475623220205307,1.622056007385254,0.47903794050216675,True,100
roman_empire,RandomKFold,4,5,GCN,101,1000,988,1.595517873764038,0.47760865092277527,1.6170696020126343,0.47881731390953064,False,100
roman_empire,RandomKFold,4,4,MixHop,100,1000,942,0.6156001091003418,0.801191508769989,0.5827708840370178,0.8126654624938965,False,100
roman_empire,RandomKFold,4,5,GAT,100,966,866,1.8041208982467651,0.4251047968864441,1.83423912525177,0.4152691960334778,True,100
roman_empire,RandomKFold,4,4,MixHop,101,1000,965,0.6135995388031006,0.8027361035346985,0.5813506841659546,0.8086937069892883,False,100
roman_empire,RandomKFold,4,5,GAT,101,986,886,1.7991694211959839,0.43061989545822144,1.8256393671035767,0.40909090638160706,True,100
roman_empire,RandomKFold,4,5,SAGE,101,736,636,0.7604848146438599,0.7621883749961853,0.7780443429946899,0.7577228546142578,True,100
roman_empire,RandomKFold,4,5,SAGE,100,930,830,0.7583728432655334,0.7575557231903076,0.7784444093704224,0.7544130682945251,True,100
roman_empire,RandomKFold,4,5,GPRGNN,100,756,656,1.2464334964752197,0.6468122601509094,1.266136646270752,0.6493821740150452,True,100
roman_empire,RandomKFold,4,5,H2GCN,100,370,270,1.550082802772522,0.5418045520782471,1.5806591510772705,0.530008852481842,True,100
roman_empire,RandomKFold,4,5,GPRGNN,101,1000,922,1.241343379020691,0.6437237858772278,1.257871389389038,0.6482788920402527,False,100
roman_empire,RandomKFold,4,5,H2GCN,101,390,290,1.5297874212265015,0.5424663424491882,1.605972170829773,0.5304501056671143,True,100
roman_empire,RandomKFold,4,5,MixHop,101,820,720,0.592909574508667,0.8047650456428528,0.6180660724639893,0.7958958745002747,True,100
roman_empire,RandomKFold,4,5,MixHop,100,903,803,0.59183269739151,0.8038826584815979,0.6184520125389099,0.7992056608200073,True,100
roman_empire,LabelStratifiedKFold,4,1,MLP,101,196,96,1.0290262699127197,0.6640194058418274,1.0020102262496948,0.6644605994224548,True,100
roman_empire,LabelStratifiedKFold,4,1,MLP,100,196,96,1.0252554416656494,0.6637988090515137,1.0012606382369995,0.6620339751243591,True,100
roman_empire,LabelStratifiedKFold,4,1,GCN,100,1000,993,1.613283395767212,0.4727553427219391,1.590221643447876,0.47893226146698,False,100
roman_empire,LabelStratifiedKFold,4,1,GCN,101,1000,987,1.6158944368362427,0.47099050879478455,1.5938611030578613,0.47738805413246155,False,100
roman_empire,LabelStratifiedKFold,4,1,GAT,100,708,608,1.8424147367477417,0.4109860956668854,1.8235498666763306,0.4187072515487671,True,100
roman_empire,LabelStratifiedKFold,4,1,GAT,101,1000,972,1.8255970478057861,0.41208910942077637,1.8081456422805786,0.41716301441192627,False,100
roman_empire,LabelStratifiedKFold,4,1,SAGE,100,616,516,0.7752798795700073,0.752261221408844,0.7531737685203552,0.7491727471351624,True,100
roman_empire,LabelStratifiedKFold,4,1,SAGE,101,1000,981,0.7665273547172546,0.7553496360778809,0.7440522313117981,0.7551290392875671,False,100
roman_empire,LabelStratifiedKFold,4,1,GPRGNN,100,1000,971,1.264292597770691,0.6428413987159729,1.2445104122161865,0.6461504697799683,False,100
roman_empire,LabelStratifiedKFold,4,1,H2GCN,100,381,281,1.533968210220337,0.5466578602790833,1.5282834768295288,0.527465283870697,True,100
roman_empire,LabelStratifiedKFold,4,1,GPRGNN,101,995,895,1.2680330276489258,0.6393117308616638,1.2486437559127808,0.6448268294334412,True,100
roman_empire,LabelStratifiedKFold,4,2,MLP,100,202,102,1.0249696969985962,0.6621800661087036,1.0251041650772095,0.669313907623291,True,100
roman_empire,LabelStratifiedKFold,4,2,MLP,101,196,96,1.0260337591171265,0.657105028629303,1.0197968482971191,0.6704169511795044,True,100
roman_empire,LabelStratifiedKFold,4,1,H2GCN,101,322,222,1.5456289052963257,0.5367306470870972,1.5601842403411865,0.5204058885574341,True,100
roman_empire,LabelStratifiedKFold,4,2,GCN,100,1000,980,1.6072611808776855,0.47639012336730957,1.6153470277786255,0.47385838627815247,False,100
roman_empire,LabelStratifiedKFold,4,2,GCN,101,1000,957,1.6074179410934448,0.4750661849975586,1.618575096130371,0.47496140003204346,False,100
roman_empire,LabelStratifiedKFold,4,2,GAT,100,610,510,1.8458259105682373,0.41063547134399414,1.8470442295074463,0.4059121906757355,True,100
roman_empire,LabelStratifiedKFold,4,1,MixHop,100,1000,930,0.6047224998474121,0.8012353777885437,0.5831787586212158,0.8087359070777893,False,100
roman_empire,LabelStratifiedKFold,4,1,MixHop,101,975,875,0.603766679763794,0.8027796149253845,0.5818427205085754,0.8149128556251526,True,100
roman_empire,LabelStratifiedKFold,4,2,GAT,101,994,894,1.8350690603256226,0.41879963874816895,1.8338792324066162,0.41848665475845337,True,100
roman_empire,LabelStratifiedKFold,4,2,SAGE,100,833,733,0.7753141522407532,0.7522065043449402,0.7710025310516357,0.748069703578949,True,100
roman_empire,LabelStratifiedKFold,4,2,SAGE,101,1000,998,0.7695021033287048,0.7572815418243408,0.7678589224815369,0.752261221408844,False,100
roman_empire,LabelStratifiedKFold,4,2,GPRGNN,100,795,695,1.2667150497436523,0.644527792930603,1.2760868072509766,0.6430619955062866,True,100
roman_empire,LabelStratifiedKFold,4,2,H2GCN,100,484,384,1.5431852340698242,0.5361871123313904,1.5516213178634644,0.54048091173172,True,100
roman_empire,LabelStratifiedKFold,4,2,GPRGNN,101,1000,909,1.253071904182434,0.646734356880188,1.2648427486419678,0.6424002051353455,False,100
roman_empire,LabelStratifiedKFold,4,3,MLP,100,194,94,1.039305567741394,0.6637246012687683,1.0246708393096924,0.6606354713439941,True,100
roman_empire,LabelStratifiedKFold,4,3,MLP,101,191,91,1.0368578433990479,0.6628420352935791,1.0229511260986328,0.6621800661087036,True,100
roman_empire,LabelStratifiedKFold,4,2,H2GCN,101,285,185,1.547102928161621,0.5359664559364319,1.5461363792419434,0.5393778681755066,True,100
roman_empire,LabelStratifiedKFold,4,3,GCN,100,1000,980,1.5979211330413818,0.48587819933891296,1.607306718826294,0.47992056608200073,False,100
roman_empire,LabelStratifiedKFold,4,3,GCN,101,1000,998,1.5979421138763428,0.4830096960067749,1.606623888015747,0.4768314063549042,False,100
roman_empire,LabelStratifiedKFold,4,2,MixHop,100,835,735,0.6089949607849121,0.8027361035346985,0.6122795343399048,0.7979263067245483,True,100
roman_empire,LabelStratifiedKFold,4,3,GAT,100,618,518,1.8372958898544312,0.4055604636669159,1.8484281301498413,0.4037952423095703,True,100
roman_empire,LabelStratifiedKFold,4,2,MixHop,101,931,831,0.6049075126647949,0.8086937069892883,0.608001708984375,0.8071917295455933,True,100
roman_empire,LabelStratifiedKFold,4,3,GAT,101,1000,945,1.8129279613494873,0.4234333634376526,1.8249810934066772,0.4132833182811737,False,100
roman_empire,LabelStratifiedKFold,4,3,SAGE,100,1000,900,0.7588965892791748,0.7586054801940918,0.7730574607849121,0.7572815418243408,True,100
roman_empire,LabelStratifiedKFold,4,3,SAGE,101,753,653,0.7623394727706909,0.760370671749115,0.7730850577354431,0.7563989162445068,True,100
roman_empire,LabelStratifiedKFold,4,3,GPRGNN,100,1000,901,1.2607587575912476,0.644527792930603,1.2520103454589844,0.6540158987045288,False,100
roman_empire,LabelStratifiedKFold,4,3,GPRGNN,101,1000,997,1.258199691772461,0.6414386630058289,1.2509385347366333,0.6500441431999207,False,100
roman_empire,LabelStratifiedKFold,4,3,H2GCN,100,175,75,1.6629958152770996,0.5200794339179993,1.628273606300354,0.5183141827583313,True,100
roman_empire,LabelStratifiedKFold,4,4,MLP,100,194,94,1.0535258054733276,0.6564430594444275,1.0387091636657715,0.6612974405288696,True,100
roman_empire,LabelStratifiedKFold,4,4,MLP,101,183,83,1.048871397972107,0.6551191806793213,1.0339245796203613,0.6639452576637268,True,100
roman_empire,LabelStratifiedKFold,4,3,H2GCN,101,272,172,1.5994609594345093,0.5361871123313904,1.5719152688980103,0.530008852481842,True,100
roman_empire,LabelStratifiedKFold,4,4,GCN,100,1000,993,1.6203290224075317,0.4719770550727844,1.5936270952224731,0.4819064438343048,False,100
roman_empire,LabelStratifiedKFold,4,4,GCN,101,1000,975,1.621254801750183,0.4750661849975586,1.597343921661377,0.48014122247695923,False,100
roman_empire,LabelStratifiedKFold,4,4,GAT,100,793,693,1.831504225730896,0.4055604636669159,1.8208528757095337,0.4148278832435608,True,100
roman_empire,LabelStratifiedKFold,4,3,MixHop,100,980,880,0.5821141004562378,0.8056045770645142,0.6076663732528687,0.7976610660552979,True,100
roman_empire,LabelStratifiedKFold,4,4,GAT,101,1000,1000,1.8262428045272827,0.41129744052886963,1.8140147924423218,0.4247572720050812,False,100
roman_empire,LabelStratifiedKFold,4,3,MixHop,101,1000,999,0.5809577107429504,0.8097969889640808,0.6088732481002808,0.7992056608200073,False,100
roman_empire,LabelStratifiedKFold,4,4,SAGE,100,984,884,0.7790272831916809,0.749558687210083,0.7608824372291565,0.7572815418243408,True,100
roman_empire,LabelStratifiedKFold,4,4,SAGE,101,1000,963,0.7769421339035034,0.750882625579834,0.7597946524620056,0.7594881057739258,False,100
roman_empire,LabelStratifiedKFold,4,4,GPRGNN,100,920,820,1.2556328773498535,0.6407766938209534,1.252996563911438,0.6401147246360779,True,100
roman_empire,LabelStratifiedKFold,4,4,H2GCN,100,150,50,1.7729231119155884,0.4980141222476959,1.6989959478378296,0.5114739537239075,True,100
roman_empire,LabelStratifiedKFold,4,4,GPRGNN,101,1000,936,1.259264349937439,0.6387908458709717,1.254482388496399,0.6416593194007874,False,100
roman_empire,LabelStratifiedKFold,4,5,MLP,100,205,105,0.9934579133987427,0.6695345044136047,1.0622986555099487,0.6551191806793213,True,100
roman_empire,LabelStratifiedKFold,4,5,MLP,101,184,84,1.0003398656845093,0.6646812558174133,1.0583471059799194,0.6513680219650269,True,100
roman_empire,LabelStratifiedKFold,4,4,H2GCN,101,196,96,1.6810173988342285,0.5249338150024414,1.6902027130126953,0.5240511894226074,True,100
roman_empire,LabelStratifiedKFold,4,5,GCN,100,1000,994,1.5873298645019531,0.4804764986038208,1.6176387071609497,0.47705206274986267,False,100
roman_empire,LabelStratifiedKFold,4,5,GCN,101,1000,987,1.5894603729248047,0.4844473898410797,1.6202770471572876,0.47903794050216675,False,100
roman_empire,LabelStratifiedKFold,4,4,MixHop,100,765,665,0.6177175045013428,0.8005295395851135,0.5879656672477722,0.8000882863998413,True,100
roman_empire,LabelStratifiedKFold,4,5,GAT,100,572,472,1.8238213062286377,0.4098830819129944,1.8459389209747314,0.3976169526576996,True,100
roman_empire,LabelStratifiedKFold,4,5,GAT,101,773,673,1.8101524114608765,0.41848665475845337,1.8336254358291626,0.40864959359169006,True,100
roman_empire,LabelStratifiedKFold,4,5,SAGE,100,770,670,0.750607967376709,0.7531436085700989,0.7849113345146179,0.7488967180252075,True,100
roman_empire,LabelStratifiedKFold,4,4,MixHop,101,1000,991,0.6089144349098206,0.7978817224502563,0.5837071537971497,0.7998676300048828,False,100
roman_empire,LabelStratifiedKFold,4,5,SAGE,101,843,743,0.7474707365036011,0.7515993714332581,0.7837862968444824,0.748676061630249,True,100
roman_empire,LabelStratifiedKFold,4,5,GPRGNN,101,661,561,1.2604900598526,0.646371066570282,1.28714120388031,0.6354809999465942,True,100
roman_empire,LabelStratifiedKFold,4,5,GPRGNN,100,1000,900,1.2368816137313843,0.6454886198043823,1.2647497653961182,0.6381288766860962,True,100
roman_empire,LabelStratifiedKFold,4,5,H2GCN,100,357,257,1.5657044649124146,0.5241562128067017,1.563313603401184,0.5379523634910583,True,100
roman_empire,LabelStratifiedKFold,4,5,H2GCN,101,317,217,1.560700535774231,0.516876220703125,1.5667190551757812,0.539496898651123,True,100
roman_empire,LabelStratifiedKFold,4,5,MixHop,101,684,584,0.5890557765960693,0.8030002117156982,0.6214921474456787,0.7996469736099243,True,100
roman_empire,LabelStratifiedKFold,4,5,MixHop,100,854,754,0.5885180830955505,0.8076329231262207,0.6210843324661255,0.801632821559906,True,100
roman_empire,Sklearn_NeighHet_b300,4,1,MLP,100,196,96,1.0447365045547485,0.6637988090515137,1.0127049684524536,0.6646812558174133,True,100
roman_empire,Sklearn_NeighHet_b300,4,1,MLP,101,198,98,1.0494624376296997,0.6534304022789001,1.0120607614517212,0.6582837104797363,True,100
roman_empire,Sklearn_NeighHet_b300,4,1,GCN,100,1000,993,1.6177802085876465,0.46724024415016174,1.6005516052246094,0.4930509626865387,False,100
roman_empire,Sklearn_NeighHet_b300,4,1,GCN,101,1000,987,1.6188188791275024,0.46348994970321655,1.602072834968567,0.48599162697792053,False,100
roman_empire,Sklearn_NeighHet_b300,4,1,GAT,101,772,672,1.8226960897445679,0.40767702460289,1.8281254768371582,0.422678142786026,True,100
roman_empire,Sklearn_NeighHet_b300,4,1,GAT,100,1000,973,1.8165719509124756,0.4127509295940399,1.8211214542388916,0.42819324135780334,False,100
roman_empire,Sklearn_NeighHet_b300,4,1,SAGE,100,626,526,0.7764464616775513,0.7531436085700989,0.7638365030288696,0.7524818181991577,True,100
roman_empire,Sklearn_NeighHet_b300,4,1,SAGE,101,996,896,0.7700265645980835,0.7507169842720032,0.7550803422927856,0.7546878457069397,True,100
roman_empire,Sklearn_NeighHet_b300,4,1,GPRGNN,100,817,717,1.2755793333053589,0.6523273587226868,1.2578855752944946,0.6446062326431274,True,100
roman_empire,Sklearn_NeighHet_b300,4,1,H2GCN,100,266,166,1.5970097780227661,0.5243768095970154,1.5941373109817505,0.5248180031776428,True,100
roman_empire,Sklearn_NeighHet_b300,4,1,H2GCN,101,245,145,1.6150404214859009,0.5237149596214294,1.5813546180725098,0.5261416435241699,True,100
roman_empire,Sklearn_NeighHet_b300,4,2,MLP,100,190,90,1.0255401134490967,0.6657105088233948,1.0434080362319946,0.6622545719146729,True,100
roman_empire,Sklearn_NeighHet_b300,4,2,MLP,101,191,91,1.018816351890564,0.6654898524284363,1.0409464836120605,0.662916362285614,True,100
roman_empire,Sklearn_NeighHet_b300,4,1,GPRGNN,101,1000,981,1.270736813545227,0.6525479555130005,1.2526640892028809,0.6465916633605957,False,100
roman_empire,Sklearn_NeighHet_b300,4,2,GCN,100,1000,995,1.6010932922363281,0.4724183678627014,1.6181148290634155,0.45996028184890747,False,100
roman_empire,Sklearn_NeighHet_b300,4,2,GCN,101,1000,957,1.6033620834350586,0.46977052092552185,1.6175591945648193,0.46459299325942993,False,100
roman_empire,Sklearn_NeighHet_b300,4,1,MixHop,100,778,678,0.6063085198402405,0.8036620616912842,0.5926579236984253,0.8014559745788574,True,100
roman_empire,Sklearn_NeighHet_b300,4,2,GAT,100,1000,938,1.8163083791732788,0.41703441739082336,1.8118095397949219,0.4138539731502533,False,100
roman_empire,Sklearn_NeighHet_b300,4,2,GAT,101,1000,915,1.8180087804794312,0.4139452874660492,1.814950942993164,0.4123097360134125,False,100
roman_empire,Sklearn_NeighHet_b300,4,2,SAGE,100,1000,912,0.7711598873138428,0.7541924118995667,0.7674506902694702,0.752261221408844,False,100
roman_empire,Sklearn_NeighHet_b300,4,1,MixHop,101,1000,949,0.5996026992797852,0.8089565634727478,0.5852815508842468,0.8027796149253845,False,100
roman_empire,Sklearn_NeighHet_b300,4,2,SAGE,101,837,737,0.7717857956886292,0.7544130682945251,0.765072762966156,0.7504963874816895,True,100
roman_empire,Sklearn_NeighHet_b300,4,2,GPRGNN,100,918,818,1.2492014169692993,0.6555604338645935,1.268362045288086,0.657180666923523,True,100
roman_empire,Sklearn_NeighHet_b300,4,2,H2GCN,100,576,476,1.4881850481033325,0.5458958745002747,1.5528504848480225,0.5325391292572021,True,100
roman_empire,Sklearn_NeighHet_b300,4,2,GPRGNN,101,1000,997,1.247923731803894,0.656222403049469,1.2660388946533203,0.6582837104797363,False,100
roman_empire,Sklearn_NeighHet_b300,4,3,MLP,100,199,99,1.02691650390625,0.6604148149490356,1.0206516981124878,0.6650485396385193,True,100
roman_empire,Sklearn_NeighHet_b300,4,3,MLP,101,197,97,1.0290075540542603,0.6582083106040955,1.0151710510253906,0.6652691960334778,True,100
roman_empire,Sklearn_NeighHet_b300,4,2,H2GCN,101,494,394,1.486016869544983,0.5430273413658142,1.549676537513733,0.5265828371047974,True,100
roman_empire,Sklearn_NeighHet_b300,4,3,GCN,100,1000,993,1.619791865348816,0.47881731390953064,1.6008269786834717,0.4755074977874756,False,100
roman_empire,Sklearn_NeighHet_b300,4,3,GCN,101,1000,957,1.620658278465271,0.4757281541824341,1.6028790473937988,0.4750661849975586,False,100
roman_empire,Sklearn_NeighHet_b300,4,2,MixHop,100,823,723,0.6075494885444641,0.7972197532653809,0.6028891205787659,0.8007941842079163,True,100
roman_empire,Sklearn_NeighHet_b300,4,3,GAT,100,1000,961,1.8331049680709839,0.4128420054912567,1.8214120864868164,0.4143865704536438,False,100
roman_empire,Sklearn_NeighHet_b300,4,2,MixHop,101,1000,981,0.6008634567260742,0.800750195980072,0.5941433310508728,0.8065298795700073,False,100
roman_empire,Sklearn_NeighHet_b300,4,3,GAT,101,1000,992,1.8356379270553589,0.4115180969238281,1.825336217880249,0.4132833182811737,False,100
roman_empire,Sklearn_NeighHet_b300,4,3,SAGE,100,927,827,0.7871353030204773,0.750882625579834,0.7758687138557434,0.7535304427146912,True,100
roman_empire,Sklearn_NeighHet_b300,4,3,SAGE,101,799,699,0.7842305302619934,0.7502206563949585,0.7749216556549072,0.7506619691848755,True,100
roman_empire,Sklearn_NeighHet_b300,4,3,GPRGNN,100,919,819,1.2674943208694458,0.6414386630058289,1.2471257448196411,0.6487202048301697,True,100
roman_empire,Sklearn_NeighHet_b300,4,3,H2GCN,100,390,290,1.5710608959197998,0.5350838303565979,1.5094295740127563,0.5428066849708557,True,100
roman_empire,Sklearn_NeighHet_b300,4,3,GPRGNN,101,1000,998,1.2639579772949219,0.6493821740150452,1.2457911968231201,0.6507061123847961,False,100
roman_empire,Sklearn_NeighHet_b300,4,4,MLP,100,196,96,1.0208231210708618,0.6628420352935791,1.0427864789962769,0.6555604338645935,True,100
roman_empire,Sklearn_NeighHet_b300,4,4,MLP,101,200,100,1.0185067653656006,0.6615180969238281,1.04718816280365,0.657105028629303,True,100
roman_empire,Sklearn_NeighHet_b300,4,3,H2GCN,101,508,408,1.5593407154083252,0.5337599515914917,1.509308934211731,0.5443512797355652,True,100
roman_empire,Sklearn_NeighHet_b300,4,4,GCN,100,1000,993,1.5944445133209229,0.4845542907714844,1.619547724723816,0.4748455286026001,False,100
roman_empire,Sklearn_NeighHet_b300,4,4,GCN,101,1000,974,1.5956697463989258,0.4825684130191803,1.6208508014678955,0.4744042456150055,False,100
roman_empire,Sklearn_NeighHet_b300,4,3,MixHop,101,854,754,0.6192086338996887,0.7969990968704224,0.603500247001648,0.8018534779548645,True,100
roman_empire,Sklearn_NeighHet_b300,4,4,GAT,100,640,540,1.834754467010498,0.41107678413391113,1.8557331562042236,0.40070608258247375,True,100
roman_empire,Sklearn_NeighHet_b300,4,3,MixHop,100,1000,923,0.6132950186729431,0.7950132489204407,0.6053054332733154,0.8000882863998413,False,100
roman_empire,Sklearn_NeighHet_b300,4,4,GAT,101,1000,973,1.8176286220550537,0.4135039746761322,1.8357433080673218,0.4037952423095703,False,100
roman_empire,Sklearn_NeighHet_b300,4,4,SAGE,100,618,518,0.7531760334968567,0.7546337246894836,0.7961415648460388,0.7464695572853088,True,100
roman_empire,Sklearn_NeighHet_b300,4,4,SAGE,101,800,700,0.7514628767967224,0.7502206563949585,0.7893059253692627,0.7480140924453735,True,100
roman_empire,Sklearn_NeighHet_b300,4,4,GPRGNN,100,757,657,1.255958080291748,0.6381288766860962,1.280097484588623,0.6416593194007874,True,100
roman_empire,Sklearn_NeighHet_b300,4,4,H2GCN,100,306,206,1.5550117492675781,0.5392762422561646,1.580124020576477,0.5344218611717224,True,100
roman_empire,Sklearn_NeighHet_b300,4,4,GPRGNN,101,1000,945,1.2432562112808228,0.6381288766860962,1.2700592279434204,0.6443071365356445,False,100
roman_empire,Sklearn_NeighHet_b300,4,4,H2GCN,101,379,279,1.557519793510437,0.5434686541557312,1.6020596027374268,0.5319947004318237,True,100
roman_empire,Sklearn_NeighHet_b300,4,5,MLP,100,196,96,1.001835823059082,0.661372184753418,1.008952021598816,0.6617387533187866,True,100
roman_empire,Sklearn_NeighHet_b300,4,5,MLP,101,203,103,0.9999192953109741,0.662916362285614,1.0011101961135864,0.6617387533187866,True,100
roman_empire,Sklearn_NeighHet_b300,4,5,GCN,100,1000,946,1.6022599935531616,0.4815795421600342,1.599850058555603,0.48014122247695923,False,100
roman_empire,Sklearn_NeighHet_b300,4,5,GCN,101,1000,952,1.6037417650222778,0.4844473898410797,1.5986769199371338,0.4821271002292633,False,100
roman_empire,Sklearn_NeighHet_b300,4,4,MixHop,100,820,720,0.5909321904182434,0.7985436916351318,0.6261546015739441,0.791262149810791,True,100
roman_empire,Sklearn_NeighHet_b300,4,5,GAT,100,714,614,1.8336784839630127,0.4112066924571991,1.8293342590332031,0.41725507378578186,True,100
roman_empire,Sklearn_NeighHet_b300,4,5,GAT,101,818,718,1.8239638805389404,0.42709022760391235,1.8204519748687744,0.42696380615234375,True,100
roman_empire,Sklearn_NeighHet_b300,4,4,MixHop,101,1000,981,0.5855278968811035,0.8100176453590393,0.6222352385520935,0.7956752181053162,False,100
roman_empire,Sklearn_NeighHet_b300,4,5,SAGE,100,880,780,0.7551830410957336,0.7568938732147217,0.7487695217132568,0.7550750374794006,True,100
roman_empire,Sklearn_NeighHet_b300,4,5,SAGE,101,703,603,0.7548351883888245,0.7582175135612488,0.7503764629364014,0.7579435110092163,True,100
roman_empire,Sklearn_NeighHet_b300,4,5,GPRGNN,100,920,820,1.2506271600723267,0.6426208019256592,1.2471498250961304,0.6365842819213867,True,100
roman_empire,Sklearn_NeighHet_b300,4,5,GPRGNN,101,1000,908,1.260286808013916,0.6428413987159729,1.2547825574874878,0.6370255947113037,False,100
roman_empire,Sklearn_NeighHet_b300,4,5,H2GCN,100,498,398,1.550018310546875,0.5362894535064697,1.5680301189422607,0.541703462600708,True,100
roman_empire,Sklearn_NeighHet_b300,4,5,H2GCN,101,555,455,1.5497835874557495,0.5395985245704651,1.627468228340149,0.5423653721809387,True,100
roman_empire,Sklearn_NeighHet_b300,4,5,MixHop,100,917,817,0.5808991193771362,0.80101478099823,0.585394561290741,0.8100176453590393,True,100
roman_empire,Sklearn_NeighHet_b300,4,5,MixHop,101,978,878,0.5773046016693115,0.8023384213447571,0.5824930667877197,0.8080317974090576,True,100
