Dataset,StratificationType,Fold_Seed,Fold,Model,Init_Seed,Epoch,Test_Accuracy
Cora,ClassBasedStratification,0,1,MLP,100,1000,0.7287822878228782
Cora,ClassBasedStratification,0,1,MLP,101,1000,0.7232472324723247
Cora,ClassBasedStratification,0,1,MLP,102,1000,0.7250922509225092
Cora,ClassBasedStratification,0,1,MLP,103,1000,0.7177121771217713
Cora,ClassBasedStratification,0,1,MLP,104,1000,0.7416974169741697
Cora,ClassBasedStratification,0,1,MLP,105,1000,0.7195571955719557
Cora,ClassBasedStratification,0,1,MLP,106,1000,0.7287822878228782
Cora,ClassBasedStratification,0,1,MLP,107,1000,0.7232472324723247
Cora,ClassBasedStratification,0,1,MLP,108,1000,0.7250922509225092
Cora,ClassBasedStratification,0,1,MLP,109,1000,0.7416974169741697
Cora,ClassBasedStratification,0,1,GCN,100,1000,0.8782287822878229
Cora,ClassBasedStratification,0,1,GCN,101,1000,0.8745387453874539
Cora,ClassBasedStratification,0,1,GCN,102,1000,0.8745387453874539
Cora,ClassBasedStratification,0,1,GCN,103,1000,0.8708487084870848
Cora,ClassBasedStratification,0,1,GCN,104,1000,0.8837638376383764
Cora,ClassBasedStratification,0,1,GCN,105,1000,0.8763837638376384
Cora,ClassBasedStratification,0,1,GCN,106,1000,0.8782287822878229
Cora,ClassBasedStratification,0,1,GCN,107,1000,0.8708487084870848
Cora,ClassBasedStratification,0,1,GCN,108,1000,0.8745387453874539
Cora,ClassBasedStratification,0,1,GCN,109,1000,0.8819188191881919
Cora,ClassBasedStratification,0,1,GAT,100,1000,0.8800738007380073
Cora,ClassBasedStratification,0,1,GAT,101,1000,0.8892988929889298
Cora,ClassBasedStratification,0,1,GAT,102,1000,0.8948339483394834
Cora,ClassBasedStratification,0,1,GAT,103,1000,0.8874538745387454
Cora,ClassBasedStratification,0,1,GAT,104,1000,0.8874538745387454
Cora,ClassBasedStratification,0,1,GAT,105,1000,0.8892988929889298
Cora,ClassBasedStratification,0,1,GAT,106,1000,0.8892988929889298
Cora,ClassBasedStratification,0,1,GAT,107,1000,0.8837638376383764
Cora,ClassBasedStratification,0,1,GAT,108,1000,0.8911439114391144
Cora,ClassBasedStratification,0,1,GAT,109,1000,0.8948339483394834
Cora,ClassBasedStratification,0,1,SAGE,100,1000,0.8856088560885609
Cora,ClassBasedStratification,0,1,SAGE,101,1000,0.8745387453874539
Cora,ClassBasedStratification,0,1,SAGE,102,1000,0.8782287822878229
Cora,ClassBasedStratification,0,1,SAGE,103,1000,0.8856088560885609
Cora,ClassBasedStratification,0,1,SAGE,104,1000,0.8819188191881919
Cora,ClassBasedStratification,0,1,SAGE,105,1000,0.8874538745387454
Cora,ClassBasedStratification,0,1,SAGE,106,1000,0.8800738007380073
Cora,ClassBasedStratification,0,1,SAGE,107,1000,0.8782287822878229
Cora,ClassBasedStratification,0,1,SAGE,108,1000,0.8745387453874539
Cora,ClassBasedStratification,0,1,SAGE,109,1000,0.8726937269372693
Cora,ClassBasedStratification,0,1,MixHop,100,1000,0.8856088560885609
Cora,ClassBasedStratification,0,1,MixHop,101,1000,0.8745387453874539
Cora,ClassBasedStratification,0,1,MixHop,102,1000,0.8856088560885609
Cora,ClassBasedStratification,0,1,MixHop,103,1000,0.8690036900369004
Cora,ClassBasedStratification,0,1,MixHop,104,1000,0.8874538745387454
Cora,ClassBasedStratification,0,1,MixHop,105,1000,0.8745387453874539
Cora,ClassBasedStratification,0,1,MixHop,106,1000,0.8763837638376384
Cora,ClassBasedStratification,0,1,MixHop,107,1000,0.8782287822878229
Cora,ClassBasedStratification,0,1,MixHop,108,1000,0.8745387453874539
Cora,ClassBasedStratification,0,1,MixHop,109,1000,0.8837638376383764
Cora,ClassBasedStratification,0,2,MLP,100,1000,0.7619926199261993
Cora,ClassBasedStratification,0,2,MLP,101,1000,0.7601476014760148
Cora,ClassBasedStratification,0,2,MLP,102,1000,0.7527675276752768
Cora,ClassBasedStratification,0,2,MLP,103,1000,0.7509225092250923
Cora,ClassBasedStratification,0,2,MLP,104,1000,0.7601476014760148
Cora,ClassBasedStratification,0,2,MLP,105,1000,0.7416974169741697
Cora,ClassBasedStratification,0,2,MLP,106,1000,0.7583025830258303
Cora,ClassBasedStratification,0,2,MLP,107,1000,0.7509225092250923
Cora,ClassBasedStratification,0,2,MLP,108,1000,0.7490774907749077
Cora,ClassBasedStratification,0,2,MLP,109,1000,0.7583025830258303
Cora,ClassBasedStratification,0,2,GCN,100,1000,0.8985239852398524
Cora,ClassBasedStratification,0,2,GCN,101,1000,0.9059040590405903
Cora,ClassBasedStratification,0,2,GCN,102,1000,0.9003690036900369
Cora,ClassBasedStratification,0,2,GCN,103,1000,0.9077490774907748
Cora,ClassBasedStratification,0,2,GCN,104,1000,0.8966789667896679
Cora,ClassBasedStratification,0,2,GCN,105,1000,0.9003690036900369
Cora,ClassBasedStratification,0,2,GCN,106,1000,0.8892988929889298
Cora,ClassBasedStratification,0,2,GCN,107,1000,0.8966789667896679
Cora,ClassBasedStratification,0,2,GCN,108,1000,0.9003690036900369
Cora,ClassBasedStratification,0,2,GCN,109,1000,0.904059040590406
Cora,ClassBasedStratification,0,2,GAT,100,1000,0.911439114391144
Cora,ClassBasedStratification,0,2,GAT,101,1000,0.9077490774907748
Cora,ClassBasedStratification,0,2,GAT,102,1000,0.9059040590405903
Cora,ClassBasedStratification,0,2,GAT,103,1000,0.8966789667896679
Cora,ClassBasedStratification,0,2,GAT,104,1000,0.9022140221402214
Cora,ClassBasedStratification,0,2,GAT,105,1000,0.904059040590406
Cora,ClassBasedStratification,0,2,GAT,106,1000,0.9059040590405903
Cora,ClassBasedStratification,0,2,GAT,107,1000,0.9095940959409594
Cora,ClassBasedStratification,0,2,GAT,108,1000,0.904059040590406
Cora,ClassBasedStratification,0,2,GAT,109,1000,0.911439114391144
Cora,ClassBasedStratification,0,2,SAGE,100,1000,0.8929889298892989
Cora,ClassBasedStratification,0,2,SAGE,101,1000,0.8985239852398524
Cora,ClassBasedStratification,0,2,SAGE,102,1000,0.8892988929889298
Cora,ClassBasedStratification,0,2,SAGE,103,1000,0.9003690036900369
Cora,ClassBasedStratification,0,2,SAGE,104,1000,0.8911439114391144
Cora,ClassBasedStratification,0,2,SAGE,105,1000,0.8985239852398524
Cora,ClassBasedStratification,0,2,SAGE,106,1000,0.8892988929889298
Cora,ClassBasedStratification,0,2,SAGE,107,1000,0.8892988929889298
Cora,ClassBasedStratification,0,2,SAGE,108,1000,0.8966789667896679
Cora,ClassBasedStratification,0,2,SAGE,109,1000,0.8837638376383764
Cora,ClassBasedStratification,0,2,MixHop,100,1000,0.8892988929889298
Cora,ClassBasedStratification,0,2,MixHop,101,1000,0.8966789667896679
Cora,ClassBasedStratification,0,2,MixHop,102,1000,0.8911439114391144
Cora,ClassBasedStratification,0,2,MixHop,103,1000,0.8985239852398524
Cora,ClassBasedStratification,0,2,MixHop,104,1000,0.9022140221402214
Cora,ClassBasedStratification,0,2,MixHop,105,1000,0.8985239852398524
Cora,ClassBasedStratification,0,2,MixHop,106,1000,0.8948339483394834
Cora,ClassBasedStratification,0,2,MixHop,107,1000,0.8929889298892989
Cora,ClassBasedStratification,0,2,MixHop,108,1000,0.8856088560885609
Cora,ClassBasedStratification,0,2,MixHop,109,1000,0.8948339483394834
Cora,ClassBasedStratification,0,3,MLP,100,1000,0.7564575645756457
Cora,ClassBasedStratification,0,3,MLP,101,1000,0.7564575645756457
Cora,ClassBasedStratification,0,3,MLP,102,1000,0.7619926199261993
Cora,ClassBasedStratification,0,3,MLP,103,1000,0.7822878228782287
Cora,ClassBasedStratification,0,3,MLP,104,1000,0.7712177121771218
Cora,ClassBasedStratification,0,3,MLP,105,1000,0.7656826568265682
Cora,ClassBasedStratification,0,3,MLP,106,1000,0.7822878228782287
Cora,ClassBasedStratification,0,3,MLP,107,1000,0.7693726937269373
Cora,ClassBasedStratification,0,3,MLP,108,1000,0.7546125461254612
Cora,ClassBasedStratification,0,3,MLP,109,1000,0.7619926199261993
Cora,ClassBasedStratification,0,3,GCN,100,1000,0.8782287822878229
Cora,ClassBasedStratification,0,3,GCN,101,1000,0.8763837638376384
Cora,ClassBasedStratification,0,3,GCN,102,1000,0.8800738007380073
Cora,ClassBasedStratification,0,3,GCN,103,1000,0.8745387453874539
Cora,ClassBasedStratification,0,3,GCN,104,1000,0.8763837638376384
Cora,ClassBasedStratification,0,3,GCN,105,1000,0.8653136531365314
Cora,ClassBasedStratification,0,3,GCN,106,1000,0.8763837638376384
Cora,ClassBasedStratification,0,3,GCN,107,1000,0.8874538745387454
Cora,ClassBasedStratification,0,3,GCN,108,1000,0.8763837638376384
Cora,ClassBasedStratification,0,3,GCN,109,1000,0.8726937269372693
Cora,ClassBasedStratification,0,3,GAT,100,1000,0.8800738007380073
Cora,ClassBasedStratification,0,3,GAT,101,1000,0.8763837638376384
Cora,ClassBasedStratification,0,3,GAT,102,1000,0.8856088560885609
Cora,ClassBasedStratification,0,3,GAT,103,1000,0.8800738007380073
Cora,ClassBasedStratification,0,3,GAT,104,1000,0.8874538745387454
Cora,ClassBasedStratification,0,3,GAT,105,1000,0.8874538745387454
Cora,ClassBasedStratification,0,3,GAT,106,1000,0.8874538745387454
Cora,ClassBasedStratification,0,3,GAT,107,1000,0.8819188191881919
Cora,ClassBasedStratification,0,3,GAT,108,1000,0.8929889298892989
Cora,ClassBasedStratification,0,3,GAT,109,1000,0.8837638376383764
Cora,ClassBasedStratification,0,3,SAGE,100,1000,0.8856088560885609
Cora,ClassBasedStratification,0,3,SAGE,101,1000,0.8819188191881919
Cora,ClassBasedStratification,0,3,SAGE,102,1000,0.8782287822878229
Cora,ClassBasedStratification,0,3,SAGE,103,1000,0.8837638376383764
Cora,ClassBasedStratification,0,3,SAGE,104,1000,0.8856088560885609
Cora,ClassBasedStratification,0,3,SAGE,105,1000,0.8874538745387454
Cora,ClassBasedStratification,0,3,SAGE,106,1000,0.8837638376383764
Cora,ClassBasedStratification,0,3,SAGE,107,1000,0.8856088560885609
Cora,ClassBasedStratification,0,3,SAGE,108,1000,0.8837638376383764
Cora,ClassBasedStratification,0,3,SAGE,109,1000,0.8892988929889298
Cora,ClassBasedStratification,0,3,MixHop,100,1000,0.8929889298892989
Cora,ClassBasedStratification,0,3,MixHop,101,1000,0.8948339483394834
Cora,ClassBasedStratification,0,3,MixHop,102,1000,0.8874538745387454
Cora,ClassBasedStratification,0,3,MixHop,103,1000,0.9022140221402214
Cora,ClassBasedStratification,0,3,MixHop,104,1000,0.8819188191881919
Cora,ClassBasedStratification,0,3,MixHop,105,1000,0.8929889298892989
Cora,ClassBasedStratification,0,3,MixHop,106,1000,0.8892988929889298
Cora,ClassBasedStratification,0,3,MixHop,107,1000,0.8874538745387454
Cora,ClassBasedStratification,0,3,MixHop,108,1000,0.8929889298892989
Cora,ClassBasedStratification,0,3,MixHop,109,1000,0.8911439114391144
Cora,ClassBasedStratification,0,4,MLP,100,1000,0.7393715341959335
Cora,ClassBasedStratification,0,4,MLP,101,1000,0.7245841035120147
Cora,ClassBasedStratification,0,4,MLP,102,1000,0.7301293900184843
Cora,ClassBasedStratification,0,4,MLP,103,1000,0.7412199630314233
Cora,ClassBasedStratification,0,4,MLP,104,1000,0.7430683918669131
Cora,ClassBasedStratification,0,4,MLP,105,1000,0.7356746765249538
Cora,ClassBasedStratification,0,4,MLP,106,1000,0.7245841035120147
Cora,ClassBasedStratification,0,4,MLP,107,1000,0.7578558225508318
Cora,ClassBasedStratification,0,4,MLP,108,1000,0.7171903881700554
Cora,ClassBasedStratification,0,4,MLP,109,1000,0.7393715341959335
Cora,ClassBasedStratification,0,4,GCN,100,1000,0.8817005545286506
Cora,ClassBasedStratification,0,4,GCN,101,1000,0.8761552680221811
Cora,ClassBasedStratification,0,4,GCN,102,1000,0.8872458410351202
Cora,ClassBasedStratification,0,4,GCN,103,1000,0.8817005545286506
Cora,ClassBasedStratification,0,4,GCN,104,1000,0.8853974121996303
Cora,ClassBasedStratification,0,4,GCN,105,1000,0.8761552680221811
Cora,ClassBasedStratification,0,4,GCN,106,1000,0.8835489833641405
Cora,ClassBasedStratification,0,4,GCN,107,1000,0.8743068391866913
Cora,ClassBasedStratification,0,4,GCN,108,1000,0.878003696857671
Cora,ClassBasedStratification,0,4,GCN,109,1000,0.8817005545286506
Cora,ClassBasedStratification,0,4,GAT,100,1000,0.8853974121996303
Cora,ClassBasedStratification,0,4,GAT,101,1000,0.8835489833641405
Cora,ClassBasedStratification,0,4,GAT,102,1000,0.88909426987061
Cora,ClassBasedStratification,0,4,GAT,103,1000,0.8835489833641405
Cora,ClassBasedStratification,0,4,GAT,104,1000,0.8927911275415896
Cora,ClassBasedStratification,0,4,GAT,105,1000,0.8927911275415896
Cora,ClassBasedStratification,0,4,GAT,106,1000,0.878003696857671
Cora,ClassBasedStratification,0,4,GAT,107,1000,0.88909426987061
Cora,ClassBasedStratification,0,4,GAT,108,1000,0.8872458410351202
Cora,ClassBasedStratification,0,4,GAT,109,1000,0.8872458410351202
Cora,ClassBasedStratification,0,4,SAGE,100,1000,0.8853974121996303
Cora,ClassBasedStratification,0,4,SAGE,101,1000,0.8798521256931608
Cora,ClassBasedStratification,0,4,SAGE,102,1000,0.8817005545286506
Cora,ClassBasedStratification,0,4,SAGE,103,1000,0.8798521256931608
Cora,ClassBasedStratification,0,4,SAGE,104,1000,0.8761552680221811
Cora,ClassBasedStratification,0,4,SAGE,105,1000,0.878003696857671
Cora,ClassBasedStratification,0,4,SAGE,106,1000,0.8835489833641405
Cora,ClassBasedStratification,0,4,SAGE,107,1000,0.8761552680221811
Cora,ClassBasedStratification,0,4,SAGE,108,1000,0.8835489833641405
Cora,ClassBasedStratification,0,4,SAGE,109,1000,0.8835489833641405
Cora,ClassBasedStratification,0,4,MixHop,100,1000,0.8927911275415896
Cora,ClassBasedStratification,0,4,MixHop,101,1000,0.8835489833641405
Cora,ClassBasedStratification,0,4,MixHop,102,1000,0.8909426987060998
Cora,ClassBasedStratification,0,4,MixHop,103,1000,0.8872458410351202
Cora,ClassBasedStratification,0,4,MixHop,104,1000,0.88909426987061
Cora,ClassBasedStratification,0,4,MixHop,105,1000,0.8946395563770795
Cora,ClassBasedStratification,0,4,MixHop,106,1000,0.8983364140480592
Cora,ClassBasedStratification,0,4,MixHop,107,1000,0.8909426987060998
Cora,ClassBasedStratification,0,4,MixHop,108,1000,0.88909426987061
Cora,ClassBasedStratification,0,4,MixHop,109,1000,0.9020332717190388
Cora,ClassBasedStratification,0,5,MLP,100,1000,0.7615526802218114
Cora,ClassBasedStratification,0,5,MLP,101,1000,0.7634011090573013
Cora,ClassBasedStratification,0,5,MLP,102,1000,0.7615526802218114
Cora,ClassBasedStratification,0,5,MLP,103,1000,0.7338262476894639
Cora,ClassBasedStratification,0,5,MLP,104,1000,0.7523105360443623
Cora,ClassBasedStratification,0,5,MLP,105,1000,0.744916820702403
Cora,ClassBasedStratification,0,5,MLP,106,1000,0.7578558225508318
Cora,ClassBasedStratification,0,5,MLP,107,1000,0.7541589648798521
Cora,ClassBasedStratification,0,5,MLP,108,1000,0.7356746765249538
Cora,ClassBasedStratification,0,5,MLP,109,1000,0.7634011090573013
Cora,ClassBasedStratification,0,5,GCN,100,1000,0.8650646950092421
Cora,ClassBasedStratification,0,5,GCN,101,1000,0.8650646950092421
Cora,ClassBasedStratification,0,5,GCN,102,1000,0.8558225508317929
Cora,ClassBasedStratification,0,5,GCN,103,1000,0.8576709796672828
Cora,ClassBasedStratification,0,5,GCN,104,1000,0.8613678373382625
Cora,ClassBasedStratification,0,5,GCN,105,1000,0.866913123844732
Cora,ClassBasedStratification,0,5,GCN,106,1000,0.866913123844732
Cora,ClassBasedStratification,0,5,GCN,107,1000,0.866913123844732
Cora,ClassBasedStratification,0,5,GCN,108,1000,0.8613678373382625
Cora,ClassBasedStratification,0,5,GCN,109,1000,0.866913123844732
Cora,ClassBasedStratification,0,5,GAT,100,1000,0.8687615526802218
Cora,ClassBasedStratification,0,5,GAT,101,1000,0.8798521256931608
Cora,ClassBasedStratification,0,5,GAT,102,1000,0.8613678373382625
Cora,ClassBasedStratification,0,5,GAT,103,1000,0.866913123844732
Cora,ClassBasedStratification,0,5,GAT,104,1000,0.8817005545286506
Cora,ClassBasedStratification,0,5,GAT,105,1000,0.8650646950092421
Cora,ClassBasedStratification,0,5,GAT,106,1000,0.8465804066543438
Cora,ClassBasedStratification,0,5,GAT,107,1000,0.8761552680221811
Cora,ClassBasedStratification,0,5,GAT,108,1000,0.8743068391866913
Cora,ClassBasedStratification,0,5,GAT,109,1000,0.8706099815157117
Cora,ClassBasedStratification,0,5,SAGE,100,1000,0.8743068391866913
Cora,ClassBasedStratification,0,5,SAGE,101,1000,0.8724584103512015
Cora,ClassBasedStratification,0,5,SAGE,102,1000,0.8706099815157117
Cora,ClassBasedStratification,0,5,SAGE,103,1000,0.8687615526802218
Cora,ClassBasedStratification,0,5,SAGE,104,1000,0.8706099815157117
Cora,ClassBasedStratification,0,5,SAGE,105,1000,0.866913123844732
Cora,ClassBasedStratification,0,5,SAGE,106,1000,0.8687615526802218
Cora,ClassBasedStratification,0,5,SAGE,107,1000,0.8724584103512015
Cora,ClassBasedStratification,0,5,SAGE,108,1000,0.8650646950092421
Cora,ClassBasedStratification,0,5,SAGE,109,1000,0.8632162661737524
Cora,ClassBasedStratification,0,5,MixHop,100,1000,0.878003696857671
Cora,ClassBasedStratification,0,5,MixHop,101,1000,0.8798521256931608
Cora,ClassBasedStratification,0,5,MixHop,102,1000,0.8798521256931608
Cora,ClassBasedStratification,0,5,MixHop,103,1000,0.8927911275415896
Cora,ClassBasedStratification,0,5,MixHop,104,1000,0.8853974121996303
Cora,ClassBasedStratification,0,5,MixHop,105,1000,0.8909426987060998
Cora,ClassBasedStratification,0,5,MixHop,106,1000,0.8909426987060998
Cora,ClassBasedStratification,0,5,MixHop,107,1000,0.8817005545286506
Cora,ClassBasedStratification,0,5,MixHop,108,1000,0.8853974121996303
Cora,ClassBasedStratification,0,5,MixHop,109,1000,0.8817005545286506
Cora,ClassBasedStratification,1,1,MLP,100,1000,0.7804428044280443
Cora,ClassBasedStratification,1,1,MLP,101,1000,0.7804428044280443
Cora,ClassBasedStratification,1,1,MLP,102,1000,0.7675276752767528
Cora,ClassBasedStratification,1,1,MLP,103,1000,0.7730627306273062
Cora,ClassBasedStratification,1,1,MLP,104,1000,0.7785977859778598
Cora,ClassBasedStratification,1,1,MLP,105,1000,0.7583025830258303
Cora,ClassBasedStratification,1,1,MLP,106,1000,0.7859778597785978
Cora,ClassBasedStratification,1,1,MLP,107,1000,0.7896678966789668
Cora,ClassBasedStratification,1,1,MLP,108,1000,0.7749077490774908
Cora,ClassBasedStratification,1,1,MLP,109,1000,0.8062730627306273
Cora,ClassBasedStratification,1,1,GCN,100,1000,0.8874538745387454
Cora,ClassBasedStratification,1,1,GCN,101,1000,0.8856088560885609
Cora,ClassBasedStratification,1,1,GCN,102,1000,0.8874538745387454
Cora,ClassBasedStratification,1,1,GCN,103,1000,0.8837638376383764
Cora,ClassBasedStratification,1,1,GCN,104,1000,0.8819188191881919
Cora,ClassBasedStratification,1,1,GCN,105,1000,0.8892988929889298
Cora,ClassBasedStratification,1,1,GCN,106,1000,0.8856088560885609
Cora,ClassBasedStratification,1,1,GCN,107,1000,0.8837638376383764
Cora,ClassBasedStratification,1,1,GCN,108,1000,0.8911439114391144
Cora,ClassBasedStratification,1,1,GCN,109,1000,0.8874538745387454
Cora,ClassBasedStratification,1,1,GAT,100,1000,0.8837638376383764
Cora,ClassBasedStratification,1,1,GAT,101,1000,0.8892988929889298
Cora,ClassBasedStratification,1,1,GAT,102,1000,0.8948339483394834
Cora,ClassBasedStratification,1,1,GAT,103,1000,0.8837638376383764
Cora,ClassBasedStratification,1,1,GAT,104,1000,0.8856088560885609
Cora,ClassBasedStratification,1,1,GAT,105,1000,0.8911439114391144
Cora,ClassBasedStratification,1,1,GAT,106,1000,0.8911439114391144
Cora,ClassBasedStratification,1,1,GAT,107,1000,0.8911439114391144
Cora,ClassBasedStratification,1,1,GAT,108,1000,0.8948339483394834
Cora,ClassBasedStratification,1,1,GAT,109,1000,0.8929889298892989
Cora,ClassBasedStratification,1,1,SAGE,100,1000,0.8874538745387454
Cora,ClassBasedStratification,1,1,SAGE,101,1000,0.8800738007380073
Cora,ClassBasedStratification,1,1,SAGE,102,1000,0.8911439114391144
Cora,ClassBasedStratification,1,1,SAGE,103,1000,0.8948339483394834
Cora,ClassBasedStratification,1,1,SAGE,104,1000,0.8929889298892989
Cora,ClassBasedStratification,1,1,SAGE,105,1000,0.8985239852398524
Cora,ClassBasedStratification,1,1,SAGE,106,1000,0.8856088560885609
Cora,ClassBasedStratification,1,1,SAGE,107,1000,0.8856088560885609
Cora,ClassBasedStratification,1,1,SAGE,108,1000,0.8929889298892989
Cora,ClassBasedStratification,1,1,SAGE,109,1000,0.8856088560885609
Cora,ClassBasedStratification,1,1,MixHop,100,1000,0.9077490774907748
Cora,ClassBasedStratification,1,1,MixHop,101,1000,0.9022140221402214
Cora,ClassBasedStratification,1,1,MixHop,102,1000,0.9022140221402214
Cora,ClassBasedStratification,1,1,MixHop,103,1000,0.904059040590406
Cora,ClassBasedStratification,1,1,MixHop,104,1000,0.9003690036900369
Cora,ClassBasedStratification,1,1,MixHop,105,1000,0.8874538745387454
Cora,ClassBasedStratification,1,1,MixHop,106,1000,0.9022140221402214
Cora,ClassBasedStratification,1,1,MixHop,107,1000,0.9003690036900369
Cora,ClassBasedStratification,1,1,MixHop,108,1000,0.9059040590405903
Cora,ClassBasedStratification,1,1,MixHop,109,1000,0.9059040590405903
Cora,ClassBasedStratification,1,2,MLP,100,1000,0.7287822878228782
Cora,ClassBasedStratification,1,2,MLP,101,1000,0.7435424354243543
Cora,ClassBasedStratification,1,2,MLP,102,1000,0.7084870848708487
Cora,ClassBasedStratification,1,2,MLP,103,1000,0.7103321033210332
Cora,ClassBasedStratification,1,2,MLP,104,1000,0.7158671586715867
Cora,ClassBasedStratification,1,2,MLP,105,1000,0.7121771217712177
Cora,ClassBasedStratification,1,2,MLP,106,1000,0.7287822878228782
Cora,ClassBasedStratification,1,2,MLP,107,1000,0.7250922509225092
Cora,ClassBasedStratification,1,2,MLP,108,1000,0.7214022140221402
Cora,ClassBasedStratification,1,2,MLP,109,1000,0.7269372693726938
Cora,ClassBasedStratification,1,2,GCN,100,1000,0.8726937269372693
Cora,ClassBasedStratification,1,2,GCN,101,1000,0.8523985239852399
Cora,ClassBasedStratification,1,2,GCN,102,1000,0.8745387453874539
Cora,ClassBasedStratification,1,2,GCN,103,1000,0.8616236162361623
Cora,ClassBasedStratification,1,2,GCN,104,1000,0.8745387453874539
Cora,ClassBasedStratification,1,2,GCN,105,1000,0.8726937269372693
Cora,ClassBasedStratification,1,2,GCN,106,1000,0.8745387453874539
Cora,ClassBasedStratification,1,2,GCN,107,1000,0.8690036900369004
Cora,ClassBasedStratification,1,2,GCN,108,1000,0.8671586715867159
Cora,ClassBasedStratification,1,2,GCN,109,1000,0.8616236162361623
Cora,ClassBasedStratification,1,2,GAT,100,1000,0.8763837638376384
Cora,ClassBasedStratification,1,2,GAT,101,1000,0.8690036900369004
Cora,ClassBasedStratification,1,2,GAT,102,1000,0.8653136531365314
Cora,ClassBasedStratification,1,2,GAT,103,1000,0.8726937269372693
Cora,ClassBasedStratification,1,2,GAT,104,1000,0.8745387453874539
Cora,ClassBasedStratification,1,2,GAT,105,1000,0.8671586715867159
Cora,ClassBasedStratification,1,2,GAT,106,1000,0.8690036900369004
Cora,ClassBasedStratification,1,2,GAT,107,1000,0.8745387453874539
Cora,ClassBasedStratification,1,2,GAT,108,1000,0.8763837638376384
Cora,ClassBasedStratification,1,2,GAT,109,1000,0.8745387453874539
Cora,ClassBasedStratification,1,2,SAGE,100,1000,0.8745387453874539
Cora,ClassBasedStratification,1,2,SAGE,101,1000,0.8782287822878229
Cora,ClassBasedStratification,1,2,SAGE,102,1000,0.8745387453874539
Cora,ClassBasedStratification,1,2,SAGE,103,1000,0.8800738007380073
Cora,ClassBasedStratification,1,2,SAGE,104,1000,0.8726937269372693
Cora,ClassBasedStratification,1,2,SAGE,105,1000,0.8726937269372693
Cora,ClassBasedStratification,1,2,SAGE,106,1000,0.8708487084870848
Cora,ClassBasedStratification,1,2,SAGE,107,1000,0.8800738007380073
Cora,ClassBasedStratification,1,2,SAGE,108,1000,0.8800738007380073
Cora,ClassBasedStratification,1,2,SAGE,109,1000,0.8708487084870848
Cora,ClassBasedStratification,1,2,MixHop,100,1000,0.8911439114391144
Cora,ClassBasedStratification,1,2,MixHop,101,1000,0.8800738007380073
Cora,ClassBasedStratification,1,2,MixHop,102,1000,0.8690036900369004
Cora,ClassBasedStratification,1,2,MixHop,103,1000,0.8837638376383764
Cora,ClassBasedStratification,1,2,MixHop,104,1000,0.8763837638376384
Cora,ClassBasedStratification,1,2,MixHop,105,1000,0.8763837638376384
Cora,ClassBasedStratification,1,2,MixHop,106,1000,0.8708487084870848
Cora,ClassBasedStratification,1,2,MixHop,107,1000,0.8782287822878229
Cora,ClassBasedStratification,1,2,MixHop,108,1000,0.8800738007380073
Cora,ClassBasedStratification,1,2,MixHop,109,1000,0.8856088560885609
Cora,ClassBasedStratification,1,3,MLP,100,1000,0.7767527675276753
Cora,ClassBasedStratification,1,3,MLP,101,1000,0.7601476014760148
Cora,ClassBasedStratification,1,3,MLP,102,1000,0.7730627306273062
Cora,ClassBasedStratification,1,3,MLP,103,1000,0.7638376383763837
Cora,ClassBasedStratification,1,3,MLP,104,1000,0.7730627306273062
Cora,ClassBasedStratification,1,3,MLP,105,1000,0.7546125461254612
Cora,ClassBasedStratification,1,3,MLP,106,1000,0.7619926199261993
Cora,ClassBasedStratification,1,3,MLP,107,1000,0.7859778597785978
Cora,ClassBasedStratification,1,3,MLP,108,1000,0.7822878228782287
Cora,ClassBasedStratification,1,3,MLP,109,1000,0.7601476014760148
Cora,ClassBasedStratification,1,3,GCN,100,1000,0.8837638376383764
Cora,ClassBasedStratification,1,3,GCN,101,1000,0.8837638376383764
Cora,ClassBasedStratification,1,3,GCN,102,1000,0.8837638376383764
Cora,ClassBasedStratification,1,3,GCN,103,1000,0.8892988929889298
Cora,ClassBasedStratification,1,3,GCN,104,1000,0.8892988929889298
Cora,ClassBasedStratification,1,3,GCN,105,1000,0.8837638376383764
Cora,ClassBasedStratification,1,3,GCN,106,1000,0.8837638376383764
Cora,ClassBasedStratification,1,3,GCN,107,1000,0.8874538745387454
Cora,ClassBasedStratification,1,3,GCN,108,1000,0.8819188191881919
Cora,ClassBasedStratification,1,3,GCN,109,1000,0.8782287822878229
Cora,ClassBasedStratification,1,3,GAT,100,1000,0.8929889298892989
Cora,ClassBasedStratification,1,3,GAT,101,1000,0.8929889298892989
Cora,ClassBasedStratification,1,3,GAT,102,1000,0.8911439114391144
Cora,ClassBasedStratification,1,3,GAT,103,1000,0.8892988929889298
Cora,ClassBasedStratification,1,3,GAT,104,1000,0.8856088560885609
Cora,ClassBasedStratification,1,3,GAT,105,1000,0.8948339483394834
Cora,ClassBasedStratification,1,3,GAT,106,1000,0.8837638376383764
Cora,ClassBasedStratification,1,3,GAT,107,1000,0.8929889298892989
Cora,ClassBasedStratification,1,3,GAT,108,1000,0.8874538745387454
Cora,ClassBasedStratification,1,3,GAT,109,1000,0.8929889298892989
Cora,ClassBasedStratification,1,3,SAGE,100,1000,0.9022140221402214
Cora,ClassBasedStratification,1,3,SAGE,101,1000,0.8800738007380073
Cora,ClassBasedStratification,1,3,SAGE,102,1000,0.8837638376383764
Cora,ClassBasedStratification,1,3,SAGE,103,1000,0.8892988929889298
Cora,ClassBasedStratification,1,3,SAGE,104,1000,0.8819188191881919
Cora,ClassBasedStratification,1,3,SAGE,105,1000,0.8856088560885609
Cora,ClassBasedStratification,1,3,SAGE,106,1000,0.8819188191881919
Cora,ClassBasedStratification,1,3,SAGE,107,1000,0.8856088560885609
Cora,ClassBasedStratification,1,3,SAGE,108,1000,0.8948339483394834
Cora,ClassBasedStratification,1,3,SAGE,109,1000,0.8874538745387454
Cora,ClassBasedStratification,1,3,MixHop,100,1000,0.8985239852398524
Cora,ClassBasedStratification,1,3,MixHop,101,1000,0.8985239852398524
Cora,ClassBasedStratification,1,3,MixHop,102,1000,0.8948339483394834
Cora,ClassBasedStratification,1,3,MixHop,103,1000,0.8966789667896679
Cora,ClassBasedStratification,1,3,MixHop,104,1000,0.8966789667896679
Cora,ClassBasedStratification,1,3,MixHop,105,1000,0.8985239852398524
Cora,ClassBasedStratification,1,3,MixHop,106,1000,0.8948339483394834
Cora,ClassBasedStratification,1,3,MixHop,107,1000,0.8966789667896679
Cora,ClassBasedStratification,1,3,MixHop,108,1000,0.8892988929889298
Cora,ClassBasedStratification,1,3,MixHop,109,1000,0.8966789667896679
Cora,ClassBasedStratification,1,4,MLP,100,1000,0.7412199630314233
Cora,ClassBasedStratification,1,4,MLP,101,1000,0.7467652495378928
Cora,ClassBasedStratification,1,4,MLP,102,1000,0.7264325323475046
Cora,ClassBasedStratification,1,4,MLP,103,1000,0.7393715341959335
Cora,ClassBasedStratification,1,4,MLP,104,1000,0.7319778188539742
Cora,ClassBasedStratification,1,4,MLP,105,1000,0.7393715341959335
Cora,ClassBasedStratification,1,4,MLP,106,1000,0.7301293900184843
Cora,ClassBasedStratification,1,4,MLP,107,1000,0.7356746765249538
Cora,ClassBasedStratification,1,4,MLP,108,1000,0.7264325323475046
Cora,ClassBasedStratification,1,4,MLP,109,1000,0.7301293900184843
Cora,ClassBasedStratification,1,4,GCN,100,1000,0.8853974121996303
Cora,ClassBasedStratification,1,4,GCN,101,1000,0.88909426987061
Cora,ClassBasedStratification,1,4,GCN,102,1000,0.8909426987060998
Cora,ClassBasedStratification,1,4,GCN,103,1000,0.8946395563770795
Cora,ClassBasedStratification,1,4,GCN,104,1000,0.8835489833641405
Cora,ClassBasedStratification,1,4,GCN,105,1000,0.8798521256931608
Cora,ClassBasedStratification,1,4,GCN,106,1000,0.8964879852125693
Cora,ClassBasedStratification,1,4,GCN,107,1000,0.8927911275415896
Cora,ClassBasedStratification,1,4,GCN,108,1000,0.88909426987061
Cora,ClassBasedStratification,1,4,GCN,109,1000,0.8853974121996303
Cora,ClassBasedStratification,1,4,GAT,100,1000,0.8909426987060998
Cora,ClassBasedStratification,1,4,GAT,101,1000,0.8946395563770795
Cora,ClassBasedStratification,1,4,GAT,102,1000,0.9001848428835489
Cora,ClassBasedStratification,1,4,GAT,103,1000,0.8835489833641405
Cora,ClassBasedStratification,1,4,GAT,104,1000,0.8983364140480592
Cora,ClassBasedStratification,1,4,GAT,105,1000,0.8983364140480592
Cora,ClassBasedStratification,1,4,GAT,106,1000,0.8964879852125693
Cora,ClassBasedStratification,1,4,GAT,107,1000,0.8983364140480592
Cora,ClassBasedStratification,1,4,GAT,108,1000,0.8946395563770795
Cora,ClassBasedStratification,1,4,GAT,109,1000,0.8946395563770795
Cora,ClassBasedStratification,1,4,SAGE,100,1000,0.8853974121996303
Cora,ClassBasedStratification,1,4,SAGE,101,1000,0.88909426987061
Cora,ClassBasedStratification,1,4,SAGE,102,1000,0.8946395563770795
Cora,ClassBasedStratification,1,4,SAGE,103,1000,0.8817005545286506
Cora,ClassBasedStratification,1,4,SAGE,104,1000,0.8853974121996303
Cora,ClassBasedStratification,1,4,SAGE,105,1000,0.8872458410351202
Cora,ClassBasedStratification,1,4,SAGE,106,1000,0.8872458410351202
Cora,ClassBasedStratification,1,4,SAGE,107,1000,0.878003696857671
Cora,ClassBasedStratification,1,4,SAGE,108,1000,0.88909426987061
Cora,ClassBasedStratification,1,4,SAGE,109,1000,0.8927911275415896
Cora,ClassBasedStratification,1,4,MixHop,100,1000,0.8872458410351202
Cora,ClassBasedStratification,1,4,MixHop,101,1000,0.9001848428835489
Cora,ClassBasedStratification,1,4,MixHop,102,1000,0.8909426987060998
Cora,ClassBasedStratification,1,4,MixHop,103,1000,0.8835489833641405
Cora,ClassBasedStratification,1,4,MixHop,104,1000,0.8909426987060998
Cora,ClassBasedStratification,1,4,MixHop,105,1000,0.8946395563770795
Cora,ClassBasedStratification,1,4,MixHop,106,1000,0.9057301293900184
Cora,ClassBasedStratification,1,4,MixHop,107,1000,0.8927911275415896
Cora,ClassBasedStratification,1,4,MixHop,108,1000,0.8946395563770795
Cora,ClassBasedStratification,1,4,MixHop,109,1000,0.8927911275415896
Cora,ClassBasedStratification,1,5,MLP,100,1000,0.7689463955637708
Cora,ClassBasedStratification,1,5,MLP,101,1000,0.7781885397412199
Cora,ClassBasedStratification,1,5,MLP,102,1000,0.7615526802218114
Cora,ClassBasedStratification,1,5,MLP,103,1000,0.7726432532347505
Cora,ClassBasedStratification,1,5,MLP,104,1000,0.7652495378927912
Cora,ClassBasedStratification,1,5,MLP,105,1000,0.7597042513863216
Cora,ClassBasedStratification,1,5,MLP,106,1000,0.7689463955637708
Cora,ClassBasedStratification,1,5,MLP,107,1000,0.7726432532347505
Cora,ClassBasedStratification,1,5,MLP,108,1000,0.7523105360443623
Cora,ClassBasedStratification,1,5,MLP,109,1000,0.7763401109057301
Cora,ClassBasedStratification,1,5,GCN,100,1000,0.8835489833641405
Cora,ClassBasedStratification,1,5,GCN,101,1000,0.878003696857671
Cora,ClassBasedStratification,1,5,GCN,102,1000,0.8853974121996303
Cora,ClassBasedStratification,1,5,GCN,103,1000,0.8872458410351202
Cora,ClassBasedStratification,1,5,GCN,104,1000,0.8872458410351202
Cora,ClassBasedStratification,1,5,GCN,105,1000,0.8835489833641405
Cora,ClassBasedStratification,1,5,GCN,106,1000,0.8872458410351202
Cora,ClassBasedStratification,1,5,GCN,107,1000,0.8872458410351202
Cora,ClassBasedStratification,1,5,GCN,108,1000,0.8798521256931608
Cora,ClassBasedStratification,1,5,GCN,109,1000,0.8798521256931608
Cora,ClassBasedStratification,1,5,GAT,100,1000,0.88909426987061
Cora,ClassBasedStratification,1,5,GAT,101,1000,0.8872458410351202
Cora,ClassBasedStratification,1,5,GAT,102,1000,0.8909426987060998
Cora,ClassBasedStratification,1,5,GAT,103,1000,0.8817005545286506
Cora,ClassBasedStratification,1,5,GAT,104,1000,0.8835489833641405
Cora,ClassBasedStratification,1,5,GAT,105,1000,0.8909426987060998
Cora,ClassBasedStratification,1,5,GAT,106,1000,0.8835489833641405
Cora,ClassBasedStratification,1,5,GAT,107,1000,0.8872458410351202
Cora,ClassBasedStratification,1,5,GAT,108,1000,0.878003696857671
Cora,ClassBasedStratification,1,5,GAT,109,1000,0.8927911275415896
Cora,ClassBasedStratification,1,5,SAGE,100,1000,0.8909426987060998
Cora,ClassBasedStratification,1,5,SAGE,101,1000,0.8853974121996303
Cora,ClassBasedStratification,1,5,SAGE,102,1000,0.8853974121996303
Cora,ClassBasedStratification,1,5,SAGE,103,1000,0.8927911275415896
Cora,ClassBasedStratification,1,5,SAGE,104,1000,0.88909426987061
Cora,ClassBasedStratification,1,5,SAGE,105,1000,0.88909426987061
Cora,ClassBasedStratification,1,5,SAGE,106,1000,0.8964879852125693
Cora,ClassBasedStratification,1,5,SAGE,107,1000,0.8927911275415896
Cora,ClassBasedStratification,1,5,SAGE,108,1000,0.8927911275415896
Cora,ClassBasedStratification,1,5,SAGE,109,1000,0.8872458410351202
Cora,ClassBasedStratification,1,5,MixHop,100,1000,0.8946395563770795
Cora,ClassBasedStratification,1,5,MixHop,101,1000,0.8964879852125693
Cora,ClassBasedStratification,1,5,MixHop,102,1000,0.9001848428835489
Cora,ClassBasedStratification,1,5,MixHop,103,1000,0.8835489833641405
Cora,ClassBasedStratification,1,5,MixHop,104,1000,0.8964879852125693
Cora,ClassBasedStratification,1,5,MixHop,105,1000,0.8983364140480592
Cora,ClassBasedStratification,1,5,MixHop,106,1000,0.9020332717190388
Cora,ClassBasedStratification,1,5,MixHop,107,1000,0.8946395563770795
Cora,ClassBasedStratification,1,5,MixHop,108,1000,0.9038817005545288
Cora,ClassBasedStratification,1,5,MixHop,109,1000,0.8946395563770795
Cora,ClassBasedStratification,2,1,MLP,100,1000,0.7287822878228782
Cora,ClassBasedStratification,2,1,MLP,101,1000,0.7380073800738007
Cora,ClassBasedStratification,2,1,MLP,102,1000,0.7306273062730627
Cora,ClassBasedStratification,2,1,MLP,103,1000,0.7269372693726938
Cora,ClassBasedStratification,2,1,MLP,104,1000,0.7250922509225092
Cora,ClassBasedStratification,2,1,MLP,105,1000,0.7195571955719557
Cora,ClassBasedStratification,2,1,MLP,106,1000,0.7250922509225092
Cora,ClassBasedStratification,2,1,MLP,107,1000,0.7287822878228782
Cora,ClassBasedStratification,2,1,MLP,108,1000,0.7177121771217713
Cora,ClassBasedStratification,2,1,MLP,109,1000,0.7324723247232472
Cora,ClassBasedStratification,2,1,GCN,100,1000,0.8690036900369004
Cora,ClassBasedStratification,2,1,GCN,101,1000,0.8634686346863468
Cora,ClassBasedStratification,2,1,GCN,102,1000,0.8800738007380073
Cora,ClassBasedStratification,2,1,GCN,103,1000,0.8690036900369004
Cora,ClassBasedStratification,2,1,GCN,104,1000,0.8726937269372693
Cora,ClassBasedStratification,2,1,GCN,105,1000,0.8671586715867159
Cora,ClassBasedStratification,2,1,GCN,106,1000,0.8560885608856088
Cora,ClassBasedStratification,2,1,GCN,107,1000,0.8616236162361623
Cora,ClassBasedStratification,2,1,GCN,108,1000,0.8726937269372693
Cora,ClassBasedStratification,2,1,GCN,109,1000,0.8634686346863468
Cora,ClassBasedStratification,2,1,GAT,100,1000,0.8763837638376384
Cora,ClassBasedStratification,2,1,GAT,101,1000,0.8726937269372693
Cora,ClassBasedStratification,2,1,GAT,102,1000,0.8671586715867159
Cora,ClassBasedStratification,2,1,GAT,103,1000,0.8690036900369004
Cora,ClassBasedStratification,2,1,GAT,104,1000,0.8763837638376384
Cora,ClassBasedStratification,2,1,GAT,105,1000,0.8690036900369004
Cora,ClassBasedStratification,2,1,GAT,106,1000,0.8726937269372693
Cora,ClassBasedStratification,2,1,GAT,107,1000,0.8763837638376384
Cora,ClassBasedStratification,2,1,GAT,108,1000,0.8708487084870848
Cora,ClassBasedStratification,2,1,GAT,109,1000,0.8763837638376384
Cora,ClassBasedStratification,2,1,SAGE,100,1000,0.8690036900369004
Cora,ClassBasedStratification,2,1,SAGE,101,1000,0.8616236162361623
Cora,ClassBasedStratification,2,1,SAGE,102,1000,0.8708487084870848
Cora,ClassBasedStratification,2,1,SAGE,103,1000,0.8782287822878229
Cora,ClassBasedStratification,2,1,SAGE,104,1000,0.8616236162361623
Cora,ClassBasedStratification,2,1,SAGE,105,1000,0.8634686346863468
Cora,ClassBasedStratification,2,1,SAGE,106,1000,0.8597785977859779
Cora,ClassBasedStratification,2,1,SAGE,107,1000,0.8653136531365314
Cora,ClassBasedStratification,2,1,SAGE,108,1000,0.8653136531365314
Cora,ClassBasedStratification,2,1,SAGE,109,1000,0.8523985239852399
Cora,ClassBasedStratification,2,1,MixHop,100,1000,0.8597785977859779
Cora,ClassBasedStratification,2,1,MixHop,101,1000,0.8690036900369004
Cora,ClassBasedStratification,2,1,MixHop,102,1000,0.8616236162361623
Cora,ClassBasedStratification,2,1,MixHop,103,1000,0.8653136531365314
Cora,ClassBasedStratification,2,1,MixHop,104,1000,0.8597785977859779
Cora,ClassBasedStratification,2,1,MixHop,105,1000,0.8708487084870848
Cora,ClassBasedStratification,2,1,MixHop,106,1000,0.8690036900369004
Cora,ClassBasedStratification,2,1,MixHop,107,1000,0.8671586715867159
Cora,ClassBasedStratification,2,1,MixHop,108,1000,0.8579335793357934
Cora,ClassBasedStratification,2,1,MixHop,109,1000,0.8690036900369004
Cora,ClassBasedStratification,2,2,MLP,100,1000,0.7804428044280443
Cora,ClassBasedStratification,2,2,MLP,101,1000,0.7804428044280443
Cora,ClassBasedStratification,2,2,MLP,102,1000,0.7878228782287823
Cora,ClassBasedStratification,2,2,MLP,103,1000,0.7749077490774908
Cora,ClassBasedStratification,2,2,MLP,104,1000,0.7730627306273062
Cora,ClassBasedStratification,2,2,MLP,105,1000,0.7490774907749077
Cora,ClassBasedStratification,2,2,MLP,106,1000,0.7841328413284133
Cora,ClassBasedStratification,2,2,MLP,107,1000,0.7804428044280443
Cora,ClassBasedStratification,2,2,MLP,108,1000,0.7749077490774908
Cora,ClassBasedStratification,2,2,MLP,109,1000,0.7546125461254612
Cora,ClassBasedStratification,2,2,GCN,100,1000,0.911439114391144
Cora,ClassBasedStratification,2,2,GCN,101,1000,0.9077490774907748
Cora,ClassBasedStratification,2,2,GCN,102,1000,0.915129151291513
Cora,ClassBasedStratification,2,2,GCN,103,1000,0.9095940959409594
Cora,ClassBasedStratification,2,2,GCN,104,1000,0.9132841328413284
Cora,ClassBasedStratification,2,2,GCN,105,1000,0.9077490774907748
Cora,ClassBasedStratification,2,2,GCN,106,1000,0.911439114391144
Cora,ClassBasedStratification,2,2,GCN,107,1000,0.9059040590405903
Cora,ClassBasedStratification,2,2,GCN,108,1000,0.9095940959409594
Cora,ClassBasedStratification,2,2,GCN,109,1000,0.911439114391144
Cora,ClassBasedStratification,2,2,GAT,100,1000,0.9169741697416974
Cora,ClassBasedStratification,2,2,GAT,101,1000,0.9243542435424354
Cora,ClassBasedStratification,2,2,GAT,102,1000,0.9169741697416974
Cora,ClassBasedStratification,2,2,GAT,103,1000,0.9243542435424354
Cora,ClassBasedStratification,2,2,GAT,104,1000,0.9132841328413284
Cora,ClassBasedStratification,2,2,GAT,105,1000,0.9132841328413284
Cora,ClassBasedStratification,2,2,GAT,106,1000,0.9059040590405903
Cora,ClassBasedStratification,2,2,GAT,107,1000,0.915129151291513
Cora,ClassBasedStratification,2,2,GAT,108,1000,0.92619926199262
Cora,ClassBasedStratification,2,2,GAT,109,1000,0.918819188191882
Cora,ClassBasedStratification,2,2,SAGE,100,1000,0.918819188191882
Cora,ClassBasedStratification,2,2,SAGE,101,1000,0.9169741697416974
Cora,ClassBasedStratification,2,2,SAGE,102,1000,0.9132841328413284
Cora,ClassBasedStratification,2,2,SAGE,103,1000,0.9243542435424354
Cora,ClassBasedStratification,2,2,SAGE,104,1000,0.9132841328413284
Cora,ClassBasedStratification,2,2,SAGE,105,1000,0.9132841328413284
Cora,ClassBasedStratification,2,2,SAGE,106,1000,0.9059040590405903
Cora,ClassBasedStratification,2,2,SAGE,107,1000,0.915129151291513
Cora,ClassBasedStratification,2,2,SAGE,108,1000,0.9169741697416974
Cora,ClassBasedStratification,2,2,SAGE,109,1000,0.915129151291513
Cora,ClassBasedStratification,2,2,MixHop,100,1000,0.922509225092251
Cora,ClassBasedStratification,2,2,MixHop,101,1000,0.915129151291513
Cora,ClassBasedStratification,2,2,MixHop,102,1000,0.9132841328413284
Cora,ClassBasedStratification,2,2,MixHop,103,1000,0.9280442804428044
Cora,ClassBasedStratification,2,2,MixHop,104,1000,0.915129151291513
Cora,ClassBasedStratification,2,2,MixHop,105,1000,0.911439114391144
Cora,ClassBasedStratification,2,2,MixHop,106,1000,0.9169741697416974
Cora,ClassBasedStratification,2,2,MixHop,107,1000,0.918819188191882
Cora,ClassBasedStratification,2,2,MixHop,108,1000,0.918819188191882
Cora,ClassBasedStratification,2,2,MixHop,109,1000,0.9280442804428044
Cora,ClassBasedStratification,2,3,MLP,100,1000,0.7693726937269373
Cora,ClassBasedStratification,2,3,MLP,101,1000,0.7564575645756457
Cora,ClassBasedStratification,2,3,MLP,102,1000,0.7472324723247232
Cora,ClassBasedStratification,2,3,MLP,103,1000,0.7546125461254612
Cora,ClassBasedStratification,2,3,MLP,104,1000,0.7453874538745388
Cora,ClassBasedStratification,2,3,MLP,105,1000,0.7564575645756457
Cora,ClassBasedStratification,2,3,MLP,106,1000,0.7435424354243543
Cora,ClassBasedStratification,2,3,MLP,107,1000,0.7509225092250923
Cora,ClassBasedStratification,2,3,MLP,108,1000,0.7472324723247232
Cora,ClassBasedStratification,2,3,MLP,109,1000,0.7619926199261993
Cora,ClassBasedStratification,2,3,GCN,100,1000,0.8579335793357934
Cora,ClassBasedStratification,2,3,GCN,101,1000,0.8616236162361623
Cora,ClassBasedStratification,2,3,GCN,102,1000,0.8597785977859779
Cora,ClassBasedStratification,2,3,GCN,103,1000,0.8653136531365314
Cora,ClassBasedStratification,2,3,GCN,104,1000,0.8616236162361623
Cora,ClassBasedStratification,2,3,GCN,105,1000,0.8616236162361623
Cora,ClassBasedStratification,2,3,GCN,106,1000,0.8653136531365314
Cora,ClassBasedStratification,2,3,GCN,107,1000,0.8634686346863468
Cora,ClassBasedStratification,2,3,GCN,108,1000,0.8560885608856088
Cora,ClassBasedStratification,2,3,GCN,109,1000,0.8616236162361623
Cora,ClassBasedStratification,2,3,GAT,100,1000,0.8874538745387454
Cora,ClassBasedStratification,2,3,GAT,101,1000,0.8837638376383764
Cora,ClassBasedStratification,2,3,GAT,102,1000,0.8874538745387454
Cora,ClassBasedStratification,2,3,GAT,103,1000,0.8819188191881919
Cora,ClassBasedStratification,2,3,GAT,104,1000,0.8911439114391144
Cora,ClassBasedStratification,2,3,GAT,105,1000,0.8837638376383764
Cora,ClassBasedStratification,2,3,GAT,106,1000,0.8745387453874539
Cora,ClassBasedStratification,2,3,GAT,107,1000,0.8800738007380073
Cora,ClassBasedStratification,2,3,GAT,108,1000,0.8892988929889298
Cora,ClassBasedStratification,2,3,GAT,109,1000,0.8800738007380073
Cora,ClassBasedStratification,2,3,SAGE,100,1000,0.8874538745387454
Cora,ClassBasedStratification,2,3,SAGE,101,1000,0.8745387453874539
Cora,ClassBasedStratification,2,3,SAGE,102,1000,0.8819188191881919
Cora,ClassBasedStratification,2,3,SAGE,103,1000,0.8726937269372693
Cora,ClassBasedStratification,2,3,SAGE,104,1000,0.8911439114391144
Cora,ClassBasedStratification,2,3,SAGE,105,1000,0.8819188191881919
Cora,ClassBasedStratification,2,3,SAGE,106,1000,0.8800738007380073
Cora,ClassBasedStratification,2,3,SAGE,107,1000,0.8837638376383764
Cora,ClassBasedStratification,2,3,SAGE,108,1000,0.8763837638376384
Cora,ClassBasedStratification,2,3,SAGE,109,1000,0.8837638376383764
Cora,ClassBasedStratification,2,3,MixHop,100,1000,0.8966789667896679
Cora,ClassBasedStratification,2,3,MixHop,101,1000,0.8819188191881919
Cora,ClassBasedStratification,2,3,MixHop,102,1000,0.8929889298892989
Cora,ClassBasedStratification,2,3,MixHop,103,1000,0.8929889298892989
Cora,ClassBasedStratification,2,3,MixHop,104,1000,0.8819188191881919
Cora,ClassBasedStratification,2,3,MixHop,105,1000,0.8911439114391144
Cora,ClassBasedStratification,2,3,MixHop,106,1000,0.8874538745387454
Cora,ClassBasedStratification,2,3,MixHop,107,1000,0.8911439114391144
Cora,ClassBasedStratification,2,3,MixHop,108,1000,0.8819188191881919
Cora,ClassBasedStratification,2,3,MixHop,109,1000,0.8929889298892989
Cora,ClassBasedStratification,2,4,MLP,100,1000,0.7430683918669131
Cora,ClassBasedStratification,2,4,MLP,101,1000,0.7282809611829945
Cora,ClassBasedStratification,2,4,MLP,102,1000,0.7541589648798521
Cora,ClassBasedStratification,2,4,MLP,103,1000,0.744916820702403
Cora,ClassBasedStratification,2,4,MLP,104,1000,0.7467652495378928
Cora,ClassBasedStratification,2,4,MLP,105,1000,0.756007393715342
Cora,ClassBasedStratification,2,4,MLP,106,1000,0.756007393715342
Cora,ClassBasedStratification,2,4,MLP,107,1000,0.7430683918669131
Cora,ClassBasedStratification,2,4,MLP,108,1000,0.7597042513863216
Cora,ClassBasedStratification,2,4,MLP,109,1000,0.7523105360443623
Cora,ClassBasedStratification,2,4,GCN,100,1000,0.8761552680221811
Cora,ClassBasedStratification,2,4,GCN,101,1000,0.8706099815157117
Cora,ClassBasedStratification,2,4,GCN,102,1000,0.8817005545286506
Cora,ClassBasedStratification,2,4,GCN,103,1000,0.8798521256931608
Cora,ClassBasedStratification,2,4,GCN,104,1000,0.8724584103512015
Cora,ClassBasedStratification,2,4,GCN,105,1000,0.8761552680221811
Cora,ClassBasedStratification,2,4,GCN,106,1000,0.8724584103512015
Cora,ClassBasedStratification,2,4,GCN,107,1000,0.8724584103512015
Cora,ClassBasedStratification,2,4,GCN,108,1000,0.8798521256931608
Cora,ClassBasedStratification,2,4,GCN,109,1000,0.8853974121996303
Cora,ClassBasedStratification,2,4,GAT,100,1000,0.8964879852125693
Cora,ClassBasedStratification,2,4,GAT,101,1000,0.8853974121996303
Cora,ClassBasedStratification,2,4,GAT,102,1000,0.8872458410351202
Cora,ClassBasedStratification,2,4,GAT,103,1000,0.8909426987060998
Cora,ClassBasedStratification,2,4,GAT,104,1000,0.8946395563770795
Cora,ClassBasedStratification,2,4,GAT,105,1000,0.88909426987061
Cora,ClassBasedStratification,2,4,GAT,106,1000,0.8817005545286506
Cora,ClassBasedStratification,2,4,GAT,107,1000,0.8817005545286506
Cora,ClassBasedStratification,2,4,GAT,108,1000,0.8946395563770795
Cora,ClassBasedStratification,2,4,GAT,109,1000,0.8946395563770795
Cora,ClassBasedStratification,2,4,SAGE,100,1000,0.8817005545286506
Cora,ClassBasedStratification,2,4,SAGE,101,1000,0.8927911275415896
Cora,ClassBasedStratification,2,4,SAGE,102,1000,0.8743068391866913
Cora,ClassBasedStratification,2,4,SAGE,103,1000,0.8706099815157117
Cora,ClassBasedStratification,2,4,SAGE,104,1000,0.878003696857671
Cora,ClassBasedStratification,2,4,SAGE,105,1000,0.8706099815157117
Cora,ClassBasedStratification,2,4,SAGE,106,1000,0.8743068391866913
Cora,ClassBasedStratification,2,4,SAGE,107,1000,0.8761552680221811
Cora,ClassBasedStratification,2,4,SAGE,108,1000,0.8835489833641405
Cora,ClassBasedStratification,2,4,SAGE,109,1000,0.8724584103512015
Cora,ClassBasedStratification,2,4,MixHop,100,1000,0.8964879852125693
Cora,ClassBasedStratification,2,4,MixHop,101,1000,0.8909426987060998
Cora,ClassBasedStratification,2,4,MixHop,102,1000,0.8946395563770795
Cora,ClassBasedStratification,2,4,MixHop,103,1000,0.8964879852125693
Cora,ClassBasedStratification,2,4,MixHop,104,1000,0.8983364140480592
Cora,ClassBasedStratification,2,4,MixHop,105,1000,0.8946395563770795
Cora,ClassBasedStratification,2,4,MixHop,106,1000,0.8983364140480592
Cora,ClassBasedStratification,2,4,MixHop,107,1000,0.8964879852125693
Cora,ClassBasedStratification,2,4,MixHop,108,1000,0.9020332717190388
Cora,ClassBasedStratification,2,4,MixHop,109,1000,0.8927911275415896
Cora,ClassBasedStratification,2,5,MLP,100,1000,0.7541589648798521
Cora,ClassBasedStratification,2,5,MLP,101,1000,0.7430683918669131
Cora,ClassBasedStratification,2,5,MLP,102,1000,0.7486136783733827
Cora,ClassBasedStratification,2,5,MLP,103,1000,0.767097966728281
Cora,ClassBasedStratification,2,5,MLP,104,1000,0.744916820702403
Cora,ClassBasedStratification,2,5,MLP,105,1000,0.7615526802218114
Cora,ClassBasedStratification,2,5,MLP,106,1000,0.7615526802218114
Cora,ClassBasedStratification,2,5,MLP,107,1000,0.7615526802218114
Cora,ClassBasedStratification,2,5,MLP,108,1000,0.744916820702403
Cora,ClassBasedStratification,2,5,MLP,109,1000,0.7504621072088724
Cora,ClassBasedStratification,2,5,GCN,100,1000,0.8724584103512015
Cora,ClassBasedStratification,2,5,GCN,101,1000,0.8706099815157117
Cora,ClassBasedStratification,2,5,GCN,102,1000,0.8798521256931608
Cora,ClassBasedStratification,2,5,GCN,103,1000,0.878003696857671
Cora,ClassBasedStratification,2,5,GCN,104,1000,0.8724584103512015
Cora,ClassBasedStratification,2,5,GCN,105,1000,0.8706099815157117
Cora,ClassBasedStratification,2,5,GCN,106,1000,0.8706099815157117
Cora,ClassBasedStratification,2,5,GCN,107,1000,0.8761552680221811
Cora,ClassBasedStratification,2,5,GCN,108,1000,0.866913123844732
Cora,ClassBasedStratification,2,5,GCN,109,1000,0.8798521256931608
Cora,ClassBasedStratification,2,5,GAT,100,1000,0.8817005545286506
Cora,ClassBasedStratification,2,5,GAT,101,1000,0.8761552680221811
Cora,ClassBasedStratification,2,5,GAT,102,1000,0.8817005545286506
Cora,ClassBasedStratification,2,5,GAT,103,1000,0.878003696857671
Cora,ClassBasedStratification,2,5,GAT,104,1000,0.8743068391866913
Cora,ClassBasedStratification,2,5,GAT,105,1000,0.8724584103512015
Cora,ClassBasedStratification,2,5,GAT,106,1000,0.878003696857671
Cora,ClassBasedStratification,2,5,GAT,107,1000,0.8761552680221811
Cora,ClassBasedStratification,2,5,GAT,108,1000,0.8706099815157117
Cora,ClassBasedStratification,2,5,GAT,109,1000,0.8743068391866913
Cora,ClassBasedStratification,2,5,SAGE,100,1000,0.88909426987061
Cora,ClassBasedStratification,2,5,SAGE,101,1000,0.8946395563770795
Cora,ClassBasedStratification,2,5,SAGE,102,1000,0.8964879852125693
Cora,ClassBasedStratification,2,5,SAGE,103,1000,0.8946395563770795
Cora,ClassBasedStratification,2,5,SAGE,104,1000,0.8927911275415896
Cora,ClassBasedStratification,2,5,SAGE,105,1000,0.8927911275415896
Cora,ClassBasedStratification,2,5,SAGE,106,1000,0.8835489833641405
Cora,ClassBasedStratification,2,5,SAGE,107,1000,0.8927911275415896
Cora,ClassBasedStratification,2,5,SAGE,108,1000,0.8946395563770795
Cora,ClassBasedStratification,2,5,SAGE,109,1000,0.88909426987061
Cora,ClassBasedStratification,2,5,MixHop,100,1000,0.8835489833641405
Cora,ClassBasedStratification,2,5,MixHop,101,1000,0.88909426987061
Cora,ClassBasedStratification,2,5,MixHop,102,1000,0.8743068391866913
Cora,ClassBasedStratification,2,5,MixHop,103,1000,0.8835489833641405
Cora,ClassBasedStratification,2,5,MixHop,104,1000,0.88909426987061
Cora,ClassBasedStratification,2,5,MixHop,105,1000,0.878003696857671
Cora,ClassBasedStratification,2,5,MixHop,106,1000,0.8835489833641405
Cora,ClassBasedStratification,2,5,MixHop,107,1000,0.8835489833641405
Cora,ClassBasedStratification,2,5,MixHop,108,1000,0.8927911275415896
Cora,ClassBasedStratification,2,5,MixHop,109,1000,0.8872458410351202
Cora,ClassBasedStratification,3,1,MLP,100,1000,0.7619926199261993
Cora,ClassBasedStratification,3,1,MLP,101,1000,0.7638376383763837
Cora,ClassBasedStratification,3,1,MLP,102,1000,0.7804428044280443
Cora,ClassBasedStratification,3,1,MLP,103,1000,0.7656826568265682
Cora,ClassBasedStratification,3,1,MLP,104,1000,0.7785977859778598
Cora,ClassBasedStratification,3,1,MLP,105,1000,0.7509225092250923
Cora,ClassBasedStratification,3,1,MLP,106,1000,0.7730627306273062
Cora,ClassBasedStratification,3,1,MLP,107,1000,0.7638376383763837
Cora,ClassBasedStratification,3,1,MLP,108,1000,0.7749077490774908
Cora,ClassBasedStratification,3,1,MLP,109,1000,0.7564575645756457
Cora,ClassBasedStratification,3,1,GCN,100,1000,0.8819188191881919
Cora,ClassBasedStratification,3,1,GCN,101,1000,0.8800738007380073
Cora,ClassBasedStratification,3,1,GCN,102,1000,0.8819188191881919
Cora,ClassBasedStratification,3,1,GCN,103,1000,0.8892988929889298
Cora,ClassBasedStratification,3,1,GCN,104,1000,0.8874538745387454
Cora,ClassBasedStratification,3,1,GCN,105,1000,0.8782287822878229
Cora,ClassBasedStratification,3,1,GCN,106,1000,0.8837638376383764
Cora,ClassBasedStratification,3,1,GCN,107,1000,0.8800738007380073
Cora,ClassBasedStratification,3,1,GCN,108,1000,0.8856088560885609
Cora,ClassBasedStratification,3,1,GCN,109,1000,0.8856088560885609
Cora,ClassBasedStratification,3,1,GAT,100,1000,0.8892988929889298
Cora,ClassBasedStratification,3,1,GAT,101,1000,0.8837638376383764
Cora,ClassBasedStratification,3,1,GAT,102,1000,0.8985239852398524
Cora,ClassBasedStratification,3,1,GAT,103,1000,0.8874538745387454
Cora,ClassBasedStratification,3,1,GAT,104,1000,0.8929889298892989
Cora,ClassBasedStratification,3,1,GAT,105,1000,0.8874538745387454
Cora,ClassBasedStratification,3,1,GAT,106,1000,0.8837638376383764
Cora,ClassBasedStratification,3,1,GAT,107,1000,0.8892988929889298
Cora,ClassBasedStratification,3,1,GAT,108,1000,0.8837638376383764
Cora,ClassBasedStratification,3,1,GAT,109,1000,0.8837638376383764
Cora,ClassBasedStratification,3,1,SAGE,100,1000,0.8874538745387454
Cora,ClassBasedStratification,3,1,SAGE,101,1000,0.8929889298892989
Cora,ClassBasedStratification,3,1,SAGE,102,1000,0.8837638376383764
Cora,ClassBasedStratification,3,1,SAGE,103,1000,0.8856088560885609
Cora,ClassBasedStratification,3,1,SAGE,104,1000,0.8856088560885609
Cora,ClassBasedStratification,3,1,SAGE,105,1000,0.8856088560885609
Cora,ClassBasedStratification,3,1,SAGE,106,1000,0.8948339483394834
Cora,ClassBasedStratification,3,1,SAGE,107,1000,0.8948339483394834
Cora,ClassBasedStratification,3,1,SAGE,108,1000,0.8929889298892989
Cora,ClassBasedStratification,3,1,SAGE,109,1000,0.8819188191881919
Cora,ClassBasedStratification,3,1,MixHop,100,1000,0.8948339483394834
Cora,ClassBasedStratification,3,1,MixHop,101,1000,0.9022140221402214
Cora,ClassBasedStratification,3,1,MixHop,102,1000,0.8911439114391144
Cora,ClassBasedStratification,3,1,MixHop,103,1000,0.8911439114391144
Cora,ClassBasedStratification,3,1,MixHop,104,1000,0.8985239852398524
Cora,ClassBasedStratification,3,1,MixHop,105,1000,0.8948339483394834
Cora,ClassBasedStratification,3,1,MixHop,106,1000,0.8929889298892989
Cora,ClassBasedStratification,3,1,MixHop,107,1000,0.8856088560885609
Cora,ClassBasedStratification,3,1,MixHop,108,1000,0.8929889298892989
Cora,ClassBasedStratification,3,1,MixHop,109,1000,0.9077490774907748
Cora,ClassBasedStratification,3,2,MLP,100,1000,0.7601476014760148
Cora,ClassBasedStratification,3,2,MLP,101,1000,0.7416974169741697
Cora,ClassBasedStratification,3,2,MLP,102,1000,0.7490774907749077
Cora,ClassBasedStratification,3,2,MLP,103,1000,0.7546125461254612
Cora,ClassBasedStratification,3,2,MLP,104,1000,0.7656826568265682
Cora,ClassBasedStratification,3,2,MLP,105,1000,0.7509225092250923
Cora,ClassBasedStratification,3,2,MLP,106,1000,0.7509225092250923
Cora,ClassBasedStratification,3,2,MLP,107,1000,0.7546125461254612
Cora,ClassBasedStratification,3,2,MLP,108,1000,0.7601476014760148
Cora,ClassBasedStratification,3,2,MLP,109,1000,0.7564575645756457
Cora,ClassBasedStratification,3,2,GCN,100,1000,0.8579335793357934
Cora,ClassBasedStratification,3,2,GCN,101,1000,0.8597785977859779
Cora,ClassBasedStratification,3,2,GCN,102,1000,0.8505535055350554
Cora,ClassBasedStratification,3,2,GCN,103,1000,0.8523985239852399
Cora,ClassBasedStratification,3,2,GCN,104,1000,0.8579335793357934
Cora,ClassBasedStratification,3,2,GCN,105,1000,0.8579335793357934
Cora,ClassBasedStratification,3,2,GCN,106,1000,0.8542435424354243
Cora,ClassBasedStratification,3,2,GCN,107,1000,0.8579335793357934
Cora,ClassBasedStratification,3,2,GCN,108,1000,0.8579335793357934
Cora,ClassBasedStratification,3,2,GCN,109,1000,0.8579335793357934
Cora,ClassBasedStratification,3,2,GAT,100,1000,0.8616236162361623
Cora,ClassBasedStratification,3,2,GAT,101,1000,0.8634686346863468
Cora,ClassBasedStratification,3,2,GAT,102,1000,0.8560885608856088
Cora,ClassBasedStratification,3,2,GAT,103,1000,0.8616236162361623
Cora,ClassBasedStratification,3,2,GAT,104,1000,0.8634686346863468
Cora,ClassBasedStratification,3,2,GAT,105,1000,0.8579335793357934
Cora,ClassBasedStratification,3,2,GAT,106,1000,0.8542435424354243
Cora,ClassBasedStratification,3,2,GAT,107,1000,0.8542435424354243
Cora,ClassBasedStratification,3,2,GAT,108,1000,0.8671586715867159
Cora,ClassBasedStratification,3,2,GAT,109,1000,0.8597785977859779
Cora,ClassBasedStratification,3,2,SAGE,100,1000,0.8690036900369004
Cora,ClassBasedStratification,3,2,SAGE,101,1000,0.8597785977859779
Cora,ClassBasedStratification,3,2,SAGE,102,1000,0.8690036900369004
Cora,ClassBasedStratification,3,2,SAGE,103,1000,0.8745387453874539
Cora,ClassBasedStratification,3,2,SAGE,104,1000,0.8726937269372693
Cora,ClassBasedStratification,3,2,SAGE,105,1000,0.8690036900369004
Cora,ClassBasedStratification,3,2,SAGE,106,1000,0.8653136531365314
Cora,ClassBasedStratification,3,2,SAGE,107,1000,0.8690036900369004
Cora,ClassBasedStratification,3,2,SAGE,108,1000,0.8690036900369004
Cora,ClassBasedStratification,3,2,SAGE,109,1000,0.8653136531365314
Cora,ClassBasedStratification,3,2,MixHop,100,1000,0.8726937269372693
Cora,ClassBasedStratification,3,2,MixHop,101,1000,0.8690036900369004
Cora,ClassBasedStratification,3,2,MixHop,102,1000,0.8708487084870848
Cora,ClassBasedStratification,3,2,MixHop,103,1000,0.8782287822878229
Cora,ClassBasedStratification,3,2,MixHop,104,1000,0.8671586715867159
Cora,ClassBasedStratification,3,2,MixHop,105,1000,0.8671586715867159
Cora,ClassBasedStratification,3,2,MixHop,106,1000,0.8690036900369004
Cora,ClassBasedStratification,3,2,MixHop,107,1000,0.8708487084870848
Cora,ClassBasedStratification,3,2,MixHop,108,1000,0.8745387453874539
Cora,ClassBasedStratification,3,2,MixHop,109,1000,0.8690036900369004
Cora,ClassBasedStratification,3,3,MLP,100,1000,0.7619926199261993
Cora,ClassBasedStratification,3,3,MLP,101,1000,0.7656826568265682
Cora,ClassBasedStratification,3,3,MLP,102,1000,0.7509225092250923
Cora,ClassBasedStratification,3,3,MLP,103,1000,0.7583025830258303
Cora,ClassBasedStratification,3,3,MLP,104,1000,0.7601476014760148
Cora,ClassBasedStratification,3,3,MLP,105,1000,0.7546125461254612
Cora,ClassBasedStratification,3,3,MLP,106,1000,0.7583025830258303
Cora,ClassBasedStratification,3,3,MLP,107,1000,0.7546125461254612
Cora,ClassBasedStratification,3,3,MLP,108,1000,0.7509225092250923
Cora,ClassBasedStratification,3,3,MLP,109,1000,0.7583025830258303
Cora,ClassBasedStratification,3,3,GCN,100,1000,0.8690036900369004
Cora,ClassBasedStratification,3,3,GCN,101,1000,0.8690036900369004
Cora,ClassBasedStratification,3,3,GCN,102,1000,0.8800738007380073
Cora,ClassBasedStratification,3,3,GCN,103,1000,0.8782287822878229
Cora,ClassBasedStratification,3,3,GCN,104,1000,0.8782287822878229
Cora,ClassBasedStratification,3,3,GCN,105,1000,0.8726937269372693
Cora,ClassBasedStratification,3,3,GCN,106,1000,0.8726937269372693
Cora,ClassBasedStratification,3,3,GCN,107,1000,0.8726937269372693
Cora,ClassBasedStratification,3,3,GCN,108,1000,0.8745387453874539
Cora,ClassBasedStratification,3,3,GCN,109,1000,0.8763837638376384
Cora,ClassBasedStratification,3,3,GAT,100,1000,0.8726937269372693
Cora,ClassBasedStratification,3,3,GAT,101,1000,0.8763837638376384
Cora,ClassBasedStratification,3,3,GAT,102,1000,0.8726937269372693
Cora,ClassBasedStratification,3,3,GAT,103,1000,0.8763837638376384
Cora,ClassBasedStratification,3,3,GAT,104,1000,0.8782287822878229
Cora,ClassBasedStratification,3,3,GAT,105,1000,0.8837638376383764
Cora,ClassBasedStratification,3,3,GAT,106,1000,0.8708487084870848
Cora,ClassBasedStratification,3,3,GAT,107,1000,0.8837638376383764
Cora,ClassBasedStratification,3,3,GAT,108,1000,0.8856088560885609
Cora,ClassBasedStratification,3,3,GAT,109,1000,0.8856088560885609
Cora,ClassBasedStratification,3,3,SAGE,100,1000,0.8653136531365314
Cora,ClassBasedStratification,3,3,SAGE,101,1000,0.8856088560885609
Cora,ClassBasedStratification,3,3,SAGE,102,1000,0.8856088560885609
Cora,ClassBasedStratification,3,3,SAGE,103,1000,0.8929889298892989
Cora,ClassBasedStratification,3,3,SAGE,104,1000,0.8782287822878229
Cora,ClassBasedStratification,3,3,SAGE,105,1000,0.8837638376383764
Cora,ClassBasedStratification,3,3,SAGE,106,1000,0.8874538745387454
Cora,ClassBasedStratification,3,3,SAGE,107,1000,0.8837638376383764
Cora,ClassBasedStratification,3,3,SAGE,108,1000,0.8708487084870848
Cora,ClassBasedStratification,3,3,SAGE,109,1000,0.8782287822878229
Cora,ClassBasedStratification,3,3,MixHop,100,1000,0.8966789667896679
Cora,ClassBasedStratification,3,3,MixHop,101,1000,0.8911439114391144
Cora,ClassBasedStratification,3,3,MixHop,102,1000,0.8856088560885609
Cora,ClassBasedStratification,3,3,MixHop,103,1000,0.8856088560885609
Cora,ClassBasedStratification,3,3,MixHop,104,1000,0.8874538745387454
Cora,ClassBasedStratification,3,3,MixHop,105,1000,0.8948339483394834
Cora,ClassBasedStratification,3,3,MixHop,106,1000,0.8856088560885609
Cora,ClassBasedStratification,3,3,MixHop,107,1000,0.8874538745387454
Cora,ClassBasedStratification,3,3,MixHop,108,1000,0.8874538745387454
Cora,ClassBasedStratification,3,3,MixHop,109,1000,0.8837638376383764
Cora,ClassBasedStratification,3,4,MLP,100,1000,0.7412199630314233
Cora,ClassBasedStratification,3,4,MLP,101,1000,0.7486136783733827
Cora,ClassBasedStratification,3,4,MLP,102,1000,0.7467652495378928
Cora,ClassBasedStratification,3,4,MLP,103,1000,0.7634011090573013
Cora,ClassBasedStratification,3,4,MLP,104,1000,0.7597042513863216
Cora,ClassBasedStratification,3,4,MLP,105,1000,0.7264325323475046
Cora,ClassBasedStratification,3,4,MLP,106,1000,0.7412199630314233
Cora,ClassBasedStratification,3,4,MLP,107,1000,0.7634011090573013
Cora,ClassBasedStratification,3,4,MLP,108,1000,0.7504621072088724
Cora,ClassBasedStratification,3,4,MLP,109,1000,0.7504621072088724
Cora,ClassBasedStratification,3,4,GCN,100,1000,0.8853974121996303
Cora,ClassBasedStratification,3,4,GCN,101,1000,0.8817005545286506
Cora,ClassBasedStratification,3,4,GCN,102,1000,0.8817005545286506
Cora,ClassBasedStratification,3,4,GCN,103,1000,0.8798521256931608
Cora,ClassBasedStratification,3,4,GCN,104,1000,0.8835489833641405
Cora,ClassBasedStratification,3,4,GCN,105,1000,0.8835489833641405
Cora,ClassBasedStratification,3,4,GCN,106,1000,0.8853974121996303
Cora,ClassBasedStratification,3,4,GCN,107,1000,0.8798521256931608
Cora,ClassBasedStratification,3,4,GCN,108,1000,0.8835489833641405
Cora,ClassBasedStratification,3,4,GCN,109,1000,0.8853974121996303
Cora,ClassBasedStratification,3,4,GAT,100,1000,0.8909426987060998
Cora,ClassBasedStratification,3,4,GAT,101,1000,0.8927911275415896
Cora,ClassBasedStratification,3,4,GAT,102,1000,0.8964879852125693
Cora,ClassBasedStratification,3,4,GAT,103,1000,0.9001848428835489
Cora,ClassBasedStratification,3,4,GAT,104,1000,0.9020332717190388
Cora,ClassBasedStratification,3,4,GAT,105,1000,0.8983364140480592
Cora,ClassBasedStratification,3,4,GAT,106,1000,0.8964879852125693
Cora,ClassBasedStratification,3,4,GAT,107,1000,0.8853974121996303
Cora,ClassBasedStratification,3,4,GAT,108,1000,0.8946395563770795
Cora,ClassBasedStratification,3,4,GAT,109,1000,0.8964879852125693
Cora,ClassBasedStratification,3,4,SAGE,100,1000,0.8946395563770795
Cora,ClassBasedStratification,3,4,SAGE,101,1000,0.8946395563770795
Cora,ClassBasedStratification,3,4,SAGE,102,1000,0.8909426987060998
Cora,ClassBasedStratification,3,4,SAGE,103,1000,0.8872458410351202
Cora,ClassBasedStratification,3,4,SAGE,104,1000,0.8909426987060998
Cora,ClassBasedStratification,3,4,SAGE,105,1000,0.8927911275415896
Cora,ClassBasedStratification,3,4,SAGE,106,1000,0.8927911275415896
Cora,ClassBasedStratification,3,4,SAGE,107,1000,0.88909426987061
Cora,ClassBasedStratification,3,4,SAGE,108,1000,0.8927911275415896
Cora,ClassBasedStratification,3,4,SAGE,109,1000,0.8909426987060998
Cora,ClassBasedStratification,3,4,MixHop,100,1000,0.9001848428835489
Cora,ClassBasedStratification,3,4,MixHop,101,1000,0.9038817005545288
Cora,ClassBasedStratification,3,4,MixHop,102,1000,0.9001848428835489
Cora,ClassBasedStratification,3,4,MixHop,103,1000,0.9075785582255084
Cora,ClassBasedStratification,3,4,MixHop,104,1000,0.909426987060998
Cora,ClassBasedStratification,3,4,MixHop,105,1000,0.911275415896488
Cora,ClassBasedStratification,3,4,MixHop,106,1000,0.9038817005545288
Cora,ClassBasedStratification,3,4,MixHop,107,1000,0.9149722735674676
Cora,ClassBasedStratification,3,4,MixHop,108,1000,0.9038817005545288
Cora,ClassBasedStratification,3,4,MixHop,109,1000,0.911275415896488
Cora,ClassBasedStratification,3,5,MLP,100,1000,0.7486136783733827
Cora,ClassBasedStratification,3,5,MLP,101,1000,0.7430683918669131
Cora,ClassBasedStratification,3,5,MLP,102,1000,0.7689463955637708
Cora,ClassBasedStratification,3,5,MLP,103,1000,0.7504621072088724
Cora,ClassBasedStratification,3,5,MLP,104,1000,0.7486136783733827
Cora,ClassBasedStratification,3,5,MLP,105,1000,0.7597042513863216
Cora,ClassBasedStratification,3,5,MLP,106,1000,0.7634011090573013
Cora,ClassBasedStratification,3,5,MLP,107,1000,0.7726432532347505
Cora,ClassBasedStratification,3,5,MLP,108,1000,0.7504621072088724
Cora,ClassBasedStratification,3,5,MLP,109,1000,0.7707948243992606
Cora,ClassBasedStratification,3,5,GCN,100,1000,0.8909426987060998
Cora,ClassBasedStratification,3,5,GCN,101,1000,0.88909426987061
Cora,ClassBasedStratification,3,5,GCN,102,1000,0.8853974121996303
Cora,ClassBasedStratification,3,5,GCN,103,1000,0.88909426987061
Cora,ClassBasedStratification,3,5,GCN,104,1000,0.8853974121996303
Cora,ClassBasedStratification,3,5,GCN,105,1000,0.8927911275415896
Cora,ClassBasedStratification,3,5,GCN,106,1000,0.8909426987060998
Cora,ClassBasedStratification,3,5,GCN,107,1000,0.88909426987061
Cora,ClassBasedStratification,3,5,GCN,108,1000,0.8853974121996303
Cora,ClassBasedStratification,3,5,GCN,109,1000,0.8927911275415896
Cora,ClassBasedStratification,3,5,GAT,100,1000,0.8983364140480592
Cora,ClassBasedStratification,3,5,GAT,101,1000,0.8909426987060998
Cora,ClassBasedStratification,3,5,GAT,102,1000,0.9001848428835489
Cora,ClassBasedStratification,3,5,GAT,103,1000,0.8983364140480592
Cora,ClassBasedStratification,3,5,GAT,104,1000,0.9020332717190388
Cora,ClassBasedStratification,3,5,GAT,105,1000,0.8983364140480592
Cora,ClassBasedStratification,3,5,GAT,106,1000,0.8909426987060998
Cora,ClassBasedStratification,3,5,GAT,107,1000,0.8872458410351202
Cora,ClassBasedStratification,3,5,GAT,108,1000,0.9020332717190388
Cora,ClassBasedStratification,3,5,GAT,109,1000,0.8964879852125693
Cora,ClassBasedStratification,3,5,SAGE,100,1000,0.8946395563770795
Cora,ClassBasedStratification,3,5,SAGE,101,1000,0.8872458410351202
Cora,ClassBasedStratification,3,5,SAGE,102,1000,0.8983364140480592
Cora,ClassBasedStratification,3,5,SAGE,103,1000,0.8909426987060998
Cora,ClassBasedStratification,3,5,SAGE,104,1000,0.8964879852125693
Cora,ClassBasedStratification,3,5,SAGE,105,1000,0.9001848428835489
Cora,ClassBasedStratification,3,5,SAGE,106,1000,0.8964879852125693
Cora,ClassBasedStratification,3,5,SAGE,107,1000,0.8946395563770795
Cora,ClassBasedStratification,3,5,SAGE,108,1000,0.8872458410351202
Cora,ClassBasedStratification,3,5,SAGE,109,1000,0.9020332717190388
Cora,ClassBasedStratification,3,5,MixHop,100,1000,0.8817005545286506
Cora,ClassBasedStratification,3,5,MixHop,101,1000,0.88909426987061
Cora,ClassBasedStratification,3,5,MixHop,102,1000,0.8835489833641405
Cora,ClassBasedStratification,3,5,MixHop,103,1000,0.8909426987060998
Cora,ClassBasedStratification,3,5,MixHop,104,1000,0.8761552680221811
Cora,ClassBasedStratification,3,5,MixHop,105,1000,0.8853974121996303
Cora,ClassBasedStratification,3,5,MixHop,106,1000,0.8927911275415896
Cora,ClassBasedStratification,3,5,MixHop,107,1000,0.8927911275415896
Cora,ClassBasedStratification,3,5,MixHop,108,1000,0.8853974121996303
Cora,ClassBasedStratification,3,5,MixHop,109,1000,0.8983364140480592
Cora,ClassBasedStratification,4,1,MLP,100,1000,0.7250922509225092
Cora,ClassBasedStratification,4,1,MLP,101,1000,0.7103321033210332
Cora,ClassBasedStratification,4,1,MLP,102,1000,0.7158671586715867
Cora,ClassBasedStratification,4,1,MLP,103,1000,0.7324723247232472
Cora,ClassBasedStratification,4,1,MLP,104,1000,0.7232472324723247
Cora,ClassBasedStratification,4,1,MLP,105,1000,0.7343173431734318
Cora,ClassBasedStratification,4,1,MLP,106,1000,0.7232472324723247
Cora,ClassBasedStratification,4,1,MLP,107,1000,0.7084870848708487
Cora,ClassBasedStratification,4,1,MLP,108,1000,0.7103321033210332
Cora,ClassBasedStratification,4,1,MLP,109,1000,0.7214022140221402
Cora,ClassBasedStratification,4,1,GCN,100,1000,0.8800738007380073
Cora,ClassBasedStratification,4,1,GCN,101,1000,0.8782287822878229
Cora,ClassBasedStratification,4,1,GCN,102,1000,0.8782287822878229
Cora,ClassBasedStratification,4,1,GCN,103,1000,0.8837638376383764
Cora,ClassBasedStratification,4,1,GCN,104,1000,0.8763837638376384
Cora,ClassBasedStratification,4,1,GCN,105,1000,0.8856088560885609
Cora,ClassBasedStratification,4,1,GCN,106,1000,0.8800738007380073
Cora,ClassBasedStratification,4,1,GCN,107,1000,0.8837638376383764
Cora,ClassBasedStratification,4,1,GCN,108,1000,0.8745387453874539
Cora,ClassBasedStratification,4,1,GCN,109,1000,0.8837638376383764
Cora,ClassBasedStratification,4,1,GAT,100,1000,0.9003690036900369
Cora,ClassBasedStratification,4,1,GAT,101,1000,0.8966789667896679
Cora,ClassBasedStratification,4,1,GAT,102,1000,0.8892988929889298
Cora,ClassBasedStratification,4,1,GAT,103,1000,0.8911439114391144
Cora,ClassBasedStratification,4,1,GAT,104,1000,0.8948339483394834
Cora,ClassBasedStratification,4,1,GAT,105,1000,0.8911439114391144
Cora,ClassBasedStratification,4,1,GAT,106,1000,0.8929889298892989
Cora,ClassBasedStratification,4,1,GAT,107,1000,0.8985239852398524
Cora,ClassBasedStratification,4,1,GAT,108,1000,0.8985239852398524
Cora,ClassBasedStratification,4,1,GAT,109,1000,0.904059040590406
Cora,ClassBasedStratification,4,1,SAGE,100,1000,0.8948339483394834
Cora,ClassBasedStratification,4,1,SAGE,101,1000,0.8874538745387454
Cora,ClassBasedStratification,4,1,SAGE,102,1000,0.8929889298892989
Cora,ClassBasedStratification,4,1,SAGE,103,1000,0.8874538745387454
Cora,ClassBasedStratification,4,1,SAGE,104,1000,0.8874538745387454
Cora,ClassBasedStratification,4,1,SAGE,105,1000,0.8966789667896679
Cora,ClassBasedStratification,4,1,SAGE,106,1000,0.8911439114391144
Cora,ClassBasedStratification,4,1,SAGE,107,1000,0.8929889298892989
Cora,ClassBasedStratification,4,1,SAGE,108,1000,0.8929889298892989
Cora,ClassBasedStratification,4,1,SAGE,109,1000,0.8874538745387454
Cora,ClassBasedStratification,4,1,MixHop,100,1000,0.8929889298892989
Cora,ClassBasedStratification,4,1,MixHop,101,1000,0.8929889298892989
Cora,ClassBasedStratification,4,1,MixHop,102,1000,0.8837638376383764
Cora,ClassBasedStratification,4,1,MixHop,103,1000,0.8948339483394834
Cora,ClassBasedStratification,4,1,MixHop,104,1000,0.8948339483394834
Cora,ClassBasedStratification,4,1,MixHop,105,1000,0.8763837638376384
Cora,ClassBasedStratification,4,1,MixHop,106,1000,0.8966789667896679
Cora,ClassBasedStratification,4,1,MixHop,107,1000,0.8985239852398524
Cora,ClassBasedStratification,4,1,MixHop,108,1000,0.8948339483394834
Cora,ClassBasedStratification,4,1,MixHop,109,1000,0.8985239852398524
Cora,ClassBasedStratification,4,2,MLP,100,1000,0.7546125461254612
Cora,ClassBasedStratification,4,2,MLP,101,1000,0.7546125461254612
Cora,ClassBasedStratification,4,2,MLP,102,1000,0.7416974169741697
Cora,ClassBasedStratification,4,2,MLP,103,1000,0.7490774907749077
Cora,ClassBasedStratification,4,2,MLP,104,1000,0.7527675276752768
Cora,ClassBasedStratification,4,2,MLP,105,1000,0.7269372693726938
Cora,ClassBasedStratification,4,2,MLP,106,1000,0.7490774907749077
Cora,ClassBasedStratification,4,2,MLP,107,1000,0.7324723247232472
Cora,ClassBasedStratification,4,2,MLP,108,1000,0.7232472324723247
Cora,ClassBasedStratification,4,2,MLP,109,1000,0.7546125461254612
Cora,ClassBasedStratification,4,2,GCN,100,1000,0.8708487084870848
Cora,ClassBasedStratification,4,2,GCN,101,1000,0.8763837638376384
Cora,ClassBasedStratification,4,2,GCN,102,1000,0.8763837638376384
Cora,ClassBasedStratification,4,2,GCN,103,1000,0.8837638376383764
Cora,ClassBasedStratification,4,2,GCN,104,1000,0.8726937269372693
Cora,ClassBasedStratification,4,2,GCN,105,1000,0.8726937269372693
Cora,ClassBasedStratification,4,2,GCN,106,1000,0.8726937269372693
Cora,ClassBasedStratification,4,2,GCN,107,1000,0.8745387453874539
Cora,ClassBasedStratification,4,2,GCN,108,1000,0.8800738007380073
Cora,ClassBasedStratification,4,2,GCN,109,1000,0.8837638376383764
Cora,ClassBasedStratification,4,2,GAT,100,1000,0.8726937269372693
Cora,ClassBasedStratification,4,2,GAT,101,1000,0.8837638376383764
Cora,ClassBasedStratification,4,2,GAT,102,1000,0.8819188191881919
Cora,ClassBasedStratification,4,2,GAT,103,1000,0.8726937269372693
Cora,ClassBasedStratification,4,2,GAT,104,1000,0.8763837638376384
Cora,ClassBasedStratification,4,2,GAT,105,1000,0.8874538745387454
Cora,ClassBasedStratification,4,2,GAT,106,1000,0.8690036900369004
Cora,ClassBasedStratification,4,2,GAT,107,1000,0.8837638376383764
Cora,ClassBasedStratification,4,2,GAT,108,1000,0.8892988929889298
Cora,ClassBasedStratification,4,2,GAT,109,1000,0.8911439114391144
Cora,ClassBasedStratification,4,2,SAGE,100,1000,0.8856088560885609
Cora,ClassBasedStratification,4,2,SAGE,101,1000,0.8856088560885609
Cora,ClassBasedStratification,4,2,SAGE,102,1000,0.8837638376383764
Cora,ClassBasedStratification,4,2,SAGE,103,1000,0.8837638376383764
Cora,ClassBasedStratification,4,2,SAGE,104,1000,0.8874538745387454
Cora,ClassBasedStratification,4,2,SAGE,105,1000,0.8856088560885609
Cora,ClassBasedStratification,4,2,SAGE,106,1000,0.8819188191881919
Cora,ClassBasedStratification,4,2,SAGE,107,1000,0.8874538745387454
Cora,ClassBasedStratification,4,2,SAGE,108,1000,0.8837638376383764
Cora,ClassBasedStratification,4,2,SAGE,109,1000,0.8819188191881919
Cora,ClassBasedStratification,4,2,MixHop,100,1000,0.8800738007380073
Cora,ClassBasedStratification,4,2,MixHop,101,1000,0.8800738007380073
Cora,ClassBasedStratification,4,2,MixHop,102,1000,0.8856088560885609
Cora,ClassBasedStratification,4,2,MixHop,103,1000,0.8763837638376384
Cora,ClassBasedStratification,4,2,MixHop,104,1000,0.8800738007380073
Cora,ClassBasedStratification,4,2,MixHop,105,1000,0.8874538745387454
Cora,ClassBasedStratification,4,2,MixHop,106,1000,0.8819188191881919
Cora,ClassBasedStratification,4,2,MixHop,107,1000,0.8837638376383764
Cora,ClassBasedStratification,4,2,MixHop,108,1000,0.8874538745387454
Cora,ClassBasedStratification,4,2,MixHop,109,1000,0.8745387453874539
Cora,ClassBasedStratification,4,3,MLP,100,1000,0.7583025830258303
Cora,ClassBasedStratification,4,3,MLP,101,1000,0.7546125461254612
Cora,ClassBasedStratification,4,3,MLP,102,1000,0.7546125461254612
Cora,ClassBasedStratification,4,3,MLP,103,1000,0.7656826568265682
Cora,ClassBasedStratification,4,3,MLP,104,1000,0.7472324723247232
Cora,ClassBasedStratification,4,3,MLP,105,1000,0.7472324723247232
Cora,ClassBasedStratification,4,3,MLP,106,1000,0.7546125461254612
Cora,ClassBasedStratification,4,3,MLP,107,1000,0.7583025830258303
Cora,ClassBasedStratification,4,3,MLP,108,1000,0.7601476014760148
Cora,ClassBasedStratification,4,3,MLP,109,1000,0.7619926199261993
Cora,ClassBasedStratification,4,3,GCN,100,1000,0.8560885608856088
Cora,ClassBasedStratification,4,3,GCN,101,1000,0.8468634686346863
Cora,ClassBasedStratification,4,3,GCN,102,1000,0.8505535055350554
Cora,ClassBasedStratification,4,3,GCN,103,1000,0.8542435424354243
Cora,ClassBasedStratification,4,3,GCN,104,1000,0.8505535055350554
Cora,ClassBasedStratification,4,3,GCN,105,1000,0.8542435424354243
Cora,ClassBasedStratification,4,3,GCN,106,1000,0.8468634686346863
Cora,ClassBasedStratification,4,3,GCN,107,1000,0.8487084870848709
Cora,ClassBasedStratification,4,3,GCN,108,1000,0.8431734317343174
Cora,ClassBasedStratification,4,3,GCN,109,1000,0.8579335793357934
Cora,ClassBasedStratification,4,3,GAT,100,1000,0.8542435424354243
Cora,ClassBasedStratification,4,3,GAT,101,1000,0.8560885608856088
Cora,ClassBasedStratification,4,3,GAT,102,1000,0.8560885608856088
Cora,ClassBasedStratification,4,3,GAT,103,1000,0.8560885608856088
Cora,ClassBasedStratification,4,3,GAT,104,1000,0.8542435424354243
Cora,ClassBasedStratification,4,3,GAT,105,1000,0.8542435424354243
Cora,ClassBasedStratification,4,3,GAT,106,1000,0.8450184501845018
Cora,ClassBasedStratification,4,3,GAT,107,1000,0.8597785977859779
Cora,ClassBasedStratification,4,3,GAT,108,1000,0.8560885608856088
Cora,ClassBasedStratification,4,3,GAT,109,1000,0.8542435424354243
Cora,ClassBasedStratification,4,3,SAGE,100,1000,0.8431734317343174
Cora,ClassBasedStratification,4,3,SAGE,101,1000,0.8579335793357934
Cora,ClassBasedStratification,4,3,SAGE,102,1000,0.8450184501845018
Cora,ClassBasedStratification,4,3,SAGE,103,1000,0.8376383763837638
Cora,ClassBasedStratification,4,3,SAGE,104,1000,0.8560885608856088
Cora,ClassBasedStratification,4,3,SAGE,105,1000,0.8542435424354243
Cora,ClassBasedStratification,4,3,SAGE,106,1000,0.8468634686346863
Cora,ClassBasedStratification,4,3,SAGE,107,1000,0.8505535055350554
Cora,ClassBasedStratification,4,3,SAGE,108,1000,0.8431734317343174
Cora,ClassBasedStratification,4,3,SAGE,109,1000,0.8431734317343174
Cora,ClassBasedStratification,4,3,MixHop,100,1000,0.8542435424354243
Cora,ClassBasedStratification,4,3,MixHop,101,1000,0.8597785977859779
Cora,ClassBasedStratification,4,3,MixHop,102,1000,0.8523985239852399
Cora,ClassBasedStratification,4,3,MixHop,103,1000,0.8597785977859779
Cora,ClassBasedStratification,4,3,MixHop,104,1000,0.8579335793357934
Cora,ClassBasedStratification,4,3,MixHop,105,1000,0.8671586715867159
Cora,ClassBasedStratification,4,3,MixHop,106,1000,0.8450184501845018
Cora,ClassBasedStratification,4,3,MixHop,107,1000,0.8542435424354243
Cora,ClassBasedStratification,4,3,MixHop,108,1000,0.8597785977859779
Cora,ClassBasedStratification,4,3,MixHop,109,1000,0.8579335793357934
Cora,ClassBasedStratification,4,4,MLP,100,1000,0.7763401109057301
Cora,ClassBasedStratification,4,4,MLP,101,1000,0.7763401109057301
Cora,ClassBasedStratification,4,4,MLP,102,1000,0.7781885397412199
Cora,ClassBasedStratification,4,4,MLP,103,1000,0.7634011090573013
Cora,ClassBasedStratification,4,4,MLP,104,1000,0.7781885397412199
Cora,ClassBasedStratification,4,4,MLP,105,1000,0.7744916820702403
Cora,ClassBasedStratification,4,4,MLP,106,1000,0.7818853974121996
Cora,ClassBasedStratification,4,4,MLP,107,1000,0.7837338262476895
Cora,ClassBasedStratification,4,4,MLP,108,1000,0.767097966728281
Cora,ClassBasedStratification,4,4,MLP,109,1000,0.7818853974121996
Cora,ClassBasedStratification,4,4,GCN,100,1000,0.9038817005545288
Cora,ClassBasedStratification,4,4,GCN,101,1000,0.9075785582255084
Cora,ClassBasedStratification,4,4,GCN,102,1000,0.9075785582255084
Cora,ClassBasedStratification,4,4,GCN,103,1000,0.9020332717190388
Cora,ClassBasedStratification,4,4,GCN,104,1000,0.9020332717190388
Cora,ClassBasedStratification,4,4,GCN,105,1000,0.9001848428835489
Cora,ClassBasedStratification,4,4,GCN,106,1000,0.9020332717190388
Cora,ClassBasedStratification,4,4,GCN,107,1000,0.9020332717190388
Cora,ClassBasedStratification,4,4,GCN,108,1000,0.9038817005545288
Cora,ClassBasedStratification,4,4,GCN,109,1000,0.9038817005545288
Cora,ClassBasedStratification,4,4,GAT,100,1000,0.9001848428835489
Cora,ClassBasedStratification,4,4,GAT,101,1000,0.9001848428835489
Cora,ClassBasedStratification,4,4,GAT,102,1000,0.9020332717190388
Cora,ClassBasedStratification,4,4,GAT,103,1000,0.9001848428835489
Cora,ClassBasedStratification,4,4,GAT,104,1000,0.8983364140480592
Cora,ClassBasedStratification,4,4,GAT,105,1000,0.9038817005545288
Cora,ClassBasedStratification,4,4,GAT,106,1000,0.8964879852125693
Cora,ClassBasedStratification,4,4,GAT,107,1000,0.8983364140480592
Cora,ClassBasedStratification,4,4,GAT,108,1000,0.9020332717190388
Cora,ClassBasedStratification,4,4,GAT,109,1000,0.9001848428835489
Cora,ClassBasedStratification,4,4,SAGE,100,1000,0.8927911275415896
Cora,ClassBasedStratification,4,4,SAGE,101,1000,0.9001848428835489
Cora,ClassBasedStratification,4,4,SAGE,102,1000,0.8983364140480592
Cora,ClassBasedStratification,4,4,SAGE,103,1000,0.909426987060998
Cora,ClassBasedStratification,4,4,SAGE,104,1000,0.8983364140480592
Cora,ClassBasedStratification,4,4,SAGE,105,1000,0.9001848428835489
Cora,ClassBasedStratification,4,4,SAGE,106,1000,0.8983364140480592
Cora,ClassBasedStratification,4,4,SAGE,107,1000,0.8983364140480592
Cora,ClassBasedStratification,4,4,SAGE,108,1000,0.8983364140480592
Cora,ClassBasedStratification,4,4,SAGE,109,1000,0.9057301293900184
Cora,ClassBasedStratification,4,4,MixHop,100,1000,0.911275415896488
Cora,ClassBasedStratification,4,4,MixHop,101,1000,0.9131238447319778
Cora,ClassBasedStratification,4,4,MixHop,102,1000,0.9038817005545288
Cora,ClassBasedStratification,4,4,MixHop,103,1000,0.911275415896488
Cora,ClassBasedStratification,4,4,MixHop,104,1000,0.9038817005545288
Cora,ClassBasedStratification,4,4,MixHop,105,1000,0.9038817005545288
Cora,ClassBasedStratification,4,4,MixHop,106,1000,0.9149722735674676
Cora,ClassBasedStratification,4,4,MixHop,107,1000,0.909426987060998
Cora,ClassBasedStratification,4,4,MixHop,108,1000,0.911275415896488
Cora,ClassBasedStratification,4,4,MixHop,109,1000,0.9075785582255084
Cora,ClassBasedStratification,4,5,MLP,100,1000,0.7375231053604436
Cora,ClassBasedStratification,4,5,MLP,101,1000,0.7615526802218114
Cora,ClassBasedStratification,4,5,MLP,102,1000,0.7486136783733827
Cora,ClassBasedStratification,4,5,MLP,103,1000,0.7523105360443623
Cora,ClassBasedStratification,4,5,MLP,104,1000,0.756007393715342
Cora,ClassBasedStratification,4,5,MLP,105,1000,0.7597042513863216
Cora,ClassBasedStratification,4,5,MLP,106,1000,0.7523105360443623
Cora,ClassBasedStratification,4,5,MLP,107,1000,0.7430683918669131
Cora,ClassBasedStratification,4,5,MLP,108,1000,0.7412199630314233
Cora,ClassBasedStratification,4,5,MLP,109,1000,0.7504621072088724
Cora,ClassBasedStratification,4,5,GCN,100,1000,0.8761552680221811
Cora,ClassBasedStratification,4,5,GCN,101,1000,0.8706099815157117
Cora,ClassBasedStratification,4,5,GCN,102,1000,0.8817005545286506
Cora,ClassBasedStratification,4,5,GCN,103,1000,0.8798521256931608
Cora,ClassBasedStratification,4,5,GCN,104,1000,0.88909426987061
Cora,ClassBasedStratification,4,5,GCN,105,1000,0.878003696857671
Cora,ClassBasedStratification,4,5,GCN,106,1000,0.8761552680221811
Cora,ClassBasedStratification,4,5,GCN,107,1000,0.8835489833641405
Cora,ClassBasedStratification,4,5,GCN,108,1000,0.8798521256931608
Cora,ClassBasedStratification,4,5,GCN,109,1000,0.8761552680221811
Cora,ClassBasedStratification,4,5,GAT,100,1000,0.88909426987061
Cora,ClassBasedStratification,4,5,GAT,101,1000,0.8835489833641405
Cora,ClassBasedStratification,4,5,GAT,102,1000,0.8872458410351202
Cora,ClassBasedStratification,4,5,GAT,103,1000,0.8853974121996303
Cora,ClassBasedStratification,4,5,GAT,104,1000,0.8853974121996303
Cora,ClassBasedStratification,4,5,GAT,105,1000,0.8853974121996303
Cora,ClassBasedStratification,4,5,GAT,106,1000,0.88909426987061
Cora,ClassBasedStratification,4,5,GAT,107,1000,0.8835489833641405
Cora,ClassBasedStratification,4,5,GAT,108,1000,0.8909426987060998
Cora,ClassBasedStratification,4,5,GAT,109,1000,0.8853974121996303
Cora,ClassBasedStratification,4,5,SAGE,100,1000,0.8853974121996303
Cora,ClassBasedStratification,4,5,SAGE,101,1000,0.8835489833641405
Cora,ClassBasedStratification,4,5,SAGE,102,1000,0.8817005545286506
Cora,ClassBasedStratification,4,5,SAGE,103,1000,0.878003696857671
Cora,ClassBasedStratification,4,5,SAGE,104,1000,0.8835489833641405
Cora,ClassBasedStratification,4,5,SAGE,105,1000,0.8798521256931608
Cora,ClassBasedStratification,4,5,SAGE,106,1000,0.8817005545286506
Cora,ClassBasedStratification,4,5,SAGE,107,1000,0.8909426987060998
Cora,ClassBasedStratification,4,5,SAGE,108,1000,0.8835489833641405
Cora,ClassBasedStratification,4,5,SAGE,109,1000,0.88909426987061
Cora,ClassBasedStratification,4,5,MixHop,100,1000,0.8872458410351202
Cora,ClassBasedStratification,4,5,MixHop,101,1000,0.8946395563770795
Cora,ClassBasedStratification,4,5,MixHop,102,1000,0.8946395563770795
Cora,ClassBasedStratification,4,5,MixHop,103,1000,0.8946395563770795
Cora,ClassBasedStratification,4,5,MixHop,104,1000,0.8909426987060998
Cora,ClassBasedStratification,4,5,MixHop,105,1000,0.8909426987060998
Cora,ClassBasedStratification,4,5,MixHop,106,1000,0.8983364140480592
Cora,ClassBasedStratification,4,5,MixHop,107,1000,0.8909426987060998
Cora,ClassBasedStratification,4,5,MixHop,108,1000,0.8835489833641405
Cora,ClassBasedStratification,4,5,MixHop,109,1000,0.9020332717190388
Cora,ClassBasedStratification,5,1,MLP,100,1000,0.7416974169741697
Cora,ClassBasedStratification,5,1,MLP,101,1000,0.7453874538745388
Cora,ClassBasedStratification,5,1,MLP,102,1000,0.7269372693726938
Cora,ClassBasedStratification,5,1,MLP,103,1000,0.7435424354243543
Cora,ClassBasedStratification,5,1,MLP,104,1000,0.7416974169741697
Cora,ClassBasedStratification,5,1,MLP,105,1000,0.7361623616236163
Cora,ClassBasedStratification,5,1,MLP,106,1000,0.7416974169741697
Cora,ClassBasedStratification,5,1,MLP,107,1000,0.7416974169741697
Cora,ClassBasedStratification,5,1,MLP,108,1000,0.7361623616236163
Cora,ClassBasedStratification,5,1,MLP,109,1000,0.7490774907749077
Cora,ClassBasedStratification,5,1,GCN,100,1000,0.8800738007380073
Cora,ClassBasedStratification,5,1,GCN,101,1000,0.8653136531365314
Cora,ClassBasedStratification,5,1,GCN,102,1000,0.8708487084870848
Cora,ClassBasedStratification,5,1,GCN,103,1000,0.8671586715867159
Cora,ClassBasedStratification,5,1,GCN,104,1000,0.8597785977859779
Cora,ClassBasedStratification,5,1,GCN,105,1000,0.8763837638376384
Cora,ClassBasedStratification,5,1,GCN,106,1000,0.8671586715867159
Cora,ClassBasedStratification,5,1,GCN,107,1000,0.8616236162361623
Cora,ClassBasedStratification,5,1,GCN,108,1000,0.8800738007380073
Cora,ClassBasedStratification,5,1,GCN,109,1000,0.8745387453874539
Cora,ClassBasedStratification,5,1,GAT,100,1000,0.8948339483394834
Cora,ClassBasedStratification,5,1,GAT,101,1000,0.8763837638376384
Cora,ClassBasedStratification,5,1,GAT,102,1000,0.8837638376383764
Cora,ClassBasedStratification,5,1,GAT,103,1000,0.8782287822878229
Cora,ClassBasedStratification,5,1,GAT,104,1000,0.8819188191881919
Cora,ClassBasedStratification,5,1,GAT,105,1000,0.8800738007380073
Cora,ClassBasedStratification,5,1,GAT,106,1000,0.8763837638376384
Cora,ClassBasedStratification,5,1,GAT,107,1000,0.8763837638376384
Cora,ClassBasedStratification,5,1,GAT,108,1000,0.8819188191881919
Cora,ClassBasedStratification,5,1,GAT,109,1000,0.8782287822878229
Cora,ClassBasedStratification,5,1,SAGE,100,1000,0.8800738007380073
Cora,ClassBasedStratification,5,1,SAGE,101,1000,0.8745387453874539
Cora,ClassBasedStratification,5,1,SAGE,102,1000,0.8745387453874539
Cora,ClassBasedStratification,5,1,SAGE,103,1000,0.8763837638376384
Cora,ClassBasedStratification,5,1,SAGE,104,1000,0.8726937269372693
Cora,ClassBasedStratification,5,1,SAGE,105,1000,0.8634686346863468
Cora,ClassBasedStratification,5,1,SAGE,106,1000,0.8837638376383764
Cora,ClassBasedStratification,5,1,SAGE,107,1000,0.8800738007380073
Cora,ClassBasedStratification,5,1,SAGE,108,1000,0.8745387453874539
Cora,ClassBasedStratification,5,1,SAGE,109,1000,0.8856088560885609
Cora,ClassBasedStratification,5,1,MixHop,100,1000,0.8726937269372693
Cora,ClassBasedStratification,5,1,MixHop,101,1000,0.8708487084870848
Cora,ClassBasedStratification,5,1,MixHop,102,1000,0.8690036900369004
Cora,ClassBasedStratification,5,1,MixHop,103,1000,0.8800738007380073
Cora,ClassBasedStratification,5,1,MixHop,104,1000,0.8726937269372693
Cora,ClassBasedStratification,5,1,MixHop,105,1000,0.8726937269372693
Cora,ClassBasedStratification,5,1,MixHop,106,1000,0.8745387453874539
Cora,ClassBasedStratification,5,1,MixHop,107,1000,0.8726937269372693
Cora,ClassBasedStratification,5,1,MixHop,108,1000,0.8874538745387454
Cora,ClassBasedStratification,5,1,MixHop,109,1000,0.8763837638376384
Cora,ClassBasedStratification,5,2,MLP,100,1000,0.7841328413284133
Cora,ClassBasedStratification,5,2,MLP,101,1000,0.7730627306273062
Cora,ClassBasedStratification,5,2,MLP,102,1000,0.7749077490774908
Cora,ClassBasedStratification,5,2,MLP,103,1000,0.7785977859778598
Cora,ClassBasedStratification,5,2,MLP,104,1000,0.7601476014760148
Cora,ClassBasedStratification,5,2,MLP,105,1000,0.7656826568265682
Cora,ClassBasedStratification,5,2,MLP,106,1000,0.7841328413284133
Cora,ClassBasedStratification,5,2,MLP,107,1000,0.7767527675276753
Cora,ClassBasedStratification,5,2,MLP,108,1000,0.7730627306273062
Cora,ClassBasedStratification,5,2,MLP,109,1000,0.7878228782287823
Cora,ClassBasedStratification,5,2,GCN,100,1000,0.9059040590405903
Cora,ClassBasedStratification,5,2,GCN,101,1000,0.9003690036900369
Cora,ClassBasedStratification,5,2,GCN,102,1000,0.8929889298892989
Cora,ClassBasedStratification,5,2,GCN,103,1000,0.8985239852398524
Cora,ClassBasedStratification,5,2,GCN,104,1000,0.8985239852398524
Cora,ClassBasedStratification,5,2,GCN,105,1000,0.8966789667896679
Cora,ClassBasedStratification,5,2,GCN,106,1000,0.8966789667896679
Cora,ClassBasedStratification,5,2,GCN,107,1000,0.8948339483394834
Cora,ClassBasedStratification,5,2,GCN,108,1000,0.8948339483394834
Cora,ClassBasedStratification,5,2,GCN,109,1000,0.8948339483394834
Cora,ClassBasedStratification,5,2,GAT,100,1000,0.915129151291513
Cora,ClassBasedStratification,5,2,GAT,101,1000,0.9077490774907748
Cora,ClassBasedStratification,5,2,GAT,102,1000,0.911439114391144
Cora,ClassBasedStratification,5,2,GAT,103,1000,0.9003690036900369
Cora,ClassBasedStratification,5,2,GAT,104,1000,0.915129151291513
Cora,ClassBasedStratification,5,2,GAT,105,1000,0.9077490774907748
Cora,ClassBasedStratification,5,2,GAT,106,1000,0.9077490774907748
Cora,ClassBasedStratification,5,2,GAT,107,1000,0.915129151291513
Cora,ClassBasedStratification,5,2,GAT,108,1000,0.904059040590406
Cora,ClassBasedStratification,5,2,GAT,109,1000,0.911439114391144
Cora,ClassBasedStratification,5,2,SAGE,100,1000,0.9132841328413284
Cora,ClassBasedStratification,5,2,SAGE,101,1000,0.9022140221402214
Cora,ClassBasedStratification,5,2,SAGE,102,1000,0.915129151291513
Cora,ClassBasedStratification,5,2,SAGE,103,1000,0.922509225092251
Cora,ClassBasedStratification,5,2,SAGE,104,1000,0.9095940959409594
Cora,ClassBasedStratification,5,2,SAGE,105,1000,0.9077490774907748
Cora,ClassBasedStratification,5,2,SAGE,106,1000,0.915129151291513
Cora,ClassBasedStratification,5,2,SAGE,107,1000,0.911439114391144
Cora,ClassBasedStratification,5,2,SAGE,108,1000,0.9077490774907748
Cora,ClassBasedStratification,5,2,SAGE,109,1000,0.9132841328413284
Cora,ClassBasedStratification,5,2,MixHop,100,1000,0.9132841328413284
Cora,ClassBasedStratification,5,2,MixHop,101,1000,0.9169741697416974
Cora,ClassBasedStratification,5,2,MixHop,102,1000,0.9169741697416974
Cora,ClassBasedStratification,5,2,MixHop,103,1000,0.922509225092251
Cora,ClassBasedStratification,5,2,MixHop,104,1000,0.911439114391144
Cora,ClassBasedStratification,5,2,MixHop,105,1000,0.9132841328413284
Cora,ClassBasedStratification,5,2,MixHop,106,1000,0.915129151291513
Cora,ClassBasedStratification,5,2,MixHop,107,1000,0.922509225092251
Cora,ClassBasedStratification,5,2,MixHop,108,1000,0.9132841328413284
Cora,ClassBasedStratification,5,2,MixHop,109,1000,0.9169741697416974
Cora,ClassBasedStratification,5,3,MLP,100,1000,0.7527675276752768
Cora,ClassBasedStratification,5,3,MLP,101,1000,0.7546125461254612
Cora,ClassBasedStratification,5,3,MLP,102,1000,0.7601476014760148
Cora,ClassBasedStratification,5,3,MLP,103,1000,0.7841328413284133
Cora,ClassBasedStratification,5,3,MLP,104,1000,0.7527675276752768
Cora,ClassBasedStratification,5,3,MLP,105,1000,0.7619926199261993
Cora,ClassBasedStratification,5,3,MLP,106,1000,0.7564575645756457
Cora,ClassBasedStratification,5,3,MLP,107,1000,0.7693726937269373
Cora,ClassBasedStratification,5,3,MLP,108,1000,0.7527675276752768
Cora,ClassBasedStratification,5,3,MLP,109,1000,0.7656826568265682
Cora,ClassBasedStratification,5,3,GCN,100,1000,0.8874538745387454
Cora,ClassBasedStratification,5,3,GCN,101,1000,0.8819188191881919
Cora,ClassBasedStratification,5,3,GCN,102,1000,0.8892988929889298
Cora,ClassBasedStratification,5,3,GCN,103,1000,0.8856088560885609
Cora,ClassBasedStratification,5,3,GCN,104,1000,0.8837638376383764
Cora,ClassBasedStratification,5,3,GCN,105,1000,0.8782287822878229
Cora,ClassBasedStratification,5,3,GCN,106,1000,0.8763837638376384
Cora,ClassBasedStratification,5,3,GCN,107,1000,0.8800738007380073
Cora,ClassBasedStratification,5,3,GCN,108,1000,0.8856088560885609
Cora,ClassBasedStratification,5,3,GCN,109,1000,0.8800738007380073
Cora,ClassBasedStratification,5,3,GAT,100,1000,0.8819188191881919
Cora,ClassBasedStratification,5,3,GAT,101,1000,0.8763837638376384
Cora,ClassBasedStratification,5,3,GAT,102,1000,0.8837638376383764
Cora,ClassBasedStratification,5,3,GAT,103,1000,0.8837638376383764
Cora,ClassBasedStratification,5,3,GAT,104,1000,0.8800738007380073
Cora,ClassBasedStratification,5,3,GAT,105,1000,0.8782287822878229
Cora,ClassBasedStratification,5,3,GAT,106,1000,0.8782287822878229
Cora,ClassBasedStratification,5,3,GAT,107,1000,0.8819188191881919
Cora,ClassBasedStratification,5,3,GAT,108,1000,0.8892988929889298
Cora,ClassBasedStratification,5,3,GAT,109,1000,0.8819188191881919
Cora,ClassBasedStratification,5,3,SAGE,100,1000,0.8929889298892989
Cora,ClassBasedStratification,5,3,SAGE,101,1000,0.9003690036900369
Cora,ClassBasedStratification,5,3,SAGE,102,1000,0.8911439114391144
Cora,ClassBasedStratification,5,3,SAGE,103,1000,0.8911439114391144
Cora,ClassBasedStratification,5,3,SAGE,104,1000,0.8948339483394834
Cora,ClassBasedStratification,5,3,SAGE,105,1000,0.8929889298892989
Cora,ClassBasedStratification,5,3,SAGE,106,1000,0.8966789667896679
Cora,ClassBasedStratification,5,3,SAGE,107,1000,0.8929889298892989
Cora,ClassBasedStratification,5,3,SAGE,108,1000,0.8929889298892989
Cora,ClassBasedStratification,5,3,SAGE,109,1000,0.8874538745387454
Cora,ClassBasedStratification,5,3,MixHop,100,1000,0.904059040590406
Cora,ClassBasedStratification,5,3,MixHop,101,1000,0.8892988929889298
Cora,ClassBasedStratification,5,3,MixHop,102,1000,0.8966789667896679
Cora,ClassBasedStratification,5,3,MixHop,103,1000,0.8985239852398524
Cora,ClassBasedStratification,5,3,MixHop,104,1000,0.8929889298892989
Cora,ClassBasedStratification,5,3,MixHop,105,1000,0.8966789667896679
Cora,ClassBasedStratification,5,3,MixHop,106,1000,0.8929889298892989
Cora,ClassBasedStratification,5,3,MixHop,107,1000,0.9003690036900369
Cora,ClassBasedStratification,5,3,MixHop,108,1000,0.8948339483394834
Cora,ClassBasedStratification,5,3,MixHop,109,1000,0.8948339483394834
Cora,ClassBasedStratification,5,4,MLP,100,1000,0.7430683918669131
Cora,ClassBasedStratification,5,4,MLP,101,1000,0.7319778188539742
Cora,ClassBasedStratification,5,4,MLP,102,1000,0.7412199630314233
Cora,ClassBasedStratification,5,4,MLP,103,1000,0.7634011090573013
Cora,ClassBasedStratification,5,4,MLP,104,1000,0.7393715341959335
Cora,ClassBasedStratification,5,4,MLP,105,1000,0.7504621072088724
Cora,ClassBasedStratification,5,4,MLP,106,1000,0.756007393715342
Cora,ClassBasedStratification,5,4,MLP,107,1000,0.7356746765249538
Cora,ClassBasedStratification,5,4,MLP,108,1000,0.7486136783733827
Cora,ClassBasedStratification,5,4,MLP,109,1000,0.7504621072088724
Cora,ClassBasedStratification,5,4,GCN,100,1000,0.8743068391866913
Cora,ClassBasedStratification,5,4,GCN,101,1000,0.8706099815157117
Cora,ClassBasedStratification,5,4,GCN,102,1000,0.8798521256931608
Cora,ClassBasedStratification,5,4,GCN,103,1000,0.8743068391866913
Cora,ClassBasedStratification,5,4,GCN,104,1000,0.8761552680221811
Cora,ClassBasedStratification,5,4,GCN,105,1000,0.878003696857671
Cora,ClassBasedStratification,5,4,GCN,106,1000,0.878003696857671
Cora,ClassBasedStratification,5,4,GCN,107,1000,0.8743068391866913
Cora,ClassBasedStratification,5,4,GCN,108,1000,0.8761552680221811
Cora,ClassBasedStratification,5,4,GCN,109,1000,0.8817005545286506
Cora,ClassBasedStratification,5,4,GAT,100,1000,0.8946395563770795
Cora,ClassBasedStratification,5,4,GAT,101,1000,0.8798521256931608
Cora,ClassBasedStratification,5,4,GAT,102,1000,0.8853974121996303
Cora,ClassBasedStratification,5,4,GAT,103,1000,0.878003696857671
Cora,ClassBasedStratification,5,4,GAT,104,1000,0.8835489833641405
Cora,ClassBasedStratification,5,4,GAT,105,1000,0.88909426987061
Cora,ClassBasedStratification,5,4,GAT,106,1000,0.8743068391866913
Cora,ClassBasedStratification,5,4,GAT,107,1000,0.8835489833641405
Cora,ClassBasedStratification,5,4,GAT,108,1000,0.8743068391866913
Cora,ClassBasedStratification,5,4,GAT,109,1000,0.88909426987061
Cora,ClassBasedStratification,5,4,SAGE,100,1000,0.8835489833641405
Cora,ClassBasedStratification,5,4,SAGE,101,1000,0.8743068391866913
Cora,ClassBasedStratification,5,4,SAGE,102,1000,0.878003696857671
Cora,ClassBasedStratification,5,4,SAGE,103,1000,0.8817005545286506
Cora,ClassBasedStratification,5,4,SAGE,104,1000,0.8706099815157117
Cora,ClassBasedStratification,5,4,SAGE,105,1000,0.8798521256931608
Cora,ClassBasedStratification,5,4,SAGE,106,1000,0.8706099815157117
Cora,ClassBasedStratification,5,4,SAGE,107,1000,0.878003696857671
Cora,ClassBasedStratification,5,4,SAGE,108,1000,0.8872458410351202
Cora,ClassBasedStratification,5,4,SAGE,109,1000,0.878003696857671
Cora,ClassBasedStratification,5,4,MixHop,100,1000,0.8743068391866913
Cora,ClassBasedStratification,5,4,MixHop,101,1000,0.8724584103512015
Cora,ClassBasedStratification,5,4,MixHop,102,1000,0.8761552680221811
Cora,ClassBasedStratification,5,4,MixHop,103,1000,0.8706099815157117
Cora,ClassBasedStratification,5,4,MixHop,104,1000,0.8743068391866913
Cora,ClassBasedStratification,5,4,MixHop,105,1000,0.878003696857671
Cora,ClassBasedStratification,5,4,MixHop,106,1000,0.8706099815157117
Cora,ClassBasedStratification,5,4,MixHop,107,1000,0.8761552680221811
Cora,ClassBasedStratification,5,4,MixHop,108,1000,0.8650646950092421
Cora,ClassBasedStratification,5,4,MixHop,109,1000,0.878003696857671
Cora,ClassBasedStratification,5,5,MLP,100,1000,0.7541589648798521
Cora,ClassBasedStratification,5,5,MLP,101,1000,0.7171903881700554
Cora,ClassBasedStratification,5,5,MLP,102,1000,0.7338262476894639
Cora,ClassBasedStratification,5,5,MLP,103,1000,0.7486136783733827
Cora,ClassBasedStratification,5,5,MLP,104,1000,0.7264325323475046
Cora,ClassBasedStratification,5,5,MLP,105,1000,0.7393715341959335
Cora,ClassBasedStratification,5,5,MLP,106,1000,0.7412199630314233
Cora,ClassBasedStratification,5,5,MLP,107,1000,0.7301293900184843
Cora,ClassBasedStratification,5,5,MLP,108,1000,0.7393715341959335
Cora,ClassBasedStratification,5,5,MLP,109,1000,0.7356746765249538
Cora,ClassBasedStratification,5,5,GCN,100,1000,0.8798521256931608
Cora,ClassBasedStratification,5,5,GCN,101,1000,0.8853974121996303
Cora,ClassBasedStratification,5,5,GCN,102,1000,0.8853974121996303
Cora,ClassBasedStratification,5,5,GCN,103,1000,0.8853974121996303
Cora,ClassBasedStratification,5,5,GCN,104,1000,0.8909426987060998
Cora,ClassBasedStratification,5,5,GCN,105,1000,0.878003696857671
Cora,ClassBasedStratification,5,5,GCN,106,1000,0.8835489833641405
Cora,ClassBasedStratification,5,5,GCN,107,1000,0.8835489833641405
Cora,ClassBasedStratification,5,5,GCN,108,1000,0.8761552680221811
Cora,ClassBasedStratification,5,5,GCN,109,1000,0.8761552680221811
Cora,ClassBasedStratification,5,5,GAT,100,1000,0.8909426987060998
Cora,ClassBasedStratification,5,5,GAT,101,1000,0.8872458410351202
Cora,ClassBasedStratification,5,5,GAT,102,1000,0.8798521256931608
Cora,ClassBasedStratification,5,5,GAT,103,1000,0.8817005545286506
Cora,ClassBasedStratification,5,5,GAT,104,1000,0.8853974121996303
Cora,ClassBasedStratification,5,5,GAT,105,1000,0.88909426987061
Cora,ClassBasedStratification,5,5,GAT,106,1000,0.88909426987061
Cora,ClassBasedStratification,5,5,GAT,107,1000,0.8835489833641405
Cora,ClassBasedStratification,5,5,GAT,108,1000,0.88909426987061
Cora,ClassBasedStratification,5,5,GAT,109,1000,0.8817005545286506
Cora,ClassBasedStratification,5,5,SAGE,100,1000,0.8798521256931608
Cora,ClassBasedStratification,5,5,SAGE,101,1000,0.8743068391866913
Cora,ClassBasedStratification,5,5,SAGE,102,1000,0.8798521256931608
Cora,ClassBasedStratification,5,5,SAGE,103,1000,0.8724584103512015
Cora,ClassBasedStratification,5,5,SAGE,104,1000,0.8798521256931608
Cora,ClassBasedStratification,5,5,SAGE,105,1000,0.8743068391866913
Cora,ClassBasedStratification,5,5,SAGE,106,1000,0.8835489833641405
Cora,ClassBasedStratification,5,5,SAGE,107,1000,0.8798521256931608
Cora,ClassBasedStratification,5,5,SAGE,108,1000,0.8835489833641405
Cora,ClassBasedStratification,5,5,SAGE,109,1000,0.8798521256931608
Cora,ClassBasedStratification,5,5,MixHop,100,1000,0.8853974121996303
Cora,ClassBasedStratification,5,5,MixHop,101,1000,0.8872458410351202
Cora,ClassBasedStratification,5,5,MixHop,102,1000,0.8798521256931608
Cora,ClassBasedStratification,5,5,MixHop,103,1000,0.8909426987060998
Cora,ClassBasedStratification,5,5,MixHop,104,1000,0.88909426987061
Cora,ClassBasedStratification,5,5,MixHop,105,1000,0.8872458410351202
Cora,ClassBasedStratification,5,5,MixHop,106,1000,0.8927911275415896
Cora,ClassBasedStratification,5,5,MixHop,107,1000,0.8761552680221811
Cora,ClassBasedStratification,5,5,MixHop,108,1000,0.8927911275415896
Cora,ClassBasedStratification,5,5,MixHop,109,1000,0.8853974121996303
Cora,ClassBasedStratification,6,1,MLP,100,1000,0.7527675276752768
Cora,ClassBasedStratification,6,1,MLP,101,1000,0.7583025830258303
Cora,ClassBasedStratification,6,1,MLP,102,1000,0.7527675276752768
Cora,ClassBasedStratification,6,1,MLP,103,1000,0.7472324723247232
Cora,ClassBasedStratification,6,1,MLP,104,1000,0.7546125461254612
Cora,ClassBasedStratification,6,1,MLP,105,1000,0.7509225092250923
Cora,ClassBasedStratification,6,1,MLP,106,1000,0.7509225092250923
Cora,ClassBasedStratification,6,1,MLP,107,1000,0.7564575645756457
Cora,ClassBasedStratification,6,1,MLP,108,1000,0.7509225092250923
Cora,ClassBasedStratification,6,1,MLP,109,1000,0.7527675276752768
Cora,ClassBasedStratification,6,1,GCN,100,1000,0.8800738007380073
Cora,ClassBasedStratification,6,1,GCN,101,1000,0.8819188191881919
Cora,ClassBasedStratification,6,1,GCN,102,1000,0.8745387453874539
Cora,ClassBasedStratification,6,1,GCN,103,1000,0.8819188191881919
Cora,ClassBasedStratification,6,1,GCN,104,1000,0.8819188191881919
Cora,ClassBasedStratification,6,1,GCN,105,1000,0.8690036900369004
Cora,ClassBasedStratification,6,1,GCN,106,1000,0.8763837638376384
Cora,ClassBasedStratification,6,1,GCN,107,1000,0.8856088560885609
Cora,ClassBasedStratification,6,1,GCN,108,1000,0.8745387453874539
Cora,ClassBasedStratification,6,1,GCN,109,1000,0.8763837638376384
Cora,ClassBasedStratification,6,1,GAT,100,1000,0.8874538745387454
Cora,ClassBasedStratification,6,1,GAT,101,1000,0.8837638376383764
Cora,ClassBasedStratification,6,1,GAT,102,1000,0.8782287822878229
Cora,ClassBasedStratification,6,1,GAT,103,1000,0.8837638376383764
Cora,ClassBasedStratification,6,1,GAT,104,1000,0.8874538745387454
Cora,ClassBasedStratification,6,1,GAT,105,1000,0.8874538745387454
Cora,ClassBasedStratification,6,1,GAT,106,1000,0.8782287822878229
Cora,ClassBasedStratification,6,1,GAT,107,1000,0.8874538745387454
Cora,ClassBasedStratification,6,1,GAT,108,1000,0.8892988929889298
Cora,ClassBasedStratification,6,1,GAT,109,1000,0.8911439114391144
Cora,ClassBasedStratification,6,1,SAGE,100,1000,0.8837638376383764
Cora,ClassBasedStratification,6,1,SAGE,101,1000,0.8800738007380073
Cora,ClassBasedStratification,6,1,SAGE,102,1000,0.8929889298892989
Cora,ClassBasedStratification,6,1,SAGE,103,1000,0.8911439114391144
Cora,ClassBasedStratification,6,1,SAGE,104,1000,0.8837638376383764
Cora,ClassBasedStratification,6,1,SAGE,105,1000,0.8892988929889298
Cora,ClassBasedStratification,6,1,SAGE,106,1000,0.8911439114391144
Cora,ClassBasedStratification,6,1,SAGE,107,1000,0.8929889298892989
Cora,ClassBasedStratification,6,1,SAGE,108,1000,0.8948339483394834
Cora,ClassBasedStratification,6,1,SAGE,109,1000,0.8856088560885609
Cora,ClassBasedStratification,6,1,MixHop,100,1000,0.8874538745387454
Cora,ClassBasedStratification,6,1,MixHop,101,1000,0.8929889298892989
Cora,ClassBasedStratification,6,1,MixHop,102,1000,0.8856088560885609
Cora,ClassBasedStratification,6,1,MixHop,103,1000,0.8929889298892989
Cora,ClassBasedStratification,6,1,MixHop,104,1000,0.8892988929889298
Cora,ClassBasedStratification,6,1,MixHop,105,1000,0.8837638376383764
Cora,ClassBasedStratification,6,1,MixHop,106,1000,0.8948339483394834
Cora,ClassBasedStratification,6,1,MixHop,107,1000,0.8856088560885609
Cora,ClassBasedStratification,6,1,MixHop,108,1000,0.8948339483394834
Cora,ClassBasedStratification,6,1,MixHop,109,1000,0.8856088560885609
Cora,ClassBasedStratification,6,2,MLP,100,1000,0.7619926199261993
Cora,ClassBasedStratification,6,2,MLP,101,1000,0.7638376383763837
Cora,ClassBasedStratification,6,2,MLP,102,1000,0.7490774907749077
Cora,ClassBasedStratification,6,2,MLP,103,1000,0.7453874538745388
Cora,ClassBasedStratification,6,2,MLP,104,1000,0.7804428044280443
Cora,ClassBasedStratification,6,2,MLP,105,1000,0.7583025830258303
Cora,ClassBasedStratification,6,2,MLP,106,1000,0.7878228782287823
Cora,ClassBasedStratification,6,2,MLP,107,1000,0.7749077490774908
Cora,ClassBasedStratification,6,2,MLP,108,1000,0.7601476014760148
Cora,ClassBasedStratification,6,2,MLP,109,1000,0.7693726937269373
Cora,ClassBasedStratification,6,2,GCN,100,1000,0.915129151291513
Cora,ClassBasedStratification,6,2,GCN,101,1000,0.9132841328413284
Cora,ClassBasedStratification,6,2,GCN,102,1000,0.911439114391144
Cora,ClassBasedStratification,6,2,GCN,103,1000,0.911439114391144
Cora,ClassBasedStratification,6,2,GCN,104,1000,0.9077490774907748
Cora,ClassBasedStratification,6,2,GCN,105,1000,0.9022140221402214
Cora,ClassBasedStratification,6,2,GCN,106,1000,0.9095940959409594
Cora,ClassBasedStratification,6,2,GCN,107,1000,0.9022140221402214
Cora,ClassBasedStratification,6,2,GCN,108,1000,0.9095940959409594
Cora,ClassBasedStratification,6,2,GCN,109,1000,0.9095940959409594
Cora,ClassBasedStratification,6,2,GAT,100,1000,0.915129151291513
Cora,ClassBasedStratification,6,2,GAT,101,1000,0.9169741697416974
Cora,ClassBasedStratification,6,2,GAT,102,1000,0.9169741697416974
Cora,ClassBasedStratification,6,2,GAT,103,1000,0.9206642066420664
Cora,ClassBasedStratification,6,2,GAT,104,1000,0.9169741697416974
Cora,ClassBasedStratification,6,2,GAT,105,1000,0.918819188191882
Cora,ClassBasedStratification,6,2,GAT,106,1000,0.9132841328413284
Cora,ClassBasedStratification,6,2,GAT,107,1000,0.9169741697416974
Cora,ClassBasedStratification,6,2,GAT,108,1000,0.9169741697416974
Cora,ClassBasedStratification,6,2,GAT,109,1000,0.9280442804428044
Cora,ClassBasedStratification,6,2,SAGE,100,1000,0.918819188191882
Cora,ClassBasedStratification,6,2,SAGE,101,1000,0.9169741697416974
Cora,ClassBasedStratification,6,2,SAGE,102,1000,0.9169741697416974
Cora,ClassBasedStratification,6,2,SAGE,103,1000,0.911439114391144
Cora,ClassBasedStratification,6,2,SAGE,104,1000,0.915129151291513
Cora,ClassBasedStratification,6,2,SAGE,105,1000,0.911439114391144
Cora,ClassBasedStratification,6,2,SAGE,106,1000,0.9059040590405903
Cora,ClassBasedStratification,6,2,SAGE,107,1000,0.911439114391144
Cora,ClassBasedStratification,6,2,SAGE,108,1000,0.9095940959409594
Cora,ClassBasedStratification,6,2,SAGE,109,1000,0.9206642066420664
Cora,ClassBasedStratification,6,2,MixHop,100,1000,0.9095940959409594
Cora,ClassBasedStratification,6,2,MixHop,101,1000,0.9077490774907748
Cora,ClassBasedStratification,6,2,MixHop,102,1000,0.9022140221402214
Cora,ClassBasedStratification,6,2,MixHop,103,1000,0.9003690036900369
Cora,ClassBasedStratification,6,2,MixHop,104,1000,0.911439114391144
Cora,ClassBasedStratification,6,2,MixHop,105,1000,0.9077490774907748
Cora,ClassBasedStratification,6,2,MixHop,106,1000,0.9095940959409594
Cora,ClassBasedStratification,6,2,MixHop,107,1000,0.911439114391144
Cora,ClassBasedStratification,6,2,MixHop,108,1000,0.9132841328413284
Cora,ClassBasedStratification,6,2,MixHop,109,1000,0.9132841328413284
Cora,ClassBasedStratification,6,3,MLP,100,1000,0.7103321033210332
Cora,ClassBasedStratification,6,3,MLP,101,1000,0.7287822878228782
Cora,ClassBasedStratification,6,3,MLP,102,1000,0.7103321033210332
Cora,ClassBasedStratification,6,3,MLP,103,1000,0.6992619926199262
Cora,ClassBasedStratification,6,3,MLP,104,1000,0.7011070110701108
Cora,ClassBasedStratification,6,3,MLP,105,1000,0.7121771217712177
Cora,ClassBasedStratification,6,3,MLP,106,1000,0.7121771217712177
Cora,ClassBasedStratification,6,3,MLP,107,1000,0.7324723247232472
Cora,ClassBasedStratification,6,3,MLP,108,1000,0.7158671586715867
Cora,ClassBasedStratification,6,3,MLP,109,1000,0.7084870848708487
Cora,ClassBasedStratification,6,3,GCN,100,1000,0.8542435424354243
Cora,ClassBasedStratification,6,3,GCN,101,1000,0.8597785977859779
Cora,ClassBasedStratification,6,3,GCN,102,1000,0.8671586715867159
Cora,ClassBasedStratification,6,3,GCN,103,1000,0.8597785977859779
Cora,ClassBasedStratification,6,3,GCN,104,1000,0.8616236162361623
Cora,ClassBasedStratification,6,3,GCN,105,1000,0.8597785977859779
Cora,ClassBasedStratification,6,3,GCN,106,1000,0.8653136531365314
Cora,ClassBasedStratification,6,3,GCN,107,1000,0.8542435424354243
Cora,ClassBasedStratification,6,3,GCN,108,1000,0.8523985239852399
Cora,ClassBasedStratification,6,3,GCN,109,1000,0.8597785977859779
Cora,ClassBasedStratification,6,3,GAT,100,1000,0.8616236162361623
Cora,ClassBasedStratification,6,3,GAT,101,1000,0.8708487084870848
Cora,ClassBasedStratification,6,3,GAT,102,1000,0.8708487084870848
Cora,ClassBasedStratification,6,3,GAT,103,1000,0.8782287822878229
Cora,ClassBasedStratification,6,3,GAT,104,1000,0.8782287822878229
Cora,ClassBasedStratification,6,3,GAT,105,1000,0.8726937269372693
Cora,ClassBasedStratification,6,3,GAT,106,1000,0.8690036900369004
Cora,ClassBasedStratification,6,3,GAT,107,1000,0.8653136531365314
Cora,ClassBasedStratification,6,3,GAT,108,1000,0.8763837638376384
Cora,ClassBasedStratification,6,3,GAT,109,1000,0.8708487084870848
Cora,ClassBasedStratification,6,3,SAGE,100,1000,0.8634686346863468
Cora,ClassBasedStratification,6,3,SAGE,101,1000,0.8690036900369004
Cora,ClassBasedStratification,6,3,SAGE,102,1000,0.8671586715867159
Cora,ClassBasedStratification,6,3,SAGE,103,1000,0.8708487084870848
Cora,ClassBasedStratification,6,3,SAGE,104,1000,0.8653136531365314
Cora,ClassBasedStratification,6,3,SAGE,105,1000,0.8671586715867159
Cora,ClassBasedStratification,6,3,SAGE,106,1000,0.8597785977859779
Cora,ClassBasedStratification,6,3,SAGE,107,1000,0.8726937269372693
Cora,ClassBasedStratification,6,3,SAGE,108,1000,0.8726937269372693
Cora,ClassBasedStratification,6,3,SAGE,109,1000,0.8653136531365314
Cora,ClassBasedStratification,6,3,MixHop,100,1000,0.8745387453874539
Cora,ClassBasedStratification,6,3,MixHop,101,1000,0.8726937269372693
Cora,ClassBasedStratification,6,3,MixHop,102,1000,0.8782287822878229
Cora,ClassBasedStratification,6,3,MixHop,103,1000,0.8745387453874539
Cora,ClassBasedStratification,6,3,MixHop,104,1000,0.8726937269372693
Cora,ClassBasedStratification,6,3,MixHop,105,1000,0.8708487084870848
Cora,ClassBasedStratification,6,3,MixHop,106,1000,0.8782287822878229
Cora,ClassBasedStratification,6,3,MixHop,107,1000,0.8782287822878229
Cora,ClassBasedStratification,6,3,MixHop,108,1000,0.8763837638376384
Cora,ClassBasedStratification,6,3,MixHop,109,1000,0.8800738007380073
Cora,ClassBasedStratification,6,4,MLP,100,1000,0.7837338262476895
Cora,ClassBasedStratification,6,4,MLP,101,1000,0.7707948243992606
Cora,ClassBasedStratification,6,4,MLP,102,1000,0.7911275415896488
Cora,ClassBasedStratification,6,4,MLP,103,1000,0.7689463955637708
Cora,ClassBasedStratification,6,4,MLP,104,1000,0.7634011090573013
Cora,ClassBasedStratification,6,4,MLP,105,1000,0.7597042513863216
Cora,ClassBasedStratification,6,4,MLP,106,1000,0.7689463955637708
Cora,ClassBasedStratification,6,4,MLP,107,1000,0.7726432532347505
Cora,ClassBasedStratification,6,4,MLP,108,1000,0.7652495378927912
Cora,ClassBasedStratification,6,4,MLP,109,1000,0.7929759704251387
Cora,ClassBasedStratification,6,4,GCN,100,1000,0.8964879852125693
Cora,ClassBasedStratification,6,4,GCN,101,1000,0.8946395563770795
Cora,ClassBasedStratification,6,4,GCN,102,1000,0.8983364140480592
Cora,ClassBasedStratification,6,4,GCN,103,1000,0.9020332717190388
Cora,ClassBasedStratification,6,4,GCN,104,1000,0.8927911275415896
Cora,ClassBasedStratification,6,4,GCN,105,1000,0.8946395563770795
Cora,ClassBasedStratification,6,4,GCN,106,1000,0.8927911275415896
Cora,ClassBasedStratification,6,4,GCN,107,1000,0.8927911275415896
Cora,ClassBasedStratification,6,4,GCN,108,1000,0.9057301293900184
Cora,ClassBasedStratification,6,4,GCN,109,1000,0.9001848428835489
Cora,ClassBasedStratification,6,4,GAT,100,1000,0.8872458410351202
Cora,ClassBasedStratification,6,4,GAT,101,1000,0.8946395563770795
Cora,ClassBasedStratification,6,4,GAT,102,1000,0.8909426987060998
Cora,ClassBasedStratification,6,4,GAT,103,1000,0.8927911275415896
Cora,ClassBasedStratification,6,4,GAT,104,1000,0.9001848428835489
Cora,ClassBasedStratification,6,4,GAT,105,1000,0.8872458410351202
Cora,ClassBasedStratification,6,4,GAT,106,1000,0.8927911275415896
Cora,ClassBasedStratification,6,4,GAT,107,1000,0.8964879852125693
Cora,ClassBasedStratification,6,4,GAT,108,1000,0.8927911275415896
Cora,ClassBasedStratification,6,4,GAT,109,1000,0.8909426987060998
Cora,ClassBasedStratification,6,4,SAGE,100,1000,0.8983364140480592
Cora,ClassBasedStratification,6,4,SAGE,101,1000,0.9020332717190388
Cora,ClassBasedStratification,6,4,SAGE,102,1000,0.9038817005545288
Cora,ClassBasedStratification,6,4,SAGE,103,1000,0.8964879852125693
Cora,ClassBasedStratification,6,4,SAGE,104,1000,0.8909426987060998
Cora,ClassBasedStratification,6,4,SAGE,105,1000,0.8964879852125693
Cora,ClassBasedStratification,6,4,SAGE,106,1000,0.8927911275415896
Cora,ClassBasedStratification,6,4,SAGE,107,1000,0.9038817005545288
Cora,ClassBasedStratification,6,4,SAGE,108,1000,0.8946395563770795
Cora,ClassBasedStratification,6,4,SAGE,109,1000,0.8946395563770795
Cora,ClassBasedStratification,6,4,MixHop,100,1000,0.9001848428835489
Cora,ClassBasedStratification,6,4,MixHop,101,1000,0.9038817005545288
Cora,ClassBasedStratification,6,4,MixHop,102,1000,0.9075785582255084
Cora,ClassBasedStratification,6,4,MixHop,103,1000,0.9075785582255084
Cora,ClassBasedStratification,6,4,MixHop,104,1000,0.909426987060998
Cora,ClassBasedStratification,6,4,MixHop,105,1000,0.9057301293900184
Cora,ClassBasedStratification,6,4,MixHop,106,1000,0.8927911275415896
Cora,ClassBasedStratification,6,4,MixHop,107,1000,0.9020332717190388
Cora,ClassBasedStratification,6,4,MixHop,108,1000,0.9001848428835489
Cora,ClassBasedStratification,6,4,MixHop,109,1000,0.9075785582255084
Cora,ClassBasedStratification,6,5,MLP,100,1000,0.7338262476894639
Cora,ClassBasedStratification,6,5,MLP,101,1000,0.7282809611829945
Cora,ClassBasedStratification,6,5,MLP,102,1000,0.7338262476894639
Cora,ClassBasedStratification,6,5,MLP,103,1000,0.7356746765249538
Cora,ClassBasedStratification,6,5,MLP,104,1000,0.7356746765249538
Cora,ClassBasedStratification,6,5,MLP,105,1000,0.7412199630314233
Cora,ClassBasedStratification,6,5,MLP,106,1000,0.7319778188539742
Cora,ClassBasedStratification,6,5,MLP,107,1000,0.744916820702403
Cora,ClassBasedStratification,6,5,MLP,108,1000,0.7393715341959335
Cora,ClassBasedStratification,6,5,MLP,109,1000,0.7338262476894639
Cora,ClassBasedStratification,6,5,GCN,100,1000,0.8613678373382625
Cora,ClassBasedStratification,6,5,GCN,101,1000,0.8539741219963032
Cora,ClassBasedStratification,6,5,GCN,102,1000,0.8724584103512015
Cora,ClassBasedStratification,6,5,GCN,103,1000,0.8595194085027726
Cora,ClassBasedStratification,6,5,GCN,104,1000,0.8558225508317929
Cora,ClassBasedStratification,6,5,GCN,105,1000,0.8687615526802218
Cora,ClassBasedStratification,6,5,GCN,106,1000,0.8595194085027726
Cora,ClassBasedStratification,6,5,GCN,107,1000,0.8595194085027726
Cora,ClassBasedStratification,6,5,GCN,108,1000,0.8687615526802218
Cora,ClassBasedStratification,6,5,GCN,109,1000,0.8613678373382625
Cora,ClassBasedStratification,6,5,GAT,100,1000,0.8761552680221811
Cora,ClassBasedStratification,6,5,GAT,101,1000,0.8743068391866913
Cora,ClassBasedStratification,6,5,GAT,102,1000,0.8743068391866913
Cora,ClassBasedStratification,6,5,GAT,103,1000,0.8798521256931608
Cora,ClassBasedStratification,6,5,GAT,104,1000,0.878003696857671
Cora,ClassBasedStratification,6,5,GAT,105,1000,0.8761552680221811
Cora,ClassBasedStratification,6,5,GAT,106,1000,0.8706099815157117
Cora,ClassBasedStratification,6,5,GAT,107,1000,0.8724584103512015
Cora,ClassBasedStratification,6,5,GAT,108,1000,0.8743068391866913
Cora,ClassBasedStratification,6,5,GAT,109,1000,0.8872458410351202
Cora,ClassBasedStratification,6,5,SAGE,100,1000,0.8687615526802218
Cora,ClassBasedStratification,6,5,SAGE,101,1000,0.8650646950092421
Cora,ClassBasedStratification,6,5,SAGE,102,1000,0.8687615526802218
Cora,ClassBasedStratification,6,5,SAGE,103,1000,0.8595194085027726
Cora,ClassBasedStratification,6,5,SAGE,104,1000,0.8632162661737524
Cora,ClassBasedStratification,6,5,SAGE,105,1000,0.8650646950092421
Cora,ClassBasedStratification,6,5,SAGE,106,1000,0.8595194085027726
Cora,ClassBasedStratification,6,5,SAGE,107,1000,0.8687615526802218
Cora,ClassBasedStratification,6,5,SAGE,108,1000,0.8706099815157117
Cora,ClassBasedStratification,6,5,SAGE,109,1000,0.8632162661737524
Cora,ClassBasedStratification,6,5,MixHop,100,1000,0.8687615526802218
Cora,ClassBasedStratification,6,5,MixHop,101,1000,0.8632162661737524
Cora,ClassBasedStratification,6,5,MixHop,102,1000,0.8724584103512015
Cora,ClassBasedStratification,6,5,MixHop,103,1000,0.866913123844732
Cora,ClassBasedStratification,6,5,MixHop,104,1000,0.866913123844732
Cora,ClassBasedStratification,6,5,MixHop,105,1000,0.866913123844732
Cora,ClassBasedStratification,6,5,MixHop,106,1000,0.8724584103512015
Cora,ClassBasedStratification,6,5,MixHop,107,1000,0.866913123844732
Cora,ClassBasedStratification,6,5,MixHop,108,1000,0.878003696857671
Cora,ClassBasedStratification,6,5,MixHop,109,1000,0.8706099815157117
Cora,ClassBasedStratification,7,1,MLP,100,1000,0.7656826568265682
Cora,ClassBasedStratification,7,1,MLP,101,1000,0.7656826568265682
Cora,ClassBasedStratification,7,1,MLP,102,1000,0.7693726937269373
Cora,ClassBasedStratification,7,1,MLP,103,1000,0.7822878228782287
Cora,ClassBasedStratification,7,1,MLP,104,1000,0.7619926199261993
Cora,ClassBasedStratification,7,1,MLP,105,1000,0.7675276752767528
Cora,ClassBasedStratification,7,1,MLP,106,1000,0.7675276752767528
Cora,ClassBasedStratification,7,1,MLP,107,1000,0.7730627306273062
Cora,ClassBasedStratification,7,1,MLP,108,1000,0.7749077490774908
Cora,ClassBasedStratification,7,1,MLP,109,1000,0.7619926199261993
Cora,ClassBasedStratification,7,1,GCN,100,1000,0.8856088560885609
Cora,ClassBasedStratification,7,1,GCN,101,1000,0.8837638376383764
Cora,ClassBasedStratification,7,1,GCN,102,1000,0.8929889298892989
Cora,ClassBasedStratification,7,1,GCN,103,1000,0.8856088560885609
Cora,ClassBasedStratification,7,1,GCN,104,1000,0.8892988929889298
Cora,ClassBasedStratification,7,1,GCN,105,1000,0.8856088560885609
Cora,ClassBasedStratification,7,1,GCN,106,1000,0.8911439114391144
Cora,ClassBasedStratification,7,1,GCN,107,1000,0.8837638376383764
Cora,ClassBasedStratification,7,1,GCN,108,1000,0.8874538745387454
Cora,ClassBasedStratification,7,1,GCN,109,1000,0.8874538745387454
Cora,ClassBasedStratification,7,1,GAT,100,1000,0.8856088560885609
Cora,ClassBasedStratification,7,1,GAT,101,1000,0.8837638376383764
Cora,ClassBasedStratification,7,1,GAT,102,1000,0.8985239852398524
Cora,ClassBasedStratification,7,1,GAT,103,1000,0.8856088560885609
Cora,ClassBasedStratification,7,1,GAT,104,1000,0.8985239852398524
Cora,ClassBasedStratification,7,1,GAT,105,1000,0.8874538745387454
Cora,ClassBasedStratification,7,1,GAT,106,1000,0.8856088560885609
Cora,ClassBasedStratification,7,1,GAT,107,1000,0.8856088560885609
Cora,ClassBasedStratification,7,1,GAT,108,1000,0.8966789667896679
Cora,ClassBasedStratification,7,1,GAT,109,1000,0.8874538745387454
Cora,ClassBasedStratification,7,1,SAGE,100,1000,0.8726937269372693
Cora,ClassBasedStratification,7,1,SAGE,101,1000,0.8837638376383764
Cora,ClassBasedStratification,7,1,SAGE,102,1000,0.8800738007380073
Cora,ClassBasedStratification,7,1,SAGE,103,1000,0.8782287822878229
Cora,ClassBasedStratification,7,1,SAGE,104,1000,0.8745387453874539
Cora,ClassBasedStratification,7,1,SAGE,105,1000,0.8800738007380073
Cora,ClassBasedStratification,7,1,SAGE,106,1000,0.8874538745387454
Cora,ClassBasedStratification,7,1,SAGE,107,1000,0.8745387453874539
Cora,ClassBasedStratification,7,1,SAGE,108,1000,0.8726937269372693
Cora,ClassBasedStratification,7,1,SAGE,109,1000,0.8745387453874539
Cora,ClassBasedStratification,7,1,MixHop,100,1000,0.9022140221402214
Cora,ClassBasedStratification,7,1,MixHop,101,1000,0.8985239852398524
Cora,ClassBasedStratification,7,1,MixHop,102,1000,0.8966789667896679
Cora,ClassBasedStratification,7,1,MixHop,103,1000,0.8985239852398524
Cora,ClassBasedStratification,7,1,MixHop,104,1000,0.8966789667896679
Cora,ClassBasedStratification,7,1,MixHop,105,1000,0.8948339483394834
Cora,ClassBasedStratification,7,1,MixHop,106,1000,0.8985239852398524
Cora,ClassBasedStratification,7,1,MixHop,107,1000,0.8966789667896679
Cora,ClassBasedStratification,7,1,MixHop,108,1000,0.9003690036900369
Cora,ClassBasedStratification,7,1,MixHop,109,1000,0.8911439114391144
Cora,ClassBasedStratification,7,2,MLP,100,1000,0.7287822878228782
Cora,ClassBasedStratification,7,2,MLP,101,1000,0.7416974169741697
Cora,ClassBasedStratification,7,2,MLP,102,1000,0.7195571955719557
Cora,ClassBasedStratification,7,2,MLP,103,1000,0.7343173431734318
Cora,ClassBasedStratification,7,2,MLP,104,1000,0.7343173431734318
Cora,ClassBasedStratification,7,2,MLP,105,1000,0.7324723247232472
Cora,ClassBasedStratification,7,2,MLP,106,1000,0.7324723247232472
Cora,ClassBasedStratification,7,2,MLP,107,1000,0.7380073800738007
Cora,ClassBasedStratification,7,2,MLP,108,1000,0.7232472324723247
Cora,ClassBasedStratification,7,2,MLP,109,1000,0.7472324723247232
Cora,ClassBasedStratification,7,2,GCN,100,1000,0.8708487084870848
Cora,ClassBasedStratification,7,2,GCN,101,1000,0.8671586715867159
Cora,ClassBasedStratification,7,2,GCN,102,1000,0.8671586715867159
Cora,ClassBasedStratification,7,2,GCN,103,1000,0.8708487084870848
Cora,ClassBasedStratification,7,2,GCN,104,1000,0.8616236162361623
Cora,ClassBasedStratification,7,2,GCN,105,1000,0.8726937269372693
Cora,ClassBasedStratification,7,2,GCN,106,1000,0.8653136531365314
Cora,ClassBasedStratification,7,2,GCN,107,1000,0.8726937269372693
Cora,ClassBasedStratification,7,2,GCN,108,1000,0.8726937269372693
Cora,ClassBasedStratification,7,2,GCN,109,1000,0.8690036900369004
Cora,ClassBasedStratification,7,2,GAT,100,1000,0.8726937269372693
Cora,ClassBasedStratification,7,2,GAT,101,1000,0.8745387453874539
Cora,ClassBasedStratification,7,2,GAT,102,1000,0.8837638376383764
Cora,ClassBasedStratification,7,2,GAT,103,1000,0.8671586715867159
Cora,ClassBasedStratification,7,2,GAT,104,1000,0.8763837638376384
Cora,ClassBasedStratification,7,2,GAT,105,1000,0.8763837638376384
Cora,ClassBasedStratification,7,2,GAT,106,1000,0.8782287822878229
Cora,ClassBasedStratification,7,2,GAT,107,1000,0.8800738007380073
Cora,ClassBasedStratification,7,2,GAT,108,1000,0.8763837638376384
Cora,ClassBasedStratification,7,2,GAT,109,1000,0.8819188191881919
Cora,ClassBasedStratification,7,2,SAGE,100,1000,0.8726937269372693
Cora,ClassBasedStratification,7,2,SAGE,101,1000,0.8634686346863468
Cora,ClassBasedStratification,7,2,SAGE,102,1000,0.8726937269372693
Cora,ClassBasedStratification,7,2,SAGE,103,1000,0.8800738007380073
Cora,ClassBasedStratification,7,2,SAGE,104,1000,0.8763837638376384
Cora,ClassBasedStratification,7,2,SAGE,105,1000,0.8782287822878229
Cora,ClassBasedStratification,7,2,SAGE,106,1000,0.8726937269372693
Cora,ClassBasedStratification,7,2,SAGE,107,1000,0.8782287822878229
Cora,ClassBasedStratification,7,2,SAGE,108,1000,0.8782287822878229
Cora,ClassBasedStratification,7,2,SAGE,109,1000,0.8708487084870848
Cora,ClassBasedStratification,7,2,MixHop,100,1000,0.8837638376383764
Cora,ClassBasedStratification,7,2,MixHop,101,1000,0.8929889298892989
Cora,ClassBasedStratification,7,2,MixHop,102,1000,0.8911439114391144
Cora,ClassBasedStratification,7,2,MixHop,103,1000,0.8782287822878229
Cora,ClassBasedStratification,7,2,MixHop,104,1000,0.8856088560885609
Cora,ClassBasedStratification,7,2,MixHop,105,1000,0.8763837638376384
Cora,ClassBasedStratification,7,2,MixHop,106,1000,0.8782287822878229
Cora,ClassBasedStratification,7,2,MixHop,107,1000,0.8856088560885609
Cora,ClassBasedStratification,7,2,MixHop,108,1000,0.8819188191881919
Cora,ClassBasedStratification,7,2,MixHop,109,1000,0.8856088560885609
Cora,ClassBasedStratification,7,3,MLP,100,1000,0.7472324723247232
Cora,ClassBasedStratification,7,3,MLP,101,1000,0.7435424354243543
Cora,ClassBasedStratification,7,3,MLP,102,1000,0.7472324723247232
Cora,ClassBasedStratification,7,3,MLP,103,1000,0.7343173431734318
Cora,ClassBasedStratification,7,3,MLP,104,1000,0.7435424354243543
Cora,ClassBasedStratification,7,3,MLP,105,1000,0.7472324723247232
Cora,ClassBasedStratification,7,3,MLP,106,1000,0.7306273062730627
Cora,ClassBasedStratification,7,3,MLP,107,1000,0.7324723247232472
Cora,ClassBasedStratification,7,3,MLP,108,1000,0.7435424354243543
Cora,ClassBasedStratification,7,3,MLP,109,1000,0.7472324723247232
Cora,ClassBasedStratification,7,3,GCN,100,1000,0.8966789667896679
Cora,ClassBasedStratification,7,3,GCN,101,1000,0.8966789667896679
Cora,ClassBasedStratification,7,3,GCN,102,1000,0.9022140221402214
Cora,ClassBasedStratification,7,3,GCN,103,1000,0.8985239852398524
Cora,ClassBasedStratification,7,3,GCN,104,1000,0.8966789667896679
Cora,ClassBasedStratification,7,3,GCN,105,1000,0.904059040590406
Cora,ClassBasedStratification,7,3,GCN,106,1000,0.9059040590405903
Cora,ClassBasedStratification,7,3,GCN,107,1000,0.8985239852398524
Cora,ClassBasedStratification,7,3,GCN,108,1000,0.9003690036900369
Cora,ClassBasedStratification,7,3,GCN,109,1000,0.8966789667896679
Cora,ClassBasedStratification,7,3,GAT,100,1000,0.9022140221402214
Cora,ClassBasedStratification,7,3,GAT,101,1000,0.8985239852398524
Cora,ClassBasedStratification,7,3,GAT,102,1000,0.9095940959409594
Cora,ClassBasedStratification,7,3,GAT,103,1000,0.9059040590405903
Cora,ClassBasedStratification,7,3,GAT,104,1000,0.9077490774907748
Cora,ClassBasedStratification,7,3,GAT,105,1000,0.9003690036900369
Cora,ClassBasedStratification,7,3,GAT,106,1000,0.9022140221402214
Cora,ClassBasedStratification,7,3,GAT,107,1000,0.8948339483394834
Cora,ClassBasedStratification,7,3,GAT,108,1000,0.911439114391144
Cora,ClassBasedStratification,7,3,GAT,109,1000,0.9077490774907748
Cora,ClassBasedStratification,7,3,SAGE,100,1000,0.9003690036900369
Cora,ClassBasedStratification,7,3,SAGE,101,1000,0.8966789667896679
Cora,ClassBasedStratification,7,3,SAGE,102,1000,0.9077490774907748
Cora,ClassBasedStratification,7,3,SAGE,103,1000,0.904059040590406
Cora,ClassBasedStratification,7,3,SAGE,104,1000,0.9022140221402214
Cora,ClassBasedStratification,7,3,SAGE,105,1000,0.9095940959409594
Cora,ClassBasedStratification,7,3,SAGE,106,1000,0.8966789667896679
Cora,ClassBasedStratification,7,3,SAGE,107,1000,0.911439114391144
Cora,ClassBasedStratification,7,3,SAGE,108,1000,0.9003690036900369
Cora,ClassBasedStratification,7,3,SAGE,109,1000,0.911439114391144
Cora,ClassBasedStratification,7,3,MixHop,100,1000,0.9003690036900369
Cora,ClassBasedStratification,7,3,MixHop,101,1000,0.904059040590406
Cora,ClassBasedStratification,7,3,MixHop,102,1000,0.904059040590406
Cora,ClassBasedStratification,7,3,MixHop,103,1000,0.9059040590405903
Cora,ClassBasedStratification,7,3,MixHop,104,1000,0.9022140221402214
Cora,ClassBasedStratification,7,3,MixHop,105,1000,0.9022140221402214
Cora,ClassBasedStratification,7,3,MixHop,106,1000,0.9003690036900369
Cora,ClassBasedStratification,7,3,MixHop,107,1000,0.9003690036900369
Cora,ClassBasedStratification,7,3,MixHop,108,1000,0.9003690036900369
Cora,ClassBasedStratification,7,3,MixHop,109,1000,0.8966789667896679
Cora,ClassBasedStratification,7,4,MLP,100,1000,0.7541589648798521
Cora,ClassBasedStratification,7,4,MLP,101,1000,0.7541589648798521
Cora,ClassBasedStratification,7,4,MLP,102,1000,0.7634011090573013
Cora,ClassBasedStratification,7,4,MLP,103,1000,0.7541589648798521
Cora,ClassBasedStratification,7,4,MLP,104,1000,0.767097966728281
Cora,ClassBasedStratification,7,4,MLP,105,1000,0.7578558225508318
Cora,ClassBasedStratification,7,4,MLP,106,1000,0.744916820702403
Cora,ClassBasedStratification,7,4,MLP,107,1000,0.7726432532347505
Cora,ClassBasedStratification,7,4,MLP,108,1000,0.7652495378927912
Cora,ClassBasedStratification,7,4,MLP,109,1000,0.7615526802218114
Cora,ClassBasedStratification,7,4,GCN,100,1000,0.88909426987061
Cora,ClassBasedStratification,7,4,GCN,101,1000,0.8817005545286506
Cora,ClassBasedStratification,7,4,GCN,102,1000,0.8798521256931608
Cora,ClassBasedStratification,7,4,GCN,103,1000,0.8853974121996303
Cora,ClassBasedStratification,7,4,GCN,104,1000,0.8853974121996303
Cora,ClassBasedStratification,7,4,GCN,105,1000,0.878003696857671
Cora,ClassBasedStratification,7,4,GCN,106,1000,0.8853974121996303
Cora,ClassBasedStratification,7,4,GCN,107,1000,0.878003696857671
Cora,ClassBasedStratification,7,4,GCN,108,1000,0.8872458410351202
Cora,ClassBasedStratification,7,4,GCN,109,1000,0.8743068391866913
Cora,ClassBasedStratification,7,4,GAT,100,1000,0.88909426987061
Cora,ClassBasedStratification,7,4,GAT,101,1000,0.8964879852125693
Cora,ClassBasedStratification,7,4,GAT,102,1000,0.8872458410351202
Cora,ClassBasedStratification,7,4,GAT,103,1000,0.88909426987061
Cora,ClassBasedStratification,7,4,GAT,104,1000,0.8909426987060998
Cora,ClassBasedStratification,7,4,GAT,105,1000,0.8946395563770795
Cora,ClassBasedStratification,7,4,GAT,106,1000,0.8798521256931608
Cora,ClassBasedStratification,7,4,GAT,107,1000,0.8835489833641405
Cora,ClassBasedStratification,7,4,GAT,108,1000,0.8927911275415896
Cora,ClassBasedStratification,7,4,GAT,109,1000,0.8964879852125693
Cora,ClassBasedStratification,7,4,SAGE,100,1000,0.9001848428835489
Cora,ClassBasedStratification,7,4,SAGE,101,1000,0.9020332717190388
Cora,ClassBasedStratification,7,4,SAGE,102,1000,0.9020332717190388
Cora,ClassBasedStratification,7,4,SAGE,103,1000,0.8983364140480592
Cora,ClassBasedStratification,7,4,SAGE,104,1000,0.9001848428835489
Cora,ClassBasedStratification,7,4,SAGE,105,1000,0.9038817005545288
Cora,ClassBasedStratification,7,4,SAGE,106,1000,0.9020332717190388
Cora,ClassBasedStratification,7,4,SAGE,107,1000,0.9001848428835489
Cora,ClassBasedStratification,7,4,SAGE,108,1000,0.9001848428835489
Cora,ClassBasedStratification,7,4,SAGE,109,1000,0.9038817005545288
Cora,ClassBasedStratification,7,4,MixHop,100,1000,0.9020332717190388
Cora,ClassBasedStratification,7,4,MixHop,101,1000,0.8964879852125693
Cora,ClassBasedStratification,7,4,MixHop,102,1000,0.8909426987060998
Cora,ClassBasedStratification,7,4,MixHop,103,1000,0.9001848428835489
Cora,ClassBasedStratification,7,4,MixHop,104,1000,0.88909426987061
Cora,ClassBasedStratification,7,4,MixHop,105,1000,0.8927911275415896
Cora,ClassBasedStratification,7,4,MixHop,106,1000,0.8946395563770795
Cora,ClassBasedStratification,7,4,MixHop,107,1000,0.8946395563770795
Cora,ClassBasedStratification,7,4,MixHop,108,1000,0.8983364140480592
Cora,ClassBasedStratification,7,4,MixHop,109,1000,0.8983364140480592
Cora,ClassBasedStratification,7,5,MLP,100,1000,0.7301293900184843
Cora,ClassBasedStratification,7,5,MLP,101,1000,0.7467652495378928
Cora,ClassBasedStratification,7,5,MLP,102,1000,0.7523105360443623
Cora,ClassBasedStratification,7,5,MLP,103,1000,0.7467652495378928
Cora,ClassBasedStratification,7,5,MLP,104,1000,0.7523105360443623
Cora,ClassBasedStratification,7,5,MLP,105,1000,0.7430683918669131
Cora,ClassBasedStratification,7,5,MLP,106,1000,0.7504621072088724
Cora,ClassBasedStratification,7,5,MLP,107,1000,0.7504621072088724
Cora,ClassBasedStratification,7,5,MLP,108,1000,0.7412199630314233
Cora,ClassBasedStratification,7,5,MLP,109,1000,0.7486136783733827
Cora,ClassBasedStratification,7,5,GCN,100,1000,0.8632162661737524
Cora,ClassBasedStratification,7,5,GCN,101,1000,0.8650646950092421
Cora,ClassBasedStratification,7,5,GCN,102,1000,0.8632162661737524
Cora,ClassBasedStratification,7,5,GCN,103,1000,0.866913123844732
Cora,ClassBasedStratification,7,5,GCN,104,1000,0.8632162661737524
Cora,ClassBasedStratification,7,5,GCN,105,1000,0.8724584103512015
Cora,ClassBasedStratification,7,5,GCN,106,1000,0.8576709796672828
Cora,ClassBasedStratification,7,5,GCN,107,1000,0.866913123844732
Cora,ClassBasedStratification,7,5,GCN,108,1000,0.8613678373382625
Cora,ClassBasedStratification,7,5,GCN,109,1000,0.8706099815157117
Cora,ClassBasedStratification,7,5,GAT,100,1000,0.866913123844732
Cora,ClassBasedStratification,7,5,GAT,101,1000,0.8798521256931608
Cora,ClassBasedStratification,7,5,GAT,102,1000,0.8613678373382625
Cora,ClassBasedStratification,7,5,GAT,103,1000,0.8650646950092421
Cora,ClassBasedStratification,7,5,GAT,104,1000,0.866913123844732
Cora,ClassBasedStratification,7,5,GAT,105,1000,0.8706099815157117
Cora,ClassBasedStratification,7,5,GAT,106,1000,0.8613678373382625
Cora,ClassBasedStratification,7,5,GAT,107,1000,0.8724584103512015
Cora,ClassBasedStratification,7,5,GAT,108,1000,0.8706099815157117
Cora,ClassBasedStratification,7,5,GAT,109,1000,0.8539741219963032
Cora,ClassBasedStratification,7,5,SAGE,100,1000,0.8650646950092421
Cora,ClassBasedStratification,7,5,SAGE,101,1000,0.8687615526802218
Cora,ClassBasedStratification,7,5,SAGE,102,1000,0.8576709796672828
Cora,ClassBasedStratification,7,5,SAGE,103,1000,0.8724584103512015
Cora,ClassBasedStratification,7,5,SAGE,104,1000,0.878003696857671
Cora,ClassBasedStratification,7,5,SAGE,105,1000,0.8687615526802218
Cora,ClassBasedStratification,7,5,SAGE,106,1000,0.8706099815157117
Cora,ClassBasedStratification,7,5,SAGE,107,1000,0.878003696857671
Cora,ClassBasedStratification,7,5,SAGE,108,1000,0.8743068391866913
Cora,ClassBasedStratification,7,5,SAGE,109,1000,0.8632162661737524
Cora,ClassBasedStratification,7,5,MixHop,100,1000,0.8724584103512015
Cora,ClassBasedStratification,7,5,MixHop,101,1000,0.8558225508317929
Cora,ClassBasedStratification,7,5,MixHop,102,1000,0.8706099815157117
Cora,ClassBasedStratification,7,5,MixHop,103,1000,0.8539741219963032
Cora,ClassBasedStratification,7,5,MixHop,104,1000,0.8595194085027726
Cora,ClassBasedStratification,7,5,MixHop,105,1000,0.8613678373382625
Cora,ClassBasedStratification,7,5,MixHop,106,1000,0.8687615526802218
Cora,ClassBasedStratification,7,5,MixHop,107,1000,0.8632162661737524
Cora,ClassBasedStratification,7,5,MixHop,108,1000,0.8687615526802218
Cora,ClassBasedStratification,7,5,MixHop,109,1000,0.866913123844732
Cora,ClassBasedStratification,8,1,MLP,100,1000,0.7564575645756457
Cora,ClassBasedStratification,8,1,MLP,101,1000,0.7472324723247232
Cora,ClassBasedStratification,8,1,MLP,102,1000,0.7490774907749077
Cora,ClassBasedStratification,8,1,MLP,103,1000,0.7564575645756457
Cora,ClassBasedStratification,8,1,MLP,104,1000,0.7619926199261993
Cora,ClassBasedStratification,8,1,MLP,105,1000,0.7564575645756457
Cora,ClassBasedStratification,8,1,MLP,106,1000,0.7453874538745388
Cora,ClassBasedStratification,8,1,MLP,107,1000,0.7564575645756457
Cora,ClassBasedStratification,8,1,MLP,108,1000,0.7398523985239852
Cora,ClassBasedStratification,8,1,MLP,109,1000,0.7583025830258303
Cora,ClassBasedStratification,8,1,GCN,100,1000,0.8948339483394834
Cora,ClassBasedStratification,8,1,GCN,101,1000,0.8911439114391144
Cora,ClassBasedStratification,8,1,GCN,102,1000,0.9003690036900369
Cora,ClassBasedStratification,8,1,GCN,103,1000,0.8911439114391144
Cora,ClassBasedStratification,8,1,GCN,104,1000,0.8911439114391144
Cora,ClassBasedStratification,8,1,GCN,105,1000,0.8892988929889298
Cora,ClassBasedStratification,8,1,GCN,106,1000,0.8837638376383764
Cora,ClassBasedStratification,8,1,GCN,107,1000,0.8948339483394834
Cora,ClassBasedStratification,8,1,GCN,108,1000,0.8892988929889298
Cora,ClassBasedStratification,8,1,GCN,109,1000,0.8966789667896679
Cora,ClassBasedStratification,8,1,GAT,100,1000,0.8985239852398524
Cora,ClassBasedStratification,8,1,GAT,101,1000,0.8966789667896679
Cora,ClassBasedStratification,8,1,GAT,102,1000,0.8966789667896679
Cora,ClassBasedStratification,8,1,GAT,103,1000,0.904059040590406
Cora,ClassBasedStratification,8,1,GAT,104,1000,0.8985239852398524
Cora,ClassBasedStratification,8,1,GAT,105,1000,0.8966789667896679
Cora,ClassBasedStratification,8,1,GAT,106,1000,0.8874538745387454
Cora,ClassBasedStratification,8,1,GAT,107,1000,0.904059040590406
Cora,ClassBasedStratification,8,1,GAT,108,1000,0.904059040590406
Cora,ClassBasedStratification,8,1,GAT,109,1000,0.8966789667896679
Cora,ClassBasedStratification,8,1,SAGE,100,1000,0.8929889298892989
Cora,ClassBasedStratification,8,1,SAGE,101,1000,0.8929889298892989
Cora,ClassBasedStratification,8,1,SAGE,102,1000,0.9022140221402214
Cora,ClassBasedStratification,8,1,SAGE,103,1000,0.9022140221402214
Cora,ClassBasedStratification,8,1,SAGE,104,1000,0.9003690036900369
Cora,ClassBasedStratification,8,1,SAGE,105,1000,0.9003690036900369
Cora,ClassBasedStratification,8,1,SAGE,106,1000,0.8966789667896679
Cora,ClassBasedStratification,8,1,SAGE,107,1000,0.904059040590406
Cora,ClassBasedStratification,8,1,SAGE,108,1000,0.8948339483394834
Cora,ClassBasedStratification,8,1,SAGE,109,1000,0.904059040590406
Cora,ClassBasedStratification,8,1,MixHop,100,1000,0.904059040590406
Cora,ClassBasedStratification,8,1,MixHop,101,1000,0.9022140221402214
Cora,ClassBasedStratification,8,1,MixHop,102,1000,0.9003690036900369
Cora,ClassBasedStratification,8,1,MixHop,103,1000,0.8985239852398524
Cora,ClassBasedStratification,8,1,MixHop,104,1000,0.9022140221402214
Cora,ClassBasedStratification,8,1,MixHop,105,1000,0.8985239852398524
Cora,ClassBasedStratification,8,1,MixHop,106,1000,0.8966789667896679
Cora,ClassBasedStratification,8,1,MixHop,107,1000,0.9095940959409594
Cora,ClassBasedStratification,8,1,MixHop,108,1000,0.8985239852398524
Cora,ClassBasedStratification,8,1,MixHop,109,1000,0.8966789667896679
Cora,ClassBasedStratification,8,2,MLP,100,1000,0.7361623616236163
Cora,ClassBasedStratification,8,2,MLP,101,1000,0.7527675276752768
Cora,ClassBasedStratification,8,2,MLP,102,1000,0.7343173431734318
Cora,ClassBasedStratification,8,2,MLP,103,1000,0.7435424354243543
Cora,ClassBasedStratification,8,2,MLP,104,1000,0.7435424354243543
Cora,ClassBasedStratification,8,2,MLP,105,1000,0.7306273062730627
Cora,ClassBasedStratification,8,2,MLP,106,1000,0.7453874538745388
Cora,ClassBasedStratification,8,2,MLP,107,1000,0.7195571955719557
Cora,ClassBasedStratification,8,2,MLP,108,1000,0.7269372693726938
Cora,ClassBasedStratification,8,2,MLP,109,1000,0.7398523985239852
Cora,ClassBasedStratification,8,2,GCN,100,1000,0.8597785977859779
Cora,ClassBasedStratification,8,2,GCN,101,1000,0.8616236162361623
Cora,ClassBasedStratification,8,2,GCN,102,1000,0.8616236162361623
Cora,ClassBasedStratification,8,2,GCN,103,1000,0.8653136531365314
Cora,ClassBasedStratification,8,2,GCN,104,1000,0.8616236162361623
Cora,ClassBasedStratification,8,2,GCN,105,1000,0.8634686346863468
Cora,ClassBasedStratification,8,2,GCN,106,1000,0.8653136531365314
Cora,ClassBasedStratification,8,2,GCN,107,1000,0.8671586715867159
Cora,ClassBasedStratification,8,2,GCN,108,1000,0.8653136531365314
Cora,ClassBasedStratification,8,2,GCN,109,1000,0.8616236162361623
Cora,ClassBasedStratification,8,2,GAT,100,1000,0.8708487084870848
Cora,ClassBasedStratification,8,2,GAT,101,1000,0.8653136531365314
Cora,ClassBasedStratification,8,2,GAT,102,1000,0.8745387453874539
Cora,ClassBasedStratification,8,2,GAT,103,1000,0.8597785977859779
Cora,ClassBasedStratification,8,2,GAT,104,1000,0.8745387453874539
Cora,ClassBasedStratification,8,2,GAT,105,1000,0.8708487084870848
Cora,ClassBasedStratification,8,2,GAT,106,1000,0.8708487084870848
Cora,ClassBasedStratification,8,2,GAT,107,1000,0.8708487084870848
Cora,ClassBasedStratification,8,2,GAT,108,1000,0.8690036900369004
Cora,ClassBasedStratification,8,2,GAT,109,1000,0.8708487084870848
Cora,ClassBasedStratification,8,2,SAGE,100,1000,0.8763837638376384
Cora,ClassBasedStratification,8,2,SAGE,101,1000,0.8782287822878229
Cora,ClassBasedStratification,8,2,SAGE,102,1000,0.8745387453874539
Cora,ClassBasedStratification,8,2,SAGE,103,1000,0.8690036900369004
Cora,ClassBasedStratification,8,2,SAGE,104,1000,0.8726937269372693
Cora,ClassBasedStratification,8,2,SAGE,105,1000,0.8653136531365314
Cora,ClassBasedStratification,8,2,SAGE,106,1000,0.8745387453874539
Cora,ClassBasedStratification,8,2,SAGE,107,1000,0.8726937269372693
Cora,ClassBasedStratification,8,2,SAGE,108,1000,0.8726937269372693
Cora,ClassBasedStratification,8,2,SAGE,109,1000,0.8671586715867159
Cora,ClassBasedStratification,8,2,MixHop,100,1000,0.8690036900369004
Cora,ClassBasedStratification,8,2,MixHop,101,1000,0.8800738007380073
Cora,ClassBasedStratification,8,2,MixHop,102,1000,0.8800738007380073
Cora,ClassBasedStratification,8,2,MixHop,103,1000,0.8763837638376384
Cora,ClassBasedStratification,8,2,MixHop,104,1000,0.8616236162361623
Cora,ClassBasedStratification,8,2,MixHop,105,1000,0.8671586715867159
Cora,ClassBasedStratification,8,2,MixHop,106,1000,0.8708487084870848
Cora,ClassBasedStratification,8,2,MixHop,107,1000,0.8671586715867159
Cora,ClassBasedStratification,8,2,MixHop,108,1000,0.8671586715867159
Cora,ClassBasedStratification,8,2,MixHop,109,1000,0.8800738007380073
Cora,ClassBasedStratification,8,3,MLP,100,1000,0.7084870848708487
Cora,ClassBasedStratification,8,3,MLP,101,1000,0.7066420664206642
Cora,ClassBasedStratification,8,3,MLP,102,1000,0.7232472324723247
Cora,ClassBasedStratification,8,3,MLP,103,1000,0.7287822878228782
Cora,ClassBasedStratification,8,3,MLP,104,1000,0.6992619926199262
Cora,ClassBasedStratification,8,3,MLP,105,1000,0.7324723247232472
Cora,ClassBasedStratification,8,3,MLP,106,1000,0.7269372693726938
Cora,ClassBasedStratification,8,3,MLP,107,1000,0.7214022140221402
Cora,ClassBasedStratification,8,3,MLP,108,1000,0.7250922509225092
Cora,ClassBasedStratification,8,3,MLP,109,1000,0.7195571955719557
Cora,ClassBasedStratification,8,3,GCN,100,1000,0.8874538745387454
Cora,ClassBasedStratification,8,3,GCN,101,1000,0.8892988929889298
Cora,ClassBasedStratification,8,3,GCN,102,1000,0.8929889298892989
Cora,ClassBasedStratification,8,3,GCN,103,1000,0.8837638376383764
Cora,ClassBasedStratification,8,3,GCN,104,1000,0.8800738007380073
Cora,ClassBasedStratification,8,3,GCN,105,1000,0.8892988929889298
Cora,ClassBasedStratification,8,3,GCN,106,1000,0.8892988929889298
Cora,ClassBasedStratification,8,3,GCN,107,1000,0.8837638376383764
Cora,ClassBasedStratification,8,3,GCN,108,1000,0.8911439114391144
Cora,ClassBasedStratification,8,3,GCN,109,1000,0.8800738007380073
Cora,ClassBasedStratification,8,3,GAT,100,1000,0.9022140221402214
Cora,ClassBasedStratification,8,3,GAT,101,1000,0.8985239852398524
Cora,ClassBasedStratification,8,3,GAT,102,1000,0.8948339483394834
Cora,ClassBasedStratification,8,3,GAT,103,1000,0.8948339483394834
Cora,ClassBasedStratification,8,3,GAT,104,1000,0.9022140221402214
Cora,ClassBasedStratification,8,3,GAT,105,1000,0.8985239852398524
Cora,ClassBasedStratification,8,3,GAT,106,1000,0.8892988929889298
Cora,ClassBasedStratification,8,3,GAT,107,1000,0.9003690036900369
Cora,ClassBasedStratification,8,3,GAT,108,1000,0.9003690036900369
Cora,ClassBasedStratification,8,3,GAT,109,1000,0.9003690036900369
Cora,ClassBasedStratification,8,3,SAGE,100,1000,0.8985239852398524
Cora,ClassBasedStratification,8,3,SAGE,101,1000,0.8911439114391144
Cora,ClassBasedStratification,8,3,SAGE,102,1000,0.8874538745387454
Cora,ClassBasedStratification,8,3,SAGE,103,1000,0.8874538745387454
Cora,ClassBasedStratification,8,3,SAGE,104,1000,0.8948339483394834
Cora,ClassBasedStratification,8,3,SAGE,105,1000,0.8985239852398524
Cora,ClassBasedStratification,8,3,SAGE,106,1000,0.8966789667896679
Cora,ClassBasedStratification,8,3,SAGE,107,1000,0.8856088560885609
Cora,ClassBasedStratification,8,3,SAGE,108,1000,0.9003690036900369
Cora,ClassBasedStratification,8,3,SAGE,109,1000,0.8948339483394834
Cora,ClassBasedStratification,8,3,MixHop,100,1000,0.8929889298892989
Cora,ClassBasedStratification,8,3,MixHop,101,1000,0.9022140221402214
Cora,ClassBasedStratification,8,3,MixHop,102,1000,0.9077490774907748
Cora,ClassBasedStratification,8,3,MixHop,103,1000,0.8966789667896679
Cora,ClassBasedStratification,8,3,MixHop,104,1000,0.9059040590405903
Cora,ClassBasedStratification,8,3,MixHop,105,1000,0.904059040590406
Cora,ClassBasedStratification,8,3,MixHop,106,1000,0.9059040590405903
Cora,ClassBasedStratification,8,3,MixHop,107,1000,0.9077490774907748
Cora,ClassBasedStratification,8,3,MixHop,108,1000,0.9022140221402214
Cora,ClassBasedStratification,8,3,MixHop,109,1000,0.8929889298892989
Cora,ClassBasedStratification,8,4,MLP,100,1000,0.7707948243992606
Cora,ClassBasedStratification,8,4,MLP,101,1000,0.7652495378927912
Cora,ClassBasedStratification,8,4,MLP,102,1000,0.7800369685767098
Cora,ClassBasedStratification,8,4,MLP,103,1000,0.7652495378927912
Cora,ClassBasedStratification,8,4,MLP,104,1000,0.7634011090573013
Cora,ClassBasedStratification,8,4,MLP,105,1000,0.7578558225508318
Cora,ClassBasedStratification,8,4,MLP,106,1000,0.767097966728281
Cora,ClassBasedStratification,8,4,MLP,107,1000,0.7726432532347505
Cora,ClassBasedStratification,8,4,MLP,108,1000,0.7744916820702403
Cora,ClassBasedStratification,8,4,MLP,109,1000,0.7634011090573013
Cora,ClassBasedStratification,8,4,GCN,100,1000,0.9057301293900184
Cora,ClassBasedStratification,8,4,GCN,101,1000,0.9057301293900184
Cora,ClassBasedStratification,8,4,GCN,102,1000,0.8983364140480592
Cora,ClassBasedStratification,8,4,GCN,103,1000,0.9038817005545288
Cora,ClassBasedStratification,8,4,GCN,104,1000,0.9020332717190388
Cora,ClassBasedStratification,8,4,GCN,105,1000,0.9001848428835489
Cora,ClassBasedStratification,8,4,GCN,106,1000,0.9020332717190388
Cora,ClassBasedStratification,8,4,GCN,107,1000,0.9038817005545288
Cora,ClassBasedStratification,8,4,GCN,108,1000,0.8983364140480592
Cora,ClassBasedStratification,8,4,GCN,109,1000,0.911275415896488
Cora,ClassBasedStratification,8,4,GAT,100,1000,0.9020332717190388
Cora,ClassBasedStratification,8,4,GAT,101,1000,0.9001848428835489
Cora,ClassBasedStratification,8,4,GAT,102,1000,0.8927911275415896
Cora,ClassBasedStratification,8,4,GAT,103,1000,0.9001848428835489
Cora,ClassBasedStratification,8,4,GAT,104,1000,0.9020332717190388
Cora,ClassBasedStratification,8,4,GAT,105,1000,0.9038817005545288
Cora,ClassBasedStratification,8,4,GAT,106,1000,0.9038817005545288
Cora,ClassBasedStratification,8,4,GAT,107,1000,0.9020332717190388
Cora,ClassBasedStratification,8,4,GAT,108,1000,0.8983364140480592
Cora,ClassBasedStratification,8,4,GAT,109,1000,0.9038817005545288
Cora,ClassBasedStratification,8,4,SAGE,100,1000,0.9038817005545288
Cora,ClassBasedStratification,8,4,SAGE,101,1000,0.8927911275415896
Cora,ClassBasedStratification,8,4,SAGE,102,1000,0.8946395563770795
Cora,ClassBasedStratification,8,4,SAGE,103,1000,0.8964879852125693
Cora,ClassBasedStratification,8,4,SAGE,104,1000,0.8853974121996303
Cora,ClassBasedStratification,8,4,SAGE,105,1000,0.8872458410351202
Cora,ClassBasedStratification,8,4,SAGE,106,1000,0.8872458410351202
Cora,ClassBasedStratification,8,4,SAGE,107,1000,0.8964879852125693
Cora,ClassBasedStratification,8,4,SAGE,108,1000,0.8983364140480592
Cora,ClassBasedStratification,8,4,SAGE,109,1000,0.8964879852125693
Cora,ClassBasedStratification,8,4,MixHop,100,1000,0.9038817005545288
Cora,ClassBasedStratification,8,4,MixHop,101,1000,0.9038817005545288
Cora,ClassBasedStratification,8,4,MixHop,102,1000,0.8983364140480592
Cora,ClassBasedStratification,8,4,MixHop,103,1000,0.8983364140480592
Cora,ClassBasedStratification,8,4,MixHop,104,1000,0.9001848428835489
Cora,ClassBasedStratification,8,4,MixHop,105,1000,0.9075785582255084
Cora,ClassBasedStratification,8,4,MixHop,106,1000,0.9020332717190388
Cora,ClassBasedStratification,8,4,MixHop,107,1000,0.909426987060998
Cora,ClassBasedStratification,8,4,MixHop,108,1000,0.9001848428835489
Cora,ClassBasedStratification,8,4,MixHop,109,1000,0.9001848428835489
Cora,ClassBasedStratification,8,5,MLP,100,1000,0.7356746765249538
Cora,ClassBasedStratification,8,5,MLP,101,1000,0.7208872458410351
Cora,ClassBasedStratification,8,5,MLP,102,1000,0.7171903881700554
Cora,ClassBasedStratification,8,5,MLP,103,1000,0.7430683918669131
Cora,ClassBasedStratification,8,5,MLP,104,1000,0.7338262476894639
Cora,ClassBasedStratification,8,5,MLP,105,1000,0.7430683918669131
Cora,ClassBasedStratification,8,5,MLP,106,1000,0.7523105360443623
Cora,ClassBasedStratification,8,5,MLP,107,1000,0.7412199630314233
Cora,ClassBasedStratification,8,5,MLP,108,1000,0.7338262476894639
Cora,ClassBasedStratification,8,5,MLP,109,1000,0.7319778188539742
Cora,ClassBasedStratification,8,5,GCN,100,1000,0.8558225508317929
Cora,ClassBasedStratification,8,5,GCN,101,1000,0.866913123844732
Cora,ClassBasedStratification,8,5,GCN,102,1000,0.8613678373382625
Cora,ClassBasedStratification,8,5,GCN,103,1000,0.8558225508317929
Cora,ClassBasedStratification,8,5,GCN,104,1000,0.8595194085027726
Cora,ClassBasedStratification,8,5,GCN,105,1000,0.8632162661737524
Cora,ClassBasedStratification,8,5,GCN,106,1000,0.8576709796672828
Cora,ClassBasedStratification,8,5,GCN,107,1000,0.8613678373382625
Cora,ClassBasedStratification,8,5,GCN,108,1000,0.866913123844732
Cora,ClassBasedStratification,8,5,GCN,109,1000,0.8632162661737524
Cora,ClassBasedStratification,8,5,GAT,100,1000,0.8613678373382625
Cora,ClassBasedStratification,8,5,GAT,101,1000,0.8687615526802218
Cora,ClassBasedStratification,8,5,GAT,102,1000,0.8761552680221811
Cora,ClassBasedStratification,8,5,GAT,103,1000,0.8687615526802218
Cora,ClassBasedStratification,8,5,GAT,104,1000,0.8761552680221811
Cora,ClassBasedStratification,8,5,GAT,105,1000,0.8595194085027726
Cora,ClassBasedStratification,8,5,GAT,106,1000,0.866913123844732
Cora,ClassBasedStratification,8,5,GAT,107,1000,0.8724584103512015
Cora,ClassBasedStratification,8,5,GAT,108,1000,0.8761552680221811
Cora,ClassBasedStratification,8,5,GAT,109,1000,0.878003696857671
Cora,ClassBasedStratification,8,5,SAGE,100,1000,0.8613678373382625
Cora,ClassBasedStratification,8,5,SAGE,101,1000,0.8724584103512015
Cora,ClassBasedStratification,8,5,SAGE,102,1000,0.866913123844732
Cora,ClassBasedStratification,8,5,SAGE,103,1000,0.8632162661737524
Cora,ClassBasedStratification,8,5,SAGE,104,1000,0.8650646950092421
Cora,ClassBasedStratification,8,5,SAGE,105,1000,0.8743068391866913
Cora,ClassBasedStratification,8,5,SAGE,106,1000,0.8687615526802218
Cora,ClassBasedStratification,8,5,SAGE,107,1000,0.8743068391866913
Cora,ClassBasedStratification,8,5,SAGE,108,1000,0.8632162661737524
Cora,ClassBasedStratification,8,5,SAGE,109,1000,0.8650646950092421
Cora,ClassBasedStratification,8,5,MixHop,100,1000,0.878003696857671
Cora,ClassBasedStratification,8,5,MixHop,101,1000,0.8706099815157117
Cora,ClassBasedStratification,8,5,MixHop,102,1000,0.8724584103512015
Cora,ClassBasedStratification,8,5,MixHop,103,1000,0.8798521256931608
Cora,ClassBasedStratification,8,5,MixHop,104,1000,0.8798521256931608
Cora,ClassBasedStratification,8,5,MixHop,105,1000,0.8706099815157117
Cora,ClassBasedStratification,8,5,MixHop,106,1000,0.8761552680221811
Cora,ClassBasedStratification,8,5,MixHop,107,1000,0.8743068391866913
Cora,ClassBasedStratification,8,5,MixHop,108,1000,0.8743068391866913
Cora,ClassBasedStratification,8,5,MixHop,109,1000,0.8761552680221811
Cora,ClassBasedStratification,9,1,MLP,100,1000,0.7619926199261993
Cora,ClassBasedStratification,9,1,MLP,101,1000,0.7619926199261993
Cora,ClassBasedStratification,9,1,MLP,102,1000,0.7601476014760148
Cora,ClassBasedStratification,9,1,MLP,103,1000,0.7693726937269373
Cora,ClassBasedStratification,9,1,MLP,104,1000,0.7564575645756457
Cora,ClassBasedStratification,9,1,MLP,105,1000,0.7693726937269373
Cora,ClassBasedStratification,9,1,MLP,106,1000,0.7509225092250923
Cora,ClassBasedStratification,9,1,MLP,107,1000,0.7619926199261993
Cora,ClassBasedStratification,9,1,MLP,108,1000,0.7619926199261993
Cora,ClassBasedStratification,9,1,MLP,109,1000,0.7638376383763837
Cora,ClassBasedStratification,9,1,GCN,100,1000,0.8745387453874539
Cora,ClassBasedStratification,9,1,GCN,101,1000,0.8690036900369004
Cora,ClassBasedStratification,9,1,GCN,102,1000,0.8782287822878229
Cora,ClassBasedStratification,9,1,GCN,103,1000,0.8671586715867159
Cora,ClassBasedStratification,9,1,GCN,104,1000,0.8690036900369004
Cora,ClassBasedStratification,9,1,GCN,105,1000,0.8708487084870848
Cora,ClassBasedStratification,9,1,GCN,106,1000,0.8653136531365314
Cora,ClassBasedStratification,9,1,GCN,107,1000,0.8708487084870848
Cora,ClassBasedStratification,9,1,GCN,108,1000,0.8726937269372693
Cora,ClassBasedStratification,9,1,GCN,109,1000,0.8653136531365314
Cora,ClassBasedStratification,9,1,GAT,100,1000,0.8708487084870848
Cora,ClassBasedStratification,9,1,GAT,101,1000,0.8690036900369004
Cora,ClassBasedStratification,9,1,GAT,102,1000,0.8653136531365314
Cora,ClassBasedStratification,9,1,GAT,103,1000,0.8819188191881919
Cora,ClassBasedStratification,9,1,GAT,104,1000,0.8856088560885609
Cora,ClassBasedStratification,9,1,GAT,105,1000,0.8726937269372693
Cora,ClassBasedStratification,9,1,GAT,106,1000,0.8745387453874539
Cora,ClassBasedStratification,9,1,GAT,107,1000,0.8708487084870848
Cora,ClassBasedStratification,9,1,GAT,108,1000,0.8763837638376384
Cora,ClassBasedStratification,9,1,GAT,109,1000,0.8708487084870848
Cora,ClassBasedStratification,9,1,SAGE,100,1000,0.8745387453874539
Cora,ClassBasedStratification,9,1,SAGE,101,1000,0.8837638376383764
Cora,ClassBasedStratification,9,1,SAGE,102,1000,0.8819188191881919
Cora,ClassBasedStratification,9,1,SAGE,103,1000,0.8819188191881919
Cora,ClassBasedStratification,9,1,SAGE,104,1000,0.8800738007380073
Cora,ClassBasedStratification,9,1,SAGE,105,1000,0.8856088560885609
Cora,ClassBasedStratification,9,1,SAGE,106,1000,0.8690036900369004
Cora,ClassBasedStratification,9,1,SAGE,107,1000,0.8708487084870848
Cora,ClassBasedStratification,9,1,SAGE,108,1000,0.8690036900369004
Cora,ClassBasedStratification,9,1,SAGE,109,1000,0.8874538745387454
Cora,ClassBasedStratification,9,1,MixHop,100,1000,0.8892988929889298
Cora,ClassBasedStratification,9,1,MixHop,101,1000,0.8892988929889298
Cora,ClassBasedStratification,9,1,MixHop,102,1000,0.8800738007380073
Cora,ClassBasedStratification,9,1,MixHop,103,1000,0.8782287822878229
Cora,ClassBasedStratification,9,1,MixHop,104,1000,0.8819188191881919
Cora,ClassBasedStratification,9,1,MixHop,105,1000,0.8911439114391144
Cora,ClassBasedStratification,9,1,MixHop,106,1000,0.8874538745387454
Cora,ClassBasedStratification,9,1,MixHop,107,1000,0.8874538745387454
Cora,ClassBasedStratification,9,1,MixHop,108,1000,0.8911439114391144
Cora,ClassBasedStratification,9,1,MixHop,109,1000,0.8892988929889298
Cora,ClassBasedStratification,9,2,MLP,100,1000,0.7269372693726938
Cora,ClassBasedStratification,9,2,MLP,101,1000,0.7177121771217713
Cora,ClassBasedStratification,9,2,MLP,102,1000,0.7177121771217713
Cora,ClassBasedStratification,9,2,MLP,103,1000,0.7195571955719557
Cora,ClassBasedStratification,9,2,MLP,104,1000,0.7287822878228782
Cora,ClassBasedStratification,9,2,MLP,105,1000,0.7250922509225092
Cora,ClassBasedStratification,9,2,MLP,106,1000,0.7306273062730627
Cora,ClassBasedStratification,9,2,MLP,107,1000,0.7453874538745388
Cora,ClassBasedStratification,9,2,MLP,108,1000,0.7214022140221402
Cora,ClassBasedStratification,9,2,MLP,109,1000,0.7472324723247232
Cora,ClassBasedStratification,9,2,GCN,100,1000,0.8782287822878229
Cora,ClassBasedStratification,9,2,GCN,101,1000,0.8782287822878229
Cora,ClassBasedStratification,9,2,GCN,102,1000,0.8837638376383764
Cora,ClassBasedStratification,9,2,GCN,103,1000,0.8837638376383764
Cora,ClassBasedStratification,9,2,GCN,104,1000,0.8763837638376384
Cora,ClassBasedStratification,9,2,GCN,105,1000,0.8726937269372693
Cora,ClassBasedStratification,9,2,GCN,106,1000,0.8763837638376384
Cora,ClassBasedStratification,9,2,GCN,107,1000,0.8837638376383764
Cora,ClassBasedStratification,9,2,GCN,108,1000,0.8782287822878229
Cora,ClassBasedStratification,9,2,GCN,109,1000,0.8782287822878229
Cora,ClassBasedStratification,9,2,GAT,100,1000,0.8929889298892989
Cora,ClassBasedStratification,9,2,GAT,101,1000,0.8929889298892989
Cora,ClassBasedStratification,9,2,GAT,102,1000,0.8892988929889298
Cora,ClassBasedStratification,9,2,GAT,103,1000,0.8874538745387454
Cora,ClassBasedStratification,9,2,GAT,104,1000,0.8911439114391144
Cora,ClassBasedStratification,9,2,GAT,105,1000,0.8966789667896679
Cora,ClassBasedStratification,9,2,GAT,106,1000,0.8874538745387454
Cora,ClassBasedStratification,9,2,GAT,107,1000,0.8819188191881919
Cora,ClassBasedStratification,9,2,GAT,108,1000,0.9003690036900369
Cora,ClassBasedStratification,9,2,GAT,109,1000,0.911439114391144
Cora,ClassBasedStratification,9,2,SAGE,100,1000,0.8819188191881919
Cora,ClassBasedStratification,9,2,SAGE,101,1000,0.8800738007380073
Cora,ClassBasedStratification,9,2,SAGE,102,1000,0.8911439114391144
Cora,ClassBasedStratification,9,2,SAGE,103,1000,0.8874538745387454
Cora,ClassBasedStratification,9,2,SAGE,104,1000,0.8763837638376384
Cora,ClassBasedStratification,9,2,SAGE,105,1000,0.8763837638376384
Cora,ClassBasedStratification,9,2,SAGE,106,1000,0.8929889298892989
Cora,ClassBasedStratification,9,2,SAGE,107,1000,0.8892988929889298
Cora,ClassBasedStratification,9,2,SAGE,108,1000,0.8892988929889298
Cora,ClassBasedStratification,9,2,SAGE,109,1000,0.8929889298892989
Cora,ClassBasedStratification,9,2,MixHop,100,1000,0.8856088560885609
Cora,ClassBasedStratification,9,2,MixHop,101,1000,0.8856088560885609
Cora,ClassBasedStratification,9,2,MixHop,102,1000,0.8892988929889298
Cora,ClassBasedStratification,9,2,MixHop,103,1000,0.8800738007380073
Cora,ClassBasedStratification,9,2,MixHop,104,1000,0.8763837638376384
Cora,ClassBasedStratification,9,2,MixHop,105,1000,0.8948339483394834
Cora,ClassBasedStratification,9,2,MixHop,106,1000,0.8929889298892989
Cora,ClassBasedStratification,9,2,MixHop,107,1000,0.8819188191881919
Cora,ClassBasedStratification,9,2,MixHop,108,1000,0.8911439114391144
Cora,ClassBasedStratification,9,2,MixHop,109,1000,0.8856088560885609
Cora,ClassBasedStratification,9,3,MLP,100,1000,0.7453874538745388
Cora,ClassBasedStratification,9,3,MLP,101,1000,0.7527675276752768
Cora,ClassBasedStratification,9,3,MLP,102,1000,0.7656826568265682
Cora,ClassBasedStratification,9,3,MLP,103,1000,0.7509225092250923
Cora,ClassBasedStratification,9,3,MLP,104,1000,0.7583025830258303
Cora,ClassBasedStratification,9,3,MLP,105,1000,0.7416974169741697
Cora,ClassBasedStratification,9,3,MLP,106,1000,0.7693726937269373
Cora,ClassBasedStratification,9,3,MLP,107,1000,0.7564575645756457
Cora,ClassBasedStratification,9,3,MLP,108,1000,0.7472324723247232
Cora,ClassBasedStratification,9,3,MLP,109,1000,0.7380073800738007
Cora,ClassBasedStratification,9,3,GCN,100,1000,0.8892988929889298
Cora,ClassBasedStratification,9,3,GCN,101,1000,0.8874538745387454
Cora,ClassBasedStratification,9,3,GCN,102,1000,0.8837638376383764
Cora,ClassBasedStratification,9,3,GCN,103,1000,0.8892988929889298
Cora,ClassBasedStratification,9,3,GCN,104,1000,0.8892988929889298
Cora,ClassBasedStratification,9,3,GCN,105,1000,0.8874538745387454
Cora,ClassBasedStratification,9,3,GCN,106,1000,0.8856088560885609
Cora,ClassBasedStratification,9,3,GCN,107,1000,0.8911439114391144
Cora,ClassBasedStratification,9,3,GCN,108,1000,0.8911439114391144
Cora,ClassBasedStratification,9,3,GCN,109,1000,0.8892988929889298
Cora,ClassBasedStratification,9,3,GAT,100,1000,0.9059040590405903
Cora,ClassBasedStratification,9,3,GAT,101,1000,0.9003690036900369
Cora,ClassBasedStratification,9,3,GAT,102,1000,0.9003690036900369
Cora,ClassBasedStratification,9,3,GAT,103,1000,0.904059040590406
Cora,ClassBasedStratification,9,3,GAT,104,1000,0.904059040590406
Cora,ClassBasedStratification,9,3,GAT,105,1000,0.9003690036900369
Cora,ClassBasedStratification,9,3,GAT,106,1000,0.8985239852398524
Cora,ClassBasedStratification,9,3,GAT,107,1000,0.9077490774907748
Cora,ClassBasedStratification,9,3,GAT,108,1000,0.904059040590406
Cora,ClassBasedStratification,9,3,GAT,109,1000,0.8948339483394834
Cora,ClassBasedStratification,9,3,SAGE,100,1000,0.8856088560885609
Cora,ClassBasedStratification,9,3,SAGE,101,1000,0.9022140221402214
Cora,ClassBasedStratification,9,3,SAGE,102,1000,0.8985239852398524
Cora,ClassBasedStratification,9,3,SAGE,103,1000,0.8966789667896679
Cora,ClassBasedStratification,9,3,SAGE,104,1000,0.8985239852398524
Cora,ClassBasedStratification,9,3,SAGE,105,1000,0.8929889298892989
Cora,ClassBasedStratification,9,3,SAGE,106,1000,0.8966789667896679
Cora,ClassBasedStratification,9,3,SAGE,107,1000,0.911439114391144
Cora,ClassBasedStratification,9,3,SAGE,108,1000,0.9077490774907748
Cora,ClassBasedStratification,9,3,SAGE,109,1000,0.8966789667896679
Cora,ClassBasedStratification,9,3,MixHop,100,1000,0.911439114391144
Cora,ClassBasedStratification,9,3,MixHop,101,1000,0.9077490774907748
Cora,ClassBasedStratification,9,3,MixHop,102,1000,0.9059040590405903
Cora,ClassBasedStratification,9,3,MixHop,103,1000,0.9059040590405903
Cora,ClassBasedStratification,9,3,MixHop,104,1000,0.915129151291513
Cora,ClassBasedStratification,9,3,MixHop,105,1000,0.904059040590406
Cora,ClassBasedStratification,9,3,MixHop,106,1000,0.9169741697416974
Cora,ClassBasedStratification,9,3,MixHop,107,1000,0.9022140221402214
Cora,ClassBasedStratification,9,3,MixHop,108,1000,0.9169741697416974
Cora,ClassBasedStratification,9,3,MixHop,109,1000,0.9132841328413284
Cora,ClassBasedStratification,9,4,MLP,100,1000,0.7523105360443623
Cora,ClassBasedStratification,9,4,MLP,101,1000,0.7393715341959335
Cora,ClassBasedStratification,9,4,MLP,102,1000,0.756007393715342
Cora,ClassBasedStratification,9,4,MLP,103,1000,0.7301293900184843
Cora,ClassBasedStratification,9,4,MLP,104,1000,0.744916820702403
Cora,ClassBasedStratification,9,4,MLP,105,1000,0.7393715341959335
Cora,ClassBasedStratification,9,4,MLP,106,1000,0.744916820702403
Cora,ClassBasedStratification,9,4,MLP,107,1000,0.7393715341959335
Cora,ClassBasedStratification,9,4,MLP,108,1000,0.7467652495378928
Cora,ClassBasedStratification,9,4,MLP,109,1000,0.7523105360443623
Cora,ClassBasedStratification,9,4,GCN,100,1000,0.88909426987061
Cora,ClassBasedStratification,9,4,GCN,101,1000,0.8835489833641405
Cora,ClassBasedStratification,9,4,GCN,102,1000,0.8853974121996303
Cora,ClassBasedStratification,9,4,GCN,103,1000,0.8835489833641405
Cora,ClassBasedStratification,9,4,GCN,104,1000,0.878003696857671
Cora,ClassBasedStratification,9,4,GCN,105,1000,0.8853974121996303
Cora,ClassBasedStratification,9,4,GCN,106,1000,0.8927911275415896
Cora,ClassBasedStratification,9,4,GCN,107,1000,0.8817005545286506
Cora,ClassBasedStratification,9,4,GCN,108,1000,0.8872458410351202
Cora,ClassBasedStratification,9,4,GCN,109,1000,0.8927911275415896
Cora,ClassBasedStratification,9,4,GAT,100,1000,0.8853974121996303
Cora,ClassBasedStratification,9,4,GAT,101,1000,0.8798521256931608
Cora,ClassBasedStratification,9,4,GAT,102,1000,0.8817005545286506
Cora,ClassBasedStratification,9,4,GAT,103,1000,0.8927911275415896
Cora,ClassBasedStratification,9,4,GAT,104,1000,0.8853974121996303
Cora,ClassBasedStratification,9,4,GAT,105,1000,0.8835489833641405
Cora,ClassBasedStratification,9,4,GAT,106,1000,0.8743068391866913
Cora,ClassBasedStratification,9,4,GAT,107,1000,0.878003696857671
Cora,ClassBasedStratification,9,4,GAT,108,1000,0.8835489833641405
Cora,ClassBasedStratification,9,4,GAT,109,1000,0.878003696857671
Cora,ClassBasedStratification,9,4,SAGE,100,1000,0.8946395563770795
Cora,ClassBasedStratification,9,4,SAGE,101,1000,0.8872458410351202
Cora,ClassBasedStratification,9,4,SAGE,102,1000,0.8927911275415896
Cora,ClassBasedStratification,9,4,SAGE,103,1000,0.8853974121996303
Cora,ClassBasedStratification,9,4,SAGE,104,1000,0.8946395563770795
Cora,ClassBasedStratification,9,4,SAGE,105,1000,0.8743068391866913
Cora,ClassBasedStratification,9,4,SAGE,106,1000,0.8946395563770795
Cora,ClassBasedStratification,9,4,SAGE,107,1000,0.8927911275415896
Cora,ClassBasedStratification,9,4,SAGE,108,1000,0.8853974121996303
Cora,ClassBasedStratification,9,4,SAGE,109,1000,0.8946395563770795
Cora,ClassBasedStratification,9,4,MixHop,100,1000,0.9020332717190388
Cora,ClassBasedStratification,9,4,MixHop,101,1000,0.88909426987061
Cora,ClassBasedStratification,9,4,MixHop,102,1000,0.8872458410351202
Cora,ClassBasedStratification,9,4,MixHop,103,1000,0.88909426987061
Cora,ClassBasedStratification,9,4,MixHop,104,1000,0.8964879852125693
Cora,ClassBasedStratification,9,4,MixHop,105,1000,0.8817005545286506
Cora,ClassBasedStratification,9,4,MixHop,106,1000,0.8909426987060998
Cora,ClassBasedStratification,9,4,MixHop,107,1000,0.8964879852125693
Cora,ClassBasedStratification,9,4,MixHop,108,1000,0.8983364140480592
Cora,ClassBasedStratification,9,4,MixHop,109,1000,0.8817005545286506
Cora,ClassBasedStratification,9,5,MLP,100,1000,0.7615526802218114
Cora,ClassBasedStratification,9,5,MLP,101,1000,0.7652495378927912
Cora,ClassBasedStratification,9,5,MLP,102,1000,0.7430683918669131
Cora,ClassBasedStratification,9,5,MLP,103,1000,0.7541589648798521
Cora,ClassBasedStratification,9,5,MLP,104,1000,0.7726432532347505
Cora,ClassBasedStratification,9,5,MLP,105,1000,0.7523105360443623
Cora,ClassBasedStratification,9,5,MLP,106,1000,0.7504621072088724
Cora,ClassBasedStratification,9,5,MLP,107,1000,0.7523105360443623
Cora,ClassBasedStratification,9,5,MLP,108,1000,0.756007393715342
Cora,ClassBasedStratification,9,5,MLP,109,1000,0.7634011090573013
Cora,ClassBasedStratification,9,5,GCN,100,1000,0.8853974121996303
Cora,ClassBasedStratification,9,5,GCN,101,1000,0.8761552680221811
Cora,ClassBasedStratification,9,5,GCN,102,1000,0.8817005545286506
Cora,ClassBasedStratification,9,5,GCN,103,1000,0.878003696857671
Cora,ClassBasedStratification,9,5,GCN,104,1000,0.8798521256931608
Cora,ClassBasedStratification,9,5,GCN,105,1000,0.878003696857671
Cora,ClassBasedStratification,9,5,GCN,106,1000,0.8798521256931608
Cora,ClassBasedStratification,9,5,GCN,107,1000,0.8817005545286506
Cora,ClassBasedStratification,9,5,GCN,108,1000,0.8798521256931608
Cora,ClassBasedStratification,9,5,GCN,109,1000,0.878003696857671
Cora,ClassBasedStratification,9,5,GAT,100,1000,0.8909426987060998
Cora,ClassBasedStratification,9,5,GAT,101,1000,0.8817005545286506
Cora,ClassBasedStratification,9,5,GAT,102,1000,0.8853974121996303
Cora,ClassBasedStratification,9,5,GAT,103,1000,0.88909426987061
Cora,ClassBasedStratification,9,5,GAT,104,1000,0.8872458410351202
Cora,ClassBasedStratification,9,5,GAT,105,1000,0.8946395563770795
Cora,ClassBasedStratification,9,5,GAT,106,1000,0.8798521256931608
Cora,ClassBasedStratification,9,5,GAT,107,1000,0.8872458410351202
Cora,ClassBasedStratification,9,5,GAT,108,1000,0.8853974121996303
Cora,ClassBasedStratification,9,5,GAT,109,1000,0.8872458410351202
Cora,ClassBasedStratification,9,5,SAGE,100,1000,0.8761552680221811
Cora,ClassBasedStratification,9,5,SAGE,101,1000,0.8706099815157117
Cora,ClassBasedStratification,9,5,SAGE,102,1000,0.8798521256931608
Cora,ClassBasedStratification,9,5,SAGE,103,1000,0.8798521256931608
Cora,ClassBasedStratification,9,5,SAGE,104,1000,0.8632162661737524
Cora,ClassBasedStratification,9,5,SAGE,105,1000,0.8761552680221811
Cora,ClassBasedStratification,9,5,SAGE,106,1000,0.8687615526802218
Cora,ClassBasedStratification,9,5,SAGE,107,1000,0.8706099815157117
Cora,ClassBasedStratification,9,5,SAGE,108,1000,0.8798521256931608
Cora,ClassBasedStratification,9,5,SAGE,109,1000,0.8706099815157117
Cora,ClassBasedStratification,9,5,MixHop,100,1000,0.8927911275415896
Cora,ClassBasedStratification,9,5,MixHop,101,1000,0.8853974121996303
Cora,ClassBasedStratification,9,5,MixHop,102,1000,0.8909426987060998
Cora,ClassBasedStratification,9,5,MixHop,103,1000,0.8798521256931608
Cora,ClassBasedStratification,9,5,MixHop,104,1000,0.8798521256931608
Cora,ClassBasedStratification,9,5,MixHop,105,1000,0.8853974121996303
Cora,ClassBasedStratification,9,5,MixHop,106,1000,0.8909426987060998
Cora,ClassBasedStratification,9,5,MixHop,107,1000,0.8946395563770795
Cora,ClassBasedStratification,9,5,MixHop,108,1000,0.8761552680221811
Cora,ClassBasedStratification,9,5,MixHop,109,1000,0.8761552680221811
chameleon,ClassBasedStratification,0,1,MLP,100,1000,0.4824561403508772
chameleon,ClassBasedStratification,0,1,MLP,101,1000,0.4912280701754385
chameleon,ClassBasedStratification,0,1,MLP,102,1000,0.4802631578947368
chameleon,ClassBasedStratification,0,1,MLP,103,1000,0.4824561403508772
chameleon,ClassBasedStratification,0,1,MLP,104,1000,0.4956140350877193
chameleon,ClassBasedStratification,0,1,MLP,105,1000,0.4802631578947368
chameleon,ClassBasedStratification,0,1,MLP,106,1000,0.4978070175438596
chameleon,ClassBasedStratification,0,1,MLP,107,1000,0.4780701754385965
chameleon,ClassBasedStratification,0,1,MLP,108,1000,0.4780701754385965
chameleon,ClassBasedStratification,0,1,MLP,109,1000,0.4912280701754385
chameleon,ClassBasedStratification,0,1,GCN,100,1000,0.3135964912280701
chameleon,ClassBasedStratification,0,1,GCN,101,1000,0.3333333333333333
chameleon,ClassBasedStratification,0,1,GCN,102,1000,0.3092105263157895
chameleon,ClassBasedStratification,0,1,GCN,103,1000,0.3114035087719298
chameleon,ClassBasedStratification,0,1,GCN,104,1000,0.3135964912280701
chameleon,ClassBasedStratification,0,1,GCN,105,1000,0.3135964912280701
chameleon,ClassBasedStratification,0,1,GCN,106,1000,0.3135964912280701
chameleon,ClassBasedStratification,0,1,GCN,107,1000,0.2982456140350877
chameleon,ClassBasedStratification,0,1,GCN,108,1000,0.3179824561403508
chameleon,ClassBasedStratification,0,1,GCN,109,1000,0.3092105263157895
chameleon,ClassBasedStratification,0,1,GAT,100,1000,0.4583333333333333
chameleon,ClassBasedStratification,0,1,GAT,101,1000,0.4692982456140351
chameleon,ClassBasedStratification,0,1,GAT,102,1000,0.4517543859649123
chameleon,ClassBasedStratification,0,1,GAT,103,1000,0.4583333333333333
chameleon,ClassBasedStratification,0,1,GAT,104,1000,0.4561403508771929
chameleon,ClassBasedStratification,0,1,GAT,105,1000,0.4583333333333333
chameleon,ClassBasedStratification,0,1,GAT,106,1000,0.4539473684210526
chameleon,ClassBasedStratification,0,1,GAT,107,1000,0.4451754385964912
chameleon,ClassBasedStratification,0,1,GAT,108,1000,0.4605263157894737
chameleon,ClassBasedStratification,0,1,GAT,109,1000,0.4649122807017544
chameleon,ClassBasedStratification,0,1,SAGE,100,1000,0.5285087719298246
chameleon,ClassBasedStratification,0,1,SAGE,101,1000,0.5219298245614035
chameleon,ClassBasedStratification,0,1,SAGE,102,1000,0.5482456140350878
chameleon,ClassBasedStratification,0,1,SAGE,103,1000,0.5175438596491229
chameleon,ClassBasedStratification,0,1,SAGE,104,1000,0.5416666666666666
chameleon,ClassBasedStratification,0,1,SAGE,105,1000,0.5307017543859649
chameleon,ClassBasedStratification,0,1,SAGE,106,1000,0.5285087719298246
chameleon,ClassBasedStratification,0,1,SAGE,107,1000,0.5219298245614035
chameleon,ClassBasedStratification,0,1,SAGE,108,1000,0.5460526315789473
chameleon,ClassBasedStratification,0,1,SAGE,109,1000,0.5263157894736842
chameleon,ClassBasedStratification,0,1,MixHop,100,1000,0.5350877192982456
chameleon,ClassBasedStratification,0,1,MixHop,101,1000,0.5175438596491229
chameleon,ClassBasedStratification,0,1,MixHop,102,1000,0.5219298245614035
chameleon,ClassBasedStratification,0,1,MixHop,103,1000,0.5109649122807017
chameleon,ClassBasedStratification,0,1,MixHop,104,1000,0.5307017543859649
chameleon,ClassBasedStratification,0,1,MixHop,105,1000,0.5241228070175439
chameleon,ClassBasedStratification,0,1,MixHop,106,1000,0.5131578947368421
chameleon,ClassBasedStratification,0,1,MixHop,107,1000,0.5153508771929824
chameleon,ClassBasedStratification,0,1,MixHop,108,1000,0.5131578947368421
chameleon,ClassBasedStratification,0,1,MixHop,109,1000,0.5043859649122807
chameleon,ClassBasedStratification,0,2,MLP,100,1000,0.4714912280701754
chameleon,ClassBasedStratification,0,2,MLP,101,1000,0.4824561403508772
chameleon,ClassBasedStratification,0,2,MLP,102,1000,0.462719298245614
chameleon,ClassBasedStratification,0,2,MLP,103,1000,0.4868421052631579
chameleon,ClassBasedStratification,0,2,MLP,104,1000,0.4846491228070175
chameleon,ClassBasedStratification,0,2,MLP,105,1000,0.4583333333333333
chameleon,ClassBasedStratification,0,2,MLP,106,1000,0.4956140350877193
chameleon,ClassBasedStratification,0,2,MLP,107,1000,0.4758771929824561
chameleon,ClassBasedStratification,0,2,MLP,108,1000,0.4539473684210526
chameleon,ClassBasedStratification,0,2,MLP,109,1000,0.4780701754385965
chameleon,ClassBasedStratification,0,2,GCN,100,1000,0.3092105263157895
chameleon,ClassBasedStratification,0,2,GCN,101,1000,0.3114035087719298
chameleon,ClassBasedStratification,0,2,GCN,102,1000,0.3245614035087719
chameleon,ClassBasedStratification,0,2,GCN,103,1000,0.2850877192982456
chameleon,ClassBasedStratification,0,2,GCN,104,1000,0.3135964912280701
chameleon,ClassBasedStratification,0,2,GCN,105,1000,0.3245614035087719
chameleon,ClassBasedStratification,0,2,GCN,106,1000,0.3026315789473684
chameleon,ClassBasedStratification,0,2,GCN,107,1000,0.3135964912280701
chameleon,ClassBasedStratification,0,2,GCN,108,1000,0.3157894736842105
chameleon,ClassBasedStratification,0,2,GCN,109,1000,0.3179824561403508
chameleon,ClassBasedStratification,0,2,GAT,100,1000,0.4429824561403508
chameleon,ClassBasedStratification,0,2,GAT,101,1000,0.4539473684210526
chameleon,ClassBasedStratification,0,2,GAT,102,1000,0.4473684210526316
chameleon,ClassBasedStratification,0,2,GAT,103,1000,0.4495614035087719
chameleon,ClassBasedStratification,0,2,GAT,104,1000,0.462719298245614
chameleon,ClassBasedStratification,0,2,GAT,105,1000,0.4561403508771929
chameleon,ClassBasedStratification,0,2,GAT,106,1000,0.4495614035087719
chameleon,ClassBasedStratification,0,2,GAT,107,1000,0.4824561403508772
chameleon,ClassBasedStratification,0,2,GAT,108,1000,0.4385964912280701
chameleon,ClassBasedStratification,0,2,GAT,109,1000,0.4583333333333333
chameleon,ClassBasedStratification,0,2,SAGE,100,1000,0.5394736842105263
chameleon,ClassBasedStratification,0,2,SAGE,101,1000,0.5614035087719298
chameleon,ClassBasedStratification,0,2,SAGE,102,1000,0.5526315789473685
chameleon,ClassBasedStratification,0,2,SAGE,103,1000,0.5548245614035088
chameleon,ClassBasedStratification,0,2,SAGE,104,1000,0.5504385964912281
chameleon,ClassBasedStratification,0,2,SAGE,105,1000,0.5416666666666666
chameleon,ClassBasedStratification,0,2,SAGE,106,1000,0.5482456140350878
chameleon,ClassBasedStratification,0,2,SAGE,107,1000,0.5592105263157895
chameleon,ClassBasedStratification,0,2,SAGE,108,1000,0.5504385964912281
chameleon,ClassBasedStratification,0,2,SAGE,109,1000,0.5570175438596491
chameleon,ClassBasedStratification,0,2,MixHop,100,1000,0.5482456140350878
chameleon,ClassBasedStratification,0,2,MixHop,101,1000,0.5328947368421053
chameleon,ClassBasedStratification,0,2,MixHop,102,1000,0.5350877192982456
chameleon,ClassBasedStratification,0,2,MixHop,103,1000,0.5548245614035088
chameleon,ClassBasedStratification,0,2,MixHop,104,1000,0.5219298245614035
chameleon,ClassBasedStratification,0,2,MixHop,105,1000,0.5635964912280702
chameleon,ClassBasedStratification,0,2,MixHop,106,1000,0.5197368421052632
chameleon,ClassBasedStratification,0,2,MixHop,107,1000,0.5241228070175439
chameleon,ClassBasedStratification,0,2,MixHop,108,1000,0.5372807017543859
chameleon,ClassBasedStratification,0,2,MixHop,109,1000,0.5482456140350878
chameleon,ClassBasedStratification,0,3,MLP,100,1000,0.5032967032967033
chameleon,ClassBasedStratification,0,3,MLP,101,1000,0.5406593406593406
chameleon,ClassBasedStratification,0,3,MLP,102,1000,0.5406593406593406
chameleon,ClassBasedStratification,0,3,MLP,103,1000,0.5274725274725275
chameleon,ClassBasedStratification,0,3,MLP,104,1000,0.5362637362637362
chameleon,ClassBasedStratification,0,3,MLP,105,1000,0.5296703296703297
chameleon,ClassBasedStratification,0,3,MLP,106,1000,0.5472527472527473
chameleon,ClassBasedStratification,0,3,MLP,107,1000,0.5428571428571428
chameleon,ClassBasedStratification,0,3,MLP,108,1000,0.5494505494505495
chameleon,ClassBasedStratification,0,3,MLP,109,1000,0.5428571428571428
chameleon,ClassBasedStratification,0,3,GCN,100,1000,0.2989010989010989
chameleon,ClassBasedStratification,0,3,GCN,101,1000,0.2747252747252747
chameleon,ClassBasedStratification,0,3,GCN,102,1000,0.2835164835164835
chameleon,ClassBasedStratification,0,3,GCN,103,1000,0.3120879120879121
chameleon,ClassBasedStratification,0,3,GCN,104,1000,0.2945054945054945
chameleon,ClassBasedStratification,0,3,GCN,105,1000,0.3032967032967033
chameleon,ClassBasedStratification,0,3,GCN,106,1000,0.3054945054945055
chameleon,ClassBasedStratification,0,3,GCN,107,1000,0.3054945054945055
chameleon,ClassBasedStratification,0,3,GCN,108,1000,0.2967032967032967
chameleon,ClassBasedStratification,0,3,GCN,109,1000,0.2967032967032967
chameleon,ClassBasedStratification,0,3,GAT,100,1000,0.4769230769230769
chameleon,ClassBasedStratification,0,3,GAT,101,1000,0.4879120879120879
chameleon,ClassBasedStratification,0,3,GAT,102,1000,0.4725274725274725
chameleon,ClassBasedStratification,0,3,GAT,103,1000,0.4549450549450549
chameleon,ClassBasedStratification,0,3,GAT,104,1000,0.4637362637362637
chameleon,ClassBasedStratification,0,3,GAT,105,1000,0.4813186813186813
chameleon,ClassBasedStratification,0,3,GAT,106,1000,0.4483516483516483
chameleon,ClassBasedStratification,0,3,GAT,107,1000,0.4945054945054945
chameleon,ClassBasedStratification,0,3,GAT,108,1000,0.4769230769230769
chameleon,ClassBasedStratification,0,3,GAT,109,1000,0.4835164835164835
chameleon,ClassBasedStratification,0,3,SAGE,100,1000,0.5846153846153846
chameleon,ClassBasedStratification,0,3,SAGE,101,1000,0.5956043956043956
chameleon,ClassBasedStratification,0,3,SAGE,102,1000,0.5714285714285714
chameleon,ClassBasedStratification,0,3,SAGE,103,1000,0.6
chameleon,ClassBasedStratification,0,3,SAGE,104,1000,0.578021978021978
chameleon,ClassBasedStratification,0,3,SAGE,105,1000,0.5978021978021978
chameleon,ClassBasedStratification,0,3,SAGE,106,1000,0.589010989010989
chameleon,ClassBasedStratification,0,3,SAGE,107,1000,0.5714285714285714
chameleon,ClassBasedStratification,0,3,SAGE,108,1000,0.6021978021978022
chameleon,ClassBasedStratification,0,3,SAGE,109,1000,0.5956043956043956
chameleon,ClassBasedStratification,0,3,MixHop,100,1000,0.545054945054945
chameleon,ClassBasedStratification,0,3,MixHop,101,1000,0.5560439560439561
chameleon,ClassBasedStratification,0,3,MixHop,102,1000,0.5736263736263736
chameleon,ClassBasedStratification,0,3,MixHop,103,1000,0.5538461538461539
chameleon,ClassBasedStratification,0,3,MixHop,104,1000,0.5538461538461539
chameleon,ClassBasedStratification,0,3,MixHop,105,1000,0.5560439560439561
chameleon,ClassBasedStratification,0,3,MixHop,106,1000,0.5714285714285714
chameleon,ClassBasedStratification,0,3,MixHop,107,1000,0.567032967032967
chameleon,ClassBasedStratification,0,3,MixHop,108,1000,0.567032967032967
chameleon,ClassBasedStratification,0,3,MixHop,109,1000,0.5692307692307692
chameleon,ClassBasedStratification,0,4,MLP,100,1000,0.4637362637362637
chameleon,ClassBasedStratification,0,4,MLP,101,1000,0.4923076923076923
chameleon,ClassBasedStratification,0,4,MLP,102,1000,0.4747252747252747
chameleon,ClassBasedStratification,0,4,MLP,103,1000,0.4791208791208791
chameleon,ClassBasedStratification,0,4,MLP,104,1000,0.4439560439560439
chameleon,ClassBasedStratification,0,4,MLP,105,1000,0.4791208791208791
chameleon,ClassBasedStratification,0,4,MLP,106,1000,0.4747252747252747
chameleon,ClassBasedStratification,0,4,MLP,107,1000,0.4593406593406593
chameleon,ClassBasedStratification,0,4,MLP,108,1000,0.4681318681318681
chameleon,ClassBasedStratification,0,4,MLP,109,1000,0.4813186813186813
chameleon,ClassBasedStratification,0,4,GCN,100,1000,0.3186813186813186
chameleon,ClassBasedStratification,0,4,GCN,101,1000,0.3032967032967033
chameleon,ClassBasedStratification,0,4,GCN,102,1000,0.3098901098901099
chameleon,ClassBasedStratification,0,4,GCN,103,1000,0.2923076923076923
chameleon,ClassBasedStratification,0,4,GCN,104,1000,0.3076923076923077
chameleon,ClassBasedStratification,0,4,GCN,105,1000,0.3010989010989011
chameleon,ClassBasedStratification,0,4,GCN,106,1000,0.3054945054945055
chameleon,ClassBasedStratification,0,4,GCN,107,1000,0.2945054945054945
chameleon,ClassBasedStratification,0,4,GCN,108,1000,0.3164835164835164
chameleon,ClassBasedStratification,0,4,GCN,109,1000,0.3208791208791209
chameleon,ClassBasedStratification,0,4,GAT,100,1000,0.5010989010989011
chameleon,ClassBasedStratification,0,4,GAT,101,1000,0.4835164835164835
chameleon,ClassBasedStratification,0,4,GAT,102,1000,0.4769230769230769
chameleon,ClassBasedStratification,0,4,GAT,103,1000,0.4637362637362637
chameleon,ClassBasedStratification,0,4,GAT,104,1000,0.4681318681318681
chameleon,ClassBasedStratification,0,4,GAT,105,1000,0.5010989010989011
chameleon,ClassBasedStratification,0,4,GAT,106,1000,0.4967032967032967
chameleon,ClassBasedStratification,0,4,GAT,107,1000,0.5054945054945055
chameleon,ClassBasedStratification,0,4,GAT,108,1000,0.4879120879120879
chameleon,ClassBasedStratification,0,4,GAT,109,1000,0.4835164835164835
chameleon,ClassBasedStratification,0,4,SAGE,100,1000,0.5252747252747253
chameleon,ClassBasedStratification,0,4,SAGE,101,1000,0.5538461538461539
chameleon,ClassBasedStratification,0,4,SAGE,102,1000,0.5428571428571428
chameleon,ClassBasedStratification,0,4,SAGE,103,1000,0.5384615384615384
chameleon,ClassBasedStratification,0,4,SAGE,104,1000,0.5318681318681319
chameleon,ClassBasedStratification,0,4,SAGE,105,1000,0.5428571428571428
chameleon,ClassBasedStratification,0,4,SAGE,106,1000,0.5142857142857142
chameleon,ClassBasedStratification,0,4,SAGE,107,1000,0.5406593406593406
chameleon,ClassBasedStratification,0,4,SAGE,108,1000,0.5560439560439561
chameleon,ClassBasedStratification,0,4,SAGE,109,1000,0.5406593406593406
chameleon,ClassBasedStratification,0,4,MixHop,100,1000,0.5274725274725275
chameleon,ClassBasedStratification,0,4,MixHop,101,1000,0.5340659340659341
chameleon,ClassBasedStratification,0,4,MixHop,102,1000,0.5296703296703297
chameleon,ClassBasedStratification,0,4,MixHop,103,1000,0.5384615384615384
chameleon,ClassBasedStratification,0,4,MixHop,104,1000,0.5296703296703297
chameleon,ClassBasedStratification,0,4,MixHop,105,1000,0.5384615384615384
chameleon,ClassBasedStratification,0,4,MixHop,106,1000,0.5362637362637362
chameleon,ClassBasedStratification,0,4,MixHop,107,1000,0.5318681318681319
chameleon,ClassBasedStratification,0,4,MixHop,108,1000,0.5274725274725275
chameleon,ClassBasedStratification,0,4,MixHop,109,1000,0.5384615384615384
chameleon,ClassBasedStratification,0,5,MLP,100,1000,0.4923076923076923
chameleon,ClassBasedStratification,0,5,MLP,101,1000,0.4989010989010989
chameleon,ClassBasedStratification,0,5,MLP,102,1000,0.4593406593406593
chameleon,ClassBasedStratification,0,5,MLP,103,1000,0.4725274725274725
chameleon,ClassBasedStratification,0,5,MLP,104,1000,0.5032967032967033
chameleon,ClassBasedStratification,0,5,MLP,105,1000,0.4967032967032967
chameleon,ClassBasedStratification,0,5,MLP,106,1000,0.4989010989010989
chameleon,ClassBasedStratification,0,5,MLP,107,1000,0.4945054945054945
chameleon,ClassBasedStratification,0,5,MLP,108,1000,0.4901098901098901
chameleon,ClassBasedStratification,0,5,MLP,109,1000,0.4703296703296703
chameleon,ClassBasedStratification,0,5,GCN,100,1000,0.3120879120879121
chameleon,ClassBasedStratification,0,5,GCN,101,1000,0.3274725274725275
chameleon,ClassBasedStratification,0,5,GCN,102,1000,0.3274725274725275
chameleon,ClassBasedStratification,0,5,GCN,103,1000,0.3362637362637363
chameleon,ClassBasedStratification,0,5,GCN,104,1000,0.3252747252747253
chameleon,ClassBasedStratification,0,5,GCN,105,1000,0.3186813186813186
chameleon,ClassBasedStratification,0,5,GCN,106,1000,0.3252747252747253
chameleon,ClassBasedStratification,0,5,GCN,107,1000,0.3142857142857143
chameleon,ClassBasedStratification,0,5,GCN,108,1000,0.3164835164835164
chameleon,ClassBasedStratification,0,5,GCN,109,1000,0.3230769230769231
chameleon,ClassBasedStratification,0,5,GAT,100,1000,0.5098901098901099
chameleon,ClassBasedStratification,0,5,GAT,101,1000,0.5054945054945055
chameleon,ClassBasedStratification,0,5,GAT,102,1000,0.4967032967032967
chameleon,ClassBasedStratification,0,5,GAT,103,1000,0.4945054945054945
chameleon,ClassBasedStratification,0,5,GAT,104,1000,0.4769230769230769
chameleon,ClassBasedStratification,0,5,GAT,105,1000,0.5054945054945055
chameleon,ClassBasedStratification,0,5,GAT,106,1000,0.4857142857142857
chameleon,ClassBasedStratification,0,5,GAT,107,1000,0.5010989010989011
chameleon,ClassBasedStratification,0,5,GAT,108,1000,0.5274725274725275
chameleon,ClassBasedStratification,0,5,GAT,109,1000,0.4923076923076923
chameleon,ClassBasedStratification,0,5,SAGE,100,1000,0.545054945054945
chameleon,ClassBasedStratification,0,5,SAGE,101,1000,0.5208791208791209
chameleon,ClassBasedStratification,0,5,SAGE,102,1000,0.5384615384615384
chameleon,ClassBasedStratification,0,5,SAGE,103,1000,0.5274725274725275
chameleon,ClassBasedStratification,0,5,SAGE,104,1000,0.5340659340659341
chameleon,ClassBasedStratification,0,5,SAGE,105,1000,0.5560439560439561
chameleon,ClassBasedStratification,0,5,SAGE,106,1000,0.5340659340659341
chameleon,ClassBasedStratification,0,5,SAGE,107,1000,0.5538461538461539
chameleon,ClassBasedStratification,0,5,SAGE,108,1000,0.5318681318681319
chameleon,ClassBasedStratification,0,5,SAGE,109,1000,0.5384615384615384
chameleon,ClassBasedStratification,0,5,MixHop,100,1000,0.5340659340659341
chameleon,ClassBasedStratification,0,5,MixHop,101,1000,0.5428571428571428
chameleon,ClassBasedStratification,0,5,MixHop,102,1000,0.5384615384615384
chameleon,ClassBasedStratification,0,5,MixHop,103,1000,0.5230769230769231
chameleon,ClassBasedStratification,0,5,MixHop,104,1000,0.5274725274725275
chameleon,ClassBasedStratification,0,5,MixHop,105,1000,0.5384615384615384
chameleon,ClassBasedStratification,0,5,MixHop,106,1000,0.5472527472527473
chameleon,ClassBasedStratification,0,5,MixHop,107,1000,0.5340659340659341
chameleon,ClassBasedStratification,0,5,MixHop,108,1000,0.5340659340659341
chameleon,ClassBasedStratification,0,5,MixHop,109,1000,0.5340659340659341
chameleon,ClassBasedStratification,1,1,MLP,100,1000,0.4956140350877193
chameleon,ClassBasedStratification,1,1,MLP,101,1000,0.506578947368421
chameleon,ClassBasedStratification,1,1,MLP,102,1000,0.5021929824561403
chameleon,ClassBasedStratification,1,1,MLP,103,1000,0.5043859649122807
chameleon,ClassBasedStratification,1,1,MLP,104,1000,0.4846491228070175
chameleon,ClassBasedStratification,1,1,MLP,105,1000,0.5219298245614035
chameleon,ClassBasedStratification,1,1,MLP,106,1000,0.5350877192982456
chameleon,ClassBasedStratification,1,1,MLP,107,1000,0.506578947368421
chameleon,ClassBasedStratification,1,1,MLP,108,1000,0.5372807017543859
chameleon,ClassBasedStratification,1,1,MLP,109,1000,0.5175438596491229
chameleon,ClassBasedStratification,1,1,GCN,100,1000,0.3048245614035088
chameleon,ClassBasedStratification,1,1,GCN,101,1000,0.3179824561403508
chameleon,ClassBasedStratification,1,1,GCN,102,1000,0.3135964912280701
chameleon,ClassBasedStratification,1,1,GCN,103,1000,0.3157894736842105
chameleon,ClassBasedStratification,1,1,GCN,104,1000,0.3223684210526316
chameleon,ClassBasedStratification,1,1,GCN,105,1000,0.3070175438596491
chameleon,ClassBasedStratification,1,1,GCN,106,1000,0.3289473684210526
chameleon,ClassBasedStratification,1,1,GCN,107,1000,0.3201754385964912
chameleon,ClassBasedStratification,1,1,GCN,108,1000,0.3048245614035088
chameleon,ClassBasedStratification,1,1,GCN,109,1000,0.3048245614035088
chameleon,ClassBasedStratification,1,1,GAT,100,1000,0.4649122807017544
chameleon,ClassBasedStratification,1,1,GAT,101,1000,0.4605263157894737
chameleon,ClassBasedStratification,1,1,GAT,102,1000,0.4671052631578947
chameleon,ClassBasedStratification,1,1,GAT,103,1000,0.4758771929824561
chameleon,ClassBasedStratification,1,1,GAT,104,1000,0.4649122807017544
chameleon,ClassBasedStratification,1,1,GAT,105,1000,0.4671052631578947
chameleon,ClassBasedStratification,1,1,GAT,106,1000,0.5043859649122807
chameleon,ClassBasedStratification,1,1,GAT,107,1000,0.4912280701754385
chameleon,ClassBasedStratification,1,1,GAT,108,1000,0.4473684210526316
chameleon,ClassBasedStratification,1,1,GAT,109,1000,0.4429824561403508
chameleon,ClassBasedStratification,1,1,SAGE,100,1000,0.5833333333333334
chameleon,ClassBasedStratification,1,1,SAGE,101,1000,0.5592105263157895
chameleon,ClassBasedStratification,1,1,SAGE,102,1000,0.5657894736842105
chameleon,ClassBasedStratification,1,1,SAGE,103,1000,0.581140350877193
chameleon,ClassBasedStratification,1,1,SAGE,104,1000,0.5504385964912281
chameleon,ClassBasedStratification,1,1,SAGE,105,1000,0.5723684210526315
chameleon,ClassBasedStratification,1,1,SAGE,106,1000,0.5592105263157895
chameleon,ClassBasedStratification,1,1,SAGE,107,1000,0.5657894736842105
chameleon,ClassBasedStratification,1,1,SAGE,108,1000,0.5570175438596491
chameleon,ClassBasedStratification,1,1,SAGE,109,1000,0.5657894736842105
chameleon,ClassBasedStratification,1,1,MixHop,100,1000,0.5328947368421053
chameleon,ClassBasedStratification,1,1,MixHop,101,1000,0.5372807017543859
chameleon,ClassBasedStratification,1,1,MixHop,102,1000,0.5548245614035088
chameleon,ClassBasedStratification,1,1,MixHop,103,1000,0.5372807017543859
chameleon,ClassBasedStratification,1,1,MixHop,104,1000,0.5526315789473685
chameleon,ClassBasedStratification,1,1,MixHop,105,1000,0.5614035087719298
chameleon,ClassBasedStratification,1,1,MixHop,106,1000,0.5548245614035088
chameleon,ClassBasedStratification,1,1,MixHop,107,1000,0.5416666666666666
chameleon,ClassBasedStratification,1,1,MixHop,108,1000,0.5460526315789473
chameleon,ClassBasedStratification,1,1,MixHop,109,1000,0.5328947368421053
chameleon,ClassBasedStratification,1,2,MLP,100,1000,0.4846491228070175
chameleon,ClassBasedStratification,1,2,MLP,101,1000,0.506578947368421
chameleon,ClassBasedStratification,1,2,MLP,102,1000,0.4824561403508772
chameleon,ClassBasedStratification,1,2,MLP,103,1000,0.4671052631578947
chameleon,ClassBasedStratification,1,2,MLP,104,1000,0.4890350877192982
chameleon,ClassBasedStratification,1,2,MLP,105,1000,0.4978070175438596
chameleon,ClassBasedStratification,1,2,MLP,106,1000,0.4978070175438596
chameleon,ClassBasedStratification,1,2,MLP,107,1000,0.5241228070175439
chameleon,ClassBasedStratification,1,2,MLP,108,1000,0.4978070175438596
chameleon,ClassBasedStratification,1,2,MLP,109,1000,0.4912280701754385
chameleon,ClassBasedStratification,1,2,GCN,100,1000,0.3245614035087719
chameleon,ClassBasedStratification,1,2,GCN,101,1000,0.3070175438596491
chameleon,ClassBasedStratification,1,2,GCN,102,1000,0.3048245614035088
chameleon,ClassBasedStratification,1,2,GCN,103,1000,0.3201754385964912
chameleon,ClassBasedStratification,1,2,GCN,104,1000,0.3157894736842105
chameleon,ClassBasedStratification,1,2,GCN,105,1000,0.3070175438596491
chameleon,ClassBasedStratification,1,2,GCN,106,1000,0.3267543859649123
chameleon,ClassBasedStratification,1,2,GCN,107,1000,0.3048245614035088
chameleon,ClassBasedStratification,1,2,GCN,108,1000,0.3245614035087719
chameleon,ClassBasedStratification,1,2,GCN,109,1000,0.3223684210526316
chameleon,ClassBasedStratification,1,2,GAT,100,1000,0.5
chameleon,ClassBasedStratification,1,2,GAT,101,1000,0.4780701754385965
chameleon,ClassBasedStratification,1,2,GAT,102,1000,0.4758771929824561
chameleon,ClassBasedStratification,1,2,GAT,103,1000,0.4802631578947368
chameleon,ClassBasedStratification,1,2,GAT,104,1000,0.5175438596491229
chameleon,ClassBasedStratification,1,2,GAT,105,1000,0.506578947368421
chameleon,ClassBasedStratification,1,2,GAT,106,1000,0.4890350877192982
chameleon,ClassBasedStratification,1,2,GAT,107,1000,0.5131578947368421
chameleon,ClassBasedStratification,1,2,GAT,108,1000,0.4846491228070175
chameleon,ClassBasedStratification,1,2,GAT,109,1000,0.5
chameleon,ClassBasedStratification,1,2,SAGE,100,1000,0.5855263157894737
chameleon,ClassBasedStratification,1,2,SAGE,101,1000,0.5833333333333334
chameleon,ClassBasedStratification,1,2,SAGE,102,1000,0.5745614035087719
chameleon,ClassBasedStratification,1,2,SAGE,103,1000,0.5899122807017544
chameleon,ClassBasedStratification,1,2,SAGE,104,1000,0.5789473684210527
chameleon,ClassBasedStratification,1,2,SAGE,105,1000,0.5657894736842105
chameleon,ClassBasedStratification,1,2,SAGE,106,1000,0.5877192982456141
chameleon,ClassBasedStratification,1,2,SAGE,107,1000,0.5701754385964912
chameleon,ClassBasedStratification,1,2,SAGE,108,1000,0.5767543859649122
chameleon,ClassBasedStratification,1,2,SAGE,109,1000,0.5833333333333334
chameleon,ClassBasedStratification,1,2,MixHop,100,1000,0.5657894736842105
chameleon,ClassBasedStratification,1,2,MixHop,101,1000,0.5679824561403509
chameleon,ClassBasedStratification,1,2,MixHop,102,1000,0.5723684210526315
chameleon,ClassBasedStratification,1,2,MixHop,103,1000,0.5745614035087719
chameleon,ClassBasedStratification,1,2,MixHop,104,1000,0.5548245614035088
chameleon,ClassBasedStratification,1,2,MixHop,105,1000,0.5570175438596491
chameleon,ClassBasedStratification,1,2,MixHop,106,1000,0.5548245614035088
chameleon,ClassBasedStratification,1,2,MixHop,107,1000,0.5679824561403509
chameleon,ClassBasedStratification,1,2,MixHop,108,1000,0.5592105263157895
chameleon,ClassBasedStratification,1,2,MixHop,109,1000,0.5723684210526315
chameleon,ClassBasedStratification,1,3,MLP,100,1000,0.4659340659340659
chameleon,ClassBasedStratification,1,3,MLP,101,1000,0.5098901098901099
chameleon,ClassBasedStratification,1,3,MLP,102,1000,0.4967032967032967
chameleon,ClassBasedStratification,1,3,MLP,103,1000,0.4923076923076923
chameleon,ClassBasedStratification,1,3,MLP,104,1000,0.4989010989010989
chameleon,ClassBasedStratification,1,3,MLP,105,1000,0.5054945054945055
chameleon,ClassBasedStratification,1,3,MLP,106,1000,0.4967032967032967
chameleon,ClassBasedStratification,1,3,MLP,107,1000,0.5186813186813187
chameleon,ClassBasedStratification,1,3,MLP,108,1000,0.4703296703296703
chameleon,ClassBasedStratification,1,3,MLP,109,1000,0.512087912087912
chameleon,ClassBasedStratification,1,3,GCN,100,1000,0.2923076923076923
chameleon,ClassBasedStratification,1,3,GCN,101,1000,0.3010989010989011
chameleon,ClassBasedStratification,1,3,GCN,102,1000,0.3208791208791209
chameleon,ClassBasedStratification,1,3,GCN,103,1000,0.3164835164835164
chameleon,ClassBasedStratification,1,3,GCN,104,1000,0.3208791208791209
chameleon,ClassBasedStratification,1,3,GCN,105,1000,0.2879120879120879
chameleon,ClassBasedStratification,1,3,GCN,106,1000,0.2989010989010989
chameleon,ClassBasedStratification,1,3,GCN,107,1000,0.2989010989010989
chameleon,ClassBasedStratification,1,3,GCN,108,1000,0.3054945054945055
chameleon,ClassBasedStratification,1,3,GCN,109,1000,0.2835164835164835
chameleon,ClassBasedStratification,1,3,GAT,100,1000,0.4571428571428571
chameleon,ClassBasedStratification,1,3,GAT,101,1000,0.4571428571428571
chameleon,ClassBasedStratification,1,3,GAT,102,1000,0.4835164835164835
chameleon,ClassBasedStratification,1,3,GAT,103,1000,0.4747252747252747
chameleon,ClassBasedStratification,1,3,GAT,104,1000,0.4681318681318681
chameleon,ClassBasedStratification,1,3,GAT,105,1000,0.4923076923076923
chameleon,ClassBasedStratification,1,3,GAT,106,1000,0.4725274725274725
chameleon,ClassBasedStratification,1,3,GAT,107,1000,0.4791208791208791
chameleon,ClassBasedStratification,1,3,GAT,108,1000,0.4879120879120879
chameleon,ClassBasedStratification,1,3,GAT,109,1000,0.4637362637362637
chameleon,ClassBasedStratification,1,3,SAGE,100,1000,0.5538461538461539
chameleon,ClassBasedStratification,1,3,SAGE,101,1000,0.5956043956043956
chameleon,ClassBasedStratification,1,3,SAGE,102,1000,0.5516483516483517
chameleon,ClassBasedStratification,1,3,SAGE,103,1000,0.5648351648351648
chameleon,ClassBasedStratification,1,3,SAGE,104,1000,0.5582417582417583
chameleon,ClassBasedStratification,1,3,SAGE,105,1000,0.5626373626373626
chameleon,ClassBasedStratification,1,3,SAGE,106,1000,0.5626373626373626
chameleon,ClassBasedStratification,1,3,SAGE,107,1000,0.5538461538461539
chameleon,ClassBasedStratification,1,3,SAGE,108,1000,0.5692307692307692
chameleon,ClassBasedStratification,1,3,SAGE,109,1000,0.5626373626373626
chameleon,ClassBasedStratification,1,3,MixHop,100,1000,0.5472527472527473
chameleon,ClassBasedStratification,1,3,MixHop,101,1000,0.5428571428571428
chameleon,ClassBasedStratification,1,3,MixHop,102,1000,0.5538461538461539
chameleon,ClassBasedStratification,1,3,MixHop,103,1000,0.5538461538461539
chameleon,ClassBasedStratification,1,3,MixHop,104,1000,0.5472527472527473
chameleon,ClassBasedStratification,1,3,MixHop,105,1000,0.5604395604395604
chameleon,ClassBasedStratification,1,3,MixHop,106,1000,0.5758241758241758
chameleon,ClassBasedStratification,1,3,MixHop,107,1000,0.5340659340659341
chameleon,ClassBasedStratification,1,3,MixHop,108,1000,0.5428571428571428
chameleon,ClassBasedStratification,1,3,MixHop,109,1000,0.5516483516483517
chameleon,ClassBasedStratification,1,4,MLP,100,1000,0.512087912087912
chameleon,ClassBasedStratification,1,4,MLP,101,1000,0.5208791208791209
chameleon,ClassBasedStratification,1,4,MLP,102,1000,0.4945054945054945
chameleon,ClassBasedStratification,1,4,MLP,103,1000,0.4945054945054945
chameleon,ClassBasedStratification,1,4,MLP,104,1000,0.5098901098901099
chameleon,ClassBasedStratification,1,4,MLP,105,1000,0.4989010989010989
chameleon,ClassBasedStratification,1,4,MLP,106,1000,0.5208791208791209
chameleon,ClassBasedStratification,1,4,MLP,107,1000,0.5142857142857142
chameleon,ClassBasedStratification,1,4,MLP,108,1000,0.5010989010989011
chameleon,ClassBasedStratification,1,4,MLP,109,1000,0.4989010989010989
chameleon,ClassBasedStratification,1,4,GCN,100,1000,0.3472527472527472
chameleon,ClassBasedStratification,1,4,GCN,101,1000,0.3296703296703296
chameleon,ClassBasedStratification,1,4,GCN,102,1000,0.3472527472527472
chameleon,ClassBasedStratification,1,4,GCN,103,1000,0.3472527472527472
chameleon,ClassBasedStratification,1,4,GCN,104,1000,0.3230769230769231
chameleon,ClassBasedStratification,1,4,GCN,105,1000,0.3428571428571428
chameleon,ClassBasedStratification,1,4,GCN,106,1000,0.3428571428571428
chameleon,ClassBasedStratification,1,4,GCN,107,1000,0.3208791208791209
chameleon,ClassBasedStratification,1,4,GCN,108,1000,0.3318681318681318
chameleon,ClassBasedStratification,1,4,GCN,109,1000,0.3472527472527472
chameleon,ClassBasedStratification,1,4,GAT,100,1000,0.4549450549450549
chameleon,ClassBasedStratification,1,4,GAT,101,1000,0.4857142857142857
chameleon,ClassBasedStratification,1,4,GAT,102,1000,0.5010989010989011
chameleon,ClassBasedStratification,1,4,GAT,103,1000,0.4703296703296703
chameleon,ClassBasedStratification,1,4,GAT,104,1000,0.4901098901098901
chameleon,ClassBasedStratification,1,4,GAT,105,1000,0.5142857142857142
chameleon,ClassBasedStratification,1,4,GAT,106,1000,0.4703296703296703
chameleon,ClassBasedStratification,1,4,GAT,107,1000,0.4901098901098901
chameleon,ClassBasedStratification,1,4,GAT,108,1000,0.4901098901098901
chameleon,ClassBasedStratification,1,4,GAT,109,1000,0.4901098901098901
chameleon,ClassBasedStratification,1,4,SAGE,100,1000,0.5494505494505495
chameleon,ClassBasedStratification,1,4,SAGE,101,1000,0.5560439560439561
chameleon,ClassBasedStratification,1,4,SAGE,102,1000,0.5406593406593406
chameleon,ClassBasedStratification,1,4,SAGE,103,1000,0.5384615384615384
chameleon,ClassBasedStratification,1,4,SAGE,104,1000,0.5516483516483517
chameleon,ClassBasedStratification,1,4,SAGE,105,1000,0.5538461538461539
chameleon,ClassBasedStratification,1,4,SAGE,106,1000,0.545054945054945
chameleon,ClassBasedStratification,1,4,SAGE,107,1000,0.5472527472527473
chameleon,ClassBasedStratification,1,4,SAGE,108,1000,0.5560439560439561
chameleon,ClassBasedStratification,1,4,SAGE,109,1000,0.5516483516483517
chameleon,ClassBasedStratification,1,4,MixHop,100,1000,0.5692307692307692
chameleon,ClassBasedStratification,1,4,MixHop,101,1000,0.5428571428571428
chameleon,ClassBasedStratification,1,4,MixHop,102,1000,0.5582417582417583
chameleon,ClassBasedStratification,1,4,MixHop,103,1000,0.5406593406593406
chameleon,ClassBasedStratification,1,4,MixHop,104,1000,0.5604395604395604
chameleon,ClassBasedStratification,1,4,MixHop,105,1000,0.545054945054945
chameleon,ClassBasedStratification,1,4,MixHop,106,1000,0.5406593406593406
chameleon,ClassBasedStratification,1,4,MixHop,107,1000,0.5516483516483517
chameleon,ClassBasedStratification,1,4,MixHop,108,1000,0.5472527472527473
chameleon,ClassBasedStratification,1,4,MixHop,109,1000,0.5648351648351648
chameleon,ClassBasedStratification,1,5,MLP,100,1000,0.4769230769230769
chameleon,ClassBasedStratification,1,5,MLP,101,1000,0.4945054945054945
chameleon,ClassBasedStratification,1,5,MLP,102,1000,0.4901098901098901
chameleon,ClassBasedStratification,1,5,MLP,103,1000,0.5054945054945055
chameleon,ClassBasedStratification,1,5,MLP,104,1000,0.4681318681318681
chameleon,ClassBasedStratification,1,5,MLP,105,1000,0.4857142857142857
chameleon,ClassBasedStratification,1,5,MLP,106,1000,0.4879120879120879
chameleon,ClassBasedStratification,1,5,MLP,107,1000,0.4725274725274725
chameleon,ClassBasedStratification,1,5,MLP,108,1000,0.4747252747252747
chameleon,ClassBasedStratification,1,5,MLP,109,1000,0.4857142857142857
chameleon,ClassBasedStratification,1,5,GCN,100,1000,0.2989010989010989
chameleon,ClassBasedStratification,1,5,GCN,101,1000,0.2945054945054945
chameleon,ClassBasedStratification,1,5,GCN,102,1000,0.3032967032967033
chameleon,ClassBasedStratification,1,5,GCN,103,1000,0.2923076923076923
chameleon,ClassBasedStratification,1,5,GCN,104,1000,0.3032967032967033
chameleon,ClassBasedStratification,1,5,GCN,105,1000,0.2989010989010989
chameleon,ClassBasedStratification,1,5,GCN,106,1000,0.2901098901098901
chameleon,ClassBasedStratification,1,5,GCN,107,1000,0.2967032967032967
chameleon,ClassBasedStratification,1,5,GCN,108,1000,0.2901098901098901
chameleon,ClassBasedStratification,1,5,GCN,109,1000,0.2989010989010989
chameleon,ClassBasedStratification,1,5,GAT,100,1000,0.4549450549450549
chameleon,ClassBasedStratification,1,5,GAT,101,1000,0.4703296703296703
chameleon,ClassBasedStratification,1,5,GAT,102,1000,0.4571428571428571
chameleon,ClassBasedStratification,1,5,GAT,103,1000,0.4571428571428571
chameleon,ClassBasedStratification,1,5,GAT,104,1000,0.4549450549450549
chameleon,ClassBasedStratification,1,5,GAT,105,1000,0.4483516483516483
chameleon,ClassBasedStratification,1,5,GAT,106,1000,0.4505494505494505
chameleon,ClassBasedStratification,1,5,GAT,107,1000,0.4483516483516483
chameleon,ClassBasedStratification,1,5,GAT,108,1000,0.4417582417582417
chameleon,ClassBasedStratification,1,5,GAT,109,1000,0.4593406593406593
chameleon,ClassBasedStratification,1,5,SAGE,100,1000,0.5406593406593406
chameleon,ClassBasedStratification,1,5,SAGE,101,1000,0.5428571428571428
chameleon,ClassBasedStratification,1,5,SAGE,102,1000,0.512087912087912
chameleon,ClassBasedStratification,1,5,SAGE,103,1000,0.5406593406593406
chameleon,ClassBasedStratification,1,5,SAGE,104,1000,0.5186813186813187
chameleon,ClassBasedStratification,1,5,SAGE,105,1000,0.5098901098901099
chameleon,ClassBasedStratification,1,5,SAGE,106,1000,0.5362637362637362
chameleon,ClassBasedStratification,1,5,SAGE,107,1000,0.5296703296703297
chameleon,ClassBasedStratification,1,5,SAGE,108,1000,0.5340659340659341
chameleon,ClassBasedStratification,1,5,SAGE,109,1000,0.5076923076923077
chameleon,ClassBasedStratification,1,5,MixHop,100,1000,0.5208791208791209
chameleon,ClassBasedStratification,1,5,MixHop,101,1000,0.5252747252747253
chameleon,ClassBasedStratification,1,5,MixHop,102,1000,0.5076923076923077
chameleon,ClassBasedStratification,1,5,MixHop,103,1000,0.5076923076923077
chameleon,ClassBasedStratification,1,5,MixHop,104,1000,0.5054945054945055
chameleon,ClassBasedStratification,1,5,MixHop,105,1000,0.5186813186813187
chameleon,ClassBasedStratification,1,5,MixHop,106,1000,0.512087912087912
chameleon,ClassBasedStratification,1,5,MixHop,107,1000,0.512087912087912
chameleon,ClassBasedStratification,1,5,MixHop,108,1000,0.5252747252747253
chameleon,ClassBasedStratification,1,5,MixHop,109,1000,0.4901098901098901
chameleon,ClassBasedStratification,2,1,MLP,100,1000,0.5416666666666666
chameleon,ClassBasedStratification,2,1,MLP,103,1000,0.5197368421052632
chameleon,ClassBasedStratification,2,1,MLP,101,1000,0.5175438596491229
chameleon,ClassBasedStratification,2,1,MLP,104,1000,0.5153508771929824
chameleon,ClassBasedStratification,2,1,MLP,102,1000,0.5504385964912281
chameleon,ClassBasedStratification,2,1,MLP,105,1000,0.5307017543859649
chameleon,ClassBasedStratification,2,1,MLP,106,1000,0.5285087719298246
chameleon,ClassBasedStratification,2,1,MLP,108,1000,0.5285087719298246
chameleon,ClassBasedStratification,2,1,MLP,107,1000,0.5
chameleon,ClassBasedStratification,2,1,MLP,109,1000,0.5416666666666666
chameleon,ClassBasedStratification,2,1,GCN,100,1000,0.3289473684210526
chameleon,ClassBasedStratification,2,1,GCN,101,1000,0.3311403508771929
chameleon,ClassBasedStratification,2,1,GCN,102,1000,0.3179824561403508
chameleon,ClassBasedStratification,2,1,GCN,104,1000,0.3245614035087719
chameleon,ClassBasedStratification,2,1,GCN,105,1000,0.3267543859649123
chameleon,ClassBasedStratification,2,1,GCN,103,1000,0.3508771929824561
chameleon,ClassBasedStratification,2,1,GCN,106,1000,0.3289473684210526
chameleon,ClassBasedStratification,2,1,GCN,107,1000,0.3179824561403508
chameleon,ClassBasedStratification,2,1,GCN,108,1000,0.3092105263157895
chameleon,ClassBasedStratification,2,1,GCN,109,1000,0.3026315789473684
chameleon,ClassBasedStratification,2,1,GAT,100,1000,0.4539473684210526
chameleon,ClassBasedStratification,2,1,GAT,101,1000,0.462719298245614
chameleon,ClassBasedStratification,2,1,GAT,102,1000,0.4692982456140351
chameleon,ClassBasedStratification,2,1,GAT,103,1000,0.462719298245614
chameleon,ClassBasedStratification,2,1,GAT,104,1000,0.4407894736842105
chameleon,ClassBasedStratification,2,1,GAT,105,1000,0.462719298245614
chameleon,ClassBasedStratification,2,1,GAT,106,1000,0.4407894736842105
chameleon,ClassBasedStratification,2,1,GAT,107,1000,0.4736842105263157
chameleon,ClassBasedStratification,2,1,GAT,108,1000,0.4692982456140351
chameleon,ClassBasedStratification,2,1,GAT,109,1000,0.4451754385964912
chameleon,ClassBasedStratification,2,1,SAGE,100,1000,0.5526315789473685
chameleon,ClassBasedStratification,2,1,SAGE,101,1000,0.5614035087719298
chameleon,ClassBasedStratification,2,1,SAGE,102,1000,0.5548245614035088
chameleon,ClassBasedStratification,2,1,SAGE,103,1000,0.5701754385964912
chameleon,ClassBasedStratification,2,1,SAGE,104,1000,0.5855263157894737
chameleon,ClassBasedStratification,2,1,SAGE,105,1000,0.581140350877193
chameleon,ClassBasedStratification,2,1,SAGE,106,1000,0.5679824561403509
chameleon,ClassBasedStratification,2,1,SAGE,107,1000,0.5789473684210527
chameleon,ClassBasedStratification,2,1,SAGE,108,1000,0.5482456140350878
chameleon,ClassBasedStratification,2,1,SAGE,109,1000,0.5592105263157895
chameleon,ClassBasedStratification,2,1,MixHop,100,1000,0.5307017543859649
chameleon,ClassBasedStratification,2,1,MixHop,101,1000,0.5087719298245614
chameleon,ClassBasedStratification,2,1,MixHop,102,1000,0.5416666666666666
chameleon,ClassBasedStratification,2,1,MixHop,103,1000,0.5219298245614035
chameleon,ClassBasedStratification,2,1,MixHop,104,1000,0.5614035087719298
chameleon,ClassBasedStratification,2,2,MLP,100,1000,0.462719298245614
chameleon,ClassBasedStratification,2,2,MLP,101,1000,0.4824561403508772
chameleon,ClassBasedStratification,2,1,MixHop,105,1000,0.5372807017543859
chameleon,ClassBasedStratification,2,2,MLP,102,1000,0.4846491228070175
chameleon,ClassBasedStratification,2,2,MLP,103,1000,0.4934210526315789
chameleon,ClassBasedStratification,2,2,MLP,104,1000,0.4824561403508772
chameleon,ClassBasedStratification,2,2,MLP,105,1000,0.4714912280701754
chameleon,ClassBasedStratification,2,2,MLP,106,1000,0.4605263157894737
chameleon,ClassBasedStratification,2,2,MLP,107,1000,0.4824561403508772
chameleon,ClassBasedStratification,2,2,MLP,108,1000,0.506578947368421
chameleon,ClassBasedStratification,2,2,MLP,109,1000,0.4605263157894737
chameleon,ClassBasedStratification,2,2,GCN,100,1000,0.3267543859649123
chameleon,ClassBasedStratification,2,2,GCN,101,1000,0.3245614035087719
chameleon,ClassBasedStratification,2,2,GCN,102,1000,0.3245614035087719
chameleon,ClassBasedStratification,2,2,GCN,103,1000,0.3355263157894737
chameleon,ClassBasedStratification,2,2,GCN,104,1000,0.337719298245614
chameleon,ClassBasedStratification,2,2,GCN,105,1000,0.3179824561403508
chameleon,ClassBasedStratification,2,2,GCN,106,1000,0.3311403508771929
chameleon,ClassBasedStratification,2,2,GCN,107,1000,0.3245614035087719
chameleon,ClassBasedStratification,2,2,GCN,108,1000,0.3333333333333333
chameleon,ClassBasedStratification,2,2,GCN,109,1000,0.3289473684210526
chameleon,ClassBasedStratification,2,2,GAT,100,1000,0.4714912280701754
chameleon,ClassBasedStratification,2,2,GAT,101,1000,0.4912280701754385
chameleon,ClassBasedStratification,2,2,GAT,102,1000,0.4692982456140351
chameleon,ClassBasedStratification,2,2,GAT,103,1000,0.4583333333333333
chameleon,ClassBasedStratification,2,2,GAT,104,1000,0.4561403508771929
chameleon,ClassBasedStratification,2,2,GAT,105,1000,0.4824561403508772
chameleon,ClassBasedStratification,2,2,GAT,106,1000,0.4692982456140351
chameleon,ClassBasedStratification,2,2,GAT,107,1000,0.4912280701754385
chameleon,ClassBasedStratification,2,1,MixHop,106,1000,0.5504385964912281
chameleon,ClassBasedStratification,2,1,MixHop,107,1000,0.543859649122807
chameleon,ClassBasedStratification,2,2,GAT,108,1000,0.4780701754385965
chameleon,ClassBasedStratification,2,2,GAT,109,1000,0.4868421052631579
chameleon,ClassBasedStratification,2,1,MixHop,108,1000,0.5416666666666666
chameleon,ClassBasedStratification,2,1,MixHop,109,1000,0.5416666666666666
chameleon,ClassBasedStratification,2,2,SAGE,100,1000,0.5372807017543859
chameleon,ClassBasedStratification,2,2,SAGE,101,1000,0.5175438596491229
chameleon,ClassBasedStratification,2,2,SAGE,102,1000,0.5175438596491229
chameleon,ClassBasedStratification,2,2,SAGE,103,1000,0.5307017543859649
chameleon,ClassBasedStratification,2,2,SAGE,104,1000,0.5197368421052632
chameleon,ClassBasedStratification,2,2,SAGE,105,1000,0.5285087719298246
chameleon,ClassBasedStratification,2,2,SAGE,106,1000,0.5263157894736842
chameleon,ClassBasedStratification,2,2,SAGE,107,1000,0.5219298245614035
chameleon,ClassBasedStratification,2,2,SAGE,108,1000,0.5416666666666666
chameleon,ClassBasedStratification,2,2,SAGE,109,1000,0.5372807017543859
chameleon,ClassBasedStratification,2,2,MixHop,100,1000,0.5394736842105263
chameleon,ClassBasedStratification,2,2,MixHop,101,1000,0.5504385964912281
chameleon,ClassBasedStratification,2,2,MixHop,102,1000,0.5526315789473685
chameleon,ClassBasedStratification,2,2,MixHop,103,1000,0.5328947368421053
chameleon,ClassBasedStratification,2,2,MixHop,104,1000,0.5372807017543859
chameleon,ClassBasedStratification,2,3,MLP,100,1000,0.4835164835164835
chameleon,ClassBasedStratification,2,2,MixHop,105,1000,0.5482456140350878
chameleon,ClassBasedStratification,2,3,MLP,101,1000,0.4835164835164835
chameleon,ClassBasedStratification,2,3,MLP,102,1000,0.4813186813186813
chameleon,ClassBasedStratification,2,3,MLP,103,1000,0.4615384615384615
chameleon,ClassBasedStratification,2,3,MLP,104,1000,0.4835164835164835
chameleon,ClassBasedStratification,2,3,MLP,105,1000,0.5076923076923077
chameleon,ClassBasedStratification,2,3,MLP,106,1000,0.4769230769230769
chameleon,ClassBasedStratification,2,3,MLP,107,1000,0.4791208791208791
chameleon,ClassBasedStratification,2,3,MLP,108,1000,0.4813186813186813
chameleon,ClassBasedStratification,2,3,MLP,109,1000,0.4901098901098901
chameleon,ClassBasedStratification,2,3,GCN,100,1000,0.2967032967032967
chameleon,ClassBasedStratification,2,3,GCN,101,1000,0.2923076923076923
chameleon,ClassBasedStratification,2,3,GCN,102,1000,0.2945054945054945
chameleon,ClassBasedStratification,2,3,GCN,103,1000,0.3120879120879121
chameleon,ClassBasedStratification,2,3,GCN,104,1000,0.3120879120879121
chameleon,ClassBasedStratification,2,3,GCN,105,1000,0.2967032967032967
chameleon,ClassBasedStratification,2,3,GCN,106,1000,0.2989010989010989
chameleon,ClassBasedStratification,2,3,GCN,107,1000,0.3098901098901099
chameleon,ClassBasedStratification,2,3,GCN,108,1000,0.2945054945054945
chameleon,ClassBasedStratification,2,3,GCN,109,1000,0.2967032967032967
chameleon,ClassBasedStratification,2,3,GAT,100,1000,0.4571428571428571
chameleon,ClassBasedStratification,2,3,GAT,101,1000,0.4593406593406593
chameleon,ClassBasedStratification,2,3,GAT,102,1000,0.4549450549450549
chameleon,ClassBasedStratification,2,3,GAT,103,1000,0.4681318681318681
chameleon,ClassBasedStratification,2,3,GAT,104,1000,0.4769230769230769
chameleon,ClassBasedStratification,2,3,GAT,105,1000,0.4791208791208791
chameleon,ClassBasedStratification,2,3,GAT,107,1000,0.4747252747252747
chameleon,ClassBasedStratification,2,3,GAT,106,1000,0.4791208791208791
chameleon,ClassBasedStratification,2,3,GAT,108,1000,0.4791208791208791
chameleon,ClassBasedStratification,2,3,GAT,109,1000,0.4857142857142857
chameleon,ClassBasedStratification,2,2,MixHop,106,1000,0.5263157894736842
chameleon,ClassBasedStratification,2,2,MixHop,107,1000,0.543859649122807
chameleon,ClassBasedStratification,2,2,MixHop,108,1000,0.5416666666666666
chameleon,ClassBasedStratification,2,2,MixHop,109,1000,0.5350877192982456
chameleon,ClassBasedStratification,2,3,SAGE,100,1000,0.5516483516483517
chameleon,ClassBasedStratification,2,3,SAGE,101,1000,0.5406593406593406
chameleon,ClassBasedStratification,2,3,SAGE,102,1000,0.5362637362637362
chameleon,ClassBasedStratification,2,3,SAGE,103,1000,0.5428571428571428
chameleon,ClassBasedStratification,2,3,SAGE,104,1000,0.545054945054945
chameleon,ClassBasedStratification,2,3,SAGE,105,1000,0.5428571428571428
chameleon,ClassBasedStratification,2,3,SAGE,106,1000,0.5494505494505495
chameleon,ClassBasedStratification,2,3,SAGE,107,1000,0.5516483516483517
chameleon,ClassBasedStratification,2,3,SAGE,108,1000,0.5362637362637362
chameleon,ClassBasedStratification,2,3,SAGE,109,1000,0.5494505494505495
chameleon,ClassBasedStratification,2,3,MixHop,100,1000,0.5494505494505495
chameleon,ClassBasedStratification,2,3,MixHop,101,1000,0.5384615384615384
chameleon,ClassBasedStratification,2,3,MixHop,102,1000,0.5758241758241758
chameleon,ClassBasedStratification,2,3,MixHop,103,1000,0.5406593406593406
chameleon,ClassBasedStratification,2,3,MixHop,104,1000,0.5428571428571428
chameleon,ClassBasedStratification,2,3,MixHop,105,1000,0.5538461538461539
chameleon,ClassBasedStratification,2,4,MLP,100,1000,0.512087912087912
chameleon,ClassBasedStratification,2,4,MLP,102,1000,0.4879120879120879
chameleon,ClassBasedStratification,2,4,MLP,101,1000,0.5032967032967033
chameleon,ClassBasedStratification,2,4,MLP,103,1000,0.4835164835164835
chameleon,ClassBasedStratification,2,4,MLP,104,1000,0.5076923076923077
chameleon,ClassBasedStratification,2,4,MLP,105,1000,0.4835164835164835
chameleon,ClassBasedStratification,2,4,MLP,106,1000,0.4923076923076923
chameleon,ClassBasedStratification,2,4,MLP,107,1000,0.4967032967032967
chameleon,ClassBasedStratification,2,4,MLP,108,1000,0.5274725274725275
chameleon,ClassBasedStratification,2,4,MLP,109,1000,0.512087912087912
chameleon,ClassBasedStratification,2,4,GCN,100,1000,0.2791208791208791
chameleon,ClassBasedStratification,2,4,GCN,101,1000,0.3010989010989011
chameleon,ClassBasedStratification,2,4,GCN,102,1000,0.2989010989010989
chameleon,ClassBasedStratification,2,4,GCN,103,1000,0.2901098901098901
chameleon,ClassBasedStratification,2,4,GCN,104,1000,0.3032967032967033
chameleon,ClassBasedStratification,2,4,GCN,105,1000,0.2857142857142857
chameleon,ClassBasedStratification,2,4,GCN,106,1000,0.3032967032967033
chameleon,ClassBasedStratification,2,4,GCN,107,1000,0.2989010989010989
chameleon,ClassBasedStratification,2,4,GCN,108,1000,0.2967032967032967
chameleon,ClassBasedStratification,2,4,GCN,109,1000,0.3054945054945055
chameleon,ClassBasedStratification,2,4,GAT,100,1000,0.4505494505494505
chameleon,ClassBasedStratification,2,4,GAT,101,1000,0.4703296703296703
chameleon,ClassBasedStratification,2,4,GAT,102,1000,0.4725274725274725
chameleon,ClassBasedStratification,2,4,GAT,103,1000,0.4747252747252747
chameleon,ClassBasedStratification,2,4,GAT,104,1000,0.4659340659340659
chameleon,ClassBasedStratification,2,4,GAT,105,1000,0.5032967032967033
chameleon,ClassBasedStratification,2,4,GAT,106,1000,0.4967032967032967
chameleon,ClassBasedStratification,2,4,GAT,107,1000,0.4681318681318681
chameleon,ClassBasedStratification,2,3,MixHop,106,1000,0.5406593406593406
chameleon,ClassBasedStratification,2,3,MixHop,107,1000,0.5604395604395604
chameleon,ClassBasedStratification,2,4,GAT,109,1000,0.4989010989010989
chameleon,ClassBasedStratification,2,4,GAT,108,1000,0.4923076923076923
chameleon,ClassBasedStratification,2,3,MixHop,108,1000,0.5516483516483517
chameleon,ClassBasedStratification,2,3,MixHop,109,1000,0.5472527472527473
chameleon,ClassBasedStratification,2,4,SAGE,100,1000,0.5252747252747253
chameleon,ClassBasedStratification,2,4,SAGE,101,1000,0.5472527472527473
chameleon,ClassBasedStratification,2,4,SAGE,102,1000,0.512087912087912
chameleon,ClassBasedStratification,2,4,SAGE,103,1000,0.5186813186813187
chameleon,ClassBasedStratification,2,4,SAGE,104,1000,0.5362637362637362
chameleon,ClassBasedStratification,2,4,SAGE,105,1000,0.512087912087912
chameleon,ClassBasedStratification,2,4,SAGE,106,1000,0.5252747252747253
chameleon,ClassBasedStratification,2,4,SAGE,107,1000,0.5208791208791209
chameleon,ClassBasedStratification,2,4,SAGE,108,1000,0.5186813186813187
chameleon,ClassBasedStratification,2,4,SAGE,109,1000,0.5274725274725275
chameleon,ClassBasedStratification,2,4,MixHop,100,1000,0.5142857142857142
chameleon,ClassBasedStratification,2,4,MixHop,101,1000,0.5428571428571428
chameleon,ClassBasedStratification,2,4,MixHop,102,1000,0.5098901098901099
chameleon,ClassBasedStratification,2,4,MixHop,103,1000,0.5098901098901099
chameleon,ClassBasedStratification,2,4,MixHop,104,1000,0.5098901098901099
chameleon,ClassBasedStratification,2,4,MixHop,105,1000,0.5494505494505495
chameleon,ClassBasedStratification,2,5,MLP,100,1000,0.4989010989010989
chameleon,ClassBasedStratification,2,5,MLP,101,1000,0.4901098901098901
chameleon,ClassBasedStratification,2,5,MLP,102,1000,0.4791208791208791
chameleon,ClassBasedStratification,2,5,MLP,103,1000,0.4923076923076923
chameleon,ClassBasedStratification,2,5,MLP,104,1000,0.4703296703296703
chameleon,ClassBasedStratification,2,5,MLP,105,1000,0.4659340659340659
chameleon,ClassBasedStratification,2,5,MLP,106,1000,0.4857142857142857
chameleon,ClassBasedStratification,2,5,MLP,108,1000,0.4615384615384615
chameleon,ClassBasedStratification,2,5,MLP,107,1000,0.4857142857142857
chameleon,ClassBasedStratification,2,5,MLP,109,1000,0.4659340659340659
chameleon,ClassBasedStratification,2,5,GCN,100,1000,0.2901098901098901
chameleon,ClassBasedStratification,2,5,GCN,101,1000,0.2945054945054945
chameleon,ClassBasedStratification,2,5,GCN,102,1000,0.3054945054945055
chameleon,ClassBasedStratification,2,5,GCN,103,1000,0.2967032967032967
chameleon,ClassBasedStratification,2,5,GCN,104,1000,0.2989010989010989
chameleon,ClassBasedStratification,2,5,GCN,105,1000,0.2879120879120879
chameleon,ClassBasedStratification,2,5,GCN,106,1000,0.2967032967032967
chameleon,ClassBasedStratification,2,5,GCN,107,1000,0.2901098901098901
chameleon,ClassBasedStratification,2,5,GCN,108,1000,0.2989010989010989
chameleon,ClassBasedStratification,2,5,GCN,109,1000,0.3032967032967033
chameleon,ClassBasedStratification,2,5,GAT,100,1000,0.4549450549450549
chameleon,ClassBasedStratification,2,5,GAT,101,1000,0.4747252747252747
chameleon,ClassBasedStratification,2,5,GAT,102,1000,0.4681318681318681
chameleon,ClassBasedStratification,2,5,GAT,103,1000,0.4659340659340659
chameleon,ClassBasedStratification,2,5,GAT,104,1000,0.4637362637362637
chameleon,ClassBasedStratification,2,5,GAT,105,1000,0.4791208791208791
chameleon,ClassBasedStratification,2,5,GAT,106,1000,0.4615384615384615
chameleon,ClassBasedStratification,2,5,GAT,107,1000,0.4989010989010989
chameleon,ClassBasedStratification,2,4,MixHop,106,1000,0.5318681318681319
chameleon,ClassBasedStratification,2,4,MixHop,107,1000,0.5164835164835165
chameleon,ClassBasedStratification,2,5,GAT,108,1000,0.4879120879120879
chameleon,ClassBasedStratification,2,5,GAT,109,1000,0.4769230769230769
chameleon,ClassBasedStratification,2,4,MixHop,108,1000,0.5384615384615384
chameleon,ClassBasedStratification,2,4,MixHop,109,1000,0.5406593406593406
chameleon,ClassBasedStratification,2,5,SAGE,100,1000,0.5472527472527473
chameleon,ClassBasedStratification,2,5,SAGE,101,1000,0.5362637362637362
chameleon,ClassBasedStratification,2,5,SAGE,102,1000,0.5692307692307692
chameleon,ClassBasedStratification,2,5,SAGE,103,1000,0.5428571428571428
chameleon,ClassBasedStratification,2,5,SAGE,104,1000,0.545054945054945
chameleon,ClassBasedStratification,2,5,SAGE,105,1000,0.5472527472527473
chameleon,ClassBasedStratification,2,5,SAGE,106,1000,0.5582417582417583
chameleon,ClassBasedStratification,2,5,SAGE,107,1000,0.5648351648351648
chameleon,ClassBasedStratification,2,5,SAGE,108,1000,0.5560439560439561
chameleon,ClassBasedStratification,2,5,SAGE,109,1000,0.545054945054945
chameleon,ClassBasedStratification,2,5,MixHop,100,1000,0.5384615384615384
chameleon,ClassBasedStratification,2,5,MixHop,101,1000,0.5538461538461539
chameleon,ClassBasedStratification,2,5,MixHop,102,1000,0.5296703296703297
chameleon,ClassBasedStratification,2,5,MixHop,103,1000,0.5494505494505495
chameleon,ClassBasedStratification,2,5,MixHop,104,1000,0.5340659340659341
chameleon,ClassBasedStratification,2,5,MixHop,105,1000,0.5230769230769231
chameleon,ClassBasedStratification,2,5,MixHop,106,1000,0.5494505494505495
chameleon,ClassBasedStratification,2,5,MixHop,107,1000,0.5472527472527473
chameleon,ClassBasedStratification,2,5,MixHop,108,1000,0.5230769230769231
chameleon,ClassBasedStratification,2,5,MixHop,109,1000,0.5406593406593406
chameleon,ClassBasedStratification,3,1,MLP,103,1000,0.4802631578947368
chameleon,ClassBasedStratification,3,1,MLP,104,1000,0.4846491228070175
chameleon,ClassBasedStratification,3,1,MLP,105,1000,0.4714912280701754
chameleon,ClassBasedStratification,3,1,MLP,102,1000,0.4956140350877193
chameleon,ClassBasedStratification,3,1,MLP,101,1000,0.4671052631578947
chameleon,ClassBasedStratification,3,1,MLP,100,1000,0.4824561403508772
chameleon,ClassBasedStratification,3,1,MLP,107,1000,0.5
chameleon,ClassBasedStratification,3,1,MLP,108,1000,0.4912280701754385
chameleon,ClassBasedStratification,3,1,MLP,106,1000,0.506578947368421
chameleon,ClassBasedStratification,3,1,MLP,109,1000,0.4780701754385965
chameleon,ClassBasedStratification,3,1,GCN,100,1000,0.3179824561403508
chameleon,ClassBasedStratification,3,1,GCN,101,1000,0.3333333333333333
chameleon,ClassBasedStratification,3,1,GCN,102,1000,0.3201754385964912
chameleon,ClassBasedStratification,3,1,GCN,103,1000,0.3092105263157895
chameleon,ClassBasedStratification,3,1,GCN,104,1000,0.3114035087719298
chameleon,ClassBasedStratification,3,1,GCN,105,1000,0.3245614035087719
chameleon,ClassBasedStratification,3,1,GCN,106,1000,0.3157894736842105
chameleon,ClassBasedStratification,3,1,GCN,107,1000,0.3114035087719298
chameleon,ClassBasedStratification,3,1,GCN,108,1000,0.3157894736842105
chameleon,ClassBasedStratification,3,1,GCN,109,1000,0.3267543859649123
chameleon,ClassBasedStratification,3,1,GAT,100,1000,0.4758771929824561
chameleon,ClassBasedStratification,3,1,GAT,101,1000,0.4802631578947368
chameleon,ClassBasedStratification,3,1,GAT,102,1000,0.4846491228070175
chameleon,ClassBasedStratification,3,1,GAT,103,1000,0.4671052631578947
chameleon,ClassBasedStratification,3,1,GAT,104,1000,0.4692982456140351
chameleon,ClassBasedStratification,3,1,GAT,105,1000,0.4934210526315789
chameleon,ClassBasedStratification,3,1,GAT,106,1000,0.4736842105263157
chameleon,ClassBasedStratification,3,1,GAT,107,1000,0.5
chameleon,ClassBasedStratification,3,1,GAT,108,1000,0.4802631578947368
chameleon,ClassBasedStratification,3,1,GAT,109,1000,0.4868421052631579
chameleon,ClassBasedStratification,3,1,SAGE,100,1000,0.5789473684210527
chameleon,ClassBasedStratification,3,1,SAGE,101,1000,0.5767543859649122
chameleon,ClassBasedStratification,3,1,SAGE,103,1000,0.5679824561403509
chameleon,ClassBasedStratification,3,1,SAGE,102,1000,0.581140350877193
chameleon,ClassBasedStratification,3,1,SAGE,104,1000,0.5745614035087719
chameleon,ClassBasedStratification,3,1,SAGE,105,1000,0.5635964912280702
chameleon,ClassBasedStratification,3,1,SAGE,106,1000,0.5701754385964912
chameleon,ClassBasedStratification,3,1,SAGE,107,1000,0.5657894736842105
chameleon,ClassBasedStratification,3,1,SAGE,108,1000,0.5701754385964912
chameleon,ClassBasedStratification,3,1,SAGE,109,1000,0.5723684210526315
chameleon,ClassBasedStratification,3,1,MixHop,100,1000,0.5482456140350878
chameleon,ClassBasedStratification,3,1,MixHop,101,1000,0.5548245614035088
chameleon,ClassBasedStratification,3,1,MixHop,102,1000,0.5285087719298246
chameleon,ClassBasedStratification,3,1,MixHop,103,1000,0.5307017543859649
chameleon,ClassBasedStratification,3,1,MixHop,104,1000,0.5394736842105263
chameleon,ClassBasedStratification,3,2,MLP,100,1000,0.4868421052631579
chameleon,ClassBasedStratification,3,1,MixHop,105,1000,0.5504385964912281
chameleon,ClassBasedStratification,3,2,MLP,101,1000,0.4802631578947368
chameleon,ClassBasedStratification,3,2,MLP,102,1000,0.4714912280701754
chameleon,ClassBasedStratification,3,2,MLP,103,1000,0.4671052631578947
chameleon,ClassBasedStratification,3,2,MLP,104,1000,0.4736842105263157
chameleon,ClassBasedStratification,3,2,MLP,105,1000,0.4802631578947368
chameleon,ClassBasedStratification,3,2,MLP,106,1000,0.5
chameleon,ClassBasedStratification,3,2,MLP,107,1000,0.4649122807017544
chameleon,ClassBasedStratification,3,2,MLP,108,1000,0.4934210526315789
chameleon,ClassBasedStratification,3,2,MLP,109,1000,0.4692982456140351
chameleon,ClassBasedStratification,3,2,GCN,100,1000,0.3114035087719298
chameleon,ClassBasedStratification,3,2,GCN,101,1000,0.3157894736842105
chameleon,ClassBasedStratification,3,2,GCN,102,1000,0.3201754385964912
chameleon,ClassBasedStratification,3,2,GCN,103,1000,0.3114035087719298
chameleon,ClassBasedStratification,3,2,GCN,104,1000,0.3114035087719298
chameleon,ClassBasedStratification,3,2,GCN,105,1000,0.3157894736842105
chameleon,ClassBasedStratification,3,2,GCN,106,1000,0.293859649122807
chameleon,ClassBasedStratification,3,2,GCN,107,1000,0.3070175438596491
chameleon,ClassBasedStratification,3,2,GCN,108,1000,0.3070175438596491
chameleon,ClassBasedStratification,3,2,GCN,109,1000,0.3048245614035088
chameleon,ClassBasedStratification,3,2,GAT,100,1000,0.4517543859649123
chameleon,ClassBasedStratification,3,2,GAT,101,1000,0.462719298245614
chameleon,ClassBasedStratification,3,2,GAT,102,1000,0.462719298245614
chameleon,ClassBasedStratification,3,2,GAT,103,1000,0.4561403508771929
chameleon,ClassBasedStratification,3,2,GAT,105,1000,0.4934210526315789
chameleon,ClassBasedStratification,3,2,GAT,104,1000,0.4473684210526316
chameleon,ClassBasedStratification,3,1,MixHop,106,1000,0.5526315789473685
chameleon,ClassBasedStratification,3,1,MixHop,107,1000,0.5570175438596491
chameleon,ClassBasedStratification,3,2,GAT,106,1000,0.4714912280701754
chameleon,ClassBasedStratification,3,2,GAT,107,1000,0.4692982456140351
chameleon,ClassBasedStratification,3,2,GAT,108,1000,0.462719298245614
chameleon,ClassBasedStratification,3,2,GAT,109,1000,0.4473684210526316
chameleon,ClassBasedStratification,3,1,MixHop,108,1000,0.5570175438596491
chameleon,ClassBasedStratification,3,1,MixHop,109,1000,0.5614035087719298
chameleon,ClassBasedStratification,3,2,SAGE,100,1000,0.5328947368421053
chameleon,ClassBasedStratification,3,2,SAGE,101,1000,0.5263157894736842
chameleon,ClassBasedStratification,3,2,SAGE,102,1000,0.5219298245614035
chameleon,ClassBasedStratification,3,2,SAGE,103,1000,0.5482456140350878
chameleon,ClassBasedStratification,3,2,SAGE,104,1000,0.5372807017543859
chameleon,ClassBasedStratification,3,2,SAGE,105,1000,0.5350877192982456
chameleon,ClassBasedStratification,3,2,SAGE,106,1000,0.5482456140350878
chameleon,ClassBasedStratification,3,2,SAGE,107,1000,0.5328947368421053
chameleon,ClassBasedStratification,3,2,SAGE,108,1000,0.5394736842105263
chameleon,ClassBasedStratification,3,2,SAGE,109,1000,0.5504385964912281
chameleon,ClassBasedStratification,3,2,MixHop,100,1000,0.5197368421052632
chameleon,ClassBasedStratification,3,2,MixHop,101,1000,0.5241228070175439
chameleon,ClassBasedStratification,3,2,MixHop,102,1000,0.5219298245614035
chameleon,ClassBasedStratification,3,2,MixHop,103,1000,0.5153508771929824
chameleon,ClassBasedStratification,3,2,MixHop,104,1000,0.5263157894736842
chameleon,ClassBasedStratification,3,3,MLP,100,1000,0.4945054945054945
chameleon,ClassBasedStratification,3,2,MixHop,105,1000,0.5153508771929824
chameleon,ClassBasedStratification,3,3,MLP,101,1000,0.5098901098901099
chameleon,ClassBasedStratification,3,3,MLP,102,1000,0.4857142857142857
chameleon,ClassBasedStratification,3,3,MLP,103,1000,0.5054945054945055
chameleon,ClassBasedStratification,3,3,MLP,104,1000,0.5186813186813187
chameleon,ClassBasedStratification,3,3,MLP,105,1000,0.4923076923076923
chameleon,ClassBasedStratification,3,3,MLP,106,1000,0.4879120879120879
chameleon,ClassBasedStratification,3,3,MLP,107,1000,0.5010989010989011
chameleon,ClassBasedStratification,3,3,MLP,108,1000,0.5076923076923077
chameleon,ClassBasedStratification,3,3,MLP,109,1000,0.5010989010989011
chameleon,ClassBasedStratification,3,3,GCN,101,1000,0.3186813186813186
chameleon,ClassBasedStratification,3,3,GCN,100,1000,0.3010989010989011
chameleon,ClassBasedStratification,3,3,GCN,102,1000,0.3164835164835164
chameleon,ClassBasedStratification,3,3,GCN,103,1000,0.3230769230769231
chameleon,ClassBasedStratification,3,3,GCN,104,1000,0.3252747252747253
chameleon,ClassBasedStratification,3,3,GCN,105,1000,0.3230769230769231
chameleon,ClassBasedStratification,3,3,GCN,106,1000,0.3142857142857143
chameleon,ClassBasedStratification,3,3,GCN,107,1000,0.334065934065934
chameleon,ClassBasedStratification,3,3,GCN,108,1000,0.3032967032967033
chameleon,ClassBasedStratification,3,3,GCN,109,1000,0.3054945054945055
chameleon,ClassBasedStratification,3,3,GAT,100,1000,0.4967032967032967
chameleon,ClassBasedStratification,3,3,GAT,101,1000,0.4857142857142857
chameleon,ClassBasedStratification,3,3,GAT,102,1000,0.4637362637362637
chameleon,ClassBasedStratification,3,3,GAT,103,1000,0.4923076923076923
chameleon,ClassBasedStratification,3,3,GAT,104,1000,0.4989010989010989
chameleon,ClassBasedStratification,3,3,GAT,105,1000,0.5076923076923077
chameleon,ClassBasedStratification,3,3,GAT,106,1000,0.4857142857142857
chameleon,ClassBasedStratification,3,3,GAT,107,1000,0.5098901098901099
chameleon,ClassBasedStratification,3,2,MixHop,106,1000,0.5263157894736842
chameleon,ClassBasedStratification,3,2,MixHop,107,1000,0.5504385964912281
chameleon,ClassBasedStratification,3,3,GAT,108,1000,0.5054945054945055
chameleon,ClassBasedStratification,3,3,GAT,109,1000,0.4835164835164835
chameleon,ClassBasedStratification,3,2,MixHop,108,1000,0.5350877192982456
chameleon,ClassBasedStratification,3,2,MixHop,109,1000,0.5219298245614035
chameleon,ClassBasedStratification,3,3,SAGE,100,1000,0.5406593406593406
chameleon,ClassBasedStratification,3,3,SAGE,101,1000,0.5714285714285714
chameleon,ClassBasedStratification,3,3,SAGE,102,1000,0.567032967032967
chameleon,ClassBasedStratification,3,3,SAGE,103,1000,0.5604395604395604
chameleon,ClassBasedStratification,3,3,SAGE,104,1000,0.5648351648351648
chameleon,ClassBasedStratification,3,3,SAGE,105,1000,0.5604395604395604
chameleon,ClassBasedStratification,3,3,SAGE,106,1000,0.5472527472527473
chameleon,ClassBasedStratification,3,3,SAGE,107,1000,0.5296703296703297
chameleon,ClassBasedStratification,3,3,SAGE,108,1000,0.5428571428571428
chameleon,ClassBasedStratification,3,3,SAGE,109,1000,0.5538461538461539
chameleon,ClassBasedStratification,3,3,MixHop,100,1000,0.5472527472527473
chameleon,ClassBasedStratification,3,3,MixHop,101,1000,0.5208791208791209
chameleon,ClassBasedStratification,3,3,MixHop,102,1000,0.5626373626373626
chameleon,ClassBasedStratification,3,3,MixHop,103,1000,0.5318681318681319
chameleon,ClassBasedStratification,3,3,MixHop,104,1000,0.5516483516483517
chameleon,ClassBasedStratification,3,4,MLP,100,1000,0.5186813186813187
chameleon,ClassBasedStratification,3,4,MLP,101,1000,0.4967032967032967
chameleon,ClassBasedStratification,3,3,MixHop,105,1000,0.5384615384615384
chameleon,ClassBasedStratification,3,4,MLP,102,1000,0.4989010989010989
chameleon,ClassBasedStratification,3,4,MLP,103,1000,0.512087912087912
chameleon,ClassBasedStratification,3,4,MLP,104,1000,0.4923076923076923
chameleon,ClassBasedStratification,3,4,MLP,105,1000,0.5010989010989011
chameleon,ClassBasedStratification,3,4,MLP,106,1000,0.5076923076923077
chameleon,ClassBasedStratification,3,4,MLP,107,1000,0.5032967032967033
chameleon,ClassBasedStratification,3,4,MLP,108,1000,0.5054945054945055
chameleon,ClassBasedStratification,3,4,MLP,109,1000,0.5010989010989011
chameleon,ClassBasedStratification,3,4,GCN,100,1000,0.3230769230769231
chameleon,ClassBasedStratification,3,4,GCN,101,1000,0.334065934065934
chameleon,ClassBasedStratification,3,4,GCN,102,1000,0.3164835164835164
chameleon,ClassBasedStratification,3,4,GCN,103,1000,0.3164835164835164
chameleon,ClassBasedStratification,3,4,GCN,104,1000,0.3252747252747253
chameleon,ClassBasedStratification,3,4,GCN,105,1000,0.3296703296703296
chameleon,ClassBasedStratification,3,4,GCN,106,1000,0.3362637362637363
chameleon,ClassBasedStratification,3,4,GCN,107,1000,0.3296703296703296
chameleon,ClassBasedStratification,3,4,GCN,108,1000,0.334065934065934
chameleon,ClassBasedStratification,3,4,GCN,109,1000,0.345054945054945
chameleon,ClassBasedStratification,3,4,GAT,100,1000,0.4835164835164835
chameleon,ClassBasedStratification,3,4,GAT,101,1000,0.5054945054945055
chameleon,ClassBasedStratification,3,4,GAT,102,1000,0.4857142857142857
chameleon,ClassBasedStratification,3,4,GAT,103,1000,0.4879120879120879
chameleon,ClassBasedStratification,3,4,GAT,104,1000,0.4835164835164835
chameleon,ClassBasedStratification,3,4,GAT,105,1000,0.4967032967032967
chameleon,ClassBasedStratification,3,4,GAT,106,1000,0.4901098901098901
chameleon,ClassBasedStratification,3,4,GAT,107,1000,0.4857142857142857
chameleon,ClassBasedStratification,3,3,MixHop,106,1000,0.5582417582417583
chameleon,ClassBasedStratification,3,3,MixHop,107,1000,0.5318681318681319
chameleon,ClassBasedStratification,3,4,GAT,108,1000,0.4857142857142857
chameleon,ClassBasedStratification,3,4,GAT,109,1000,0.4857142857142857
chameleon,ClassBasedStratification,3,3,MixHop,108,1000,0.5494505494505495
chameleon,ClassBasedStratification,3,3,MixHop,109,1000,0.5406593406593406
chameleon,ClassBasedStratification,3,4,SAGE,100,1000,0.578021978021978
chameleon,ClassBasedStratification,3,4,SAGE,101,1000,0.5692307692307692
chameleon,ClassBasedStratification,3,4,SAGE,102,1000,0.5626373626373626
chameleon,ClassBasedStratification,3,4,SAGE,103,1000,0.5626373626373626
chameleon,ClassBasedStratification,3,4,SAGE,104,1000,0.567032967032967
chameleon,ClassBasedStratification,3,4,SAGE,105,1000,0.5714285714285714
chameleon,ClassBasedStratification,3,4,SAGE,106,1000,0.578021978021978
chameleon,ClassBasedStratification,3,4,SAGE,107,1000,0.5692307692307692
chameleon,ClassBasedStratification,3,4,SAGE,108,1000,0.5582417582417583
chameleon,ClassBasedStratification,3,4,SAGE,109,1000,0.5846153846153846
chameleon,ClassBasedStratification,3,4,MixHop,100,1000,0.5472527472527473
chameleon,ClassBasedStratification,3,4,MixHop,101,1000,0.5472527472527473
chameleon,ClassBasedStratification,3,4,MixHop,102,1000,0.5802197802197803
chameleon,ClassBasedStratification,3,4,MixHop,103,1000,0.5692307692307692
chameleon,ClassBasedStratification,3,4,MixHop,104,1000,0.5648351648351648
chameleon,ClassBasedStratification,3,5,MLP,100,1000,0.4923076923076923
chameleon,ClassBasedStratification,3,5,MLP,101,1000,0.5208791208791209
chameleon,ClassBasedStratification,3,4,MixHop,105,1000,0.5736263736263736
chameleon,ClassBasedStratification,3,5,MLP,102,1000,0.4967032967032967
chameleon,ClassBasedStratification,3,5,MLP,103,1000,0.4967032967032967
chameleon,ClassBasedStratification,3,5,MLP,104,1000,0.5142857142857142
chameleon,ClassBasedStratification,3,5,MLP,105,1000,0.4923076923076923
chameleon,ClassBasedStratification,3,5,MLP,106,1000,0.5010989010989011
chameleon,ClassBasedStratification,3,5,MLP,108,1000,0.4857142857142857
chameleon,ClassBasedStratification,3,5,MLP,107,1000,0.512087912087912
chameleon,ClassBasedStratification,3,5,MLP,109,1000,0.4989010989010989
chameleon,ClassBasedStratification,3,5,GCN,100,1000,0.3208791208791209
chameleon,ClassBasedStratification,3,5,GCN,101,1000,0.3252747252747253
chameleon,ClassBasedStratification,3,5,GCN,102,1000,0.3098901098901099
chameleon,ClassBasedStratification,3,5,GCN,103,1000,0.3142857142857143
chameleon,ClassBasedStratification,3,5,GCN,104,1000,0.3186813186813186
chameleon,ClassBasedStratification,3,5,GCN,105,1000,0.3142857142857143
chameleon,ClassBasedStratification,3,5,GCN,106,1000,0.3032967032967033
chameleon,ClassBasedStratification,3,5,GCN,107,1000,0.3054945054945055
chameleon,ClassBasedStratification,3,5,GCN,108,1000,0.3186813186813186
chameleon,ClassBasedStratification,3,5,GCN,109,1000,0.3318681318681318
chameleon,ClassBasedStratification,3,5,GAT,100,1000,0.4791208791208791
chameleon,ClassBasedStratification,3,5,GAT,101,1000,0.4615384615384615
chameleon,ClassBasedStratification,3,5,GAT,103,1000,0.4659340659340659
chameleon,ClassBasedStratification,3,5,GAT,102,1000,0.4615384615384615
chameleon,ClassBasedStratification,3,5,GAT,104,1000,0.4527472527472527
chameleon,ClassBasedStratification,3,5,GAT,105,1000,0.4901098901098901
chameleon,ClassBasedStratification,3,5,GAT,106,1000,0.4439560439560439
chameleon,ClassBasedStratification,3,4,MixHop,106,1000,0.5494505494505495
chameleon,ClassBasedStratification,3,5,GAT,107,1000,0.4747252747252747
chameleon,ClassBasedStratification,3,4,MixHop,107,1000,0.5736263736263736
chameleon,ClassBasedStratification,3,5,GAT,108,1000,0.4571428571428571
chameleon,ClassBasedStratification,3,5,GAT,109,1000,0.4637362637362637
chameleon,ClassBasedStratification,3,4,MixHop,108,1000,0.5692307692307692
chameleon,ClassBasedStratification,3,4,MixHop,109,1000,0.5692307692307692
chameleon,ClassBasedStratification,3,5,SAGE,100,1000,0.5142857142857142
chameleon,ClassBasedStratification,3,5,SAGE,101,1000,0.5516483516483517
chameleon,ClassBasedStratification,3,5,SAGE,102,1000,0.5472527472527473
chameleon,ClassBasedStratification,3,5,SAGE,103,1000,0.5340659340659341
chameleon,ClassBasedStratification,3,5,SAGE,104,1000,0.5296703296703297
chameleon,ClassBasedStratification,3,5,SAGE,105,1000,0.5164835164835165
chameleon,ClassBasedStratification,3,5,SAGE,106,1000,0.5164835164835165
chameleon,ClassBasedStratification,3,5,SAGE,107,1000,0.5318681318681319
chameleon,ClassBasedStratification,3,5,SAGE,108,1000,0.5274725274725275
chameleon,ClassBasedStratification,3,5,SAGE,109,1000,0.5296703296703297
chameleon,ClassBasedStratification,3,5,MixHop,100,1000,0.5384615384615384
chameleon,ClassBasedStratification,3,5,MixHop,101,1000,0.5296703296703297
chameleon,ClassBasedStratification,3,5,MixHop,102,1000,0.5384615384615384
chameleon,ClassBasedStratification,3,5,MixHop,103,1000,0.5296703296703297
chameleon,ClassBasedStratification,3,5,MixHop,104,1000,0.5384615384615384
chameleon,ClassBasedStratification,3,5,MixHop,105,1000,0.5428571428571428
chameleon,ClassBasedStratification,3,5,MixHop,106,1000,0.5538461538461539
chameleon,ClassBasedStratification,3,5,MixHop,107,1000,0.5516483516483517
chameleon,ClassBasedStratification,3,5,MixHop,108,1000,0.5362637362637362
chameleon,ClassBasedStratification,3,5,MixHop,109,1000,0.5318681318681319
chameleon,ClassBasedStratification,4,1,MLP,103,1000,0.4934210526315789
chameleon,ClassBasedStratification,4,1,MLP,100,1000,0.4824561403508772
chameleon,ClassBasedStratification,4,1,MLP,104,1000,0.4978070175438596
chameleon,ClassBasedStratification,4,1,MLP,101,1000,0.4692982456140351
chameleon,ClassBasedStratification,4,1,MLP,102,1000,0.4956140350877193
chameleon,ClassBasedStratification,4,1,MLP,105,1000,0.4846491228070175
chameleon,ClassBasedStratification,4,1,MLP,107,1000,0.4736842105263157
chameleon,ClassBasedStratification,4,1,MLP,108,1000,0.4714912280701754
chameleon,ClassBasedStratification,4,1,MLP,106,1000,0.4934210526315789
chameleon,ClassBasedStratification,4,1,MLP,109,1000,0.4649122807017544
chameleon,ClassBasedStratification,4,1,GCN,100,1000,0.3092105263157895
chameleon,ClassBasedStratification,4,1,GCN,101,1000,0.3267543859649123
chameleon,ClassBasedStratification,4,1,GCN,102,1000,0.3179824561403508
chameleon,ClassBasedStratification,4,1,GCN,103,1000,0.293859649122807
chameleon,ClassBasedStratification,4,1,GCN,104,1000,0.3092105263157895
chameleon,ClassBasedStratification,4,1,GCN,105,1000,0.3048245614035088
chameleon,ClassBasedStratification,4,1,GCN,106,1000,0.3157894736842105
chameleon,ClassBasedStratification,4,1,GCN,107,1000,0.3223684210526316
chameleon,ClassBasedStratification,4,1,GCN,109,1000,0.3223684210526316
chameleon,ClassBasedStratification,4,1,GCN,108,1000,0.3179824561403508
chameleon,ClassBasedStratification,4,1,GAT,100,1000,0.4714912280701754
chameleon,ClassBasedStratification,4,1,GAT,101,1000,0.4714912280701754
chameleon,ClassBasedStratification,4,1,GAT,102,1000,0.4605263157894737
chameleon,ClassBasedStratification,4,1,GAT,103,1000,0.4473684210526316
chameleon,ClassBasedStratification,4,1,GAT,104,1000,0.4780701754385965
chameleon,ClassBasedStratification,4,1,GAT,105,1000,0.5
chameleon,ClassBasedStratification,4,1,GAT,106,1000,0.4758771929824561
chameleon,ClassBasedStratification,4,1,GAT,107,1000,0.4736842105263157
chameleon,ClassBasedStratification,4,1,GAT,108,1000,0.4758771929824561
chameleon,ClassBasedStratification,4,1,GAT,109,1000,0.4758771929824561
chameleon,ClassBasedStratification,4,1,SAGE,100,1000,0.5263157894736842
chameleon,ClassBasedStratification,4,1,SAGE,101,1000,0.5394736842105263
chameleon,ClassBasedStratification,4,1,SAGE,103,1000,0.5350877192982456
chameleon,ClassBasedStratification,4,1,SAGE,102,1000,0.5219298245614035
chameleon,ClassBasedStratification,4,1,SAGE,104,1000,0.5394736842105263
chameleon,ClassBasedStratification,4,1,SAGE,105,1000,0.5175438596491229
chameleon,ClassBasedStratification,4,1,SAGE,106,1000,0.5219298245614035
chameleon,ClassBasedStratification,4,1,SAGE,107,1000,0.5241228070175439
chameleon,ClassBasedStratification,4,1,SAGE,108,1000,0.5219298245614035
chameleon,ClassBasedStratification,4,1,SAGE,109,1000,0.5131578947368421
chameleon,ClassBasedStratification,4,1,MixHop,101,1000,0.5241228070175439
chameleon,ClassBasedStratification,4,1,MixHop,100,1000,0.5307017543859649
chameleon,ClassBasedStratification,4,1,MixHop,102,1000,0.5131578947368421
chameleon,ClassBasedStratification,4,1,MixHop,103,1000,0.5635964912280702
chameleon,ClassBasedStratification,4,1,MixHop,104,1000,0.5372807017543859
chameleon,ClassBasedStratification,4,1,MixHop,105,1000,0.5460526315789473
chameleon,ClassBasedStratification,4,2,MLP,100,1000,0.5109649122807017
chameleon,ClassBasedStratification,4,2,MLP,101,1000,0.5307017543859649
chameleon,ClassBasedStratification,4,2,MLP,102,1000,0.506578947368421
chameleon,ClassBasedStratification,4,2,MLP,103,1000,0.506578947368421
chameleon,ClassBasedStratification,4,2,MLP,104,1000,0.5241228070175439
chameleon,ClassBasedStratification,4,2,MLP,105,1000,0.5175438596491229
chameleon,ClassBasedStratification,4,2,MLP,106,1000,0.5021929824561403
chameleon,ClassBasedStratification,4,2,MLP,107,1000,0.5
chameleon,ClassBasedStratification,4,2,MLP,108,1000,0.5153508771929824
chameleon,ClassBasedStratification,4,2,MLP,109,1000,0.5131578947368421
chameleon,ClassBasedStratification,4,2,GCN,100,1000,0.3157894736842105
chameleon,ClassBasedStratification,4,2,GCN,101,1000,0.3114035087719298
chameleon,ClassBasedStratification,4,2,GCN,102,1000,0.2982456140350877
chameleon,ClassBasedStratification,4,2,GCN,103,1000,0.2916666666666667
chameleon,ClassBasedStratification,4,2,GCN,104,1000,0.3048245614035088
chameleon,ClassBasedStratification,4,2,GCN,105,1000,0.3092105263157895
chameleon,ClassBasedStratification,4,2,GCN,106,1000,0.2894736842105263
chameleon,ClassBasedStratification,4,2,GCN,107,1000,0.2982456140350877
chameleon,ClassBasedStratification,4,2,GCN,109,1000,0.3092105263157895
chameleon,ClassBasedStratification,4,2,GCN,108,1000,0.3223684210526316
chameleon,ClassBasedStratification,4,2,GAT,100,1000,0.4802631578947368
chameleon,ClassBasedStratification,4,2,GAT,101,1000,0.4956140350877193
chameleon,ClassBasedStratification,4,2,GAT,102,1000,0.4934210526315789
chameleon,ClassBasedStratification,4,2,GAT,103,1000,0.4868421052631579
chameleon,ClassBasedStratification,4,2,GAT,104,1000,0.4649122807017544
chameleon,ClassBasedStratification,4,2,GAT,105,1000,0.4868421052631579
chameleon,ClassBasedStratification,4,1,MixHop,106,1000,0.5285087719298246
chameleon,ClassBasedStratification,4,1,MixHop,107,1000,0.5416666666666666
chameleon,ClassBasedStratification,4,2,GAT,106,1000,0.4824561403508772
chameleon,ClassBasedStratification,4,2,GAT,107,1000,0.4956140350877193
chameleon,ClassBasedStratification,4,2,GAT,108,1000,0.5021929824561403
chameleon,ClassBasedStratification,4,2,GAT,109,1000,0.4934210526315789
chameleon,ClassBasedStratification,4,1,MixHop,109,1000,0.5504385964912281
chameleon,ClassBasedStratification,4,1,MixHop,108,1000,0.543859649122807
chameleon,ClassBasedStratification,4,2,SAGE,100,1000,0.543859649122807
chameleon,ClassBasedStratification,4,2,SAGE,101,1000,0.5635964912280702
chameleon,ClassBasedStratification,4,2,SAGE,102,1000,0.5679824561403509
chameleon,ClassBasedStratification,4,2,SAGE,103,1000,0.543859649122807
chameleon,ClassBasedStratification,4,2,SAGE,104,1000,0.5548245614035088
chameleon,ClassBasedStratification,4,2,SAGE,105,1000,0.5460526315789473
chameleon,ClassBasedStratification,4,2,SAGE,106,1000,0.5635964912280702
chameleon,ClassBasedStratification,4,2,SAGE,107,1000,0.5548245614035088
chameleon,ClassBasedStratification,4,2,SAGE,108,1000,0.5789473684210527
chameleon,ClassBasedStratification,4,2,SAGE,109,1000,0.5723684210526315
chameleon,ClassBasedStratification,4,2,MixHop,101,1000,0.5592105263157895
chameleon,ClassBasedStratification,4,2,MixHop,100,1000,0.5460526315789473
chameleon,ClassBasedStratification,4,2,MixHop,102,1000,0.5285087719298246
chameleon,ClassBasedStratification,4,2,MixHop,103,1000,0.5394736842105263
chameleon,ClassBasedStratification,4,2,MixHop,104,1000,0.5460526315789473
chameleon,ClassBasedStratification,4,3,MLP,100,1000,0.4505494505494505
chameleon,ClassBasedStratification,4,3,MLP,101,1000,0.4637362637362637
chameleon,ClassBasedStratification,4,3,MLP,102,1000,0.4505494505494505
chameleon,ClassBasedStratification,4,2,MixHop,105,1000,0.5657894736842105
chameleon,ClassBasedStratification,4,3,MLP,103,1000,0.4527472527472527
chameleon,ClassBasedStratification,4,3,MLP,104,1000,0.4637362637362637
chameleon,ClassBasedStratification,4,3,MLP,105,1000,0.4637362637362637
chameleon,ClassBasedStratification,4,3,MLP,106,1000,0.4637362637362637
chameleon,ClassBasedStratification,4,3,MLP,107,1000,0.4527472527472527
chameleon,ClassBasedStratification,4,3,MLP,108,1000,0.4527472527472527
chameleon,ClassBasedStratification,4,3,MLP,109,1000,0.4879120879120879
chameleon,ClassBasedStratification,4,3,GCN,100,1000,0.3032967032967033
chameleon,ClassBasedStratification,4,3,GCN,101,1000,0.2725274725274725
chameleon,ClassBasedStratification,4,3,GCN,102,1000,0.3120879120879121
chameleon,ClassBasedStratification,4,3,GCN,103,1000,0.2967032967032967
chameleon,ClassBasedStratification,4,3,GCN,104,1000,0.2835164835164835
chameleon,ClassBasedStratification,4,3,GCN,105,1000,0.2901098901098901
chameleon,ClassBasedStratification,4,3,GCN,106,1000,0.3054945054945055
chameleon,ClassBasedStratification,4,3,GCN,107,1000,0.2967032967032967
chameleon,ClassBasedStratification,4,3,GCN,108,1000,0.2967032967032967
chameleon,ClassBasedStratification,4,3,GCN,109,1000,0.2945054945054945
chameleon,ClassBasedStratification,4,3,GAT,100,1000,0.4439560439560439
chameleon,ClassBasedStratification,4,3,GAT,101,1000,0.4483516483516483
chameleon,ClassBasedStratification,4,3,GAT,102,1000,0.4461538461538462
chameleon,ClassBasedStratification,4,3,GAT,103,1000,0.4549450549450549
chameleon,ClassBasedStratification,4,3,GAT,104,1000,0.4615384615384615
chameleon,ClassBasedStratification,4,3,GAT,105,1000,0.4593406593406593
chameleon,ClassBasedStratification,4,3,GAT,106,1000,0.4835164835164835
chameleon,ClassBasedStratification,4,3,GAT,107,1000,0.4615384615384615
chameleon,ClassBasedStratification,4,3,GAT,108,1000,0.4527472527472527
chameleon,ClassBasedStratification,4,2,MixHop,107,1000,0.5526315789473685
chameleon,ClassBasedStratification,4,2,MixHop,106,1000,0.5482456140350878
chameleon,ClassBasedStratification,4,3,GAT,109,1000,0.4725274725274725
chameleon,ClassBasedStratification,4,2,MixHop,108,1000,0.543859649122807
chameleon,ClassBasedStratification,4,2,MixHop,109,1000,0.5482456140350878
chameleon,ClassBasedStratification,4,3,SAGE,100,1000,0.5186813186813187
chameleon,ClassBasedStratification,4,3,SAGE,102,1000,0.5296703296703297
chameleon,ClassBasedStratification,4,3,SAGE,101,1000,0.4967032967032967
chameleon,ClassBasedStratification,4,3,SAGE,103,1000,0.5318681318681319
chameleon,ClassBasedStratification,4,3,SAGE,104,1000,0.5142857142857142
chameleon,ClassBasedStratification,4,3,SAGE,105,1000,0.5164835164835165
chameleon,ClassBasedStratification,4,3,SAGE,107,1000,0.5054945054945055
chameleon,ClassBasedStratification,4,3,SAGE,106,1000,0.5252747252747253
chameleon,ClassBasedStratification,4,3,SAGE,108,1000,0.5252747252747253
chameleon,ClassBasedStratification,4,3,SAGE,109,1000,0.5230769230769231
chameleon,ClassBasedStratification,4,3,MixHop,100,1000,0.5054945054945055
chameleon,ClassBasedStratification,4,3,MixHop,101,1000,0.512087912087912
chameleon,ClassBasedStratification,4,3,MixHop,102,1000,0.5208791208791209
chameleon,ClassBasedStratification,4,3,MixHop,105,1000,0.5406593406593406
chameleon,ClassBasedStratification,4,3,MixHop,104,1000,0.512087912087912
chameleon,ClassBasedStratification,4,3,MixHop,103,1000,0.5604395604395604
chameleon,ClassBasedStratification,4,4,MLP,100,1000,0.5340659340659341
chameleon,ClassBasedStratification,4,4,MLP,101,1000,0.5098901098901099
chameleon,ClassBasedStratification,4,4,MLP,102,1000,0.5208791208791209
chameleon,ClassBasedStratification,4,4,MLP,103,1000,0.5230769230769231
chameleon,ClassBasedStratification,4,4,MLP,104,1000,0.5318681318681319
chameleon,ClassBasedStratification,4,4,MLP,105,1000,0.5054945054945055
chameleon,ClassBasedStratification,4,4,MLP,106,1000,0.5406593406593406
chameleon,ClassBasedStratification,4,4,MLP,107,1000,0.5230769230769231
chameleon,ClassBasedStratification,4,4,MLP,109,1000,0.5186813186813187
chameleon,ClassBasedStratification,4,4,MLP,108,1000,0.5296703296703297
chameleon,ClassBasedStratification,4,4,GCN,100,1000,0.2945054945054945
chameleon,ClassBasedStratification,4,4,GCN,101,1000,0.3032967032967033
chameleon,ClassBasedStratification,4,4,GCN,102,1000,0.2879120879120879
chameleon,ClassBasedStratification,4,4,GCN,103,1000,0.2923076923076923
chameleon,ClassBasedStratification,4,4,GCN,104,1000,0.3010989010989011
chameleon,ClassBasedStratification,4,4,GCN,105,1000,0.2791208791208791
chameleon,ClassBasedStratification,4,4,GCN,106,1000,0.2879120879120879
chameleon,ClassBasedStratification,4,4,GCN,107,1000,0.3032967032967033
chameleon,ClassBasedStratification,4,4,GCN,108,1000,0.2945054945054945
chameleon,ClassBasedStratification,4,4,GCN,109,1000,0.3076923076923077
chameleon,ClassBasedStratification,4,4,GAT,100,1000,0.4527472527472527
chameleon,ClassBasedStratification,4,4,GAT,101,1000,0.4571428571428571
chameleon,ClassBasedStratification,4,4,GAT,102,1000,0.4439560439560439
chameleon,ClassBasedStratification,4,4,GAT,103,1000,0.4769230769230769
chameleon,ClassBasedStratification,4,4,GAT,104,1000,0.4747252747252747
chameleon,ClassBasedStratification,4,4,GAT,105,1000,0.4945054945054945
chameleon,ClassBasedStratification,4,4,GAT,106,1000,0.4681318681318681
chameleon,ClassBasedStratification,4,4,GAT,107,1000,0.4549450549450549
chameleon,ClassBasedStratification,4,3,MixHop,106,1000,0.5428571428571428
chameleon,ClassBasedStratification,4,3,MixHop,107,1000,0.545054945054945
chameleon,ClassBasedStratification,4,4,GAT,108,1000,0.4835164835164835
chameleon,ClassBasedStratification,4,4,GAT,109,1000,0.4769230769230769
chameleon,ClassBasedStratification,4,3,MixHop,108,1000,0.5208791208791209
chameleon,ClassBasedStratification,4,3,MixHop,109,1000,0.5274725274725275
chameleon,ClassBasedStratification,4,4,SAGE,100,1000,0.5582417582417583
chameleon,ClassBasedStratification,4,4,SAGE,101,1000,0.5538461538461539
chameleon,ClassBasedStratification,4,4,SAGE,102,1000,0.5494505494505495
chameleon,ClassBasedStratification,4,4,SAGE,103,1000,0.5626373626373626
chameleon,ClassBasedStratification,4,4,SAGE,104,1000,0.545054945054945
chameleon,ClassBasedStratification,4,4,SAGE,105,1000,0.5758241758241758
chameleon,ClassBasedStratification,4,4,SAGE,106,1000,0.545054945054945
chameleon,ClassBasedStratification,4,4,SAGE,107,1000,0.567032967032967
chameleon,ClassBasedStratification,4,4,SAGE,108,1000,0.5626373626373626
chameleon,ClassBasedStratification,4,4,SAGE,109,1000,0.5428571428571428
chameleon,ClassBasedStratification,4,4,MixHop,100,1000,0.5538461538461539
chameleon,ClassBasedStratification,4,4,MixHop,101,1000,0.5296703296703297
chameleon,ClassBasedStratification,4,4,MixHop,102,1000,0.5384615384615384
chameleon,ClassBasedStratification,4,4,MixHop,103,1000,0.5516483516483517
chameleon,ClassBasedStratification,4,4,MixHop,104,1000,0.5494505494505495
chameleon,ClassBasedStratification,4,5,MLP,100,1000,0.4879120879120879
chameleon,ClassBasedStratification,4,4,MixHop,105,1000,0.5582417582417583
chameleon,ClassBasedStratification,4,5,MLP,101,1000,0.4681318681318681
chameleon,ClassBasedStratification,4,5,MLP,102,1000,0.4857142857142857
chameleon,ClassBasedStratification,4,5,MLP,103,1000,0.5010989010989011
chameleon,ClassBasedStratification,4,5,MLP,104,1000,0.5164835164835165
chameleon,ClassBasedStratification,4,5,MLP,105,1000,0.4857142857142857
chameleon,ClassBasedStratification,4,5,MLP,106,1000,0.5054945054945055
chameleon,ClassBasedStratification,4,5,MLP,107,1000,0.4945054945054945
chameleon,ClassBasedStratification,4,5,MLP,108,1000,0.4989010989010989
chameleon,ClassBasedStratification,4,5,MLP,109,1000,0.4791208791208791
chameleon,ClassBasedStratification,4,5,GCN,100,1000,0.2945054945054945
chameleon,ClassBasedStratification,4,5,GCN,101,1000,0.2901098901098901
chameleon,ClassBasedStratification,4,5,GCN,102,1000,0.3186813186813186
chameleon,ClassBasedStratification,4,5,GCN,103,1000,0.2857142857142857
chameleon,ClassBasedStratification,4,5,GCN,104,1000,0.2945054945054945
chameleon,ClassBasedStratification,4,5,GCN,105,1000,0.2791208791208791
chameleon,ClassBasedStratification,4,5,GCN,107,1000,0.2791208791208791
chameleon,ClassBasedStratification,4,5,GCN,106,1000,0.2945054945054945
chameleon,ClassBasedStratification,4,5,GCN,108,1000,0.3032967032967033
chameleon,ClassBasedStratification,4,5,GCN,109,1000,0.2901098901098901
chameleon,ClassBasedStratification,4,5,GAT,100,1000,0.4637362637362637
chameleon,ClassBasedStratification,4,5,GAT,101,1000,0.4857142857142857
chameleon,ClassBasedStratification,4,5,GAT,102,1000,0.4791208791208791
chameleon,ClassBasedStratification,4,5,GAT,103,1000,0.4659340659340659
chameleon,ClassBasedStratification,4,5,GAT,104,1000,0.4571428571428571
chameleon,ClassBasedStratification,4,5,GAT,105,1000,0.4703296703296703
chameleon,ClassBasedStratification,4,5,GAT,106,1000,0.4769230769230769
chameleon,ClassBasedStratification,4,5,GAT,107,1000,0.4923076923076923
chameleon,ClassBasedStratification,4,4,MixHop,106,1000,0.5582417582417583
chameleon,ClassBasedStratification,4,4,MixHop,107,1000,0.5274725274725275
chameleon,ClassBasedStratification,4,5,GAT,108,1000,0.4725274725274725
chameleon,ClassBasedStratification,4,5,GAT,109,1000,0.4747252747252747
chameleon,ClassBasedStratification,4,4,MixHop,108,1000,0.5560439560439561
chameleon,ClassBasedStratification,4,4,MixHop,109,1000,0.5604395604395604
chameleon,ClassBasedStratification,4,5,SAGE,100,1000,0.5252747252747253
chameleon,ClassBasedStratification,4,5,SAGE,101,1000,0.5274725274725275
chameleon,ClassBasedStratification,4,5,SAGE,102,1000,0.5252747252747253
chameleon,ClassBasedStratification,4,5,SAGE,103,1000,0.5648351648351648
chameleon,ClassBasedStratification,4,5,SAGE,104,1000,0.5406593406593406
chameleon,ClassBasedStratification,4,5,SAGE,105,1000,0.5560439560439561
chameleon,ClassBasedStratification,4,5,SAGE,106,1000,0.5274725274725275
chameleon,ClassBasedStratification,4,5,SAGE,107,1000,0.5428571428571428
chameleon,ClassBasedStratification,4,5,SAGE,109,1000,0.5428571428571428
chameleon,ClassBasedStratification,4,5,SAGE,108,1000,0.5318681318681319
chameleon,ClassBasedStratification,4,5,MixHop,100,1000,0.5208791208791209
chameleon,ClassBasedStratification,4,5,MixHop,101,1000,0.5032967032967033
chameleon,ClassBasedStratification,4,5,MixHop,102,1000,0.5164835164835165
chameleon,ClassBasedStratification,4,5,MixHop,103,1000,0.5142857142857142
chameleon,ClassBasedStratification,4,5,MixHop,104,1000,0.5186813186813187
chameleon,ClassBasedStratification,4,5,MixHop,105,1000,0.5274725274725275
chameleon,ClassBasedStratification,4,5,MixHop,106,1000,0.5318681318681319
chameleon,ClassBasedStratification,4,5,MixHop,107,1000,0.5142857142857142
chameleon,ClassBasedStratification,4,5,MixHop,108,1000,0.5362637362637362
chameleon,ClassBasedStratification,4,5,MixHop,109,1000,0.5032967032967033
chameleon,ClassBasedStratification,5,1,MLP,100,1000,0.5043859649122807
chameleon,ClassBasedStratification,5,1,MLP,104,1000,0.4868421052631579
chameleon,ClassBasedStratification,5,1,MLP,101,1000,0.4780701754385965
chameleon,ClassBasedStratification,5,1,MLP,102,1000,0.4802631578947368
chameleon,ClassBasedStratification,5,1,MLP,103,1000,0.4824561403508772
chameleon,ClassBasedStratification,5,1,MLP,105,1000,0.462719298245614
chameleon,ClassBasedStratification,5,1,MLP,106,1000,0.4517543859649123
chameleon,ClassBasedStratification,5,1,MLP,108,1000,0.4780701754385965
chameleon,ClassBasedStratification,5,1,MLP,107,1000,0.4605263157894737
chameleon,ClassBasedStratification,5,1,MLP,109,1000,0.4824561403508772
chameleon,ClassBasedStratification,5,1,GCN,100,1000,0.3508771929824561
chameleon,ClassBasedStratification,5,1,GCN,101,1000,0.3289473684210526
chameleon,ClassBasedStratification,5,1,GCN,102,1000,0.3530701754385965
chameleon,ClassBasedStratification,5,1,GCN,103,1000,0.3508771929824561
chameleon,ClassBasedStratification,5,1,GCN,104,1000,0.3618421052631579
chameleon,ClassBasedStratification,5,1,GCN,105,1000,0.3421052631578947
chameleon,ClassBasedStratification,5,1,GCN,106,1000,0.3442982456140351
chameleon,ClassBasedStratification,5,1,GCN,107,1000,0.3662280701754385
chameleon,ClassBasedStratification,5,1,GCN,108,1000,0.3289473684210526
chameleon,ClassBasedStratification,5,1,GCN,109,1000,0.3574561403508772
chameleon,ClassBasedStratification,5,1,GAT,101,1000,0.4692982456140351
chameleon,ClassBasedStratification,5,1,GAT,100,1000,0.4868421052631579
chameleon,ClassBasedStratification,5,1,GAT,102,1000,0.5
chameleon,ClassBasedStratification,5,1,GAT,103,1000,0.4868421052631579
chameleon,ClassBasedStratification,5,1,GAT,104,1000,0.4780701754385965
chameleon,ClassBasedStratification,5,1,GAT,105,1000,0.5087719298245614
chameleon,ClassBasedStratification,5,1,GAT,106,1000,0.4890350877192982
chameleon,ClassBasedStratification,5,1,GAT,107,1000,0.4978070175438596
chameleon,ClassBasedStratification,5,1,GAT,109,1000,0.5021929824561403
chameleon,ClassBasedStratification,5,1,GAT,108,1000,0.4758771929824561
chameleon,ClassBasedStratification,5,1,SAGE,101,1000,0.5328947368421053
chameleon,ClassBasedStratification,5,1,SAGE,100,1000,0.5482456140350878
chameleon,ClassBasedStratification,5,1,SAGE,102,1000,0.5285087719298246
chameleon,ClassBasedStratification,5,1,SAGE,103,1000,0.5460526315789473
chameleon,ClassBasedStratification,5,1,SAGE,104,1000,0.5679824561403509
chameleon,ClassBasedStratification,5,1,SAGE,105,1000,0.5526315789473685
chameleon,ClassBasedStratification,5,1,SAGE,107,1000,0.5723684210526315
chameleon,ClassBasedStratification,5,1,SAGE,106,1000,0.5548245614035088
chameleon,ClassBasedStratification,5,1,SAGE,108,1000,0.5526315789473685
chameleon,ClassBasedStratification,5,1,SAGE,109,1000,0.5679824561403509
chameleon,ClassBasedStratification,5,1,MixHop,101,1000,0.5504385964912281
chameleon,ClassBasedStratification,5,1,MixHop,100,1000,0.5614035087719298
chameleon,ClassBasedStratification,5,1,MixHop,102,1000,0.5460526315789473
chameleon,ClassBasedStratification,5,1,MixHop,103,1000,0.543859649122807
chameleon,ClassBasedStratification,5,1,MixHop,104,1000,0.5526315789473685
chameleon,ClassBasedStratification,5,2,MLP,100,1000,0.5087719298245614
chameleon,ClassBasedStratification,5,1,MixHop,105,1000,0.5548245614035088
chameleon,ClassBasedStratification,5,2,MLP,101,1000,0.4824561403508772
chameleon,ClassBasedStratification,5,2,MLP,102,1000,0.4802631578947368
chameleon,ClassBasedStratification,5,2,MLP,103,1000,0.4934210526315789
chameleon,ClassBasedStratification,5,2,MLP,104,1000,0.4671052631578947
chameleon,ClassBasedStratification,5,2,MLP,105,1000,0.4956140350877193
chameleon,ClassBasedStratification,5,2,MLP,106,1000,0.4758771929824561
chameleon,ClassBasedStratification,5,2,MLP,107,1000,0.4671052631578947
chameleon,ClassBasedStratification,5,2,MLP,108,1000,0.4890350877192982
chameleon,ClassBasedStratification,5,2,MLP,109,1000,0.4912280701754385
chameleon,ClassBasedStratification,5,2,GCN,100,1000,0.2982456140350877
chameleon,ClassBasedStratification,5,2,GCN,101,1000,0.293859649122807
chameleon,ClassBasedStratification,5,2,GCN,102,1000,0.3092105263157895
chameleon,ClassBasedStratification,5,2,GCN,103,1000,0.2872807017543859
chameleon,ClassBasedStratification,5,2,GCN,104,1000,0.300438596491228
chameleon,ClassBasedStratification,5,2,GCN,105,1000,0.2850877192982456
chameleon,ClassBasedStratification,5,2,GCN,106,1000,0.3092105263157895
chameleon,ClassBasedStratification,5,2,GCN,107,1000,0.2872807017543859
chameleon,ClassBasedStratification,5,2,GCN,108,1000,0.2850877192982456
chameleon,ClassBasedStratification,5,2,GCN,109,1000,0.2894736842105263
chameleon,ClassBasedStratification,5,2,GAT,100,1000,0.4846491228070175
chameleon,ClassBasedStratification,5,2,GAT,101,1000,0.4714912280701754
chameleon,ClassBasedStratification,5,2,GAT,102,1000,0.4649122807017544
chameleon,ClassBasedStratification,5,2,GAT,103,1000,0.4671052631578947
chameleon,ClassBasedStratification,5,2,GAT,104,1000,0.4758771929824561
chameleon,ClassBasedStratification,5,2,GAT,105,1000,0.4802631578947368
chameleon,ClassBasedStratification,5,1,MixHop,107,1000,0.5460526315789473
chameleon,ClassBasedStratification,5,1,MixHop,106,1000,0.5504385964912281
chameleon,ClassBasedStratification,5,2,GAT,107,1000,0.4714912280701754
chameleon,ClassBasedStratification,5,2,GAT,106,1000,0.4802631578947368
chameleon,ClassBasedStratification,5,2,GAT,108,1000,0.4649122807017544
chameleon,ClassBasedStratification,5,2,GAT,109,1000,0.4714912280701754
chameleon,ClassBasedStratification,5,1,MixHop,108,1000,0.5416666666666666
chameleon,ClassBasedStratification,5,1,MixHop,109,1000,0.5614035087719298
chameleon,ClassBasedStratification,5,2,SAGE,100,1000,0.5285087719298246
chameleon,ClassBasedStratification,5,2,SAGE,101,1000,0.543859649122807
chameleon,ClassBasedStratification,5,2,SAGE,102,1000,0.5263157894736842
chameleon,ClassBasedStratification,5,2,SAGE,103,1000,0.5350877192982456
chameleon,ClassBasedStratification,5,2,SAGE,104,1000,0.5350877192982456
chameleon,ClassBasedStratification,5,2,SAGE,105,1000,0.543859649122807
chameleon,ClassBasedStratification,5,2,SAGE,107,1000,0.5416666666666666
chameleon,ClassBasedStratification,5,2,SAGE,106,1000,0.5635964912280702
chameleon,ClassBasedStratification,5,2,SAGE,109,1000,0.5570175438596491
chameleon,ClassBasedStratification,5,2,SAGE,108,1000,0.543859649122807
chameleon,ClassBasedStratification,5,2,MixHop,100,1000,0.5723684210526315
chameleon,ClassBasedStratification,5,2,MixHop,101,1000,0.5350877192982456
chameleon,ClassBasedStratification,5,2,MixHop,103,1000,0.5548245614035088
chameleon,ClassBasedStratification,5,2,MixHop,102,1000,0.5328947368421053
chameleon,ClassBasedStratification,5,2,MixHop,105,1000,0.5657894736842105
chameleon,ClassBasedStratification,5,2,MixHop,104,1000,0.5504385964912281
chameleon,ClassBasedStratification,5,3,MLP,100,1000,0.5626373626373626
chameleon,ClassBasedStratification,5,3,MLP,101,1000,0.5230769230769231
chameleon,ClassBasedStratification,5,3,MLP,102,1000,0.5318681318681319
chameleon,ClassBasedStratification,5,3,MLP,103,1000,0.5076923076923077
chameleon,ClassBasedStratification,5,3,MLP,104,1000,0.5340659340659341
chameleon,ClassBasedStratification,5,3,MLP,105,1000,0.5340659340659341
chameleon,ClassBasedStratification,5,3,MLP,106,1000,0.5604395604395604
chameleon,ClassBasedStratification,5,3,MLP,107,1000,0.5318681318681319
chameleon,ClassBasedStratification,5,3,MLP,108,1000,0.5296703296703297
chameleon,ClassBasedStratification,5,3,MLP,109,1000,0.5362637362637362
chameleon,ClassBasedStratification,5,3,GCN,100,1000,0.3230769230769231
chameleon,ClassBasedStratification,5,3,GCN,101,1000,0.3208791208791209
chameleon,ClassBasedStratification,5,3,GCN,102,1000,0.3208791208791209
chameleon,ClassBasedStratification,5,3,GCN,103,1000,0.3274725274725275
chameleon,ClassBasedStratification,5,3,GCN,104,1000,0.3318681318681318
chameleon,ClassBasedStratification,5,3,GCN,105,1000,0.3252747252747253
chameleon,ClassBasedStratification,5,3,GCN,106,1000,0.3274725274725275
chameleon,ClassBasedStratification,5,3,GCN,107,1000,0.3208791208791209
chameleon,ClassBasedStratification,5,3,GCN,108,1000,0.3252747252747253
chameleon,ClassBasedStratification,5,3,GCN,109,1000,0.3142857142857143
chameleon,ClassBasedStratification,5,3,GAT,100,1000,0.4813186813186813
chameleon,ClassBasedStratification,5,3,GAT,101,1000,0.4725274725274725
chameleon,ClassBasedStratification,5,3,GAT,102,1000,0.4835164835164835
chameleon,ClassBasedStratification,5,3,GAT,103,1000,0.4813186813186813
chameleon,ClassBasedStratification,5,3,GAT,104,1000,0.4791208791208791
chameleon,ClassBasedStratification,5,3,GAT,105,1000,0.4989010989010989
chameleon,ClassBasedStratification,5,3,GAT,106,1000,0.4725274725274725
chameleon,ClassBasedStratification,5,3,GAT,107,1000,0.4813186813186813
chameleon,ClassBasedStratification,5,2,MixHop,106,1000,0.5460526315789473
chameleon,ClassBasedStratification,5,2,MixHop,107,1000,0.5723684210526315
chameleon,ClassBasedStratification,5,3,GAT,108,1000,0.4879120879120879
chameleon,ClassBasedStratification,5,3,GAT,109,1000,0.4901098901098901
chameleon,ClassBasedStratification,5,2,MixHop,108,1000,0.543859649122807
chameleon,ClassBasedStratification,5,2,MixHop,109,1000,0.5504385964912281
chameleon,ClassBasedStratification,5,3,SAGE,100,1000,0.5516483516483517
chameleon,ClassBasedStratification,5,3,SAGE,101,1000,0.567032967032967
chameleon,ClassBasedStratification,5,3,SAGE,102,1000,0.5516483516483517
chameleon,ClassBasedStratification,5,3,SAGE,103,1000,0.5604395604395604
chameleon,ClassBasedStratification,5,3,SAGE,104,1000,0.5604395604395604
chameleon,ClassBasedStratification,5,3,SAGE,105,1000,0.567032967032967
chameleon,ClassBasedStratification,5,3,SAGE,106,1000,0.5692307692307692
chameleon,ClassBasedStratification,5,3,SAGE,107,1000,0.5604395604395604
chameleon,ClassBasedStratification,5,3,SAGE,108,1000,0.5428571428571428
chameleon,ClassBasedStratification,5,3,SAGE,109,1000,0.5604395604395604
chameleon,ClassBasedStratification,5,3,MixHop,100,1000,0.5648351648351648
chameleon,ClassBasedStratification,5,3,MixHop,101,1000,0.545054945054945
chameleon,ClassBasedStratification,5,3,MixHop,102,1000,0.5714285714285714
chameleon,ClassBasedStratification,5,3,MixHop,103,1000,0.5230769230769231
chameleon,ClassBasedStratification,5,3,MixHop,104,1000,0.5560439560439561
chameleon,ClassBasedStratification,5,3,MixHop,105,1000,0.545054945054945
chameleon,ClassBasedStratification,5,4,MLP,100,1000,0.4989010989010989
chameleon,ClassBasedStratification,5,4,MLP,101,1000,0.5010989010989011
chameleon,ClassBasedStratification,5,4,MLP,102,1000,0.512087912087912
chameleon,ClassBasedStratification,5,4,MLP,103,1000,0.5186813186813187
chameleon,ClassBasedStratification,5,4,MLP,104,1000,0.4967032967032967
chameleon,ClassBasedStratification,5,4,MLP,105,1000,0.4879120879120879
chameleon,ClassBasedStratification,5,4,MLP,106,1000,0.4901098901098901
chameleon,ClassBasedStratification,5,4,MLP,107,1000,0.4945054945054945
chameleon,ClassBasedStratification,5,4,MLP,108,1000,0.4879120879120879
chameleon,ClassBasedStratification,5,4,MLP,109,1000,0.4923076923076923
chameleon,ClassBasedStratification,5,4,GCN,100,1000,0.2967032967032967
chameleon,ClassBasedStratification,5,4,GCN,101,1000,0.2879120879120879
chameleon,ClassBasedStratification,5,4,GCN,102,1000,0.2901098901098901
chameleon,ClassBasedStratification,5,4,GCN,103,1000,0.3120879120879121
chameleon,ClassBasedStratification,5,4,GCN,104,1000,0.2989010989010989
chameleon,ClassBasedStratification,5,4,GCN,105,1000,0.2923076923076923
chameleon,ClassBasedStratification,5,4,GCN,106,1000,0.3010989010989011
chameleon,ClassBasedStratification,5,4,GCN,107,1000,0.2945054945054945
chameleon,ClassBasedStratification,5,4,GCN,108,1000,0.2901098901098901
chameleon,ClassBasedStratification,5,4,GCN,109,1000,0.2879120879120879
chameleon,ClassBasedStratification,5,4,GAT,100,1000,0.4615384615384615
chameleon,ClassBasedStratification,5,4,GAT,101,1000,0.4703296703296703
chameleon,ClassBasedStratification,5,4,GAT,102,1000,0.4725274725274725
chameleon,ClassBasedStratification,5,4,GAT,103,1000,0.4505494505494505
chameleon,ClassBasedStratification,5,4,GAT,105,1000,0.4505494505494505
chameleon,ClassBasedStratification,5,4,GAT,104,1000,0.4571428571428571
chameleon,ClassBasedStratification,5,3,MixHop,106,1000,0.5626373626373626
chameleon,ClassBasedStratification,5,3,MixHop,107,1000,0.5494505494505495
chameleon,ClassBasedStratification,5,4,GAT,106,1000,0.4571428571428571
chameleon,ClassBasedStratification,5,4,GAT,107,1000,0.4637362637362637
chameleon,ClassBasedStratification,5,4,GAT,108,1000,0.4549450549450549
chameleon,ClassBasedStratification,5,4,GAT,109,1000,0.4637362637362637
chameleon,ClassBasedStratification,5,3,MixHop,108,1000,0.5494505494505495
chameleon,ClassBasedStratification,5,3,MixHop,109,1000,0.5626373626373626
chameleon,ClassBasedStratification,5,4,SAGE,100,1000,0.5362637362637362
chameleon,ClassBasedStratification,5,4,SAGE,101,1000,0.5274725274725275
chameleon,ClassBasedStratification,5,4,SAGE,102,1000,0.5274725274725275
chameleon,ClassBasedStratification,5,4,SAGE,103,1000,0.5384615384615384
chameleon,ClassBasedStratification,5,4,SAGE,104,1000,0.5296703296703297
chameleon,ClassBasedStratification,5,4,SAGE,105,1000,0.5604395604395604
chameleon,ClassBasedStratification,5,4,SAGE,106,1000,0.5384615384615384
chameleon,ClassBasedStratification,5,4,SAGE,107,1000,0.5142857142857142
chameleon,ClassBasedStratification,5,4,SAGE,108,1000,0.5252747252747253
chameleon,ClassBasedStratification,5,4,SAGE,109,1000,0.5296703296703297
chameleon,ClassBasedStratification,5,4,MixHop,100,1000,0.5208791208791209
chameleon,ClassBasedStratification,5,4,MixHop,101,1000,0.5076923076923077
chameleon,ClassBasedStratification,5,4,MixHop,102,1000,0.512087912087912
chameleon,ClassBasedStratification,5,4,MixHop,103,1000,0.5252747252747253
chameleon,ClassBasedStratification,5,4,MixHop,104,1000,0.5274725274725275
chameleon,ClassBasedStratification,5,5,MLP,100,1000,0.5054945054945055
chameleon,ClassBasedStratification,5,5,MLP,101,1000,0.512087912087912
chameleon,ClassBasedStratification,5,4,MixHop,105,1000,0.5406593406593406
chameleon,ClassBasedStratification,5,5,MLP,102,1000,0.4791208791208791
chameleon,ClassBasedStratification,5,5,MLP,103,1000,0.5142857142857142
chameleon,ClassBasedStratification,5,5,MLP,104,1000,0.512087912087912
chameleon,ClassBasedStratification,5,5,MLP,105,1000,0.4923076923076923
chameleon,ClassBasedStratification,5,5,MLP,106,1000,0.4879120879120879
chameleon,ClassBasedStratification,5,5,MLP,107,1000,0.4813186813186813
chameleon,ClassBasedStratification,5,5,MLP,108,1000,0.4967032967032967
chameleon,ClassBasedStratification,5,5,MLP,109,1000,0.512087912087912
chameleon,ClassBasedStratification,5,5,GCN,100,1000,0.2945054945054945
chameleon,ClassBasedStratification,5,5,GCN,101,1000,0.2857142857142857
chameleon,ClassBasedStratification,5,5,GCN,102,1000,0.2923076923076923
chameleon,ClassBasedStratification,5,5,GCN,103,1000,0.3010989010989011
chameleon,ClassBasedStratification,5,5,GCN,104,1000,0.2857142857142857
chameleon,ClassBasedStratification,5,5,GCN,105,1000,0.3076923076923077
chameleon,ClassBasedStratification,5,5,GCN,106,1000,0.2901098901098901
chameleon,ClassBasedStratification,5,5,GCN,107,1000,0.3010989010989011
chameleon,ClassBasedStratification,5,5,GCN,108,1000,0.2835164835164835
chameleon,ClassBasedStratification,5,5,GCN,109,1000,0.2857142857142857
chameleon,ClassBasedStratification,5,5,GAT,100,1000,0.4549450549450549
chameleon,ClassBasedStratification,5,5,GAT,101,1000,0.4505494505494505
chameleon,ClassBasedStratification,5,5,GAT,102,1000,0.4483516483516483
chameleon,ClassBasedStratification,5,5,GAT,103,1000,0.4571428571428571
chameleon,ClassBasedStratification,5,5,GAT,104,1000,0.4505494505494505
chameleon,ClassBasedStratification,5,5,GAT,105,1000,0.4725274725274725
chameleon,ClassBasedStratification,5,4,MixHop,106,1000,0.5296703296703297
chameleon,ClassBasedStratification,5,5,GAT,106,1000,0.4725274725274725
chameleon,ClassBasedStratification,5,5,GAT,107,1000,0.4681318681318681
chameleon,ClassBasedStratification,5,4,MixHop,107,1000,0.512087912087912
chameleon,ClassBasedStratification,5,5,GAT,108,1000,0.4461538461538462
chameleon,ClassBasedStratification,5,5,GAT,109,1000,0.4439560439560439
chameleon,ClassBasedStratification,5,4,MixHop,108,1000,0.5538461538461539
chameleon,ClassBasedStratification,5,4,MixHop,109,1000,0.4945054945054945
chameleon,ClassBasedStratification,5,5,SAGE,100,1000,0.5362637362637362
chameleon,ClassBasedStratification,5,5,SAGE,101,1000,0.5318681318681319
chameleon,ClassBasedStratification,5,5,SAGE,102,1000,0.5340659340659341
chameleon,ClassBasedStratification,5,5,SAGE,103,1000,0.5296703296703297
chameleon,ClassBasedStratification,5,5,SAGE,104,1000,0.5362637362637362
chameleon,ClassBasedStratification,5,5,SAGE,105,1000,0.5516483516483517
chameleon,ClassBasedStratification,5,5,SAGE,107,1000,0.5274725274725275
chameleon,ClassBasedStratification,5,5,SAGE,106,1000,0.512087912087912
chameleon,ClassBasedStratification,5,5,SAGE,108,1000,0.5362637362637362
chameleon,ClassBasedStratification,5,5,SAGE,109,1000,0.5252747252747253
chameleon,ClassBasedStratification,5,5,MixHop,100,1000,0.5208791208791209
chameleon,ClassBasedStratification,5,5,MixHop,101,1000,0.5164835164835165
chameleon,ClassBasedStratification,5,5,MixHop,102,1000,0.5362637362637362
chameleon,ClassBasedStratification,5,5,MixHop,103,1000,0.5384615384615384
chameleon,ClassBasedStratification,5,5,MixHop,104,1000,0.5318681318681319
chameleon,ClassBasedStratification,5,5,MixHop,105,1000,0.5274725274725275
chameleon,ClassBasedStratification,5,5,MixHop,106,1000,0.5098901098901099
chameleon,ClassBasedStratification,5,5,MixHop,107,1000,0.5208791208791209
chameleon,ClassBasedStratification,5,5,MixHop,108,1000,0.5208791208791209
chameleon,ClassBasedStratification,5,5,MixHop,109,1000,0.5054945054945055
chameleon,ClassBasedStratification,6,1,MLP,103,1000,0.4846491228070175
chameleon,ClassBasedStratification,6,1,MLP,105,1000,0.4956140350877193
chameleon,ClassBasedStratification,6,1,MLP,100,1000,0.4934210526315789
chameleon,ClassBasedStratification,6,1,MLP,102,1000,0.5021929824561403
chameleon,ClassBasedStratification,6,1,MLP,104,1000,0.5175438596491229
chameleon,ClassBasedStratification,6,1,MLP,101,1000,0.4824561403508772
chameleon,ClassBasedStratification,6,1,MLP,107,1000,0.4934210526315789
chameleon,ClassBasedStratification,6,1,MLP,106,1000,0.5285087719298246
chameleon,ClassBasedStratification,6,1,MLP,109,1000,0.4934210526315789
chameleon,ClassBasedStratification,6,1,MLP,108,1000,0.5087719298245614
chameleon,ClassBasedStratification,6,1,GCN,100,1000,0.300438596491228
chameleon,ClassBasedStratification,6,1,GCN,101,1000,0.2982456140350877
chameleon,ClassBasedStratification,6,1,GCN,102,1000,0.3026315789473684
chameleon,ClassBasedStratification,6,1,GCN,103,1000,0.300438596491228
chameleon,ClassBasedStratification,6,1,GCN,104,1000,0.2982456140350877
chameleon,ClassBasedStratification,6,1,GCN,105,1000,0.2916666666666667
chameleon,ClassBasedStratification,6,1,GCN,106,1000,0.3070175438596491
chameleon,ClassBasedStratification,6,1,GCN,107,1000,0.3092105263157895
chameleon,ClassBasedStratification,6,1,GCN,108,1000,0.2960526315789473
chameleon,ClassBasedStratification,6,1,GCN,109,1000,0.2960526315789473
chameleon,ClassBasedStratification,6,1,GAT,100,1000,0.4473684210526316
chameleon,ClassBasedStratification,6,1,GAT,101,1000,0.4276315789473684
chameleon,ClassBasedStratification,6,1,GAT,102,1000,0.4276315789473684
chameleon,ClassBasedStratification,6,1,GAT,103,1000,0.4276315789473684
chameleon,ClassBasedStratification,6,1,GAT,104,1000,0.4232456140350877
chameleon,ClassBasedStratification,6,1,GAT,105,1000,0.4364035087719298
chameleon,ClassBasedStratification,6,1,GAT,106,1000,0.4495614035087719
chameleon,ClassBasedStratification,6,1,GAT,107,1000,0.4429824561403508
chameleon,ClassBasedStratification,6,1,GAT,108,1000,0.4429824561403508
chameleon,ClassBasedStratification,6,1,GAT,109,1000,0.4495614035087719
chameleon,ClassBasedStratification,6,1,SAGE,100,1000,0.5614035087719298
chameleon,ClassBasedStratification,6,1,SAGE,101,1000,0.5416666666666666
chameleon,ClassBasedStratification,6,1,SAGE,102,1000,0.5482456140350878
chameleon,ClassBasedStratification,6,1,SAGE,103,1000,0.5504385964912281
chameleon,ClassBasedStratification,6,1,SAGE,104,1000,0.5592105263157895
chameleon,ClassBasedStratification,6,1,SAGE,105,1000,0.543859649122807
chameleon,ClassBasedStratification,6,1,SAGE,106,1000,0.5482456140350878
chameleon,ClassBasedStratification,6,1,SAGE,107,1000,0.5460526315789473
chameleon,ClassBasedStratification,6,1,SAGE,108,1000,0.5482456140350878
chameleon,ClassBasedStratification,6,1,SAGE,109,1000,0.5833333333333334
chameleon,ClassBasedStratification,6,1,MixHop,100,1000,0.543859649122807
chameleon,ClassBasedStratification,6,1,MixHop,101,1000,0.5153508771929824
chameleon,ClassBasedStratification,6,1,MixHop,102,1000,0.5394736842105263
chameleon,ClassBasedStratification,6,1,MixHop,103,1000,0.5241228070175439
chameleon,ClassBasedStratification,6,1,MixHop,104,1000,0.5241228070175439
chameleon,ClassBasedStratification,6,2,MLP,100,1000,0.5
chameleon,ClassBasedStratification,6,1,MixHop,105,1000,0.5372807017543859
chameleon,ClassBasedStratification,6,2,MLP,101,1000,0.4780701754385965
chameleon,ClassBasedStratification,6,2,MLP,102,1000,0.5043859649122807
chameleon,ClassBasedStratification,6,2,MLP,103,1000,0.5109649122807017
chameleon,ClassBasedStratification,6,2,MLP,104,1000,0.5021929824561403
chameleon,ClassBasedStratification,6,2,MLP,105,1000,0.5043859649122807
chameleon,ClassBasedStratification,6,2,MLP,106,1000,0.4956140350877193
chameleon,ClassBasedStratification,6,2,MLP,107,1000,0.5021929824561403
chameleon,ClassBasedStratification,6,2,MLP,108,1000,0.506578947368421
chameleon,ClassBasedStratification,6,2,MLP,109,1000,0.4868421052631579
chameleon,ClassBasedStratification,6,2,GCN,100,1000,0.2894736842105263
chameleon,ClassBasedStratification,6,2,GCN,101,1000,0.2872807017543859
chameleon,ClassBasedStratification,6,2,GCN,103,1000,0.2894736842105263
chameleon,ClassBasedStratification,6,2,GCN,102,1000,0.293859649122807
chameleon,ClassBasedStratification,6,2,GCN,104,1000,0.293859649122807
chameleon,ClassBasedStratification,6,2,GCN,105,1000,0.2894736842105263
chameleon,ClassBasedStratification,6,2,GCN,106,1000,0.3092105263157895
chameleon,ClassBasedStratification,6,2,GCN,107,1000,0.2785087719298245
chameleon,ClassBasedStratification,6,2,GCN,108,1000,0.2894736842105263
chameleon,ClassBasedStratification,6,2,GCN,109,1000,0.2697368421052631
chameleon,ClassBasedStratification,6,2,GAT,100,1000,0.4758771929824561
chameleon,ClassBasedStratification,6,2,GAT,101,1000,0.5
chameleon,ClassBasedStratification,6,2,GAT,102,1000,0.4539473684210526
chameleon,ClassBasedStratification,6,2,GAT,103,1000,0.4517543859649123
chameleon,ClassBasedStratification,6,2,GAT,104,1000,0.4956140350877193
chameleon,ClassBasedStratification,6,2,GAT,105,1000,0.4846491228070175
chameleon,ClassBasedStratification,6,1,MixHop,106,1000,0.5372807017543859
chameleon,ClassBasedStratification,6,1,MixHop,107,1000,0.5394736842105263
chameleon,ClassBasedStratification,6,2,GAT,106,1000,0.4605263157894737
chameleon,ClassBasedStratification,6,2,GAT,107,1000,0.4912280701754385
chameleon,ClassBasedStratification,6,2,GAT,108,1000,0.4824561403508772
chameleon,ClassBasedStratification,6,2,GAT,109,1000,0.4802631578947368
chameleon,ClassBasedStratification,6,1,MixHop,108,1000,0.5482456140350878
chameleon,ClassBasedStratification,6,1,MixHop,109,1000,0.5307017543859649
chameleon,ClassBasedStratification,6,2,SAGE,100,1000,0.5482456140350878
chameleon,ClassBasedStratification,6,2,SAGE,101,1000,0.5372807017543859
chameleon,ClassBasedStratification,6,2,SAGE,102,1000,0.5263157894736842
chameleon,ClassBasedStratification,6,2,SAGE,103,1000,0.5416666666666666
chameleon,ClassBasedStratification,6,2,SAGE,104,1000,0.543859649122807
chameleon,ClassBasedStratification,6,2,SAGE,105,1000,0.5548245614035088
chameleon,ClassBasedStratification,6,2,SAGE,106,1000,0.5285087719298246
chameleon,ClassBasedStratification,6,2,SAGE,107,1000,0.5175438596491229
chameleon,ClassBasedStratification,6,2,SAGE,108,1000,0.5285087719298246
chameleon,ClassBasedStratification,6,2,SAGE,109,1000,0.5394736842105263
chameleon,ClassBasedStratification,6,2,MixHop,100,1000,0.5350877192982456
chameleon,ClassBasedStratification,6,2,MixHop,101,1000,0.5504385964912281
chameleon,ClassBasedStratification,6,2,MixHop,102,1000,0.5328947368421053
chameleon,ClassBasedStratification,6,2,MixHop,103,1000,0.5350877192982456
chameleon,ClassBasedStratification,6,2,MixHop,104,1000,0.5328947368421053
chameleon,ClassBasedStratification,6,2,MixHop,105,1000,0.5460526315789473
chameleon,ClassBasedStratification,6,3,MLP,100,1000,0.5010989010989011
chameleon,ClassBasedStratification,6,3,MLP,101,1000,0.4967032967032967
chameleon,ClassBasedStratification,6,3,MLP,102,1000,0.5010989010989011
chameleon,ClassBasedStratification,6,3,MLP,103,1000,0.5032967032967033
chameleon,ClassBasedStratification,6,3,MLP,104,1000,0.4945054945054945
chameleon,ClassBasedStratification,6,3,MLP,105,1000,0.5032967032967033
chameleon,ClassBasedStratification,6,3,MLP,106,1000,0.4945054945054945
chameleon,ClassBasedStratification,6,3,MLP,107,1000,0.5164835164835165
chameleon,ClassBasedStratification,6,3,MLP,108,1000,0.4945054945054945
chameleon,ClassBasedStratification,6,3,MLP,109,1000,0.4967032967032967
chameleon,ClassBasedStratification,6,3,GCN,100,1000,0.3120879120879121
chameleon,ClassBasedStratification,6,3,GCN,101,1000,0.3054945054945055
chameleon,ClassBasedStratification,6,3,GCN,102,1000,0.3098901098901099
chameleon,ClassBasedStratification,6,3,GCN,103,1000,0.2945054945054945
chameleon,ClassBasedStratification,6,3,GCN,104,1000,0.3076923076923077
chameleon,ClassBasedStratification,6,3,GCN,105,1000,0.2923076923076923
chameleon,ClassBasedStratification,6,3,GCN,106,1000,0.3296703296703296
chameleon,ClassBasedStratification,6,3,GCN,107,1000,0.3076923076923077
chameleon,ClassBasedStratification,6,3,GCN,108,1000,0.3098901098901099
chameleon,ClassBasedStratification,6,3,GCN,109,1000,0.2879120879120879
chameleon,ClassBasedStratification,6,3,GAT,100,1000,0.4923076923076923
chameleon,ClassBasedStratification,6,3,GAT,101,1000,0.4835164835164835
chameleon,ClassBasedStratification,6,3,GAT,102,1000,0.4791208791208791
chameleon,ClassBasedStratification,6,3,GAT,103,1000,0.4659340659340659
chameleon,ClassBasedStratification,6,3,GAT,104,1000,0.4769230769230769
chameleon,ClassBasedStratification,6,3,GAT,105,1000,0.4791208791208791
chameleon,ClassBasedStratification,6,2,MixHop,106,1000,0.5482456140350878
chameleon,ClassBasedStratification,6,3,GAT,106,1000,0.5054945054945055
chameleon,ClassBasedStratification,6,2,MixHop,107,1000,0.5307017543859649
chameleon,ClassBasedStratification,6,3,GAT,107,1000,0.5054945054945055
chameleon,ClassBasedStratification,6,3,GAT,108,1000,0.5010989010989011
chameleon,ClassBasedStratification,6,3,GAT,109,1000,0.5032967032967033
chameleon,ClassBasedStratification,6,2,MixHop,108,1000,0.5328947368421053
chameleon,ClassBasedStratification,6,2,MixHop,109,1000,0.5482456140350878
chameleon,ClassBasedStratification,6,3,SAGE,100,1000,0.5582417582417583
chameleon,ClassBasedStratification,6,3,SAGE,101,1000,0.5692307692307692
chameleon,ClassBasedStratification,6,3,SAGE,102,1000,0.5582417582417583
chameleon,ClassBasedStratification,6,3,SAGE,103,1000,0.5428571428571428
chameleon,ClassBasedStratification,6,3,SAGE,104,1000,0.5648351648351648
chameleon,ClassBasedStratification,6,3,SAGE,105,1000,0.5736263736263736
chameleon,ClassBasedStratification,6,3,SAGE,106,1000,0.5560439560439561
chameleon,ClassBasedStratification,6,3,SAGE,107,1000,0.5582417582417583
chameleon,ClassBasedStratification,6,3,SAGE,108,1000,0.5516483516483517
chameleon,ClassBasedStratification,6,3,SAGE,109,1000,0.5406593406593406
chameleon,ClassBasedStratification,6,3,MixHop,100,1000,0.5538461538461539
chameleon,ClassBasedStratification,6,3,MixHop,101,1000,0.5472527472527473
chameleon,ClassBasedStratification,6,3,MixHop,102,1000,0.5736263736263736
chameleon,ClassBasedStratification,6,3,MixHop,103,1000,0.5538461538461539
chameleon,ClassBasedStratification,6,3,MixHop,104,1000,0.5560439560439561
chameleon,ClassBasedStratification,6,4,MLP,100,1000,0.5032967032967033
chameleon,ClassBasedStratification,6,3,MixHop,105,1000,0.5516483516483517
chameleon,ClassBasedStratification,6,4,MLP,101,1000,0.4791208791208791
chameleon,ClassBasedStratification,6,4,MLP,102,1000,0.4989010989010989
chameleon,ClassBasedStratification,6,4,MLP,103,1000,0.4791208791208791
chameleon,ClassBasedStratification,6,4,MLP,104,1000,0.4923076923076923
chameleon,ClassBasedStratification,6,4,MLP,105,1000,0.4989010989010989
chameleon,ClassBasedStratification,6,4,MLP,106,1000,0.5054945054945055
chameleon,ClassBasedStratification,6,4,MLP,107,1000,0.4813186813186813
chameleon,ClassBasedStratification,6,4,MLP,108,1000,0.4769230769230769
chameleon,ClassBasedStratification,6,4,MLP,109,1000,0.5054945054945055
chameleon,ClassBasedStratification,6,4,GCN,100,1000,0.3120879120879121
chameleon,ClassBasedStratification,6,4,GCN,101,1000,0.3164835164835164
chameleon,ClassBasedStratification,6,4,GCN,102,1000,0.3164835164835164
chameleon,ClassBasedStratification,6,4,GCN,103,1000,0.3230769230769231
chameleon,ClassBasedStratification,6,4,GCN,104,1000,0.3230769230769231
chameleon,ClassBasedStratification,6,4,GCN,105,1000,0.3230769230769231
chameleon,ClassBasedStratification,6,4,GCN,106,1000,0.3208791208791209
chameleon,ClassBasedStratification,6,4,GCN,107,1000,0.3054945054945055
chameleon,ClassBasedStratification,6,4,GCN,108,1000,0.3142857142857143
chameleon,ClassBasedStratification,6,4,GCN,109,1000,0.3186813186813186
chameleon,ClassBasedStratification,6,4,GAT,100,1000,0.4351648351648352
chameleon,ClassBasedStratification,6,4,GAT,101,1000,0.4615384615384615
chameleon,ClassBasedStratification,6,4,GAT,102,1000,0.4461538461538462
chameleon,ClassBasedStratification,6,4,GAT,103,1000,0.4527472527472527
chameleon,ClassBasedStratification,6,3,MixHop,106,1000,0.5516483516483517
chameleon,ClassBasedStratification,6,4,GAT,104,1000,0.4681318681318681
chameleon,ClassBasedStratification,6,4,GAT,105,1000,0.4835164835164835
chameleon,ClassBasedStratification,6,3,MixHop,107,1000,0.5714285714285714
chameleon,ClassBasedStratification,6,4,GAT,106,1000,0.4593406593406593
chameleon,ClassBasedStratification,6,4,GAT,107,1000,0.4615384615384615
chameleon,ClassBasedStratification,6,4,GAT,108,1000,0.4637362637362637
chameleon,ClassBasedStratification,6,4,GAT,109,1000,0.4615384615384615
chameleon,ClassBasedStratification,6,3,MixHop,108,1000,0.5560439560439561
chameleon,ClassBasedStratification,6,3,MixHop,109,1000,0.5714285714285714
chameleon,ClassBasedStratification,6,4,SAGE,100,1000,0.5318681318681319
chameleon,ClassBasedStratification,6,4,SAGE,101,1000,0.545054945054945
chameleon,ClassBasedStratification,6,4,SAGE,102,1000,0.5428571428571428
chameleon,ClassBasedStratification,6,4,SAGE,103,1000,0.5516483516483517
chameleon,ClassBasedStratification,6,4,SAGE,104,1000,0.5626373626373626
chameleon,ClassBasedStratification,6,4,SAGE,105,1000,0.5428571428571428
chameleon,ClassBasedStratification,6,4,SAGE,106,1000,0.5186813186813187
chameleon,ClassBasedStratification,6,4,SAGE,107,1000,0.5472527472527473
chameleon,ClassBasedStratification,6,4,SAGE,108,1000,0.5318681318681319
chameleon,ClassBasedStratification,6,4,SAGE,109,1000,0.5296703296703297
chameleon,ClassBasedStratification,6,4,MixHop,100,1000,0.5362637362637362
chameleon,ClassBasedStratification,6,4,MixHop,101,1000,0.5318681318681319
chameleon,ClassBasedStratification,6,4,MixHop,102,1000,0.5032967032967033
chameleon,ClassBasedStratification,6,4,MixHop,104,1000,0.545054945054945
chameleon,ClassBasedStratification,6,4,MixHop,103,1000,0.5142857142857142
chameleon,ClassBasedStratification,6,4,MixHop,105,1000,0.5516483516483517
chameleon,ClassBasedStratification,6,5,MLP,100,1000,0.512087912087912
chameleon,ClassBasedStratification,6,5,MLP,102,1000,0.4901098901098901
chameleon,ClassBasedStratification,6,5,MLP,101,1000,0.4945054945054945
chameleon,ClassBasedStratification,6,5,MLP,103,1000,0.5076923076923077
chameleon,ClassBasedStratification,6,5,MLP,104,1000,0.5098901098901099
chameleon,ClassBasedStratification,6,5,MLP,105,1000,0.4967032967032967
chameleon,ClassBasedStratification,6,5,MLP,106,1000,0.4879120879120879
chameleon,ClassBasedStratification,6,5,MLP,107,1000,0.4945054945054945
chameleon,ClassBasedStratification,6,5,MLP,108,1000,0.4967032967032967
chameleon,ClassBasedStratification,6,5,MLP,109,1000,0.4813186813186813
chameleon,ClassBasedStratification,6,5,GCN,100,1000,0.3318681318681318
chameleon,ClassBasedStratification,6,5,GCN,101,1000,0.3318681318681318
chameleon,ClassBasedStratification,6,5,GCN,102,1000,0.3054945054945055
chameleon,ClassBasedStratification,6,5,GCN,103,1000,0.3120879120879121
chameleon,ClassBasedStratification,6,5,GCN,104,1000,0.3406593406593406
chameleon,ClassBasedStratification,6,5,GCN,105,1000,0.3186813186813186
chameleon,ClassBasedStratification,6,5,GCN,106,1000,0.3120879120879121
chameleon,ClassBasedStratification,6,5,GCN,107,1000,0.3208791208791209
chameleon,ClassBasedStratification,6,5,GCN,108,1000,0.3252747252747253
chameleon,ClassBasedStratification,6,5,GCN,109,1000,0.3274725274725275
chameleon,ClassBasedStratification,6,5,GAT,100,1000,0.4857142857142857
chameleon,ClassBasedStratification,6,5,GAT,101,1000,0.4703296703296703
chameleon,ClassBasedStratification,6,5,GAT,102,1000,0.4769230769230769
chameleon,ClassBasedStratification,6,5,GAT,103,1000,0.5032967032967033
chameleon,ClassBasedStratification,6,5,GAT,104,1000,0.5010989010989011
chameleon,ClassBasedStratification,6,5,GAT,105,1000,0.5076923076923077
chameleon,ClassBasedStratification,6,4,MixHop,106,1000,0.5142857142857142
chameleon,ClassBasedStratification,6,4,MixHop,107,1000,0.5164835164835165
chameleon,ClassBasedStratification,6,5,GAT,106,1000,0.4791208791208791
chameleon,ClassBasedStratification,6,5,GAT,107,1000,0.4813186813186813
chameleon,ClassBasedStratification,6,5,GAT,108,1000,0.4637362637362637
chameleon,ClassBasedStratification,6,5,GAT,109,1000,0.4703296703296703
chameleon,ClassBasedStratification,6,4,MixHop,108,1000,0.5714285714285714
chameleon,ClassBasedStratification,6,4,MixHop,109,1000,0.5230769230769231
chameleon,ClassBasedStratification,6,5,SAGE,100,1000,0.5714285714285714
chameleon,ClassBasedStratification,6,5,SAGE,101,1000,0.5824175824175825
chameleon,ClassBasedStratification,6,5,SAGE,102,1000,0.5692307692307692
chameleon,ClassBasedStratification,6,5,SAGE,103,1000,0.5428571428571428
chameleon,ClassBasedStratification,6,5,SAGE,104,1000,0.5736263736263736
chameleon,ClassBasedStratification,6,5,SAGE,105,1000,0.5692307692307692
chameleon,ClassBasedStratification,6,5,SAGE,107,1000,0.5626373626373626
chameleon,ClassBasedStratification,6,5,SAGE,106,1000,0.5736263736263736
chameleon,ClassBasedStratification,6,5,SAGE,108,1000,0.5758241758241758
chameleon,ClassBasedStratification,6,5,SAGE,109,1000,0.5582417582417583
chameleon,ClassBasedStratification,6,5,MixHop,100,1000,0.5560439560439561
chameleon,ClassBasedStratification,6,5,MixHop,101,1000,0.5362637362637362
chameleon,ClassBasedStratification,6,5,MixHop,102,1000,0.5274725274725275
chameleon,ClassBasedStratification,6,5,MixHop,103,1000,0.5560439560439561
chameleon,ClassBasedStratification,6,5,MixHop,104,1000,0.5340659340659341
chameleon,ClassBasedStratification,6,5,MixHop,105,1000,0.5538461538461539
chameleon,ClassBasedStratification,6,5,MixHop,106,1000,0.5560439560439561
chameleon,ClassBasedStratification,6,5,MixHop,107,1000,0.5626373626373626
chameleon,ClassBasedStratification,6,5,MixHop,108,1000,0.545054945054945
chameleon,ClassBasedStratification,6,5,MixHop,109,1000,0.5406593406593406
chameleon,ClassBasedStratification,7,1,MLP,100,1000,0.4956140350877193
chameleon,ClassBasedStratification,7,1,MLP,101,1000,0.4868421052631579
chameleon,ClassBasedStratification,7,1,MLP,103,1000,0.4934210526315789
chameleon,ClassBasedStratification,7,1,MLP,102,1000,0.5241228070175439
chameleon,ClassBasedStratification,7,1,MLP,105,1000,0.4780701754385965
chameleon,ClassBasedStratification,7,1,MLP,104,1000,0.4736842105263157
chameleon,ClassBasedStratification,7,1,MLP,107,1000,0.5219298245614035
chameleon,ClassBasedStratification,7,1,MLP,109,1000,0.4692982456140351
chameleon,ClassBasedStratification,7,1,MLP,106,1000,0.5021929824561403
chameleon,ClassBasedStratification,7,1,MLP,108,1000,0.5109649122807017
chameleon,ClassBasedStratification,7,1,GCN,100,1000,0.3223684210526316
chameleon,ClassBasedStratification,7,1,GCN,101,1000,0.3135964912280701
chameleon,ClassBasedStratification,7,1,GCN,102,1000,0.3245614035087719
chameleon,ClassBasedStratification,7,1,GCN,103,1000,0.2741228070175439
chameleon,ClassBasedStratification,7,1,GCN,104,1000,0.3399122807017544
chameleon,ClassBasedStratification,7,1,GCN,105,1000,0.3223684210526316
chameleon,ClassBasedStratification,7,1,GCN,106,1000,0.3267543859649123
chameleon,ClassBasedStratification,7,1,GCN,107,1000,0.3245614035087719
chameleon,ClassBasedStratification,7,1,GCN,108,1000,0.3048245614035088
chameleon,ClassBasedStratification,7,1,GCN,109,1000,0.3399122807017544
chameleon,ClassBasedStratification,7,1,GAT,100,1000,0.4210526315789473
chameleon,ClassBasedStratification,7,1,GAT,101,1000,0.5043859649122807
chameleon,ClassBasedStratification,7,1,GAT,102,1000,0.462719298245614
chameleon,ClassBasedStratification,7,1,GAT,103,1000,0.4671052631578947
chameleon,ClassBasedStratification,7,1,GAT,104,1000,0.4671052631578947
chameleon,ClassBasedStratification,7,1,GAT,105,1000,0.4956140350877193
chameleon,ClassBasedStratification,7,1,GAT,106,1000,0.4846491228070175
chameleon,ClassBasedStratification,7,1,GAT,107,1000,0.4429824561403508
chameleon,ClassBasedStratification,7,1,GAT,108,1000,0.4758771929824561
chameleon,ClassBasedStratification,7,1,GAT,109,1000,0.4780701754385965
chameleon,ClassBasedStratification,7,1,SAGE,100,1000,0.5241228070175439
chameleon,ClassBasedStratification,7,1,SAGE,101,1000,0.4978070175438596
chameleon,ClassBasedStratification,7,1,SAGE,102,1000,0.5131578947368421
chameleon,ClassBasedStratification,7,1,SAGE,103,1000,0.5021929824561403
chameleon,ClassBasedStratification,7,1,SAGE,104,1000,0.5241228070175439
chameleon,ClassBasedStratification,7,1,SAGE,105,1000,0.5043859649122807
chameleon,ClassBasedStratification,7,1,SAGE,107,1000,0.506578947368421
chameleon,ClassBasedStratification,7,1,SAGE,106,1000,0.4780701754385965
chameleon,ClassBasedStratification,7,1,SAGE,108,1000,0.5197368421052632
chameleon,ClassBasedStratification,7,1,SAGE,109,1000,0.5175438596491229
chameleon,ClassBasedStratification,7,1,MixHop,100,1000,0.4868421052631579
chameleon,ClassBasedStratification,7,1,MixHop,101,1000,0.4956140350877193
chameleon,ClassBasedStratification,7,1,MixHop,102,1000,0.5021929824561403
chameleon,ClassBasedStratification,7,1,MixHop,103,1000,0.5109649122807017
chameleon,ClassBasedStratification,7,1,MixHop,104,1000,0.5109649122807017
chameleon,ClassBasedStratification,7,1,MixHop,105,1000,0.5548245614035088
chameleon,ClassBasedStratification,7,2,MLP,100,1000,0.5263157894736842
chameleon,ClassBasedStratification,7,2,MLP,101,1000,0.5241228070175439
chameleon,ClassBasedStratification,7,2,MLP,102,1000,0.5350877192982456
chameleon,ClassBasedStratification,7,2,MLP,103,1000,0.5328947368421053
chameleon,ClassBasedStratification,7,2,MLP,104,1000,0.506578947368421
chameleon,ClassBasedStratification,7,2,MLP,105,1000,0.5285087719298246
chameleon,ClassBasedStratification,7,2,MLP,106,1000,0.5285087719298246
chameleon,ClassBasedStratification,7,2,MLP,107,1000,0.5482456140350878
chameleon,ClassBasedStratification,7,2,MLP,108,1000,0.5263157894736842
chameleon,ClassBasedStratification,7,2,MLP,109,1000,0.5153508771929824
chameleon,ClassBasedStratification,7,2,GCN,100,1000,0.3311403508771929
chameleon,ClassBasedStratification,7,2,GCN,101,1000,0.3179824561403508
chameleon,ClassBasedStratification,7,2,GCN,102,1000,0.3464912280701754
chameleon,ClassBasedStratification,7,2,GCN,103,1000,0.3399122807017544
chameleon,ClassBasedStratification,7,2,GCN,104,1000,0.3179824561403508
chameleon,ClassBasedStratification,7,2,GCN,105,1000,0.3530701754385965
chameleon,ClassBasedStratification,7,2,GCN,106,1000,0.3442982456140351
chameleon,ClassBasedStratification,7,2,GCN,107,1000,0.3223684210526316
chameleon,ClassBasedStratification,7,2,GCN,108,1000,0.3421052631578947
chameleon,ClassBasedStratification,7,2,GCN,109,1000,0.337719298245614
chameleon,ClassBasedStratification,7,2,GAT,100,1000,0.5
chameleon,ClassBasedStratification,7,2,GAT,101,1000,0.4802631578947368
chameleon,ClassBasedStratification,7,2,GAT,102,1000,0.4956140350877193
chameleon,ClassBasedStratification,7,2,GAT,103,1000,0.5131578947368421
chameleon,ClassBasedStratification,7,2,GAT,104,1000,0.5153508771929824
chameleon,ClassBasedStratification,7,2,GAT,105,1000,0.5021929824561403
chameleon,ClassBasedStratification,7,1,MixHop,106,1000,0.5109649122807017
chameleon,ClassBasedStratification,7,1,MixHop,107,1000,0.4802631578947368
chameleon,ClassBasedStratification,7,2,GAT,106,1000,0.4824561403508772
chameleon,ClassBasedStratification,7,2,GAT,107,1000,0.5109649122807017
chameleon,ClassBasedStratification,7,2,GAT,108,1000,0.4978070175438596
chameleon,ClassBasedStratification,7,2,GAT,109,1000,0.4934210526315789
chameleon,ClassBasedStratification,7,1,MixHop,108,1000,0.5109649122807017
chameleon,ClassBasedStratification,7,1,MixHop,109,1000,0.5109649122807017
chameleon,ClassBasedStratification,7,2,SAGE,100,1000,0.5921052631578947
chameleon,ClassBasedStratification,7,2,SAGE,101,1000,0.5635964912280702
chameleon,ClassBasedStratification,7,2,SAGE,102,1000,0.5964912280701754
chameleon,ClassBasedStratification,7,2,SAGE,103,1000,0.5964912280701754
chameleon,ClassBasedStratification,7,2,SAGE,104,1000,0.581140350877193
chameleon,ClassBasedStratification,7,2,SAGE,105,1000,0.5942982456140351
chameleon,ClassBasedStratification,7,2,SAGE,106,1000,0.5833333333333334
chameleon,ClassBasedStratification,7,2,SAGE,107,1000,0.6140350877192983
chameleon,ClassBasedStratification,7,2,SAGE,108,1000,0.5657894736842105
chameleon,ClassBasedStratification,7,2,SAGE,109,1000,0.6228070175438597
chameleon,ClassBasedStratification,7,2,MixHop,100,1000,0.5701754385964912
chameleon,ClassBasedStratification,7,2,MixHop,101,1000,0.5635964912280702
chameleon,ClassBasedStratification,7,2,MixHop,102,1000,0.5679824561403509
chameleon,ClassBasedStratification,7,2,MixHop,103,1000,0.5833333333333334
chameleon,ClassBasedStratification,7,2,MixHop,105,1000,0.581140350877193
chameleon,ClassBasedStratification,7,2,MixHop,104,1000,0.5657894736842105
chameleon,ClassBasedStratification,7,3,MLP,100,1000,0.4989010989010989
chameleon,ClassBasedStratification,7,3,MLP,101,1000,0.4747252747252747
chameleon,ClassBasedStratification,7,3,MLP,102,1000,0.4835164835164835
chameleon,ClassBasedStratification,7,3,MLP,103,1000,0.5076923076923077
chameleon,ClassBasedStratification,7,3,MLP,105,1000,0.4659340659340659
chameleon,ClassBasedStratification,7,3,MLP,104,1000,0.4835164835164835
chameleon,ClassBasedStratification,7,3,MLP,106,1000,0.4835164835164835
chameleon,ClassBasedStratification,7,3,MLP,107,1000,0.4901098901098901
chameleon,ClassBasedStratification,7,3,MLP,108,1000,0.5010989010989011
chameleon,ClassBasedStratification,7,3,MLP,109,1000,0.4923076923076923
chameleon,ClassBasedStratification,7,3,GCN,100,1000,0.3296703296703296
chameleon,ClassBasedStratification,7,3,GCN,101,1000,0.3252747252747253
chameleon,ClassBasedStratification,7,3,GCN,102,1000,0.3384615384615385
chameleon,ClassBasedStratification,7,3,GCN,103,1000,0.3252747252747253
chameleon,ClassBasedStratification,7,3,GCN,104,1000,0.3230769230769231
chameleon,ClassBasedStratification,7,3,GCN,105,1000,0.3252747252747253
chameleon,ClassBasedStratification,7,3,GCN,106,1000,0.3274725274725275
chameleon,ClassBasedStratification,7,3,GCN,107,1000,0.3384615384615385
chameleon,ClassBasedStratification,7,3,GCN,108,1000,0.3098901098901099
chameleon,ClassBasedStratification,7,3,GCN,109,1000,0.3098901098901099
chameleon,ClassBasedStratification,7,3,GAT,100,1000,0.4615384615384615
chameleon,ClassBasedStratification,7,3,GAT,101,1000,0.4769230769230769
chameleon,ClassBasedStratification,7,3,GAT,102,1000,0.4549450549450549
chameleon,ClassBasedStratification,7,3,GAT,103,1000,0.4703296703296703
chameleon,ClassBasedStratification,7,3,GAT,104,1000,0.4901098901098901
chameleon,ClassBasedStratification,7,3,GAT,105,1000,0.4703296703296703
chameleon,ClassBasedStratification,7,3,GAT,106,1000,0.4615384615384615
chameleon,ClassBasedStratification,7,3,GAT,107,1000,0.4659340659340659
chameleon,ClassBasedStratification,7,2,MixHop,106,1000,0.5657894736842105
chameleon,ClassBasedStratification,7,2,MixHop,107,1000,0.5701754385964912
chameleon,ClassBasedStratification,7,3,GAT,108,1000,0.4637362637362637
chameleon,ClassBasedStratification,7,3,GAT,109,1000,0.4637362637362637
chameleon,ClassBasedStratification,7,2,MixHop,108,1000,0.5745614035087719
chameleon,ClassBasedStratification,7,2,MixHop,109,1000,0.5679824561403509
chameleon,ClassBasedStratification,7,3,SAGE,100,1000,0.5626373626373626
chameleon,ClassBasedStratification,7,3,SAGE,101,1000,0.5648351648351648
chameleon,ClassBasedStratification,7,3,SAGE,102,1000,0.5516483516483517
chameleon,ClassBasedStratification,7,3,SAGE,103,1000,0.5604395604395604
chameleon,ClassBasedStratification,7,3,SAGE,104,1000,0.567032967032967
chameleon,ClassBasedStratification,7,3,SAGE,105,1000,0.578021978021978
chameleon,ClassBasedStratification,7,3,SAGE,106,1000,0.5560439560439561
chameleon,ClassBasedStratification,7,3,SAGE,107,1000,0.5560439560439561
chameleon,ClassBasedStratification,7,3,SAGE,108,1000,0.5494505494505495
chameleon,ClassBasedStratification,7,3,SAGE,109,1000,0.5538461538461539
chameleon,ClassBasedStratification,7,3,MixHop,100,1000,0.5428571428571428
chameleon,ClassBasedStratification,7,3,MixHop,101,1000,0.5516483516483517
chameleon,ClassBasedStratification,7,3,MixHop,102,1000,0.5208791208791209
chameleon,ClassBasedStratification,7,3,MixHop,103,1000,0.5428571428571428
chameleon,ClassBasedStratification,7,3,MixHop,104,1000,0.5582417582417583
chameleon,ClassBasedStratification,7,3,MixHop,105,1000,0.5362637362637362
chameleon,ClassBasedStratification,7,4,MLP,100,1000,0.5186813186813187
chameleon,ClassBasedStratification,7,4,MLP,101,1000,0.4967032967032967
chameleon,ClassBasedStratification,7,4,MLP,102,1000,0.5076923076923077
chameleon,ClassBasedStratification,7,4,MLP,103,1000,0.5208791208791209
chameleon,ClassBasedStratification,7,4,MLP,104,1000,0.5032967032967033
chameleon,ClassBasedStratification,7,4,MLP,105,1000,0.5230769230769231
chameleon,ClassBasedStratification,7,4,MLP,106,1000,0.5098901098901099
chameleon,ClassBasedStratification,7,4,MLP,107,1000,0.5010989010989011
chameleon,ClassBasedStratification,7,4,MLP,108,1000,0.5076923076923077
chameleon,ClassBasedStratification,7,4,MLP,109,1000,0.5142857142857142
chameleon,ClassBasedStratification,7,4,GCN,100,1000,0.3098901098901099
chameleon,ClassBasedStratification,7,4,GCN,101,1000,0.3010989010989011
chameleon,ClassBasedStratification,7,4,GCN,102,1000,0.3142857142857143
chameleon,ClassBasedStratification,7,4,GCN,103,1000,0.2967032967032967
chameleon,ClassBasedStratification,7,4,GCN,104,1000,0.3164835164835164
chameleon,ClassBasedStratification,7,4,GCN,105,1000,0.2967032967032967
chameleon,ClassBasedStratification,7,4,GCN,106,1000,0.3076923076923077
chameleon,ClassBasedStratification,7,4,GCN,107,1000,0.3054945054945055
chameleon,ClassBasedStratification,7,4,GCN,108,1000,0.3164835164835164
chameleon,ClassBasedStratification,7,4,GCN,109,1000,0.3054945054945055
chameleon,ClassBasedStratification,7,4,GAT,100,1000,0.4813186813186813
chameleon,ClassBasedStratification,7,4,GAT,101,1000,0.4835164835164835
chameleon,ClassBasedStratification,7,4,GAT,102,1000,0.4769230769230769
chameleon,ClassBasedStratification,7,4,GAT,103,1000,0.4571428571428571
chameleon,ClassBasedStratification,7,4,GAT,104,1000,0.4681318681318681
chameleon,ClassBasedStratification,7,4,GAT,105,1000,0.4923076923076923
chameleon,ClassBasedStratification,7,3,MixHop,106,1000,0.5362637362637362
chameleon,ClassBasedStratification,7,3,MixHop,107,1000,0.5494505494505495
chameleon,ClassBasedStratification,7,4,GAT,106,1000,0.4725274725274725
chameleon,ClassBasedStratification,7,4,GAT,107,1000,0.4923076923076923
chameleon,ClassBasedStratification,7,4,GAT,108,1000,0.4725274725274725
chameleon,ClassBasedStratification,7,4,GAT,109,1000,0.4725274725274725
chameleon,ClassBasedStratification,7,3,MixHop,108,1000,0.5560439560439561
chameleon,ClassBasedStratification,7,3,MixHop,109,1000,0.5208791208791209
chameleon,ClassBasedStratification,7,4,SAGE,100,1000,0.5340659340659341
chameleon,ClassBasedStratification,7,4,SAGE,101,1000,0.5406593406593406
chameleon,ClassBasedStratification,7,4,SAGE,102,1000,0.5560439560439561
chameleon,ClassBasedStratification,7,4,SAGE,103,1000,0.5626373626373626
chameleon,ClassBasedStratification,7,4,SAGE,104,1000,0.567032967032967
chameleon,ClassBasedStratification,7,4,SAGE,105,1000,0.567032967032967
chameleon,ClassBasedStratification,7,4,SAGE,106,1000,0.5582417582417583
chameleon,ClassBasedStratification,7,4,SAGE,107,1000,0.5626373626373626
chameleon,ClassBasedStratification,7,4,SAGE,108,1000,0.5516483516483517
chameleon,ClassBasedStratification,7,4,SAGE,109,1000,0.567032967032967
chameleon,ClassBasedStratification,7,4,MixHop,100,1000,0.5560439560439561
chameleon,ClassBasedStratification,7,4,MixHop,101,1000,0.5736263736263736
chameleon,ClassBasedStratification,7,4,MixHop,102,1000,0.5516483516483517
chameleon,ClassBasedStratification,7,4,MixHop,103,1000,0.5736263736263736
chameleon,ClassBasedStratification,7,4,MixHop,104,1000,0.5538461538461539
chameleon,ClassBasedStratification,7,5,MLP,100,1000,0.4901098901098901
chameleon,ClassBasedStratification,7,5,MLP,101,1000,0.5230769230769231
chameleon,ClassBasedStratification,7,4,MixHop,105,1000,0.5560439560439561
chameleon,ClassBasedStratification,7,5,MLP,102,1000,0.4967032967032967
chameleon,ClassBasedStratification,7,5,MLP,103,1000,0.5142857142857142
chameleon,ClassBasedStratification,7,5,MLP,104,1000,0.4901098901098901
chameleon,ClassBasedStratification,7,5,MLP,105,1000,0.5010989010989011
chameleon,ClassBasedStratification,7,5,MLP,106,1000,0.4923076923076923
chameleon,ClassBasedStratification,7,5,MLP,107,1000,0.5142857142857142
chameleon,ClassBasedStratification,7,5,MLP,108,1000,0.4857142857142857
chameleon,ClassBasedStratification,7,5,MLP,109,1000,0.4901098901098901
chameleon,ClassBasedStratification,7,5,GCN,100,1000,0.3032967032967033
chameleon,ClassBasedStratification,7,5,GCN,101,1000,0.3164835164835164
chameleon,ClassBasedStratification,7,5,GCN,102,1000,0.3010989010989011
chameleon,ClassBasedStratification,7,5,GCN,103,1000,0.2923076923076923
chameleon,ClassBasedStratification,7,5,GCN,104,1000,0.2879120879120879
chameleon,ClassBasedStratification,7,5,GCN,105,1000,0.2879120879120879
chameleon,ClassBasedStratification,7,5,GCN,106,1000,0.2901098901098901
chameleon,ClassBasedStratification,7,5,GCN,107,1000,0.2879120879120879
chameleon,ClassBasedStratification,7,5,GCN,108,1000,0.2835164835164835
chameleon,ClassBasedStratification,7,5,GCN,109,1000,0.2901098901098901
chameleon,ClassBasedStratification,7,5,GAT,100,1000,0.4725274725274725
chameleon,ClassBasedStratification,7,5,GAT,101,1000,0.4967032967032967
chameleon,ClassBasedStratification,7,5,GAT,102,1000,0.4769230769230769
chameleon,ClassBasedStratification,7,5,GAT,103,1000,0.4703296703296703
chameleon,ClassBasedStratification,7,5,GAT,104,1000,0.4769230769230769
chameleon,ClassBasedStratification,7,5,GAT,105,1000,0.4989010989010989
chameleon,ClassBasedStratification,7,5,GAT,107,1000,0.4923076923076923
chameleon,ClassBasedStratification,7,5,GAT,106,1000,0.4835164835164835
chameleon,ClassBasedStratification,7,4,MixHop,106,1000,0.5692307692307692
chameleon,ClassBasedStratification,7,4,MixHop,107,1000,0.5604395604395604
chameleon,ClassBasedStratification,7,5,GAT,108,1000,0.4879120879120879
chameleon,ClassBasedStratification,7,5,GAT,109,1000,0.4835164835164835
chameleon,ClassBasedStratification,7,4,MixHop,108,1000,0.5626373626373626
chameleon,ClassBasedStratification,7,4,MixHop,109,1000,0.5538461538461539
chameleon,ClassBasedStratification,7,5,SAGE,100,1000,0.5626373626373626
chameleon,ClassBasedStratification,7,5,SAGE,101,1000,0.5494505494505495
chameleon,ClassBasedStratification,7,5,SAGE,102,1000,0.5406593406593406
chameleon,ClassBasedStratification,7,5,SAGE,103,1000,0.5626373626373626
chameleon,ClassBasedStratification,7,5,SAGE,104,1000,0.5318681318681319
chameleon,ClassBasedStratification,7,5,SAGE,105,1000,0.5362637362637362
chameleon,ClassBasedStratification,7,5,SAGE,106,1000,0.5296703296703297
chameleon,ClassBasedStratification,7,5,SAGE,107,1000,0.5494505494505495
chameleon,ClassBasedStratification,7,5,SAGE,108,1000,0.5538461538461539
chameleon,ClassBasedStratification,7,5,SAGE,109,1000,0.5318681318681319
chameleon,ClassBasedStratification,7,5,MixHop,100,1000,0.5230769230769231
chameleon,ClassBasedStratification,7,5,MixHop,101,1000,0.5274725274725275
chameleon,ClassBasedStratification,7,5,MixHop,102,1000,0.5472527472527473
chameleon,ClassBasedStratification,7,5,MixHop,103,1000,0.5098901098901099
chameleon,ClassBasedStratification,7,5,MixHop,105,1000,0.5274725274725275
chameleon,ClassBasedStratification,7,5,MixHop,104,1000,0.5406593406593406
chameleon,ClassBasedStratification,7,5,MixHop,106,1000,0.5582417582417583
chameleon,ClassBasedStratification,7,5,MixHop,107,1000,0.5296703296703297
chameleon,ClassBasedStratification,7,5,MixHop,108,1000,0.5604395604395604
chameleon,ClassBasedStratification,7,5,MixHop,109,1000,0.5186813186813187
chameleon,ClassBasedStratification,8,1,MLP,105,1000,0.5153508771929824
chameleon,ClassBasedStratification,8,1,MLP,103,1000,0.5219298245614035
chameleon,ClassBasedStratification,8,1,MLP,104,1000,0.4802631578947368
chameleon,ClassBasedStratification,8,1,MLP,102,1000,0.5219298245614035
chameleon,ClassBasedStratification,8,1,MLP,101,1000,0.5
chameleon,ClassBasedStratification,8,1,MLP,100,1000,0.5197368421052632
chameleon,ClassBasedStratification,8,1,MLP,108,1000,0.5307017543859649
chameleon,ClassBasedStratification,8,1,MLP,107,1000,0.5087719298245614
chameleon,ClassBasedStratification,8,1,MLP,109,1000,0.5043859649122807
chameleon,ClassBasedStratification,8,1,MLP,106,1000,0.4956140350877193
chameleon,ClassBasedStratification,8,1,GCN,100,1000,0.3399122807017544
chameleon,ClassBasedStratification,8,1,GCN,101,1000,0.3355263157894737
chameleon,ClassBasedStratification,8,1,GCN,102,1000,0.3596491228070175
chameleon,ClassBasedStratification,8,1,GCN,103,1000,0.3289473684210526
chameleon,ClassBasedStratification,8,1,GCN,104,1000,0.3421052631578947
chameleon,ClassBasedStratification,8,1,GCN,105,1000,0.3179824561403508
chameleon,ClassBasedStratification,8,1,GCN,106,1000,0.3442982456140351
chameleon,ClassBasedStratification,8,1,GCN,107,1000,0.3552631578947368
chameleon,ClassBasedStratification,8,1,GCN,108,1000,0.3530701754385965
chameleon,ClassBasedStratification,8,1,GCN,109,1000,0.3355263157894737
chameleon,ClassBasedStratification,8,1,GAT,101,1000,0.4890350877192982
chameleon,ClassBasedStratification,8,1,GAT,100,1000,0.4649122807017544
chameleon,ClassBasedStratification,8,1,GAT,102,1000,0.462719298245614
chameleon,ClassBasedStratification,8,1,GAT,103,1000,0.4714912280701754
chameleon,ClassBasedStratification,8,1,GAT,104,1000,0.5043859649122807
chameleon,ClassBasedStratification,8,1,GAT,105,1000,0.4846491228070175
chameleon,ClassBasedStratification,8,1,GAT,107,1000,0.4736842105263157
chameleon,ClassBasedStratification,8,1,GAT,106,1000,0.4736842105263157
chameleon,ClassBasedStratification,8,1,GAT,109,1000,0.4671052631578947
chameleon,ClassBasedStratification,8,1,GAT,108,1000,0.4692982456140351
chameleon,ClassBasedStratification,8,1,SAGE,100,1000,0.5482456140350878
chameleon,ClassBasedStratification,8,1,SAGE,101,1000,0.5592105263157895
chameleon,ClassBasedStratification,8,1,SAGE,102,1000,0.5416666666666666
chameleon,ClassBasedStratification,8,1,SAGE,103,1000,0.5504385964912281
chameleon,ClassBasedStratification,8,1,SAGE,104,1000,0.5548245614035088
chameleon,ClassBasedStratification,8,1,SAGE,105,1000,0.5921052631578947
chameleon,ClassBasedStratification,8,1,SAGE,106,1000,0.5350877192982456
chameleon,ClassBasedStratification,8,1,SAGE,107,1000,0.5416666666666666
chameleon,ClassBasedStratification,8,1,SAGE,109,1000,0.5657894736842105
chameleon,ClassBasedStratification,8,1,SAGE,108,1000,0.5482456140350878
chameleon,ClassBasedStratification,8,1,MixHop,101,1000,0.5679824561403509
chameleon,ClassBasedStratification,8,1,MixHop,100,1000,0.5526315789473685
chameleon,ClassBasedStratification,8,1,MixHop,102,1000,0.5635964912280702
chameleon,ClassBasedStratification,8,1,MixHop,103,1000,0.5526315789473685
chameleon,ClassBasedStratification,8,1,MixHop,105,1000,0.5504385964912281
chameleon,ClassBasedStratification,8,2,MLP,100,1000,0.4561403508771929
chameleon,ClassBasedStratification,8,1,MixHop,104,1000,0.5526315789473685
chameleon,ClassBasedStratification,8,2,MLP,101,1000,0.4561403508771929
chameleon,ClassBasedStratification,8,2,MLP,102,1000,0.4583333333333333
chameleon,ClassBasedStratification,8,2,MLP,103,1000,0.4649122807017544
chameleon,ClassBasedStratification,8,2,MLP,104,1000,0.4605263157894737
chameleon,ClassBasedStratification,8,2,MLP,105,1000,0.4473684210526316
chameleon,ClassBasedStratification,8,2,MLP,106,1000,0.4495614035087719
chameleon,ClassBasedStratification,8,2,MLP,107,1000,0.4671052631578947
chameleon,ClassBasedStratification,8,2,MLP,108,1000,0.4649122807017544
chameleon,ClassBasedStratification,8,2,MLP,109,1000,0.4407894736842105
chameleon,ClassBasedStratification,8,2,GCN,100,1000,0.2916666666666667
chameleon,ClassBasedStratification,8,2,GCN,101,1000,0.300438596491228
chameleon,ClassBasedStratification,8,2,GCN,102,1000,0.2785087719298245
chameleon,ClassBasedStratification,8,2,GCN,103,1000,0.2828947368421052
chameleon,ClassBasedStratification,8,2,GCN,104,1000,0.2785087719298245
chameleon,ClassBasedStratification,8,2,GCN,105,1000,0.2828947368421052
chameleon,ClassBasedStratification,8,2,GCN,106,1000,0.293859649122807
chameleon,ClassBasedStratification,8,2,GCN,107,1000,0.2960526315789473
chameleon,ClassBasedStratification,8,2,GCN,108,1000,0.2850877192982456
chameleon,ClassBasedStratification,8,2,GCN,109,1000,0.2894736842105263
chameleon,ClassBasedStratification,8,2,GAT,100,1000,0.4692982456140351
chameleon,ClassBasedStratification,8,2,GAT,101,1000,0.4736842105263157
chameleon,ClassBasedStratification,8,2,GAT,102,1000,0.4473684210526316
chameleon,ClassBasedStratification,8,2,GAT,103,1000,0.4605263157894737
chameleon,ClassBasedStratification,8,2,GAT,104,1000,0.4451754385964912
chameleon,ClassBasedStratification,8,2,GAT,105,1000,0.4649122807017544
chameleon,ClassBasedStratification,8,1,MixHop,107,1000,0.5482456140350878
chameleon,ClassBasedStratification,8,1,MixHop,106,1000,0.5307017543859649
chameleon,ClassBasedStratification,8,2,GAT,106,1000,0.4758771929824561
chameleon,ClassBasedStratification,8,2,GAT,107,1000,0.4671052631578947
chameleon,ClassBasedStratification,8,2,GAT,108,1000,0.4605263157894737
chameleon,ClassBasedStratification,8,2,GAT,109,1000,0.4561403508771929
chameleon,ClassBasedStratification,8,1,MixHop,108,1000,0.5460526315789473
chameleon,ClassBasedStratification,8,1,MixHop,109,1000,0.5285087719298246
chameleon,ClassBasedStratification,8,2,SAGE,101,1000,0.5043859649122807
chameleon,ClassBasedStratification,8,2,SAGE,100,1000,0.5
chameleon,ClassBasedStratification,8,2,SAGE,102,1000,0.5109649122807017
chameleon,ClassBasedStratification,8,2,SAGE,103,1000,0.5328947368421053
chameleon,ClassBasedStratification,8,2,SAGE,104,1000,0.5109649122807017
chameleon,ClassBasedStratification,8,2,SAGE,105,1000,0.5263157894736842
chameleon,ClassBasedStratification,8,2,SAGE,107,1000,0.5109649122807017
chameleon,ClassBasedStratification,8,2,SAGE,106,1000,0.5087719298245614
chameleon,ClassBasedStratification,8,2,SAGE,108,1000,0.5
chameleon,ClassBasedStratification,8,2,SAGE,109,1000,0.5219298245614035
chameleon,ClassBasedStratification,8,2,MixHop,100,1000,0.5153508771929824
chameleon,ClassBasedStratification,8,2,MixHop,101,1000,0.5131578947368421
chameleon,ClassBasedStratification,8,2,MixHop,102,1000,0.4934210526315789
chameleon,ClassBasedStratification,8,2,MixHop,103,1000,0.4978070175438596
chameleon,ClassBasedStratification,8,2,MixHop,104,1000,0.5328947368421053
chameleon,ClassBasedStratification,8,3,MLP,100,1000,0.4769230769230769
chameleon,ClassBasedStratification,8,3,MLP,101,1000,0.4967032967032967
chameleon,ClassBasedStratification,8,2,MixHop,105,1000,0.5197368421052632
chameleon,ClassBasedStratification,8,3,MLP,102,1000,0.4659340659340659
chameleon,ClassBasedStratification,8,3,MLP,103,1000,0.4769230769230769
chameleon,ClassBasedStratification,8,3,MLP,104,1000,0.4769230769230769
chameleon,ClassBasedStratification,8,3,MLP,105,1000,0.4637362637362637
chameleon,ClassBasedStratification,8,3,MLP,106,1000,0.4879120879120879
chameleon,ClassBasedStratification,8,3,MLP,108,1000,0.4945054945054945
chameleon,ClassBasedStratification,8,3,MLP,107,1000,0.4659340659340659
chameleon,ClassBasedStratification,8,3,MLP,109,1000,0.4747252747252747
chameleon,ClassBasedStratification,8,3,GCN,100,1000,0.2879120879120879
chameleon,ClassBasedStratification,8,3,GCN,101,1000,0.2769230769230769
chameleon,ClassBasedStratification,8,3,GCN,102,1000,0.2879120879120879
chameleon,ClassBasedStratification,8,3,GCN,103,1000,0.2879120879120879
chameleon,ClassBasedStratification,8,3,GCN,104,1000,0.2989010989010989
chameleon,ClassBasedStratification,8,3,GCN,105,1000,0.2747252747252747
chameleon,ClassBasedStratification,8,3,GCN,106,1000,0.2923076923076923
chameleon,ClassBasedStratification,8,3,GCN,107,1000,0.2791208791208791
chameleon,ClassBasedStratification,8,3,GCN,108,1000,0.2747252747252747
chameleon,ClassBasedStratification,8,3,GCN,109,1000,0.2945054945054945
chameleon,ClassBasedStratification,8,3,GAT,100,1000,0.4703296703296703
chameleon,ClassBasedStratification,8,3,GAT,101,1000,0.4967032967032967
chameleon,ClassBasedStratification,8,3,GAT,102,1000,0.4527472527472527
chameleon,ClassBasedStratification,8,3,GAT,103,1000,0.4549450549450549
chameleon,ClassBasedStratification,8,3,GAT,104,1000,0.4461538461538462
chameleon,ClassBasedStratification,8,3,GAT,105,1000,0.4747252747252747
chameleon,ClassBasedStratification,8,3,GAT,106,1000,0.4637362637362637
chameleon,ClassBasedStratification,8,3,GAT,107,1000,0.4879120879120879
chameleon,ClassBasedStratification,8,2,MixHop,106,1000,0.5043859649122807
chameleon,ClassBasedStratification,8,2,MixHop,107,1000,0.4912280701754385
chameleon,ClassBasedStratification,8,3,GAT,108,1000,0.4879120879120879
chameleon,ClassBasedStratification,8,3,GAT,109,1000,0.4813186813186813
chameleon,ClassBasedStratification,8,2,MixHop,108,1000,0.5131578947368421
chameleon,ClassBasedStratification,8,2,MixHop,109,1000,0.4912280701754385
chameleon,ClassBasedStratification,8,3,SAGE,100,1000,0.5296703296703297
chameleon,ClassBasedStratification,8,3,SAGE,101,1000,0.5494505494505495
chameleon,ClassBasedStratification,8,3,SAGE,102,1000,0.512087912087912
chameleon,ClassBasedStratification,8,3,SAGE,103,1000,0.5714285714285714
chameleon,ClassBasedStratification,8,3,SAGE,104,1000,0.5538461538461539
chameleon,ClassBasedStratification,8,3,SAGE,105,1000,0.5406593406593406
chameleon,ClassBasedStratification,8,3,SAGE,106,1000,0.5604395604395604
chameleon,ClassBasedStratification,8,3,SAGE,107,1000,0.5428571428571428
chameleon,ClassBasedStratification,8,3,SAGE,108,1000,0.5472527472527473
chameleon,ClassBasedStratification,8,3,SAGE,109,1000,0.567032967032967
chameleon,ClassBasedStratification,8,3,MixHop,101,1000,0.5428571428571428
chameleon,ClassBasedStratification,8,3,MixHop,100,1000,0.545054945054945
chameleon,ClassBasedStratification,8,3,MixHop,102,1000,0.5516483516483517
chameleon,ClassBasedStratification,8,3,MixHop,103,1000,0.5362637362637362
chameleon,ClassBasedStratification,8,3,MixHop,105,1000,0.5406593406593406
chameleon,ClassBasedStratification,8,4,MLP,100,1000,0.5098901098901099
chameleon,ClassBasedStratification,8,3,MixHop,104,1000,0.5516483516483517
chameleon,ClassBasedStratification,8,4,MLP,102,1000,0.5362637362637362
chameleon,ClassBasedStratification,8,4,MLP,101,1000,0.5142857142857142
chameleon,ClassBasedStratification,8,4,MLP,103,1000,0.5142857142857142
chameleon,ClassBasedStratification,8,4,MLP,104,1000,0.5230769230769231
chameleon,ClassBasedStratification,8,4,MLP,105,1000,0.5340659340659341
chameleon,ClassBasedStratification,8,4,MLP,106,1000,0.4967032967032967
chameleon,ClassBasedStratification,8,4,MLP,107,1000,0.5054945054945055
chameleon,ClassBasedStratification,8,4,MLP,108,1000,0.512087912087912
chameleon,ClassBasedStratification,8,4,MLP,109,1000,0.5098901098901099
chameleon,ClassBasedStratification,8,4,GCN,100,1000,0.3164835164835164
chameleon,ClassBasedStratification,8,4,GCN,101,1000,0.3032967032967033
chameleon,ClassBasedStratification,8,4,GCN,102,1000,0.3318681318681318
chameleon,ClassBasedStratification,8,4,GCN,103,1000,0.3296703296703296
chameleon,ClassBasedStratification,8,4,GCN,104,1000,0.3362637362637363
chameleon,ClassBasedStratification,8,4,GCN,105,1000,0.3186813186813186
chameleon,ClassBasedStratification,8,4,GCN,106,1000,0.3186813186813186
chameleon,ClassBasedStratification,8,4,GCN,107,1000,0.3318681318681318
chameleon,ClassBasedStratification,8,4,GCN,108,1000,0.3142857142857143
chameleon,ClassBasedStratification,8,4,GCN,109,1000,0.3274725274725275
chameleon,ClassBasedStratification,8,4,GAT,100,1000,0.4769230769230769
chameleon,ClassBasedStratification,8,4,GAT,101,1000,0.4681318681318681
chameleon,ClassBasedStratification,8,4,GAT,102,1000,0.4571428571428571
chameleon,ClassBasedStratification,8,4,GAT,103,1000,0.5032967032967033
chameleon,ClassBasedStratification,8,4,GAT,104,1000,0.4967032967032967
chameleon,ClassBasedStratification,8,4,GAT,105,1000,0.4901098901098901
chameleon,ClassBasedStratification,8,4,GAT,106,1000,0.4835164835164835
chameleon,ClassBasedStratification,8,3,MixHop,106,1000,0.5252747252747253
chameleon,ClassBasedStratification,8,3,MixHop,107,1000,0.545054945054945
chameleon,ClassBasedStratification,8,4,GAT,107,1000,0.4659340659340659
chameleon,ClassBasedStratification,8,4,GAT,108,1000,0.4747252747252747
chameleon,ClassBasedStratification,8,4,GAT,109,1000,0.4989010989010989
chameleon,ClassBasedStratification,8,3,MixHop,108,1000,0.5560439560439561
chameleon,ClassBasedStratification,8,3,MixHop,109,1000,0.5384615384615384
chameleon,ClassBasedStratification,8,4,SAGE,100,1000,0.545054945054945
chameleon,ClassBasedStratification,8,4,SAGE,101,1000,0.5692307692307692
chameleon,ClassBasedStratification,8,4,SAGE,102,1000,0.5626373626373626
chameleon,ClassBasedStratification,8,4,SAGE,103,1000,0.5538461538461539
chameleon,ClassBasedStratification,8,4,SAGE,104,1000,0.5406593406593406
chameleon,ClassBasedStratification,8,4,SAGE,105,1000,0.5428571428571428
chameleon,ClassBasedStratification,8,4,SAGE,106,1000,0.5648351648351648
chameleon,ClassBasedStratification,8,4,SAGE,107,1000,0.5472527472527473
chameleon,ClassBasedStratification,8,4,SAGE,108,1000,0.5626373626373626
chameleon,ClassBasedStratification,8,4,SAGE,109,1000,0.5626373626373626
chameleon,ClassBasedStratification,8,4,MixHop,100,1000,0.5714285714285714
chameleon,ClassBasedStratification,8,4,MixHop,101,1000,0.5934065934065934
chameleon,ClassBasedStratification,8,4,MixHop,102,1000,0.5538461538461539
chameleon,ClassBasedStratification,8,4,MixHop,103,1000,0.5582417582417583
chameleon,ClassBasedStratification,8,4,MixHop,105,1000,0.5846153846153846
chameleon,ClassBasedStratification,8,4,MixHop,104,1000,0.5692307692307692
chameleon,ClassBasedStratification,8,5,MLP,101,1000,0.4835164835164835
chameleon,ClassBasedStratification,8,5,MLP,100,1000,0.5164835164835165
chameleon,ClassBasedStratification,8,5,MLP,102,1000,0.5098901098901099
chameleon,ClassBasedStratification,8,5,MLP,103,1000,0.5186813186813187
chameleon,ClassBasedStratification,8,5,MLP,105,1000,0.4901098901098901
chameleon,ClassBasedStratification,8,5,MLP,104,1000,0.4967032967032967
chameleon,ClassBasedStratification,8,5,MLP,106,1000,0.4857142857142857
chameleon,ClassBasedStratification,8,5,MLP,107,1000,0.4901098901098901
chameleon,ClassBasedStratification,8,5,MLP,108,1000,0.4923076923076923
chameleon,ClassBasedStratification,8,5,MLP,109,1000,0.4813186813186813
chameleon,ClassBasedStratification,8,5,GCN,100,1000,0.2923076923076923
chameleon,ClassBasedStratification,8,5,GCN,101,1000,0.2879120879120879
chameleon,ClassBasedStratification,8,5,GCN,102,1000,0.2967032967032967
chameleon,ClassBasedStratification,8,5,GCN,103,1000,0.3098901098901099
chameleon,ClassBasedStratification,8,5,GCN,104,1000,0.3010989010989011
chameleon,ClassBasedStratification,8,5,GCN,105,1000,0.2989010989010989
chameleon,ClassBasedStratification,8,5,GCN,106,1000,0.2989010989010989
chameleon,ClassBasedStratification,8,5,GCN,107,1000,0.3032967032967033
chameleon,ClassBasedStratification,8,5,GCN,108,1000,0.3032967032967033
chameleon,ClassBasedStratification,8,5,GCN,109,1000,0.2879120879120879
chameleon,ClassBasedStratification,8,5,GAT,100,1000,0.4747252747252747
chameleon,ClassBasedStratification,8,5,GAT,101,1000,0.4065934065934066
chameleon,ClassBasedStratification,8,5,GAT,102,1000,0.4417582417582417
chameleon,ClassBasedStratification,8,5,GAT,103,1000,0.4395604395604395
chameleon,ClassBasedStratification,8,5,GAT,104,1000,0.4373626373626373
chameleon,ClassBasedStratification,8,5,GAT,105,1000,0.4593406593406593
chameleon,ClassBasedStratification,8,4,MixHop,106,1000,0.5560439560439561
chameleon,ClassBasedStratification,8,5,GAT,106,1000,0.4835164835164835
chameleon,ClassBasedStratification,8,5,GAT,107,1000,0.4549450549450549
chameleon,ClassBasedStratification,8,4,MixHop,107,1000,0.5428571428571428
chameleon,ClassBasedStratification,8,5,GAT,108,1000,0.4571428571428571
chameleon,ClassBasedStratification,8,5,GAT,109,1000,0.4681318681318681
chameleon,ClassBasedStratification,8,4,MixHop,108,1000,0.5516483516483517
chameleon,ClassBasedStratification,8,4,MixHop,109,1000,0.5406593406593406
chameleon,ClassBasedStratification,8,5,SAGE,100,1000,0.5318681318681319
chameleon,ClassBasedStratification,8,5,SAGE,101,1000,0.5560439560439561
chameleon,ClassBasedStratification,8,5,SAGE,102,1000,0.5186813186813187
chameleon,ClassBasedStratification,8,5,SAGE,103,1000,0.5142857142857142
chameleon,ClassBasedStratification,8,5,SAGE,104,1000,0.5274725274725275
chameleon,ClassBasedStratification,8,5,SAGE,105,1000,0.5076923076923077
chameleon,ClassBasedStratification,8,5,SAGE,107,1000,0.5362637362637362
chameleon,ClassBasedStratification,8,5,SAGE,106,1000,0.5142857142857142
chameleon,ClassBasedStratification,8,5,SAGE,108,1000,0.5340659340659341
chameleon,ClassBasedStratification,8,5,SAGE,109,1000,0.512087912087912
chameleon,ClassBasedStratification,8,5,MixHop,100,1000,0.5318681318681319
chameleon,ClassBasedStratification,8,5,MixHop,101,1000,0.5428571428571428
chameleon,ClassBasedStratification,8,5,MixHop,103,1000,0.5230769230769231
chameleon,ClassBasedStratification,8,5,MixHop,102,1000,0.5406593406593406
chameleon,ClassBasedStratification,8,5,MixHop,104,1000,0.5010989010989011
chameleon,ClassBasedStratification,8,5,MixHop,105,1000,0.545054945054945
chameleon,ClassBasedStratification,8,5,MixHop,106,1000,0.5032967032967033
chameleon,ClassBasedStratification,8,5,MixHop,107,1000,0.5296703296703297
chameleon,ClassBasedStratification,8,5,MixHop,108,1000,0.5362637362637362
chameleon,ClassBasedStratification,8,5,MixHop,109,1000,0.5164835164835165
chameleon,ClassBasedStratification,9,1,MLP,102,1000,0.4692982456140351
chameleon,ClassBasedStratification,9,1,MLP,100,1000,0.4890350877192982
chameleon,ClassBasedStratification,9,1,MLP,105,1000,0.4802631578947368
chameleon,ClassBasedStratification,9,1,MLP,103,1000,0.4934210526315789
chameleon,ClassBasedStratification,9,1,MLP,104,1000,0.5021929824561403
chameleon,ClassBasedStratification,9,1,MLP,101,1000,0.4780701754385965
chameleon,ClassBasedStratification,9,1,MLP,106,1000,0.4934210526315789
chameleon,ClassBasedStratification,9,1,MLP,107,1000,0.4868421052631579
chameleon,ClassBasedStratification,9,1,MLP,108,1000,0.4824561403508772
chameleon,ClassBasedStratification,9,1,MLP,109,1000,0.4890350877192982
chameleon,ClassBasedStratification,9,1,GCN,100,1000,0.3421052631578947
chameleon,ClassBasedStratification,9,1,GCN,101,1000,0.3201754385964912
chameleon,ClassBasedStratification,9,1,GCN,102,1000,0.3421052631578947
chameleon,ClassBasedStratification,9,1,GCN,103,1000,0.3311403508771929
chameleon,ClassBasedStratification,9,1,GCN,104,1000,0.337719298245614
chameleon,ClassBasedStratification,9,1,GCN,105,1000,0.3245614035087719
chameleon,ClassBasedStratification,9,1,GCN,106,1000,0.3289473684210526
chameleon,ClassBasedStratification,9,1,GCN,107,1000,0.3267543859649123
chameleon,ClassBasedStratification,9,1,GCN,108,1000,0.3333333333333333
chameleon,ClassBasedStratification,9,1,GCN,109,1000,0.3245614035087719
chameleon,ClassBasedStratification,9,1,GAT,100,1000,0.4561403508771929
chameleon,ClassBasedStratification,9,1,GAT,101,1000,0.4649122807017544
chameleon,ClassBasedStratification,9,1,GAT,102,1000,0.462719298245614
chameleon,ClassBasedStratification,9,1,GAT,103,1000,0.4583333333333333
chameleon,ClassBasedStratification,9,1,GAT,104,1000,0.4649122807017544
chameleon,ClassBasedStratification,9,1,GAT,105,1000,0.4846491228070175
chameleon,ClassBasedStratification,9,1,GAT,106,1000,0.4868421052631579
chameleon,ClassBasedStratification,9,1,GAT,107,1000,0.4912280701754385
chameleon,ClassBasedStratification,9,1,GAT,108,1000,0.4912280701754385
chameleon,ClassBasedStratification,9,1,GAT,109,1000,0.4912280701754385
chameleon,ClassBasedStratification,9,1,SAGE,100,1000,0.5460526315789473
chameleon,ClassBasedStratification,9,1,SAGE,101,1000,0.5394736842105263
chameleon,ClassBasedStratification,9,1,SAGE,102,1000,0.5482456140350878
chameleon,ClassBasedStratification,9,1,SAGE,103,1000,0.5701754385964912
chameleon,ClassBasedStratification,9,1,SAGE,104,1000,0.5482456140350878
chameleon,ClassBasedStratification,9,1,SAGE,105,1000,0.5592105263157895
chameleon,ClassBasedStratification,9,1,SAGE,106,1000,0.5526315789473685
chameleon,ClassBasedStratification,9,1,SAGE,107,1000,0.5197368421052632
chameleon,ClassBasedStratification,9,1,SAGE,108,1000,0.5504385964912281
chameleon,ClassBasedStratification,9,1,SAGE,109,1000,0.5657894736842105
chameleon,ClassBasedStratification,9,1,MixHop,100,1000,0.543859649122807
chameleon,ClassBasedStratification,9,1,MixHop,101,1000,0.5372807017543859
chameleon,ClassBasedStratification,9,1,MixHop,103,1000,0.5526315789473685
chameleon,ClassBasedStratification,9,1,MixHop,102,1000,0.5592105263157895
chameleon,ClassBasedStratification,9,1,MixHop,105,1000,0.5350877192982456
chameleon,ClassBasedStratification,9,1,MixHop,104,1000,0.5723684210526315
chameleon,ClassBasedStratification,9,2,MLP,100,1000,0.4824561403508772
chameleon,ClassBasedStratification,9,2,MLP,101,1000,0.5175438596491229
chameleon,ClassBasedStratification,9,2,MLP,102,1000,0.5021929824561403
chameleon,ClassBasedStratification,9,2,MLP,103,1000,0.4956140350877193
chameleon,ClassBasedStratification,9,2,MLP,105,1000,0.506578947368421
chameleon,ClassBasedStratification,9,2,MLP,104,1000,0.4978070175438596
chameleon,ClassBasedStratification,9,2,MLP,106,1000,0.4978070175438596
chameleon,ClassBasedStratification,9,2,MLP,107,1000,0.4934210526315789
chameleon,ClassBasedStratification,9,2,MLP,108,1000,0.5109649122807017
chameleon,ClassBasedStratification,9,2,MLP,109,1000,0.5
chameleon,ClassBasedStratification,9,2,GCN,101,1000,0.3201754385964912
chameleon,ClassBasedStratification,9,2,GCN,100,1000,0.3399122807017544
chameleon,ClassBasedStratification,9,2,GCN,102,1000,0.3223684210526316
chameleon,ClassBasedStratification,9,2,GCN,103,1000,0.2982456140350877
chameleon,ClassBasedStratification,9,2,GCN,104,1000,0.3201754385964912
chameleon,ClassBasedStratification,9,2,GCN,105,1000,0.3289473684210526
chameleon,ClassBasedStratification,9,2,GCN,106,1000,0.3267543859649123
chameleon,ClassBasedStratification,9,2,GCN,107,1000,0.3026315789473684
chameleon,ClassBasedStratification,9,2,GCN,108,1000,0.3245614035087719
chameleon,ClassBasedStratification,9,2,GCN,109,1000,0.3223684210526316
chameleon,ClassBasedStratification,9,2,GAT,100,1000,0.4736842105263157
chameleon,ClassBasedStratification,9,2,GAT,101,1000,0.4714912280701754
chameleon,ClassBasedStratification,9,2,GAT,102,1000,0.4736842105263157
chameleon,ClassBasedStratification,9,2,GAT,103,1000,0.4758771929824561
chameleon,ClassBasedStratification,9,2,GAT,104,1000,0.462719298245614
chameleon,ClassBasedStratification,9,2,GAT,105,1000,0.4824561403508772
chameleon,ClassBasedStratification,9,1,MixHop,107,1000,0.5394736842105263
chameleon,ClassBasedStratification,9,1,MixHop,106,1000,0.5526315789473685
chameleon,ClassBasedStratification,9,2,GAT,106,1000,0.4802631578947368
chameleon,ClassBasedStratification,9,2,GAT,107,1000,0.4824561403508772
chameleon,ClassBasedStratification,9,2,GAT,108,1000,0.4824561403508772
chameleon,ClassBasedStratification,9,2,GAT,109,1000,0.4649122807017544
chameleon,ClassBasedStratification,9,1,MixHop,108,1000,0.5679824561403509
chameleon,ClassBasedStratification,9,1,MixHop,109,1000,0.5592105263157895
chameleon,ClassBasedStratification,9,2,SAGE,100,1000,0.543859649122807
chameleon,ClassBasedStratification,9,2,SAGE,101,1000,0.5526315789473685
chameleon,ClassBasedStratification,9,2,SAGE,103,1000,0.5614035087719298
chameleon,ClassBasedStratification,9,2,SAGE,102,1000,0.5394736842105263
chameleon,ClassBasedStratification,9,2,SAGE,104,1000,0.5570175438596491
chameleon,ClassBasedStratification,9,2,SAGE,105,1000,0.5526315789473685
chameleon,ClassBasedStratification,9,2,SAGE,106,1000,0.5526315789473685
chameleon,ClassBasedStratification,9,2,SAGE,107,1000,0.5416666666666666
chameleon,ClassBasedStratification,9,2,SAGE,108,1000,0.5263157894736842
chameleon,ClassBasedStratification,9,2,SAGE,109,1000,0.543859649122807
chameleon,ClassBasedStratification,9,2,MixHop,100,1000,0.5394736842105263
chameleon,ClassBasedStratification,9,2,MixHop,101,1000,0.5482456140350878
chameleon,ClassBasedStratification,9,2,MixHop,102,1000,0.5504385964912281
chameleon,ClassBasedStratification,9,2,MixHop,103,1000,0.5614035087719298
chameleon,ClassBasedStratification,9,2,MixHop,104,1000,0.5592105263157895
chameleon,ClassBasedStratification,9,2,MixHop,105,1000,0.5548245614035088
chameleon,ClassBasedStratification,9,3,MLP,100,1000,0.4681318681318681
chameleon,ClassBasedStratification,9,3,MLP,101,1000,0.4461538461538462
chameleon,ClassBasedStratification,9,3,MLP,102,1000,0.4659340659340659
chameleon,ClassBasedStratification,9,3,MLP,103,1000,0.4615384615384615
chameleon,ClassBasedStratification,9,3,MLP,104,1000,0.4791208791208791
chameleon,ClassBasedStratification,9,3,MLP,105,1000,0.4593406593406593
chameleon,ClassBasedStratification,9,3,MLP,106,1000,0.4505494505494505
chameleon,ClassBasedStratification,9,3,MLP,107,1000,0.4637362637362637
chameleon,ClassBasedStratification,9,3,MLP,108,1000,0.4527472527472527
chameleon,ClassBasedStratification,9,3,MLP,109,1000,0.4527472527472527
chameleon,ClassBasedStratification,9,3,GCN,100,1000,0.3384615384615385
chameleon,ClassBasedStratification,9,3,GCN,101,1000,0.3208791208791209
chameleon,ClassBasedStratification,9,3,GCN,102,1000,0.3120879120879121
chameleon,ClassBasedStratification,9,3,GCN,103,1000,0.3362637362637363
chameleon,ClassBasedStratification,9,3,GCN,104,1000,0.3472527472527472
chameleon,ClassBasedStratification,9,3,GCN,105,1000,0.3296703296703296
chameleon,ClassBasedStratification,9,3,GCN,106,1000,0.334065934065934
chameleon,ClassBasedStratification,9,3,GCN,107,1000,0.3274725274725275
chameleon,ClassBasedStratification,9,3,GCN,108,1000,0.3142857142857143
chameleon,ClassBasedStratification,9,3,GCN,109,1000,0.3318681318681318
chameleon,ClassBasedStratification,9,3,GAT,100,1000,0.4747252747252747
chameleon,ClassBasedStratification,9,3,GAT,101,1000,0.4857142857142857
chameleon,ClassBasedStratification,9,3,GAT,102,1000,0.4879120879120879
chameleon,ClassBasedStratification,9,3,GAT,103,1000,0.4813186813186813
chameleon,ClassBasedStratification,9,3,GAT,104,1000,0.4725274725274725
chameleon,ClassBasedStratification,9,3,GAT,105,1000,0.4967032967032967
chameleon,ClassBasedStratification,9,2,MixHop,106,1000,0.5504385964912281
chameleon,ClassBasedStratification,9,2,MixHop,107,1000,0.5285087719298246
chameleon,ClassBasedStratification,9,3,GAT,106,1000,0.4879120879120879
chameleon,ClassBasedStratification,9,3,GAT,107,1000,0.4923076923076923
chameleon,ClassBasedStratification,9,3,GAT,108,1000,0.4901098901098901
chameleon,ClassBasedStratification,9,3,GAT,109,1000,0.4879120879120879
chameleon,ClassBasedStratification,9,2,MixHop,108,1000,0.5394736842105263
chameleon,ClassBasedStratification,9,2,MixHop,109,1000,0.5460526315789473
chameleon,ClassBasedStratification,9,3,SAGE,100,1000,0.5340659340659341
chameleon,ClassBasedStratification,9,3,SAGE,101,1000,0.512087912087912
chameleon,ClassBasedStratification,9,3,SAGE,102,1000,0.5208791208791209
chameleon,ClassBasedStratification,9,3,SAGE,103,1000,0.5428571428571428
chameleon,ClassBasedStratification,9,3,SAGE,104,1000,0.5340659340659341
chameleon,ClassBasedStratification,9,3,SAGE,105,1000,0.5318681318681319
chameleon,ClassBasedStratification,9,3,SAGE,106,1000,0.5230769230769231
chameleon,ClassBasedStratification,9,3,SAGE,107,1000,0.5208791208791209
chameleon,ClassBasedStratification,9,3,SAGE,108,1000,0.5076923076923077
chameleon,ClassBasedStratification,9,3,SAGE,109,1000,0.5362637362637362
chameleon,ClassBasedStratification,9,3,MixHop,100,1000,0.5384615384615384
chameleon,ClassBasedStratification,9,3,MixHop,101,1000,0.5252747252747253
chameleon,ClassBasedStratification,9,3,MixHop,103,1000,0.5406593406593406
chameleon,ClassBasedStratification,9,3,MixHop,102,1000,0.5494505494505495
chameleon,ClassBasedStratification,9,3,MixHop,104,1000,0.5582417582417583
chameleon,ClassBasedStratification,9,4,MLP,100,1000,0.5076923076923077
chameleon,ClassBasedStratification,9,4,MLP,101,1000,0.4835164835164835
chameleon,ClassBasedStratification,9,3,MixHop,105,1000,0.5274725274725275
chameleon,ClassBasedStratification,9,4,MLP,102,1000,0.4747252747252747
chameleon,ClassBasedStratification,9,4,MLP,103,1000,0.5010989010989011
chameleon,ClassBasedStratification,9,4,MLP,104,1000,0.4923076923076923
chameleon,ClassBasedStratification,9,4,MLP,105,1000,0.4967032967032967
chameleon,ClassBasedStratification,9,4,MLP,106,1000,0.4967032967032967
chameleon,ClassBasedStratification,9,4,MLP,107,1000,0.5142857142857142
chameleon,ClassBasedStratification,9,4,MLP,108,1000,0.4879120879120879
chameleon,ClassBasedStratification,9,4,MLP,109,1000,0.4989010989010989
chameleon,ClassBasedStratification,9,4,GCN,100,1000,0.3142857142857143
chameleon,ClassBasedStratification,9,4,GCN,101,1000,0.3054945054945055
chameleon,ClassBasedStratification,9,4,GCN,102,1000,0.3098901098901099
chameleon,ClassBasedStratification,9,4,GCN,103,1000,0.3120879120879121
chameleon,ClassBasedStratification,9,4,GCN,104,1000,0.3186813186813186
chameleon,ClassBasedStratification,9,4,GCN,105,1000,0.2923076923076923
chameleon,ClassBasedStratification,9,4,GCN,106,1000,0.3054945054945055
chameleon,ClassBasedStratification,9,4,GCN,107,1000,0.2967032967032967
chameleon,ClassBasedStratification,9,4,GCN,109,1000,0.3142857142857143
chameleon,ClassBasedStratification,9,4,GCN,108,1000,0.3032967032967033
chameleon,ClassBasedStratification,9,4,GAT,100,1000,0.4967032967032967
chameleon,ClassBasedStratification,9,4,GAT,101,1000,0.5032967032967033
chameleon,ClassBasedStratification,9,4,GAT,102,1000,0.512087912087912
chameleon,ClassBasedStratification,9,4,GAT,103,1000,0.4967032967032967
chameleon,ClassBasedStratification,9,4,GAT,104,1000,0.512087912087912
chameleon,ClassBasedStratification,9,4,GAT,105,1000,0.5142857142857142
chameleon,ClassBasedStratification,9,3,MixHop,106,1000,0.5252747252747253
chameleon,ClassBasedStratification,9,3,MixHop,107,1000,0.5406593406593406
chameleon,ClassBasedStratification,9,4,GAT,106,1000,0.5032967032967033
chameleon,ClassBasedStratification,9,4,GAT,107,1000,0.5098901098901099
chameleon,ClassBasedStratification,9,4,GAT,108,1000,0.5252747252747253
chameleon,ClassBasedStratification,9,4,GAT,109,1000,0.512087912087912
chameleon,ClassBasedStratification,9,3,MixHop,108,1000,0.5516483516483517
chameleon,ClassBasedStratification,9,3,MixHop,109,1000,0.5318681318681319
chameleon,ClassBasedStratification,9,4,SAGE,100,1000,0.567032967032967
chameleon,ClassBasedStratification,9,4,SAGE,101,1000,0.5582417582417583
chameleon,ClassBasedStratification,9,4,SAGE,102,1000,0.5538461538461539
chameleon,ClassBasedStratification,9,4,SAGE,103,1000,0.5648351648351648
chameleon,ClassBasedStratification,9,4,SAGE,104,1000,0.5406593406593406
chameleon,ClassBasedStratification,9,4,SAGE,105,1000,0.545054945054945
chameleon,ClassBasedStratification,9,4,SAGE,106,1000,0.5494505494505495
chameleon,ClassBasedStratification,9,4,SAGE,107,1000,0.5736263736263736
chameleon,ClassBasedStratification,9,4,SAGE,108,1000,0.5516483516483517
chameleon,ClassBasedStratification,9,4,SAGE,109,1000,0.5296703296703297
chameleon,ClassBasedStratification,9,4,MixHop,100,1000,0.5406593406593406
chameleon,ClassBasedStratification,9,4,MixHop,101,1000,0.5692307692307692
chameleon,ClassBasedStratification,9,4,MixHop,102,1000,0.6
chameleon,ClassBasedStratification,9,4,MixHop,103,1000,0.5648351648351648
chameleon,ClassBasedStratification,9,4,MixHop,104,1000,0.5406593406593406
chameleon,ClassBasedStratification,9,5,MLP,100,1000,0.4769230769230769
chameleon,ClassBasedStratification,9,4,MixHop,105,1000,0.5824175824175825
chameleon,ClassBasedStratification,9,5,MLP,101,1000,0.4703296703296703
chameleon,ClassBasedStratification,9,5,MLP,102,1000,0.5010989010989011
chameleon,ClassBasedStratification,9,5,MLP,103,1000,0.4967032967032967
chameleon,ClassBasedStratification,9,5,MLP,104,1000,0.4791208791208791
chameleon,ClassBasedStratification,9,5,MLP,105,1000,0.4857142857142857
chameleon,ClassBasedStratification,9,5,MLP,106,1000,0.4769230769230769
chameleon,ClassBasedStratification,9,5,MLP,107,1000,0.4769230769230769
chameleon,ClassBasedStratification,9,5,MLP,108,1000,0.4901098901098901
chameleon,ClassBasedStratification,9,5,MLP,109,1000,0.4703296703296703
chameleon,ClassBasedStratification,9,5,GCN,100,1000,0.3120879120879121
chameleon,ClassBasedStratification,9,5,GCN,101,1000,0.3032967032967033
chameleon,ClassBasedStratification,9,5,GCN,102,1000,0.3010989010989011
chameleon,ClassBasedStratification,9,5,GCN,103,1000,0.2901098901098901
chameleon,ClassBasedStratification,9,5,GCN,104,1000,0.3054945054945055
chameleon,ClassBasedStratification,9,5,GCN,105,1000,0.3032967032967033
chameleon,ClassBasedStratification,9,5,GCN,106,1000,0.3010989010989011
chameleon,ClassBasedStratification,9,5,GCN,107,1000,0.2989010989010989
chameleon,ClassBasedStratification,9,5,GCN,108,1000,0.2945054945054945
chameleon,ClassBasedStratification,9,5,GCN,109,1000,0.3032967032967033
chameleon,ClassBasedStratification,9,5,GAT,100,1000,0.4659340659340659
chameleon,ClassBasedStratification,9,5,GAT,101,1000,0.4615384615384615
chameleon,ClassBasedStratification,9,5,GAT,102,1000,0.4725274725274725
chameleon,ClassBasedStratification,9,5,GAT,103,1000,0.4681318681318681
chameleon,ClassBasedStratification,9,5,GAT,104,1000,0.4681318681318681
chameleon,ClassBasedStratification,9,5,GAT,105,1000,0.4703296703296703
chameleon,ClassBasedStratification,9,5,GAT,106,1000,0.4593406593406593
chameleon,ClassBasedStratification,9,5,GAT,107,1000,0.4769230769230769
chameleon,ClassBasedStratification,9,4,MixHop,107,1000,0.5318681318681319
chameleon,ClassBasedStratification,9,4,MixHop,106,1000,0.5626373626373626
chameleon,ClassBasedStratification,9,5,GAT,108,1000,0.4747252747252747
chameleon,ClassBasedStratification,9,5,GAT,109,1000,0.4681318681318681
chameleon,ClassBasedStratification,9,4,MixHop,108,1000,0.567032967032967
chameleon,ClassBasedStratification,9,4,MixHop,109,1000,0.589010989010989
chameleon,ClassBasedStratification,9,5,SAGE,101,1000,0.5604395604395604
chameleon,ClassBasedStratification,9,5,SAGE,100,1000,0.5296703296703297
chameleon,ClassBasedStratification,9,5,SAGE,102,1000,0.5384615384615384
chameleon,ClassBasedStratification,9,5,SAGE,103,1000,0.5604395604395604
chameleon,ClassBasedStratification,9,5,SAGE,104,1000,0.545054945054945
chameleon,ClassBasedStratification,9,5,SAGE,105,1000,0.5604395604395604
chameleon,ClassBasedStratification,9,5,SAGE,107,1000,0.5538461538461539
chameleon,ClassBasedStratification,9,5,SAGE,106,1000,0.5472527472527473
chameleon,ClassBasedStratification,9,5,SAGE,108,1000,0.5560439560439561
chameleon,ClassBasedStratification,9,5,SAGE,109,1000,0.5362637362637362
chameleon,ClassBasedStratification,9,5,MixHop,100,1000,0.5384615384615384
chameleon,ClassBasedStratification,9,5,MixHop,101,1000,0.5384615384615384
chameleon,ClassBasedStratification,9,5,MixHop,102,1000,0.5362637362637362
chameleon,ClassBasedStratification,9,5,MixHop,103,1000,0.5098901098901099
chameleon,ClassBasedStratification,9,5,MixHop,105,1000,0.5406593406593406
chameleon,ClassBasedStratification,9,5,MixHop,104,1000,0.5142857142857142
chameleon,ClassBasedStratification,9,5,MixHop,106,1000,0.5274725274725275
chameleon,ClassBasedStratification,9,5,MixHop,107,1000,0.5384615384615384
chameleon,ClassBasedStratification,9,5,MixHop,108,1000,0.5318681318681319
chameleon,ClassBasedStratification,9,5,MixHop,109,1000,0.5362637362637362
chameleon,ClassBasedStratification,0,1,GPRGNN,100,1000,0.5087719298245614
chameleon,ClassBasedStratification,0,1,GPRGNN,101,1000,0.5328947368421053
chameleon,ClassBasedStratification,0,1,GPRGNN,103,1000,0.5153508771929824
chameleon,ClassBasedStratification,0,1,GPRGNN,102,1000,0.5460526315789473
chameleon,ClassBasedStratification,0,1,GPRGNN,106,1000,0.5021929824561403
chameleon,ClassBasedStratification,0,1,GPRGNN,104,1000,0.5087719298245614
chameleon,ClassBasedStratification,0,1,GPRGNN,105,1000,0.5263157894736842
chameleon,ClassBasedStratification,0,1,GPRGNN,107,1000,0.5131578947368421
chameleon,ClassBasedStratification,0,1,GPRGNN,108,1000,0.5219298245614035
chameleon,ClassBasedStratification,0,1,GPRGNN,109,1000,0.5350877192982456
chameleon,ClassBasedStratification,0,2,GPRGNN,100,1000,0.5153508771929824
chameleon,ClassBasedStratification,0,2,GPRGNN,101,1000,0.5328947368421053
chameleon,ClassBasedStratification,0,2,GPRGNN,104,1000,0.5021929824561403
chameleon,ClassBasedStratification,0,2,GPRGNN,103,1000,0.5131578947368421
chameleon,ClassBasedStratification,0,2,GPRGNN,102,1000,0.5263157894736842
chameleon,ClassBasedStratification,0,2,GPRGNN,105,1000,0.5175438596491229
chameleon,ClassBasedStratification,0,2,GPRGNN,108,1000,0.5197368421052632
chameleon,ClassBasedStratification,0,2,GPRGNN,106,1000,0.5109649122807017
chameleon,ClassBasedStratification,0,2,GPRGNN,107,1000,0.5021929824561403
chameleon,ClassBasedStratification,0,2,GPRGNN,109,1000,0.5328947368421053
chameleon,ClassBasedStratification,0,3,GPRGNN,100,1000,0.5252747252747253
chameleon,ClassBasedStratification,0,3,GPRGNN,101,1000,0.5428571428571428
chameleon,ClassBasedStratification,0,3,GPRGNN,102,1000,0.5406593406593406
chameleon,ClassBasedStratification,0,3,GPRGNN,103,1000,0.5296703296703297
chameleon,ClassBasedStratification,0,3,GPRGNN,104,1000,0.5274725274725275
chameleon,ClassBasedStratification,0,3,GPRGNN,105,1000,0.5296703296703297
chameleon,ClassBasedStratification,0,3,GPRGNN,106,1000,0.5274725274725275
chameleon,ClassBasedStratification,0,3,GPRGNN,107,1000,0.5186813186813187
chameleon,ClassBasedStratification,0,3,GPRGNN,108,1000,0.5318681318681319
chameleon,ClassBasedStratification,0,3,GPRGNN,109,1000,0.5428571428571428
chameleon,ClassBasedStratification,0,4,GPRGNN,100,1000,0.4879120879120879
chameleon,ClassBasedStratification,0,4,GPRGNN,101,1000,0.4923076923076923
chameleon,ClassBasedStratification,0,4,GPRGNN,102,1000,0.4967032967032967
chameleon,ClassBasedStratification,0,4,GPRGNN,103,1000,0.4989010989010989
chameleon,ClassBasedStratification,0,4,GPRGNN,104,1000,0.4989010989010989
chameleon,ClassBasedStratification,0,4,GPRGNN,105,1000,0.4813186813186813
chameleon,ClassBasedStratification,0,4,GPRGNN,106,1000,0.5186813186813187
chameleon,ClassBasedStratification,0,4,GPRGNN,107,1000,0.5318681318681319
chameleon,ClassBasedStratification,0,4,GPRGNN,108,1000,0.4901098901098901
chameleon,ClassBasedStratification,0,4,GPRGNN,109,1000,0.5186813186813187
chameleon,ClassBasedStratification,0,5,GPRGNN,100,1000,0.4923076923076923
chameleon,ClassBasedStratification,0,5,GPRGNN,101,1000,0.5252747252747253
chameleon,ClassBasedStratification,0,5,GPRGNN,102,1000,0.4901098901098901
chameleon,ClassBasedStratification,0,5,GPRGNN,103,1000,0.512087912087912
chameleon,ClassBasedStratification,0,5,GPRGNN,104,1000,0.5142857142857142
chameleon,ClassBasedStratification,0,5,GPRGNN,105,1000,0.5406593406593406
chameleon,ClassBasedStratification,0,5,GPRGNN,107,1000,0.5142857142857142
chameleon,ClassBasedStratification,0,5,GPRGNN,106,1000,0.4989010989010989
chameleon,ClassBasedStratification,0,5,GPRGNN,108,1000,0.5142857142857142
chameleon,ClassBasedStratification,0,5,GPRGNN,109,1000,0.5340659340659341
chameleon,ClassBasedStratification,1,1,GPRGNN,101,1000,0.5197368421052632
chameleon,ClassBasedStratification,1,1,GPRGNN,100,1000,0.5109649122807017
chameleon,ClassBasedStratification,1,1,GPRGNN,103,1000,0.5504385964912281
chameleon,ClassBasedStratification,1,1,GPRGNN,102,1000,0.5372807017543859
chameleon,ClassBasedStratification,1,1,GPRGNN,105,1000,0.5394736842105263
chameleon,ClassBasedStratification,1,1,GPRGNN,104,1000,0.5131578947368421
chameleon,ClassBasedStratification,1,1,GPRGNN,106,1000,0.5307017543859649
chameleon,ClassBasedStratification,1,1,GPRGNN,107,1000,0.5416666666666666
chameleon,ClassBasedStratification,1,1,GPRGNN,109,1000,0.5021929824561403
chameleon,ClassBasedStratification,1,1,GPRGNN,108,1000,0.5087719298245614
chameleon,ClassBasedStratification,1,2,GPRGNN,100,1000,0.5219298245614035
chameleon,ClassBasedStratification,1,2,GPRGNN,101,1000,0.5219298245614035
chameleon,ClassBasedStratification,1,2,GPRGNN,102,1000,0.5328947368421053
chameleon,ClassBasedStratification,1,2,GPRGNN,103,1000,0.5350877192982456
chameleon,ClassBasedStratification,1,2,GPRGNN,104,1000,0.5285087719298246
chameleon,ClassBasedStratification,1,2,GPRGNN,105,1000,0.5109649122807017
chameleon,ClassBasedStratification,1,2,GPRGNN,106,1000,0.5131578947368421
chameleon,ClassBasedStratification,1,2,GPRGNN,107,1000,0.5285087719298246
chameleon,ClassBasedStratification,1,2,GPRGNN,108,1000,0.5241228070175439
chameleon,ClassBasedStratification,1,2,GPRGNN,109,1000,0.5087719298245614
chameleon,ClassBasedStratification,1,3,GPRGNN,100,1000,0.5142857142857142
chameleon,ClassBasedStratification,1,3,GPRGNN,101,1000,0.5340659340659341
chameleon,ClassBasedStratification,1,3,GPRGNN,102,1000,0.5296703296703297
chameleon,ClassBasedStratification,1,3,GPRGNN,103,1000,0.545054945054945
chameleon,ClassBasedStratification,1,3,GPRGNN,104,1000,0.5208791208791209
chameleon,ClassBasedStratification,1,3,GPRGNN,105,1000,0.5274725274725275
chameleon,ClassBasedStratification,1,3,GPRGNN,106,1000,0.5164835164835165
chameleon,ClassBasedStratification,1,3,GPRGNN,107,1000,0.4967032967032967
chameleon,ClassBasedStratification,1,3,GPRGNN,108,1000,0.545054945054945
chameleon,ClassBasedStratification,1,3,GPRGNN,109,1000,0.5516483516483517
chameleon,ClassBasedStratification,1,4,GPRGNN,100,1000,0.5208791208791209
chameleon,ClassBasedStratification,1,4,GPRGNN,101,1000,0.545054945054945
chameleon,ClassBasedStratification,1,4,GPRGNN,102,1000,0.5494505494505495
chameleon,ClassBasedStratification,1,4,GPRGNN,103,1000,0.5230769230769231
chameleon,ClassBasedStratification,1,4,GPRGNN,104,1000,0.5340659340659341
chameleon,ClassBasedStratification,1,4,GPRGNN,105,1000,0.545054945054945
chameleon,ClassBasedStratification,1,4,GPRGNN,106,1000,0.5274725274725275
chameleon,ClassBasedStratification,1,4,GPRGNN,107,1000,0.5494505494505495
chameleon,ClassBasedStratification,1,4,GPRGNN,108,1000,0.545054945054945
chameleon,ClassBasedStratification,1,4,GPRGNN,109,1000,0.5340659340659341
chameleon,ClassBasedStratification,1,5,GPRGNN,100,1000,0.5076923076923077
chameleon,ClassBasedStratification,1,5,GPRGNN,101,1000,0.5098901098901099
chameleon,ClassBasedStratification,1,5,GPRGNN,102,1000,0.5252747252747253
chameleon,ClassBasedStratification,1,5,GPRGNN,103,1000,0.4879120879120879
chameleon,ClassBasedStratification,1,5,GPRGNN,104,1000,0.5230769230769231
chameleon,ClassBasedStratification,1,5,GPRGNN,105,1000,0.4989010989010989
chameleon,ClassBasedStratification,1,5,GPRGNN,106,1000,0.4967032967032967
chameleon,ClassBasedStratification,1,5,GPRGNN,107,1000,0.4967032967032967
chameleon,ClassBasedStratification,1,5,GPRGNN,108,1000,0.5076923076923077
chameleon,ClassBasedStratification,1,5,GPRGNN,109,1000,0.4945054945054945
chameleon,ClassBasedStratification,2,1,GPRGNN,103,1000,0.5131578947368421
chameleon,ClassBasedStratification,2,1,GPRGNN,100,1000,0.5219298245614035
chameleon,ClassBasedStratification,2,1,GPRGNN,101,1000,0.5043859649122807
chameleon,ClassBasedStratification,2,1,GPRGNN,102,1000,0.5394736842105263
chameleon,ClassBasedStratification,2,1,GPRGNN,106,1000,0.5241228070175439
chameleon,ClassBasedStratification,2,1,GPRGNN,104,1000,0.5219298245614035
chameleon,ClassBasedStratification,2,1,GPRGNN,105,1000,0.5109649122807017
chameleon,ClassBasedStratification,2,1,GPRGNN,107,1000,0.506578947368421
chameleon,ClassBasedStratification,2,1,GPRGNN,108,1000,0.506578947368421
chameleon,ClassBasedStratification,2,1,GPRGNN,109,1000,0.5197368421052632
chameleon,ClassBasedStratification,2,2,GPRGNN,100,1000,0.5087719298245614
chameleon,ClassBasedStratification,2,2,GPRGNN,101,1000,0.5043859649122807
chameleon,ClassBasedStratification,2,2,GPRGNN,103,1000,0.5043859649122807
chameleon,ClassBasedStratification,2,2,GPRGNN,102,1000,0.5131578947368421
chameleon,ClassBasedStratification,2,2,GPRGNN,104,1000,0.5021929824561403
chameleon,ClassBasedStratification,2,2,GPRGNN,105,1000,0.4802631578947368
chameleon,ClassBasedStratification,2,2,GPRGNN,106,1000,0.4956140350877193
chameleon,ClassBasedStratification,2,2,GPRGNN,107,1000,0.4912280701754385
chameleon,ClassBasedStratification,2,2,GPRGNN,108,1000,0.4934210526315789
chameleon,ClassBasedStratification,2,2,GPRGNN,109,1000,0.5
chameleon,ClassBasedStratification,2,3,GPRGNN,100,1000,0.5142857142857142
chameleon,ClassBasedStratification,2,3,GPRGNN,101,1000,0.4989010989010989
chameleon,ClassBasedStratification,2,3,GPRGNN,102,1000,0.5582417582417583
chameleon,ClassBasedStratification,2,3,GPRGNN,103,1000,0.5076923076923077
chameleon,ClassBasedStratification,2,3,GPRGNN,104,1000,0.5560439560439561
chameleon,ClassBasedStratification,2,3,GPRGNN,105,1000,0.5142857142857142
chameleon,ClassBasedStratification,2,3,GPRGNN,106,1000,0.5340659340659341
chameleon,ClassBasedStratification,2,3,GPRGNN,107,1000,0.5230769230769231
chameleon,ClassBasedStratification,2,3,GPRGNN,108,1000,0.5274725274725275
chameleon,ClassBasedStratification,2,3,GPRGNN,109,1000,0.5472527472527473
chameleon,ClassBasedStratification,2,4,GPRGNN,100,1000,0.5164835164835165
chameleon,ClassBasedStratification,2,4,GPRGNN,101,1000,0.5428571428571428
chameleon,ClassBasedStratification,2,4,GPRGNN,102,1000,0.5252747252747253
chameleon,ClassBasedStratification,2,4,GPRGNN,103,1000,0.5318681318681319
chameleon,ClassBasedStratification,2,4,GPRGNN,104,1000,0.5582417582417583
chameleon,ClassBasedStratification,2,4,GPRGNN,105,1000,0.5230769230769231
chameleon,ClassBasedStratification,2,4,GPRGNN,106,1000,0.5054945054945055
chameleon,ClassBasedStratification,2,4,GPRGNN,107,1000,0.5032967032967033
chameleon,ClassBasedStratification,2,4,GPRGNN,108,1000,0.5098901098901099
chameleon,ClassBasedStratification,2,4,GPRGNN,109,1000,0.5164835164835165
chameleon,ClassBasedStratification,2,5,GPRGNN,100,1000,0.4967032967032967
chameleon,ClassBasedStratification,2,5,GPRGNN,101,1000,0.5208791208791209
chameleon,ClassBasedStratification,2,5,GPRGNN,102,1000,0.5186813186813187
chameleon,ClassBasedStratification,2,5,GPRGNN,103,1000,0.5340659340659341
chameleon,ClassBasedStratification,2,5,GPRGNN,104,1000,0.5186813186813187
chameleon,ClassBasedStratification,2,5,GPRGNN,105,1000,0.5340659340659341
chameleon,ClassBasedStratification,2,5,GPRGNN,106,1000,0.5362637362637362
chameleon,ClassBasedStratification,2,5,GPRGNN,107,1000,0.5428571428571428
chameleon,ClassBasedStratification,2,5,GPRGNN,108,1000,0.5164835164835165
chameleon,ClassBasedStratification,2,5,GPRGNN,109,1000,0.5186813186813187
chameleon,ClassBasedStratification,3,1,GPRGNN,101,1000,0.5328947368421053
chameleon,ClassBasedStratification,3,1,GPRGNN,103,1000,0.5328947368421053
chameleon,ClassBasedStratification,3,1,GPRGNN,102,1000,0.5416666666666666
chameleon,ClassBasedStratification,3,1,GPRGNN,100,1000,0.506578947368421
chameleon,ClassBasedStratification,3,1,GPRGNN,104,1000,0.5328947368421053
chameleon,ClassBasedStratification,3,1,GPRGNN,107,1000,0.5241228070175439
chameleon,ClassBasedStratification,3,1,GPRGNN,105,1000,0.5263157894736842
chameleon,ClassBasedStratification,3,1,GPRGNN,106,1000,0.5219298245614035
chameleon,ClassBasedStratification,3,1,GPRGNN,108,1000,0.5263157894736842
chameleon,ClassBasedStratification,3,2,GPRGNN,100,1000,0.4868421052631579
chameleon,ClassBasedStratification,3,1,GPRGNN,109,1000,0.5285087719298246
chameleon,ClassBasedStratification,3,2,GPRGNN,101,1000,0.4956140350877193
chameleon,ClassBasedStratification,3,2,GPRGNN,102,1000,0.5153508771929824
chameleon,ClassBasedStratification,3,2,GPRGNN,103,1000,0.5109649122807017
chameleon,ClassBasedStratification,3,2,GPRGNN,104,1000,0.4868421052631579
chameleon,ClassBasedStratification,3,2,GPRGNN,105,1000,0.4934210526315789
chameleon,ClassBasedStratification,3,2,GPRGNN,106,1000,0.4956140350877193
chameleon,ClassBasedStratification,3,2,GPRGNN,107,1000,0.5109649122807017
chameleon,ClassBasedStratification,3,2,GPRGNN,108,1000,0.4802631578947368
chameleon,ClassBasedStratification,3,2,GPRGNN,109,1000,0.5328947368421053
chameleon,ClassBasedStratification,3,3,GPRGNN,102,1000,0.5428571428571428
chameleon,ClassBasedStratification,3,3,GPRGNN,100,1000,0.5230769230769231
chameleon,ClassBasedStratification,3,3,GPRGNN,101,1000,0.5252747252747253
chameleon,ClassBasedStratification,3,3,GPRGNN,103,1000,0.567032967032967
chameleon,ClassBasedStratification,3,3,GPRGNN,105,1000,0.5252747252747253
chameleon,ClassBasedStratification,3,3,GPRGNN,106,1000,0.5296703296703297
chameleon,ClassBasedStratification,3,3,GPRGNN,104,1000,0.5098901098901099
chameleon,ClassBasedStratification,3,3,GPRGNN,107,1000,0.5472527472527473
chameleon,ClassBasedStratification,3,3,GPRGNN,108,1000,0.5428571428571428
chameleon,ClassBasedStratification,3,3,GPRGNN,109,1000,0.5296703296703297
chameleon,ClassBasedStratification,3,4,GPRGNN,100,1000,0.5142857142857142
chameleon,ClassBasedStratification,3,4,GPRGNN,101,1000,0.5472527472527473
chameleon,ClassBasedStratification,3,4,GPRGNN,102,1000,0.5208791208791209
chameleon,ClassBasedStratification,3,4,GPRGNN,105,1000,0.5318681318681319
chameleon,ClassBasedStratification,3,4,GPRGNN,104,1000,0.5560439560439561
chameleon,ClassBasedStratification,3,4,GPRGNN,103,1000,0.5208791208791209
chameleon,ClassBasedStratification,3,4,GPRGNN,106,1000,0.5384615384615384
chameleon,ClassBasedStratification,3,4,GPRGNN,108,1000,0.5296703296703297
chameleon,ClassBasedStratification,3,4,GPRGNN,107,1000,0.545054945054945
chameleon,ClassBasedStratification,3,4,GPRGNN,109,1000,0.5362637362637362
chameleon,ClassBasedStratification,3,5,GPRGNN,100,1000,0.5164835164835165
chameleon,ClassBasedStratification,3,5,GPRGNN,101,1000,0.512087912087912
chameleon,ClassBasedStratification,3,5,GPRGNN,102,1000,0.5032967032967033
chameleon,ClassBasedStratification,3,5,GPRGNN,103,1000,0.5384615384615384
chameleon,ClassBasedStratification,3,5,GPRGNN,104,1000,0.4879120879120879
chameleon,ClassBasedStratification,3,5,GPRGNN,105,1000,0.512087912087912
chameleon,ClassBasedStratification,3,5,GPRGNN,106,1000,0.5142857142857142
chameleon,ClassBasedStratification,3,5,GPRGNN,107,1000,0.5186813186813187
chameleon,ClassBasedStratification,3,5,GPRGNN,108,1000,0.5032967032967033
chameleon,ClassBasedStratification,3,5,GPRGNN,109,1000,0.5164835164835165
chameleon,ClassBasedStratification,4,1,GPRGNN,102,1000,0.5285087719298246
chameleon,ClassBasedStratification,4,1,GPRGNN,101,1000,0.5285087719298246
chameleon,ClassBasedStratification,4,1,GPRGNN,100,1000,0.506578947368421
chameleon,ClassBasedStratification,4,1,GPRGNN,103,1000,0.5087719298245614
chameleon,ClassBasedStratification,4,1,GPRGNN,104,1000,0.5087719298245614
chameleon,ClassBasedStratification,4,1,GPRGNN,105,1000,0.5197368421052632
chameleon,ClassBasedStratification,4,1,GPRGNN,106,1000,0.5285087719298246
chameleon,ClassBasedStratification,4,1,GPRGNN,107,1000,0.5109649122807017
chameleon,ClassBasedStratification,4,1,GPRGNN,108,1000,0.5087719298245614
chameleon,ClassBasedStratification,4,1,GPRGNN,109,1000,0.5131578947368421
chameleon,ClassBasedStratification,4,2,GPRGNN,100,1000,0.5219298245614035
chameleon,ClassBasedStratification,4,2,GPRGNN,101,1000,0.5635964912280702
chameleon,ClassBasedStratification,4,2,GPRGNN,102,1000,0.5241228070175439
chameleon,ClassBasedStratification,4,2,GPRGNN,104,1000,0.5372807017543859
chameleon,ClassBasedStratification,4,2,GPRGNN,103,1000,0.5131578947368421
chameleon,ClassBasedStratification,4,2,GPRGNN,105,1000,0.5526315789473685
chameleon,ClassBasedStratification,4,2,GPRGNN,106,1000,0.5372807017543859
chameleon,ClassBasedStratification,4,2,GPRGNN,107,1000,0.5394736842105263
chameleon,ClassBasedStratification,4,2,GPRGNN,108,1000,0.5372807017543859
chameleon,ClassBasedStratification,4,2,GPRGNN,109,1000,0.5241228070175439
chameleon,ClassBasedStratification,4,3,GPRGNN,100,1000,0.4967032967032967
chameleon,ClassBasedStratification,4,3,GPRGNN,101,1000,0.4725274725274725
chameleon,ClassBasedStratification,4,3,GPRGNN,103,1000,0.4967032967032967
chameleon,ClassBasedStratification,4,3,GPRGNN,102,1000,0.4967032967032967
chameleon,ClassBasedStratification,4,3,GPRGNN,104,1000,0.4747252747252747
chameleon,ClassBasedStratification,4,3,GPRGNN,105,1000,0.4945054945054945
chameleon,ClassBasedStratification,4,3,GPRGNN,107,1000,0.4813186813186813
chameleon,ClassBasedStratification,4,3,GPRGNN,106,1000,0.4703296703296703
chameleon,ClassBasedStratification,4,3,GPRGNN,108,1000,0.4967032967032967
chameleon,ClassBasedStratification,4,3,GPRGNN,109,1000,0.4637362637362637
chameleon,ClassBasedStratification,4,4,GPRGNN,100,1000,0.5054945054945055
chameleon,ClassBasedStratification,4,4,GPRGNN,101,1000,0.5362637362637362
chameleon,ClassBasedStratification,4,4,GPRGNN,102,1000,0.5230769230769231
chameleon,ClassBasedStratification,4,4,GPRGNN,103,1000,0.512087912087912
chameleon,ClassBasedStratification,4,4,GPRGNN,104,1000,0.5076923076923077
chameleon,ClassBasedStratification,4,4,GPRGNN,105,1000,0.5340659340659341
chameleon,ClassBasedStratification,4,4,GPRGNN,106,1000,0.5054945054945055
chameleon,ClassBasedStratification,4,4,GPRGNN,107,1000,0.5098901098901099
chameleon,ClassBasedStratification,4,4,GPRGNN,108,1000,0.4989010989010989
chameleon,ClassBasedStratification,4,4,GPRGNN,109,1000,0.5186813186813187
chameleon,ClassBasedStratification,4,5,GPRGNN,100,1000,0.5318681318681319
chameleon,ClassBasedStratification,4,5,GPRGNN,101,1000,0.5164835164835165
chameleon,ClassBasedStratification,4,5,GPRGNN,102,1000,0.5230769230769231
chameleon,ClassBasedStratification,4,5,GPRGNN,103,1000,0.5538461538461539
chameleon,ClassBasedStratification,4,5,GPRGNN,104,1000,0.5098901098901099
chameleon,ClassBasedStratification,4,5,GPRGNN,105,1000,0.5252747252747253
chameleon,ClassBasedStratification,4,5,GPRGNN,106,1000,0.5076923076923077
chameleon,ClassBasedStratification,4,5,GPRGNN,107,1000,0.5230769230769231
chameleon,ClassBasedStratification,4,5,GPRGNN,108,1000,0.4945054945054945
chameleon,ClassBasedStratification,4,5,GPRGNN,109,1000,0.5318681318681319
chameleon,ClassBasedStratification,5,1,GPRGNN,101,1000,0.5263157894736842
chameleon,ClassBasedStratification,5,1,GPRGNN,102,1000,0.5416666666666666
chameleon,ClassBasedStratification,5,1,GPRGNN,100,1000,0.5153508771929824
chameleon,ClassBasedStratification,5,1,GPRGNN,103,1000,0.5285087719298246
chameleon,ClassBasedStratification,5,1,GPRGNN,104,1000,0.5394736842105263
chameleon,ClassBasedStratification,5,1,GPRGNN,105,1000,0.5328947368421053
chameleon,ClassBasedStratification,5,1,GPRGNN,106,1000,0.5175438596491229
chameleon,ClassBasedStratification,5,1,GPRGNN,107,1000,0.5131578947368421
chameleon,ClassBasedStratification,5,1,GPRGNN,108,1000,0.5350877192982456
chameleon,ClassBasedStratification,5,2,GPRGNN,101,1000,0.5153508771929824
chameleon,ClassBasedStratification,5,1,GPRGNN,109,1000,0.5416666666666666
chameleon,ClassBasedStratification,5,2,GPRGNN,100,1000,0.4978070175438596
chameleon,ClassBasedStratification,5,2,GPRGNN,103,1000,0.5328947368421053
chameleon,ClassBasedStratification,5,2,GPRGNN,104,1000,0.4978070175438596
chameleon,ClassBasedStratification,5,2,GPRGNN,102,1000,0.5021929824561403
chameleon,ClassBasedStratification,5,2,GPRGNN,105,1000,0.5087719298245614
chameleon,ClassBasedStratification,5,2,GPRGNN,106,1000,0.5175438596491229
chameleon,ClassBasedStratification,5,2,GPRGNN,107,1000,0.5131578947368421
chameleon,ClassBasedStratification,5,2,GPRGNN,108,1000,0.4934210526315789
chameleon,ClassBasedStratification,5,2,GPRGNN,109,1000,0.4868421052631579
chameleon,ClassBasedStratification,5,3,GPRGNN,100,1000,0.5406593406593406
chameleon,ClassBasedStratification,5,3,GPRGNN,102,1000,0.5560439560439561
chameleon,ClassBasedStratification,5,3,GPRGNN,101,1000,0.5538461538461539
chameleon,ClassBasedStratification,5,3,GPRGNN,103,1000,0.5560439560439561
chameleon,ClassBasedStratification,5,3,GPRGNN,104,1000,0.5406593406593406
chameleon,ClassBasedStratification,5,3,GPRGNN,105,1000,0.5296703296703297
chameleon,ClassBasedStratification,5,3,GPRGNN,106,1000,0.5582417582417583
chameleon,ClassBasedStratification,5,3,GPRGNN,107,1000,0.5362637362637362
chameleon,ClassBasedStratification,5,3,GPRGNN,108,1000,0.5472527472527473
chameleon,ClassBasedStratification,5,3,GPRGNN,109,1000,0.5296703296703297
chameleon,ClassBasedStratification,5,4,GPRGNN,100,1000,0.4725274725274725
chameleon,ClassBasedStratification,5,4,GPRGNN,101,1000,0.5076923076923077
chameleon,ClassBasedStratification,5,4,GPRGNN,102,1000,0.5076923076923077
chameleon,ClassBasedStratification,5,4,GPRGNN,103,1000,0.4923076923076923
chameleon,ClassBasedStratification,5,4,GPRGNN,104,1000,0.5010989010989011
chameleon,ClassBasedStratification,5,4,GPRGNN,105,1000,0.4989010989010989
chameleon,ClassBasedStratification,5,4,GPRGNN,106,1000,0.5010989010989011
chameleon,ClassBasedStratification,5,4,GPRGNN,107,1000,0.5054945054945055
chameleon,ClassBasedStratification,5,4,GPRGNN,108,1000,0.512087912087912
chameleon,ClassBasedStratification,5,4,GPRGNN,109,1000,0.4945054945054945
chameleon,ClassBasedStratification,5,5,GPRGNN,100,1000,0.5362637362637362
chameleon,ClassBasedStratification,5,5,GPRGNN,101,1000,0.5296703296703297
chameleon,ClassBasedStratification,5,5,GPRGNN,102,1000,0.5252747252747253
chameleon,ClassBasedStratification,5,5,GPRGNN,103,1000,0.5340659340659341
chameleon,ClassBasedStratification,5,5,GPRGNN,104,1000,0.5296703296703297
chameleon,ClassBasedStratification,5,5,GPRGNN,105,1000,0.5230769230769231
chameleon,ClassBasedStratification,5,5,GPRGNN,106,1000,0.5252747252747253
chameleon,ClassBasedStratification,5,5,GPRGNN,107,1000,0.5274725274725275
chameleon,ClassBasedStratification,5,5,GPRGNN,108,1000,0.5076923076923077
chameleon,ClassBasedStratification,5,5,GPRGNN,109,1000,0.5340659340659341
chameleon,ClassBasedStratification,6,1,GPRGNN,103,1000,0.4978070175438596
chameleon,ClassBasedStratification,6,1,GPRGNN,101,1000,0.4956140350877193
chameleon,ClassBasedStratification,6,1,GPRGNN,100,1000,0.4934210526315789
chameleon,ClassBasedStratification,6,1,GPRGNN,102,1000,0.5350877192982456
chameleon,ClassBasedStratification,6,1,GPRGNN,104,1000,0.5109649122807017
chameleon,ClassBasedStratification,6,1,GPRGNN,105,1000,0.5416666666666666
chameleon,ClassBasedStratification,6,1,GPRGNN,106,1000,0.5153508771929824
chameleon,ClassBasedStratification,6,1,GPRGNN,107,1000,0.5131578947368421
chameleon,ClassBasedStratification,6,1,GPRGNN,109,1000,0.506578947368421
chameleon,ClassBasedStratification,6,1,GPRGNN,108,1000,0.506578947368421
chameleon,ClassBasedStratification,6,2,GPRGNN,100,1000,0.5219298245614035
chameleon,ClassBasedStratification,6,2,GPRGNN,101,1000,0.5131578947368421
chameleon,ClassBasedStratification,6,2,GPRGNN,103,1000,0.5175438596491229
chameleon,ClassBasedStratification,6,2,GPRGNN,102,1000,0.543859649122807
chameleon,ClassBasedStratification,6,2,GPRGNN,104,1000,0.5241228070175439
chameleon,ClassBasedStratification,6,2,GPRGNN,105,1000,0.5350877192982456
chameleon,ClassBasedStratification,6,2,GPRGNN,107,1000,0.5219298245614035
chameleon,ClassBasedStratification,6,2,GPRGNN,106,1000,0.5197368421052632
chameleon,ClassBasedStratification,6,2,GPRGNN,108,1000,0.5241228070175439
chameleon,ClassBasedStratification,6,2,GPRGNN,109,1000,0.5109649122807017
chameleon,ClassBasedStratification,6,3,GPRGNN,100,1000,0.5428571428571428
chameleon,ClassBasedStratification,6,3,GPRGNN,101,1000,0.5516483516483517
chameleon,ClassBasedStratification,6,3,GPRGNN,102,1000,0.5032967032967033
chameleon,ClassBasedStratification,6,3,GPRGNN,103,1000,0.5164835164835165
chameleon,ClassBasedStratification,6,3,GPRGNN,104,1000,0.5296703296703297
chameleon,ClassBasedStratification,6,3,GPRGNN,105,1000,0.5230769230769231
chameleon,ClassBasedStratification,6,3,GPRGNN,106,1000,0.5098901098901099
chameleon,ClassBasedStratification,6,3,GPRGNN,107,1000,0.5516483516483517
chameleon,ClassBasedStratification,6,3,GPRGNN,108,1000,0.5472527472527473
chameleon,ClassBasedStratification,6,3,GPRGNN,109,1000,0.5208791208791209
chameleon,ClassBasedStratification,6,4,GPRGNN,100,1000,0.4901098901098901
chameleon,ClassBasedStratification,6,4,GPRGNN,101,1000,0.5186813186813187
chameleon,ClassBasedStratification,6,4,GPRGNN,102,1000,0.5032967032967033
chameleon,ClassBasedStratification,6,4,GPRGNN,103,1000,0.4879120879120879
chameleon,ClassBasedStratification,6,4,GPRGNN,104,1000,0.512087912087912
chameleon,ClassBasedStratification,6,4,GPRGNN,105,1000,0.5406593406593406
chameleon,ClassBasedStratification,6,4,GPRGNN,106,1000,0.4945054945054945
chameleon,ClassBasedStratification,6,4,GPRGNN,107,1000,0.5296703296703297
chameleon,ClassBasedStratification,6,4,GPRGNN,108,1000,0.5032967032967033
chameleon,ClassBasedStratification,6,4,GPRGNN,109,1000,0.4857142857142857
chameleon,ClassBasedStratification,6,5,GPRGNN,100,1000,0.5186813186813187
chameleon,ClassBasedStratification,6,5,GPRGNN,101,1000,0.5230769230769231
chameleon,ClassBasedStratification,6,5,GPRGNN,102,1000,0.5208791208791209
chameleon,ClassBasedStratification,6,5,GPRGNN,103,1000,0.5186813186813187
chameleon,ClassBasedStratification,6,5,GPRGNN,104,1000,0.5098901098901099
chameleon,ClassBasedStratification,6,5,GPRGNN,105,1000,0.5252747252747253
chameleon,ClassBasedStratification,6,5,GPRGNN,106,1000,0.5340659340659341
chameleon,ClassBasedStratification,6,5,GPRGNN,107,1000,0.4923076923076923
chameleon,ClassBasedStratification,6,5,GPRGNN,108,1000,0.5340659340659341
chameleon,ClassBasedStratification,6,5,GPRGNN,109,1000,0.5494505494505495
chameleon,ClassBasedStratification,7,1,GPRGNN,103,1000,0.5131578947368421
chameleon,ClassBasedStratification,7,1,GPRGNN,100,1000,0.5241228070175439
chameleon,ClassBasedStratification,7,1,GPRGNN,101,1000,0.5372807017543859
chameleon,ClassBasedStratification,7,1,GPRGNN,102,1000,0.5153508771929824
chameleon,ClassBasedStratification,7,1,GPRGNN,105,1000,0.4934210526315789
chameleon,ClassBasedStratification,7,1,GPRGNN,104,1000,0.5175438596491229
chameleon,ClassBasedStratification,7,1,GPRGNN,106,1000,0.5109649122807017
chameleon,ClassBasedStratification,7,1,GPRGNN,107,1000,0.5263157894736842
chameleon,ClassBasedStratification,7,1,GPRGNN,108,1000,0.5109649122807017
chameleon,ClassBasedStratification,7,2,GPRGNN,100,1000,0.5526315789473685
chameleon,ClassBasedStratification,7,1,GPRGNN,109,1000,0.5328947368421053
chameleon,ClassBasedStratification,7,2,GPRGNN,101,1000,0.5592105263157895
chameleon,ClassBasedStratification,7,2,GPRGNN,102,1000,0.543859649122807
chameleon,ClassBasedStratification,7,2,GPRGNN,103,1000,0.5416666666666666
chameleon,ClassBasedStratification,7,2,GPRGNN,104,1000,0.5328947368421053
chameleon,ClassBasedStratification,7,2,GPRGNN,105,1000,0.5372807017543859
chameleon,ClassBasedStratification,7,2,GPRGNN,106,1000,0.5416666666666666
chameleon,ClassBasedStratification,7,2,GPRGNN,107,1000,0.5548245614035088
chameleon,ClassBasedStratification,7,2,GPRGNN,108,1000,0.5328947368421053
chameleon,ClassBasedStratification,7,2,GPRGNN,109,1000,0.5592105263157895
chameleon,ClassBasedStratification,7,3,GPRGNN,100,1000,0.5164835164835165
chameleon,ClassBasedStratification,7,3,GPRGNN,101,1000,0.5076923076923077
chameleon,ClassBasedStratification,7,3,GPRGNN,102,1000,0.4967032967032967
chameleon,ClassBasedStratification,7,3,GPRGNN,103,1000,0.5362637362637362
chameleon,ClassBasedStratification,7,3,GPRGNN,104,1000,0.5186813186813187
chameleon,ClassBasedStratification,7,3,GPRGNN,105,1000,0.4945054945054945
chameleon,ClassBasedStratification,7,3,GPRGNN,106,1000,0.5274725274725275
chameleon,ClassBasedStratification,7,3,GPRGNN,107,1000,0.4879120879120879
chameleon,ClassBasedStratification,7,3,GPRGNN,108,1000,0.5098901098901099
chameleon,ClassBasedStratification,7,3,GPRGNN,109,1000,0.512087912087912
chameleon,ClassBasedStratification,7,4,GPRGNN,100,1000,0.5274725274725275
chameleon,ClassBasedStratification,7,4,GPRGNN,101,1000,0.5098901098901099
chameleon,ClassBasedStratification,7,4,GPRGNN,102,1000,0.5274725274725275
chameleon,ClassBasedStratification,7,4,GPRGNN,105,1000,0.5186813186813187
chameleon,ClassBasedStratification,7,4,GPRGNN,103,1000,0.4989010989010989
chameleon,ClassBasedStratification,7,4,GPRGNN,104,1000,0.5406593406593406
chameleon,ClassBasedStratification,7,4,GPRGNN,106,1000,0.5076923076923077
chameleon,ClassBasedStratification,7,4,GPRGNN,107,1000,0.5230769230769231
chameleon,ClassBasedStratification,7,4,GPRGNN,108,1000,0.5142857142857142
chameleon,ClassBasedStratification,7,4,GPRGNN,109,1000,0.5296703296703297
chameleon,ClassBasedStratification,7,5,GPRGNN,100,1000,0.5428571428571428
chameleon,ClassBasedStratification,7,5,GPRGNN,101,1000,0.5274725274725275
chameleon,ClassBasedStratification,7,5,GPRGNN,102,1000,0.4967032967032967
chameleon,ClassBasedStratification,7,5,GPRGNN,103,1000,0.5076923076923077
chameleon,ClassBasedStratification,7,5,GPRGNN,104,1000,0.5384615384615384
chameleon,ClassBasedStratification,7,5,GPRGNN,105,1000,0.5274725274725275
chameleon,ClassBasedStratification,7,5,GPRGNN,106,1000,0.5340659340659341
chameleon,ClassBasedStratification,7,5,GPRGNN,107,1000,0.5186813186813187
chameleon,ClassBasedStratification,7,5,GPRGNN,108,1000,0.4879120879120879
chameleon,ClassBasedStratification,7,5,GPRGNN,109,1000,0.5560439560439561
chameleon,ClassBasedStratification,8,1,GPRGNN,103,1000,0.5482456140350878
chameleon,ClassBasedStratification,8,1,GPRGNN,100,1000,0.5219298245614035
chameleon,ClassBasedStratification,8,1,GPRGNN,102,1000,0.5548245614035088
chameleon,ClassBasedStratification,8,1,GPRGNN,101,1000,0.5241228070175439
chameleon,ClassBasedStratification,8,1,GPRGNN,104,1000,0.5175438596491229
chameleon,ClassBasedStratification,8,1,GPRGNN,105,1000,0.5460526315789473
chameleon,ClassBasedStratification,8,1,GPRGNN,106,1000,0.5504385964912281
chameleon,ClassBasedStratification,8,1,GPRGNN,107,1000,0.5219298245614035
chameleon,ClassBasedStratification,8,2,GPRGNN,100,1000,0.4868421052631579
chameleon,ClassBasedStratification,8,1,GPRGNN,108,1000,0.5175438596491229
chameleon,ClassBasedStratification,8,1,GPRGNN,109,1000,0.5153508771929824
chameleon,ClassBasedStratification,8,2,GPRGNN,101,1000,0.4824561403508772
chameleon,ClassBasedStratification,8,2,GPRGNN,103,1000,0.4912280701754385
chameleon,ClassBasedStratification,8,2,GPRGNN,102,1000,0.5043859649122807
chameleon,ClassBasedStratification,8,2,GPRGNN,104,1000,0.5021929824561403
chameleon,ClassBasedStratification,8,2,GPRGNN,105,1000,0.5
chameleon,ClassBasedStratification,8,2,GPRGNN,106,1000,0.506578947368421
chameleon,ClassBasedStratification,8,2,GPRGNN,107,1000,0.4956140350877193
chameleon,ClassBasedStratification,8,2,GPRGNN,108,1000,0.5021929824561403
chameleon,ClassBasedStratification,8,2,GPRGNN,109,1000,0.4824561403508772
chameleon,ClassBasedStratification,8,3,GPRGNN,100,1000,0.5186813186813187
chameleon,ClassBasedStratification,8,3,GPRGNN,101,1000,0.4835164835164835
chameleon,ClassBasedStratification,8,3,GPRGNN,102,1000,0.4967032967032967
chameleon,ClassBasedStratification,8,3,GPRGNN,103,1000,0.5142857142857142
chameleon,ClassBasedStratification,8,3,GPRGNN,104,1000,0.4879120879120879
chameleon,ClassBasedStratification,8,3,GPRGNN,105,1000,0.4989010989010989
chameleon,ClassBasedStratification,8,3,GPRGNN,106,1000,0.5230769230769231
chameleon,ClassBasedStratification,8,3,GPRGNN,107,1000,0.5142857142857142
chameleon,ClassBasedStratification,8,3,GPRGNN,108,1000,0.5362637362637362
chameleon,ClassBasedStratification,8,3,GPRGNN,109,1000,0.5340659340659341
chameleon,ClassBasedStratification,8,4,GPRGNN,100,1000,0.5494505494505495
chameleon,ClassBasedStratification,8,4,GPRGNN,101,1000,0.5582417582417583
chameleon,ClassBasedStratification,8,4,GPRGNN,102,1000,0.5626373626373626
chameleon,ClassBasedStratification,8,4,GPRGNN,103,1000,0.5582417582417583
chameleon,ClassBasedStratification,8,4,GPRGNN,104,1000,0.5560439560439561
chameleon,ClassBasedStratification,8,4,GPRGNN,105,1000,0.5538461538461539
chameleon,ClassBasedStratification,8,4,GPRGNN,106,1000,0.5538461538461539
chameleon,ClassBasedStratification,8,4,GPRGNN,107,1000,0.5626373626373626
chameleon,ClassBasedStratification,8,4,GPRGNN,108,1000,0.5626373626373626
chameleon,ClassBasedStratification,8,4,GPRGNN,109,1000,0.567032967032967
chameleon,ClassBasedStratification,8,5,GPRGNN,100,1000,0.4901098901098901
chameleon,ClassBasedStratification,8,5,GPRGNN,101,1000,0.4967032967032967
chameleon,ClassBasedStratification,8,5,GPRGNN,102,1000,0.5252747252747253
chameleon,ClassBasedStratification,8,5,GPRGNN,103,1000,0.512087912087912
chameleon,ClassBasedStratification,8,5,GPRGNN,104,1000,0.5142857142857142
chameleon,ClassBasedStratification,8,5,GPRGNN,105,1000,0.5010989010989011
chameleon,ClassBasedStratification,8,5,GPRGNN,106,1000,0.5098901098901099
chameleon,ClassBasedStratification,8,5,GPRGNN,107,1000,0.5164835164835165
chameleon,ClassBasedStratification,8,5,GPRGNN,108,1000,0.5274725274725275
chameleon,ClassBasedStratification,8,5,GPRGNN,109,1000,0.4901098901098901
chameleon,ClassBasedStratification,9,1,GPRGNN,100,1000,0.4956140350877193
chameleon,ClassBasedStratification,9,1,GPRGNN,101,1000,0.5087719298245614
chameleon,ClassBasedStratification,9,1,GPRGNN,103,1000,0.5043859649122807
chameleon,ClassBasedStratification,9,1,GPRGNN,102,1000,0.5131578947368421
chameleon,ClassBasedStratification,9,1,GPRGNN,104,1000,0.5241228070175439
chameleon,ClassBasedStratification,9,1,GPRGNN,105,1000,0.5109649122807017
chameleon,ClassBasedStratification,9,1,GPRGNN,106,1000,0.5
chameleon,ClassBasedStratification,9,1,GPRGNN,107,1000,0.5197368421052632
chameleon,ClassBasedStratification,9,1,GPRGNN,108,1000,0.5021929824561403
chameleon,ClassBasedStratification,9,1,GPRGNN,109,1000,0.5153508771929824
chameleon,ClassBasedStratification,9,2,GPRGNN,100,1000,0.5241228070175439
chameleon,ClassBasedStratification,9,2,GPRGNN,101,1000,0.5263157894736842
chameleon,ClassBasedStratification,9,2,GPRGNN,102,1000,0.5263157894736842
chameleon,ClassBasedStratification,9,2,GPRGNN,103,1000,0.5307017543859649
chameleon,ClassBasedStratification,9,2,GPRGNN,104,1000,0.5460526315789473
chameleon,ClassBasedStratification,9,2,GPRGNN,105,1000,0.5241228070175439
chameleon,ClassBasedStratification,9,2,GPRGNN,106,1000,0.5504385964912281
chameleon,ClassBasedStratification,9,2,GPRGNN,107,1000,0.506578947368421
chameleon,ClassBasedStratification,9,2,GPRGNN,108,1000,0.5021929824561403
chameleon,ClassBasedStratification,9,2,GPRGNN,109,1000,0.5307017543859649
chameleon,ClassBasedStratification,9,3,GPRGNN,100,1000,0.5274725274725275
chameleon,ClassBasedStratification,9,3,GPRGNN,101,1000,0.4901098901098901
chameleon,ClassBasedStratification,9,3,GPRGNN,102,1000,0.5032967032967033
chameleon,ClassBasedStratification,9,3,GPRGNN,103,1000,0.4923076923076923
chameleon,ClassBasedStratification,9,3,GPRGNN,104,1000,0.4769230769230769
chameleon,ClassBasedStratification,9,3,GPRGNN,105,1000,0.4945054945054945
chameleon,ClassBasedStratification,9,3,GPRGNN,106,1000,0.4989010989010989
chameleon,ClassBasedStratification,9,3,GPRGNN,107,1000,0.5054945054945055
chameleon,ClassBasedStratification,9,3,GPRGNN,108,1000,0.4901098901098901
chameleon,ClassBasedStratification,9,3,GPRGNN,109,1000,0.4879120879120879
chameleon,ClassBasedStratification,9,4,GPRGNN,100,1000,0.5208791208791209
chameleon,ClassBasedStratification,9,4,GPRGNN,101,1000,0.5406593406593406
chameleon,ClassBasedStratification,9,4,GPRGNN,102,1000,0.512087912087912
chameleon,ClassBasedStratification,9,4,GPRGNN,103,1000,0.5318681318681319
chameleon,ClassBasedStratification,9,4,GPRGNN,104,1000,0.5472527472527473
chameleon,ClassBasedStratification,9,4,GPRGNN,105,1000,0.5406593406593406
chameleon,ClassBasedStratification,9,4,GPRGNN,106,1000,0.5428571428571428
chameleon,ClassBasedStratification,9,4,GPRGNN,107,1000,0.5428571428571428
chameleon,ClassBasedStratification,9,4,GPRGNN,108,1000,0.5098901098901099
chameleon,ClassBasedStratification,9,4,GPRGNN,109,1000,0.5076923076923077
chameleon,ClassBasedStratification,9,5,GPRGNN,100,1000,0.5252747252747253
chameleon,ClassBasedStratification,9,5,GPRGNN,101,1000,0.5208791208791209
chameleon,ClassBasedStratification,9,5,GPRGNN,102,1000,0.5362637362637362
chameleon,ClassBasedStratification,9,5,GPRGNN,103,1000,0.5054945054945055
chameleon,ClassBasedStratification,9,5,GPRGNN,104,1000,0.5252747252747253
chameleon,ClassBasedStratification,9,5,GPRGNN,105,1000,0.5142857142857142
chameleon,ClassBasedStratification,9,5,GPRGNN,106,1000,0.5186813186813187
chameleon,ClassBasedStratification,9,5,GPRGNN,107,1000,0.4879120879120879
chameleon,ClassBasedStratification,9,5,GPRGNN,108,1000,0.5164835164835165
chameleon,ClassBasedStratification,9,5,GPRGNN,109,1000,0.5274725274725275
Cora,ClassBasedStratification,0,1,GPRGNN,103,1000,0.8800738007380073
Cora,ClassBasedStratification,0,1,GPRGNN,102,1000,0.8726937269372693
Cora,ClassBasedStratification,0,1,GPRGNN,100,1000,0.8819188191881919
Cora,ClassBasedStratification,0,1,GPRGNN,101,1000,0.8892988929889298
Cora,ClassBasedStratification,0,1,GPRGNN,106,1000,0.8800738007380073
Cora,ClassBasedStratification,0,1,GPRGNN,104,1000,0.8874538745387454
Cora,ClassBasedStratification,0,1,GPRGNN,105,1000,0.8929889298892989
Cora,ClassBasedStratification,0,1,GPRGNN,107,1000,0.8856088560885609
Cora,ClassBasedStratification,0,1,GPRGNN,108,1000,0.8800738007380073
Cora,ClassBasedStratification,0,1,GPRGNN,109,1000,0.8911439114391144
Cora,ClassBasedStratification,0,2,GPRGNN,100,1000,0.904059040590406
Cora,ClassBasedStratification,0,2,GPRGNN,101,1000,0.9059040590405903
Cora,ClassBasedStratification,0,2,GPRGNN,102,1000,0.9022140221402214
Cora,ClassBasedStratification,0,2,GPRGNN,103,1000,0.9059040590405903
Cora,ClassBasedStratification,0,2,GPRGNN,104,1000,0.9059040590405903
Cora,ClassBasedStratification,0,2,GPRGNN,105,1000,0.9022140221402214
Cora,ClassBasedStratification,0,2,GPRGNN,106,1000,0.904059040590406
Cora,ClassBasedStratification,0,2,GPRGNN,107,1000,0.904059040590406
Cora,ClassBasedStratification,0,2,GPRGNN,108,1000,0.9003690036900369
Cora,ClassBasedStratification,0,2,GPRGNN,109,1000,0.9022140221402214
Cora,ClassBasedStratification,0,3,GPRGNN,100,1000,0.8892988929889298
Cora,ClassBasedStratification,0,3,GPRGNN,101,1000,0.8856088560885609
Cora,ClassBasedStratification,0,3,GPRGNN,102,1000,0.8874538745387454
Cora,ClassBasedStratification,0,3,GPRGNN,103,1000,0.9003690036900369
Cora,ClassBasedStratification,0,3,GPRGNN,104,1000,0.8856088560885609
Cora,ClassBasedStratification,0,3,GPRGNN,105,1000,0.8819188191881919
Cora,ClassBasedStratification,0,3,GPRGNN,106,1000,0.8690036900369004
Cora,ClassBasedStratification,0,3,GPRGNN,107,1000,0.8856088560885609
Cora,ClassBasedStratification,0,3,GPRGNN,108,1000,0.8837638376383764
Cora,ClassBasedStratification,0,3,GPRGNN,109,1000,0.9003690036900369
Cora,ClassBasedStratification,0,4,GPRGNN,100,1000,0.8983364140480592
Cora,ClassBasedStratification,0,4,GPRGNN,101,1000,0.8909426987060998
Cora,ClassBasedStratification,0,4,GPRGNN,102,1000,0.9001848428835489
Cora,ClassBasedStratification,0,4,GPRGNN,103,1000,0.8946395563770795
Cora,ClassBasedStratification,0,4,GPRGNN,104,1000,0.8964879852125693
Cora,ClassBasedStratification,0,4,GPRGNN,105,1000,0.8946395563770795
Cora,ClassBasedStratification,0,4,GPRGNN,106,1000,0.8909426987060998
Cora,ClassBasedStratification,0,4,GPRGNN,107,1000,0.8946395563770795
Cora,ClassBasedStratification,0,4,GPRGNN,108,1000,0.909426987060998
Cora,ClassBasedStratification,0,4,GPRGNN,109,1000,0.8909426987060998
Cora,ClassBasedStratification,0,5,GPRGNN,100,1000,0.8650646950092421
Cora,ClassBasedStratification,0,5,GPRGNN,101,1000,0.8558225508317929
Cora,ClassBasedStratification,0,5,GPRGNN,102,1000,0.8613678373382625
Cora,ClassBasedStratification,0,5,GPRGNN,103,1000,0.8687615526802218
Cora,ClassBasedStratification,0,5,GPRGNN,104,1000,0.8465804066543438
Cora,ClassBasedStratification,0,5,GPRGNN,105,1000,0.8539741219963032
Cora,ClassBasedStratification,0,5,GPRGNN,106,1000,0.8724584103512015
Cora,ClassBasedStratification,0,5,GPRGNN,107,1000,0.8632162661737524
Cora,ClassBasedStratification,0,5,GPRGNN,108,1000,0.8558225508317929
Cora,ClassBasedStratification,0,5,GPRGNN,109,1000,0.8632162661737524
Cora,ClassBasedStratification,1,1,GPRGNN,102,1000,0.8837638376383764
Cora,ClassBasedStratification,1,1,GPRGNN,101,1000,0.8874538745387454
Cora,ClassBasedStratification,1,1,GPRGNN,103,1000,0.8874538745387454
Cora,ClassBasedStratification,1,1,GPRGNN,100,1000,0.8911439114391144
Cora,ClassBasedStratification,1,1,GPRGNN,104,1000,0.8856088560885609
Cora,ClassBasedStratification,1,1,GPRGNN,106,1000,0.8819188191881919
Cora,ClassBasedStratification,1,1,GPRGNN,105,1000,0.8911439114391144
Cora,ClassBasedStratification,1,1,GPRGNN,107,1000,0.8892988929889298
Cora,ClassBasedStratification,1,1,GPRGNN,108,1000,0.8892988929889298
Cora,ClassBasedStratification,1,1,GPRGNN,109,1000,0.8892988929889298
Cora,ClassBasedStratification,1,2,GPRGNN,100,1000,0.8745387453874539
Cora,ClassBasedStratification,1,2,GPRGNN,101,1000,0.8782287822878229
Cora,ClassBasedStratification,1,2,GPRGNN,102,1000,0.8726937269372693
Cora,ClassBasedStratification,1,2,GPRGNN,103,1000,0.8634686346863468
Cora,ClassBasedStratification,1,2,GPRGNN,105,1000,0.8745387453874539
Cora,ClassBasedStratification,1,2,GPRGNN,104,1000,0.8800738007380073
Cora,ClassBasedStratification,1,2,GPRGNN,106,1000,0.8671586715867159
Cora,ClassBasedStratification,1,2,GPRGNN,107,1000,0.8708487084870848
Cora,ClassBasedStratification,1,2,GPRGNN,108,1000,0.8800738007380073
Cora,ClassBasedStratification,1,2,GPRGNN,109,1000,0.8800738007380073
Cora,ClassBasedStratification,1,3,GPRGNN,100,1000,0.8837638376383764
Cora,ClassBasedStratification,1,3,GPRGNN,102,1000,0.8800738007380073
Cora,ClassBasedStratification,1,3,GPRGNN,101,1000,0.8837638376383764
Cora,ClassBasedStratification,1,3,GPRGNN,103,1000,0.8929889298892989
Cora,ClassBasedStratification,1,3,GPRGNN,104,1000,0.8874538745387454
Cora,ClassBasedStratification,1,3,GPRGNN,105,1000,0.8874538745387454
Cora,ClassBasedStratification,1,3,GPRGNN,106,1000,0.8782287822878229
Cora,ClassBasedStratification,1,3,GPRGNN,107,1000,0.8782287822878229
Cora,ClassBasedStratification,1,3,GPRGNN,108,1000,0.8837638376383764
Cora,ClassBasedStratification,1,4,GPRGNN,100,1000,0.878003696857671
Cora,ClassBasedStratification,1,3,GPRGNN,109,1000,0.8819188191881919
Cora,ClassBasedStratification,1,4,GPRGNN,101,1000,0.8853974121996303
Cora,ClassBasedStratification,1,4,GPRGNN,102,1000,0.8983364140480592
Cora,ClassBasedStratification,1,4,GPRGNN,103,1000,0.8946395563770795
Cora,ClassBasedStratification,1,4,GPRGNN,104,1000,0.8964879852125693
Cora,ClassBasedStratification,1,4,GPRGNN,105,1000,0.8909426987060998
Cora,ClassBasedStratification,1,4,GPRGNN,106,1000,0.8798521256931608
Cora,ClassBasedStratification,1,4,GPRGNN,107,1000,0.8964879852125693
Cora,ClassBasedStratification,1,4,GPRGNN,108,1000,0.9020332717190388
Cora,ClassBasedStratification,1,4,GPRGNN,109,1000,0.8983364140480592
Cora,ClassBasedStratification,1,5,GPRGNN,100,1000,0.8743068391866913
Cora,ClassBasedStratification,1,5,GPRGNN,101,1000,0.878003696857671
Cora,ClassBasedStratification,1,5,GPRGNN,102,1000,0.878003696857671
Cora,ClassBasedStratification,1,5,GPRGNN,103,1000,0.878003696857671
Cora,ClassBasedStratification,1,5,GPRGNN,104,1000,0.8798521256931608
Cora,ClassBasedStratification,1,5,GPRGNN,106,1000,0.878003696857671
Cora,ClassBasedStratification,1,5,GPRGNN,105,1000,0.8853974121996303
Cora,ClassBasedStratification,1,5,GPRGNN,107,1000,0.8853974121996303
Cora,ClassBasedStratification,1,5,GPRGNN,108,1000,0.8835489833641405
Cora,ClassBasedStratification,1,5,GPRGNN,109,1000,0.8724584103512015
Cora,ClassBasedStratification,2,1,GPRGNN,103,1000,0.8726937269372693
Cora,ClassBasedStratification,2,1,GPRGNN,100,1000,0.8542435424354243
Cora,ClassBasedStratification,2,1,GPRGNN,102,1000,0.8745387453874539
Cora,ClassBasedStratification,2,1,GPRGNN,101,1000,0.8634686346863468
Cora,ClassBasedStratification,2,1,GPRGNN,104,1000,0.8653136531365314
Cora,ClassBasedStratification,2,1,GPRGNN,105,1000,0.8671586715867159
Cora,ClassBasedStratification,2,1,GPRGNN,106,1000,0.8653136531365314
Cora,ClassBasedStratification,2,1,GPRGNN,107,1000,0.8597785977859779
Cora,ClassBasedStratification,2,1,GPRGNN,108,1000,0.8671586715867159
Cora,ClassBasedStratification,2,1,GPRGNN,109,1000,0.8653136531365314
Cora,ClassBasedStratification,2,2,GPRGNN,100,1000,0.918819188191882
Cora,ClassBasedStratification,2,2,GPRGNN,101,1000,0.9077490774907748
Cora,ClassBasedStratification,2,2,GPRGNN,102,1000,0.9169741697416974
Cora,ClassBasedStratification,2,2,GPRGNN,103,1000,0.9132841328413284
Cora,ClassBasedStratification,2,2,GPRGNN,104,1000,0.904059040590406
Cora,ClassBasedStratification,2,2,GPRGNN,105,1000,0.915129151291513
Cora,ClassBasedStratification,2,2,GPRGNN,106,1000,0.9132841328413284
Cora,ClassBasedStratification,2,2,GPRGNN,107,1000,0.9169741697416974
Cora,ClassBasedStratification,2,2,GPRGNN,108,1000,0.9132841328413284
Cora,ClassBasedStratification,2,2,GPRGNN,109,1000,0.9095940959409594
Cora,ClassBasedStratification,2,3,GPRGNN,100,1000,0.8745387453874539
Cora,ClassBasedStratification,2,3,GPRGNN,101,1000,0.8837638376383764
Cora,ClassBasedStratification,2,3,GPRGNN,102,1000,0.8819188191881919
Cora,ClassBasedStratification,2,3,GPRGNN,103,1000,0.8929889298892989
Cora,ClassBasedStratification,2,3,GPRGNN,104,1000,0.8856088560885609
Cora,ClassBasedStratification,2,3,GPRGNN,105,1000,0.8874538745387454
Cora,ClassBasedStratification,2,3,GPRGNN,106,1000,0.8763837638376384
Cora,ClassBasedStratification,2,3,GPRGNN,107,1000,0.8819188191881919
Cora,ClassBasedStratification,2,3,GPRGNN,108,1000,0.8837638376383764
Cora,ClassBasedStratification,2,3,GPRGNN,109,1000,0.8911439114391144
Cora,ClassBasedStratification,2,4,GPRGNN,100,1000,0.8872458410351202
Cora,ClassBasedStratification,2,4,GPRGNN,101,1000,0.8761552680221811
Cora,ClassBasedStratification,2,4,GPRGNN,102,1000,0.8853974121996303
Cora,ClassBasedStratification,2,4,GPRGNN,103,1000,0.8743068391866913
Cora,ClassBasedStratification,2,4,GPRGNN,104,1000,0.878003696857671
Cora,ClassBasedStratification,2,4,GPRGNN,105,1000,0.8743068391866913
Cora,ClassBasedStratification,2,4,GPRGNN,106,1000,0.8743068391866913
Cora,ClassBasedStratification,2,4,GPRGNN,107,1000,0.8761552680221811
Cora,ClassBasedStratification,2,4,GPRGNN,108,1000,0.8798521256931608
Cora,ClassBasedStratification,2,4,GPRGNN,109,1000,0.878003696857671
Cora,ClassBasedStratification,2,5,GPRGNN,100,1000,0.8687615526802218
Cora,ClassBasedStratification,2,5,GPRGNN,101,1000,0.8872458410351202
Cora,ClassBasedStratification,2,5,GPRGNN,102,1000,0.8761552680221811
Cora,ClassBasedStratification,2,5,GPRGNN,103,1000,0.866913123844732
Cora,ClassBasedStratification,2,5,GPRGNN,104,1000,0.8798521256931608
Cora,ClassBasedStratification,2,5,GPRGNN,105,1000,0.8761552680221811
Cora,ClassBasedStratification,2,5,GPRGNN,106,1000,0.8798521256931608
Cora,ClassBasedStratification,2,5,GPRGNN,107,1000,0.8743068391866913
Cora,ClassBasedStratification,2,5,GPRGNN,108,1000,0.8761552680221811
Cora,ClassBasedStratification,2,5,GPRGNN,109,1000,0.8798521256931608
Cora,ClassBasedStratification,3,1,GPRGNN,101,1000,0.8874538745387454
Cora,ClassBasedStratification,3,1,GPRGNN,100,1000,0.8929889298892989
Cora,ClassBasedStratification,3,1,GPRGNN,102,1000,0.8929889298892989
Cora,ClassBasedStratification,3,1,GPRGNN,103,1000,0.8966789667896679
Cora,ClassBasedStratification,3,1,GPRGNN,104,1000,0.8837638376383764
Cora,ClassBasedStratification,3,1,GPRGNN,106,1000,0.8948339483394834
Cora,ClassBasedStratification,3,1,GPRGNN,105,1000,0.8929889298892989
Cora,ClassBasedStratification,3,1,GPRGNN,107,1000,0.8874538745387454
Cora,ClassBasedStratification,3,1,GPRGNN,108,1000,0.8874538745387454
Cora,ClassBasedStratification,3,2,GPRGNN,101,1000,0.8579335793357934
Cora,ClassBasedStratification,3,2,GPRGNN,100,1000,0.8708487084870848
Cora,ClassBasedStratification,3,1,GPRGNN,109,1000,0.8819188191881919
Cora,ClassBasedStratification,3,2,GPRGNN,102,1000,0.8560885608856088
Cora,ClassBasedStratification,3,2,GPRGNN,103,1000,0.8616236162361623
Cora,ClassBasedStratification,3,2,GPRGNN,104,1000,0.8468634686346863
Cora,ClassBasedStratification,3,2,GPRGNN,105,1000,0.8487084870848709
Cora,ClassBasedStratification,3,2,GPRGNN,107,1000,0.8579335793357934
Cora,ClassBasedStratification,3,2,GPRGNN,106,1000,0.8487084870848709
Cora,ClassBasedStratification,3,2,GPRGNN,108,1000,0.8560885608856088
Cora,ClassBasedStratification,3,2,GPRGNN,109,1000,0.8542435424354243
Cora,ClassBasedStratification,3,3,GPRGNN,102,1000,0.8782287822878229
Cora,ClassBasedStratification,3,3,GPRGNN,100,1000,0.8782287822878229
Cora,ClassBasedStratification,3,3,GPRGNN,101,1000,0.8782287822878229
Cora,ClassBasedStratification,3,3,GPRGNN,103,1000,0.8874538745387454
Cora,ClassBasedStratification,3,3,GPRGNN,104,1000,0.8892988929889298
Cora,ClassBasedStratification,3,3,GPRGNN,105,1000,0.8782287822878229
Cora,ClassBasedStratification,3,3,GPRGNN,106,1000,0.8763837638376384
Cora,ClassBasedStratification,3,3,GPRGNN,107,1000,0.8763837638376384
Cora,ClassBasedStratification,3,3,GPRGNN,109,1000,0.8782287822878229
Cora,ClassBasedStratification,3,3,GPRGNN,108,1000,0.8892988929889298
Cora,ClassBasedStratification,3,4,GPRGNN,100,1000,0.88909426987061
Cora,ClassBasedStratification,3,4,GPRGNN,101,1000,0.8909426987060998
Cora,ClassBasedStratification,3,4,GPRGNN,102,1000,0.8835489833641405
Cora,ClassBasedStratification,3,4,GPRGNN,103,1000,0.8983364140480592
Cora,ClassBasedStratification,3,4,GPRGNN,105,1000,0.8853974121996303
Cora,ClassBasedStratification,3,4,GPRGNN,104,1000,0.8946395563770795
Cora,ClassBasedStratification,3,4,GPRGNN,107,1000,0.8946395563770795
Cora,ClassBasedStratification,3,4,GPRGNN,106,1000,0.8927911275415896
Cora,ClassBasedStratification,3,4,GPRGNN,109,1000,0.8946395563770795
Cora,ClassBasedStratification,3,4,GPRGNN,108,1000,0.8927911275415896
Cora,ClassBasedStratification,3,5,GPRGNN,101,1000,0.9057301293900184
Cora,ClassBasedStratification,3,5,GPRGNN,100,1000,0.8909426987060998
Cora,ClassBasedStratification,3,5,GPRGNN,103,1000,0.8964879852125693
Cora,ClassBasedStratification,3,5,GPRGNN,102,1000,0.8964879852125693
Cora,ClassBasedStratification,3,5,GPRGNN,105,1000,0.8983364140480592
Cora,ClassBasedStratification,3,5,GPRGNN,104,1000,0.8983364140480592
Cora,ClassBasedStratification,3,5,GPRGNN,106,1000,0.8835489833641405
Cora,ClassBasedStratification,3,5,GPRGNN,107,1000,0.8909426987060998
Cora,ClassBasedStratification,3,5,GPRGNN,108,1000,0.8927911275415896
Cora,ClassBasedStratification,3,5,GPRGNN,109,1000,0.88909426987061
Cora,ClassBasedStratification,4,1,GPRGNN,102,1000,0.8856088560885609
Cora,ClassBasedStratification,4,1,GPRGNN,100,1000,0.8874538745387454
Cora,ClassBasedStratification,4,1,GPRGNN,101,1000,0.8948339483394834
Cora,ClassBasedStratification,4,1,GPRGNN,103,1000,0.8948339483394834
Cora,ClassBasedStratification,4,1,GPRGNN,105,1000,0.8966789667896679
Cora,ClassBasedStratification,4,1,GPRGNN,104,1000,0.8911439114391144
Cora,ClassBasedStratification,4,1,GPRGNN,107,1000,0.8874538745387454
Cora,ClassBasedStratification,4,1,GPRGNN,106,1000,0.8892988929889298
Cora,ClassBasedStratification,4,1,GPRGNN,108,1000,0.8856088560885609
Cora,ClassBasedStratification,4,2,GPRGNN,101,1000,0.8948339483394834
Cora,ClassBasedStratification,4,1,GPRGNN,109,1000,0.9003690036900369
Cora,ClassBasedStratification,4,2,GPRGNN,100,1000,0.8837638376383764
Cora,ClassBasedStratification,4,2,GPRGNN,102,1000,0.8892988929889298
Cora,ClassBasedStratification,4,2,GPRGNN,103,1000,0.8948339483394834
Cora,ClassBasedStratification,4,2,GPRGNN,104,1000,0.8892988929889298
Cora,ClassBasedStratification,4,2,GPRGNN,105,1000,0.8929889298892989
Cora,ClassBasedStratification,4,2,GPRGNN,106,1000,0.8837638376383764
Cora,ClassBasedStratification,4,2,GPRGNN,107,1000,0.8911439114391144
Cora,ClassBasedStratification,4,2,GPRGNN,108,1000,0.8892988929889298
Cora,ClassBasedStratification,4,2,GPRGNN,109,1000,0.8819188191881919
Cora,ClassBasedStratification,4,3,GPRGNN,100,1000,0.8487084870848709
Cora,ClassBasedStratification,4,3,GPRGNN,101,1000,0.8523985239852399
Cora,ClassBasedStratification,4,3,GPRGNN,102,1000,0.8450184501845018
Cora,ClassBasedStratification,4,3,GPRGNN,103,1000,0.8523985239852399
Cora,ClassBasedStratification,4,3,GPRGNN,104,1000,0.8450184501845018
Cora,ClassBasedStratification,4,3,GPRGNN,105,1000,0.8542435424354243
Cora,ClassBasedStratification,4,3,GPRGNN,106,1000,0.8505535055350554
Cora,ClassBasedStratification,4,3,GPRGNN,107,1000,0.8523985239852399
Cora,ClassBasedStratification,4,3,GPRGNN,108,1000,0.8597785977859779
Cora,ClassBasedStratification,4,3,GPRGNN,109,1000,0.8468634686346863
Cora,ClassBasedStratification,4,4,GPRGNN,100,1000,0.8983364140480592
Cora,ClassBasedStratification,4,4,GPRGNN,101,1000,0.909426987060998
Cora,ClassBasedStratification,4,4,GPRGNN,102,1000,0.88909426987061
Cora,ClassBasedStratification,4,4,GPRGNN,103,1000,0.9057301293900184
Cora,ClassBasedStratification,4,4,GPRGNN,104,1000,0.8964879852125693
Cora,ClassBasedStratification,4,4,GPRGNN,105,1000,0.88909426987061
Cora,ClassBasedStratification,4,4,GPRGNN,106,1000,0.8872458410351202
Cora,ClassBasedStratification,4,4,GPRGNN,107,1000,0.9001848428835489
Cora,ClassBasedStratification,4,4,GPRGNN,108,1000,0.9038817005545288
Cora,ClassBasedStratification,4,4,GPRGNN,109,1000,0.8983364140480592
Cora,ClassBasedStratification,4,5,GPRGNN,100,1000,0.88909426987061
Cora,ClassBasedStratification,4,5,GPRGNN,101,1000,0.88909426987061
Cora,ClassBasedStratification,4,5,GPRGNN,102,1000,0.8835489833641405
Cora,ClassBasedStratification,4,5,GPRGNN,103,1000,0.8853974121996303
Cora,ClassBasedStratification,4,5,GPRGNN,104,1000,0.8853974121996303
Cora,ClassBasedStratification,4,5,GPRGNN,105,1000,0.8872458410351202
Cora,ClassBasedStratification,4,5,GPRGNN,106,1000,0.88909426987061
Cora,ClassBasedStratification,4,5,GPRGNN,107,1000,0.88909426987061
Cora,ClassBasedStratification,4,5,GPRGNN,108,1000,0.8927911275415896
Cora,ClassBasedStratification,4,5,GPRGNN,109,1000,0.8817005545286506
Cora,ClassBasedStratification,5,1,GPRGNN,101,1000,0.8892988929889298
Cora,ClassBasedStratification,5,1,GPRGNN,102,1000,0.8800738007380073
Cora,ClassBasedStratification,5,1,GPRGNN,103,1000,0.8837638376383764
Cora,ClassBasedStratification,5,1,GPRGNN,100,1000,0.8819188191881919
Cora,ClassBasedStratification,5,1,GPRGNN,106,1000,0.8819188191881919
Cora,ClassBasedStratification,5,1,GPRGNN,104,1000,0.8782287822878229
Cora,ClassBasedStratification,5,1,GPRGNN,105,1000,0.8745387453874539
Cora,ClassBasedStratification,5,1,GPRGNN,107,1000,0.8874538745387454
Cora,ClassBasedStratification,5,1,GPRGNN,108,1000,0.8892988929889298
Cora,ClassBasedStratification,5,1,GPRGNN,109,1000,0.8948339483394834
Cora,ClassBasedStratification,5,2,GPRGNN,100,1000,0.8966789667896679
Cora,ClassBasedStratification,5,2,GPRGNN,101,1000,0.9077490774907748
Cora,ClassBasedStratification,5,2,GPRGNN,102,1000,0.9206642066420664
Cora,ClassBasedStratification,5,2,GPRGNN,103,1000,0.904059040590406
Cora,ClassBasedStratification,5,2,GPRGNN,104,1000,0.9003690036900369
Cora,ClassBasedStratification,5,2,GPRGNN,105,1000,0.9132841328413284
Cora,ClassBasedStratification,5,2,GPRGNN,106,1000,0.904059040590406
Cora,ClassBasedStratification,5,2,GPRGNN,107,1000,0.9022140221402214
Cora,ClassBasedStratification,5,2,GPRGNN,108,1000,0.904059040590406
Cora,ClassBasedStratification,5,2,GPRGNN,109,1000,0.9022140221402214
Cora,ClassBasedStratification,5,3,GPRGNN,100,1000,0.8911439114391144
Cora,ClassBasedStratification,5,3,GPRGNN,101,1000,0.8874538745387454
Cora,ClassBasedStratification,5,3,GPRGNN,102,1000,0.8837638376383764
Cora,ClassBasedStratification,5,3,GPRGNN,103,1000,0.8726937269372693
Cora,ClassBasedStratification,5,3,GPRGNN,104,1000,0.8892988929889298
Cora,ClassBasedStratification,5,3,GPRGNN,105,1000,0.8819188191881919
Cora,ClassBasedStratification,5,3,GPRGNN,106,1000,0.8800738007380073
Cora,ClassBasedStratification,5,3,GPRGNN,107,1000,0.8745387453874539
Cora,ClassBasedStratification,5,3,GPRGNN,108,1000,0.8874538745387454
Cora,ClassBasedStratification,5,3,GPRGNN,109,1000,0.8819188191881919
Cora,ClassBasedStratification,5,4,GPRGNN,100,1000,0.8724584103512015
Cora,ClassBasedStratification,5,4,GPRGNN,101,1000,0.8706099815157117
Cora,ClassBasedStratification,5,4,GPRGNN,102,1000,0.8706099815157117
Cora,ClassBasedStratification,5,4,GPRGNN,103,1000,0.8743068391866913
Cora,ClassBasedStratification,5,4,GPRGNN,104,1000,0.8650646950092421
Cora,ClassBasedStratification,5,4,GPRGNN,105,1000,0.8724584103512015
Cora,ClassBasedStratification,5,4,GPRGNN,106,1000,0.8706099815157117
Cora,ClassBasedStratification,5,4,GPRGNN,107,1000,0.878003696857671
Cora,ClassBasedStratification,5,4,GPRGNN,108,1000,0.8613678373382625
Cora,ClassBasedStratification,5,4,GPRGNN,109,1000,0.8761552680221811
Cora,ClassBasedStratification,5,5,GPRGNN,100,1000,0.866913123844732
Cora,ClassBasedStratification,5,5,GPRGNN,101,1000,0.8761552680221811
Cora,ClassBasedStratification,5,5,GPRGNN,102,1000,0.8853974121996303
Cora,ClassBasedStratification,5,5,GPRGNN,103,1000,0.8835489833641405
Cora,ClassBasedStratification,5,5,GPRGNN,104,1000,0.8872458410351202
Cora,ClassBasedStratification,5,5,GPRGNN,105,1000,0.878003696857671
Cora,ClassBasedStratification,5,5,GPRGNN,106,1000,0.8817005545286506
Cora,ClassBasedStratification,5,5,GPRGNN,107,1000,0.8817005545286506
Cora,ClassBasedStratification,5,5,GPRGNN,108,1000,0.8835489833641405
Cora,ClassBasedStratification,5,5,GPRGNN,109,1000,0.8743068391866913
Cora,ClassBasedStratification,6,1,GPRGNN,102,1000,0.8856088560885609
Cora,ClassBasedStratification,6,1,GPRGNN,101,1000,0.8856088560885609
Cora,ClassBasedStratification,6,1,GPRGNN,100,1000,0.8911439114391144
Cora,ClassBasedStratification,6,1,GPRGNN,103,1000,0.8800738007380073
Cora,ClassBasedStratification,6,1,GPRGNN,104,1000,0.8800738007380073
Cora,ClassBasedStratification,6,1,GPRGNN,105,1000,0.8837638376383764
Cora,ClassBasedStratification,6,1,GPRGNN,106,1000,0.8837638376383764
Cora,ClassBasedStratification,6,1,GPRGNN,107,1000,0.8966789667896679
Cora,ClassBasedStratification,6,1,GPRGNN,108,1000,0.8837638376383764
Cora,ClassBasedStratification,6,1,GPRGNN,109,1000,0.8819188191881919
Cora,ClassBasedStratification,6,2,GPRGNN,100,1000,0.9095940959409594
Cora,ClassBasedStratification,6,2,GPRGNN,101,1000,0.9059040590405903
Cora,ClassBasedStratification,6,2,GPRGNN,102,1000,0.9059040590405903
Cora,ClassBasedStratification,6,2,GPRGNN,103,1000,0.9132841328413284
Cora,ClassBasedStratification,6,2,GPRGNN,104,1000,0.9095940959409594
Cora,ClassBasedStratification,6,2,GPRGNN,105,1000,0.9132841328413284
Cora,ClassBasedStratification,6,2,GPRGNN,106,1000,0.9077490774907748
Cora,ClassBasedStratification,6,2,GPRGNN,107,1000,0.9077490774907748
Cora,ClassBasedStratification,6,2,GPRGNN,109,1000,0.9077490774907748
Cora,ClassBasedStratification,6,2,GPRGNN,108,1000,0.918819188191882
Cora,ClassBasedStratification,6,3,GPRGNN,100,1000,0.8653136531365314
Cora,ClassBasedStratification,6,3,GPRGNN,101,1000,0.8671586715867159
Cora,ClassBasedStratification,6,3,GPRGNN,103,1000,0.8634686346863468
Cora,ClassBasedStratification,6,3,GPRGNN,102,1000,0.8763837638376384
Cora,ClassBasedStratification,6,3,GPRGNN,104,1000,0.8708487084870848
Cora,ClassBasedStratification,6,3,GPRGNN,105,1000,0.8597785977859779
Cora,ClassBasedStratification,6,3,GPRGNN,107,1000,0.8708487084870848
Cora,ClassBasedStratification,6,3,GPRGNN,106,1000,0.8690036900369004
Cora,ClassBasedStratification,6,3,GPRGNN,109,1000,0.8763837638376384
Cora,ClassBasedStratification,6,3,GPRGNN,108,1000,0.8726937269372693
Cora,ClassBasedStratification,6,4,GPRGNN,100,1000,0.8927911275415896
Cora,ClassBasedStratification,6,4,GPRGNN,101,1000,0.88909426987061
Cora,ClassBasedStratification,6,4,GPRGNN,102,1000,0.8909426987060998
Cora,ClassBasedStratification,6,4,GPRGNN,103,1000,0.8946395563770795
Cora,ClassBasedStratification,6,4,GPRGNN,104,1000,0.8853974121996303
Cora,ClassBasedStratification,6,4,GPRGNN,105,1000,0.8909426987060998
Cora,ClassBasedStratification,6,4,GPRGNN,106,1000,0.8853974121996303
Cora,ClassBasedStratification,6,4,GPRGNN,107,1000,0.8872458410351202
Cora,ClassBasedStratification,6,4,GPRGNN,108,1000,0.8927911275415896
Cora,ClassBasedStratification,6,4,GPRGNN,109,1000,0.8909426987060998
Cora,ClassBasedStratification,6,5,GPRGNN,100,1000,0.8761552680221811
Cora,ClassBasedStratification,6,5,GPRGNN,101,1000,0.8687615526802218
Cora,ClassBasedStratification,6,5,GPRGNN,102,1000,0.8706099815157117
Cora,ClassBasedStratification,6,5,GPRGNN,103,1000,0.8650646950092421
Cora,ClassBasedStratification,6,5,GPRGNN,104,1000,0.8706099815157117
Cora,ClassBasedStratification,6,5,GPRGNN,105,1000,0.8706099815157117
Cora,ClassBasedStratification,6,5,GPRGNN,106,1000,0.866913123844732
Cora,ClassBasedStratification,6,5,GPRGNN,107,1000,0.8743068391866913
Cora,ClassBasedStratification,6,5,GPRGNN,108,1000,0.8743068391866913
Cora,ClassBasedStratification,6,5,GPRGNN,109,1000,0.866913123844732
Cora,ClassBasedStratification,7,1,GPRGNN,103,1000,0.8819188191881919
Cora,ClassBasedStratification,7,1,GPRGNN,101,1000,0.8763837638376384
Cora,ClassBasedStratification,7,1,GPRGNN,102,1000,0.8763837638376384
Cora,ClassBasedStratification,7,1,GPRGNN,100,1000,0.8800738007380073
Cora,ClassBasedStratification,7,1,GPRGNN,105,1000,0.8671586715867159
Cora,ClassBasedStratification,7,1,GPRGNN,106,1000,0.8726937269372693
Cora,ClassBasedStratification,7,1,GPRGNN,104,1000,0.8745387453874539
Cora,ClassBasedStratification,7,1,GPRGNN,107,1000,0.8911439114391144
Cora,ClassBasedStratification,7,1,GPRGNN,108,1000,0.8911439114391144
Cora,ClassBasedStratification,7,1,GPRGNN,109,1000,0.8708487084870848
Cora,ClassBasedStratification,7,2,GPRGNN,100,1000,0.8690036900369004
Cora,ClassBasedStratification,7,2,GPRGNN,101,1000,0.8726937269372693
Cora,ClassBasedStratification,7,2,GPRGNN,103,1000,0.8763837638376384
Cora,ClassBasedStratification,7,2,GPRGNN,102,1000,0.8856088560885609
Cora,ClassBasedStratification,7,2,GPRGNN,104,1000,0.8726937269372693
Cora,ClassBasedStratification,7,2,GPRGNN,105,1000,0.8837638376383764
Cora,ClassBasedStratification,7,2,GPRGNN,106,1000,0.8745387453874539
Cora,ClassBasedStratification,7,2,GPRGNN,107,1000,0.8856088560885609
Cora,ClassBasedStratification,7,2,GPRGNN,108,1000,0.8819188191881919
Cora,ClassBasedStratification,7,2,GPRGNN,109,1000,0.8671586715867159
Cora,ClassBasedStratification,7,3,GPRGNN,101,1000,0.9077490774907748
Cora,ClassBasedStratification,7,3,GPRGNN,100,1000,0.9077490774907748
Cora,ClassBasedStratification,7,3,GPRGNN,103,1000,0.9077490774907748
Cora,ClassBasedStratification,7,3,GPRGNN,102,1000,0.9059040590405903
Cora,ClassBasedStratification,7,3,GPRGNN,104,1000,0.9077490774907748
Cora,ClassBasedStratification,7,3,GPRGNN,105,1000,0.9132841328413284
Cora,ClassBasedStratification,7,3,GPRGNN,106,1000,0.9022140221402214
Cora,ClassBasedStratification,7,3,GPRGNN,107,1000,0.8985239852398524
Cora,ClassBasedStratification,7,3,GPRGNN,108,1000,0.911439114391144
Cora,ClassBasedStratification,7,3,GPRGNN,109,1000,0.9095940959409594
Cora,ClassBasedStratification,7,4,GPRGNN,101,1000,0.8964879852125693
Cora,ClassBasedStratification,7,4,GPRGNN,100,1000,0.8853974121996303
Cora,ClassBasedStratification,7,4,GPRGNN,102,1000,0.8983364140480592
Cora,ClassBasedStratification,7,4,GPRGNN,103,1000,0.8983364140480592
Cora,ClassBasedStratification,7,4,GPRGNN,104,1000,0.9001848428835489
Cora,ClassBasedStratification,7,4,GPRGNN,105,1000,0.8909426987060998
Cora,ClassBasedStratification,7,4,GPRGNN,106,1000,0.8872458410351202
Cora,ClassBasedStratification,7,4,GPRGNN,107,1000,0.9001848428835489
Cora,ClassBasedStratification,7,4,GPRGNN,108,1000,0.9075785582255084
Cora,ClassBasedStratification,7,4,GPRGNN,109,1000,0.8798521256931608
Cora,ClassBasedStratification,7,5,GPRGNN,100,1000,0.866913123844732
Cora,ClassBasedStratification,7,5,GPRGNN,101,1000,0.8761552680221811
Cora,ClassBasedStratification,7,5,GPRGNN,102,1000,0.8724584103512015
Cora,ClassBasedStratification,7,5,GPRGNN,103,1000,0.8724584103512015
Cora,ClassBasedStratification,7,5,GPRGNN,104,1000,0.8835489833641405
Cora,ClassBasedStratification,7,5,GPRGNN,105,1000,0.866913123844732
Cora,ClassBasedStratification,7,5,GPRGNN,106,1000,0.8724584103512015
Cora,ClassBasedStratification,7,5,GPRGNN,107,1000,0.8650646950092421
Cora,ClassBasedStratification,7,5,GPRGNN,108,1000,0.866913123844732
Cora,ClassBasedStratification,7,5,GPRGNN,109,1000,0.8761552680221811
Cora,ClassBasedStratification,8,1,GPRGNN,102,1000,0.8966789667896679
Cora,ClassBasedStratification,8,1,GPRGNN,101,1000,0.904059040590406
Cora,ClassBasedStratification,8,1,GPRGNN,103,1000,0.8966789667896679
Cora,ClassBasedStratification,8,1,GPRGNN,100,1000,0.8966789667896679
Cora,ClassBasedStratification,8,1,GPRGNN,104,1000,0.8874538745387454
Cora,ClassBasedStratification,8,1,GPRGNN,105,1000,0.8892988929889298
Cora,ClassBasedStratification,8,1,GPRGNN,106,1000,0.8948339483394834
Cora,ClassBasedStratification,8,1,GPRGNN,107,1000,0.8966789667896679
Cora,ClassBasedStratification,8,1,GPRGNN,108,1000,0.9022140221402214
Cora,ClassBasedStratification,8,1,GPRGNN,109,1000,0.8929889298892989
Cora,ClassBasedStratification,8,2,GPRGNN,100,1000,0.8579335793357934
Cora,ClassBasedStratification,8,2,GPRGNN,101,1000,0.8579335793357934
Cora,ClassBasedStratification,8,2,GPRGNN,102,1000,0.8597785977859779
Cora,ClassBasedStratification,8,2,GPRGNN,105,1000,0.8708487084870848
Cora,ClassBasedStratification,8,2,GPRGNN,104,1000,0.8653136531365314
Cora,ClassBasedStratification,8,2,GPRGNN,103,1000,0.8726937269372693
Cora,ClassBasedStratification,8,2,GPRGNN,106,1000,0.8523985239852399
Cora,ClassBasedStratification,8,2,GPRGNN,108,1000,0.8726937269372693
Cora,ClassBasedStratification,8,2,GPRGNN,109,1000,0.8579335793357934
Cora,ClassBasedStratification,8,2,GPRGNN,107,1000,0.8708487084870848
Cora,ClassBasedStratification,8,3,GPRGNN,100,1000,0.8966789667896679
Cora,ClassBasedStratification,8,3,GPRGNN,101,1000,0.8966789667896679
Cora,ClassBasedStratification,8,3,GPRGNN,102,1000,0.8892988929889298
Cora,ClassBasedStratification,8,3,GPRGNN,103,1000,0.8985239852398524
Cora,ClassBasedStratification,8,3,GPRGNN,104,1000,0.8985239852398524
Cora,ClassBasedStratification,8,3,GPRGNN,105,1000,0.8948339483394834
Cora,ClassBasedStratification,8,3,GPRGNN,106,1000,0.8892988929889298
Cora,ClassBasedStratification,8,3,GPRGNN,107,1000,0.8948339483394834
Cora,ClassBasedStratification,8,3,GPRGNN,108,1000,0.911439114391144
Cora,ClassBasedStratification,8,3,GPRGNN,109,1000,0.8929889298892989
Cora,ClassBasedStratification,8,4,GPRGNN,100,1000,0.8983364140480592
Cora,ClassBasedStratification,8,4,GPRGNN,101,1000,0.8964879852125693
Cora,ClassBasedStratification,8,4,GPRGNN,102,1000,0.909426987060998
Cora,ClassBasedStratification,8,4,GPRGNN,103,1000,0.9020332717190388
Cora,ClassBasedStratification,8,4,GPRGNN,104,1000,0.909426987060998
Cora,ClassBasedStratification,8,4,GPRGNN,105,1000,0.8909426987060998
Cora,ClassBasedStratification,8,4,GPRGNN,106,1000,0.9020332717190388
Cora,ClassBasedStratification,8,4,GPRGNN,107,1000,0.8927911275415896
Cora,ClassBasedStratification,8,4,GPRGNN,108,1000,0.8927911275415896
Cora,ClassBasedStratification,8,4,GPRGNN,109,1000,0.8983364140480592
Cora,ClassBasedStratification,8,5,GPRGNN,100,1000,0.8558225508317929
Cora,ClassBasedStratification,8,5,GPRGNN,102,1000,0.866913123844732
Cora,ClassBasedStratification,8,5,GPRGNN,101,1000,0.8576709796672828
Cora,ClassBasedStratification,8,5,GPRGNN,103,1000,0.8558225508317929
Cora,ClassBasedStratification,8,5,GPRGNN,104,1000,0.8558225508317929
Cora,ClassBasedStratification,8,5,GPRGNN,105,1000,0.8595194085027726
Cora,ClassBasedStratification,8,5,GPRGNN,106,1000,0.8650646950092421
Cora,ClassBasedStratification,8,5,GPRGNN,107,1000,0.8595194085027726
Cora,ClassBasedStratification,8,5,GPRGNN,108,1000,0.8632162661737524
Cora,ClassBasedStratification,8,5,GPRGNN,109,1000,0.8539741219963032
Cora,ClassBasedStratification,9,1,GPRGNN,100,1000,0.8763837638376384
Cora,ClassBasedStratification,9,1,GPRGNN,101,1000,0.8653136531365314
Cora,ClassBasedStratification,9,1,GPRGNN,103,1000,0.8892988929889298
Cora,ClassBasedStratification,9,1,GPRGNN,102,1000,0.8708487084870848
Cora,ClassBasedStratification,9,1,GPRGNN,104,1000,0.8800738007380073
Cora,ClassBasedStratification,9,1,GPRGNN,106,1000,0.8671586715867159
Cora,ClassBasedStratification,9,1,GPRGNN,105,1000,0.8800738007380073
Cora,ClassBasedStratification,9,1,GPRGNN,107,1000,0.8782287822878229
Cora,ClassBasedStratification,9,2,GPRGNN,100,1000,0.8874538745387454
Cora,ClassBasedStratification,9,1,GPRGNN,108,1000,0.8763837638376384
Cora,ClassBasedStratification,9,2,GPRGNN,101,1000,0.8800738007380073
Cora,ClassBasedStratification,9,1,GPRGNN,109,1000,0.8708487084870848
Cora,ClassBasedStratification,9,2,GPRGNN,102,1000,0.8782287822878229
Cora,ClassBasedStratification,9,2,GPRGNN,104,1000,0.8837638376383764
Cora,ClassBasedStratification,9,2,GPRGNN,103,1000,0.8819188191881919
Cora,ClassBasedStratification,9,2,GPRGNN,105,1000,0.8726937269372693
Cora,ClassBasedStratification,9,2,GPRGNN,108,1000,0.8837638376383764
Cora,ClassBasedStratification,9,2,GPRGNN,107,1000,0.8800738007380073
Cora,ClassBasedStratification,9,2,GPRGNN,106,1000,0.8966789667896679
Cora,ClassBasedStratification,9,2,GPRGNN,109,1000,0.8782287822878229
Cora,ClassBasedStratification,9,3,GPRGNN,101,1000,0.9095940959409594
Cora,ClassBasedStratification,9,3,GPRGNN,100,1000,0.9095940959409594
Cora,ClassBasedStratification,9,3,GPRGNN,102,1000,0.9077490774907748
Cora,ClassBasedStratification,9,3,GPRGNN,103,1000,0.915129151291513
Cora,ClassBasedStratification,9,3,GPRGNN,104,1000,0.8985239852398524
Cora,ClassBasedStratification,9,3,GPRGNN,106,1000,0.9095940959409594
Cora,ClassBasedStratification,9,3,GPRGNN,105,1000,0.915129151291513
Cora,ClassBasedStratification,9,3,GPRGNN,107,1000,0.9059040590405903
Cora,ClassBasedStratification,9,3,GPRGNN,108,1000,0.904059040590406
Cora,ClassBasedStratification,9,4,GPRGNN,100,1000,0.8817005545286506
Cora,ClassBasedStratification,9,3,GPRGNN,109,1000,0.911439114391144
Cora,ClassBasedStratification,9,4,GPRGNN,101,1000,0.8798521256931608
Cora,ClassBasedStratification,9,4,GPRGNN,102,1000,0.8817005545286506
Cora,ClassBasedStratification,9,4,GPRGNN,103,1000,0.8835489833641405
Cora,ClassBasedStratification,9,4,GPRGNN,104,1000,0.878003696857671
Cora,ClassBasedStratification,9,4,GPRGNN,105,1000,0.8817005545286506
Cora,ClassBasedStratification,9,4,GPRGNN,106,1000,0.8835489833641405
Cora,ClassBasedStratification,9,4,GPRGNN,107,1000,0.8872458410351202
Cora,ClassBasedStratification,9,4,GPRGNN,108,1000,0.8798521256931608
Cora,ClassBasedStratification,9,4,GPRGNN,109,1000,0.8761552680221811
Cora,ClassBasedStratification,9,5,GPRGNN,100,1000,0.8817005545286506
Cora,ClassBasedStratification,9,5,GPRGNN,101,1000,0.8798521256931608
Cora,ClassBasedStratification,9,5,GPRGNN,103,1000,0.8853974121996303
Cora,ClassBasedStratification,9,5,GPRGNN,102,1000,0.8761552680221811
Cora,ClassBasedStratification,9,5,GPRGNN,104,1000,0.8835489833641405
Cora,ClassBasedStratification,9,5,GPRGNN,105,1000,0.8817005545286506
Cora,ClassBasedStratification,9,5,GPRGNN,106,1000,0.8761552680221811
Cora,ClassBasedStratification,9,5,GPRGNN,107,1000,0.8835489833641405
Cora,ClassBasedStratification,9,5,GPRGNN,108,1000,0.8853974121996303
Cora,ClassBasedStratification,9,5,GPRGNN,109,1000,0.8798521256931608
Cora,ClassBasedStratification,0,1,H2GCN,101,1000,0.8819188191881919
Cora,ClassBasedStratification,0,1,H2GCN,102,1000,0.8800738007380073
Cora,ClassBasedStratification,0,1,H2GCN,100,1000,0.8819188191881919
Cora,ClassBasedStratification,0,1,H2GCN,103,1000,0.8800738007380073
Cora,ClassBasedStratification,0,1,H2GCN,104,1000,0.8837638376383764
Cora,ClassBasedStratification,0,1,H2GCN,105,1000,0.8763837638376384
Cora,ClassBasedStratification,0,1,H2GCN,107,1000,0.8819188191881919
Cora,ClassBasedStratification,0,1,H2GCN,106,1000,0.8800738007380073
Cora,ClassBasedStratification,0,1,H2GCN,108,1000,0.8837638376383764
Cora,ClassBasedStratification,0,1,H2GCN,109,1000,0.8819188191881919
Cora,ClassBasedStratification,0,2,H2GCN,101,1000,0.8985239852398524
Cora,ClassBasedStratification,0,2,H2GCN,100,1000,0.8985239852398524
Cora,ClassBasedStratification,0,2,H2GCN,103,1000,0.8929889298892989
Cora,ClassBasedStratification,0,2,H2GCN,102,1000,0.8966789667896679
Cora,ClassBasedStratification,0,2,H2GCN,104,1000,0.8929889298892989
Cora,ClassBasedStratification,0,2,H2GCN,105,1000,0.8966789667896679
Cora,ClassBasedStratification,0,2,H2GCN,106,1000,0.8948339483394834
Cora,ClassBasedStratification,0,2,H2GCN,107,1000,0.8929889298892989
Cora,ClassBasedStratification,0,2,H2GCN,108,1000,0.8966789667896679
Cora,ClassBasedStratification,0,2,H2GCN,109,1000,0.8948339483394834
Cora,ClassBasedStratification,0,3,H2GCN,100,1000,0.8892988929889298
Cora,ClassBasedStratification,0,3,H2GCN,101,1000,0.8892988929889298
Cora,ClassBasedStratification,0,3,H2GCN,102,1000,0.8874538745387454
Cora,ClassBasedStratification,0,3,H2GCN,103,1000,0.8856088560885609
Cora,ClassBasedStratification,0,3,H2GCN,104,1000,0.8892988929889298
Cora,ClassBasedStratification,0,3,H2GCN,105,1000,0.8874538745387454
Cora,ClassBasedStratification,0,3,H2GCN,107,1000,0.8856088560885609
Cora,ClassBasedStratification,0,3,H2GCN,106,1000,0.8837638376383764
Cora,ClassBasedStratification,0,3,H2GCN,108,1000,0.8856088560885609
Cora,ClassBasedStratification,0,3,H2GCN,109,1000,0.8874538745387454
Cora,ClassBasedStratification,0,4,H2GCN,100,1000,0.8909426987060998
Cora,ClassBasedStratification,0,4,H2GCN,101,1000,0.8872458410351202
Cora,ClassBasedStratification,0,4,H2GCN,102,1000,0.9001848428835489
Cora,ClassBasedStratification,0,4,H2GCN,103,1000,0.8983364140480592
Cora,ClassBasedStratification,0,4,H2GCN,104,1000,0.8927911275415896
Cora,ClassBasedStratification,0,4,H2GCN,105,1000,0.8946395563770795
Cora,ClassBasedStratification,0,4,H2GCN,106,1000,0.8964879852125693
Cora,ClassBasedStratification,0,4,H2GCN,107,1000,0.8964879852125693
Cora,ClassBasedStratification,0,4,H2GCN,108,1000,0.8927911275415896
Cora,ClassBasedStratification,0,4,H2GCN,109,1000,0.8983364140480592
Cora,ClassBasedStratification,0,5,H2GCN,100,1000,0.88909426987061
Cora,ClassBasedStratification,0,5,H2GCN,101,1000,0.8909426987060998
Cora,ClassBasedStratification,0,5,H2GCN,102,1000,0.88909426987061
Cora,ClassBasedStratification,0,5,H2GCN,103,1000,0.8927911275415896
Cora,ClassBasedStratification,0,5,H2GCN,104,1000,0.8983364140480592
Cora,ClassBasedStratification,0,5,H2GCN,105,1000,0.8909426987060998
Cora,ClassBasedStratification,0,5,H2GCN,106,1000,0.8946395563770795
Cora,ClassBasedStratification,0,5,H2GCN,107,1000,0.8909426987060998
Cora,ClassBasedStratification,0,5,H2GCN,108,1000,0.8927911275415896
Cora,ClassBasedStratification,0,5,H2GCN,109,1000,0.8927911275415896
Cora,ClassBasedStratification,1,1,H2GCN,101,1000,0.9022140221402214
Cora,ClassBasedStratification,1,1,H2GCN,102,1000,0.8966789667896679
Cora,ClassBasedStratification,1,1,H2GCN,100,1000,0.8985239852398524
Cora,ClassBasedStratification,1,1,H2GCN,103,1000,0.8985239852398524
Cora,ClassBasedStratification,1,1,H2GCN,106,1000,0.8985239852398524
Cora,ClassBasedStratification,1,1,H2GCN,104,1000,0.9003690036900369
Cora,ClassBasedStratification,1,1,H2GCN,105,1000,0.9022140221402214
Cora,ClassBasedStratification,1,1,H2GCN,107,1000,0.9003690036900369
Cora,ClassBasedStratification,1,2,H2GCN,100,1000,0.8634686346863468
Cora,ClassBasedStratification,1,1,H2GCN,109,1000,0.8966789667896679
Cora,ClassBasedStratification,1,1,H2GCN,108,1000,0.8966789667896679
Cora,ClassBasedStratification,1,2,H2GCN,101,1000,0.8634686346863468
Cora,ClassBasedStratification,1,2,H2GCN,103,1000,0.8671586715867159
Cora,ClassBasedStratification,1,2,H2GCN,102,1000,0.8616236162361623
Cora,ClassBasedStratification,1,2,H2GCN,104,1000,0.8690036900369004
Cora,ClassBasedStratification,1,2,H2GCN,105,1000,0.8653136531365314
Cora,ClassBasedStratification,1,2,H2GCN,106,1000,0.8671586715867159
Cora,ClassBasedStratification,1,2,H2GCN,107,1000,0.8690036900369004
Cora,ClassBasedStratification,1,2,H2GCN,108,1000,0.8634686346863468
Cora,ClassBasedStratification,1,2,H2GCN,109,1000,0.8671586715867159
Cora,ClassBasedStratification,1,3,H2GCN,100,1000,0.8985239852398524
Cora,ClassBasedStratification,1,3,H2GCN,101,1000,0.8929889298892989
Cora,ClassBasedStratification,1,3,H2GCN,102,1000,0.9022140221402214
Cora,ClassBasedStratification,1,3,H2GCN,103,1000,0.8948339483394834
Cora,ClassBasedStratification,1,3,H2GCN,104,1000,0.8929889298892989
Cora,ClassBasedStratification,1,3,H2GCN,105,1000,0.8966789667896679
Cora,ClassBasedStratification,1,3,H2GCN,106,1000,0.8948339483394834
Cora,ClassBasedStratification,1,3,H2GCN,107,1000,0.9022140221402214
Cora,ClassBasedStratification,1,3,H2GCN,108,1000,0.8966789667896679
Cora,ClassBasedStratification,1,4,H2GCN,100,1000,0.88909426987061
Cora,ClassBasedStratification,1,3,H2GCN,109,1000,0.8985239852398524
Cora,ClassBasedStratification,1,4,H2GCN,101,1000,0.88909426987061
Cora,ClassBasedStratification,1,4,H2GCN,102,1000,0.8927911275415896
Cora,ClassBasedStratification,1,4,H2GCN,103,1000,0.8909426987060998
Cora,ClassBasedStratification,1,4,H2GCN,104,1000,0.8946395563770795
Cora,ClassBasedStratification,1,4,H2GCN,105,1000,0.8872458410351202
Cora,ClassBasedStratification,1,4,H2GCN,106,1000,0.8872458410351202
Cora,ClassBasedStratification,1,4,H2GCN,107,1000,0.8909426987060998
Cora,ClassBasedStratification,1,4,H2GCN,108,1000,0.8927911275415896
Cora,ClassBasedStratification,1,4,H2GCN,109,1000,0.8927911275415896
Cora,ClassBasedStratification,1,5,H2GCN,100,1000,0.8909426987060998
Cora,ClassBasedStratification,1,5,H2GCN,101,1000,0.8927911275415896
Cora,ClassBasedStratification,1,5,H2GCN,102,1000,0.8909426987060998
Cora,ClassBasedStratification,1,5,H2GCN,103,1000,0.8853974121996303
Cora,ClassBasedStratification,1,5,H2GCN,104,1000,0.9001848428835489
Cora,ClassBasedStratification,1,5,H2GCN,105,1000,0.8853974121996303
Cora,ClassBasedStratification,1,5,H2GCN,106,1000,0.8909426987060998
Cora,ClassBasedStratification,1,5,H2GCN,107,1000,0.8909426987060998
Cora,ClassBasedStratification,1,5,H2GCN,108,1000,0.8835489833641405
Cora,ClassBasedStratification,1,5,H2GCN,109,1000,0.8927911275415896
Cora,ClassBasedStratification,2,1,H2GCN,101,1000,0.8671586715867159
Cora,ClassBasedStratification,2,1,H2GCN,102,1000,0.8616236162361623
Cora,ClassBasedStratification,2,1,H2GCN,100,1000,0.8653136531365314
Cora,ClassBasedStratification,2,1,H2GCN,103,1000,0.8634686346863468
Cora,ClassBasedStratification,2,1,H2GCN,105,1000,0.8653136531365314
Cora,ClassBasedStratification,2,1,H2GCN,106,1000,0.8597785977859779
Cora,ClassBasedStratification,2,1,H2GCN,104,1000,0.8708487084870848
Cora,ClassBasedStratification,2,1,H2GCN,107,1000,0.8653136531365314
Cora,ClassBasedStratification,2,1,H2GCN,109,1000,0.8616236162361623
Cora,ClassBasedStratification,2,1,H2GCN,108,1000,0.8671586715867159
Cora,ClassBasedStratification,2,2,H2GCN,100,1000,0.9132841328413284
Cora,ClassBasedStratification,2,2,H2GCN,101,1000,0.9077490774907748
Cora,ClassBasedStratification,2,2,H2GCN,102,1000,0.9059040590405903
Cora,ClassBasedStratification,2,2,H2GCN,103,1000,0.9095940959409594
Cora,ClassBasedStratification,2,2,H2GCN,104,1000,0.9077490774907748
Cora,ClassBasedStratification,2,2,H2GCN,105,1000,0.9132841328413284
Cora,ClassBasedStratification,2,2,H2GCN,106,1000,0.911439114391144
Cora,ClassBasedStratification,2,2,H2GCN,108,1000,0.915129151291513
Cora,ClassBasedStratification,2,2,H2GCN,107,1000,0.9169741697416974
Cora,ClassBasedStratification,2,2,H2GCN,109,1000,0.911439114391144
Cora,ClassBasedStratification,2,3,H2GCN,100,1000,0.8892988929889298
Cora,ClassBasedStratification,2,3,H2GCN,101,1000,0.8874538745387454
Cora,ClassBasedStratification,2,3,H2GCN,102,1000,0.8892988929889298
Cora,ClassBasedStratification,2,3,H2GCN,103,1000,0.8911439114391144
Cora,ClassBasedStratification,2,3,H2GCN,104,1000,0.8892988929889298
Cora,ClassBasedStratification,2,3,H2GCN,105,1000,0.8856088560885609
Cora,ClassBasedStratification,2,3,H2GCN,106,1000,0.8874538745387454
Cora,ClassBasedStratification,2,3,H2GCN,107,1000,0.8856088560885609
Cora,ClassBasedStratification,2,3,H2GCN,108,1000,0.8856088560885609
Cora,ClassBasedStratification,2,3,H2GCN,109,1000,0.8874538745387454
Cora,ClassBasedStratification,2,4,H2GCN,100,1000,0.8983364140480592
Cora,ClassBasedStratification,2,4,H2GCN,101,1000,0.8946395563770795
Cora,ClassBasedStratification,2,4,H2GCN,102,1000,0.8983364140480592
Cora,ClassBasedStratification,2,4,H2GCN,103,1000,0.8983364140480592
Cora,ClassBasedStratification,2,4,H2GCN,104,1000,0.8927911275415896
Cora,ClassBasedStratification,2,4,H2GCN,105,1000,0.8983364140480592
Cora,ClassBasedStratification,2,4,H2GCN,106,1000,0.8964879852125693
Cora,ClassBasedStratification,2,4,H2GCN,107,1000,0.8964879852125693
Cora,ClassBasedStratification,2,4,H2GCN,108,1000,0.8927911275415896
Cora,ClassBasedStratification,2,4,H2GCN,109,1000,0.8909426987060998
Cora,ClassBasedStratification,2,5,H2GCN,100,1000,0.8909426987060998
Cora,ClassBasedStratification,2,5,H2GCN,101,1000,0.88909426987061
Cora,ClassBasedStratification,2,5,H2GCN,102,1000,0.88909426987061
Cora,ClassBasedStratification,2,5,H2GCN,103,1000,0.8872458410351202
Cora,ClassBasedStratification,2,5,H2GCN,104,1000,0.8909426987060998
Cora,ClassBasedStratification,2,5,H2GCN,105,1000,0.8909426987060998
Cora,ClassBasedStratification,2,5,H2GCN,106,1000,0.88909426987061
Cora,ClassBasedStratification,2,5,H2GCN,107,1000,0.88909426987061
Cora,ClassBasedStratification,2,5,H2GCN,108,1000,0.8872458410351202
Cora,ClassBasedStratification,2,5,H2GCN,109,1000,0.8872458410351202
Cora,ClassBasedStratification,3,1,H2GCN,102,1000,0.8929889298892989
Cora,ClassBasedStratification,3,1,H2GCN,100,1000,0.8966789667896679
Cora,ClassBasedStratification,3,1,H2GCN,103,1000,0.8892988929889298
Cora,ClassBasedStratification,3,1,H2GCN,101,1000,0.8892988929889298
Cora,ClassBasedStratification,3,1,H2GCN,104,1000,0.8948339483394834
Cora,ClassBasedStratification,3,1,H2GCN,106,1000,0.8892988929889298
Cora,ClassBasedStratification,3,1,H2GCN,105,1000,0.8929889298892989
Cora,ClassBasedStratification,3,1,H2GCN,107,1000,0.8929889298892989
Cora,ClassBasedStratification,3,1,H2GCN,108,1000,0.8929889298892989
Cora,ClassBasedStratification,3,1,H2GCN,109,1000,0.8929889298892989
Cora,ClassBasedStratification,3,2,H2GCN,100,1000,0.8690036900369004
Cora,ClassBasedStratification,3,2,H2GCN,101,1000,0.8726937269372693
Cora,ClassBasedStratification,3,2,H2GCN,102,1000,0.8726937269372693
Cora,ClassBasedStratification,3,2,H2GCN,105,1000,0.8708487084870848
Cora,ClassBasedStratification,3,2,H2GCN,104,1000,0.8726937269372693
Cora,ClassBasedStratification,3,2,H2GCN,103,1000,0.8745387453874539
Cora,ClassBasedStratification,3,2,H2GCN,106,1000,0.8726937269372693
Cora,ClassBasedStratification,3,2,H2GCN,108,1000,0.8745387453874539
Cora,ClassBasedStratification,3,2,H2GCN,107,1000,0.8726937269372693
Cora,ClassBasedStratification,3,2,H2GCN,109,1000,0.8726937269372693
Cora,ClassBasedStratification,3,3,H2GCN,100,1000,0.8948339483394834
Cora,ClassBasedStratification,3,3,H2GCN,103,1000,0.8948339483394834
Cora,ClassBasedStratification,3,3,H2GCN,101,1000,0.9003690036900369
Cora,ClassBasedStratification,3,3,H2GCN,102,1000,0.8985239852398524
Cora,ClassBasedStratification,3,3,H2GCN,104,1000,0.9003690036900369
Cora,ClassBasedStratification,3,3,H2GCN,105,1000,0.8985239852398524
Cora,ClassBasedStratification,3,3,H2GCN,107,1000,0.9022140221402214
Cora,ClassBasedStratification,3,3,H2GCN,106,1000,0.9003690036900369
Cora,ClassBasedStratification,3,3,H2GCN,108,1000,0.9003690036900369
Cora,ClassBasedStratification,3,3,H2GCN,109,1000,0.8948339483394834
Cora,ClassBasedStratification,3,4,H2GCN,100,1000,0.9020332717190388
Cora,ClassBasedStratification,3,4,H2GCN,101,1000,0.8964879852125693
Cora,ClassBasedStratification,3,4,H2GCN,102,1000,0.9020332717190388
Cora,ClassBasedStratification,3,4,H2GCN,103,1000,0.9038817005545288
Cora,ClassBasedStratification,3,4,H2GCN,104,1000,0.9020332717190388
Cora,ClassBasedStratification,3,4,H2GCN,105,1000,0.9001848428835489
Cora,ClassBasedStratification,3,4,H2GCN,106,1000,0.9001848428835489
Cora,ClassBasedStratification,3,4,H2GCN,107,1000,0.9038817005545288
Cora,ClassBasedStratification,3,4,H2GCN,108,1000,0.9020332717190388
Cora,ClassBasedStratification,3,4,H2GCN,109,1000,0.9001848428835489
Cora,ClassBasedStratification,3,5,H2GCN,101,1000,0.8872458410351202
Cora,ClassBasedStratification,3,5,H2GCN,100,1000,0.8872458410351202
Cora,ClassBasedStratification,3,5,H2GCN,102,1000,0.88909426987061
Cora,ClassBasedStratification,3,5,H2GCN,103,1000,0.8909426987060998
Cora,ClassBasedStratification,3,5,H2GCN,105,1000,0.8872458410351202
Cora,ClassBasedStratification,3,5,H2GCN,104,1000,0.8872458410351202
Cora,ClassBasedStratification,3,5,H2GCN,106,1000,0.8872458410351202
Cora,ClassBasedStratification,3,5,H2GCN,107,1000,0.8872458410351202
Cora,ClassBasedStratification,3,5,H2GCN,108,1000,0.8909426987060998
Cora,ClassBasedStratification,3,5,H2GCN,109,1000,0.8835489833641405
Cora,ClassBasedStratification,4,1,H2GCN,102,1000,0.8929889298892989
Cora,ClassBasedStratification,4,1,H2GCN,103,1000,0.8874538745387454
Cora,ClassBasedStratification,4,1,H2GCN,101,1000,0.8911439114391144
Cora,ClassBasedStratification,4,1,H2GCN,100,1000,0.8948339483394834
Cora,ClassBasedStratification,4,1,H2GCN,104,1000,0.8966789667896679
Cora,ClassBasedStratification,4,1,H2GCN,105,1000,0.8856088560885609
Cora,ClassBasedStratification,4,1,H2GCN,106,1000,0.8911439114391144
Cora,ClassBasedStratification,4,1,H2GCN,107,1000,0.8892988929889298
Cora,ClassBasedStratification,4,1,H2GCN,108,1000,0.8874538745387454
Cora,ClassBasedStratification,4,1,H2GCN,109,1000,0.8911439114391144
Cora,ClassBasedStratification,4,2,H2GCN,100,1000,0.9003690036900369
Cora,ClassBasedStratification,4,2,H2GCN,101,1000,0.8985239852398524
Cora,ClassBasedStratification,4,2,H2GCN,102,1000,0.904059040590406
Cora,ClassBasedStratification,4,2,H2GCN,103,1000,0.9003690036900369
Cora,ClassBasedStratification,4,2,H2GCN,104,1000,0.8985239852398524
Cora,ClassBasedStratification,4,2,H2GCN,105,1000,0.9022140221402214
Cora,ClassBasedStratification,4,2,H2GCN,107,1000,0.9022140221402214
Cora,ClassBasedStratification,4,2,H2GCN,108,1000,0.9003690036900369
Cora,ClassBasedStratification,4,2,H2GCN,106,1000,0.8929889298892989
Cora,ClassBasedStratification,4,2,H2GCN,109,1000,0.8966789667896679
Cora,ClassBasedStratification,4,3,H2GCN,100,1000,0.8560885608856088
Cora,ClassBasedStratification,4,3,H2GCN,101,1000,0.8671586715867159
Cora,ClassBasedStratification,4,3,H2GCN,102,1000,0.8542435424354243
Cora,ClassBasedStratification,4,3,H2GCN,103,1000,0.8616236162361623
Cora,ClassBasedStratification,4,3,H2GCN,104,1000,0.8616236162361623
Cora,ClassBasedStratification,4,3,H2GCN,105,1000,0.8560885608856088
Cora,ClassBasedStratification,4,3,H2GCN,106,1000,0.8597785977859779
Cora,ClassBasedStratification,4,3,H2GCN,107,1000,0.8634686346863468
Cora,ClassBasedStratification,4,3,H2GCN,108,1000,0.8597785977859779
Cora,ClassBasedStratification,4,4,H2GCN,101,1000,0.9057301293900184
Cora,ClassBasedStratification,4,3,H2GCN,109,1000,0.8523985239852399
Cora,ClassBasedStratification,4,4,H2GCN,100,1000,0.9075785582255084
Cora,ClassBasedStratification,4,4,H2GCN,102,1000,0.9038817005545288
Cora,ClassBasedStratification,4,4,H2GCN,103,1000,0.9020332717190388
Cora,ClassBasedStratification,4,4,H2GCN,105,1000,0.9075785582255084
Cora,ClassBasedStratification,4,4,H2GCN,104,1000,0.9131238447319778
Cora,ClassBasedStratification,4,4,H2GCN,106,1000,0.9038817005545288
Cora,ClassBasedStratification,4,4,H2GCN,107,1000,0.911275415896488
Cora,ClassBasedStratification,4,4,H2GCN,108,1000,0.909426987060998
Cora,ClassBasedStratification,4,4,H2GCN,109,1000,0.9038817005545288
Cora,ClassBasedStratification,4,5,H2GCN,100,1000,0.8798521256931608
Cora,ClassBasedStratification,4,5,H2GCN,101,1000,0.8835489833641405
Cora,ClassBasedStratification,4,5,H2GCN,102,1000,0.878003696857671
Cora,ClassBasedStratification,4,5,H2GCN,103,1000,0.8798521256931608
Cora,ClassBasedStratification,4,5,H2GCN,104,1000,0.8817005545286506
Cora,ClassBasedStratification,4,5,H2GCN,105,1000,0.8798521256931608
Cora,ClassBasedStratification,4,5,H2GCN,106,1000,0.8798521256931608
Cora,ClassBasedStratification,4,5,H2GCN,107,1000,0.8798521256931608
Cora,ClassBasedStratification,4,5,H2GCN,108,1000,0.8798521256931608
Cora,ClassBasedStratification,4,5,H2GCN,109,1000,0.878003696857671
Cora,ClassBasedStratification,5,1,H2GCN,103,1000,0.8763837638376384
Cora,ClassBasedStratification,5,1,H2GCN,100,1000,0.8837638376383764
Cora,ClassBasedStratification,5,1,H2GCN,102,1000,0.8782287822878229
Cora,ClassBasedStratification,5,1,H2GCN,101,1000,0.8782287822878229
Cora,ClassBasedStratification,5,1,H2GCN,105,1000,0.8782287822878229
Cora,ClassBasedStratification,5,1,H2GCN,104,1000,0.8782287822878229
Cora,ClassBasedStratification,5,1,H2GCN,107,1000,0.8763837638376384
Cora,ClassBasedStratification,5,1,H2GCN,106,1000,0.8763837638376384
Cora,ClassBasedStratification,5,1,H2GCN,108,1000,0.8726937269372693
Cora,ClassBasedStratification,5,2,H2GCN,101,1000,0.911439114391144
Cora,ClassBasedStratification,5,1,H2GCN,109,1000,0.8782287822878229
Cora,ClassBasedStratification,5,2,H2GCN,100,1000,0.9132841328413284
Cora,ClassBasedStratification,5,2,H2GCN,102,1000,0.9132841328413284
Cora,ClassBasedStratification,5,2,H2GCN,103,1000,0.9059040590405903
Cora,ClassBasedStratification,5,2,H2GCN,104,1000,0.911439114391144
Cora,ClassBasedStratification,5,2,H2GCN,105,1000,0.9077490774907748
Cora,ClassBasedStratification,5,2,H2GCN,106,1000,0.9095940959409594
Cora,ClassBasedStratification,5,2,H2GCN,107,1000,0.9132841328413284
Cora,ClassBasedStratification,5,2,H2GCN,109,1000,0.915129151291513
Cora,ClassBasedStratification,5,2,H2GCN,108,1000,0.9095940959409594
Cora,ClassBasedStratification,5,3,H2GCN,100,1000,0.8856088560885609
Cora,ClassBasedStratification,5,3,H2GCN,101,1000,0.8874538745387454
Cora,ClassBasedStratification,5,3,H2GCN,102,1000,0.8929889298892989
Cora,ClassBasedStratification,5,3,H2GCN,103,1000,0.8892988929889298
Cora,ClassBasedStratification,5,3,H2GCN,104,1000,0.8874538745387454
Cora,ClassBasedStratification,5,3,H2GCN,105,1000,0.8856088560885609
Cora,ClassBasedStratification,5,3,H2GCN,107,1000,0.8911439114391144
Cora,ClassBasedStratification,5,3,H2GCN,106,1000,0.8911439114391144
Cora,ClassBasedStratification,5,3,H2GCN,108,1000,0.8856088560885609
Cora,ClassBasedStratification,5,3,H2GCN,109,1000,0.8911439114391144
Cora,ClassBasedStratification,5,4,H2GCN,100,1000,0.8706099815157117
Cora,ClassBasedStratification,5,4,H2GCN,101,1000,0.8724584103512015
Cora,ClassBasedStratification,5,4,H2GCN,102,1000,0.8706099815157117
Cora,ClassBasedStratification,5,4,H2GCN,103,1000,0.878003696857671
Cora,ClassBasedStratification,5,4,H2GCN,104,1000,0.8743068391866913
Cora,ClassBasedStratification,5,4,H2GCN,105,1000,0.8706099815157117
Cora,ClassBasedStratification,5,4,H2GCN,106,1000,0.878003696857671
Cora,ClassBasedStratification,5,4,H2GCN,107,1000,0.8724584103512015
Cora,ClassBasedStratification,5,4,H2GCN,108,1000,0.8724584103512015
Cora,ClassBasedStratification,5,4,H2GCN,109,1000,0.8706099815157117
Cora,ClassBasedStratification,5,5,H2GCN,100,1000,0.8835489833641405
Cora,ClassBasedStratification,5,5,H2GCN,101,1000,0.8853974121996303
Cora,ClassBasedStratification,5,5,H2GCN,102,1000,0.8853974121996303
Cora,ClassBasedStratification,5,5,H2GCN,103,1000,0.8853974121996303
Cora,ClassBasedStratification,5,5,H2GCN,104,1000,0.8909426987060998
Cora,ClassBasedStratification,5,5,H2GCN,105,1000,0.8853974121996303
Cora,ClassBasedStratification,5,5,H2GCN,106,1000,0.8835489833641405
Cora,ClassBasedStratification,5,5,H2GCN,107,1000,0.8872458410351202
Cora,ClassBasedStratification,5,5,H2GCN,108,1000,0.8835489833641405
Cora,ClassBasedStratification,5,5,H2GCN,109,1000,0.8817005545286506
Cora,ClassBasedStratification,6,1,H2GCN,102,1000,0.8856088560885609
Cora,ClassBasedStratification,6,1,H2GCN,103,1000,0.8892988929889298
Cora,ClassBasedStratification,6,1,H2GCN,100,1000,0.8892988929889298
Cora,ClassBasedStratification,6,1,H2GCN,101,1000,0.8874538745387454
Cora,ClassBasedStratification,6,1,H2GCN,104,1000,0.8874538745387454
Cora,ClassBasedStratification,6,1,H2GCN,105,1000,0.8911439114391144
Cora,ClassBasedStratification,6,1,H2GCN,106,1000,0.8874538745387454
Cora,ClassBasedStratification,6,1,H2GCN,107,1000,0.8874538745387454
Cora,ClassBasedStratification,6,1,H2GCN,108,1000,0.8892988929889298
Cora,ClassBasedStratification,6,2,H2GCN,100,1000,0.911439114391144
Cora,ClassBasedStratification,6,1,H2GCN,109,1000,0.8874538745387454
Cora,ClassBasedStratification,6,2,H2GCN,101,1000,0.911439114391144
Cora,ClassBasedStratification,6,2,H2GCN,102,1000,0.915129151291513
Cora,ClassBasedStratification,6,2,H2GCN,103,1000,0.9132841328413284
Cora,ClassBasedStratification,6,2,H2GCN,104,1000,0.9169741697416974
Cora,ClassBasedStratification,6,2,H2GCN,105,1000,0.915129151291513
Cora,ClassBasedStratification,6,2,H2GCN,106,1000,0.915129151291513
Cora,ClassBasedStratification,6,2,H2GCN,107,1000,0.911439114391144
Cora,ClassBasedStratification,6,2,H2GCN,108,1000,0.911439114391144
Cora,ClassBasedStratification,6,2,H2GCN,109,1000,0.9077490774907748
Cora,ClassBasedStratification,6,3,H2GCN,100,1000,0.8690036900369004
Cora,ClassBasedStratification,6,3,H2GCN,101,1000,0.8745387453874539
Cora,ClassBasedStratification,6,3,H2GCN,102,1000,0.8690036900369004
Cora,ClassBasedStratification,6,3,H2GCN,103,1000,0.8708487084870848
Cora,ClassBasedStratification,6,3,H2GCN,104,1000,0.8690036900369004
Cora,ClassBasedStratification,6,3,H2GCN,105,1000,0.8708487084870848
Cora,ClassBasedStratification,6,3,H2GCN,106,1000,0.8708487084870848
Cora,ClassBasedStratification,6,3,H2GCN,107,1000,0.8708487084870848
Cora,ClassBasedStratification,6,3,H2GCN,108,1000,0.8690036900369004
Cora,ClassBasedStratification,6,3,H2GCN,109,1000,0.8726937269372693
Cora,ClassBasedStratification,6,4,H2GCN,100,1000,0.8946395563770795
Cora,ClassBasedStratification,6,4,H2GCN,101,1000,0.8983364140480592
Cora,ClassBasedStratification,6,4,H2GCN,102,1000,0.8946395563770795
Cora,ClassBasedStratification,6,4,H2GCN,103,1000,0.8946395563770795
Cora,ClassBasedStratification,6,4,H2GCN,104,1000,0.8964879852125693
Cora,ClassBasedStratification,6,4,H2GCN,105,1000,0.8946395563770795
Cora,ClassBasedStratification,6,4,H2GCN,106,1000,0.8927911275415896
Cora,ClassBasedStratification,6,4,H2GCN,107,1000,0.8964879852125693
Cora,ClassBasedStratification,6,4,H2GCN,108,1000,0.8983364140480592
Cora,ClassBasedStratification,6,4,H2GCN,109,1000,0.8964879852125693
Cora,ClassBasedStratification,6,5,H2GCN,100,1000,0.866913123844732
Cora,ClassBasedStratification,6,5,H2GCN,101,1000,0.866913123844732
Cora,ClassBasedStratification,6,5,H2GCN,102,1000,0.8687615526802218
Cora,ClassBasedStratification,6,5,H2GCN,103,1000,0.866913123844732
Cora,ClassBasedStratification,6,5,H2GCN,104,1000,0.866913123844732
Cora,ClassBasedStratification,6,5,H2GCN,105,1000,0.8687615526802218
Cora,ClassBasedStratification,6,5,H2GCN,106,1000,0.8724584103512015
Cora,ClassBasedStratification,6,5,H2GCN,107,1000,0.866913123844732
Cora,ClassBasedStratification,6,5,H2GCN,108,1000,0.8650646950092421
Cora,ClassBasedStratification,6,5,H2GCN,109,1000,0.866913123844732
Cora,ClassBasedStratification,7,1,H2GCN,103,1000,0.8874538745387454
Cora,ClassBasedStratification,7,1,H2GCN,101,1000,0.8874538745387454
Cora,ClassBasedStratification,7,1,H2GCN,102,1000,0.8874538745387454
Cora,ClassBasedStratification,7,1,H2GCN,100,1000,0.8892988929889298
Cora,ClassBasedStratification,7,1,H2GCN,104,1000,0.8892988929889298
Cora,ClassBasedStratification,7,1,H2GCN,106,1000,0.8874538745387454
Cora,ClassBasedStratification,7,1,H2GCN,105,1000,0.8837638376383764
Cora,ClassBasedStratification,7,1,H2GCN,107,1000,0.8911439114391144
Cora,ClassBasedStratification,7,1,H2GCN,108,1000,0.8874538745387454
Cora,ClassBasedStratification,7,1,H2GCN,109,1000,0.8856088560885609
Cora,ClassBasedStratification,7,2,H2GCN,101,1000,0.8800738007380073
Cora,ClassBasedStratification,7,2,H2GCN,100,1000,0.8856088560885609
Cora,ClassBasedStratification,7,2,H2GCN,102,1000,0.8856088560885609
Cora,ClassBasedStratification,7,2,H2GCN,105,1000,0.8819188191881919
Cora,ClassBasedStratification,7,2,H2GCN,104,1000,0.8819188191881919
Cora,ClassBasedStratification,7,2,H2GCN,103,1000,0.8837638376383764
Cora,ClassBasedStratification,7,2,H2GCN,106,1000,0.8800738007380073
Cora,ClassBasedStratification,7,2,H2GCN,107,1000,0.8837638376383764
Cora,ClassBasedStratification,7,2,H2GCN,108,1000,0.8837638376383764
Cora,ClassBasedStratification,7,2,H2GCN,109,1000,0.8856088560885609
Cora,ClassBasedStratification,7,3,H2GCN,101,1000,0.904059040590406
Cora,ClassBasedStratification,7,3,H2GCN,102,1000,0.9095940959409594
Cora,ClassBasedStratification,7,3,H2GCN,103,1000,0.9059040590405903
Cora,ClassBasedStratification,7,3,H2GCN,100,1000,0.9059040590405903
Cora,ClassBasedStratification,7,3,H2GCN,106,1000,0.904059040590406
Cora,ClassBasedStratification,7,3,H2GCN,104,1000,0.9059040590405903
Cora,ClassBasedStratification,7,3,H2GCN,105,1000,0.9077490774907748
Cora,ClassBasedStratification,7,3,H2GCN,107,1000,0.9003690036900369
Cora,ClassBasedStratification,7,3,H2GCN,109,1000,0.9003690036900369
Cora,ClassBasedStratification,7,3,H2GCN,108,1000,0.904059040590406
Cora,ClassBasedStratification,7,4,H2GCN,100,1000,0.8983364140480592
Cora,ClassBasedStratification,7,4,H2GCN,101,1000,0.8946395563770795
Cora,ClassBasedStratification,7,4,H2GCN,104,1000,0.9001848428835489
Cora,ClassBasedStratification,7,4,H2GCN,102,1000,0.9038817005545288
Cora,ClassBasedStratification,7,4,H2GCN,103,1000,0.9057301293900184
Cora,ClassBasedStratification,7,4,H2GCN,105,1000,0.9020332717190388
Cora,ClassBasedStratification,7,4,H2GCN,106,1000,0.9038817005545288
Cora,ClassBasedStratification,7,4,H2GCN,108,1000,0.9057301293900184
Cora,ClassBasedStratification,7,4,H2GCN,107,1000,0.9001848428835489
Cora,ClassBasedStratification,7,4,H2GCN,109,1000,0.9001848428835489
Cora,ClassBasedStratification,7,5,H2GCN,100,1000,0.866913123844732
Cora,ClassBasedStratification,7,5,H2GCN,102,1000,0.8650646950092421
Cora,ClassBasedStratification,7,5,H2GCN,101,1000,0.8743068391866913
Cora,ClassBasedStratification,7,5,H2GCN,103,1000,0.8650646950092421
Cora,ClassBasedStratification,7,5,H2GCN,104,1000,0.8687615526802218
Cora,ClassBasedStratification,7,5,H2GCN,105,1000,0.8724584103512015
Cora,ClassBasedStratification,7,5,H2GCN,106,1000,0.8650646950092421
Cora,ClassBasedStratification,7,5,H2GCN,107,1000,0.8706099815157117
Cora,ClassBasedStratification,7,5,H2GCN,108,1000,0.8706099815157117
Cora,ClassBasedStratification,7,5,H2GCN,109,1000,0.866913123844732
Cora,ClassBasedStratification,8,1,H2GCN,101,1000,0.8819188191881919
Cora,ClassBasedStratification,8,1,H2GCN,100,1000,0.8911439114391144
Cora,ClassBasedStratification,8,1,H2GCN,103,1000,0.8911439114391144
Cora,ClassBasedStratification,8,1,H2GCN,102,1000,0.8874538745387454
Cora,ClassBasedStratification,8,1,H2GCN,104,1000,0.8911439114391144
Cora,ClassBasedStratification,8,1,H2GCN,105,1000,0.8892988929889298
Cora,ClassBasedStratification,8,1,H2GCN,107,1000,0.8911439114391144
Cora,ClassBasedStratification,8,1,H2GCN,106,1000,0.8911439114391144
Cora,ClassBasedStratification,8,1,H2GCN,108,1000,0.8856088560885609
Cora,ClassBasedStratification,8,1,H2GCN,109,1000,0.8837638376383764
Cora,ClassBasedStratification,8,2,H2GCN,100,1000,0.8671586715867159
Cora,ClassBasedStratification,8,2,H2GCN,101,1000,0.8690036900369004
Cora,ClassBasedStratification,8,2,H2GCN,102,1000,0.8708487084870848
Cora,ClassBasedStratification,8,2,H2GCN,103,1000,0.8763837638376384
Cora,ClassBasedStratification,8,2,H2GCN,104,1000,0.8708487084870848
Cora,ClassBasedStratification,8,2,H2GCN,105,1000,0.8690036900369004
Cora,ClassBasedStratification,8,2,H2GCN,106,1000,0.8726937269372693
Cora,ClassBasedStratification,8,2,H2GCN,107,1000,0.8763837638376384
Cora,ClassBasedStratification,8,2,H2GCN,109,1000,0.8763837638376384
Cora,ClassBasedStratification,8,2,H2GCN,108,1000,0.8690036900369004
Cora,ClassBasedStratification,8,3,H2GCN,100,1000,0.8892988929889298
Cora,ClassBasedStratification,8,3,H2GCN,101,1000,0.8948339483394834
Cora,ClassBasedStratification,8,3,H2GCN,103,1000,0.8874538745387454
Cora,ClassBasedStratification,8,3,H2GCN,102,1000,0.8911439114391144
Cora,ClassBasedStratification,8,3,H2GCN,104,1000,0.8856088560885609
Cora,ClassBasedStratification,8,3,H2GCN,105,1000,0.8874538745387454
Cora,ClassBasedStratification,8,3,H2GCN,106,1000,0.8856088560885609
Cora,ClassBasedStratification,8,3,H2GCN,107,1000,0.8911439114391144
Cora,ClassBasedStratification,8,3,H2GCN,108,1000,0.8911439114391144
Cora,ClassBasedStratification,8,3,H2GCN,109,1000,0.8892988929889298
Cora,ClassBasedStratification,8,4,H2GCN,100,1000,0.8872458410351202
Cora,ClassBasedStratification,8,4,H2GCN,101,1000,0.8927911275415896
Cora,ClassBasedStratification,8,4,H2GCN,102,1000,0.8927911275415896
Cora,ClassBasedStratification,8,4,H2GCN,103,1000,0.8983364140480592
Cora,ClassBasedStratification,8,4,H2GCN,104,1000,0.8964879852125693
Cora,ClassBasedStratification,8,4,H2GCN,105,1000,0.8964879852125693
Cora,ClassBasedStratification,8,4,H2GCN,107,1000,0.9001848428835489
Cora,ClassBasedStratification,8,4,H2GCN,108,1000,0.8964879852125693
Cora,ClassBasedStratification,8,4,H2GCN,106,1000,0.8983364140480592
Cora,ClassBasedStratification,8,4,H2GCN,109,1000,0.88909426987061
Cora,ClassBasedStratification,8,5,H2GCN,100,1000,0.8761552680221811
Cora,ClassBasedStratification,8,5,H2GCN,102,1000,0.878003696857671
Cora,ClassBasedStratification,8,5,H2GCN,101,1000,0.8743068391866913
Cora,ClassBasedStratification,8,5,H2GCN,103,1000,0.8743068391866913
Cora,ClassBasedStratification,8,5,H2GCN,104,1000,0.8743068391866913
Cora,ClassBasedStratification,8,5,H2GCN,105,1000,0.878003696857671
Cora,ClassBasedStratification,8,5,H2GCN,106,1000,0.8724584103512015
Cora,ClassBasedStratification,8,5,H2GCN,107,1000,0.8761552680221811
Cora,ClassBasedStratification,8,5,H2GCN,108,1000,0.8743068391866913
Cora,ClassBasedStratification,8,5,H2GCN,109,1000,0.8798521256931608
Cora,ClassBasedStratification,9,1,H2GCN,102,1000,0.8782287822878229
Cora,ClassBasedStratification,9,1,H2GCN,100,1000,0.8690036900369004
Cora,ClassBasedStratification,9,1,H2GCN,101,1000,0.8745387453874539
Cora,ClassBasedStratification,9,1,H2GCN,103,1000,0.8745387453874539
Cora,ClassBasedStratification,9,1,H2GCN,105,1000,0.8782287822878229
Cora,ClassBasedStratification,9,1,H2GCN,104,1000,0.8708487084870848
Cora,ClassBasedStratification,9,1,H2GCN,107,1000,0.8671586715867159
Cora,ClassBasedStratification,9,1,H2GCN,106,1000,0.8726937269372693
Cora,ClassBasedStratification,9,1,H2GCN,108,1000,0.8726937269372693
Cora,ClassBasedStratification,9,1,H2GCN,109,1000,0.8653136531365314
Cora,ClassBasedStratification,9,2,H2GCN,100,1000,0.8708487084870848
Cora,ClassBasedStratification,9,2,H2GCN,101,1000,0.8671586715867159
Cora,ClassBasedStratification,9,2,H2GCN,103,1000,0.8726937269372693
Cora,ClassBasedStratification,9,2,H2GCN,102,1000,0.8708487084870848
Cora,ClassBasedStratification,9,2,H2GCN,105,1000,0.8690036900369004
Cora,ClassBasedStratification,9,2,H2GCN,104,1000,0.8763837638376384
Cora,ClassBasedStratification,9,2,H2GCN,106,1000,0.8745387453874539
Cora,ClassBasedStratification,9,2,H2GCN,107,1000,0.8726937269372693
Cora,ClassBasedStratification,9,2,H2GCN,109,1000,0.8708487084870848
Cora,ClassBasedStratification,9,2,H2GCN,108,1000,0.8726937269372693
Cora,ClassBasedStratification,9,3,H2GCN,100,1000,0.918819188191882
Cora,ClassBasedStratification,9,3,H2GCN,101,1000,0.9206642066420664
Cora,ClassBasedStratification,9,3,H2GCN,103,1000,0.9169741697416974
Cora,ClassBasedStratification,9,3,H2GCN,102,1000,0.9169741697416974
Cora,ClassBasedStratification,9,3,H2GCN,104,1000,0.9169741697416974
Cora,ClassBasedStratification,9,3,H2GCN,105,1000,0.918819188191882
Cora,ClassBasedStratification,9,3,H2GCN,107,1000,0.9206642066420664
Cora,ClassBasedStratification,9,3,H2GCN,106,1000,0.922509225092251
Cora,ClassBasedStratification,9,3,H2GCN,108,1000,0.9169741697416974
Cora,ClassBasedStratification,9,3,H2GCN,109,1000,0.918819188191882
Cora,ClassBasedStratification,9,4,H2GCN,100,1000,0.88909426987061
Cora,ClassBasedStratification,9,4,H2GCN,101,1000,0.8909426987060998
Cora,ClassBasedStratification,9,4,H2GCN,102,1000,0.8946395563770795
Cora,ClassBasedStratification,9,4,H2GCN,103,1000,0.8909426987060998
Cora,ClassBasedStratification,9,4,H2GCN,105,1000,0.8872458410351202
Cora,ClassBasedStratification,9,4,H2GCN,104,1000,0.8927911275415896
Cora,ClassBasedStratification,9,4,H2GCN,106,1000,0.8946395563770795
Cora,ClassBasedStratification,9,4,H2GCN,107,1000,0.8946395563770795
Cora,ClassBasedStratification,9,4,H2GCN,109,1000,0.8946395563770795
Cora,ClassBasedStratification,9,4,H2GCN,108,1000,0.8927911275415896
Cora,ClassBasedStratification,9,5,H2GCN,100,1000,0.8835489833641405
Cora,ClassBasedStratification,9,5,H2GCN,101,1000,0.8853974121996303
Cora,ClassBasedStratification,9,5,H2GCN,102,1000,0.8909426987060998
Cora,ClassBasedStratification,9,5,H2GCN,103,1000,0.8909426987060998
Cora,ClassBasedStratification,9,5,H2GCN,104,1000,0.8927911275415896
Cora,ClassBasedStratification,9,5,H2GCN,105,1000,0.8927911275415896
Cora,ClassBasedStratification,9,5,H2GCN,106,1000,0.8872458410351202
Cora,ClassBasedStratification,9,5,H2GCN,107,1000,0.8872458410351202
Cora,ClassBasedStratification,9,5,H2GCN,108,1000,0.8909426987060998
Cora,ClassBasedStratification,9,5,H2GCN,109,1000,0.8853974121996303
chameleon,ClassBasedStratification,0,1,H2GCN,100,1000,0.6030701754385965
chameleon,ClassBasedStratification,0,1,H2GCN,102,1000,0.6052631578947368
chameleon,ClassBasedStratification,0,1,H2GCN,101,1000,0.6118421052631579
chameleon,ClassBasedStratification,0,1,H2GCN,103,1000,0.6008771929824561
chameleon,ClassBasedStratification,0,1,H2GCN,105,1000,0.6030701754385965
chameleon,ClassBasedStratification,0,1,H2GCN,104,1000,0.6118421052631579
chameleon,ClassBasedStratification,0,1,H2GCN,106,1000,0.6096491228070176
chameleon,ClassBasedStratification,0,1,H2GCN,107,1000,0.6074561403508771
chameleon,ClassBasedStratification,0,1,H2GCN,108,1000,0.6118421052631579
chameleon,ClassBasedStratification,0,1,H2GCN,109,1000,0.6140350877192983
chameleon,ClassBasedStratification,0,2,H2GCN,100,1000,0.6228070175438597
chameleon,ClassBasedStratification,0,2,H2GCN,101,1000,0.6293859649122807
chameleon,ClassBasedStratification,0,2,H2GCN,102,1000,0.618421052631579
chameleon,ClassBasedStratification,0,2,H2GCN,103,1000,0.6206140350877193
chameleon,ClassBasedStratification,0,2,H2GCN,104,1000,0.6271929824561403
chameleon,ClassBasedStratification,0,2,H2GCN,105,1000,0.6206140350877193
chameleon,ClassBasedStratification,0,2,H2GCN,106,1000,0.618421052631579
chameleon,ClassBasedStratification,0,2,H2GCN,107,1000,0.6162280701754386
chameleon,ClassBasedStratification,0,2,H2GCN,109,1000,0.6271929824561403
chameleon,ClassBasedStratification,0,2,H2GCN,108,1000,0.6228070175438597
chameleon,ClassBasedStratification,0,3,H2GCN,100,1000,0.6615384615384615
chameleon,ClassBasedStratification,0,3,H2GCN,101,1000,0.6593406593406593
chameleon,ClassBasedStratification,0,3,H2GCN,102,1000,0.6571428571428571
chameleon,ClassBasedStratification,0,3,H2GCN,103,1000,0.6527472527472528
chameleon,ClassBasedStratification,0,3,H2GCN,104,1000,0.6527472527472528
chameleon,ClassBasedStratification,0,3,H2GCN,105,1000,0.6571428571428571
chameleon,ClassBasedStratification,0,3,H2GCN,106,1000,0.6571428571428571
chameleon,ClassBasedStratification,0,3,H2GCN,107,1000,0.6681318681318681
chameleon,ClassBasedStratification,0,3,H2GCN,108,1000,0.6505494505494506
chameleon,ClassBasedStratification,0,3,H2GCN,109,1000,0.6505494505494506
chameleon,ClassBasedStratification,0,4,H2GCN,101,1000,0.5978021978021978
chameleon,ClassBasedStratification,0,4,H2GCN,100,1000,0.5956043956043956
chameleon,ClassBasedStratification,0,4,H2GCN,102,1000,0.5956043956043956
chameleon,ClassBasedStratification,0,4,H2GCN,103,1000,0.6153846153846154
chameleon,ClassBasedStratification,0,4,H2GCN,104,1000,0.5978021978021978
chameleon,ClassBasedStratification,0,4,H2GCN,105,1000,0.5956043956043956
chameleon,ClassBasedStratification,0,4,H2GCN,106,1000,0.5956043956043956
chameleon,ClassBasedStratification,0,4,H2GCN,107,1000,0.6043956043956044
chameleon,ClassBasedStratification,0,4,H2GCN,108,1000,0.610989010989011
chameleon,ClassBasedStratification,0,4,H2GCN,109,1000,0.6
chameleon,ClassBasedStratification,0,5,H2GCN,100,1000,0.5978021978021978
chameleon,ClassBasedStratification,0,5,H2GCN,101,1000,0.5912087912087912
chameleon,ClassBasedStratification,0,5,H2GCN,102,1000,0.5934065934065934
chameleon,ClassBasedStratification,0,5,H2GCN,103,1000,0.5956043956043956
chameleon,ClassBasedStratification,0,5,H2GCN,104,1000,0.589010989010989
chameleon,ClassBasedStratification,0,5,H2GCN,105,1000,0.5934065934065934
chameleon,ClassBasedStratification,0,5,H2GCN,106,1000,0.5868131868131868
chameleon,ClassBasedStratification,0,5,H2GCN,107,1000,0.589010989010989
chameleon,ClassBasedStratification,0,5,H2GCN,108,1000,0.5912087912087912
chameleon,ClassBasedStratification,0,5,H2GCN,109,1000,0.5868131868131868
chameleon,ClassBasedStratification,1,1,H2GCN,103,1000,0.631578947368421
chameleon,ClassBasedStratification,1,1,H2GCN,100,1000,0.6381578947368421
chameleon,ClassBasedStratification,1,1,H2GCN,101,1000,0.6293859649122807
chameleon,ClassBasedStratification,1,1,H2GCN,102,1000,0.6403508771929824
chameleon,ClassBasedStratification,1,1,H2GCN,104,1000,0.631578947368421
chameleon,ClassBasedStratification,1,1,H2GCN,105,1000,0.6381578947368421
chameleon,ClassBasedStratification,1,1,H2GCN,106,1000,0.6447368421052632
chameleon,ClassBasedStratification,1,1,H2GCN,107,1000,0.6403508771929824
chameleon,ClassBasedStratification,1,1,H2GCN,108,1000,0.6359649122807017
chameleon,ClassBasedStratification,1,1,H2GCN,109,1000,0.6403508771929824
chameleon,ClassBasedStratification,1,2,H2GCN,101,1000,0.6228070175438597
chameleon,ClassBasedStratification,1,2,H2GCN,100,1000,0.6271929824561403
chameleon,ClassBasedStratification,1,2,H2GCN,102,1000,0.6206140350877193
chameleon,ClassBasedStratification,1,2,H2GCN,103,1000,0.6118421052631579
chameleon,ClassBasedStratification,1,2,H2GCN,104,1000,0.618421052631579
chameleon,ClassBasedStratification,1,2,H2GCN,105,1000,0.6206140350877193
chameleon,ClassBasedStratification,1,2,H2GCN,106,1000,0.6096491228070176
chameleon,ClassBasedStratification,1,2,H2GCN,107,1000,0.6228070175438597
chameleon,ClassBasedStratification,1,2,H2GCN,108,1000,0.6206140350877193
chameleon,ClassBasedStratification,1,2,H2GCN,109,1000,0.6228070175438597
chameleon,ClassBasedStratification,1,3,H2GCN,100,1000,0.6043956043956044
chameleon,ClassBasedStratification,1,3,H2GCN,101,1000,0.6043956043956044
chameleon,ClassBasedStratification,1,3,H2GCN,102,1000,0.6065934065934065
chameleon,ClassBasedStratification,1,3,H2GCN,103,1000,0.6021978021978022
chameleon,ClassBasedStratification,1,3,H2GCN,104,1000,0.6
chameleon,ClassBasedStratification,1,3,H2GCN,105,1000,0.6175824175824176
chameleon,ClassBasedStratification,1,3,H2GCN,106,1000,0.6087912087912087
chameleon,ClassBasedStratification,1,3,H2GCN,107,1000,0.610989010989011
chameleon,ClassBasedStratification,1,3,H2GCN,108,1000,0.6065934065934065
chameleon,ClassBasedStratification,1,3,H2GCN,109,1000,0.6131868131868132
chameleon,ClassBasedStratification,1,4,H2GCN,100,1000,0.6285714285714286
chameleon,ClassBasedStratification,1,4,H2GCN,101,1000,0.6307692307692307
chameleon,ClassBasedStratification,1,4,H2GCN,102,1000,0.6263736263736264
chameleon,ClassBasedStratification,1,4,H2GCN,103,1000,0.6241758241758242
chameleon,ClassBasedStratification,1,4,H2GCN,104,1000,0.6197802197802198
chameleon,ClassBasedStratification,1,4,H2GCN,105,1000,0.6285714285714286
chameleon,ClassBasedStratification,1,4,H2GCN,106,1000,0.6285714285714286
chameleon,ClassBasedStratification,1,4,H2GCN,107,1000,0.6285714285714286
chameleon,ClassBasedStratification,1,4,H2GCN,108,1000,0.6263736263736264
chameleon,ClassBasedStratification,1,4,H2GCN,109,1000,0.6241758241758242
chameleon,ClassBasedStratification,1,5,H2GCN,100,1000,0.6131868131868132
chameleon,ClassBasedStratification,1,5,H2GCN,101,1000,0.5934065934065934
chameleon,ClassBasedStratification,1,5,H2GCN,103,1000,0.6
chameleon,ClassBasedStratification,1,5,H2GCN,102,1000,0.6087912087912087
chameleon,ClassBasedStratification,1,5,H2GCN,104,1000,0.5978021978021978
chameleon,ClassBasedStratification,1,5,H2GCN,105,1000,0.6087912087912087
chameleon,ClassBasedStratification,1,5,H2GCN,106,1000,0.6021978021978022
chameleon,ClassBasedStratification,1,5,H2GCN,107,1000,0.6065934065934065
chameleon,ClassBasedStratification,1,5,H2GCN,108,1000,0.6
chameleon,ClassBasedStratification,1,5,H2GCN,109,1000,0.6043956043956044
chameleon,ClassBasedStratification,2,1,H2GCN,100,1000,0.6578947368421053
chameleon,ClassBasedStratification,2,1,H2GCN,102,1000,0.6513157894736842
chameleon,ClassBasedStratification,2,1,H2GCN,103,1000,0.6447368421052632
chameleon,ClassBasedStratification,2,1,H2GCN,101,1000,0.6557017543859649
chameleon,ClassBasedStratification,2,1,H2GCN,105,1000,0.6535087719298246
chameleon,ClassBasedStratification,2,1,H2GCN,104,1000,0.6535087719298246
chameleon,ClassBasedStratification,2,1,H2GCN,106,1000,0.6425438596491229
chameleon,ClassBasedStratification,2,1,H2GCN,107,1000,0.6535087719298246
chameleon,ClassBasedStratification,2,1,H2GCN,108,1000,0.6535087719298246
chameleon,ClassBasedStratification,2,1,H2GCN,109,1000,0.6557017543859649
chameleon,ClassBasedStratification,2,2,H2GCN,100,1000,0.6030701754385965
chameleon,ClassBasedStratification,2,2,H2GCN,101,1000,0.6052631578947368
chameleon,ClassBasedStratification,2,2,H2GCN,102,1000,0.6096491228070176
chameleon,ClassBasedStratification,2,2,H2GCN,103,1000,0.6096491228070176
chameleon,ClassBasedStratification,2,2,H2GCN,104,1000,0.5986842105263158
chameleon,ClassBasedStratification,2,2,H2GCN,105,1000,0.6030701754385965
chameleon,ClassBasedStratification,2,2,H2GCN,106,1000,0.6030701754385965
chameleon,ClassBasedStratification,2,2,H2GCN,109,1000,0.6074561403508771
chameleon,ClassBasedStratification,2,2,H2GCN,107,1000,0.6008771929824561
chameleon,ClassBasedStratification,2,2,H2GCN,108,1000,0.6096491228070176
chameleon,ClassBasedStratification,2,3,H2GCN,100,1000,0.6
chameleon,ClassBasedStratification,2,3,H2GCN,101,1000,0.6043956043956044
chameleon,ClassBasedStratification,2,3,H2GCN,102,1000,0.5978021978021978
chameleon,ClassBasedStratification,2,3,H2GCN,103,1000,0.6021978021978022
chameleon,ClassBasedStratification,2,3,H2GCN,104,1000,0.6
chameleon,ClassBasedStratification,2,3,H2GCN,106,1000,0.6
chameleon,ClassBasedStratification,2,3,H2GCN,105,1000,0.6043956043956044
chameleon,ClassBasedStratification,2,3,H2GCN,107,1000,0.6043956043956044
chameleon,ClassBasedStratification,2,3,H2GCN,108,1000,0.6087912087912087
chameleon,ClassBasedStratification,2,4,H2GCN,100,1000,0.6131868131868132
chameleon,ClassBasedStratification,2,3,H2GCN,109,1000,0.6021978021978022
chameleon,ClassBasedStratification,2,4,H2GCN,101,1000,0.6175824175824176
chameleon,ClassBasedStratification,2,4,H2GCN,102,1000,0.6197802197802198
chameleon,ClassBasedStratification,2,4,H2GCN,103,1000,0.6285714285714286
chameleon,ClassBasedStratification,2,4,H2GCN,104,1000,0.6285714285714286
chameleon,ClassBasedStratification,2,4,H2GCN,105,1000,0.6153846153846154
chameleon,ClassBasedStratification,2,4,H2GCN,106,1000,0.6131868131868132
chameleon,ClassBasedStratification,2,4,H2GCN,107,1000,0.6285714285714286
chameleon,ClassBasedStratification,2,4,H2GCN,108,1000,0.6197802197802198
chameleon,ClassBasedStratification,2,4,H2GCN,109,1000,0.6351648351648351
chameleon,ClassBasedStratification,2,5,H2GCN,101,1000,0.5560439560439561
chameleon,ClassBasedStratification,2,5,H2GCN,100,1000,0.5560439560439561
chameleon,ClassBasedStratification,2,5,H2GCN,102,1000,0.5626373626373626
chameleon,ClassBasedStratification,2,5,H2GCN,103,1000,0.5582417582417583
chameleon,ClassBasedStratification,2,5,H2GCN,104,1000,0.5736263736263736
chameleon,ClassBasedStratification,2,5,H2GCN,105,1000,0.5648351648351648
chameleon,ClassBasedStratification,2,5,H2GCN,106,1000,0.545054945054945
chameleon,ClassBasedStratification,2,5,H2GCN,107,1000,0.5648351648351648
chameleon,ClassBasedStratification,2,5,H2GCN,109,1000,0.5604395604395604
chameleon,ClassBasedStratification,2,5,H2GCN,108,1000,0.567032967032967
chameleon,ClassBasedStratification,3,1,H2GCN,102,1000,0.6228070175438597
chameleon,ClassBasedStratification,3,1,H2GCN,100,1000,0.6271929824561403
chameleon,ClassBasedStratification,3,1,H2GCN,103,1000,0.6140350877192983
chameleon,ClassBasedStratification,3,1,H2GCN,101,1000,0.6162280701754386
chameleon,ClassBasedStratification,3,1,H2GCN,104,1000,0.6206140350877193
chameleon,ClassBasedStratification,3,1,H2GCN,105,1000,0.6228070175438597
chameleon,ClassBasedStratification,3,1,H2GCN,106,1000,0.6162280701754386
chameleon,ClassBasedStratification,3,1,H2GCN,107,1000,0.6228070175438597
chameleon,ClassBasedStratification,3,1,H2GCN,108,1000,0.6206140350877193
chameleon,ClassBasedStratification,3,1,H2GCN,109,1000,0.6228070175438597
chameleon,ClassBasedStratification,3,2,H2GCN,100,1000,0.6403508771929824
chameleon,ClassBasedStratification,3,2,H2GCN,101,1000,0.6293859649122807
chameleon,ClassBasedStratification,3,2,H2GCN,102,1000,0.6228070175438597
chameleon,ClassBasedStratification,3,2,H2GCN,103,1000,0.6359649122807017
chameleon,ClassBasedStratification,3,2,H2GCN,104,1000,0.6271929824561403
chameleon,ClassBasedStratification,3,2,H2GCN,105,1000,0.6447368421052632
chameleon,ClassBasedStratification,3,2,H2GCN,107,1000,0.6403508771929824
chameleon,ClassBasedStratification,3,2,H2GCN,106,1000,0.631578947368421
chameleon,ClassBasedStratification,3,2,H2GCN,108,1000,0.6337719298245614
chameleon,ClassBasedStratification,3,2,H2GCN,109,1000,0.631578947368421
chameleon,ClassBasedStratification,3,3,H2GCN,100,1000,0.6373626373626373
chameleon,ClassBasedStratification,3,3,H2GCN,101,1000,0.6263736263736264
chameleon,ClassBasedStratification,3,3,H2GCN,102,1000,0.6395604395604395
chameleon,ClassBasedStratification,3,3,H2GCN,103,1000,0.6373626373626373
chameleon,ClassBasedStratification,3,3,H2GCN,104,1000,0.6197802197802198
chameleon,ClassBasedStratification,3,3,H2GCN,105,1000,0.6307692307692307
chameleon,ClassBasedStratification,3,3,H2GCN,107,1000,0.6373626373626373
chameleon,ClassBasedStratification,3,3,H2GCN,106,1000,0.6329670329670329
chameleon,ClassBasedStratification,3,3,H2GCN,108,1000,0.6395604395604395
chameleon,ClassBasedStratification,3,3,H2GCN,109,1000,0.6307692307692307
chameleon,ClassBasedStratification,3,4,H2GCN,100,1000,0.6417582417582418
chameleon,ClassBasedStratification,3,4,H2GCN,101,1000,0.6373626373626373
chameleon,ClassBasedStratification,3,4,H2GCN,102,1000,0.6417582417582418
chameleon,ClassBasedStratification,3,4,H2GCN,103,1000,0.6307692307692307
chameleon,ClassBasedStratification,3,4,H2GCN,105,1000,0.6395604395604395
chameleon,ClassBasedStratification,3,4,H2GCN,104,1000,0.6395604395604395
chameleon,ClassBasedStratification,3,4,H2GCN,106,1000,0.6285714285714286
chameleon,ClassBasedStratification,3,4,H2GCN,107,1000,0.6307692307692307
chameleon,ClassBasedStratification,3,4,H2GCN,108,1000,0.6351648351648351
chameleon,ClassBasedStratification,3,4,H2GCN,109,1000,0.6351648351648351
chameleon,ClassBasedStratification,3,5,H2GCN,100,1000,0.5934065934065934
chameleon,ClassBasedStratification,3,5,H2GCN,101,1000,0.5868131868131868
chameleon,ClassBasedStratification,3,5,H2GCN,102,1000,0.5868131868131868
chameleon,ClassBasedStratification,3,5,H2GCN,103,1000,0.578021978021978
chameleon,ClassBasedStratification,3,5,H2GCN,104,1000,0.5846153846153846
chameleon,ClassBasedStratification,3,5,H2GCN,105,1000,0.5934065934065934
chameleon,ClassBasedStratification,3,5,H2GCN,106,1000,0.589010989010989
chameleon,ClassBasedStratification,3,5,H2GCN,107,1000,0.589010989010989
chameleon,ClassBasedStratification,3,5,H2GCN,108,1000,0.5846153846153846
chameleon,ClassBasedStratification,3,5,H2GCN,109,1000,0.5802197802197803
chameleon,ClassBasedStratification,4,1,H2GCN,103,1000,0.5833333333333334
chameleon,ClassBasedStratification,4,1,H2GCN,102,1000,0.581140350877193
chameleon,ClassBasedStratification,4,1,H2GCN,100,1000,0.581140350877193
chameleon,ClassBasedStratification,4,1,H2GCN,101,1000,0.5767543859649122
chameleon,ClassBasedStratification,4,1,H2GCN,105,1000,0.581140350877193
chameleon,ClassBasedStratification,4,1,H2GCN,104,1000,0.5745614035087719
chameleon,ClassBasedStratification,4,1,H2GCN,106,1000,0.5723684210526315
chameleon,ClassBasedStratification,4,1,H2GCN,107,1000,0.5855263157894737
chameleon,ClassBasedStratification,4,1,H2GCN,108,1000,0.5789473684210527
chameleon,ClassBasedStratification,4,1,H2GCN,109,1000,0.5877192982456141
chameleon,ClassBasedStratification,4,2,H2GCN,100,1000,0.6228070175438597
chameleon,ClassBasedStratification,4,2,H2GCN,101,1000,0.6228070175438597
chameleon,ClassBasedStratification,4,2,H2GCN,102,1000,0.625
chameleon,ClassBasedStratification,4,2,H2GCN,104,1000,0.6337719298245614
chameleon,ClassBasedStratification,4,2,H2GCN,103,1000,0.6359649122807017
chameleon,ClassBasedStratification,4,2,H2GCN,105,1000,0.6293859649122807
chameleon,ClassBasedStratification,4,2,H2GCN,106,1000,0.6381578947368421
chameleon,ClassBasedStratification,4,2,H2GCN,107,1000,0.631578947368421
chameleon,ClassBasedStratification,4,2,H2GCN,108,1000,0.618421052631579
chameleon,ClassBasedStratification,4,2,H2GCN,109,1000,0.6359649122807017
chameleon,ClassBasedStratification,4,3,H2GCN,100,1000,0.6043956043956044
chameleon,ClassBasedStratification,4,3,H2GCN,101,1000,0.6065934065934065
chameleon,ClassBasedStratification,4,3,H2GCN,102,1000,0.6065934065934065
chameleon,ClassBasedStratification,4,3,H2GCN,103,1000,0.6087912087912087
chameleon,ClassBasedStratification,4,3,H2GCN,104,1000,0.6087912087912087
chameleon,ClassBasedStratification,4,3,H2GCN,105,1000,0.610989010989011
chameleon,ClassBasedStratification,4,3,H2GCN,106,1000,0.610989010989011
chameleon,ClassBasedStratification,4,3,H2GCN,107,1000,0.6153846153846154
chameleon,ClassBasedStratification,4,3,H2GCN,108,1000,0.610989010989011
chameleon,ClassBasedStratification,4,3,H2GCN,109,1000,0.6241758241758242
chameleon,ClassBasedStratification,4,4,H2GCN,100,1000,0.6417582417582418
chameleon,ClassBasedStratification,4,4,H2GCN,101,1000,0.6373626373626373
chameleon,ClassBasedStratification,4,4,H2GCN,102,1000,0.6505494505494506
chameleon,ClassBasedStratification,4,4,H2GCN,103,1000,0.6483516483516484
chameleon,ClassBasedStratification,4,4,H2GCN,104,1000,0.6351648351648351
chameleon,ClassBasedStratification,4,4,H2GCN,105,1000,0.6461538461538462
chameleon,ClassBasedStratification,4,4,H2GCN,106,1000,0.6461538461538462
chameleon,ClassBasedStratification,4,4,H2GCN,107,1000,0.6461538461538462
chameleon,ClassBasedStratification,4,4,H2GCN,108,1000,0.6395604395604395
chameleon,ClassBasedStratification,4,4,H2GCN,109,1000,0.6373626373626373
chameleon,ClassBasedStratification,4,5,H2GCN,100,1000,0.6065934065934065
chameleon,ClassBasedStratification,4,5,H2GCN,101,1000,0.6153846153846154
chameleon,ClassBasedStratification,4,5,H2GCN,103,1000,0.6131868131868132
chameleon,ClassBasedStratification,4,5,H2GCN,102,1000,0.6153846153846154
chameleon,ClassBasedStratification,4,5,H2GCN,104,1000,0.610989010989011
chameleon,ClassBasedStratification,4,5,H2GCN,106,1000,0.6131868131868132
chameleon,ClassBasedStratification,4,5,H2GCN,105,1000,0.6065934065934065
chameleon,ClassBasedStratification,4,5,H2GCN,107,1000,0.6153846153846154
chameleon,ClassBasedStratification,4,5,H2GCN,108,1000,0.610989010989011
chameleon,ClassBasedStratification,4,5,H2GCN,109,1000,0.610989010989011
chameleon,ClassBasedStratification,5,1,H2GCN,103,1000,0.6118421052631579
chameleon,ClassBasedStratification,5,1,H2GCN,101,1000,0.625
chameleon,ClassBasedStratification,5,1,H2GCN,102,1000,0.625
chameleon,ClassBasedStratification,5,1,H2GCN,100,1000,0.6118421052631579
chameleon,ClassBasedStratification,5,1,H2GCN,106,1000,0.6206140350877193
chameleon,ClassBasedStratification,5,1,H2GCN,105,1000,0.6118421052631579
chameleon,ClassBasedStratification,5,1,H2GCN,107,1000,0.625
chameleon,ClassBasedStratification,5,1,H2GCN,104,1000,0.6140350877192983
chameleon,ClassBasedStratification,5,1,H2GCN,108,1000,0.6206140350877193
chameleon,ClassBasedStratification,5,2,H2GCN,100,1000,0.6337719298245614
chameleon,ClassBasedStratification,5,1,H2GCN,109,1000,0.618421052631579
chameleon,ClassBasedStratification,5,2,H2GCN,101,1000,0.6271929824561403
chameleon,ClassBasedStratification,5,2,H2GCN,102,1000,0.6381578947368421
chameleon,ClassBasedStratification,5,2,H2GCN,103,1000,0.6359649122807017
chameleon,ClassBasedStratification,5,2,H2GCN,105,1000,0.6293859649122807
chameleon,ClassBasedStratification,5,2,H2GCN,104,1000,0.6293859649122807
chameleon,ClassBasedStratification,5,2,H2GCN,106,1000,0.6293859649122807
chameleon,ClassBasedStratification,5,2,H2GCN,107,1000,0.631578947368421
chameleon,ClassBasedStratification,5,2,H2GCN,108,1000,0.6403508771929824
chameleon,ClassBasedStratification,5,2,H2GCN,109,1000,0.6337719298245614
chameleon,ClassBasedStratification,5,3,H2GCN,100,1000,0.6307692307692307
chameleon,ClassBasedStratification,5,3,H2GCN,101,1000,0.6505494505494506
chameleon,ClassBasedStratification,5,3,H2GCN,102,1000,0.6395604395604395
chameleon,ClassBasedStratification,5,3,H2GCN,103,1000,0.6417582417582418
chameleon,ClassBasedStratification,5,3,H2GCN,104,1000,0.6373626373626373
chameleon,ClassBasedStratification,5,3,H2GCN,106,1000,0.6505494505494506
chameleon,ClassBasedStratification,5,3,H2GCN,105,1000,0.6395604395604395
chameleon,ClassBasedStratification,5,3,H2GCN,107,1000,0.643956043956044
chameleon,ClassBasedStratification,5,3,H2GCN,108,1000,0.6461538461538462
chameleon,ClassBasedStratification,5,3,H2GCN,109,1000,0.6373626373626373
chameleon,ClassBasedStratification,5,4,H2GCN,101,1000,0.6307692307692307
chameleon,ClassBasedStratification,5,4,H2GCN,100,1000,0.6263736263736264
chameleon,ClassBasedStratification,5,4,H2GCN,102,1000,0.6241758241758242
chameleon,ClassBasedStratification,5,4,H2GCN,103,1000,0.6153846153846154
chameleon,ClassBasedStratification,5,4,H2GCN,104,1000,0.621978021978022
chameleon,ClassBasedStratification,5,4,H2GCN,105,1000,0.6351648351648351
chameleon,ClassBasedStratification,5,4,H2GCN,106,1000,0.6153846153846154
chameleon,ClassBasedStratification,5,4,H2GCN,107,1000,0.621978021978022
chameleon,ClassBasedStratification,5,4,H2GCN,108,1000,0.6307692307692307
chameleon,ClassBasedStratification,5,4,H2GCN,109,1000,0.6241758241758242
chameleon,ClassBasedStratification,5,5,H2GCN,100,1000,0.578021978021978
chameleon,ClassBasedStratification,5,5,H2GCN,101,1000,0.5802197802197803
chameleon,ClassBasedStratification,5,5,H2GCN,102,1000,0.5714285714285714
chameleon,ClassBasedStratification,5,5,H2GCN,103,1000,0.5978021978021978
chameleon,ClassBasedStratification,5,5,H2GCN,104,1000,0.589010989010989
chameleon,ClassBasedStratification,5,5,H2GCN,105,1000,0.578021978021978
chameleon,ClassBasedStratification,5,5,H2GCN,107,1000,0.5758241758241758
chameleon,ClassBasedStratification,5,5,H2GCN,106,1000,0.5846153846153846
chameleon,ClassBasedStratification,5,5,H2GCN,108,1000,0.5868131868131868
chameleon,ClassBasedStratification,5,5,H2GCN,109,1000,0.5824175824175825
chameleon,ClassBasedStratification,6,1,H2GCN,102,1000,0.6228070175438597
chameleon,ClassBasedStratification,6,1,H2GCN,100,1000,0.6271929824561403
chameleon,ClassBasedStratification,6,1,H2GCN,101,1000,0.631578947368421
chameleon,ClassBasedStratification,6,1,H2GCN,103,1000,0.6359649122807017
chameleon,ClassBasedStratification,6,1,H2GCN,104,1000,0.625
chameleon,ClassBasedStratification,6,1,H2GCN,107,1000,0.6293859649122807
chameleon,ClassBasedStratification,6,1,H2GCN,105,1000,0.6293859649122807
chameleon,ClassBasedStratification,6,1,H2GCN,106,1000,0.6206140350877193
chameleon,ClassBasedStratification,6,1,H2GCN,108,1000,0.6337719298245614
chameleon,ClassBasedStratification,6,2,H2GCN,100,1000,0.6052631578947368
chameleon,ClassBasedStratification,6,1,H2GCN,109,1000,0.6403508771929824
chameleon,ClassBasedStratification,6,2,H2GCN,101,1000,0.6074561403508771
chameleon,ClassBasedStratification,6,2,H2GCN,102,1000,0.6030701754385965
chameleon,ClassBasedStratification,6,2,H2GCN,103,1000,0.5964912280701754
chameleon,ClassBasedStratification,6,2,H2GCN,104,1000,0.5986842105263158
chameleon,ClassBasedStratification,6,2,H2GCN,105,1000,0.5942982456140351
chameleon,ClassBasedStratification,6,2,H2GCN,106,1000,0.6052631578947368
chameleon,ClassBasedStratification,6,2,H2GCN,107,1000,0.5921052631578947
chameleon,ClassBasedStratification,6,2,H2GCN,108,1000,0.5964912280701754
chameleon,ClassBasedStratification,6,2,H2GCN,109,1000,0.6030701754385965
chameleon,ClassBasedStratification,6,3,H2GCN,100,1000,0.6263736263736264
chameleon,ClassBasedStratification,6,3,H2GCN,101,1000,0.6307692307692307
chameleon,ClassBasedStratification,6,3,H2GCN,102,1000,0.6373626373626373
chameleon,ClassBasedStratification,6,3,H2GCN,103,1000,0.6483516483516484
chameleon,ClassBasedStratification,6,3,H2GCN,104,1000,0.6351648351648351
chameleon,ClassBasedStratification,6,3,H2GCN,105,1000,0.6395604395604395
chameleon,ClassBasedStratification,6,3,H2GCN,106,1000,0.6395604395604395
chameleon,ClassBasedStratification,6,3,H2GCN,107,1000,0.6395604395604395
chameleon,ClassBasedStratification,6,3,H2GCN,108,1000,0.6351648351648351
chameleon,ClassBasedStratification,6,3,H2GCN,109,1000,0.6417582417582418
chameleon,ClassBasedStratification,6,4,H2GCN,100,1000,0.621978021978022
chameleon,ClassBasedStratification,6,4,H2GCN,101,1000,0.6153846153846154
chameleon,ClassBasedStratification,6,4,H2GCN,102,1000,0.6175824175824176
chameleon,ClassBasedStratification,6,4,H2GCN,103,1000,0.6131868131868132
chameleon,ClassBasedStratification,6,4,H2GCN,104,1000,0.6175824175824176
chameleon,ClassBasedStratification,6,4,H2GCN,105,1000,0.6153846153846154
chameleon,ClassBasedStratification,6,4,H2GCN,106,1000,0.6153846153846154
chameleon,ClassBasedStratification,6,4,H2GCN,107,1000,0.6021978021978022
chameleon,ClassBasedStratification,6,4,H2GCN,108,1000,0.6065934065934065
chameleon,ClassBasedStratification,6,4,H2GCN,109,1000,0.6153846153846154
chameleon,ClassBasedStratification,6,5,H2GCN,100,1000,0.6043956043956044
chameleon,ClassBasedStratification,6,5,H2GCN,101,1000,0.6087912087912087
chameleon,ClassBasedStratification,6,5,H2GCN,102,1000,0.621978021978022
chameleon,ClassBasedStratification,6,5,H2GCN,103,1000,0.610989010989011
chameleon,ClassBasedStratification,6,5,H2GCN,104,1000,0.5978021978021978
chameleon,ClassBasedStratification,6,5,H2GCN,105,1000,0.6175824175824176
chameleon,ClassBasedStratification,6,5,H2GCN,106,1000,0.6131868131868132
chameleon,ClassBasedStratification,6,5,H2GCN,107,1000,0.6131868131868132
chameleon,ClassBasedStratification,6,5,H2GCN,108,1000,0.6065934065934065
chameleon,ClassBasedStratification,6,5,H2GCN,109,1000,0.6087912087912087
chameleon,ClassBasedStratification,7,1,H2GCN,103,1000,0.6052631578947368
chameleon,ClassBasedStratification,7,1,H2GCN,102,1000,0.5986842105263158
chameleon,ClassBasedStratification,7,1,H2GCN,101,1000,0.5942982456140351
chameleon,ClassBasedStratification,7,1,H2GCN,100,1000,0.6118421052631579
chameleon,ClassBasedStratification,7,1,H2GCN,104,1000,0.6052631578947368
chameleon,ClassBasedStratification,7,1,H2GCN,105,1000,0.6030701754385965
chameleon,ClassBasedStratification,7,1,H2GCN,106,1000,0.6030701754385965
chameleon,ClassBasedStratification,7,1,H2GCN,107,1000,0.6030701754385965
chameleon,ClassBasedStratification,7,1,H2GCN,109,1000,0.6118421052631579
chameleon,ClassBasedStratification,7,1,H2GCN,108,1000,0.6052631578947368
chameleon,ClassBasedStratification,7,2,H2GCN,100,1000,0.6381578947368421
chameleon,ClassBasedStratification,7,2,H2GCN,101,1000,0.6381578947368421
chameleon,ClassBasedStratification,7,2,H2GCN,102,1000,0.6513157894736842
chameleon,ClassBasedStratification,7,2,H2GCN,103,1000,0.6447368421052632
chameleon,ClassBasedStratification,7,2,H2GCN,104,1000,0.6293859649122807
chameleon,ClassBasedStratification,7,2,H2GCN,105,1000,0.6403508771929824
chameleon,ClassBasedStratification,7,2,H2GCN,106,1000,0.631578947368421
chameleon,ClassBasedStratification,7,2,H2GCN,107,1000,0.6469298245614035
chameleon,ClassBasedStratification,7,2,H2GCN,108,1000,0.6513157894736842
chameleon,ClassBasedStratification,7,2,H2GCN,109,1000,0.6403508771929824
chameleon,ClassBasedStratification,7,3,H2GCN,100,1000,0.6087912087912087
chameleon,ClassBasedStratification,7,3,H2GCN,101,1000,0.6087912087912087
chameleon,ClassBasedStratification,7,3,H2GCN,102,1000,0.6043956043956044
chameleon,ClassBasedStratification,7,3,H2GCN,103,1000,0.6087912087912087
chameleon,ClassBasedStratification,7,3,H2GCN,104,1000,0.5978021978021978
chameleon,ClassBasedStratification,7,3,H2GCN,105,1000,0.6
chameleon,ClassBasedStratification,7,3,H2GCN,106,1000,0.6131868131868132
chameleon,ClassBasedStratification,7,3,H2GCN,107,1000,0.610989010989011
chameleon,ClassBasedStratification,7,3,H2GCN,108,1000,0.6131868131868132
chameleon,ClassBasedStratification,7,3,H2GCN,109,1000,0.6021978021978022
chameleon,ClassBasedStratification,7,4,H2GCN,100,1000,0.6329670329670329
chameleon,ClassBasedStratification,7,4,H2GCN,101,1000,0.6197802197802198
chameleon,ClassBasedStratification,7,4,H2GCN,102,1000,0.6263736263736264
chameleon,ClassBasedStratification,7,4,H2GCN,103,1000,0.6263736263736264
chameleon,ClassBasedStratification,7,4,H2GCN,104,1000,0.6175824175824176
chameleon,ClassBasedStratification,7,4,H2GCN,105,1000,0.6175824175824176
chameleon,ClassBasedStratification,7,4,H2GCN,106,1000,0.6197802197802198
chameleon,ClassBasedStratification,7,4,H2GCN,107,1000,0.6153846153846154
chameleon,ClassBasedStratification,7,4,H2GCN,108,1000,0.6307692307692307
chameleon,ClassBasedStratification,7,4,H2GCN,109,1000,0.6241758241758242
chameleon,ClassBasedStratification,7,5,H2GCN,100,1000,0.6153846153846154
chameleon,ClassBasedStratification,7,5,H2GCN,101,1000,0.6153846153846154
chameleon,ClassBasedStratification,7,5,H2GCN,102,1000,0.6087912087912087
chameleon,ClassBasedStratification,7,5,H2GCN,103,1000,0.6263736263736264
chameleon,ClassBasedStratification,7,5,H2GCN,104,1000,0.6263736263736264
chameleon,ClassBasedStratification,7,5,H2GCN,105,1000,0.6241758241758242
chameleon,ClassBasedStratification,7,5,H2GCN,106,1000,0.6329670329670329
chameleon,ClassBasedStratification,7,5,H2GCN,107,1000,0.6263736263736264
chameleon,ClassBasedStratification,7,5,H2GCN,108,1000,0.6285714285714286
chameleon,ClassBasedStratification,7,5,H2GCN,109,1000,0.6285714285714286
chameleon,ClassBasedStratification,8,1,H2GCN,100,1000,0.6271929824561403
chameleon,ClassBasedStratification,8,1,H2GCN,101,1000,0.6337719298245614
chameleon,ClassBasedStratification,8,1,H2GCN,103,1000,0.6381578947368421
chameleon,ClassBasedStratification,8,1,H2GCN,102,1000,0.6359649122807017
chameleon,ClassBasedStratification,8,1,H2GCN,105,1000,0.6403508771929824
chameleon,ClassBasedStratification,8,1,H2GCN,107,1000,0.6359649122807017
chameleon,ClassBasedStratification,8,1,H2GCN,104,1000,0.6381578947368421
chameleon,ClassBasedStratification,8,1,H2GCN,106,1000,0.6403508771929824
chameleon,ClassBasedStratification,8,2,H2GCN,100,1000,0.6008771929824561
chameleon,ClassBasedStratification,8,1,H2GCN,108,1000,0.6359649122807017
chameleon,ClassBasedStratification,8,1,H2GCN,109,1000,0.6447368421052632
chameleon,ClassBasedStratification,8,2,H2GCN,101,1000,0.5986842105263158
chameleon,ClassBasedStratification,8,2,H2GCN,102,1000,0.5899122807017544
chameleon,ClassBasedStratification,8,2,H2GCN,103,1000,0.5942982456140351
chameleon,ClassBasedStratification,8,2,H2GCN,104,1000,0.5964912280701754
chameleon,ClassBasedStratification,8,2,H2GCN,105,1000,0.5921052631578947
chameleon,ClassBasedStratification,8,2,H2GCN,106,1000,0.5877192982456141
chameleon,ClassBasedStratification,8,2,H2GCN,107,1000,0.6008771929824561
chameleon,ClassBasedStratification,8,2,H2GCN,108,1000,0.5921052631578947
chameleon,ClassBasedStratification,8,2,H2GCN,109,1000,0.5921052631578947
chameleon,ClassBasedStratification,8,3,H2GCN,100,1000,0.6153846153846154
chameleon,ClassBasedStratification,8,3,H2GCN,101,1000,0.621978021978022
chameleon,ClassBasedStratification,8,3,H2GCN,102,1000,0.621978021978022
chameleon,ClassBasedStratification,8,3,H2GCN,103,1000,0.6329670329670329
chameleon,ClassBasedStratification,8,3,H2GCN,104,1000,0.610989010989011
chameleon,ClassBasedStratification,8,3,H2GCN,105,1000,0.6131868131868132
chameleon,ClassBasedStratification,8,3,H2GCN,106,1000,0.6131868131868132
chameleon,ClassBasedStratification,8,3,H2GCN,107,1000,0.6131868131868132
chameleon,ClassBasedStratification,8,3,H2GCN,108,1000,0.6307692307692307
chameleon,ClassBasedStratification,8,3,H2GCN,109,1000,0.621978021978022
chameleon,ClassBasedStratification,8,4,H2GCN,100,1000,0.6461538461538462
chameleon,ClassBasedStratification,8,4,H2GCN,101,1000,0.6307692307692307
chameleon,ClassBasedStratification,8,4,H2GCN,102,1000,0.6307692307692307
chameleon,ClassBasedStratification,8,4,H2GCN,103,1000,0.6373626373626373
chameleon,ClassBasedStratification,8,4,H2GCN,104,1000,0.6263736263736264
chameleon,ClassBasedStratification,8,4,H2GCN,105,1000,0.6263736263736264
chameleon,ClassBasedStratification,8,4,H2GCN,106,1000,0.6373626373626373
chameleon,ClassBasedStratification,8,4,H2GCN,107,1000,0.6527472527472528
chameleon,ClassBasedStratification,8,4,H2GCN,108,1000,0.6285714285714286
chameleon,ClassBasedStratification,8,4,H2GCN,109,1000,0.643956043956044
chameleon,ClassBasedStratification,8,5,H2GCN,100,1000,0.6241758241758242
chameleon,ClassBasedStratification,8,5,H2GCN,102,1000,0.6307692307692307
chameleon,ClassBasedStratification,8,5,H2GCN,101,1000,0.6153846153846154
chameleon,ClassBasedStratification,8,5,H2GCN,103,1000,0.6175824175824176
chameleon,ClassBasedStratification,8,5,H2GCN,104,1000,0.6087912087912087
chameleon,ClassBasedStratification,8,5,H2GCN,105,1000,0.6175824175824176
chameleon,ClassBasedStratification,8,5,H2GCN,106,1000,0.6175824175824176
chameleon,ClassBasedStratification,8,5,H2GCN,107,1000,0.6197802197802198
chameleon,ClassBasedStratification,8,5,H2GCN,108,1000,0.6197802197802198
chameleon,ClassBasedStratification,8,5,H2GCN,109,1000,0.6153846153846154
chameleon,ClassBasedStratification,9,1,H2GCN,103,1000,0.5942982456140351
chameleon,ClassBasedStratification,9,1,H2GCN,101,1000,0.5921052631578947
chameleon,ClassBasedStratification,9,1,H2GCN,102,1000,0.6008771929824561
chameleon,ClassBasedStratification,9,1,H2GCN,100,1000,0.5877192982456141
chameleon,ClassBasedStratification,9,1,H2GCN,106,1000,0.5899122807017544
chameleon,ClassBasedStratification,9,1,H2GCN,104,1000,0.5745614035087719
chameleon,ClassBasedStratification,9,1,H2GCN,105,1000,0.5877192982456141
chameleon,ClassBasedStratification,9,1,H2GCN,107,1000,0.5833333333333334
chameleon,ClassBasedStratification,9,1,H2GCN,108,1000,0.5921052631578947
chameleon,ClassBasedStratification,9,1,H2GCN,109,1000,0.5899122807017544
chameleon,ClassBasedStratification,9,2,H2GCN,100,1000,0.6293859649122807
chameleon,ClassBasedStratification,9,2,H2GCN,101,1000,0.6206140350877193
chameleon,ClassBasedStratification,9,2,H2GCN,104,1000,0.6271929824561403
chameleon,ClassBasedStratification,9,2,H2GCN,103,1000,0.625
chameleon,ClassBasedStratification,9,2,H2GCN,102,1000,0.6162280701754386
chameleon,ClassBasedStratification,9,2,H2GCN,105,1000,0.618421052631579
chameleon,ClassBasedStratification,9,2,H2GCN,107,1000,0.6206140350877193
chameleon,ClassBasedStratification,9,2,H2GCN,106,1000,0.6228070175438597
chameleon,ClassBasedStratification,9,2,H2GCN,108,1000,0.6381578947368421
chameleon,ClassBasedStratification,9,2,H2GCN,109,1000,0.6162280701754386
chameleon,ClassBasedStratification,9,3,H2GCN,101,1000,0.578021978021978
chameleon,ClassBasedStratification,9,3,H2GCN,100,1000,0.5956043956043956
chameleon,ClassBasedStratification,9,3,H2GCN,102,1000,0.5956043956043956
chameleon,ClassBasedStratification,9,3,H2GCN,103,1000,0.5824175824175825
chameleon,ClassBasedStratification,9,3,H2GCN,104,1000,0.589010989010989
chameleon,ClassBasedStratification,9,3,H2GCN,106,1000,0.578021978021978
chameleon,ClassBasedStratification,9,3,H2GCN,105,1000,0.5956043956043956
chameleon,ClassBasedStratification,9,3,H2GCN,107,1000,0.5868131868131868
chameleon,ClassBasedStratification,9,3,H2GCN,108,1000,0.5802197802197803
chameleon,ClassBasedStratification,9,3,H2GCN,109,1000,0.5758241758241758
chameleon,ClassBasedStratification,9,4,H2GCN,101,1000,0.6329670329670329
chameleon,ClassBasedStratification,9,4,H2GCN,100,1000,0.6483516483516484
chameleon,ClassBasedStratification,9,4,H2GCN,102,1000,0.6307692307692307
chameleon,ClassBasedStratification,9,4,H2GCN,103,1000,0.6395604395604395
chameleon,ClassBasedStratification,9,4,H2GCN,104,1000,0.6527472527472528
chameleon,ClassBasedStratification,9,4,H2GCN,105,1000,0.643956043956044
chameleon,ClassBasedStratification,9,4,H2GCN,106,1000,0.6417582417582418
chameleon,ClassBasedStratification,9,4,H2GCN,108,1000,0.6307692307692307
chameleon,ClassBasedStratification,9,4,H2GCN,107,1000,0.6373626373626373
chameleon,ClassBasedStratification,9,4,H2GCN,109,1000,0.643956043956044
chameleon,ClassBasedStratification,9,5,H2GCN,100,1000,0.6461538461538462
chameleon,ClassBasedStratification,9,5,H2GCN,101,1000,0.6351648351648351
chameleon,ClassBasedStratification,9,5,H2GCN,102,1000,0.6329670329670329
chameleon,ClassBasedStratification,9,5,H2GCN,103,1000,0.6373626373626373
chameleon,ClassBasedStratification,9,5,H2GCN,104,1000,0.6417582417582418
chameleon,ClassBasedStratification,9,5,H2GCN,106,1000,0.6329670329670329
chameleon,ClassBasedStratification,9,5,H2GCN,105,1000,0.6329670329670329
chameleon,ClassBasedStratification,9,5,H2GCN,107,1000,0.6307692307692307
chameleon,ClassBasedStratification,9,5,H2GCN,108,1000,0.6461538461538462
chameleon,ClassBasedStratification,9,5,H2GCN,109,1000,0.6351648351648351
