Dataset,StratificationType,Fold_Seed,Fold,Model,Init_Seed,Stopped_Epoch,Best_Epoch,Best_Val_Loss,Best_Val_Accuracy,Test_Loss,Test_Accuracy,Stopped_Early,Early_Stopping_Patience
syn-cora-h0.00-r1,RandomKFold,0,1,GAT,101,111,11,1.5313658714294434,0.29530200362205505,1.511492371559143,0.29865771532058716,True,100
syn-cora-h0.00-r1,RandomKFold,0,1,GAT,100,114,14,1.5439064502716064,0.26174497604370117,1.5056962966918945,0.3120805323123932,True,100
syn-cora-h0.00-r1,RandomKFold,0,2,GAT,101,114,14,1.5150632858276367,0.3221476376056671,1.5536019802093506,0.28523489832878113,True,100
syn-cora-h0.00-r1,RandomKFold,0,2,GAT,100,126,26,1.4853949546813965,0.3624161183834076,1.5438930988311768,0.3154362440109253,True,100
syn-cora-h0.00-r1,RandomKFold,0,3,GAT,100,110,10,1.5337319374084473,0.29194632172584534,1.5131573677062988,0.34563758969306946,True,100
syn-cora-h0.00-r1,RandomKFold,0,3,GAT,101,108,8,1.5352411270141602,0.2718120813369751,1.5332882404327393,0.33557048439979553,True,100
syn-cora-h0.00-r1,RandomKFold,0,4,GAT,100,113,13,1.4893487691879272,0.34563758969306946,1.5379124879837036,0.28523489832878113,True,100
syn-cora-h0.00-r1,RandomKFold,0,4,GAT,101,116,16,1.5146582126617432,0.28859061002731323,1.5354671478271484,0.29194632172584534,True,100
syn-cora-h0.00-r1,RandomKFold,0,5,GAT,100,113,13,1.5107331275939941,0.30201342701911926,1.5050489902496338,0.3154362440109253,True,100
syn-cora-h0.00-r1,RandomKFold,0,5,GAT,101,113,13,1.5172115564346313,0.2651006579399109,1.5179297924041748,0.3221476376056671,True,100
syn-cora-h0.00-r1,LabelStratifiedKFold,0,2,GAT,101,113,13,1.506072998046875,0.3087248206138611,1.496200442314148,0.3120805323123932,True,100
syn-cora-h0.00-r1,LabelStratifiedKFold,0,2,GAT,100,117,17,1.4900193214416504,0.3087248206138611,1.4882285594940186,0.38255032896995544,True,100
syn-cora-h0.00-r1,LabelStratifiedKFold,0,1,GAT,101,214,114,1.4722599983215332,0.37919461727142334,1.5234336853027344,0.3221476376056671,True,100
syn-cora-h0.00-r1,LabelStratifiedKFold,0,3,GAT,100,118,18,1.491227626800537,0.33892616629600525,1.5029852390289307,0.3187919557094574,True,100
syn-cora-h0.00-r1,LabelStratifiedKFold,0,3,GAT,101,115,15,1.4978257417678833,0.34563758969306946,1.5049350261688232,0.30201342701911926,True,100
syn-cora-h0.00-r1,LabelStratifiedKFold,0,4,GAT,100,111,11,1.5518908500671387,0.281879186630249,1.4738235473632812,0.3691275119781494,True,100
syn-cora-h0.00-r1,LabelStratifiedKFold,0,4,GAT,101,109,9,1.560065746307373,0.2785235047340393,1.4947474002838135,0.3590604066848755,True,100
syn-cora-h0.00-r1,LabelStratifiedKFold,0,5,GAT,100,115,15,1.464686632156372,0.3724832236766815,1.5844078063964844,0.231543630361557,True,100
syn-cora-h0.00-r1,LabelStratifiedKFold,0,1,GAT,100,380,280,1.455229640007019,0.34899330139160156,1.4996029138565063,0.3557046949863434,True,100
syn-cora-h0.00-r1,LabelStratifiedKFold,0,5,GAT,101,115,15,1.4928593635559082,0.30201342701911926,1.5939677953720093,0.231543630361557,True,100
syn-cora-h0.00-r1,StratifiedKFoldDynamic_Degree_b300,0,2,GAT,101,109,9,1.5305672883987427,0.33892616629600525,1.507707953453064,0.3255033493041992,True,100
syn-cora-h0.00-r1,StratifiedKFoldDynamic_Degree_b300,0,2,GAT,100,110,10,1.5326546430587769,0.3255033493041992,1.4947903156280518,0.34563758969306946,True,100
syn-cora-h0.00-r1,StratifiedKFoldDynamic_Degree_b300,0,1,GAT,101,111,11,1.5019065141677856,0.29194632172584534,1.5202677249908447,0.3154362440109253,True,100
syn-cora-h0.00-r1,StratifiedKFoldDynamic_Degree_b300,0,1,GAT,100,168,68,1.4825483560562134,0.3288590610027313,1.5303162336349487,0.3087248206138611,True,100
syn-cora-h0.00-r1,StratifiedKFoldDynamic_Degree_b300,0,3,GAT,101,113,13,1.4955291748046875,0.3187919557094574,1.5225871801376343,0.3724832236766815,True,100
syn-cora-h0.00-r1,StratifiedKFoldDynamic_Degree_b300,0,3,GAT,100,114,14,1.488102674484253,0.3221476376056671,1.5216633081436157,0.3221476376056671,True,100
syn-cora-h0.00-r1,StratifiedKFoldDynamic_Degree_b300,0,4,GAT,100,149,49,1.4824694395065308,0.38255032896995544,1.5188227891921997,0.3322147727012634,True,100
syn-cora-h0.00-r1,StratifiedKFoldDynamic_Degree_b300,0,4,GAT,101,151,51,1.4877268075942993,0.3523489832878113,1.575202226638794,0.28523489832878113,True,100
syn-cora-h0.00-r1,StratifiedKFoldDynamic_Degree_b300,0,5,GAT,101,112,12,1.5254489183425903,0.29194632172584534,1.5336798429489136,0.3120805323123932,True,100
syn-cora-h0.00-r1,StratifiedKFoldDynamic_Degree_b300,0,5,GAT,100,133,33,1.5316460132598877,0.29865771532058716,1.5236355066299438,0.3557046949863434,True,100
syn-cora-h0.00-r1,StratifiedKFoldDynamic_NeighHet_b100,0,2,GAT,101,107,7,1.5497523546218872,0.281879186630249,1.5489346981048584,0.29194632172584534,True,100
syn-cora-h0.00-r1,StratifiedKFoldDynamic_NeighHet_b100,0,1,GAT,101,110,10,1.5260059833526611,0.3187919557094574,1.5012537240982056,0.3288590610027313,True,100
syn-cora-h0.00-r1,StratifiedKFoldDynamic_NeighHet_b100,0,2,GAT,100,111,11,1.5457531213760376,0.2751677930355072,1.5480034351348877,0.30201342701911926,True,100
syn-cora-h0.00-r1,StratifiedKFoldDynamic_NeighHet_b100,0,1,GAT,100,120,20,1.5056744813919067,0.33892616629600525,1.4675793647766113,0.34563758969306946,True,100
syn-cora-h0.00-r1,StratifiedKFoldDynamic_NeighHet_b100,0,3,GAT,101,109,9,1.5426290035247803,0.28859061002731323,1.532734990119934,0.3221476376056671,True,100
syn-cora-h0.00-r1,StratifiedKFoldDynamic_NeighHet_b100,0,3,GAT,100,115,15,1.5381615161895752,0.3154362440109253,1.5331484079360962,0.30536913871765137,True,100
syn-cora-h0.00-r1,StratifiedKFoldDynamic_NeighHet_b100,0,4,GAT,100,116,16,1.4894453287124634,0.3657718002796173,1.529424786567688,0.30201342701911926,True,100
syn-cora-h0.00-r1,StratifiedKFoldDynamic_NeighHet_b100,0,4,GAT,101,114,14,1.5052776336669922,0.29865771532058716,1.5298787355422974,0.28523489832878113,True,100
syn-cora-h0.00-r1,StratifiedKFoldDynamic_NeighHet_b100,0,5,GAT,100,114,14,1.4799884557724,0.3154362440109253,1.497158169746399,0.34228187799453735,True,100
syn-cora-h0.00-r1,StratifiedKFoldDynamic_NeighHet_b100,0,5,GAT,101,111,11,1.5137994289398193,0.3288590610027313,1.5320452451705933,0.29865771532058716,True,100
syn-cora-h0.00-r1,StratifiedKFoldDynamic_PageRank_b300,0,1,GAT,101,111,11,1.5480796098709106,0.26174497604370117,1.5075474977493286,0.29194632172584534,True,100
syn-cora-h0.00-r1,StratifiedKFoldDynamic_PageRank_b300,0,1,GAT,100,114,14,1.5095927715301514,0.30536913871765137,1.5047887563705444,0.30201342701911926,True,100
syn-cora-h0.00-r1,StratifiedKFoldDynamic_PageRank_b300,0,3,GAT,101,112,12,1.5141870975494385,0.3120805323123932,1.522731900215149,0.29865771532058716,True,100
syn-cora-h0.00-r1,StratifiedKFoldDynamic_PageRank_b300,0,3,GAT,100,114,14,1.5181348323822021,0.3187919557094574,1.5300887823104858,0.29194632172584534,True,100
syn-cora-h0.00-r1,StratifiedKFoldDynamic_PageRank_b300,0,2,GAT,100,235,135,1.5007200241088867,0.3187919557094574,1.5666192770004272,0.2718120813369751,True,100
syn-cora-h0.00-r1,StratifiedKFoldDynamic_PageRank_b300,0,2,GAT,101,325,225,1.487923264503479,0.3187919557094574,1.5895696878433228,0.29194632172584534,True,100
syn-cora-h0.00-r1,StratifiedKFoldDynamic_PageRank_b300,0,4,GAT,101,117,17,1.5104591846466064,0.3187919557094574,1.526702880859375,0.30201342701911926,True,100
syn-cora-h0.00-r1,StratifiedKFoldDynamic_PageRank_b300,0,4,GAT,100,115,15,1.4968184232711792,0.3523489832878113,1.5227282047271729,0.3187919557094574,True,100
syn-cora-h0.00-r1,StratifiedKFoldDynamic_PageRank_b300,0,5,GAT,100,113,13,1.5216200351715088,0.30536913871765137,1.4994590282440186,0.33557048439979553,True,100
syn-cora-h0.00-r1,StratifiedKFoldDynamic_PageRank_b300,0,5,GAT,101,110,10,1.5111486911773682,0.33892616629600525,1.5236361026763916,0.28523489832878113,True,100
syn-cora-h0.00-r1,StratifiedKFoldDynamic_EigCentrality_b300,0,1,GAT,101,110,10,1.5399442911148071,0.29194632172584534,1.5228761434555054,0.2751677930355072,True,100
syn-cora-h0.00-r1,StratifiedKFoldDynamic_EigCentrality_b300,0,1,GAT,100,114,14,1.5444271564483643,0.29194632172584534,1.5125465393066406,0.3120805323123932,True,100
syn-cora-h0.00-r1,StratifiedKFoldDynamic_EigCentrality_b300,0,2,GAT,100,113,13,1.5290659666061401,0.28859061002731323,1.5308761596679688,0.3221476376056671,True,100
syn-cora-h0.00-r1,StratifiedKFoldDynamic_EigCentrality_b300,0,2,GAT,101,116,16,1.5186306238174438,0.28523489832878113,1.5290236473083496,0.29530200362205505,True,100
syn-cora-h0.00-r1,StratifiedKFoldDynamic_EigCentrality_b300,0,3,GAT,100,114,14,1.496780276298523,0.33892616629600525,1.5492092370986938,0.28523489832878113,True,100
syn-cora-h0.00-r1,StratifiedKFoldDynamic_EigCentrality_b300,0,4,GAT,100,109,9,1.5237085819244385,0.33892616629600525,1.528255820274353,0.3523489832878113,True,100
syn-cora-h0.00-r1,StratifiedKFoldDynamic_EigCentrality_b300,0,4,GAT,101,113,13,1.536318302154541,0.28859061002731323,1.5239753723144531,0.30536913871765137,True,100
syn-cora-h0.00-r1,StratifiedKFoldDynamic_EigCentrality_b300,0,3,GAT,101,118,18,1.5193864107131958,0.3087248206138611,1.5630437135696411,0.2785235047340393,True,100
syn-cora-h0.00-r1,StratifiedKFoldDynamic_EigCentrality_b300,0,5,GAT,101,113,13,1.4900133609771729,0.34228187799453735,1.5376849174499512,0.3187919557094574,True,100
syn-cora-h0.00-r1,StratifiedKFoldDynamic_EigCentrality_b300,0,5,GAT,100,116,16,1.488227128982544,0.28523489832878113,1.5158772468566895,0.3087248206138611,True,100
syn-cora-h0.00-r1,StratifiedKFoldDynamic_Clustering_b300,0,1,GAT,101,107,7,1.549318790435791,0.25503355264663696,1.5405501127243042,0.30201342701911926,True,100
syn-cora-h0.00-r1,StratifiedKFoldDynamic_Clustering_b300,0,2,GAT,100,113,13,1.5084326267242432,0.29865771532058716,1.5194518566131592,0.30201342701911926,True,100
syn-cora-h0.00-r1,StratifiedKFoldDynamic_Clustering_b300,0,2,GAT,101,113,13,1.530324935913086,0.3087248206138611,1.5461543798446655,0.26174497604370117,True,100
syn-cora-h0.00-r1,StratifiedKFoldDynamic_Clustering_b300,0,1,GAT,100,116,16,1.5295161008834839,0.29530200362205505,1.523896336555481,0.268456369638443,True,100
syn-cora-h0.00-r1,StratifiedKFoldDynamic_Clustering_b300,0,3,GAT,100,112,12,1.530421495437622,0.29865771532058716,1.533614158630371,0.29194632172584534,True,100
syn-cora-h0.00-r1,StratifiedKFoldDynamic_Clustering_b300,0,3,GAT,101,110,10,1.5358446836471558,0.30201342701911926,1.5400300025939941,0.28523489832878113,True,100
syn-cora-h0.00-r1,StratifiedKFoldDynamic_Clustering_b300,0,4,GAT,101,115,15,1.5145219564437866,0.33557048439979553,1.5443315505981445,0.29865771532058716,True,100
syn-cora-h0.00-r1,StratifiedKFoldDynamic_Clustering_b300,0,4,GAT,100,120,20,1.5078344345092773,0.3288590610027313,1.539984941482544,0.30536913871765137,True,100
syn-cora-h0.00-r1,StratifiedKFoldDynamic_Clustering_b300,0,5,GAT,100,115,15,1.5280015468597412,0.28859061002731323,1.5102331638336182,0.3087248206138611,True,100
syn-cora-h0.00-r1,StratifiedKFoldDynamic_Clustering_b300,0,5,GAT,101,112,12,1.5252299308776855,0.3120805323123932,1.5364742279052734,0.281879186630249,True,100
syn-cora-h0.00-r1,RandomKFold,1,1,GAT,101,108,8,1.5309306383132935,0.34563758969306946,1.5533814430236816,0.281879186630249,True,100
syn-cora-h0.00-r1,RandomKFold,1,2,GAT,101,119,19,1.474090814590454,0.3691275119781494,1.553149700164795,0.2718120813369751,True,100
syn-cora-h0.00-r1,RandomKFold,1,1,GAT,100,148,48,1.4961519241333008,0.29530200362205505,1.5842715501785278,0.29194632172584534,True,100
syn-cora-h0.00-r1,RandomKFold,1,3,GAT,100,113,13,1.5086086988449097,0.2718120813369751,1.488999843597412,0.3523489832878113,True,100
syn-cora-h0.00-r1,RandomKFold,1,2,GAT,100,230,130,1.453932285308838,0.39261746406555176,1.5502358675003052,0.28523489832878113,True,100
syn-cora-h0.00-r1,RandomKFold,1,3,GAT,101,118,18,1.52083420753479,0.3087248206138611,1.488203763961792,0.3691275119781494,True,100
syn-cora-h0.00-r1,RandomKFold,1,4,GAT,100,115,15,1.4870316982269287,0.33557048439979553,1.5251213312149048,0.3221476376056671,True,100
syn-cora-h0.00-r1,RandomKFold,1,4,GAT,101,113,13,1.4940472841262817,0.33892616629600525,1.5377185344696045,0.3087248206138611,True,100
syn-cora-h0.00-r1,RandomKFold,1,5,GAT,100,107,7,1.547521710395813,0.28859061002731323,1.5277653932571411,0.34563758969306946,True,100
syn-cora-h0.00-r1,RandomKFold,1,5,GAT,101,108,8,1.561745047569275,0.25838926434516907,1.5092438459396362,0.34228187799453735,True,100
syn-cora-h0.00-r1,LabelStratifiedKFold,1,2,GAT,101,110,10,1.5216745138168335,0.3154362440109253,1.5114582777023315,0.33557048439979553,True,100
syn-cora-h0.00-r1,LabelStratifiedKFold,1,2,GAT,100,115,15,1.516938328742981,0.3154362440109253,1.5062724351882935,0.30536913871765137,True,100
syn-cora-h0.00-r1,LabelStratifiedKFold,1,1,GAT,101,115,15,1.502774715423584,0.3221476376056671,1.512232780456543,0.29530200362205505,True,100
syn-cora-h0.00-r1,LabelStratifiedKFold,1,1,GAT,100,120,20,1.4963783025741577,0.3255033493041992,1.5110061168670654,0.3187919557094574,True,100
syn-cora-h0.00-r1,LabelStratifiedKFold,1,3,GAT,100,115,15,1.515650749206543,0.30536913871765137,1.4709302186965942,0.34563758969306946,True,100
syn-cora-h0.00-r1,LabelStratifiedKFold,1,3,GAT,101,115,15,1.5311473608016968,0.3087248206138611,1.4892834424972534,0.3557046949863434,True,100
syn-cora-h0.00-r1,LabelStratifiedKFold,1,4,GAT,100,119,19,1.5359001159667969,0.2785235047340393,1.5512492656707764,0.29865771532058716,True,100
syn-cora-h0.00-r1,LabelStratifiedKFold,1,4,GAT,101,109,9,1.5457708835601807,0.2751677930355072,1.546737551689148,0.268456369638443,True,100
syn-cora-h0.00-r1,LabelStratifiedKFold,1,5,GAT,100,259,159,1.476432204246521,0.3523489832878113,1.5502362251281738,0.3255033493041992,True,100
syn-cora-h0.00-r1,LabelStratifiedKFold,1,5,GAT,101,267,167,1.4768400192260742,0.3322147727012634,1.5980331897735596,0.25838926434516907,True,100
syn-cora-h0.00-r1,StratifiedKFoldDynamic_Degree_b300,1,1,GAT,100,111,11,1.5211704969406128,0.268456369638443,1.5163984298706055,0.28859061002731323,True,100
syn-cora-h0.00-r1,StratifiedKFoldDynamic_Degree_b300,1,1,GAT,101,110,10,1.5340590476989746,0.3154362440109253,1.5166593790054321,0.2751677930355072,True,100
syn-cora-h0.00-r1,StratifiedKFoldDynamic_Degree_b300,1,2,GAT,100,174,74,1.4732900857925415,0.3221476376056671,1.550828218460083,0.3221476376056671,True,100
syn-cora-h0.00-r1,StratifiedKFoldDynamic_Degree_b300,1,2,GAT,101,194,94,1.4923382997512817,0.3221476376056671,1.5630816221237183,0.3221476376056671,True,100
syn-cora-h0.00-r1,StratifiedKFoldDynamic_Degree_b300,1,3,GAT,100,113,13,1.515221357345581,0.3187919557094574,1.526351809501648,0.29530200362205505,True,100
syn-cora-h0.00-r1,StratifiedKFoldDynamic_Degree_b300,1,3,GAT,101,113,13,1.5206886529922485,0.30201342701911926,1.5493991374969482,0.29194632172584534,True,100
syn-cora-h0.00-r1,StratifiedKFoldDynamic_Degree_b300,1,4,GAT,100,118,18,1.4952019453048706,0.3590604066848755,1.5307167768478394,0.3154362440109253,True,100
syn-cora-h0.00-r1,StratifiedKFoldDynamic_Degree_b300,1,4,GAT,101,114,14,1.5121961832046509,0.3322147727012634,1.5173203945159912,0.3255033493041992,True,100
syn-cora-h0.00-r1,StratifiedKFoldDynamic_Degree_b300,1,5,GAT,101,113,13,1.5209593772888184,0.3288590610027313,1.5213297605514526,0.3120805323123932,True,100
syn-cora-h0.00-r1,StratifiedKFoldDynamic_Degree_b300,1,5,GAT,100,117,17,1.510736346244812,0.3087248206138611,1.5078041553497314,0.3255033493041992,True,100
syn-cora-h0.00-r1,StratifiedKFoldDynamic_NeighHet_b100,1,1,GAT,101,106,6,1.560686707496643,0.281879186630249,1.560692548751831,0.2651006579399109,True,100
syn-cora-h0.00-r1,StratifiedKFoldDynamic_NeighHet_b100,1,1,GAT,100,110,10,1.5220661163330078,0.3187919557094574,1.547980546951294,0.29865771532058716,True,100
syn-cora-h0.00-r1,StratifiedKFoldDynamic_NeighHet_b100,1,2,GAT,100,113,13,1.5103704929351807,0.3624161183834076,1.5157567262649536,0.3187919557094574,True,100
syn-cora-h0.00-r1,StratifiedKFoldDynamic_NeighHet_b100,1,3,GAT,100,113,13,1.5232737064361572,0.30536913871765137,1.5158956050872803,0.3154362440109253,True,100
syn-cora-h0.00-r1,StratifiedKFoldDynamic_NeighHet_b100,1,3,GAT,101,113,13,1.5283313989639282,0.3255033493041992,1.5296030044555664,0.3087248206138611,True,100
syn-cora-h0.00-r1,StratifiedKFoldDynamic_NeighHet_b100,1,2,GAT,101,226,126,1.5298670530319214,0.3221476376056671,1.5459880828857422,0.30201342701911926,True,100
syn-cora-h0.00-r1,StratifiedKFoldDynamic_NeighHet_b100,1,4,GAT,100,112,12,1.5266987085342407,0.2651006579399109,1.5082734823226929,0.34563758969306946,True,100
syn-cora-h0.00-r1,StratifiedKFoldDynamic_NeighHet_b100,1,4,GAT,101,111,11,1.5351922512054443,0.29530200362205505,1.5405277013778687,0.3288590610027313,True,100
syn-cora-h0.00-r1,StratifiedKFoldDynamic_NeighHet_b100,1,5,GAT,101,114,14,1.5119527578353882,0.30201342701911926,1.5265898704528809,0.3154362440109253,True,100
syn-cora-h0.00-r1,StratifiedKFoldDynamic_NeighHet_b100,1,5,GAT,100,114,14,1.5136598348617554,0.3154362440109253,1.5417665243148804,0.28523489832878113,True,100
syn-cora-h0.00-r1,StratifiedKFoldDynamic_PageRank_b300,1,1,GAT,101,113,13,1.5093810558319092,0.3120805323123932,1.5841612815856934,0.28859061002731323,True,100
syn-cora-h0.00-r1,StratifiedKFoldDynamic_PageRank_b300,1,1,GAT,100,115,15,1.487151026725769,0.33892616629600525,1.5785284042358398,0.29194632172584534,True,100
syn-cora-h0.00-r1,StratifiedKFoldDynamic_PageRank_b300,1,2,GAT,101,113,13,1.5315229892730713,0.3221476376056671,1.5069475173950195,0.30536913871765137,True,100
syn-cora-h0.00-r1,StratifiedKFoldDynamic_PageRank_b300,1,2,GAT,100,137,37,1.5323354005813599,0.29194632172584534,1.5291956663131714,0.29194632172584534,True,100
syn-cora-h0.00-r1,StratifiedKFoldDynamic_PageRank_b300,1,4,GAT,100,112,12,1.5433878898620605,0.2785235047340393,1.5092328786849976,0.34563758969306946,True,100
syn-cora-h0.00-r1,StratifiedKFoldDynamic_PageRank_b300,1,3,GAT,101,113,13,1.5135917663574219,0.34563758969306946,1.5399202108383179,0.2785235047340393,True,100
syn-cora-h0.00-r1,StratifiedKFoldDynamic_PageRank_b300,1,4,GAT,101,109,9,1.5505996942520142,0.30536913871765137,1.5164333581924438,0.34563758969306946,True,100
syn-cora-h0.00-r1,StratifiedKFoldDynamic_PageRank_b300,1,3,GAT,100,173,73,1.491864800453186,0.3322147727012634,1.5348929166793823,0.3255033493041992,True,100
syn-cora-h0.00-r1,StratifiedKFoldDynamic_PageRank_b300,1,5,GAT,101,112,12,1.535711407661438,0.3120805323123932,1.5354188680648804,0.29865771532058716,True,100
syn-cora-h0.00-r1,StratifiedKFoldDynamic_PageRank_b300,1,5,GAT,100,114,14,1.5363812446594238,0.281879186630249,1.534748911857605,0.2718120813369751,True,100
syn-cora-h0.00-r1,StratifiedKFoldDynamic_EigCentrality_b300,1,1,GAT,101,109,9,1.5316327810287476,0.29530200362205505,1.5362693071365356,0.28859061002731323,True,100
syn-cora-h0.00-r1,StratifiedKFoldDynamic_EigCentrality_b300,1,2,GAT,100,115,15,1.5042462348937988,0.3154362440109253,1.5152482986450195,0.3288590610027313,True,100
syn-cora-h0.00-r1,StratifiedKFoldDynamic_EigCentrality_b300,1,2,GAT,101,116,16,1.5223246812820435,0.2751677930355072,1.5317010879516602,0.28859061002731323,True,100
syn-cora-h0.00-r1,StratifiedKFoldDynamic_EigCentrality_b300,1,1,GAT,100,117,17,1.4944217205047607,0.3255033493041992,1.498366355895996,0.29530200362205505,True,100
syn-cora-h0.00-r1,StratifiedKFoldDynamic_EigCentrality_b300,1,3,GAT,101,111,11,1.5347249507904053,0.29865771532058716,1.5227679014205933,0.3187919557094574,True,100
syn-cora-h0.00-r1,StratifiedKFoldDynamic_EigCentrality_b300,1,4,GAT,101,110,10,1.524901032447815,0.3187919557094574,1.5536800622940063,0.29865771532058716,True,100
syn-cora-h0.00-r1,StratifiedKFoldDynamic_EigCentrality_b300,1,4,GAT,100,112,12,1.4970258474349976,0.33892616629600525,1.5396877527236938,0.2785235047340393,True,100
syn-cora-h0.00-r1,StratifiedKFoldDynamic_EigCentrality_b300,1,3,GAT,100,149,49,1.5338623523712158,0.3523489832878113,1.5466188192367554,0.30201342701911926,True,100
syn-cora-h0.00-r1,StratifiedKFoldDynamic_EigCentrality_b300,1,5,GAT,101,112,12,1.5084125995635986,0.30201342701911926,1.526212215423584,0.30201342701911926,True,100
syn-cora-h0.00-r1,StratifiedKFoldDynamic_EigCentrality_b300,1,5,GAT,100,114,14,1.5003362894058228,0.30201342701911926,1.4939165115356445,0.33557048439979553,True,100
syn-cora-h0.00-r1,StratifiedKFoldDynamic_Clustering_b300,1,1,GAT,101,111,11,1.5244559049606323,0.33557048439979553,1.5095187425613403,0.33557048439979553,True,100
syn-cora-h0.00-r1,StratifiedKFoldDynamic_Clustering_b300,1,2,GAT,101,109,9,1.5405136346817017,0.281879186630249,1.532422423362732,0.3288590610027313,True,100
syn-cora-h0.00-r1,StratifiedKFoldDynamic_Clustering_b300,1,1,GAT,100,111,11,1.5120229721069336,0.3154362440109253,1.4970464706420898,0.3322147727012634,True,100
syn-cora-h0.00-r1,StratifiedKFoldDynamic_Clustering_b300,1,2,GAT,100,115,15,1.5243295431137085,0.29194632172584534,1.511642336845398,0.29194632172584534,True,100
syn-cora-h0.00-r1,StratifiedKFoldDynamic_Clustering_b300,1,3,GAT,100,115,15,1.4989663362503052,0.34563758969306946,1.5148189067840576,0.3255033493041992,True,100
syn-cora-h0.00-r1,StratifiedKFoldDynamic_Clustering_b300,1,3,GAT,101,115,15,1.5119885206222534,0.3322147727012634,1.5299361944198608,0.29194632172584534,True,100
syn-cora-h0.00-r1,StratifiedKFoldDynamic_Clustering_b300,1,4,GAT,100,115,15,1.4818629026412964,0.3154362440109253,1.4942269325256348,0.3557046949863434,True,100
syn-cora-h0.00-r1,StratifiedKFoldDynamic_Clustering_b300,1,4,GAT,101,210,110,1.4884952306747437,0.34563758969306946,1.5483779907226562,0.3187919557094574,True,100
syn-cora-h0.00-r1,StratifiedKFoldDynamic_Clustering_b300,1,5,GAT,101,113,13,1.5120573043823242,0.3221476376056671,1.5146342515945435,0.3221476376056671,True,100
syn-cora-h0.00-r1,StratifiedKFoldDynamic_Clustering_b300,1,5,GAT,100,121,21,1.519771695137024,0.28859061002731323,1.5052194595336914,0.33892616629600525,True,100
syn-cora-h0.00-r1,RandomKFold,2,1,GAT,101,111,11,1.5342741012573242,0.30536913871765137,1.5046008825302124,0.3288590610027313,True,100
syn-cora-h0.00-r1,RandomKFold,2,2,GAT,101,113,13,1.5137391090393066,0.30536913871765137,1.5275999307632446,0.281879186630249,True,100
syn-cora-h0.00-r1,RandomKFold,2,1,GAT,100,111,11,1.539199948310852,0.2751677930355072,1.5047298669815063,0.33892616629600525,True,100
syn-cora-h0.00-r1,RandomKFold,2,2,GAT,100,113,13,1.513612985610962,0.3221476376056671,1.518987774848938,0.3087248206138611,True,100
syn-cora-h0.00-r1,RandomKFold,2,3,GAT,101,109,9,1.55858314037323,0.29530200362205505,1.5244030952453613,0.29194632172584534,True,100
syn-cora-h0.00-r1,RandomKFold,2,3,GAT,100,115,15,1.5429774522781372,0.29530200362205505,1.5308475494384766,0.29865771532058716,True,100
syn-cora-h0.00-r1,RandomKFold,2,4,GAT,100,116,16,1.4437490701675415,0.3657718002796173,1.5290216207504272,0.2785235047340393,True,100
syn-cora-h0.00-r1,RandomKFold,2,4,GAT,101,205,105,1.471558690071106,0.3255033493041992,1.5716930627822876,0.29194632172584534,True,100
syn-cora-h0.00-r1,RandomKFold,2,5,GAT,101,113,13,1.5180566310882568,0.33892616629600525,1.4965598583221436,0.33557048439979553,True,100
syn-cora-h0.00-r1,RandomKFold,2,5,GAT,100,115,15,1.5146372318267822,0.3087248206138611,1.4929068088531494,0.3523489832878113,True,100
syn-cora-h0.00-r1,LabelStratifiedKFold,2,2,GAT,101,112,12,1.5255112648010254,0.3087248206138611,1.4959731101989746,0.3221476376056671,True,100
syn-cora-h0.00-r1,LabelStratifiedKFold,2,2,GAT,100,113,13,1.5342168807983398,0.3187919557094574,1.4946812391281128,0.3221476376056671,True,100
syn-cora-h0.00-r1,LabelStratifiedKFold,2,1,GAT,100,119,19,1.4439802169799805,0.3590604066848755,1.579901933670044,0.28859061002731323,True,100
syn-cora-h0.00-r1,LabelStratifiedKFold,2,1,GAT,101,182,82,1.4683951139450073,0.34563758969306946,1.6286180019378662,0.2651006579399109,True,100
syn-cora-h0.00-r1,LabelStratifiedKFold,2,3,GAT,101,113,13,1.4970909357070923,0.3187919557094574,1.533270001411438,0.28859061002731323,True,100
syn-cora-h0.00-r1,LabelStratifiedKFold,2,4,GAT,100,112,12,1.5220966339111328,0.3120805323123932,1.5021792650222778,0.34563758969306946,True,100
syn-cora-h0.00-r1,LabelStratifiedKFold,2,3,GAT,100,122,22,1.477555513381958,0.29194632172584534,1.5356014966964722,0.28859061002731323,True,100
syn-cora-h0.00-r1,LabelStratifiedKFold,2,4,GAT,101,115,15,1.5288797616958618,0.30536913871765137,1.5103288888931274,0.33892616629600525,True,100
syn-cora-h0.00-r1,LabelStratifiedKFold,2,5,GAT,100,110,10,1.556413173675537,0.2785235047340393,1.5094977617263794,0.3087248206138611,True,100
syn-cora-h0.00-r1,LabelStratifiedKFold,2,5,GAT,101,108,8,1.5658692121505737,0.2651006579399109,1.5242152214050293,0.30201342701911926,True,100
syn-cora-h0.00-r1,StratifiedKFoldDynamic_Degree_b300,2,1,GAT,101,110,10,1.5230854749679565,0.281879186630249,1.540299892425537,0.2751677930355072,True,100
syn-cora-h0.00-r1,StratifiedKFoldDynamic_Degree_b300,2,1,GAT,100,113,13,1.513426661491394,0.30201342701911926,1.5325841903686523,0.29865771532058716,True,100
syn-cora-h0.00-r1,StratifiedKFoldDynamic_Degree_b300,2,3,GAT,100,113,13,1.5104997158050537,0.34228187799453735,1.5364402532577515,0.2785235047340393,True,100
syn-cora-h0.00-r1,StratifiedKFoldDynamic_Degree_b300,2,3,GAT,101,111,11,1.517568826675415,0.3221476376056671,1.5403424501419067,0.29194632172584534,True,100
syn-cora-h0.00-r1,StratifiedKFoldDynamic_Degree_b300,2,2,GAT,100,224,124,1.5093560218811035,0.3322147727012634,1.4875280857086182,0.3087248206138611,True,100
syn-cora-h0.00-r1,StratifiedKFoldDynamic_Degree_b300,2,2,GAT,101,311,211,1.5093083381652832,0.3288590610027313,1.5202604532241821,0.3255033493041992,True,100
syn-cora-h0.00-r1,StratifiedKFoldDynamic_Degree_b300,2,4,GAT,100,110,10,1.5117965936660767,0.3255033493041992,1.5185086727142334,0.3221476376056671,True,100
syn-cora-h0.00-r1,StratifiedKFoldDynamic_Degree_b300,2,4,GAT,101,109,9,1.5315754413604736,0.3187919557094574,1.5212509632110596,0.3087248206138611,True,100
syn-cora-h0.00-r1,StratifiedKFoldDynamic_Degree_b300,2,5,GAT,100,115,15,1.5059261322021484,0.3322147727012634,1.5159857273101807,0.34563758969306946,True,100
syn-cora-h0.00-r1,StratifiedKFoldDynamic_Degree_b300,2,5,GAT,101,113,13,1.5307871103286743,0.30201342701911926,1.5414223670959473,0.30536913871765137,True,100
syn-cora-h0.00-r1,StratifiedKFoldDynamic_NeighHet_b100,2,2,GAT,101,109,9,1.5419801473617554,0.29194632172584534,1.5132262706756592,0.3288590610027313,True,100
syn-cora-h0.00-r1,StratifiedKFoldDynamic_NeighHet_b100,2,1,GAT,100,115,15,1.4947187900543213,0.30536913871765137,1.4881455898284912,0.33892616629600525,True,100
syn-cora-h0.00-r1,StratifiedKFoldDynamic_NeighHet_b100,2,2,GAT,100,111,11,1.5264760255813599,0.29194632172584534,1.5022135972976685,0.3154362440109253,True,100
syn-cora-h0.00-r1,StratifiedKFoldDynamic_NeighHet_b100,2,1,GAT,101,113,13,1.4971375465393066,0.29194632172584534,1.5206493139266968,0.28523489832878113,True,100
syn-cora-h0.00-r1,StratifiedKFoldDynamic_NeighHet_b100,2,3,GAT,100,113,13,1.490769863128662,0.33557048439979553,1.5217485427856445,0.281879186630249,True,100
syn-cora-h0.00-r1,StratifiedKFoldDynamic_NeighHet_b100,2,4,GAT,101,111,11,1.5294851064682007,0.33892616629600525,1.505305290222168,0.3288590610027313,True,100
syn-cora-h0.00-r1,StratifiedKFoldDynamic_NeighHet_b100,2,4,GAT,100,112,12,1.5136754512786865,0.3221476376056671,1.4970647096633911,0.3523489832878113,True,100
syn-cora-h0.00-r1,StratifiedKFoldDynamic_NeighHet_b100,2,3,GAT,101,116,16,1.4940675497055054,0.33892616629600525,1.5448520183563232,0.29194632172584534,True,100
syn-cora-h0.00-r1,StratifiedKFoldDynamic_NeighHet_b100,2,5,GAT,101,113,13,1.5182814598083496,0.281879186630249,1.5210727453231812,0.34228187799453735,True,100
syn-cora-h0.00-r1,StratifiedKFoldDynamic_NeighHet_b100,2,5,GAT,100,118,18,1.4976807832717896,0.3120805323123932,1.5241587162017822,0.33892616629600525,True,100
syn-cora-h0.00-r1,StratifiedKFoldDynamic_PageRank_b300,2,1,GAT,101,112,12,1.5156421661376953,0.3221476376056671,1.5165300369262695,0.281879186630249,True,100
syn-cora-h0.00-r1,StratifiedKFoldDynamic_PageRank_b300,2,1,GAT,100,115,15,1.5087668895721436,0.3087248206138611,1.517350435256958,0.30536913871765137,True,100
syn-cora-h0.00-r1,StratifiedKFoldDynamic_PageRank_b300,2,2,GAT,101,113,13,1.5159755945205688,0.33892616629600525,1.5072822570800781,0.33892616629600525,True,100
syn-cora-h0.00-r1,StratifiedKFoldDynamic_PageRank_b300,2,2,GAT,100,115,15,1.4891963005065918,0.3187919557094574,1.4910838603973389,0.34563758969306946,True,100
syn-cora-h0.00-r1,StratifiedKFoldDynamic_PageRank_b300,2,3,GAT,100,113,13,1.5050904750823975,0.3087248206138611,1.4988226890563965,0.34228187799453735,True,100
syn-cora-h0.00-r1,StratifiedKFoldDynamic_PageRank_b300,2,4,GAT,101,110,10,1.5428646802902222,0.2751677930355072,1.5095936059951782,0.34563758969306946,True,100
syn-cora-h0.00-r1,StratifiedKFoldDynamic_PageRank_b300,2,4,GAT,100,114,14,1.5490741729736328,0.28859061002731323,1.511157512664795,0.3154362440109253,True,100
syn-cora-h0.00-r1,StratifiedKFoldDynamic_PageRank_b300,2,3,GAT,101,113,13,1.497315764427185,0.33557048439979553,1.5057958364486694,0.33557048439979553,True,100
syn-cora-h0.00-r1,StratifiedKFoldDynamic_PageRank_b300,2,5,GAT,100,125,25,1.4708349704742432,0.33557048439979553,1.5195497274398804,0.3120805323123932,True,100
syn-cora-h0.00-r1,StratifiedKFoldDynamic_PageRank_b300,2,5,GAT,101,215,115,1.4672791957855225,0.34228187799453735,1.5657764673233032,0.26174497604370117,True,100
syn-cora-h0.00-r1,StratifiedKFoldDynamic_EigCentrality_b300,2,2,GAT,101,110,10,1.541945219039917,0.29530200362205505,1.5253098011016846,0.3322147727012634,True,100
syn-cora-h0.00-r1,StratifiedKFoldDynamic_EigCentrality_b300,2,1,GAT,101,113,13,1.5012284517288208,0.34563758969306946,1.5378018617630005,0.25167784094810486,True,100
syn-cora-h0.00-r1,StratifiedKFoldDynamic_EigCentrality_b300,2,1,GAT,100,113,13,1.5011340379714966,0.3322147727012634,1.5158863067626953,0.29530200362205505,True,100
syn-cora-h0.00-r1,StratifiedKFoldDynamic_EigCentrality_b300,2,2,GAT,100,114,14,1.5027201175689697,0.3288590610027313,1.5010569095611572,0.3624161183834076,True,100
syn-cora-h0.00-r1,StratifiedKFoldDynamic_EigCentrality_b300,2,4,GAT,100,109,9,1.5205241441726685,0.33557048439979553,1.535033106803894,0.29530200362205505,True,100
syn-cora-h0.00-r1,StratifiedKFoldDynamic_EigCentrality_b300,2,3,GAT,101,110,10,1.5243372917175293,0.34228187799453735,1.527941107749939,0.3187919557094574,True,100
syn-cora-h0.00-r1,StratifiedKFoldDynamic_EigCentrality_b300,2,3,GAT,100,114,14,1.5210598707199097,0.30536913871765137,1.507713794708252,0.29865771532058716,True,100
syn-cora-h0.00-r1,StratifiedKFoldDynamic_EigCentrality_b300,2,4,GAT,101,114,14,1.5203912258148193,0.3187919557094574,1.5346192121505737,0.3087248206138611,True,100
syn-cora-h0.00-r1,StratifiedKFoldDynamic_EigCentrality_b300,2,5,GAT,100,114,14,1.5206444263458252,0.29194632172584534,1.5288515090942383,0.30201342701911926,True,100
syn-cora-h0.00-r1,StratifiedKFoldDynamic_EigCentrality_b300,2,5,GAT,101,114,14,1.5286002159118652,0.281879186630249,1.515958547592163,0.3288590610027313,True,100
syn-cora-h0.00-r1,StratifiedKFoldDynamic_Clustering_b300,2,1,GAT,100,109,9,1.5228266716003418,0.2718120813369751,1.5083794593811035,0.33892616629600525,True,100
syn-cora-h0.00-r1,StratifiedKFoldDynamic_Clustering_b300,2,1,GAT,101,112,12,1.5596792697906494,0.2751677930355072,1.5475456714630127,0.2785235047340393,True,100
syn-cora-h0.00-r1,StratifiedKFoldDynamic_Clustering_b300,2,2,GAT,100,128,28,1.488682746887207,0.3255033493041992,1.5582391023635864,0.281879186630249,True,100
syn-cora-h0.00-r1,StratifiedKFoldDynamic_Clustering_b300,2,3,GAT,100,112,12,1.4922080039978027,0.33892616629600525,1.5078494548797607,0.34228187799453735,True,100
syn-cora-h0.00-r1,StratifiedKFoldDynamic_Clustering_b300,2,2,GAT,101,226,126,1.4909507036209106,0.3255033493041992,1.600023865699768,0.2718120813369751,True,100
syn-cora-h0.00-r1,StratifiedKFoldDynamic_Clustering_b300,2,3,GAT,101,113,13,1.5054306983947754,0.3087248206138611,1.5206382274627686,0.34563758969306946,True,100
syn-cora-h0.00-r1,StratifiedKFoldDynamic_Clustering_b300,2,4,GAT,100,111,11,1.533198356628418,0.29530200362205505,1.5124595165252686,0.34228187799453735,True,100
syn-cora-h0.00-r1,StratifiedKFoldDynamic_Clustering_b300,2,4,GAT,101,112,12,1.5264546871185303,0.34228187799453735,1.5025808811187744,0.3255033493041992,True,100
syn-cora-h0.00-r1,StratifiedKFoldDynamic_Clustering_b300,2,5,GAT,100,126,26,1.4812564849853516,0.34228187799453735,1.5451549291610718,0.24832214415073395,True,100
syn-cora-h0.00-r1,StratifiedKFoldDynamic_Clustering_b300,2,5,GAT,101,192,92,1.5039352178573608,0.34899330139160156,1.5691190958023071,0.25167784094810486,True,100
syn-cora-h0.00-r1,RandomKFold,3,1,GAT,101,110,10,1.5126866102218628,0.34899330139160156,1.517764687538147,0.30201342701911926,True,100
syn-cora-h0.00-r1,RandomKFold,3,1,GAT,100,114,14,1.5039945840835571,0.34899330139160156,1.5214406251907349,0.30536913871765137,True,100
syn-cora-h0.00-r1,RandomKFold,3,2,GAT,101,113,13,1.529267430305481,0.30201342701911926,1.494721531867981,0.3523489832878113,True,100
syn-cora-h0.00-r1,RandomKFold,3,2,GAT,100,115,15,1.515223503112793,0.281879186630249,1.4798122644424438,0.3724832236766815,True,100
syn-cora-h0.00-r1,RandomKFold,3,3,GAT,100,114,14,1.5248206853866577,0.33557048439979553,1.5296627283096313,0.3288590610027313,True,100
syn-cora-h0.00-r1,RandomKFold,3,4,GAT,100,111,11,1.5116920471191406,0.3288590610027313,1.5243772268295288,0.30201342701911926,True,100
syn-cora-h0.00-r1,RandomKFold,3,4,GAT,101,110,10,1.5254727602005005,0.29865771532058716,1.5351841449737549,0.3288590610027313,True,100
syn-cora-h0.00-r1,RandomKFold,3,3,GAT,101,113,13,1.5496355295181274,0.3187919557094574,1.5514438152313232,0.28523489832878113,True,100
syn-cora-h0.00-r1,RandomKFold,3,5,GAT,101,115,15,1.4925681352615356,0.34563758969306946,1.5411691665649414,0.2785235047340393,True,100
syn-cora-h0.00-r1,RandomKFold,3,5,GAT,100,127,27,1.5004665851593018,0.3322147727012634,1.5368974208831787,0.30201342701911926,True,100
syn-cora-h0.00-r1,LabelStratifiedKFold,3,1,GAT,101,109,9,1.5528608560562134,0.28523489832878113,1.5481597185134888,0.2785235047340393,True,100
syn-cora-h0.00-r1,LabelStratifiedKFold,3,1,GAT,100,111,11,1.539166808128357,0.28859061002731323,1.5400176048278809,0.29194632172584534,True,100
syn-cora-h0.00-r1,LabelStratifiedKFold,3,2,GAT,101,113,13,1.5274291038513184,0.33892616629600525,1.540147304534912,0.268456369638443,True,100
syn-cora-h0.00-r1,LabelStratifiedKFold,3,2,GAT,100,115,15,1.516475796699524,0.3322147727012634,1.5375701189041138,0.29865771532058716,True,100
syn-cora-h0.00-r1,LabelStratifiedKFold,3,3,GAT,100,112,12,1.5097427368164062,0.3322147727012634,1.5114192962646484,0.3590604066848755,True,100
syn-cora-h0.00-r1,LabelStratifiedKFold,3,3,GAT,101,113,13,1.50200617313385,0.3221476376056671,1.5329227447509766,0.3221476376056671,True,100
syn-cora-h0.00-r1,LabelStratifiedKFold,3,4,GAT,101,109,9,1.5107877254486084,0.34228187799453735,1.532091498374939,0.29865771532058716,True,100
syn-cora-h0.00-r1,LabelStratifiedKFold,3,4,GAT,100,114,14,1.5134339332580566,0.28859061002731323,1.5230979919433594,0.2751677930355072,True,100
syn-cora-h0.00-r1,LabelStratifiedKFold,3,5,GAT,100,114,14,1.5330872535705566,0.3120805323123932,1.487591028213501,0.3288590610027313,True,100
syn-cora-h0.00-r1,LabelStratifiedKFold,3,5,GAT,101,109,9,1.5466290712356567,0.28859061002731323,1.4925756454467773,0.3624161183834076,True,100
syn-cora-h0.00-r1,StratifiedKFoldDynamic_Degree_b300,3,1,GAT,101,110,10,1.5459538698196411,0.2785235047340393,1.494854211807251,0.34563758969306946,True,100
syn-cora-h0.00-r1,StratifiedKFoldDynamic_Degree_b300,3,2,GAT,101,112,12,1.5409806966781616,0.2785235047340393,1.544594168663025,0.3120805323123932,True,100
syn-cora-h0.00-r1,StratifiedKFoldDynamic_Degree_b300,3,2,GAT,100,113,13,1.5280770063400269,0.30201342701911926,1.5137557983398438,0.34228187799453735,True,100
syn-cora-h0.00-r1,StratifiedKFoldDynamic_Degree_b300,3,1,GAT,100,113,13,1.5232542753219604,0.34228187799453735,1.4844142198562622,0.3557046949863434,True,100
syn-cora-h0.00-r1,StratifiedKFoldDynamic_Degree_b300,3,4,GAT,101,109,9,1.5220303535461426,0.33557048439979553,1.5292569398880005,0.30536913871765137,True,100
syn-cora-h0.00-r1,StratifiedKFoldDynamic_Degree_b300,3,3,GAT,101,116,16,1.490938425064087,0.3154362440109253,1.5441614389419556,0.25503355264663696,True,100
syn-cora-h0.00-r1,StratifiedKFoldDynamic_Degree_b300,3,4,GAT,100,112,12,1.516606092453003,0.3255033493041992,1.5178560018539429,0.29530200362205505,True,100
syn-cora-h0.00-r1,StratifiedKFoldDynamic_Degree_b300,3,3,GAT,100,177,77,1.4777863025665283,0.3523489832878113,1.5831645727157593,0.24832214415073395,True,100
syn-cora-h0.00-r1,StratifiedKFoldDynamic_Degree_b300,3,5,GAT,101,194,94,1.4943407773971558,0.3657718002796173,1.5415065288543701,0.3154362440109253,True,100
syn-cora-h0.00-r1,StratifiedKFoldDynamic_Degree_b300,3,5,GAT,100,238,138,1.4727672338485718,0.33892616629600525,1.5251022577285767,0.3154362440109253,True,100
syn-cora-h0.00-r1,StratifiedKFoldDynamic_NeighHet_b100,3,1,GAT,100,113,13,1.4958776235580444,0.3120805323123932,1.5126333236694336,0.33557048439979553,True,100
syn-cora-h0.00-r1,StratifiedKFoldDynamic_NeighHet_b100,3,1,GAT,101,113,13,1.4978705644607544,0.3221476376056671,1.5291082859039307,0.3255033493041992,True,100
syn-cora-h0.00-r1,StratifiedKFoldDynamic_NeighHet_b100,3,2,GAT,101,115,15,1.4926249980926514,0.3557046949863434,1.4986613988876343,0.3187919557094574,True,100
syn-cora-h0.00-r1,StratifiedKFoldDynamic_NeighHet_b100,3,2,GAT,100,126,26,1.4955339431762695,0.3657718002796173,1.5131498575210571,0.30201342701911926,True,100
syn-cora-h0.00-r1,StratifiedKFoldDynamic_NeighHet_b100,3,3,GAT,101,113,13,1.5137706995010376,0.3221476376056671,1.508928656578064,0.3087248206138611,True,100
syn-cora-h0.00-r1,StratifiedKFoldDynamic_NeighHet_b100,3,4,GAT,100,113,13,1.532103419303894,0.30201342701911926,1.5063276290893555,0.29865771532058716,True,100
syn-cora-h0.00-r1,StratifiedKFoldDynamic_NeighHet_b100,3,3,GAT,100,120,20,1.497015118598938,0.30536913871765137,1.46403169631958,0.3624161183834076,True,100
syn-cora-h0.00-r1,StratifiedKFoldDynamic_NeighHet_b100,3,4,GAT,101,110,10,1.5478242635726929,0.29530200362205505,1.5221846103668213,0.30536913871765137,True,100
syn-cora-h0.00-r1,StratifiedKFoldDynamic_NeighHet_b100,3,5,GAT,101,190,90,1.4810471534729004,0.33892616629600525,1.5836228132247925,0.281879186630249,True,100
syn-cora-h0.00-r1,StratifiedKFoldDynamic_NeighHet_b100,3,5,GAT,100,282,182,1.4738049507141113,0.34563758969306946,1.575791358947754,0.3221476376056671,True,100
syn-cora-h0.00-r1,StratifiedKFoldDynamic_PageRank_b300,3,1,GAT,101,110,10,1.5372995138168335,0.29865771532058716,1.545915961265564,0.30201342701911926,True,100
syn-cora-h0.00-r1,StratifiedKFoldDynamic_PageRank_b300,3,2,GAT,101,113,13,1.5111945867538452,0.30536913871765137,1.518781065940857,0.3120805323123932,True,100
syn-cora-h0.00-r1,StratifiedKFoldDynamic_PageRank_b300,3,1,GAT,100,114,14,1.4932537078857422,0.3523489832878113,1.544920802116394,0.2718120813369751,True,100
syn-cora-h0.00-r1,StratifiedKFoldDynamic_PageRank_b300,3,2,GAT,100,117,17,1.4817864894866943,0.3255033493041992,1.4757944345474243,0.3691275119781494,True,100
syn-cora-h0.00-r1,StratifiedKFoldDynamic_PageRank_b300,3,3,GAT,100,114,14,1.5226073265075684,0.3187919557094574,1.5081896781921387,0.33557048439979553,True,100
syn-cora-h0.00-r1,StratifiedKFoldDynamic_PageRank_b300,3,4,GAT,100,111,11,1.544356107711792,0.28859061002731323,1.518362283706665,0.3087248206138611,True,100
syn-cora-h0.00-r1,StratifiedKFoldDynamic_PageRank_b300,3,3,GAT,101,113,13,1.5115336179733276,0.29194632172584534,1.5297763347625732,0.29865771532058716,True,100
syn-cora-h0.00-r1,StratifiedKFoldDynamic_PageRank_b300,3,4,GAT,101,113,13,1.5280802249908447,0.3087248206138611,1.515459656715393,0.29865771532058716,True,100
syn-cora-h0.00-r1,StratifiedKFoldDynamic_PageRank_b300,3,5,GAT,101,109,9,1.531341314315796,0.3120805323123932,1.534677505493164,0.30536913871765137,True,100
syn-cora-h0.00-r1,StratifiedKFoldDynamic_PageRank_b300,3,5,GAT,100,112,12,1.5268265008926392,0.28523489832878113,1.5316137075424194,0.29530200362205505,True,100
syn-cora-h0.00-r1,StratifiedKFoldDynamic_EigCentrality_b300,3,2,GAT,101,115,15,1.4899297952651978,0.3120805323123932,1.5184149742126465,0.3154362440109253,True,100
syn-cora-h0.00-r1,StratifiedKFoldDynamic_EigCentrality_b300,3,2,GAT,100,125,25,1.4747947454452515,0.3322147727012634,1.5398836135864258,0.30201342701911926,True,100
syn-cora-h0.00-r1,StratifiedKFoldDynamic_EigCentrality_b300,3,1,GAT,101,192,92,1.4956761598587036,0.3523489832878113,1.518847107887268,0.3120805323123932,True,100
syn-cora-h0.00-r1,StratifiedKFoldDynamic_EigCentrality_b300,3,3,GAT,100,115,15,1.5152477025985718,0.3187919557094574,1.488642930984497,0.34899330139160156,True,100
syn-cora-h0.00-r1,StratifiedKFoldDynamic_EigCentrality_b300,3,3,GAT,101,113,13,1.546341896057129,0.29865771532058716,1.505132794380188,0.34899330139160156,True,100
syn-cora-h0.00-r1,StratifiedKFoldDynamic_EigCentrality_b300,3,4,GAT,100,112,12,1.5158936977386475,0.30536913871765137,1.503069519996643,0.3288590610027313,True,100
syn-cora-h0.00-r1,StratifiedKFoldDynamic_EigCentrality_b300,3,1,GAT,100,303,203,1.518236756324768,0.38255032896995544,1.5354520082473755,0.3187919557094574,True,100
syn-cora-h0.00-r1,StratifiedKFoldDynamic_EigCentrality_b300,3,4,GAT,101,112,12,1.5191843509674072,0.281879186630249,1.5306296348571777,0.28523489832878113,True,100
syn-cora-h0.00-r1,StratifiedKFoldDynamic_EigCentrality_b300,3,5,GAT,100,113,13,1.5125683546066284,0.3087248206138611,1.5133243799209595,0.3187919557094574,True,100
syn-cora-h0.00-r1,StratifiedKFoldDynamic_EigCentrality_b300,3,5,GAT,101,110,10,1.5097779035568237,0.34228187799453735,1.5509130954742432,0.25838926434516907,True,100
syn-cora-h0.00-r1,StratifiedKFoldDynamic_Clustering_b300,3,2,GAT,101,110,10,1.521306037902832,0.34899330139160156,1.5259538888931274,0.3187919557094574,True,100
syn-cora-h0.00-r1,StratifiedKFoldDynamic_Clustering_b300,3,2,GAT,100,111,11,1.5302977561950684,0.30536913871765137,1.5011632442474365,0.3154362440109253,True,100
syn-cora-h0.00-r1,StratifiedKFoldDynamic_Clustering_b300,3,1,GAT,100,112,12,1.5073702335357666,0.3154362440109253,1.5018935203552246,0.3523489832878113,True,100
syn-cora-h0.00-r1,StratifiedKFoldDynamic_Clustering_b300,3,1,GAT,101,113,13,1.5347185134887695,0.28859061002731323,1.5141687393188477,0.3154362440109253,True,100
syn-cora-h0.00-r1,StratifiedKFoldDynamic_Clustering_b300,3,3,GAT,100,111,11,1.5036273002624512,0.34228187799453735,1.5274248123168945,0.3087248206138611,True,100
syn-cora-h0.00-r1,StratifiedKFoldDynamic_Clustering_b300,3,4,GAT,101,111,11,1.523160696029663,0.30201342701911926,1.5220271348953247,0.3154362440109253,True,100
syn-cora-h0.00-r1,StratifiedKFoldDynamic_Clustering_b300,3,3,GAT,101,114,14,1.5133012533187866,0.3154362440109253,1.516594648361206,0.2785235047340393,True,100
syn-cora-h0.00-r1,StratifiedKFoldDynamic_Clustering_b300,3,4,GAT,100,140,40,1.5147819519042969,0.30536913871765137,1.5413225889205933,0.29530200362205505,True,100
syn-cora-h0.00-r1,StratifiedKFoldDynamic_Clustering_b300,3,5,GAT,100,118,18,1.4964725971221924,0.3221476376056671,1.5252162218093872,0.30201342701911926,True,100
syn-cora-h0.00-r1,StratifiedKFoldDynamic_Clustering_b300,3,5,GAT,101,112,12,1.4999347925186157,0.3087248206138611,1.526030421257019,0.30536913871765137,True,100
syn-cora-h0.00-r1,RandomKFold,4,1,GAT,100,111,11,1.5344197750091553,0.29530200362205505,1.541009545326233,0.2651006579399109,True,100
syn-cora-h0.00-r1,RandomKFold,4,2,GAT,101,114,14,1.4918451309204102,0.30536913871765137,1.5334941148757935,0.2751677930355072,True,100
syn-cora-h0.00-r1,RandomKFold,4,1,GAT,101,113,13,1.5376230478286743,0.281879186630249,1.533541202545166,0.28859061002731323,True,100
syn-cora-h0.00-r1,RandomKFold,4,2,GAT,100,114,14,1.486080288887024,0.34899330139160156,1.5316412448883057,0.2651006579399109,True,100
syn-cora-h0.00-r1,RandomKFold,4,3,GAT,101,112,12,1.5724376440048218,0.26174497604370117,1.4970070123672485,0.3523489832878113,True,100
syn-cora-h0.00-r1,RandomKFold,4,3,GAT,100,114,14,1.5348743200302124,0.29530200362205505,1.487655520439148,0.3288590610027313,True,100
syn-cora-h0.00-r1,RandomKFold,4,4,GAT,100,114,14,1.5030174255371094,0.3087248206138611,1.5191805362701416,0.3120805323123932,True,100
syn-cora-h0.00-r1,RandomKFold,4,4,GAT,101,193,93,1.4967241287231445,0.3322147727012634,1.5506612062454224,0.30536913871765137,True,100
syn-cora-h0.00-r1,RandomKFold,4,5,GAT,101,110,10,1.5248126983642578,0.29865771532058716,1.5404430627822876,0.28523489832878113,True,100
syn-cora-h0.00-r1,RandomKFold,4,5,GAT,100,115,15,1.5384577512741089,0.28859061002731323,1.532644271850586,0.25167784094810486,True,100
syn-cora-h0.00-r1,LabelStratifiedKFold,4,2,GAT,101,112,12,1.529110074043274,0.3221476376056671,1.4956789016723633,0.34228187799453735,True,100
syn-cora-h0.00-r1,LabelStratifiedKFold,4,1,GAT,101,113,13,1.4878621101379395,0.3187919557094574,1.5454148054122925,0.3221476376056671,True,100
syn-cora-h0.00-r1,LabelStratifiedKFold,4,2,GAT,100,114,14,1.512717366218567,0.3255033493041992,1.4804133176803589,0.34563758969306946,True,100
syn-cora-h0.00-r1,LabelStratifiedKFold,4,1,GAT,100,121,21,1.4840220212936401,0.3255033493041992,1.5582672357559204,0.3288590610027313,True,100
syn-cora-h0.00-r1,LabelStratifiedKFold,4,3,GAT,101,109,9,1.5515055656433105,0.26174497604370117,1.5345450639724731,0.3087248206138611,True,100
syn-cora-h0.00-r1,LabelStratifiedKFold,4,3,GAT,100,114,14,1.531442403793335,0.2751677930355072,1.5151385068893433,0.30201342701911926,True,100
syn-cora-h0.00-r1,LabelStratifiedKFold,4,4,GAT,100,114,14,1.4988945722579956,0.3255033493041992,1.5181806087493896,0.30536913871765137,True,100
syn-cora-h0.00-r1,LabelStratifiedKFold,4,4,GAT,101,114,14,1.5057789087295532,0.3691275119781494,1.5542141199111938,0.26174497604370117,True,100
syn-cora-h0.00-r1,LabelStratifiedKFold,4,5,GAT,100,111,11,1.5282937288284302,0.30536913871765137,1.5138583183288574,0.3255033493041992,True,100
syn-cora-h0.00-r1,LabelStratifiedKFold,4,5,GAT,101,108,8,1.5473153591156006,0.3120805323123932,1.532000184059143,0.3288590610027313,True,100
syn-cora-h0.00-r1,StratifiedKFoldDynamic_Degree_b300,4,1,GAT,101,113,13,1.5192418098449707,0.30201342701911926,1.5097345113754272,0.29194632172584534,True,100
syn-cora-h0.00-r1,StratifiedKFoldDynamic_Degree_b300,4,2,GAT,100,111,11,1.5279443264007568,0.3322147727012634,1.5134146213531494,0.3624161183834076,True,100
syn-cora-h0.00-r1,StratifiedKFoldDynamic_Degree_b300,4,1,GAT,100,117,17,1.5098797082901,0.3288590610027313,1.5018737316131592,0.281879186630249,True,100
syn-cora-h0.00-r1,StratifiedKFoldDynamic_Degree_b300,4,2,GAT,101,190,90,1.5365049839019775,0.3255033493041992,1.5137876272201538,0.3590604066848755,True,100
syn-cora-h0.00-r1,StratifiedKFoldDynamic_Degree_b300,4,3,GAT,101,114,14,1.5045772790908813,0.3523489832878113,1.5151498317718506,0.3288590610027313,True,100
syn-cora-h0.00-r1,StratifiedKFoldDynamic_Degree_b300,4,4,GAT,100,111,11,1.5527046918869019,0.30201342701911926,1.5106706619262695,0.3322147727012634,True,100
syn-cora-h0.00-r1,StratifiedKFoldDynamic_Degree_b300,4,3,GAT,100,119,19,1.4778215885162354,0.34899330139160156,1.5182018280029297,0.30536913871765137,True,100
syn-cora-h0.00-r1,StratifiedKFoldDynamic_Degree_b300,4,4,GAT,101,112,12,1.531123399734497,0.30201342701911926,1.5163923501968384,0.29194632172584534,True,100
syn-cora-h0.00-r1,StratifiedKFoldDynamic_Degree_b300,4,5,GAT,100,114,14,1.482846975326538,0.3120805323123932,1.5579702854156494,0.28859061002731323,True,100
syn-cora-h0.00-r1,StratifiedKFoldDynamic_Degree_b300,4,5,GAT,101,113,13,1.502923846244812,0.3255033493041992,1.5558263063430786,0.2785235047340393,True,100
syn-cora-h0.00-r1,StratifiedKFoldDynamic_NeighHet_b100,4,1,GAT,101,110,10,1.531351089477539,0.3255033493041992,1.520717740058899,0.3322147727012634,True,100
syn-cora-h0.00-r1,StratifiedKFoldDynamic_NeighHet_b100,4,2,GAT,101,110,10,1.5432517528533936,0.2718120813369751,1.5507678985595703,0.28859061002731323,True,100
syn-cora-h0.00-r1,StratifiedKFoldDynamic_NeighHet_b100,4,1,GAT,100,116,16,1.5171854496002197,0.30536913871765137,1.496988296508789,0.34563758969306946,True,100
syn-cora-h0.00-r1,StratifiedKFoldDynamic_NeighHet_b100,4,2,GAT,100,118,18,1.5159800052642822,0.2785235047340393,1.5375616550445557,0.3288590610027313,True,100
syn-cora-h0.00-r1,StratifiedKFoldDynamic_NeighHet_b100,4,3,GAT,100,112,12,1.5064704418182373,0.29865771532058716,1.5118228197097778,0.33892616629600525,True,100
syn-cora-h0.00-r1,StratifiedKFoldDynamic_NeighHet_b100,4,3,GAT,101,110,10,1.5194498300552368,0.3154362440109253,1.5395442247390747,0.28859061002731323,True,100
syn-cora-h0.00-r1,StratifiedKFoldDynamic_NeighHet_b100,4,4,GAT,100,111,11,1.5095618963241577,0.3322147727012634,1.5204999446868896,0.3087248206138611,True,100
syn-cora-h0.00-r1,StratifiedKFoldDynamic_NeighHet_b100,4,4,GAT,101,113,13,1.524760127067566,0.3322147727012634,1.5338596105575562,0.25838926434516907,True,100
syn-cora-h0.00-r1,StratifiedKFoldDynamic_NeighHet_b100,4,5,GAT,101,109,9,1.5223004817962646,0.33557048439979553,1.5140471458435059,0.37919461727142334,True,100
syn-cora-h0.00-r1,StratifiedKFoldDynamic_NeighHet_b100,4,5,GAT,100,115,15,1.4904321432113647,0.3154362440109253,1.5033564567565918,0.34563758969306946,True,100
syn-cora-h0.00-r1,StratifiedKFoldDynamic_PageRank_b300,4,1,GAT,100,114,14,1.525349736213684,0.30201342701911926,1.5395749807357788,0.3221476376056671,True,100
syn-cora-h0.00-r1,StratifiedKFoldDynamic_PageRank_b300,4,2,GAT,101,114,14,1.5082062482833862,0.30536913871765137,1.5231850147247314,0.3187919557094574,True,100
syn-cora-h0.00-r1,StratifiedKFoldDynamic_PageRank_b300,4,1,GAT,101,112,12,1.5268495082855225,0.29194632172584534,1.5380866527557373,0.30201342701911926,True,100
syn-cora-h0.00-r1,StratifiedKFoldDynamic_PageRank_b300,4,2,GAT,100,118,18,1.5252277851104736,0.28523489832878113,1.5105479955673218,0.3120805323123932,True,100
syn-cora-h0.00-r1,StratifiedKFoldDynamic_PageRank_b300,4,3,GAT,101,114,14,1.5437580347061157,0.28523489832878113,1.5168286561965942,0.3120805323123932,True,100
syn-cora-h0.00-r1,StratifiedKFoldDynamic_PageRank_b300,4,4,GAT,100,115,15,1.479997992515564,0.3557046949863434,1.5463913679122925,0.29865771532058716,True,100
syn-cora-h0.00-r1,StratifiedKFoldDynamic_PageRank_b300,4,4,GAT,101,119,19,1.503482460975647,0.3120805323123932,1.5700889825820923,0.281879186630249,True,100
syn-cora-h0.00-r1,StratifiedKFoldDynamic_PageRank_b300,4,3,GAT,100,190,90,1.5468878746032715,0.3120805323123932,1.5436441898345947,0.3154362440109253,True,100
syn-cora-h0.00-r1,StratifiedKFoldDynamic_PageRank_b300,4,5,GAT,100,112,12,1.5046769380569458,0.33892616629600525,1.4709208011627197,0.3691275119781494,True,100
syn-cora-h0.00-r1,StratifiedKFoldDynamic_PageRank_b300,4,5,GAT,101,111,11,1.5385591983795166,0.30201342701911926,1.4852516651153564,0.3221476376056671,True,100
syn-cora-h0.00-r1,StratifiedKFoldDynamic_EigCentrality_b300,4,1,GAT,101,111,11,1.5089514255523682,0.30201342701911926,1.54816734790802,0.2751677930355072,True,100
syn-cora-h0.00-r1,StratifiedKFoldDynamic_EigCentrality_b300,4,2,GAT,100,116,16,1.517923355102539,0.3087248206138611,1.4725033044815063,0.34563758969306946,True,100
syn-cora-h0.00-r1,StratifiedKFoldDynamic_EigCentrality_b300,4,1,GAT,100,117,17,1.4808937311172485,0.33892616629600525,1.5324552059173584,0.28523489832878113,True,100
syn-cora-h0.00-r1,StratifiedKFoldDynamic_EigCentrality_b300,4,2,GAT,101,115,15,1.5239431858062744,0.2751677930355072,1.4903016090393066,0.34228187799453735,True,100
syn-cora-h0.00-r1,StratifiedKFoldDynamic_EigCentrality_b300,4,3,GAT,100,113,13,1.5003821849822998,0.3322147727012634,1.5176918506622314,0.281879186630249,True,100
syn-cora-h0.00-r1,StratifiedKFoldDynamic_EigCentrality_b300,4,3,GAT,101,110,10,1.5227904319763184,0.3255033493041992,1.5360015630722046,0.268456369638443,True,100
syn-cora-h0.00-r1,StratifiedKFoldDynamic_EigCentrality_b300,4,4,GAT,100,111,11,1.51079523563385,0.3322147727012634,1.5035260915756226,0.3221476376056671,True,100
syn-cora-h0.00-r1,StratifiedKFoldDynamic_EigCentrality_b300,4,4,GAT,101,113,13,1.5030934810638428,0.34899330139160156,1.5124728679656982,0.3154362440109253,True,100
syn-cora-h0.00-r1,StratifiedKFoldDynamic_EigCentrality_b300,4,5,GAT,101,112,12,1.5365034341812134,0.29530200362205505,1.5127400159835815,0.3322147727012634,True,100
syn-cora-h0.00-r1,StratifiedKFoldDynamic_EigCentrality_b300,4,5,GAT,100,114,14,1.5093679428100586,0.30536913871765137,1.5229339599609375,0.3187919557094574,True,100
syn-cora-h0.00-r1,StratifiedKFoldDynamic_Clustering_b300,4,2,GAT,101,110,10,1.537537693977356,0.29194632172584534,1.5219911336898804,0.33892616629600525,True,100
syn-cora-h0.00-r1,StratifiedKFoldDynamic_Clustering_b300,4,1,GAT,100,111,11,1.5196424722671509,0.3187919557094574,1.544697880744934,0.26174497604370117,True,100
syn-cora-h0.00-r1,StratifiedKFoldDynamic_Clustering_b300,4,2,GAT,100,112,12,1.546596884727478,0.28523489832878113,1.506492257118225,0.3288590610027313,True,100
syn-cora-h0.00-r1,StratifiedKFoldDynamic_Clustering_b300,4,1,GAT,101,115,15,1.537075400352478,0.3221476376056671,1.548540472984314,0.29530200362205505,True,100
syn-cora-h0.00-r1,StratifiedKFoldDynamic_Clustering_b300,4,4,GAT,100,113,13,1.505549430847168,0.29530200362205505,1.505652666091919,0.34899330139160156,True,100
syn-cora-h0.00-r1,StratifiedKFoldDynamic_Clustering_b300,4,3,GAT,101,113,13,1.5052181482315063,0.3187919557094574,1.5451605319976807,0.281879186630249,True,100
syn-cora-h0.00-r1,StratifiedKFoldDynamic_Clustering_b300,4,4,GAT,101,112,12,1.5149284601211548,0.2651006579399109,1.533171534538269,0.29530200362205505,True,100
syn-cora-h0.00-r1,StratifiedKFoldDynamic_Clustering_b300,4,3,GAT,100,121,21,1.4795173406600952,0.3288590610027313,1.5607273578643799,0.26174497604370117,True,100
syn-cora-h0.00-r1,StratifiedKFoldDynamic_Clustering_b300,4,5,GAT,100,115,15,1.5494778156280518,0.3154362440109253,1.5000219345092773,0.34228187799453735,True,100
syn-cora-h0.00-r1,StratifiedKFoldDynamic_Clustering_b300,4,5,GAT,101,114,14,1.5428296327590942,0.30536913871765137,1.5111956596374512,0.3087248206138611,True,100
syn-cora-h0.10-r1,RandomKFold,0,2,GAT,101,110,10,1.5221134424209595,0.29865771532058716,1.4987350702285767,0.281879186630249,True,100
syn-cora-h0.10-r1,RandomKFold,0,1,GAT,100,110,10,1.5087882280349731,0.30201342701911926,1.5231705904006958,0.34228187799453735,True,100
syn-cora-h0.10-r1,RandomKFold,0,1,GAT,101,112,12,1.5110445022583008,0.3255033493041992,1.4850609302520752,0.3154362440109253,True,100
syn-cora-h0.10-r1,RandomKFold,0,2,GAT,100,115,15,1.508522868156433,0.34899330139160156,1.4894155263900757,0.29865771532058716,True,100
syn-cora-h0.10-r1,RandomKFold,0,3,GAT,100,111,11,1.472197413444519,0.38926175236701965,1.5108622312545776,0.33892616629600525,True,100
syn-cora-h0.10-r1,RandomKFold,0,3,GAT,101,112,12,1.4770702123641968,0.34228187799453735,1.5156002044677734,0.3154362440109253,True,100
syn-cora-h0.10-r1,RandomKFold,0,4,GAT,100,117,17,1.4833178520202637,0.34899330139160156,1.520390510559082,0.33557048439979553,True,100
syn-cora-h0.10-r1,RandomKFold,0,4,GAT,101,116,16,1.497107744216919,0.3120805323123932,1.5197548866271973,0.3087248206138611,True,100
syn-cora-h0.10-r1,RandomKFold,0,5,GAT,100,111,11,1.5065500736236572,0.3322147727012634,1.4610474109649658,0.4060402810573578,True,100
syn-cora-h0.10-r1,RandomKFold,0,5,GAT,101,113,13,1.4721460342407227,0.33892616629600525,1.4825880527496338,0.3724832236766815,True,100
syn-cora-h0.10-r1,LabelStratifiedKFold,0,1,GAT,101,110,10,1.5241892337799072,0.28859061002731323,1.5072526931762695,0.3322147727012634,True,100
syn-cora-h0.10-r1,LabelStratifiedKFold,0,1,GAT,100,111,11,1.5224699974060059,0.29865771532058716,1.4908922910690308,0.38255032896995544,True,100
syn-cora-h0.10-r1,LabelStratifiedKFold,0,2,GAT,101,115,15,1.4589471817016602,0.3758389353752136,1.527266502380371,0.30536913871765137,True,100
syn-cora-h0.10-r1,LabelStratifiedKFold,0,2,GAT,100,117,17,1.4666352272033691,0.3724832236766815,1.5455212593078613,0.3255033493041992,True,100
syn-cora-h0.10-r1,LabelStratifiedKFold,0,3,GAT,101,114,14,1.4696660041809082,0.33557048439979553,1.4776700735092163,0.34899330139160156,True,100
syn-cora-h0.10-r1,LabelStratifiedKFold,0,3,GAT,100,116,16,1.4738259315490723,0.33892616629600525,1.4832905530929565,0.3724832236766815,True,100
syn-cora-h0.10-r1,LabelStratifiedKFold,0,4,GAT,101,113,13,1.4655179977416992,0.3187919557094574,1.477047324180603,0.3120805323123932,True,100
syn-cora-h0.10-r1,LabelStratifiedKFold,0,4,GAT,100,116,16,1.4565774202346802,0.3657718002796173,1.4763710498809814,0.3288590610027313,True,100
syn-cora-h0.10-r1,LabelStratifiedKFold,0,5,GAT,101,111,11,1.5108842849731445,0.33892616629600525,1.456802248954773,0.34563758969306946,True,100
syn-cora-h0.10-r1,LabelStratifiedKFold,0,5,GAT,100,116,16,1.4935808181762695,0.34563758969306946,1.427389144897461,0.38590604066848755,True,100
syn-cora-h0.10-r1,StratifiedKFoldDynamic_Degree_b300,0,1,GAT,101,111,11,1.5178742408752441,0.2785235047340393,1.4795840978622437,0.3187919557094574,True,100
syn-cora-h0.10-r1,StratifiedKFoldDynamic_Degree_b300,0,1,GAT,100,110,10,1.5422852039337158,0.30201342701911926,1.4809919595718384,0.33557048439979553,True,100
syn-cora-h0.10-r1,StratifiedKFoldDynamic_Degree_b300,0,2,GAT,100,111,11,1.4930872917175293,0.3590604066848755,1.540041208267212,0.3221476376056671,True,100
syn-cora-h0.10-r1,StratifiedKFoldDynamic_Degree_b300,0,2,GAT,101,113,13,1.5030096769332886,0.3120805323123932,1.5336769819259644,0.268456369638443,True,100
syn-cora-h0.10-r1,StratifiedKFoldDynamic_Degree_b300,0,3,GAT,100,112,12,1.4660561084747314,0.3557046949863434,1.4918826818466187,0.33892616629600525,True,100
syn-cora-h0.10-r1,StratifiedKFoldDynamic_Degree_b300,0,3,GAT,101,112,12,1.4978632926940918,0.3154362440109253,1.498047947883606,0.3657718002796173,True,100
syn-cora-h0.10-r1,StratifiedKFoldDynamic_Degree_b300,0,4,GAT,101,112,12,1.4943362474441528,0.3255033493041992,1.5073058605194092,0.3087248206138611,True,100
syn-cora-h0.10-r1,StratifiedKFoldDynamic_Degree_b300,0,4,GAT,100,113,13,1.4975374937057495,0.3187919557094574,1.4690583944320679,0.38926175236701965,True,100
syn-cora-h0.10-r1,StratifiedKFoldDynamic_Degree_b300,0,5,GAT,100,115,15,1.47713041305542,0.3154362440109253,1.5065174102783203,0.34228187799453735,True,100
syn-cora-h0.10-r1,StratifiedKFoldDynamic_Degree_b300,0,5,GAT,101,114,14,1.4703764915466309,0.30536913871765137,1.4923709630966187,0.3288590610027313,True,100
syn-cora-h0.10-r1,StratifiedKFoldDynamic_NeighHet_b300,0,2,GAT,100,112,12,1.4904742240905762,0.34563758969306946,1.5014662742614746,0.3154362440109253,True,100
syn-cora-h0.10-r1,StratifiedKFoldDynamic_NeighHet_b300,0,2,GAT,101,111,11,1.5057733058929443,0.3255033493041992,1.5069488286972046,0.30536913871765137,True,100
syn-cora-h0.10-r1,StratifiedKFoldDynamic_NeighHet_b300,0,1,GAT,100,113,13,1.491102695465088,0.3322147727012634,1.480738878250122,0.3624161183834076,True,100
syn-cora-h0.10-r1,StratifiedKFoldDynamic_NeighHet_b300,0,1,GAT,101,113,13,1.4988576173782349,0.34228187799453735,1.4832388162612915,0.34228187799453735,True,100
syn-cora-h0.10-r1,StratifiedKFoldDynamic_NeighHet_b300,0,4,GAT,100,111,11,1.514034390449524,0.33557048439979553,1.4543483257293701,0.3691275119781494,True,100
syn-cora-h0.10-r1,StratifiedKFoldDynamic_NeighHet_b300,0,3,GAT,101,113,13,1.4512957334518433,0.3322147727012634,1.5216227769851685,0.30536913871765137,True,100
syn-cora-h0.10-r1,StratifiedKFoldDynamic_NeighHet_b300,0,4,GAT,101,110,10,1.516158938407898,0.3154362440109253,1.4601880311965942,0.3590604066848755,True,100
syn-cora-h0.10-r1,StratifiedKFoldDynamic_NeighHet_b300,0,3,GAT,100,113,13,1.449249505996704,0.3590604066848755,1.5136442184448242,0.281879186630249,True,100
syn-cora-h0.10-r1,StratifiedKFoldDynamic_NeighHet_b300,0,5,GAT,101,114,14,1.4968156814575195,0.3120805323123932,1.5191072225570679,0.30201342701911926,True,100
syn-cora-h0.10-r1,StratifiedKFoldDynamic_NeighHet_b300,0,5,GAT,100,119,19,1.494052529335022,0.33557048439979553,1.5147331953048706,0.3187919557094574,True,100
syn-cora-h0.10-r1,StratifiedKFoldDynamic_PageRank_b300,0,2,GAT,101,110,10,1.5260646343231201,0.28523489832878113,1.4696990251541138,0.3758389353752136,True,100
syn-cora-h0.10-r1,StratifiedKFoldDynamic_PageRank_b300,0,2,GAT,100,111,11,1.529634714126587,0.3255033493041992,1.4731923341751099,0.34563758969306946,True,100
syn-cora-h0.10-r1,StratifiedKFoldDynamic_PageRank_b300,0,1,GAT,101,113,13,1.4741634130477905,0.33557048439979553,1.4992185831069946,0.28859061002731323,True,100
syn-cora-h0.10-r1,StratifiedKFoldDynamic_PageRank_b300,0,1,GAT,100,113,13,1.4535142183303833,0.38255032896995544,1.4787781238555908,0.3590604066848755,True,100
syn-cora-h0.10-r1,StratifiedKFoldDynamic_PageRank_b300,0,3,GAT,100,113,13,1.5062028169631958,0.3255033493041992,1.506946325302124,0.29865771532058716,True,100
syn-cora-h0.10-r1,StratifiedKFoldDynamic_PageRank_b300,0,4,GAT,100,112,12,1.4792171716690063,0.34899330139160156,1.515134334564209,0.3187919557094574,True,100
syn-cora-h0.10-r1,StratifiedKFoldDynamic_PageRank_b300,0,3,GAT,101,115,15,1.5069409608840942,0.3255033493041992,1.5095009803771973,0.3120805323123932,True,100
syn-cora-h0.10-r1,StratifiedKFoldDynamic_PageRank_b300,0,4,GAT,101,114,14,1.505863070487976,0.34899330139160156,1.5147809982299805,0.3221476376056671,True,100
syn-cora-h0.10-r1,StratifiedKFoldDynamic_PageRank_b300,0,5,GAT,101,115,15,1.494051218032837,0.30201342701911926,1.523755431175232,0.29865771532058716,True,100
syn-cora-h0.10-r1,StratifiedKFoldDynamic_PageRank_b300,0,5,GAT,100,116,16,1.4729440212249756,0.3523489832878113,1.543660044670105,0.3187919557094574,True,100
syn-cora-h0.10-r1,StratifiedKFoldDynamic_EigCentrality_b300,0,2,GAT,100,112,12,1.4842606782913208,0.33892616629600525,1.5014394521713257,0.3255033493041992,True,100
syn-cora-h0.10-r1,StratifiedKFoldDynamic_EigCentrality_b300,0,2,GAT,101,114,14,1.4898511171340942,0.34563758969306946,1.4969725608825684,0.29530200362205505,True,100
syn-cora-h0.10-r1,StratifiedKFoldDynamic_EigCentrality_b300,0,1,GAT,101,115,15,1.4959595203399658,0.3187919557094574,1.4904335737228394,0.34563758969306946,True,100
syn-cora-h0.10-r1,StratifiedKFoldDynamic_EigCentrality_b300,0,1,GAT,100,121,21,1.4903771877288818,0.3523489832878113,1.4448353052139282,0.3624161183834076,True,100
syn-cora-h0.10-r1,StratifiedKFoldDynamic_EigCentrality_b300,0,3,GAT,100,114,14,1.4925975799560547,0.3557046949863434,1.4751116037368774,0.33557048439979553,True,100
syn-cora-h0.10-r1,StratifiedKFoldDynamic_EigCentrality_b300,0,4,GAT,100,117,17,1.4702900648117065,0.3557046949863434,1.4869377613067627,0.3322147727012634,True,100
syn-cora-h0.10-r1,StratifiedKFoldDynamic_EigCentrality_b300,0,3,GAT,101,116,16,1.4805667400360107,0.33892616629600525,1.4869102239608765,0.3322147727012634,True,100
syn-cora-h0.10-r1,StratifiedKFoldDynamic_EigCentrality_b300,0,4,GAT,101,115,15,1.484332799911499,0.34563758969306946,1.4814509153366089,0.3322147727012634,True,100
syn-cora-h0.10-r1,StratifiedKFoldDynamic_EigCentrality_b300,0,5,GAT,100,118,18,1.4449487924575806,0.3255033493041992,1.4818480014801025,0.3758389353752136,True,100
syn-cora-h0.10-r1,StratifiedKFoldDynamic_EigCentrality_b300,0,5,GAT,101,111,11,1.4874680042266846,0.34899330139160156,1.5077223777770996,0.3187919557094574,True,100
syn-cora-h0.10-r1,StratifiedKFoldDynamic_Clustering_b300,0,2,GAT,100,112,12,1.4909971952438354,0.3255033493041992,1.4794955253601074,0.3624161183834076,True,100
syn-cora-h0.10-r1,StratifiedKFoldDynamic_Clustering_b300,0,1,GAT,100,113,13,1.499594807624817,0.34228187799453735,1.4695796966552734,0.3590604066848755,True,100
syn-cora-h0.10-r1,StratifiedKFoldDynamic_Clustering_b300,0,2,GAT,101,113,13,1.4944802522659302,0.3523489832878113,1.4885019063949585,0.34228187799453735,True,100
syn-cora-h0.10-r1,StratifiedKFoldDynamic_Clustering_b300,0,1,GAT,101,117,17,1.4970481395721436,0.34228187799453735,1.4865756034851074,0.3154362440109253,True,100
syn-cora-h0.10-r1,StratifiedKFoldDynamic_Clustering_b300,0,3,GAT,100,112,12,1.467029094696045,0.34899330139160156,1.5083813667297363,0.3255033493041992,True,100
syn-cora-h0.10-r1,StratifiedKFoldDynamic_Clustering_b300,0,4,GAT,100,112,12,1.4786794185638428,0.37919461727142334,1.4712977409362793,0.3187919557094574,True,100
syn-cora-h0.10-r1,StratifiedKFoldDynamic_Clustering_b300,0,3,GAT,101,114,14,1.473054051399231,0.33892616629600525,1.5205936431884766,0.2718120813369751,True,100
syn-cora-h0.10-r1,StratifiedKFoldDynamic_Clustering_b300,0,4,GAT,101,111,11,1.4955830574035645,0.3187919557094574,1.4873278141021729,0.3221476376056671,True,100
syn-cora-h0.10-r1,StratifiedKFoldDynamic_Clustering_b300,0,5,GAT,100,111,11,1.4817616939544678,0.38590604066848755,1.5019553899765015,0.30201342701911926,True,100
syn-cora-h0.10-r1,StratifiedKFoldDynamic_Clustering_b300,0,5,GAT,101,114,14,1.4883925914764404,0.30536913871765137,1.5021413564682007,0.3154362440109253,True,100
syn-cora-h0.10-r1,RandomKFold,1,2,GAT,100,111,11,1.5026702880859375,0.3120805323123932,1.4562588930130005,0.3590604066848755,True,100
syn-cora-h0.10-r1,RandomKFold,1,2,GAT,101,112,12,1.5142606496810913,0.3221476376056671,1.4957431554794312,0.3221476376056671,True,100
syn-cora-h0.10-r1,RandomKFold,1,1,GAT,101,116,16,1.4817866086959839,0.3288590610027313,1.5244262218475342,0.268456369638443,True,100
syn-cora-h0.10-r1,RandomKFold,1,1,GAT,100,119,19,1.4573742151260376,0.3657718002796173,1.5040388107299805,0.3322147727012634,True,100
syn-cora-h0.10-r1,RandomKFold,1,3,GAT,101,111,11,1.4702996015548706,0.34228187799453735,1.512075662612915,0.3087248206138611,True,100
syn-cora-h0.10-r1,RandomKFold,1,3,GAT,100,116,16,1.4847936630249023,0.3288590610027313,1.5435129404067993,0.3154362440109253,True,100
syn-cora-h0.10-r1,RandomKFold,1,4,GAT,100,113,13,1.4887831211090088,0.3523489832878113,1.5163612365722656,0.281879186630249,True,100
syn-cora-h0.10-r1,RandomKFold,1,4,GAT,101,110,10,1.5073350667953491,0.33892616629600525,1.487406849861145,0.34899330139160156,True,100
syn-cora-h0.10-r1,RandomKFold,1,5,GAT,100,112,12,1.497456669807434,0.3724832236766815,1.4809844493865967,0.3657718002796173,True,100
syn-cora-h0.10-r1,RandomKFold,1,5,GAT,101,110,10,1.5079889297485352,0.3255033493041992,1.4954047203063965,0.33557048439979553,True,100
syn-cora-h0.10-r1,LabelStratifiedKFold,1,2,GAT,101,111,11,1.4884703159332275,0.34899330139160156,1.4828718900680542,0.33892616629600525,True,100
syn-cora-h0.10-r1,LabelStratifiedKFold,1,1,GAT,101,112,12,1.4946163892745972,0.33892616629600525,1.4746352434158325,0.34228187799453735,True,100
syn-cora-h0.10-r1,LabelStratifiedKFold,1,2,GAT,100,114,14,1.4759470224380493,0.3523489832878113,1.506341576576233,0.3255033493041992,True,100
syn-cora-h0.10-r1,LabelStratifiedKFold,1,1,GAT,100,117,17,1.5055330991744995,0.3187919557094574,1.482797384262085,0.3624161183834076,True,100
syn-cora-h0.10-r1,LabelStratifiedKFold,1,3,GAT,101,112,12,1.4782922267913818,0.3691275119781494,1.4963469505310059,0.29865771532058716,True,100
syn-cora-h0.10-r1,LabelStratifiedKFold,1,3,GAT,100,112,12,1.4830740690231323,0.3120805323123932,1.4815194606781006,0.3288590610027313,True,100
syn-cora-h0.10-r1,LabelStratifiedKFold,1,4,GAT,101,110,10,1.5084913969039917,0.28523489832878113,1.4892258644104004,0.33557048439979553,True,100
syn-cora-h0.10-r1,LabelStratifiedKFold,1,4,GAT,100,111,11,1.5174105167388916,0.3322147727012634,1.4794516563415527,0.3590604066848755,True,100
syn-cora-h0.10-r1,LabelStratifiedKFold,1,5,GAT,101,116,16,1.4854238033294678,0.34228187799453735,1.5337486267089844,0.281879186630249,True,100
syn-cora-h0.10-r1,LabelStratifiedKFold,1,5,GAT,100,117,17,1.4810172319412231,0.3624161183834076,1.5199668407440186,0.3557046949863434,True,100
syn-cora-h0.10-r1,StratifiedKFoldDynamic_Degree_b300,1,1,GAT,101,111,11,1.510205626487732,0.30201342701911926,1.4780811071395874,0.33892616629600525,True,100
syn-cora-h0.10-r1,StratifiedKFoldDynamic_Degree_b300,1,2,GAT,101,115,15,1.499255895614624,0.33557048439979553,1.502801775932312,0.3120805323123932,True,100
syn-cora-h0.10-r1,StratifiedKFoldDynamic_Degree_b300,1,2,GAT,100,114,14,1.5213429927825928,0.3557046949863434,1.4988713264465332,0.3087248206138611,True,100
syn-cora-h0.10-r1,StratifiedKFoldDynamic_Degree_b300,1,1,GAT,100,116,16,1.5086129903793335,0.28523489832878113,1.4879720211029053,0.34899330139160156,True,100
syn-cora-h0.10-r1,StratifiedKFoldDynamic_Degree_b300,1,3,GAT,100,111,11,1.4728851318359375,0.3758389353752136,1.5088722705841064,0.3523489832878113,True,100
syn-cora-h0.10-r1,StratifiedKFoldDynamic_Degree_b300,1,4,GAT,100,110,10,1.5026265382766724,0.34228187799453735,1.4868347644805908,0.33892616629600525,True,100
syn-cora-h0.10-r1,StratifiedKFoldDynamic_Degree_b300,1,4,GAT,101,112,12,1.5026386976242065,0.29865771532058716,1.4779633283615112,0.33892616629600525,True,100
syn-cora-h0.10-r1,StratifiedKFoldDynamic_Degree_b300,1,3,GAT,101,114,14,1.4607540369033813,0.3590604066848755,1.4994499683380127,0.3154362440109253,True,100
syn-cora-h0.10-r1,StratifiedKFoldDynamic_Degree_b300,1,5,GAT,101,112,12,1.4656316041946411,0.3691275119781494,1.4865758419036865,0.3187919557094574,True,100
syn-cora-h0.10-r1,StratifiedKFoldDynamic_Degree_b300,1,5,GAT,100,117,17,1.4574815034866333,0.39261746406555176,1.4945193529129028,0.30201342701911926,True,100
syn-cora-h0.10-r1,StratifiedKFoldDynamic_NeighHet_b300,1,2,GAT,101,110,10,1.5194376707077026,0.33892616629600525,1.476499080657959,0.3120805323123932,True,100
syn-cora-h0.10-r1,StratifiedKFoldDynamic_NeighHet_b300,1,1,GAT,100,112,12,1.4738795757293701,0.33892616629600525,1.4977930784225464,0.3557046949863434,True,100
syn-cora-h0.10-r1,StratifiedKFoldDynamic_NeighHet_b300,1,2,GAT,100,112,12,1.5234181880950928,0.3087248206138611,1.4632238149642944,0.3590604066848755,True,100
syn-cora-h0.10-r1,StratifiedKFoldDynamic_NeighHet_b300,1,1,GAT,101,114,14,1.4706720113754272,0.30201342701911926,1.5073388814926147,0.3120805323123932,True,100
syn-cora-h0.10-r1,StratifiedKFoldDynamic_NeighHet_b300,1,3,GAT,100,111,11,1.510835886001587,0.34228187799453735,1.5306401252746582,0.3187919557094574,True,100
syn-cora-h0.10-r1,StratifiedKFoldDynamic_NeighHet_b300,1,3,GAT,101,110,10,1.5132497549057007,0.3322147727012634,1.5279897451400757,0.29865771532058716,True,100
syn-cora-h0.10-r1,StratifiedKFoldDynamic_NeighHet_b300,1,4,GAT,100,112,12,1.4751503467559814,0.34563758969306946,1.5175758600234985,0.3322147727012634,True,100
syn-cora-h0.10-r1,StratifiedKFoldDynamic_NeighHet_b300,1,4,GAT,101,115,15,1.4856963157653809,0.3087248206138611,1.5253126621246338,0.28859061002731323,True,100
syn-cora-h0.10-r1,StratifiedKFoldDynamic_NeighHet_b300,1,5,GAT,101,107,7,1.532122254371643,0.29194632172584534,1.5222446918487549,0.3288590610027313,True,100
syn-cora-h0.10-r1,StratifiedKFoldDynamic_NeighHet_b300,1,5,GAT,100,111,11,1.5222092866897583,0.28859061002731323,1.49910569190979,0.3087248206138611,True,100
syn-cora-h0.10-r1,StratifiedKFoldDynamic_PageRank_b300,1,2,GAT,101,110,10,1.4803082942962646,0.3288590610027313,1.491854190826416,0.3120805323123932,True,100
syn-cora-h0.10-r1,StratifiedKFoldDynamic_PageRank_b300,1,1,GAT,101,111,11,1.4906225204467773,0.3187919557094574,1.4811632633209229,0.3657718002796173,True,100
syn-cora-h0.10-r1,StratifiedKFoldDynamic_PageRank_b300,1,2,GAT,100,112,12,1.4867753982543945,0.3120805323123932,1.486038327217102,0.34228187799453735,True,100
syn-cora-h0.10-r1,StratifiedKFoldDynamic_PageRank_b300,1,1,GAT,100,117,17,1.4640390872955322,0.38590604066848755,1.4786354303359985,0.34899330139160156,True,100
syn-cora-h0.10-r1,StratifiedKFoldDynamic_PageRank_b300,1,3,GAT,100,112,12,1.487022876739502,0.3322147727012634,1.49416983127594,0.34563758969306946,True,100
syn-cora-h0.10-r1,StratifiedKFoldDynamic_PageRank_b300,1,4,GAT,100,112,12,1.4685442447662354,0.38590604066848755,1.473211646080017,0.33892616629600525,True,100
syn-cora-h0.10-r1,StratifiedKFoldDynamic_PageRank_b300,1,3,GAT,101,111,11,1.5033116340637207,0.3154362440109253,1.5057264566421509,0.30536913871765137,True,100
syn-cora-h0.10-r1,StratifiedKFoldDynamic_PageRank_b300,1,4,GAT,101,119,19,1.483031153678894,0.3624161183834076,1.4920603036880493,0.3523489832878113,True,100
syn-cora-h0.10-r1,StratifiedKFoldDynamic_PageRank_b300,1,5,GAT,100,111,11,1.497389554977417,0.34228187799453735,1.4916021823883057,0.34899330139160156,True,100
syn-cora-h0.10-r1,StratifiedKFoldDynamic_PageRank_b300,1,5,GAT,101,112,12,1.4999889135360718,0.3523489832878113,1.490577220916748,0.3523489832878113,True,100
syn-cora-h0.10-r1,StratifiedKFoldDynamic_EigCentrality_b300,1,1,GAT,101,110,10,1.4849032163619995,0.3120805323123932,1.514161229133606,0.3255033493041992,True,100
syn-cora-h0.10-r1,StratifiedKFoldDynamic_EigCentrality_b300,1,2,GAT,101,111,11,1.4824965000152588,0.3523489832878113,1.478981614112854,0.3557046949863434,True,100
syn-cora-h0.10-r1,StratifiedKFoldDynamic_EigCentrality_b300,1,1,GAT,100,111,11,1.4874924421310425,0.3657718002796173,1.4774500131607056,0.3724832236766815,True,100
syn-cora-h0.10-r1,StratifiedKFoldDynamic_EigCentrality_b300,1,2,GAT,100,114,14,1.4829527139663696,0.33892616629600525,1.4774565696716309,0.3724832236766815,True,100
syn-cora-h0.10-r1,StratifiedKFoldDynamic_EigCentrality_b300,1,3,GAT,101,110,10,1.5150586366653442,0.3657718002796173,1.503693699836731,0.3154362440109253,True,100
syn-cora-h0.10-r1,StratifiedKFoldDynamic_EigCentrality_b300,1,3,GAT,100,111,11,1.503145694732666,0.3590604066848755,1.5125837326049805,0.3221476376056671,True,100
syn-cora-h0.10-r1,StratifiedKFoldDynamic_EigCentrality_b300,1,4,GAT,101,113,13,1.4553688764572144,0.3255033493041992,1.5042966604232788,0.33892616629600525,True,100
syn-cora-h0.10-r1,StratifiedKFoldDynamic_EigCentrality_b300,1,4,GAT,100,118,18,1.463700771331787,0.3758389353752136,1.512773871421814,0.3590604066848755,True,100
syn-cora-h0.10-r1,StratifiedKFoldDynamic_EigCentrality_b300,1,5,GAT,101,112,12,1.4956402778625488,0.29865771532058716,1.4696069955825806,0.34563758969306946,True,100
syn-cora-h0.10-r1,StratifiedKFoldDynamic_EigCentrality_b300,1,5,GAT,100,117,17,1.462640643119812,0.33557048439979553,1.4645633697509766,0.37919461727142334,True,100
syn-cora-h0.10-r1,StratifiedKFoldDynamic_Clustering_b300,1,2,GAT,100,112,12,1.501360535621643,0.3691275119781494,1.4772204160690308,0.3758389353752136,True,100
syn-cora-h0.10-r1,StratifiedKFoldDynamic_Clustering_b300,1,1,GAT,100,112,12,1.4618024826049805,0.3590604066848755,1.4793535470962524,0.3557046949863434,True,100
syn-cora-h0.10-r1,StratifiedKFoldDynamic_Clustering_b300,1,1,GAT,101,114,14,1.4442716836929321,0.3557046949863434,1.485125184059143,0.3221476376056671,True,100
syn-cora-h0.10-r1,StratifiedKFoldDynamic_Clustering_b300,1,2,GAT,101,114,14,1.503470778465271,0.3523489832878113,1.4498233795166016,0.38255032896995544,True,100
syn-cora-h0.10-r1,StratifiedKFoldDynamic_Clustering_b300,1,3,GAT,100,111,11,1.4764155149459839,0.3590604066848755,1.5108848810195923,0.3691275119781494,True,100
syn-cora-h0.10-r1,StratifiedKFoldDynamic_Clustering_b300,1,3,GAT,101,113,13,1.4882400035858154,0.3221476376056671,1.494821310043335,0.34228187799453735,True,100
syn-cora-h0.10-r1,StratifiedKFoldDynamic_Clustering_b300,1,4,GAT,100,112,12,1.4827543497085571,0.34899330139160156,1.4883613586425781,0.3187919557094574,True,100
syn-cora-h0.10-r1,StratifiedKFoldDynamic_Clustering_b300,1,4,GAT,101,114,14,1.5114171504974365,0.3590604066848755,1.4914754629135132,0.3288590610027313,True,100
syn-cora-h0.10-r1,StratifiedKFoldDynamic_Clustering_b300,1,5,GAT,101,111,11,1.5048038959503174,0.29194632172584534,1.5125908851623535,0.34899330139160156,True,100
syn-cora-h0.10-r1,StratifiedKFoldDynamic_Clustering_b300,1,5,GAT,100,119,19,1.473233699798584,0.3590604066848755,1.4944638013839722,0.3523489832878113,True,100
syn-cora-h0.10-r1,RandomKFold,2,1,GAT,100,111,11,1.5306707620620728,0.30536913871765137,1.473739504814148,0.33892616629600525,True,100
syn-cora-h0.10-r1,RandomKFold,2,2,GAT,100,111,11,1.4859822988510132,0.3557046949863434,1.5182874202728271,0.29865771532058716,True,100
syn-cora-h0.10-r1,RandomKFold,2,1,GAT,101,110,10,1.5343506336212158,0.29530200362205505,1.4781038761138916,0.33557048439979553,True,100
syn-cora-h0.10-r1,RandomKFold,2,2,GAT,101,113,13,1.4682124853134155,0.34899330139160156,1.5290316343307495,0.30201342701911926,True,100
syn-cora-h0.10-r1,RandomKFold,2,4,GAT,100,114,14,1.4649361371994019,0.3758389353752136,1.498795747756958,0.33557048439979553,True,100
syn-cora-h0.10-r1,RandomKFold,2,3,GAT,101,115,15,1.4888103008270264,0.30201342701911926,1.4812204837799072,0.3590604066848755,True,100
syn-cora-h0.10-r1,RandomKFold,2,3,GAT,100,116,16,1.490343451499939,0.34228187799453735,1.4732027053833008,0.34563758969306946,True,100
syn-cora-h0.10-r1,RandomKFold,2,4,GAT,101,115,15,1.483080267906189,0.3322147727012634,1.497444748878479,0.29194632172584534,True,100
syn-cora-h0.10-r1,RandomKFold,2,5,GAT,100,112,12,1.4722729921340942,0.3255033493041992,1.4723631143569946,0.39261746406555176,True,100
syn-cora-h0.10-r1,RandomKFold,2,5,GAT,101,113,13,1.4786518812179565,0.34899330139160156,1.4855985641479492,0.3724832236766815,True,100
syn-cora-h0.10-r1,LabelStratifiedKFold,2,1,GAT,100,110,10,1.505028486251831,0.3288590610027313,1.447284460067749,0.3590604066848755,True,100
syn-cora-h0.10-r1,LabelStratifiedKFold,2,2,GAT,100,112,12,1.4915084838867188,0.34228187799453735,1.4898109436035156,0.3187919557094574,True,100
syn-cora-h0.10-r1,LabelStratifiedKFold,2,1,GAT,101,113,13,1.504646897315979,0.30536913871765137,1.4495000839233398,0.3624161183834076,True,100
syn-cora-h0.10-r1,LabelStratifiedKFold,2,2,GAT,101,111,11,1.5096501111984253,0.3221476376056671,1.4960006475448608,0.33557048439979553,True,100
syn-cora-h0.10-r1,LabelStratifiedKFold,2,3,GAT,100,111,11,1.5029737949371338,0.30536913871765137,1.4879660606384277,0.3590604066848755,True,100
syn-cora-h0.10-r1,LabelStratifiedKFold,2,3,GAT,101,111,11,1.495959997177124,0.3087248206138611,1.5235675573349,0.3187919557094574,True,100
syn-cora-h0.10-r1,LabelStratifiedKFold,2,4,GAT,101,115,15,1.4605531692504883,0.34563758969306946,1.4914277791976929,0.3255033493041992,True,100
syn-cora-h0.10-r1,LabelStratifiedKFold,2,4,GAT,100,116,16,1.4807096719741821,0.3590604066848755,1.4905915260314941,0.29865771532058716,True,100
syn-cora-h0.10-r1,LabelStratifiedKFold,2,5,GAT,100,112,12,1.4835090637207031,0.3221476376056671,1.525071620941162,0.30536913871765137,True,100
syn-cora-h0.10-r1,LabelStratifiedKFold,2,5,GAT,101,113,13,1.490627408027649,0.3120805323123932,1.4935418367385864,0.34563758969306946,True,100
syn-cora-h0.10-r1,StratifiedKFoldDynamic_Degree_b300,2,1,GAT,100,111,11,1.4661586284637451,0.3691275119781494,1.5165116786956787,0.29865771532058716,True,100
syn-cora-h0.10-r1,StratifiedKFoldDynamic_Degree_b300,2,2,GAT,100,111,11,1.4942703247070312,0.3657718002796173,1.4979605674743652,0.3657718002796173,True,100
syn-cora-h0.10-r1,StratifiedKFoldDynamic_Degree_b300,2,2,GAT,101,113,13,1.5091395378112793,0.3255033493041992,1.485508680343628,0.3288590610027313,True,100
syn-cora-h0.10-r1,StratifiedKFoldDynamic_Degree_b300,2,1,GAT,101,113,13,1.4783010482788086,0.3221476376056671,1.521356463432312,0.30536913871765137,True,100
syn-cora-h0.10-r1,StratifiedKFoldDynamic_Degree_b300,2,3,GAT,100,114,14,1.4725751876831055,0.3590604066848755,1.4862480163574219,0.3624161183834076,True,100
syn-cora-h0.10-r1,StratifiedKFoldDynamic_Degree_b300,2,3,GAT,101,116,16,1.4735443592071533,0.34899330139160156,1.5186642408370972,0.3255033493041992,True,100
syn-cora-h0.10-r1,StratifiedKFoldDynamic_Degree_b300,2,4,GAT,100,120,20,1.4747508764266968,0.3590604066848755,1.496553897857666,0.3758389353752136,True,100
syn-cora-h0.10-r1,StratifiedKFoldDynamic_Degree_b300,2,4,GAT,101,118,18,1.473112940788269,0.3221476376056671,1.5129605531692505,0.30201342701911926,True,100
syn-cora-h0.10-r1,StratifiedKFoldDynamic_Degree_b300,2,5,GAT,100,110,10,1.5291789770126343,0.28523489832878113,1.486707329750061,0.3724832236766815,True,100
syn-cora-h0.10-r1,StratifiedKFoldDynamic_Degree_b300,2,5,GAT,101,109,9,1.537872076034546,0.2651006579399109,1.4942642450332642,0.34899330139160156,True,100
syn-cora-h0.10-r1,StratifiedKFoldDynamic_NeighHet_b300,2,1,GAT,101,110,10,1.5148659944534302,0.3322147727012634,1.5151246786117554,0.3557046949863434,True,100
syn-cora-h0.10-r1,StratifiedKFoldDynamic_NeighHet_b300,2,2,GAT,101,110,10,1.5117932558059692,0.29530200362205505,1.4776511192321777,0.34899330139160156,True,100
syn-cora-h0.10-r1,StratifiedKFoldDynamic_NeighHet_b300,2,1,GAT,100,111,11,1.5058404207229614,0.3154362440109253,1.4853904247283936,0.3724832236766815,True,100
syn-cora-h0.10-r1,StratifiedKFoldDynamic_NeighHet_b300,2,2,GAT,100,111,11,1.5041941404342651,0.3288590610027313,1.4761900901794434,0.3557046949863434,True,100
syn-cora-h0.10-r1,StratifiedKFoldDynamic_NeighHet_b300,2,4,GAT,100,112,12,1.4823044538497925,0.3087248206138611,1.4658054113388062,0.3657718002796173,True,100
syn-cora-h0.10-r1,StratifiedKFoldDynamic_NeighHet_b300,2,3,GAT,100,113,13,1.4690735340118408,0.33892616629600525,1.5289571285247803,0.3120805323123932,True,100
syn-cora-h0.10-r1,StratifiedKFoldDynamic_NeighHet_b300,2,4,GAT,101,113,13,1.4951207637786865,0.30536913871765137,1.4872965812683105,0.3590604066848755,True,100
syn-cora-h0.10-r1,StratifiedKFoldDynamic_NeighHet_b300,2,3,GAT,101,116,16,1.473114252090454,0.34899330139160156,1.5379382371902466,0.29194632172584534,True,100
syn-cora-h0.10-r1,StratifiedKFoldDynamic_NeighHet_b300,2,5,GAT,100,113,13,1.452465295791626,0.3590604066848755,1.478627324104309,0.33892616629600525,True,100
syn-cora-h0.10-r1,StratifiedKFoldDynamic_NeighHet_b300,2,5,GAT,101,114,14,1.4804203510284424,0.3255033493041992,1.456049919128418,0.3187919557094574,True,100
syn-cora-h0.10-r1,StratifiedKFoldDynamic_PageRank_b300,2,1,GAT,100,112,12,1.4863580465316772,0.3187919557094574,1.5160605907440186,0.3087248206138611,True,100
syn-cora-h0.10-r1,StratifiedKFoldDynamic_PageRank_b300,2,2,GAT,100,113,13,1.4978817701339722,0.3288590610027313,1.5001872777938843,0.3120805323123932,True,100
syn-cora-h0.10-r1,StratifiedKFoldDynamic_PageRank_b300,2,2,GAT,101,115,15,1.4822185039520264,0.3590604066848755,1.489702582359314,0.3087248206138611,True,100
syn-cora-h0.10-r1,StratifiedKFoldDynamic_PageRank_b300,2,1,GAT,101,115,15,1.4951527118682861,0.30201342701911926,1.5163700580596924,0.28859061002731323,True,100
syn-cora-h0.10-r1,StratifiedKFoldDynamic_PageRank_b300,2,3,GAT,100,112,12,1.4682672023773193,0.34899330139160156,1.490960717201233,0.3657718002796173,True,100
syn-cora-h0.10-r1,StratifiedKFoldDynamic_PageRank_b300,2,4,GAT,100,112,12,1.4787003993988037,0.38926175236701965,1.4925792217254639,0.33557048439979553,True,100
syn-cora-h0.10-r1,StratifiedKFoldDynamic_PageRank_b300,2,3,GAT,101,113,13,1.489762306213379,0.33892616629600525,1.4924825429916382,0.29865771532058716,True,100
syn-cora-h0.10-r1,StratifiedKFoldDynamic_PageRank_b300,2,4,GAT,101,116,16,1.4926878213882446,0.3557046949863434,1.5408481359481812,0.29530200362205505,True,100
syn-cora-h0.10-r1,StratifiedKFoldDynamic_PageRank_b300,2,5,GAT,101,111,11,1.5107951164245605,0.3154362440109253,1.488397479057312,0.33892616629600525,True,100
syn-cora-h0.10-r1,StratifiedKFoldDynamic_PageRank_b300,2,5,GAT,100,119,19,1.508590579032898,0.33892616629600525,1.4521842002868652,0.3758389353752136,True,100
syn-cora-h0.10-r1,StratifiedKFoldDynamic_EigCentrality_b300,2,1,GAT,101,110,10,1.4830284118652344,0.34228187799453735,1.4788050651550293,0.3557046949863434,True,100
syn-cora-h0.10-r1,StratifiedKFoldDynamic_EigCentrality_b300,2,1,GAT,100,110,10,1.503608226776123,0.3255033493041992,1.4817848205566406,0.3523489832878113,True,100
syn-cora-h0.10-r1,StratifiedKFoldDynamic_EigCentrality_b300,2,2,GAT,100,111,11,1.4891743659973145,0.3120805323123932,1.507216215133667,0.3322147727012634,True,100
syn-cora-h0.10-r1,StratifiedKFoldDynamic_EigCentrality_b300,2,2,GAT,101,112,12,1.4858630895614624,0.34563758969306946,1.473374605178833,0.34563758969306946,True,100
syn-cora-h0.10-r1,StratifiedKFoldDynamic_EigCentrality_b300,2,3,GAT,101,111,11,1.5251737833023071,0.30201342701911926,1.5134741067886353,0.28523489832878113,True,100
syn-cora-h0.10-r1,StratifiedKFoldDynamic_EigCentrality_b300,2,3,GAT,100,111,11,1.489659070968628,0.33892616629600525,1.496110200881958,0.3255033493041992,True,100
syn-cora-h0.10-r1,StratifiedKFoldDynamic_EigCentrality_b300,2,4,GAT,100,114,14,1.5092507600784302,0.34228187799453735,1.4829607009887695,0.33892616629600525,True,100
syn-cora-h0.10-r1,StratifiedKFoldDynamic_EigCentrality_b300,2,4,GAT,101,116,16,1.5197876691818237,0.30201342701911926,1.5182911157608032,0.29865771532058716,True,100
syn-cora-h0.10-r1,StratifiedKFoldDynamic_EigCentrality_b300,2,5,GAT,100,117,17,1.48590886592865,0.34228187799453735,1.528957486152649,0.3187919557094574,True,100
syn-cora-h0.10-r1,StratifiedKFoldDynamic_EigCentrality_b300,2,5,GAT,101,115,15,1.4547386169433594,0.3255033493041992,1.517443299293518,0.2718120813369751,True,100
syn-cora-h0.10-r1,StratifiedKFoldDynamic_Clustering_b300,2,1,GAT,100,110,10,1.5135560035705566,0.3120805323123932,1.4701125621795654,0.38255032896995544,True,100
syn-cora-h0.10-r1,StratifiedKFoldDynamic_Clustering_b300,2,1,GAT,101,110,10,1.5112210512161255,0.33557048439979553,1.4911893606185913,0.3322147727012634,True,100
syn-cora-h0.10-r1,StratifiedKFoldDynamic_Clustering_b300,2,2,GAT,101,114,14,1.4660106897354126,0.33892616629600525,1.5338634252548218,0.28523489832878113,True,100
syn-cora-h0.10-r1,StratifiedKFoldDynamic_Clustering_b300,2,2,GAT,100,119,19,1.475193738937378,0.34228187799453735,1.5644110441207886,0.2751677930355072,True,100
syn-cora-h0.10-r1,StratifiedKFoldDynamic_Clustering_b300,2,3,GAT,101,112,12,1.5026935338974,0.3288590610027313,1.4664928913116455,0.3322147727012634,True,100
syn-cora-h0.10-r1,StratifiedKFoldDynamic_Clustering_b300,2,4,GAT,100,111,11,1.4910584688186646,0.3120805323123932,1.464205265045166,0.3758389353752136,True,100
syn-cora-h0.10-r1,StratifiedKFoldDynamic_Clustering_b300,2,3,GAT,100,113,13,1.4864757061004639,0.3557046949863434,1.4917412996292114,0.3288590610027313,True,100
syn-cora-h0.10-r1,StratifiedKFoldDynamic_Clustering_b300,2,4,GAT,101,110,10,1.5019128322601318,0.3288590610027313,1.4966834783554077,0.34563758969306946,True,100
syn-cora-h0.10-r1,StratifiedKFoldDynamic_Clustering_b300,2,5,GAT,100,111,11,1.4869235754013062,0.34563758969306946,1.50059175491333,0.3120805323123932,True,100
syn-cora-h0.10-r1,StratifiedKFoldDynamic_Clustering_b300,2,5,GAT,101,113,13,1.494918942451477,0.29865771532058716,1.518978238105774,0.2751677930355072,True,100
syn-cora-h0.10-r1,RandomKFold,3,2,GAT,100,111,11,1.5052368640899658,0.33557048439979553,1.4790239334106445,0.3187919557094574,True,100
syn-cora-h0.10-r1,RandomKFold,3,1,GAT,101,111,11,1.4930241107940674,0.3187919557094574,1.505595326423645,0.3221476376056671,True,100
syn-cora-h0.10-r1,RandomKFold,3,1,GAT,100,112,12,1.5044711828231812,0.3288590610027313,1.524084448814392,0.34563758969306946,True,100
syn-cora-h0.10-r1,RandomKFold,3,2,GAT,101,115,15,1.5016272068023682,0.3154362440109253,1.483251690864563,0.3221476376056671,True,100
syn-cora-h0.10-r1,RandomKFold,3,3,GAT,100,110,10,1.4927215576171875,0.29194632172584534,1.5203882455825806,0.3221476376056671,True,100
syn-cora-h0.10-r1,RandomKFold,3,3,GAT,101,112,12,1.5118441581726074,0.281879186630249,1.5296493768692017,0.2718120813369751,True,100
syn-cora-h0.10-r1,RandomKFold,3,4,GAT,101,113,13,1.4788732528686523,0.33892616629600525,1.5102232694625854,0.29530200362205505,True,100
syn-cora-h0.10-r1,RandomKFold,3,4,GAT,100,116,16,1.4523011445999146,0.38926175236701965,1.4904404878616333,0.30536913871765137,True,100
syn-cora-h0.10-r1,RandomKFold,3,5,GAT,101,110,10,1.498611330986023,0.3221476376056671,1.4922267198562622,0.34563758969306946,True,100
syn-cora-h0.10-r1,RandomKFold,3,5,GAT,100,112,12,1.5251954793930054,0.29194632172584534,1.4556734561920166,0.4127516746520996,True,100
syn-cora-h0.10-r1,LabelStratifiedKFold,3,1,GAT,100,111,11,1.4888358116149902,0.3590604066848755,1.4661102294921875,0.3523489832878113,True,100
syn-cora-h0.10-r1,LabelStratifiedKFold,3,2,GAT,100,111,11,1.491565227508545,0.3523489832878113,1.4870474338531494,0.33892616629600525,True,100
syn-cora-h0.10-r1,LabelStratifiedKFold,3,2,GAT,101,111,11,1.5081771612167358,0.3221476376056671,1.497915506362915,0.3087248206138611,True,100
syn-cora-h0.10-r1,LabelStratifiedKFold,3,1,GAT,101,113,13,1.4813241958618164,0.3288590610027313,1.4895055294036865,0.3154362440109253,True,100
syn-cora-h0.10-r1,LabelStratifiedKFold,3,3,GAT,100,112,12,1.4904649257659912,0.3221476376056671,1.4953398704528809,0.34899330139160156,True,100
syn-cora-h0.10-r1,LabelStratifiedKFold,3,3,GAT,101,114,14,1.4789568185806274,0.3120805323123932,1.5023144483566284,0.3590604066848755,True,100
syn-cora-h0.10-r1,LabelStratifiedKFold,3,4,GAT,100,113,13,1.454175591468811,0.38590604066848755,1.4792999029159546,0.34228187799453735,True,100
syn-cora-h0.10-r1,LabelStratifiedKFold,3,4,GAT,101,116,16,1.4800066947937012,0.3120805323123932,1.4867160320281982,0.3221476376056671,True,100
syn-cora-h0.10-r1,LabelStratifiedKFold,3,5,GAT,100,112,12,1.4747579097747803,0.34228187799453735,1.4571548700332642,0.3691275119781494,True,100
syn-cora-h0.10-r1,LabelStratifiedKFold,3,5,GAT,101,113,13,1.4774104356765747,0.34563758969306946,1.469852089881897,0.33557048439979553,True,100
syn-cora-h0.10-r1,StratifiedKFoldDynamic_Degree_b300,3,2,GAT,100,111,11,1.4931533336639404,0.3187919557094574,1.5051512718200684,0.3322147727012634,True,100
syn-cora-h0.10-r1,StratifiedKFoldDynamic_Degree_b300,3,2,GAT,101,113,13,1.4906655550003052,0.30536913871765137,1.4880303144454956,0.3120805323123932,True,100
syn-cora-h0.10-r1,StratifiedKFoldDynamic_Degree_b300,3,1,GAT,100,113,13,1.4685041904449463,0.3590604066848755,1.4779157638549805,0.3758389353752136,True,100
syn-cora-h0.10-r1,StratifiedKFoldDynamic_Degree_b300,3,1,GAT,101,114,14,1.4780596494674683,0.34228187799453735,1.47734534740448,0.3590604066848755,True,100
syn-cora-h0.10-r1,StratifiedKFoldDynamic_Degree_b300,3,3,GAT,101,110,10,1.5098596811294556,0.3187919557094574,1.4845114946365356,0.3523489832878113,True,100
syn-cora-h0.10-r1,StratifiedKFoldDynamic_Degree_b300,3,3,GAT,100,112,12,1.4927290678024292,0.3255033493041992,1.4745891094207764,0.34228187799453735,True,100
syn-cora-h0.10-r1,StratifiedKFoldDynamic_Degree_b300,3,4,GAT,100,119,19,1.4692729711532593,0.3590604066848755,1.5120326280593872,0.3691275119781494,True,100
syn-cora-h0.10-r1,StratifiedKFoldDynamic_Degree_b300,3,4,GAT,101,119,19,1.4543402194976807,0.38255032896995544,1.536181092262268,0.3255033493041992,True,100
syn-cora-h0.10-r1,StratifiedKFoldDynamic_Degree_b300,3,5,GAT,101,110,10,1.4916945695877075,0.3322147727012634,1.4835063219070435,0.3657718002796173,True,100
syn-cora-h0.10-r1,StratifiedKFoldDynamic_Degree_b300,3,5,GAT,100,111,11,1.4769141674041748,0.34563758969306946,1.4803768396377563,0.3221476376056671,True,100
syn-cora-h0.10-r1,StratifiedKFoldDynamic_NeighHet_b300,3,2,GAT,100,112,12,1.48715078830719,0.3154362440109253,1.4770331382751465,0.33892616629600525,True,100
syn-cora-h0.10-r1,StratifiedKFoldDynamic_NeighHet_b300,3,1,GAT,100,112,12,1.483452320098877,0.34563758969306946,1.484283208847046,0.3590604066848755,True,100
syn-cora-h0.10-r1,StratifiedKFoldDynamic_NeighHet_b300,3,1,GAT,101,114,14,1.508959412574768,0.30536913871765137,1.49801504611969,0.3154362440109253,True,100
syn-cora-h0.10-r1,StratifiedKFoldDynamic_NeighHet_b300,3,2,GAT,101,114,14,1.4818832874298096,0.3221476376056671,1.499612808227539,0.3120805323123932,True,100
syn-cora-h0.10-r1,StratifiedKFoldDynamic_NeighHet_b300,3,3,GAT,101,112,12,1.4996871948242188,0.3288590610027313,1.4812268018722534,0.3288590610027313,True,100
syn-cora-h0.10-r1,StratifiedKFoldDynamic_NeighHet_b300,3,3,GAT,100,112,12,1.502977967262268,0.3120805323123932,1.4755663871765137,0.3657718002796173,True,100
syn-cora-h0.10-r1,StratifiedKFoldDynamic_NeighHet_b300,3,4,GAT,100,112,12,1.4901378154754639,0.3724832236766815,1.5204827785491943,0.29865771532058716,True,100
syn-cora-h0.10-r1,StratifiedKFoldDynamic_NeighHet_b300,3,4,GAT,101,113,13,1.4930307865142822,0.3288590610027313,1.5181958675384521,0.29865771532058716,True,100
syn-cora-h0.10-r1,StratifiedKFoldDynamic_NeighHet_b300,3,5,GAT,101,114,14,1.4636403322219849,0.3221476376056671,1.4675322771072388,0.3724832236766815,True,100
syn-cora-h0.10-r1,StratifiedKFoldDynamic_NeighHet_b300,3,5,GAT,100,115,15,1.4666857719421387,0.3657718002796173,1.4707605838775635,0.38590604066848755,True,100
syn-cora-h0.10-r1,StratifiedKFoldDynamic_PageRank_b300,3,1,GAT,100,111,11,1.5037107467651367,0.3120805323123932,1.427950382232666,0.3959731459617615,True,100
syn-cora-h0.10-r1,StratifiedKFoldDynamic_PageRank_b300,3,2,GAT,100,111,11,1.4948848485946655,0.3322147727012634,1.5055524110794067,0.3154362440109253,True,100
syn-cora-h0.10-r1,StratifiedKFoldDynamic_PageRank_b300,3,2,GAT,101,112,12,1.4966837167739868,0.3087248206138611,1.5175669193267822,0.30536913871765137,True,100
syn-cora-h0.10-r1,StratifiedKFoldDynamic_PageRank_b300,3,1,GAT,101,115,15,1.510629653930664,0.29194632172584534,1.442914366722107,0.33892616629600525,True,100
syn-cora-h0.10-r1,StratifiedKFoldDynamic_PageRank_b300,3,3,GAT,101,111,11,1.5070407390594482,0.34228187799453735,1.4834322929382324,0.30536913871765137,True,100
syn-cora-h0.10-r1,StratifiedKFoldDynamic_PageRank_b300,3,3,GAT,100,112,12,1.5040301084518433,0.3288590610027313,1.4916311502456665,0.3154362440109253,True,100
syn-cora-h0.10-r1,StratifiedKFoldDynamic_PageRank_b300,3,4,GAT,100,113,13,1.5307586193084717,0.29530200362205505,1.4892213344573975,0.38590604066848755,True,100
syn-cora-h0.10-r1,StratifiedKFoldDynamic_PageRank_b300,3,4,GAT,101,108,8,1.5303252935409546,0.3288590610027313,1.5028953552246094,0.3590604066848755,True,100
syn-cora-h0.10-r1,StratifiedKFoldDynamic_PageRank_b300,3,5,GAT,101,115,15,1.4322503805160522,0.3691275119781494,1.5722798109054565,0.281879186630249,True,100
syn-cora-h0.10-r1,StratifiedKFoldDynamic_PageRank_b300,3,5,GAT,100,118,18,1.4405044317245483,0.38926175236701965,1.593197226524353,0.281879186630249,True,100
syn-cora-h0.10-r1,StratifiedKFoldDynamic_EigCentrality_b300,3,2,GAT,101,111,11,1.482077956199646,0.29865771532058716,1.4912302494049072,0.33892616629600525,True,100
syn-cora-h0.10-r1,StratifiedKFoldDynamic_EigCentrality_b300,3,2,GAT,100,111,11,1.4884907007217407,0.34228187799453735,1.470017671585083,0.34899330139160156,True,100
syn-cora-h0.10-r1,StratifiedKFoldDynamic_EigCentrality_b300,3,1,GAT,100,110,10,1.4978095293045044,0.34899330139160156,1.4830145835876465,0.3624161183834076,True,100
syn-cora-h0.10-r1,StratifiedKFoldDynamic_EigCentrality_b300,3,1,GAT,101,111,11,1.5189017057418823,0.34228187799453735,1.5055534839630127,0.29530200362205505,True,100
syn-cora-h0.10-r1,StratifiedKFoldDynamic_EigCentrality_b300,3,4,GAT,100,113,13,1.5052094459533691,0.33892616629600525,1.5037685632705688,0.3154362440109253,True,100
syn-cora-h0.10-r1,StratifiedKFoldDynamic_EigCentrality_b300,3,4,GAT,101,112,12,1.509870171546936,0.3087248206138611,1.5063517093658447,0.30201342701911926,True,100
syn-cora-h0.10-r1,StratifiedKFoldDynamic_EigCentrality_b300,3,3,GAT,101,115,15,1.4766730070114136,0.30536913871765137,1.49552583694458,0.3154362440109253,True,100
syn-cora-h0.10-r1,StratifiedKFoldDynamic_EigCentrality_b300,3,3,GAT,100,115,15,1.4828413724899292,0.3288590610027313,1.495126485824585,0.3523489832878113,True,100
syn-cora-h0.10-r1,StratifiedKFoldDynamic_EigCentrality_b300,3,5,GAT,100,110,10,1.467684268951416,0.3691275119781494,1.523587703704834,0.3523489832878113,True,100
syn-cora-h0.10-r1,StratifiedKFoldDynamic_EigCentrality_b300,3,5,GAT,101,113,13,1.4892299175262451,0.3120805323123932,1.5216375589370728,0.30201342701911926,True,100
syn-cora-h0.10-r1,StratifiedKFoldDynamic_Clustering_b300,3,2,GAT,101,112,12,1.5023809671401978,0.3255033493041992,1.446070671081543,0.3758389353752136,True,100
syn-cora-h0.10-r1,StratifiedKFoldDynamic_Clustering_b300,3,2,GAT,100,112,12,1.50357985496521,0.34563758969306946,1.4579240083694458,0.3691275119781494,True,100
syn-cora-h0.10-r1,StratifiedKFoldDynamic_Clustering_b300,3,1,GAT,101,113,13,1.4766287803649902,0.3691275119781494,1.5056073665618896,0.281879186630249,True,100
syn-cora-h0.10-r1,StratifiedKFoldDynamic_Clustering_b300,3,1,GAT,100,117,17,1.4699499607086182,0.3758389353752136,1.5067360401153564,0.3557046949863434,True,100
syn-cora-h0.10-r1,StratifiedKFoldDynamic_Clustering_b300,3,4,GAT,101,107,7,1.5380921363830566,0.3087248206138611,1.496183156967163,0.34563758969306946,True,100
syn-cora-h0.10-r1,StratifiedKFoldDynamic_Clustering_b300,3,3,GAT,100,112,12,1.494370460510254,0.3288590610027313,1.5146706104278564,0.3523489832878113,True,100
syn-cora-h0.10-r1,StratifiedKFoldDynamic_Clustering_b300,3,4,GAT,100,112,12,1.508497714996338,0.3120805323123932,1.4736179113388062,0.3691275119781494,True,100
syn-cora-h0.10-r1,StratifiedKFoldDynamic_Clustering_b300,3,3,GAT,101,111,11,1.4816477298736572,0.34899330139160156,1.4983352422714233,0.33557048439979553,True,100
syn-cora-h0.10-r1,StratifiedKFoldDynamic_Clustering_b300,3,5,GAT,100,111,11,1.464001178741455,0.3993288576602936,1.5076006650924683,0.29530200362205505,True,100
syn-cora-h0.10-r1,StratifiedKFoldDynamic_Clustering_b300,3,5,GAT,101,113,13,1.4868443012237549,0.3221476376056671,1.5336018800735474,0.3187919557094574,True,100
syn-cora-h0.10-r1,RandomKFold,4,1,GAT,100,111,11,1.5444811582565308,0.3221476376056671,1.4918909072875977,0.3187919557094574,True,100
syn-cora-h0.10-r1,RandomKFold,4,1,GAT,101,112,12,1.505246877670288,0.3154362440109253,1.4771006107330322,0.3590604066848755,True,100
syn-cora-h0.10-r1,RandomKFold,4,2,GAT,100,113,13,1.496955394744873,0.34228187799453735,1.5160951614379883,0.3288590610027313,True,100
syn-cora-h0.10-r1,RandomKFold,4,2,GAT,101,114,14,1.4914281368255615,0.33892616629600525,1.5146758556365967,0.3120805323123932,True,100
syn-cora-h0.10-r1,RandomKFold,4,3,GAT,100,112,12,1.4852125644683838,0.3557046949863434,1.510563611984253,0.3221476376056671,True,100
syn-cora-h0.10-r1,RandomKFold,4,4,GAT,100,112,12,1.4817407131195068,0.3557046949863434,1.493259310722351,0.34228187799453735,True,100
syn-cora-h0.10-r1,RandomKFold,4,4,GAT,101,111,11,1.5094341039657593,0.281879186630249,1.5036646127700806,0.3221476376056671,True,100
syn-cora-h0.10-r1,RandomKFold,4,3,GAT,101,117,17,1.4925974607467651,0.3087248206138611,1.500544786453247,0.3288590610027313,True,100
syn-cora-h0.10-r1,RandomKFold,4,5,GAT,100,113,13,1.4699323177337646,0.3523489832878113,1.4704457521438599,0.3557046949863434,True,100
syn-cora-h0.10-r1,RandomKFold,4,5,GAT,101,115,15,1.5049811601638794,0.30536913871765137,1.50383722782135,0.3221476376056671,True,100
syn-cora-h0.10-r1,LabelStratifiedKFold,4,2,GAT,100,111,11,1.5195144414901733,0.3221476376056671,1.4517486095428467,0.3624161183834076,True,100
syn-cora-h0.10-r1,LabelStratifiedKFold,4,2,GAT,101,111,11,1.5035970211029053,0.33892616629600525,1.4647241830825806,0.34228187799453735,True,100
syn-cora-h0.10-r1,LabelStratifiedKFold,4,1,GAT,100,113,13,1.4460670948028564,0.39261746406555176,1.4687069654464722,0.3691275119781494,True,100
syn-cora-h0.10-r1,LabelStratifiedKFold,4,1,GAT,101,117,17,1.466704249382019,0.34563758969306946,1.442936897277832,0.3724832236766815,True,100
syn-cora-h0.10-r1,LabelStratifiedKFold,4,3,GAT,101,111,11,1.4859802722930908,0.33892616629600525,1.5053242444992065,0.29865771532058716,True,100
syn-cora-h0.10-r1,LabelStratifiedKFold,4,3,GAT,100,112,12,1.4982085227966309,0.34228187799453735,1.5214165449142456,0.3187919557094574,True,100
syn-cora-h0.10-r1,LabelStratifiedKFold,4,4,GAT,100,118,18,1.4623968601226807,0.3120805323123932,1.5092780590057373,0.34899330139160156,True,100
syn-cora-h0.10-r1,LabelStratifiedKFold,4,4,GAT,101,114,14,1.4705827236175537,0.3221476376056671,1.5005830526351929,0.3120805323123932,True,100
syn-cora-h0.10-r1,LabelStratifiedKFold,4,5,GAT,101,114,14,1.4726462364196777,0.3221476376056671,1.516543984413147,0.3120805323123932,True,100
syn-cora-h0.10-r1,LabelStratifiedKFold,4,5,GAT,100,116,16,1.4818214178085327,0.3557046949863434,1.4943510293960571,0.3322147727012634,True,100
syn-cora-h0.10-r1,StratifiedKFoldDynamic_Degree_b300,4,2,GAT,101,111,11,1.5037429332733154,0.3221476376056671,1.5002909898757935,0.3691275119781494,True,100
syn-cora-h0.10-r1,StratifiedKFoldDynamic_Degree_b300,4,2,GAT,100,111,11,1.5012677907943726,0.3154362440109253,1.4617704153060913,0.3657718002796173,True,100
syn-cora-h0.10-r1,StratifiedKFoldDynamic_Degree_b300,4,1,GAT,100,111,11,1.4926706552505493,0.33892616629600525,1.4955108165740967,0.29530200362205505,True,100
syn-cora-h0.10-r1,StratifiedKFoldDynamic_Degree_b300,4,1,GAT,101,113,13,1.4945226907730103,0.3322147727012634,1.507171630859375,0.29194632172584534,True,100
syn-cora-h0.10-r1,StratifiedKFoldDynamic_Degree_b300,4,3,GAT,100,112,12,1.4953405857086182,0.3322147727012634,1.5113723278045654,0.3087248206138611,True,100
syn-cora-h0.10-r1,StratifiedKFoldDynamic_Degree_b300,4,3,GAT,101,114,14,1.4764819145202637,0.3523489832878113,1.5472829341888428,0.2785235047340393,True,100
syn-cora-h0.10-r1,StratifiedKFoldDynamic_Degree_b300,4,4,GAT,100,113,13,1.4946112632751465,0.3590604066848755,1.5025112628936768,0.34899330139160156,True,100
syn-cora-h0.10-r1,StratifiedKFoldDynamic_Degree_b300,4,4,GAT,101,115,15,1.4751722812652588,0.34899330139160156,1.5010160207748413,0.30201342701911926,True,100
syn-cora-h0.10-r1,StratifiedKFoldDynamic_Degree_b300,4,5,GAT,100,112,12,1.4910608530044556,0.3691275119781494,1.4906171560287476,0.3657718002796173,True,100
syn-cora-h0.10-r1,StratifiedKFoldDynamic_Degree_b300,4,5,GAT,101,111,11,1.4999568462371826,0.34563758969306946,1.48086416721344,0.33557048439979553,True,100
syn-cora-h0.10-r1,StratifiedKFoldDynamic_NeighHet_b300,4,1,GAT,101,111,11,1.4976738691329956,0.3187919557094574,1.5012415647506714,0.3087248206138611,True,100
syn-cora-h0.10-r1,StratifiedKFoldDynamic_NeighHet_b300,4,2,GAT,100,112,12,1.4963271617889404,0.3255033493041992,1.4947363138198853,0.33557048439979553,True,100
syn-cora-h0.10-r1,StratifiedKFoldDynamic_NeighHet_b300,4,1,GAT,100,113,13,1.4914276599884033,0.3221476376056671,1.4958194494247437,0.34563758969306946,True,100
syn-cora-h0.10-r1,StratifiedKFoldDynamic_NeighHet_b300,4,2,GAT,101,117,17,1.5006908178329468,0.29194632172584534,1.5003935098648071,0.29194632172584534,True,100
syn-cora-h0.10-r1,StratifiedKFoldDynamic_NeighHet_b300,4,3,GAT,101,110,10,1.5173490047454834,0.30536913871765137,1.5152978897094727,0.3255033493041992,True,100
syn-cora-h0.10-r1,StratifiedKFoldDynamic_NeighHet_b300,4,3,GAT,100,112,12,1.527540683746338,0.3154362440109253,1.5063567161560059,0.3255033493041992,True,100
syn-cora-h0.10-r1,StratifiedKFoldDynamic_NeighHet_b300,4,4,GAT,101,114,14,1.4833110570907593,0.34228187799453735,1.5078476667404175,0.34228187799453735,True,100
syn-cora-h0.10-r1,StratifiedKFoldDynamic_NeighHet_b300,4,4,GAT,100,118,18,1.4647047519683838,0.3624161183834076,1.5421074628829956,0.3187919557094574,True,100
syn-cora-h0.10-r1,StratifiedKFoldDynamic_NeighHet_b300,4,5,GAT,100,110,10,1.500714659690857,0.34228187799453735,1.4958645105361938,0.34899330139160156,True,100
syn-cora-h0.10-r1,StratifiedKFoldDynamic_NeighHet_b300,4,5,GAT,101,110,10,1.503033995628357,0.3255033493041992,1.5090793371200562,0.3221476376056671,True,100
syn-cora-h0.10-r1,StratifiedKFoldDynamic_PageRank_b300,4,2,GAT,101,110,10,1.4923886060714722,0.3255033493041992,1.4821323156356812,0.3322147727012634,True,100
syn-cora-h0.10-r1,StratifiedKFoldDynamic_PageRank_b300,4,1,GAT,101,112,12,1.4590617418289185,0.3557046949863434,1.5089565515518188,0.29194632172584534,True,100
syn-cora-h0.10-r1,StratifiedKFoldDynamic_PageRank_b300,4,2,GAT,100,117,17,1.489296555519104,0.33892616629600525,1.4714555740356445,0.3557046949863434,True,100
syn-cora-h0.10-r1,StratifiedKFoldDynamic_PageRank_b300,4,1,GAT,100,117,17,1.4364334344863892,0.37919461727142334,1.5311561822891235,0.3255033493041992,True,100
syn-cora-h0.10-r1,StratifiedKFoldDynamic_PageRank_b300,4,3,GAT,100,111,11,1.4859545230865479,0.34228187799453735,1.4993537664413452,0.33892616629600525,True,100
syn-cora-h0.10-r1,StratifiedKFoldDynamic_PageRank_b300,4,3,GAT,101,113,13,1.4671270847320557,0.33892616629600525,1.4858245849609375,0.3154362440109253,True,100
syn-cora-h0.10-r1,StratifiedKFoldDynamic_PageRank_b300,4,4,GAT,100,112,12,1.4878833293914795,0.3590604066848755,1.4626215696334839,0.3557046949863434,True,100
syn-cora-h0.10-r1,StratifiedKFoldDynamic_PageRank_b300,4,4,GAT,101,115,15,1.4791709184646606,0.3523489832878113,1.4636462926864624,0.34563758969306946,True,100
syn-cora-h0.10-r1,StratifiedKFoldDynamic_PageRank_b300,4,5,GAT,100,111,11,1.528571367263794,0.3221476376056671,1.488824725151062,0.34563758969306946,True,100
syn-cora-h0.10-r1,StratifiedKFoldDynamic_PageRank_b300,4,5,GAT,101,111,11,1.5018401145935059,0.33557048439979553,1.4821271896362305,0.3221476376056671,True,100
syn-cora-h0.10-r1,StratifiedKFoldDynamic_EigCentrality_b300,4,2,GAT,101,110,10,1.5143475532531738,0.29530200362205505,1.5074340105056763,0.3221476376056671,True,100
syn-cora-h0.10-r1,StratifiedKFoldDynamic_EigCentrality_b300,4,2,GAT,100,111,11,1.5226995944976807,0.3120805323123932,1.5010207891464233,0.34228187799453735,True,100
syn-cora-h0.10-r1,StratifiedKFoldDynamic_EigCentrality_b300,4,1,GAT,100,112,12,1.5065912008285522,0.3557046949863434,1.4631941318511963,0.3221476376056671,True,100
syn-cora-h0.10-r1,StratifiedKFoldDynamic_EigCentrality_b300,4,1,GAT,101,115,15,1.4876008033752441,0.3590604066848755,1.4706969261169434,0.3523489832878113,True,100
syn-cora-h0.10-r1,StratifiedKFoldDynamic_EigCentrality_b300,4,3,GAT,100,111,11,1.4653838872909546,0.3322147727012634,1.5079938173294067,0.34228187799453735,True,100
syn-cora-h0.10-r1,StratifiedKFoldDynamic_EigCentrality_b300,4,4,GAT,100,112,12,1.4869976043701172,0.3288590610027313,1.4790226221084595,0.3322147727012634,True,100
syn-cora-h0.10-r1,StratifiedKFoldDynamic_EigCentrality_b300,4,4,GAT,101,112,12,1.486201524734497,0.3221476376056671,1.481500506401062,0.3557046949863434,True,100
syn-cora-h0.10-r1,StratifiedKFoldDynamic_EigCentrality_b300,4,3,GAT,101,120,20,1.4897277355194092,0.3255033493041992,1.5254554748535156,0.3255033493041992,True,100
syn-cora-h0.10-r1,StratifiedKFoldDynamic_EigCentrality_b300,4,5,GAT,101,110,10,1.4947149753570557,0.3120805323123932,1.5087871551513672,0.3288590610027313,True,100
syn-cora-h0.10-r1,StratifiedKFoldDynamic_EigCentrality_b300,4,5,GAT,100,115,15,1.4674211740493774,0.3657718002796173,1.5044748783111572,0.34228187799453735,True,100
syn-cora-h0.10-r1,StratifiedKFoldDynamic_Clustering_b300,4,1,GAT,101,112,12,1.4719699621200562,0.3557046949863434,1.484508752822876,0.34563758969306946,True,100
syn-cora-h0.10-r1,StratifiedKFoldDynamic_Clustering_b300,4,1,GAT,100,112,12,1.4907286167144775,0.33892616629600525,1.4948903322219849,0.3322147727012634,True,100
syn-cora-h0.10-r1,StratifiedKFoldDynamic_Clustering_b300,4,2,GAT,101,111,11,1.5215801000595093,0.3288590610027313,1.498181939125061,0.3087248206138611,True,100
syn-cora-h0.10-r1,StratifiedKFoldDynamic_Clustering_b300,4,2,GAT,100,113,13,1.479280948638916,0.3322147727012634,1.4982795715332031,0.33557048439979553,True,100
syn-cora-h0.10-r1,StratifiedKFoldDynamic_Clustering_b300,4,3,GAT,101,110,10,1.5006054639816284,0.34228187799453735,1.5110414028167725,0.34899330139160156,True,100
syn-cora-h0.10-r1,StratifiedKFoldDynamic_Clustering_b300,4,4,GAT,100,111,11,1.5039920806884766,0.33557048439979553,1.500527262687683,0.29865771532058716,True,100
syn-cora-h0.10-r1,StratifiedKFoldDynamic_Clustering_b300,4,4,GAT,101,110,10,1.5224510431289673,0.28859061002731323,1.5124136209487915,0.3154362440109253,True,100
syn-cora-h0.10-r1,StratifiedKFoldDynamic_Clustering_b300,4,3,GAT,100,118,18,1.5101568698883057,0.29530200362205505,1.48748779296875,0.3557046949863434,True,100
syn-cora-h0.10-r1,StratifiedKFoldDynamic_Clustering_b300,4,5,GAT,101,110,10,1.4650063514709473,0.3557046949863434,1.490476131439209,0.3590604066848755,True,100
syn-cora-h0.10-r1,StratifiedKFoldDynamic_Clustering_b300,4,5,GAT,100,112,12,1.4574675559997559,0.3758389353752136,1.498944878578186,0.3523489832878113,True,100
syn-cora-h0.20-r1,RandomKFold,0,1,GAT,100,112,12,1.4230012893676758,0.38255032896995544,1.4053351879119873,0.4127516746520996,True,100
syn-cora-h0.20-r1,RandomKFold,0,1,GAT,101,112,12,1.435855746269226,0.3557046949863434,1.3969329595565796,0.4161073863506317,True,100
syn-cora-h0.20-r1,RandomKFold,0,2,GAT,101,117,17,1.3863353729248047,0.4127516746520996,1.4287505149841309,0.3523489832878113,True,100
syn-cora-h0.20-r1,RandomKFold,0,2,GAT,100,116,16,1.353686809539795,0.4060402810573578,1.421184778213501,0.38255032896995544,True,100
syn-cora-h0.20-r1,RandomKFold,0,3,GAT,100,114,14,1.3673467636108398,0.3959731459617615,1.3792577981948853,0.3993288576602936,True,100
syn-cora-h0.20-r1,RandomKFold,0,3,GAT,101,114,14,1.383660078048706,0.4026845693588257,1.4188896417617798,0.3959731459617615,True,100
syn-cora-h0.20-r1,RandomKFold,0,4,GAT,101,111,11,1.4029202461242676,0.3959731459617615,1.3949363231658936,0.4026845693588257,True,100
syn-cora-h0.20-r1,RandomKFold,0,4,GAT,100,119,19,1.3716171979904175,0.4093959629535675,1.399283766746521,0.39261746406555176,True,100
syn-cora-h0.20-r1,RandomKFold,0,5,GAT,100,112,12,1.406115174293518,0.4161073863506317,1.3641421794891357,0.42617449164390564,True,100
syn-cora-h0.20-r1,RandomKFold,0,5,GAT,101,116,16,1.3992184400558472,0.3624161183834076,1.38215172290802,0.4060402810573578,True,100
syn-cora-h0.20-r1,LabelStratifiedKFold,0,2,GAT,100,112,12,1.3970897197723389,0.3724832236766815,1.377026915550232,0.449664443731308,True,100
syn-cora-h0.20-r1,LabelStratifiedKFold,0,1,GAT,101,115,15,1.3672611713409424,0.38590604066848755,1.4255719184875488,0.3624161183834076,True,100
syn-cora-h0.20-r1,LabelStratifiedKFold,0,2,GAT,101,114,14,1.4145731925964355,0.37919461727142334,1.401720643043518,0.3758389353752136,True,100
syn-cora-h0.20-r1,LabelStratifiedKFold,0,1,GAT,100,119,19,1.357545256614685,0.4026845693588257,1.435594916343689,0.3758389353752136,True,100
syn-cora-h0.20-r1,LabelStratifiedKFold,0,3,GAT,100,113,13,1.4003078937530518,0.4026845693588257,1.3968509435653687,0.3959731459617615,True,100
syn-cora-h0.20-r1,LabelStratifiedKFold,0,3,GAT,101,113,13,1.4100234508514404,0.37919461727142334,1.401414394378662,0.37919461727142334,True,100
syn-cora-h0.20-r1,LabelStratifiedKFold,0,4,GAT,100,114,14,1.3923097848892212,0.3724832236766815,1.3873556852340698,0.3959731459617615,True,100
syn-cora-h0.20-r1,LabelStratifiedKFold,0,4,GAT,101,112,12,1.4172694683074951,0.3758389353752136,1.4002594947814941,0.3959731459617615,True,100
syn-cora-h0.20-r1,LabelStratifiedKFold,0,5,GAT,100,113,13,1.4085623025894165,0.4026845693588257,1.3889151811599731,0.3691275119781494,True,100
syn-cora-h0.20-r1,LabelStratifiedKFold,0,5,GAT,101,111,11,1.4448134899139404,0.3691275119781494,1.4289729595184326,0.38590604066848755,True,100
syn-cora-h0.20-r1,StratifiedKFoldDynamic_Degree_b300,0,2,GAT,100,113,13,1.406323790550232,0.4060402810573578,1.4188605546951294,0.38590604066848755,True,100
syn-cora-h0.20-r1,StratifiedKFoldDynamic_Degree_b300,0,2,GAT,101,113,13,1.4003362655639648,0.3758389353752136,1.3926435708999634,0.43959730863571167,True,100
syn-cora-h0.20-r1,StratifiedKFoldDynamic_Degree_b300,0,1,GAT,101,115,15,1.3897794485092163,0.4194630980491638,1.4144514799118042,0.3590604066848755,True,100
syn-cora-h0.20-r1,StratifiedKFoldDynamic_Degree_b300,0,1,GAT,100,113,13,1.3889307975769043,0.4194630980491638,1.3916382789611816,0.37919461727142334,True,100
syn-cora-h0.20-r1,StratifiedKFoldDynamic_Degree_b300,0,3,GAT,101,112,12,1.40186607837677,0.4026845693588257,1.4008675813674927,0.38590604066848755,True,100
syn-cora-h0.20-r1,StratifiedKFoldDynamic_Degree_b300,0,3,GAT,100,113,13,1.402273178100586,0.38926175236701965,1.396421194076538,0.4093959629535675,True,100
syn-cora-h0.20-r1,StratifiedKFoldDynamic_Degree_b300,0,4,GAT,100,115,15,1.3517986536026,0.4093959629535675,1.3913159370422363,0.4060402810573578,True,100
syn-cora-h0.20-r1,StratifiedKFoldDynamic_Degree_b300,0,4,GAT,101,117,17,1.376301646232605,0.43288591504096985,1.4018887281417847,0.4026845693588257,True,100
syn-cora-h0.20-r1,StratifiedKFoldDynamic_Degree_b300,0,5,GAT,100,117,17,1.384666085243225,0.37919461727142334,1.3610637187957764,0.4161073863506317,True,100
syn-cora-h0.20-r1,StratifiedKFoldDynamic_Degree_b300,0,5,GAT,101,116,16,1.4135502576828003,0.38926175236701965,1.3769077062606812,0.43288591504096985,True,100
syn-cora-h0.20-r1,StratifiedKFoldDynamic_NeighHet_b300,0,2,GAT,101,112,12,1.404104471206665,0.4060402810573578,1.3753527402877808,0.43624159693717957,True,100
syn-cora-h0.20-r1,StratifiedKFoldDynamic_NeighHet_b300,0,2,GAT,100,112,12,1.409989833831787,0.39261746406555176,1.3461973667144775,0.4429530203342438,True,100
syn-cora-h0.20-r1,StratifiedKFoldDynamic_NeighHet_b300,0,1,GAT,100,112,12,1.3529330492019653,0.4530201256275177,1.4201017618179321,0.3624161183834076,True,100
syn-cora-h0.20-r1,StratifiedKFoldDynamic_NeighHet_b300,0,1,GAT,101,116,16,1.3649818897247314,0.4194630980491638,1.4438648223876953,0.34228187799453735,True,100
syn-cora-h0.20-r1,StratifiedKFoldDynamic_NeighHet_b300,0,3,GAT,101,114,14,1.3836530447006226,0.4060402810573578,1.3999210596084595,0.4093959629535675,True,100
syn-cora-h0.20-r1,StratifiedKFoldDynamic_NeighHet_b300,0,3,GAT,100,115,15,1.385157823562622,0.4194630980491638,1.4254205226898193,0.3959731459617615,True,100
syn-cora-h0.20-r1,StratifiedKFoldDynamic_NeighHet_b300,0,4,GAT,100,113,13,1.4273629188537598,0.4093959629535675,1.3848909139633179,0.4194630980491638,True,100
syn-cora-h0.20-r1,StratifiedKFoldDynamic_NeighHet_b300,0,4,GAT,101,113,13,1.4215539693832397,0.39261746406555176,1.3980003595352173,0.37919461727142334,True,100
syn-cora-h0.20-r1,StratifiedKFoldDynamic_NeighHet_b300,0,5,GAT,101,111,11,1.452233076095581,0.39261746406555176,1.4371366500854492,0.4060402810573578,True,100
syn-cora-h0.20-r1,StratifiedKFoldDynamic_NeighHet_b300,0,5,GAT,100,117,17,1.4093525409698486,0.38926175236701965,1.4226280450820923,0.4127516746520996,True,100
syn-cora-h0.20-r1,StratifiedKFoldDynamic_PageRank_b300,0,2,GAT,101,112,12,1.4594500064849854,0.3322147727012634,1.382960319519043,0.42953020334243774,True,100
syn-cora-h0.20-r1,StratifiedKFoldDynamic_PageRank_b300,0,2,GAT,100,112,12,1.4494179487228394,0.3691275119781494,1.363069772720337,0.46979865431785583,True,100
syn-cora-h0.20-r1,StratifiedKFoldDynamic_PageRank_b300,0,1,GAT,100,121,21,1.3346112966537476,0.449664443731308,1.3942071199417114,0.3657718002796173,True,100
syn-cora-h0.20-r1,StratifiedKFoldDynamic_PageRank_b300,0,1,GAT,101,122,22,1.3653229475021362,0.43288591504096985,1.4309130907058716,0.34228187799453735,True,100
syn-cora-h0.20-r1,StratifiedKFoldDynamic_PageRank_b300,0,3,GAT,100,112,12,1.42530357837677,0.3657718002796173,1.4437705278396606,0.34899330139160156,True,100
syn-cora-h0.20-r1,StratifiedKFoldDynamic_PageRank_b300,0,3,GAT,101,114,14,1.4194563627243042,0.3657718002796173,1.4269434213638306,0.38926175236701965,True,100
syn-cora-h0.20-r1,StratifiedKFoldDynamic_PageRank_b300,0,4,GAT,101,112,12,1.3748506307601929,0.4093959629535675,1.3972066640853882,0.37919461727142334,True,100
syn-cora-h0.20-r1,StratifiedKFoldDynamic_PageRank_b300,0,4,GAT,100,117,17,1.3485568761825562,0.4093959629535675,1.4105486869812012,0.3624161183834076,True,100
syn-cora-h0.20-r1,StratifiedKFoldDynamic_PageRank_b300,0,5,GAT,101,110,10,1.413648247718811,0.39261746406555176,1.411938190460205,0.4161073863506317,True,100
syn-cora-h0.20-r1,StratifiedKFoldDynamic_PageRank_b300,0,5,GAT,100,112,12,1.4077500104904175,0.3758389353752136,1.4025834798812866,0.42281877994537354,True,100
syn-cora-h0.20-r1,StratifiedKFoldDynamic_EigCentrality_b300,0,1,GAT,101,111,11,1.4350186586380005,0.38590604066848755,1.3860422372817993,0.3993288576602936,True,100
syn-cora-h0.20-r1,StratifiedKFoldDynamic_EigCentrality_b300,0,2,GAT,101,115,15,1.4134340286254883,0.3758389353752136,1.4360718727111816,0.34563758969306946,True,100
syn-cora-h0.20-r1,StratifiedKFoldDynamic_EigCentrality_b300,0,2,GAT,100,118,18,1.3778290748596191,0.3758389353752136,1.4337267875671387,0.3959731459617615,True,100
syn-cora-h0.20-r1,StratifiedKFoldDynamic_EigCentrality_b300,0,1,GAT,100,121,21,1.4162099361419678,0.39261746406555176,1.3770791292190552,0.4026845693588257,True,100
syn-cora-h0.20-r1,StratifiedKFoldDynamic_EigCentrality_b300,0,3,GAT,100,112,12,1.4025318622589111,0.3993288576602936,1.3780314922332764,0.4161073863506317,True,100
syn-cora-h0.20-r1,StratifiedKFoldDynamic_EigCentrality_b300,0,3,GAT,101,111,11,1.420881986618042,0.39261746406555176,1.380303978919983,0.4161073863506317,True,100
syn-cora-h0.20-r1,StratifiedKFoldDynamic_EigCentrality_b300,0,4,GAT,100,120,20,1.4063224792480469,0.38926175236701965,1.4283798933029175,0.3724832236766815,True,100
syn-cora-h0.20-r1,StratifiedKFoldDynamic_EigCentrality_b300,0,4,GAT,101,116,16,1.4028743505477905,0.3959731459617615,1.4417455196380615,0.3624161183834076,True,100
syn-cora-h0.20-r1,StratifiedKFoldDynamic_EigCentrality_b300,0,5,GAT,100,117,17,1.3556519746780396,0.4194630980491638,1.4335941076278687,0.34228187799453735,True,100
syn-cora-h0.20-r1,StratifiedKFoldDynamic_EigCentrality_b300,0,5,GAT,101,114,14,1.3720051050186157,0.3993288576602936,1.4080274105072021,0.38255032896995544,True,100
syn-cora-h0.20-r1,StratifiedKFoldDynamic_Clustering_b300,0,1,GAT,100,112,12,1.3958818912506104,0.4026845693588257,1.3934352397918701,0.3959731459617615,True,100
syn-cora-h0.20-r1,StratifiedKFoldDynamic_Clustering_b300,0,2,GAT,101,116,16,1.3700191974639893,0.42953020334243774,1.427493691444397,0.3959731459617615,True,100
syn-cora-h0.20-r1,StratifiedKFoldDynamic_Clustering_b300,0,1,GAT,101,115,15,1.4137235879898071,0.38590604066848755,1.393401861190796,0.4127516746520996,True,100
syn-cora-h0.20-r1,StratifiedKFoldDynamic_Clustering_b300,0,2,GAT,100,118,18,1.3555240631103516,0.4060402810573578,1.378908634185791,0.4127516746520996,True,100
syn-cora-h0.20-r1,StratifiedKFoldDynamic_Clustering_b300,0,3,GAT,101,113,13,1.4013524055480957,0.39261746406555176,1.3736748695373535,0.4026845693588257,True,100
syn-cora-h0.20-r1,StratifiedKFoldDynamic_Clustering_b300,0,4,GAT,100,113,13,1.4043346643447876,0.38926175236701965,1.3978906869888306,0.4194630980491638,True,100
syn-cora-h0.20-r1,StratifiedKFoldDynamic_Clustering_b300,0,3,GAT,100,118,18,1.394980549812317,0.42953020334243774,1.3739322423934937,0.39261746406555176,True,100
syn-cora-h0.20-r1,StratifiedKFoldDynamic_Clustering_b300,0,4,GAT,101,113,13,1.4375457763671875,0.33557048439979553,1.3852506875991821,0.4161073863506317,True,100
syn-cora-h0.20-r1,StratifiedKFoldDynamic_Clustering_b300,0,5,GAT,100,114,14,1.3809152841567993,0.42953020334243774,1.4049512147903442,0.39261746406555176,True,100
syn-cora-h0.20-r1,StratifiedKFoldDynamic_Clustering_b300,0,5,GAT,101,114,14,1.3826804161071777,0.4161073863506317,1.4236747026443481,0.3523489832878113,True,100
syn-cora-h0.20-r1,RandomKFold,1,2,GAT,100,114,14,1.3754231929779053,0.38590604066848755,1.3940651416778564,0.4127516746520996,True,100
syn-cora-h0.20-r1,RandomKFold,1,1,GAT,100,113,13,1.418042778968811,0.3758389353752136,1.3756722211837769,0.3959731459617615,True,100
syn-cora-h0.20-r1,RandomKFold,1,2,GAT,101,116,16,1.3932284116744995,0.38926175236701965,1.4236068725585938,0.37919461727142334,True,100
syn-cora-h0.20-r1,RandomKFold,1,1,GAT,101,122,22,1.423510193824768,0.3590604066848755,1.4240113496780396,0.3758389353752136,True,100
syn-cora-h0.20-r1,RandomKFold,1,3,GAT,100,112,12,1.4237598180770874,0.3691275119781494,1.3558093309402466,0.42617449164390564,True,100
syn-cora-h0.20-r1,RandomKFold,1,3,GAT,101,114,14,1.409949541091919,0.38255032896995544,1.372480034828186,0.4194630980491638,True,100
syn-cora-h0.20-r1,RandomKFold,1,4,GAT,100,115,15,1.3813995122909546,0.3590604066848755,1.4324384927749634,0.3691275119781494,True,100
syn-cora-h0.20-r1,RandomKFold,1,4,GAT,101,116,16,1.4016584157943726,0.3993288576602936,1.446681261062622,0.3523489832878113,True,100
syn-cora-h0.20-r1,RandomKFold,1,5,GAT,101,112,12,1.386622667312622,0.4127516746520996,1.3942773342132568,0.4194630980491638,True,100
syn-cora-h0.20-r1,RandomKFold,1,5,GAT,100,116,16,1.3475513458251953,0.4161073863506317,1.3714675903320312,0.4194630980491638,True,100
syn-cora-h0.20-r1,LabelStratifiedKFold,1,2,GAT,100,112,12,1.401097059249878,0.3959731459617615,1.387770175933838,0.4060402810573578,True,100
syn-cora-h0.20-r1,LabelStratifiedKFold,1,1,GAT,100,113,13,1.4066965579986572,0.3993288576602936,1.344130277633667,0.43624159693717957,True,100
syn-cora-h0.20-r1,LabelStratifiedKFold,1,2,GAT,101,115,15,1.4065691232681274,0.43288591504096985,1.3996508121490479,0.38926175236701965,True,100
syn-cora-h0.20-r1,LabelStratifiedKFold,1,1,GAT,101,115,15,1.4116990566253662,0.3590604066848755,1.366106629371643,0.43624159693717957,True,100
syn-cora-h0.20-r1,LabelStratifiedKFold,1,3,GAT,100,114,14,1.4001704454421997,0.4026845693588257,1.389351487159729,0.4161073863506317,True,100
syn-cora-h0.20-r1,LabelStratifiedKFold,1,3,GAT,101,112,12,1.4122804403305054,0.3993288576602936,1.3957158327102661,0.4161073863506317,True,100
syn-cora-h0.20-r1,LabelStratifiedKFold,1,4,GAT,101,112,12,1.400726079940796,0.3959731459617615,1.3993700742721558,0.4026845693588257,True,100
syn-cora-h0.20-r1,LabelStratifiedKFold,1,4,GAT,100,116,16,1.3998315334320068,0.3657718002796173,1.3911702632904053,0.3959731459617615,True,100
syn-cora-h0.20-r1,LabelStratifiedKFold,1,5,GAT,101,114,14,1.3803110122680664,0.4194630980491638,1.458263635635376,0.33892616629600525,True,100
syn-cora-h0.20-r1,LabelStratifiedKFold,1,5,GAT,100,117,17,1.3572508096694946,0.4161073863506317,1.470688819885254,0.3187919557094574,True,100
syn-cora-h0.20-r1,StratifiedKFoldDynamic_Degree_b300,1,1,GAT,101,114,14,1.3737624883651733,0.4161073863506317,1.4185385704040527,0.3590604066848755,True,100
syn-cora-h0.20-r1,StratifiedKFoldDynamic_Degree_b300,1,1,GAT,100,114,14,1.3627064228057861,0.4127516746520996,1.4078552722930908,0.39261746406555176,True,100
syn-cora-h0.20-r1,StratifiedKFoldDynamic_Degree_b300,1,2,GAT,101,115,15,1.3687907457351685,0.43959730863571167,1.397371530532837,0.4127516746520996,True,100
syn-cora-h0.20-r1,StratifiedKFoldDynamic_Degree_b300,1,2,GAT,100,118,18,1.3571149110794067,0.4530201256275177,1.3916845321655273,0.42281877994537354,True,100
syn-cora-h0.20-r1,StratifiedKFoldDynamic_Degree_b300,1,3,GAT,101,111,11,1.4115656614303589,0.4127516746520996,1.3626881837844849,0.43624159693717957,True,100
syn-cora-h0.20-r1,StratifiedKFoldDynamic_Degree_b300,1,3,GAT,100,117,17,1.407254695892334,0.38590604066848755,1.3430079221725464,0.42281877994537354,True,100
syn-cora-h0.20-r1,StratifiedKFoldDynamic_Degree_b300,1,4,GAT,100,114,14,1.3811668157577515,0.3993288576602936,1.384001612663269,0.3993288576602936,True,100
syn-cora-h0.20-r1,StratifiedKFoldDynamic_Degree_b300,1,4,GAT,101,117,17,1.4235583543777466,0.3657718002796173,1.406622290611267,0.42617449164390564,True,100
syn-cora-h0.20-r1,StratifiedKFoldDynamic_Degree_b300,1,5,GAT,100,113,13,1.4006240367889404,0.42953020334243774,1.3728963136672974,0.37919461727142334,True,100
syn-cora-h0.20-r1,StratifiedKFoldDynamic_Degree_b300,1,5,GAT,101,112,12,1.4112716913223267,0.3758389353752136,1.4477499723434448,0.3590604066848755,True,100
syn-cora-h0.20-r1,StratifiedKFoldDynamic_NeighHet_b300,1,2,GAT,101,111,11,1.4175209999084473,0.38926175236701965,1.4112608432769775,0.4026845693588257,True,100
syn-cora-h0.20-r1,StratifiedKFoldDynamic_NeighHet_b300,1,2,GAT,100,112,12,1.3987281322479248,0.3993288576602936,1.405971646308899,0.3758389353752136,True,100
syn-cora-h0.20-r1,StratifiedKFoldDynamic_NeighHet_b300,1,1,GAT,101,113,13,1.3865245580673218,0.42281877994537354,1.4016857147216797,0.42617449164390564,True,100
syn-cora-h0.20-r1,StratifiedKFoldDynamic_NeighHet_b300,1,1,GAT,100,115,15,1.377684473991394,0.4026845693588257,1.3862427473068237,0.42281877994537354,True,100
syn-cora-h0.20-r1,StratifiedKFoldDynamic_NeighHet_b300,1,4,GAT,100,112,12,1.4167671203613281,0.3691275119781494,1.3892406225204468,0.38590604066848755,True,100
syn-cora-h0.20-r1,StratifiedKFoldDynamic_NeighHet_b300,1,3,GAT,100,115,15,1.3841923475265503,0.4194630980491638,1.3769941329956055,0.4026845693588257,True,100
syn-cora-h0.20-r1,StratifiedKFoldDynamic_NeighHet_b300,1,3,GAT,101,115,15,1.3655611276626587,0.4060402810573578,1.4001424312591553,0.4026845693588257,True,100
syn-cora-h0.20-r1,StratifiedKFoldDynamic_NeighHet_b300,1,4,GAT,101,112,12,1.434668779373169,0.3557046949863434,1.3810851573944092,0.43288591504096985,True,100
syn-cora-h0.20-r1,StratifiedKFoldDynamic_NeighHet_b300,1,5,GAT,100,116,16,1.3795149326324463,0.43959730863571167,1.401904582977295,0.38926175236701965,True,100
syn-cora-h0.20-r1,StratifiedKFoldDynamic_NeighHet_b300,1,5,GAT,101,116,16,1.386365294456482,0.42281877994537354,1.4237744808197021,0.34563758969306946,True,100
syn-cora-h0.20-r1,StratifiedKFoldDynamic_PageRank_b300,1,1,GAT,100,113,13,1.428369164466858,0.3691275119781494,1.3691240549087524,0.4161073863506317,True,100
syn-cora-h0.20-r1,StratifiedKFoldDynamic_PageRank_b300,1,2,GAT,101,112,12,1.4402061700820923,0.3557046949863434,1.4558805227279663,0.3724832236766815,True,100
syn-cora-h0.20-r1,StratifiedKFoldDynamic_PageRank_b300,1,2,GAT,100,115,15,1.434164047241211,0.3590604066848755,1.444326400756836,0.39261746406555176,True,100
syn-cora-h0.20-r1,StratifiedKFoldDynamic_PageRank_b300,1,1,GAT,101,117,17,1.4427632093429565,0.3724832236766815,1.3864481449127197,0.39261746406555176,True,100
syn-cora-h0.20-r1,StratifiedKFoldDynamic_PageRank_b300,1,4,GAT,100,113,13,1.3522746562957764,0.4463087320327759,1.373064637184143,0.42281877994537354,True,100
syn-cora-h0.20-r1,StratifiedKFoldDynamic_PageRank_b300,1,3,GAT,100,117,17,1.414373755455017,0.38926175236701965,1.473184585571289,0.34563758969306946,True,100
syn-cora-h0.20-r1,StratifiedKFoldDynamic_PageRank_b300,1,3,GAT,101,116,16,1.4133998155593872,0.3724832236766815,1.4822402000427246,0.3322147727012634,True,100
syn-cora-h0.20-r1,StratifiedKFoldDynamic_PageRank_b300,1,4,GAT,101,115,15,1.3658385276794434,0.42953020334243774,1.380868673324585,0.42617449164390564,True,100
syn-cora-h0.20-r1,StratifiedKFoldDynamic_PageRank_b300,1,5,GAT,101,110,10,1.4142967462539673,0.38255032896995544,1.4199120998382568,0.3657718002796173,True,100
syn-cora-h0.20-r1,StratifiedKFoldDynamic_PageRank_b300,1,5,GAT,100,114,14,1.4063838720321655,0.3691275119781494,1.3908368349075317,0.4026845693588257,True,100
syn-cora-h0.20-r1,StratifiedKFoldDynamic_EigCentrality_b300,1,1,GAT,101,112,12,1.374224305152893,0.43959730863571167,1.4740910530090332,0.3590604066848755,True,100
syn-cora-h0.20-r1,StratifiedKFoldDynamic_EigCentrality_b300,1,1,GAT,100,113,13,1.3446667194366455,0.43624159693717957,1.4708560705184937,0.3691275119781494,True,100
syn-cora-h0.20-r1,StratifiedKFoldDynamic_EigCentrality_b300,1,2,GAT,100,115,15,1.3720793724060059,0.43624159693717957,1.365929126739502,0.4194630980491638,True,100
syn-cora-h0.20-r1,StratifiedKFoldDynamic_EigCentrality_b300,1,2,GAT,101,115,15,1.3723738193511963,0.42617449164390564,1.3848035335540771,0.4060402810573578,True,100
syn-cora-h0.20-r1,StratifiedKFoldDynamic_EigCentrality_b300,1,3,GAT,101,111,11,1.4029126167297363,0.43959730863571167,1.3776401281356812,0.42617449164390564,True,100
syn-cora-h0.20-r1,StratifiedKFoldDynamic_EigCentrality_b300,1,3,GAT,100,119,19,1.3976610898971558,0.38926175236701965,1.3773179054260254,0.3993288576602936,True,100
syn-cora-h0.20-r1,StratifiedKFoldDynamic_EigCentrality_b300,1,4,GAT,100,114,14,1.3811681270599365,0.4127516746520996,1.396299958229065,0.4093959629535675,True,100
syn-cora-h0.20-r1,StratifiedKFoldDynamic_EigCentrality_b300,1,4,GAT,101,114,14,1.4179848432540894,0.37919461727142334,1.404491901397705,0.3691275119781494,True,100
syn-cora-h0.20-r1,StratifiedKFoldDynamic_EigCentrality_b300,1,5,GAT,100,113,13,1.4469449520111084,0.38255032896995544,1.3526111841201782,0.4429530203342438,True,100
syn-cora-h0.20-r1,StratifiedKFoldDynamic_EigCentrality_b300,1,5,GAT,101,112,12,1.4531564712524414,0.34563758969306946,1.3653159141540527,0.43624159693717957,True,100
syn-cora-h0.20-r1,StratifiedKFoldDynamic_Clustering_b300,1,1,GAT,101,111,11,1.4409725666046143,0.38255032896995544,1.3647657632827759,0.46979865431785583,True,100
syn-cora-h0.20-r1,StratifiedKFoldDynamic_Clustering_b300,1,2,GAT,100,111,11,1.4031455516815186,0.37919461727142334,1.4380302429199219,0.3590604066848755,True,100
syn-cora-h0.20-r1,StratifiedKFoldDynamic_Clustering_b300,1,2,GAT,101,114,14,1.4188288450241089,0.3657718002796173,1.4481792449951172,0.3590604066848755,True,100
syn-cora-h0.20-r1,StratifiedKFoldDynamic_Clustering_b300,1,1,GAT,100,119,19,1.4455718994140625,0.38255032896995544,1.3517462015151978,0.4530201256275177,True,100
syn-cora-h0.20-r1,StratifiedKFoldDynamic_Clustering_b300,1,3,GAT,100,113,13,1.389986515045166,0.4093959629535675,1.4035289287567139,0.3993288576602936,True,100
syn-cora-h0.20-r1,StratifiedKFoldDynamic_Clustering_b300,1,3,GAT,101,114,14,1.4408515691757202,0.3758389353752136,1.4314740896224976,0.34563758969306946,True,100
syn-cora-h0.20-r1,StratifiedKFoldDynamic_Clustering_b300,1,4,GAT,100,113,13,1.3857839107513428,0.3959731459617615,1.395634651184082,0.4026845693588257,True,100
syn-cora-h0.20-r1,StratifiedKFoldDynamic_Clustering_b300,1,4,GAT,101,118,18,1.3899939060211182,0.39261746406555176,1.4511985778808594,0.3624161183834076,True,100
syn-cora-h0.20-r1,StratifiedKFoldDynamic_Clustering_b300,1,5,GAT,101,113,13,1.3500900268554688,0.43959730863571167,1.3932929039001465,0.4026845693588257,True,100
syn-cora-h0.20-r1,StratifiedKFoldDynamic_Clustering_b300,1,5,GAT,100,118,18,1.3194670677185059,0.4597315490245819,1.3950090408325195,0.38255032896995544,True,100
syn-cora-h0.20-r1,RandomKFold,2,1,GAT,100,113,13,1.4186155796051025,0.3724832236766815,1.3974310159683228,0.4060402810573578,True,100
syn-cora-h0.20-r1,RandomKFold,2,2,GAT,100,115,15,1.3820527791976929,0.4194630980491638,1.4145656824111938,0.38255032896995544,True,100
syn-cora-h0.20-r1,RandomKFold,2,2,GAT,101,113,13,1.4157112836837769,0.3758389353752136,1.4268033504486084,0.3624161183834076,True,100
syn-cora-h0.20-r1,RandomKFold,2,1,GAT,101,115,15,1.406832218170166,0.38590604066848755,1.4435216188430786,0.3590604066848755,True,100
syn-cora-h0.20-r1,RandomKFold,2,3,GAT,100,113,13,1.3764293193817139,0.42617449164390564,1.3877204656600952,0.4093959629535675,True,100
syn-cora-h0.20-r1,RandomKFold,2,4,GAT,100,113,13,1.4152976274490356,0.38590604066848755,1.3813433647155762,0.4161073863506317,True,100
syn-cora-h0.20-r1,RandomKFold,2,4,GAT,101,111,11,1.4111047983169556,0.3724832236766815,1.3982932567596436,0.4060402810573578,True,100
syn-cora-h0.20-r1,RandomKFold,2,3,GAT,101,114,14,1.3941423892974854,0.4026845693588257,1.4047240018844604,0.38590604066848755,True,100
syn-cora-h0.20-r1,RandomKFold,2,5,GAT,101,111,11,1.4305089712142944,0.37919461727142334,1.40828537940979,0.3691275119781494,True,100
syn-cora-h0.20-r1,RandomKFold,2,5,GAT,100,115,15,1.4158159494400024,0.38255032896995544,1.4190750122070312,0.3590604066848755,True,100
syn-cora-h0.20-r1,LabelStratifiedKFold,2,1,GAT,100,113,13,1.4116605520248413,0.3993288576602936,1.3640495538711548,0.4093959629535675,True,100
syn-cora-h0.20-r1,LabelStratifiedKFold,2,2,GAT,100,113,13,1.3948893547058105,0.3758389353752136,1.3919768333435059,0.4060402810573578,True,100
syn-cora-h0.20-r1,LabelStratifiedKFold,2,2,GAT,101,115,15,1.4069085121154785,0.3959731459617615,1.4077062606811523,0.4161073863506317,True,100
syn-cora-h0.20-r1,LabelStratifiedKFold,2,1,GAT,101,114,14,1.408983588218689,0.4093959629535675,1.3887439966201782,0.4093959629535675,True,100
syn-cora-h0.20-r1,LabelStratifiedKFold,2,3,GAT,101,111,11,1.422245979309082,0.4093959629535675,1.4290201663970947,0.3993288576602936,True,100
syn-cora-h0.20-r1,LabelStratifiedKFold,2,4,GAT,100,113,13,1.410332202911377,0.39261746406555176,1.3744983673095703,0.4093959629535675,True,100
syn-cora-h0.20-r1,LabelStratifiedKFold,2,4,GAT,101,115,15,1.4262940883636475,0.33892616629600525,1.3850882053375244,0.43624159693717957,True,100
syn-cora-h0.20-r1,LabelStratifiedKFold,2,3,GAT,100,117,17,1.4056692123413086,0.4127516746520996,1.4210761785507202,0.3624161183834076,True,100
syn-cora-h0.20-r1,LabelStratifiedKFold,2,5,GAT,100,114,14,1.3641386032104492,0.42617449164390564,1.4347898960113525,0.4060402810573578,True,100
syn-cora-h0.20-r1,LabelStratifiedKFold,2,5,GAT,101,111,11,1.4029772281646729,0.4060402810573578,1.4453092813491821,0.3691275119781494,True,100
syn-cora-h0.20-r1,StratifiedKFoldDynamic_Degree_b300,2,2,GAT,100,112,12,1.3591994047164917,0.4093959629535675,1.4017999172210693,0.42281877994537354,True,100
syn-cora-h0.20-r1,StratifiedKFoldDynamic_Degree_b300,2,1,GAT,101,114,14,1.376699686050415,0.4127516746520996,1.411904215812683,0.4161073863506317,True,100
syn-cora-h0.20-r1,StratifiedKFoldDynamic_Degree_b300,2,2,GAT,101,115,15,1.3826940059661865,0.38926175236701965,1.4105820655822754,0.39261746406555176,True,100
syn-cora-h0.20-r1,StratifiedKFoldDynamic_Degree_b300,2,1,GAT,100,120,20,1.384345293045044,0.42617449164390564,1.4340046644210815,0.37919461727142334,True,100
syn-cora-h0.20-r1,StratifiedKFoldDynamic_Degree_b300,2,3,GAT,100,112,12,1.4284605979919434,0.4127516746520996,1.3504667282104492,0.43959730863571167,True,100
syn-cora-h0.20-r1,StratifiedKFoldDynamic_Degree_b300,2,3,GAT,101,115,15,1.4367152452468872,0.4093959629535675,1.3762916326522827,0.4563758373260498,True,100
syn-cora-h0.20-r1,StratifiedKFoldDynamic_Degree_b300,2,4,GAT,100,115,15,1.3617535829544067,0.4194630980491638,1.4385219812393188,0.3590604066848755,True,100
syn-cora-h0.20-r1,StratifiedKFoldDynamic_Degree_b300,2,4,GAT,101,112,12,1.3982834815979004,0.3993288576602936,1.4370718002319336,0.3959731459617615,True,100
syn-cora-h0.20-r1,StratifiedKFoldDynamic_Degree_b300,2,5,GAT,100,114,14,1.3934324979782104,0.3724832236766815,1.3659430742263794,0.39261746406555176,True,100
syn-cora-h0.20-r1,StratifiedKFoldDynamic_Degree_b300,2,5,GAT,101,112,12,1.410285234451294,0.38590604066848755,1.3968379497528076,0.3724832236766815,True,100
syn-cora-h0.20-r1,StratifiedKFoldDynamic_NeighHet_b300,2,1,GAT,100,112,12,1.405253291130066,0.3959731459617615,1.3718724250793457,0.4093959629535675,True,100
syn-cora-h0.20-r1,StratifiedKFoldDynamic_NeighHet_b300,2,2,GAT,100,111,11,1.4244996309280396,0.38590604066848755,1.4061611890792847,0.39261746406555176,True,100
syn-cora-h0.20-r1,StratifiedKFoldDynamic_NeighHet_b300,2,2,GAT,101,113,13,1.4225692749023438,0.4026845693588257,1.4092992544174194,0.4127516746520996,True,100
syn-cora-h0.20-r1,StratifiedKFoldDynamic_NeighHet_b300,2,1,GAT,101,117,17,1.4072242975234985,0.3724832236766815,1.3688503503799438,0.38255032896995544,True,100
syn-cora-h0.20-r1,StratifiedKFoldDynamic_NeighHet_b300,2,3,GAT,100,113,13,1.3776601552963257,0.3993288576602936,1.4202319383621216,0.42617449164390564,True,100
syn-cora-h0.20-r1,StratifiedKFoldDynamic_NeighHet_b300,2,3,GAT,101,114,14,1.4099195003509521,0.38926175236701965,1.4223403930664062,0.4026845693588257,True,100
syn-cora-h0.20-r1,StratifiedKFoldDynamic_NeighHet_b300,2,4,GAT,100,114,14,1.381098747253418,0.4161073863506317,1.4152839183807373,0.38255032896995544,True,100
syn-cora-h0.20-r1,StratifiedKFoldDynamic_NeighHet_b300,2,4,GAT,101,115,15,1.3979151248931885,0.4127516746520996,1.425333857536316,0.3557046949863434,True,100
syn-cora-h0.20-r1,StratifiedKFoldDynamic_NeighHet_b300,2,5,GAT,100,113,13,1.3837385177612305,0.3959731459617615,1.389700174331665,0.4127516746520996,True,100
syn-cora-h0.20-r1,StratifiedKFoldDynamic_NeighHet_b300,2,5,GAT,101,116,16,1.3787200450897217,0.37919461727142334,1.3786650896072388,0.3993288576602936,True,100
syn-cora-h0.20-r1,StratifiedKFoldDynamic_PageRank_b300,2,2,GAT,101,112,12,1.4349002838134766,0.38926175236701965,1.351203441619873,0.5033556818962097,True,100
syn-cora-h0.20-r1,StratifiedKFoldDynamic_PageRank_b300,2,1,GAT,101,115,15,1.3535919189453125,0.43288591504096985,1.422055721282959,0.38590604066848755,True,100
syn-cora-h0.20-r1,StratifiedKFoldDynamic_PageRank_b300,2,1,GAT,100,117,17,1.3354532718658447,0.4429530203342438,1.4292882680892944,0.33892616629600525,True,100
syn-cora-h0.20-r1,StratifiedKFoldDynamic_PageRank_b300,2,2,GAT,100,115,15,1.4256925582885742,0.3691275119781494,1.3319517374038696,0.4966442883014679,True,100
syn-cora-h0.20-r1,StratifiedKFoldDynamic_PageRank_b300,2,3,GAT,100,113,13,1.4432355165481567,0.3523489832878113,1.4166591167449951,0.38926175236701965,True,100
syn-cora-h0.20-r1,StratifiedKFoldDynamic_PageRank_b300,2,3,GAT,101,112,12,1.454519271850586,0.3255033493041992,1.4390863180160522,0.3758389353752136,True,100
syn-cora-h0.20-r1,StratifiedKFoldDynamic_PageRank_b300,2,4,GAT,101,114,14,1.4254086017608643,0.38590604066848755,1.453378438949585,0.39261746406555176,True,100
syn-cora-h0.20-r1,StratifiedKFoldDynamic_PageRank_b300,2,4,GAT,100,113,13,1.3748496770858765,0.42617449164390564,1.4460177421569824,0.3959731459617615,True,100
syn-cora-h0.20-r1,StratifiedKFoldDynamic_PageRank_b300,2,5,GAT,100,113,13,1.3967368602752686,0.3657718002796173,1.3891122341156006,0.3959731459617615,True,100
syn-cora-h0.20-r1,StratifiedKFoldDynamic_PageRank_b300,2,5,GAT,101,114,14,1.3971314430236816,0.39261746406555176,1.4135451316833496,0.3758389353752136,True,100
syn-cora-h0.20-r1,StratifiedKFoldDynamic_EigCentrality_b300,2,1,GAT,101,114,14,1.3829604387283325,0.3959731459617615,1.3725749254226685,0.449664443731308,True,100
syn-cora-h0.20-r1,StratifiedKFoldDynamic_EigCentrality_b300,2,2,GAT,100,115,15,1.3850425481796265,0.42617449164390564,1.3862287998199463,0.4026845693588257,True,100
syn-cora-h0.20-r1,StratifiedKFoldDynamic_EigCentrality_b300,2,2,GAT,101,116,16,1.409850001335144,0.39261746406555176,1.3903043270111084,0.3557046949863434,True,100
syn-cora-h0.20-r1,StratifiedKFoldDynamic_EigCentrality_b300,2,1,GAT,100,122,22,1.3870892524719238,0.4026845693588257,1.3776365518569946,0.4127516746520996,True,100
syn-cora-h0.20-r1,StratifiedKFoldDynamic_EigCentrality_b300,2,3,GAT,101,111,11,1.4342421293258667,0.3590604066848755,1.401305913925171,0.3959731459617615,True,100
syn-cora-h0.20-r1,StratifiedKFoldDynamic_EigCentrality_b300,2,3,GAT,100,113,13,1.4133020639419556,0.3624161183834076,1.3836472034454346,0.4194630980491638,True,100
syn-cora-h0.20-r1,StratifiedKFoldDynamic_EigCentrality_b300,2,4,GAT,101,111,11,1.4053658246994019,0.3691275119781494,1.4368523359298706,0.34228187799453735,True,100
syn-cora-h0.20-r1,StratifiedKFoldDynamic_EigCentrality_b300,2,4,GAT,100,115,15,1.371384859085083,0.4060402810573578,1.4249235391616821,0.3523489832878113,True,100
syn-cora-h0.20-r1,StratifiedKFoldDynamic_EigCentrality_b300,2,5,GAT,101,115,15,1.3596705198287964,0.43959730863571167,1.3941547870635986,0.3590604066848755,True,100
syn-cora-h0.20-r1,StratifiedKFoldDynamic_EigCentrality_b300,2,5,GAT,100,123,23,1.344376564025879,0.43288591504096985,1.3959219455718994,0.3657718002796173,True,100
syn-cora-h0.20-r1,StratifiedKFoldDynamic_Clustering_b300,2,2,GAT,101,112,12,1.3883379697799683,0.4194630980491638,1.4550764560699463,0.34228187799453735,True,100
syn-cora-h0.20-r1,StratifiedKFoldDynamic_Clustering_b300,2,1,GAT,101,114,14,1.4333372116088867,0.3724832236766815,1.397156834602356,0.4127516746520996,True,100
syn-cora-h0.20-r1,StratifiedKFoldDynamic_Clustering_b300,2,1,GAT,100,113,13,1.426513671875,0.3993288576602936,1.3933262825012207,0.42617449164390564,True,100
syn-cora-h0.20-r1,StratifiedKFoldDynamic_Clustering_b300,2,2,GAT,100,114,14,1.3638317584991455,0.4161073863506317,1.445635199546814,0.3523489832878113,True,100
syn-cora-h0.20-r1,StratifiedKFoldDynamic_Clustering_b300,2,3,GAT,101,114,14,1.3606404066085815,0.4093959629535675,1.3862701654434204,0.4093959629535675,True,100
syn-cora-h0.20-r1,StratifiedKFoldDynamic_Clustering_b300,2,3,GAT,100,117,17,1.365167260169983,0.3959731459617615,1.3750861883163452,0.4060402810573578,True,100
syn-cora-h0.20-r1,StratifiedKFoldDynamic_Clustering_b300,2,4,GAT,100,116,16,1.4169433116912842,0.38926175236701965,1.3712852001190186,0.38590604066848755,True,100
syn-cora-h0.20-r1,StratifiedKFoldDynamic_Clustering_b300,2,4,GAT,101,117,17,1.4133942127227783,0.42281877994537354,1.388945460319519,0.38255032896995544,True,100
syn-cora-h0.20-r1,StratifiedKFoldDynamic_Clustering_b300,2,5,GAT,100,112,12,1.4201363325119019,0.3959731459617615,1.4131417274475098,0.3993288576602936,True,100
syn-cora-h0.20-r1,StratifiedKFoldDynamic_Clustering_b300,2,5,GAT,101,113,13,1.4230115413665771,0.3959731459617615,1.4217650890350342,0.37919461727142334,True,100
syn-cora-h0.20-r1,RandomKFold,3,1,GAT,101,111,11,1.4575676918029785,0.3758389353752136,1.3971450328826904,0.4127516746520996,True,100
syn-cora-h0.20-r1,RandomKFold,3,1,GAT,100,111,11,1.4255062341690063,0.38255032896995544,1.3756940364837646,0.43288591504096985,True,100
syn-cora-h0.20-r1,RandomKFold,3,2,GAT,100,117,17,1.397616982460022,0.37919461727142334,1.3878722190856934,0.4026845693588257,True,100
syn-cora-h0.20-r1,RandomKFold,3,2,GAT,101,121,21,1.4002400636672974,0.3590604066848755,1.443494200706482,0.34563758969306946,True,100
syn-cora-h0.20-r1,RandomKFold,3,3,GAT,100,117,17,1.3778533935546875,0.42617449164390564,1.4464223384857178,0.3557046949863434,True,100
syn-cora-h0.20-r1,RandomKFold,3,3,GAT,101,115,15,1.3933639526367188,0.4127516746520996,1.469170093536377,0.3523489832878113,True,100
syn-cora-h0.20-r1,RandomKFold,3,4,GAT,100,112,12,1.4119951725006104,0.38255032896995544,1.3533587455749512,0.4463087320327759,True,100
syn-cora-h0.20-r1,RandomKFold,3,4,GAT,101,112,12,1.4036427736282349,0.4127516746520996,1.3673826456069946,0.4429530203342438,True,100
syn-cora-h0.20-r1,RandomKFold,3,5,GAT,100,115,15,1.3617624044418335,0.42617449164390564,1.4386613368988037,0.34228187799453735,True,100
syn-cora-h0.20-r1,RandomKFold,3,5,GAT,101,114,14,1.3674561977386475,0.42953020334243774,1.4177322387695312,0.3657718002796173,True,100
syn-cora-h0.20-r1,LabelStratifiedKFold,3,2,GAT,101,112,12,1.4255510568618774,0.42617449164390564,1.3844631910324097,0.43624159693717957,True,100
syn-cora-h0.20-r1,LabelStratifiedKFold,3,1,GAT,100,113,13,1.3933390378952026,0.42281877994537354,1.365851879119873,0.4026845693588257,True,100
syn-cora-h0.20-r1,LabelStratifiedKFold,3,1,GAT,101,115,15,1.394573450088501,0.4127516746520996,1.3809432983398438,0.4127516746520996,True,100
syn-cora-h0.20-r1,LabelStratifiedKFold,3,2,GAT,100,115,15,1.4173260927200317,0.4060402810573578,1.3793469667434692,0.39261746406555176,True,100
syn-cora-h0.20-r1,LabelStratifiedKFold,3,3,GAT,101,112,12,1.4148330688476562,0.3724832236766815,1.4447687864303589,0.3657718002796173,True,100
syn-cora-h0.20-r1,LabelStratifiedKFold,3,3,GAT,100,113,13,1.380604863166809,0.4429530203342438,1.4416142702102661,0.3557046949863434,True,100
syn-cora-h0.20-r1,LabelStratifiedKFold,3,4,GAT,101,114,14,1.416130542755127,0.3758389353752136,1.410599708557129,0.3724832236766815,True,100
syn-cora-h0.20-r1,LabelStratifiedKFold,3,4,GAT,100,113,13,1.4064228534698486,0.3758389353752136,1.3719203472137451,0.4194630980491638,True,100
syn-cora-h0.20-r1,LabelStratifiedKFold,3,5,GAT,100,117,17,1.35440194606781,0.4026845693588257,1.3958300352096558,0.4194630980491638,True,100
syn-cora-h0.20-r1,LabelStratifiedKFold,3,5,GAT,101,117,17,1.3651773929595947,0.4194630980491638,1.418656826019287,0.4127516746520996,True,100
syn-cora-h0.20-r1,StratifiedKFoldDynamic_Degree_b300,3,1,GAT,101,112,12,1.4306038618087769,0.3691275119781494,1.408751368522644,0.4026845693588257,True,100
syn-cora-h0.20-r1,StratifiedKFoldDynamic_Degree_b300,3,2,GAT,101,114,14,1.3683819770812988,0.42281877994537354,1.4353840351104736,0.34228187799453735,True,100
syn-cora-h0.20-r1,StratifiedKFoldDynamic_Degree_b300,3,1,GAT,100,114,14,1.42295503616333,0.3758389353752136,1.4031105041503906,0.38926175236701965,True,100
syn-cora-h0.20-r1,StratifiedKFoldDynamic_Degree_b300,3,2,GAT,100,115,15,1.3592716455459595,0.42617449164390564,1.414530634880066,0.3657718002796173,True,100
syn-cora-h0.20-r1,StratifiedKFoldDynamic_Degree_b300,3,3,GAT,101,111,11,1.4471039772033691,0.39261746406555176,1.396676778793335,0.3959731459617615,True,100
syn-cora-h0.20-r1,StratifiedKFoldDynamic_Degree_b300,3,4,GAT,100,113,13,1.3627078533172607,0.3758389353752136,1.4178259372711182,0.3590604066848755,True,100
syn-cora-h0.20-r1,StratifiedKFoldDynamic_Degree_b300,3,4,GAT,101,115,15,1.375090479850769,0.38926175236701965,1.4320380687713623,0.3657718002796173,True,100
syn-cora-h0.20-r1,StratifiedKFoldDynamic_Degree_b300,3,3,GAT,100,117,17,1.4131758213043213,0.38590604066848755,1.3848655223846436,0.3724832236766815,True,100
syn-cora-h0.20-r1,StratifiedKFoldDynamic_Degree_b300,3,5,GAT,101,114,14,1.4004385471343994,0.3959731459617615,1.3878417015075684,0.42617449164390564,True,100
syn-cora-h0.20-r1,StratifiedKFoldDynamic_Degree_b300,3,5,GAT,100,119,19,1.3949981927871704,0.38590604066848755,1.3942307233810425,0.3657718002796173,True,100
syn-cora-h0.20-r1,StratifiedKFoldDynamic_NeighHet_b300,3,1,GAT,100,112,12,1.420386552810669,0.3657718002796173,1.4069809913635254,0.39261746406555176,True,100
syn-cora-h0.20-r1,StratifiedKFoldDynamic_NeighHet_b300,3,2,GAT,100,115,15,1.390817642211914,0.3959731459617615,1.415375828742981,0.38926175236701965,True,100
syn-cora-h0.20-r1,StratifiedKFoldDynamic_NeighHet_b300,3,2,GAT,101,115,15,1.419176697731018,0.3624161183834076,1.4206701517105103,0.34899330139160156,True,100
syn-cora-h0.20-r1,StratifiedKFoldDynamic_NeighHet_b300,3,1,GAT,101,115,15,1.4283502101898193,0.34563758969306946,1.4271752834320068,0.4127516746520996,True,100
syn-cora-h0.20-r1,StratifiedKFoldDynamic_NeighHet_b300,3,3,GAT,101,112,12,1.405548095703125,0.4093959629535675,1.4096901416778564,0.4127516746520996,True,100
syn-cora-h0.20-r1,StratifiedKFoldDynamic_NeighHet_b300,3,3,GAT,100,117,17,1.4095607995986938,0.3523489832878113,1.3981634378433228,0.3959731459617615,True,100
syn-cora-h0.20-r1,StratifiedKFoldDynamic_NeighHet_b300,3,4,GAT,101,114,14,1.398715615272522,0.3557046949863434,1.3929489850997925,0.4026845693588257,True,100
syn-cora-h0.20-r1,StratifiedKFoldDynamic_NeighHet_b300,3,4,GAT,100,115,15,1.3748153448104858,0.4161073863506317,1.4062607288360596,0.38926175236701965,True,100
syn-cora-h0.20-r1,StratifiedKFoldDynamic_NeighHet_b300,3,5,GAT,100,115,15,1.395302653312683,0.4161073863506317,1.3770936727523804,0.4127516746520996,True,100
syn-cora-h0.20-r1,StratifiedKFoldDynamic_NeighHet_b300,3,5,GAT,101,115,15,1.42585027217865,0.3959731459617615,1.3982176780700684,0.3758389353752136,True,100
syn-cora-h0.20-r1,StratifiedKFoldDynamic_PageRank_b300,3,1,GAT,101,113,13,1.4275490045547485,0.39261746406555176,1.420295238494873,0.3691275119781494,True,100
syn-cora-h0.20-r1,StratifiedKFoldDynamic_PageRank_b300,3,2,GAT,100,116,16,1.36141836643219,0.3993288576602936,1.4226700067520142,0.33557048439979553,True,100
syn-cora-h0.20-r1,StratifiedKFoldDynamic_PageRank_b300,3,1,GAT,100,117,17,1.3968961238861084,0.4060402810573578,1.3695505857467651,0.4026845693588257,True,100
syn-cora-h0.20-r1,StratifiedKFoldDynamic_PageRank_b300,3,2,GAT,101,118,18,1.3780608177185059,0.3993288576602936,1.4494494199752808,0.3657718002796173,True,100
syn-cora-h0.20-r1,StratifiedKFoldDynamic_PageRank_b300,3,3,GAT,101,112,12,1.387408971786499,0.37919461727142334,1.3848531246185303,0.43624159693717957,True,100
syn-cora-h0.20-r1,StratifiedKFoldDynamic_PageRank_b300,3,3,GAT,100,118,18,1.3860833644866943,0.38926175236701965,1.3805673122406006,0.4161073863506317,True,100
syn-cora-h0.20-r1,StratifiedKFoldDynamic_PageRank_b300,3,4,GAT,100,115,15,1.4065169095993042,0.4194630980491638,1.3642772436141968,0.4194630980491638,True,100
syn-cora-h0.20-r1,StratifiedKFoldDynamic_PageRank_b300,3,4,GAT,101,115,15,1.4159048795700073,0.4127516746520996,1.3645445108413696,0.42281877994537354,True,100
syn-cora-h0.20-r1,StratifiedKFoldDynamic_PageRank_b300,3,5,GAT,100,113,13,1.389626145362854,0.3959731459617615,1.4345791339874268,0.3758389353752136,True,100
syn-cora-h0.20-r1,StratifiedKFoldDynamic_PageRank_b300,3,5,GAT,101,114,14,1.4324114322662354,0.3724832236766815,1.433370590209961,0.3959731459617615,True,100
syn-cora-h0.20-r1,StratifiedKFoldDynamic_EigCentrality_b300,3,2,GAT,101,112,12,1.3766809701919556,0.4194630980491638,1.4290376901626587,0.42281877994537354,True,100
syn-cora-h0.20-r1,StratifiedKFoldDynamic_EigCentrality_b300,3,1,GAT,101,112,12,1.4405701160430908,0.3724832236766815,1.4353746175765991,0.34899330139160156,True,100
syn-cora-h0.20-r1,StratifiedKFoldDynamic_EigCentrality_b300,3,1,GAT,100,113,13,1.4404830932617188,0.3691275119781494,1.4084218740463257,0.3657718002796173,True,100
syn-cora-h0.20-r1,StratifiedKFoldDynamic_EigCentrality_b300,3,2,GAT,100,118,18,1.3722896575927734,0.42617449164390564,1.4303419589996338,0.3959731459617615,True,100
syn-cora-h0.20-r1,StratifiedKFoldDynamic_EigCentrality_b300,3,3,GAT,101,111,11,1.443771481513977,0.34899330139160156,1.3868833780288696,0.4060402810573578,True,100
syn-cora-h0.20-r1,StratifiedKFoldDynamic_EigCentrality_b300,3,3,GAT,100,112,12,1.427939534187317,0.3557046949863434,1.3872945308685303,0.4026845693588257,True,100
syn-cora-h0.20-r1,StratifiedKFoldDynamic_EigCentrality_b300,3,4,GAT,100,113,13,1.3801679611206055,0.4429530203342438,1.4386968612670898,0.3758389353752136,True,100
syn-cora-h0.20-r1,StratifiedKFoldDynamic_EigCentrality_b300,3,4,GAT,101,114,14,1.4067975282669067,0.4093959629535675,1.4574573040008545,0.3624161183834076,True,100
syn-cora-h0.20-r1,StratifiedKFoldDynamic_EigCentrality_b300,3,5,GAT,101,113,13,1.4163246154785156,0.38255032896995544,1.3948532342910767,0.4060402810573578,True,100
syn-cora-h0.20-r1,StratifiedKFoldDynamic_EigCentrality_b300,3,5,GAT,100,114,14,1.380197525024414,0.39261746406555176,1.3785792589187622,0.4194630980491638,True,100
syn-cora-h0.20-r1,StratifiedKFoldDynamic_Clustering_b300,3,1,GAT,101,112,12,1.417290449142456,0.38255032896995544,1.3739668130874634,0.4093959629535675,True,100
syn-cora-h0.20-r1,StratifiedKFoldDynamic_Clustering_b300,3,1,GAT,100,113,13,1.4059865474700928,0.4026845693588257,1.3629286289215088,0.4429530203342438,True,100
syn-cora-h0.20-r1,StratifiedKFoldDynamic_Clustering_b300,3,2,GAT,101,115,15,1.4103480577468872,0.39261746406555176,1.4019078016281128,0.39261746406555176,True,100
syn-cora-h0.20-r1,StratifiedKFoldDynamic_Clustering_b300,3,2,GAT,100,116,16,1.4133974313735962,0.3758389353752136,1.3978368043899536,0.3724832236766815,True,100
syn-cora-h0.20-r1,StratifiedKFoldDynamic_Clustering_b300,3,3,GAT,100,112,12,1.3854990005493164,0.39261746406555176,1.4108854532241821,0.38590604066848755,True,100
syn-cora-h0.20-r1,StratifiedKFoldDynamic_Clustering_b300,3,4,GAT,100,111,11,1.40793776512146,0.39261746406555176,1.4087059497833252,0.37919461727142334,True,100
syn-cora-h0.20-r1,StratifiedKFoldDynamic_Clustering_b300,3,3,GAT,101,113,13,1.38688063621521,0.38255032896995544,1.4100737571716309,0.3758389353752136,True,100
syn-cora-h0.20-r1,StratifiedKFoldDynamic_Clustering_b300,3,4,GAT,101,112,12,1.4095993041992188,0.39261746406555176,1.4160410165786743,0.38926175236701965,True,100
syn-cora-h0.20-r1,StratifiedKFoldDynamic_Clustering_b300,3,5,GAT,101,113,13,1.3552860021591187,0.42953020334243774,1.4040683507919312,0.38926175236701965,True,100
syn-cora-h0.20-r1,StratifiedKFoldDynamic_Clustering_b300,3,5,GAT,100,116,16,1.3267110586166382,0.43288591504096985,1.4129467010498047,0.3657718002796173,True,100
syn-cora-h0.20-r1,RandomKFold,4,2,GAT,100,115,15,1.3554075956344604,0.43288591504096985,1.3521239757537842,0.4563758373260498,True,100
syn-cora-h0.20-r1,RandomKFold,4,2,GAT,101,114,14,1.4058235883712769,0.4060402810573578,1.3867374658584595,0.42953020334243774,True,100
syn-cora-h0.20-r1,RandomKFold,4,1,GAT,101,120,20,1.3640327453613281,0.4429530203342438,1.4211887121200562,0.3523489832878113,True,100
syn-cora-h0.20-r1,RandomKFold,4,1,GAT,100,119,19,1.3496719598770142,0.4597315490245819,1.4211225509643555,0.3624161183834076,True,100
syn-cora-h0.20-r1,RandomKFold,4,3,GAT,101,111,11,1.4353023767471313,0.3959731459617615,1.3988471031188965,0.4127516746520996,True,100
syn-cora-h0.20-r1,RandomKFold,4,4,GAT,100,114,14,1.357451319694519,0.4463087320327759,1.3998454809188843,0.3758389353752136,True,100
syn-cora-h0.20-r1,RandomKFold,4,4,GAT,101,112,12,1.3872621059417725,0.39261746406555176,1.423378825187683,0.3724832236766815,True,100
syn-cora-h0.20-r1,RandomKFold,4,3,GAT,100,117,17,1.415208101272583,0.39261746406555176,1.369107723236084,0.42281877994537354,True,100
syn-cora-h0.20-r1,RandomKFold,4,5,GAT,101,116,16,1.378389596939087,0.4093959629535675,1.3964791297912598,0.4093959629535675,True,100
syn-cora-h0.20-r1,RandomKFold,4,5,GAT,100,124,24,1.411453366279602,0.34563758969306946,1.3865306377410889,0.3959731459617615,True,100
syn-cora-h0.20-r1,LabelStratifiedKFold,4,2,GAT,101,111,11,1.4669526815414429,0.3154362440109253,1.3771708011627197,0.4127516746520996,True,100
syn-cora-h0.20-r1,LabelStratifiedKFold,4,2,GAT,100,113,13,1.4279028177261353,0.38926175236701965,1.3395806550979614,0.449664443731308,True,100
syn-cora-h0.20-r1,LabelStratifiedKFold,4,1,GAT,101,113,13,1.3939125537872314,0.3657718002796173,1.3793359994888306,0.43624159693717957,True,100
syn-cora-h0.20-r1,LabelStratifiedKFold,4,1,GAT,100,115,15,1.3636844158172607,0.42281877994537354,1.3707307577133179,0.42953020334243774,True,100
syn-cora-h0.20-r1,LabelStratifiedKFold,4,4,GAT,101,111,11,1.4062811136245728,0.4161073863506317,1.3881843090057373,0.43288591504096985,True,100
syn-cora-h0.20-r1,LabelStratifiedKFold,4,3,GAT,101,115,15,1.398394227027893,0.3993288576602936,1.5007632970809937,0.281879186630249,True,100
syn-cora-h0.20-r1,LabelStratifiedKFold,4,4,GAT,100,112,12,1.3932831287384033,0.3993288576602936,1.3967372179031372,0.42953020334243774,True,100
syn-cora-h0.20-r1,LabelStratifiedKFold,4,3,GAT,100,119,19,1.3843806982040405,0.4127516746520996,1.4759736061096191,0.3288590610027313,True,100
syn-cora-h0.20-r1,LabelStratifiedKFold,4,5,GAT,101,114,14,1.3398078680038452,0.5067114233970642,1.4150968790054321,0.38590604066848755,True,100
syn-cora-h0.20-r1,LabelStratifiedKFold,4,5,GAT,100,120,20,1.361698031425476,0.43624159693717957,1.3980697393417358,0.38590604066848755,True,100
syn-cora-h0.20-r1,StratifiedKFoldDynamic_Degree_b300,4,1,GAT,100,113,13,1.3814806938171387,0.4060402810573578,1.4115796089172363,0.3993288576602936,True,100
syn-cora-h0.20-r1,StratifiedKFoldDynamic_Degree_b300,4,2,GAT,100,114,14,1.385026216506958,0.3959731459617615,1.370253086090088,0.4161073863506317,True,100
syn-cora-h0.20-r1,StratifiedKFoldDynamic_Degree_b300,4,2,GAT,101,115,15,1.4247173070907593,0.38255032896995544,1.3949397802352905,0.4060402810573578,True,100
syn-cora-h0.20-r1,StratifiedKFoldDynamic_Degree_b300,4,1,GAT,101,119,19,1.3909205198287964,0.3993288576602936,1.4580059051513672,0.3590604066848755,True,100
syn-cora-h0.20-r1,StratifiedKFoldDynamic_Degree_b300,4,3,GAT,101,112,12,1.4167194366455078,0.38926175236701965,1.3906656503677368,0.4161073863506317,True,100
syn-cora-h0.20-r1,StratifiedKFoldDynamic_Degree_b300,4,3,GAT,100,114,14,1.398744821548462,0.4161073863506317,1.3751227855682373,0.4429530203342438,True,100
syn-cora-h0.20-r1,StratifiedKFoldDynamic_Degree_b300,4,4,GAT,100,112,12,1.4109458923339844,0.43959730863571167,1.4231560230255127,0.38255032896995544,True,100
syn-cora-h0.20-r1,StratifiedKFoldDynamic_Degree_b300,4,4,GAT,101,114,14,1.379950761795044,0.43288591504096985,1.4349805116653442,0.3624161183834076,True,100
syn-cora-h0.20-r1,StratifiedKFoldDynamic_Degree_b300,4,5,GAT,100,113,13,1.3938405513763428,0.3724832236766815,1.39821457862854,0.42617449164390564,True,100
syn-cora-h0.20-r1,StratifiedKFoldDynamic_Degree_b300,4,5,GAT,101,114,14,1.4088292121887207,0.38255032896995544,1.390006184577942,0.4093959629535675,True,100
syn-cora-h0.20-r1,StratifiedKFoldDynamic_NeighHet_b300,4,2,GAT,101,111,11,1.4121681451797485,0.42281877994537354,1.377373456954956,0.42617449164390564,True,100
syn-cora-h0.20-r1,StratifiedKFoldDynamic_NeighHet_b300,4,2,GAT,100,115,15,1.3792293071746826,0.38926175236701965,1.3719738721847534,0.4194630980491638,True,100
syn-cora-h0.20-r1,StratifiedKFoldDynamic_NeighHet_b300,4,1,GAT,101,115,15,1.3828095197677612,0.38590604066848755,1.4187519550323486,0.4026845693588257,True,100
syn-cora-h0.20-r1,StratifiedKFoldDynamic_NeighHet_b300,4,1,GAT,100,117,17,1.384381651878357,0.4026845693588257,1.4078067541122437,0.38926175236701965,True,100
syn-cora-h0.20-r1,StratifiedKFoldDynamic_NeighHet_b300,4,3,GAT,101,111,11,1.429092288017273,0.3590604066848755,1.4189116954803467,0.4060402810573578,True,100
syn-cora-h0.20-r1,StratifiedKFoldDynamic_NeighHet_b300,4,3,GAT,100,117,17,1.3972961902618408,0.39261746406555176,1.3994935750961304,0.38255032896995544,True,100
syn-cora-h0.20-r1,StratifiedKFoldDynamic_NeighHet_b300,4,4,GAT,101,115,15,1.35948646068573,0.42617449164390564,1.417040228843689,0.3657718002796173,True,100
syn-cora-h0.20-r1,StratifiedKFoldDynamic_NeighHet_b300,4,4,GAT,100,119,19,1.336077094078064,0.4597315490245819,1.4088190793991089,0.3758389353752136,True,100
syn-cora-h0.20-r1,StratifiedKFoldDynamic_NeighHet_b300,4,5,GAT,100,112,12,1.4186437129974365,0.38926175236701965,1.3475546836853027,0.47986575961112976,True,100
syn-cora-h0.20-r1,StratifiedKFoldDynamic_NeighHet_b300,4,5,GAT,101,115,15,1.4355660676956177,0.3590604066848755,1.360694169998169,0.43624159693717957,True,100
syn-cora-h0.20-r1,StratifiedKFoldDynamic_PageRank_b300,4,1,GAT,101,112,12,1.4135956764221191,0.3959731459617615,1.4099849462509155,0.3758389353752136,True,100
syn-cora-h0.20-r1,StratifiedKFoldDynamic_PageRank_b300,4,2,GAT,101,116,16,1.3840597867965698,0.4026845693588257,1.4113717079162598,0.3624161183834076,True,100
syn-cora-h0.20-r1,StratifiedKFoldDynamic_PageRank_b300,4,2,GAT,100,115,15,1.3655294179916382,0.43959730863571167,1.401132345199585,0.4194630980491638,True,100
syn-cora-h0.20-r1,StratifiedKFoldDynamic_PageRank_b300,4,1,GAT,100,117,17,1.402826189994812,0.37919461727142334,1.4036920070648193,0.38255032896995544,True,100
syn-cora-h0.20-r1,StratifiedKFoldDynamic_PageRank_b300,4,4,GAT,100,112,12,1.4322142601013184,0.38255032896995544,1.383142352104187,0.42953020334243774,True,100
syn-cora-h0.20-r1,StratifiedKFoldDynamic_PageRank_b300,4,3,GAT,100,119,19,1.3743059635162354,0.42281877994537354,1.3758505582809448,0.3993288576602936,True,100
syn-cora-h0.20-r1,StratifiedKFoldDynamic_PageRank_b300,4,4,GAT,101,111,11,1.43781578540802,0.39261746406555176,1.3864717483520508,0.449664443731308,True,100
syn-cora-h0.20-r1,StratifiedKFoldDynamic_PageRank_b300,4,3,GAT,101,118,18,1.3669695854187012,0.42281877994537354,1.4096471071243286,0.4060402810573578,True,100
syn-cora-h0.20-r1,StratifiedKFoldDynamic_PageRank_b300,4,5,GAT,100,116,16,1.3943071365356445,0.4060402810573578,1.3987150192260742,0.4127516746520996,True,100
syn-cora-h0.20-r1,StratifiedKFoldDynamic_PageRank_b300,4,5,GAT,101,115,15,1.398276686668396,0.42617449164390564,1.411962866783142,0.38255032896995544,True,100
syn-cora-h0.20-r1,StratifiedKFoldDynamic_EigCentrality_b300,4,1,GAT,101,116,16,1.417142391204834,0.3724832236766815,1.411270260810852,0.3758389353752136,True,100
syn-cora-h0.20-r1,StratifiedKFoldDynamic_EigCentrality_b300,4,1,GAT,100,117,17,1.3949657678604126,0.4194630980491638,1.4408584833145142,0.3724832236766815,True,100
syn-cora-h0.20-r1,StratifiedKFoldDynamic_EigCentrality_b300,4,2,GAT,100,117,17,1.3890401124954224,0.42281877994537354,1.392531394958496,0.3959731459617615,True,100
syn-cora-h0.20-r1,StratifiedKFoldDynamic_EigCentrality_b300,4,2,GAT,101,116,16,1.3912415504455566,0.4026845693588257,1.4143608808517456,0.3590604066848755,True,100
syn-cora-h0.20-r1,StratifiedKFoldDynamic_EigCentrality_b300,4,4,GAT,100,114,14,1.3900126218795776,0.43288591504096985,1.3839904069900513,0.4060402810573578,True,100
syn-cora-h0.20-r1,StratifiedKFoldDynamic_EigCentrality_b300,4,3,GAT,100,115,15,1.3773930072784424,0.4026845693588257,1.3913816213607788,0.38590604066848755,True,100
syn-cora-h0.20-r1,StratifiedKFoldDynamic_EigCentrality_b300,4,3,GAT,101,115,15,1.3877619504928589,0.38926175236701965,1.4080835580825806,0.37919461727142334,True,100
syn-cora-h0.20-r1,StratifiedKFoldDynamic_EigCentrality_b300,4,4,GAT,101,112,12,1.4168939590454102,0.42617449164390564,1.3584997653961182,0.4161073863506317,True,100
syn-cora-h0.20-r1,StratifiedKFoldDynamic_EigCentrality_b300,4,5,GAT,101,114,14,1.396604061126709,0.4161073863506317,1.420282006263733,0.38926175236701965,True,100
syn-cora-h0.20-r1,StratifiedKFoldDynamic_EigCentrality_b300,4,5,GAT,100,115,15,1.4122717380523682,0.37919461727142334,1.3832296133041382,0.38590604066848755,True,100
syn-cora-h0.20-r1,StratifiedKFoldDynamic_Clustering_b300,4,1,GAT,101,114,14,1.4039829969406128,0.37919461727142334,1.4238979816436768,0.3758389353752136,True,100
syn-cora-h0.20-r1,StratifiedKFoldDynamic_Clustering_b300,4,1,GAT,100,114,14,1.393492579460144,0.3993288576602936,1.3919485807418823,0.39261746406555176,True,100
syn-cora-h0.20-r1,StratifiedKFoldDynamic_Clustering_b300,4,2,GAT,100,114,14,1.4162567853927612,0.3590604066848755,1.4129635095596313,0.3993288576602936,True,100
syn-cora-h0.20-r1,StratifiedKFoldDynamic_Clustering_b300,4,2,GAT,101,115,15,1.4245115518569946,0.38926175236701965,1.4163758754730225,0.38590604066848755,True,100
syn-cora-h0.20-r1,StratifiedKFoldDynamic_Clustering_b300,4,3,GAT,101,111,11,1.403566837310791,0.4530201256275177,1.4159820079803467,0.3557046949863434,True,100
syn-cora-h0.20-r1,StratifiedKFoldDynamic_Clustering_b300,4,4,GAT,101,112,12,1.3976171016693115,0.39261746406555176,1.388933539390564,0.39261746406555176,True,100
syn-cora-h0.20-r1,StratifiedKFoldDynamic_Clustering_b300,4,3,GAT,100,113,13,1.3828322887420654,0.42281877994537354,1.40607488155365,0.3724832236766815,True,100
syn-cora-h0.20-r1,StratifiedKFoldDynamic_Clustering_b300,4,4,GAT,100,117,17,1.3950660228729248,0.3959731459617615,1.3716981410980225,0.4093959629535675,True,100
syn-cora-h0.20-r1,StratifiedKFoldDynamic_Clustering_b300,4,5,GAT,101,114,14,1.415105938911438,0.42281877994537354,1.3969287872314453,0.4026845693588257,True,100
syn-cora-h0.20-r1,StratifiedKFoldDynamic_Clustering_b300,4,5,GAT,100,116,16,1.370275616645813,0.4093959629535675,1.410624384880066,0.4093959629535675,True,100
syn-cora-h0.30-r1,RandomKFold,0,2,GAT,100,113,13,1.273208498954773,0.4429530203342438,1.2547709941864014,0.4966442883014679,True,100
syn-cora-h0.30-r1,RandomKFold,0,2,GAT,101,114,14,1.3027658462524414,0.43288591504096985,1.2780303955078125,0.5067114233970642,True,100
syn-cora-h0.30-r1,RandomKFold,0,1,GAT,100,117,17,1.2507392168045044,0.5,1.277005672454834,0.47315436601638794,True,100
syn-cora-h0.30-r1,RandomKFold,0,1,GAT,101,117,17,1.2735486030578613,0.4530201256275177,1.2580170631408691,0.46644294261932373,True,100
syn-cora-h0.30-r1,RandomKFold,0,3,GAT,100,114,14,1.2131930589675903,0.536912739276886,1.2950652837753296,0.42953020334243774,True,100
syn-cora-h0.30-r1,RandomKFold,0,4,GAT,100,113,13,1.2570477724075317,0.48657718300819397,1.2234487533569336,0.5201342105865479,True,100
syn-cora-h0.30-r1,RandomKFold,0,3,GAT,101,115,15,1.2429492473602295,0.5067114233970642,1.28984797000885,0.43624159693717957,True,100
syn-cora-h0.30-r1,RandomKFold,0,4,GAT,101,116,16,1.2818723917007446,0.46644294261932373,1.263093113899231,0.4966442883014679,True,100
syn-cora-h0.30-r1,RandomKFold,0,5,GAT,100,113,13,1.2607825994491577,0.4563758373260498,1.255990743637085,0.4966442883014679,True,100
syn-cora-h0.30-r1,RandomKFold,0,5,GAT,101,115,15,1.2587684392929077,0.5067114233970642,1.263384461402893,0.47651007771492004,True,100
syn-cora-h0.30-r1,LabelStratifiedKFold,0,2,GAT,100,113,13,1.268933653831482,0.48657718300819397,1.2590782642364502,0.4966442883014679,True,100
syn-cora-h0.30-r1,LabelStratifiedKFold,0,1,GAT,100,114,14,1.271663784980774,0.48322147130966187,1.2124378681182861,0.5436241626739502,True,100
syn-cora-h0.30-r1,LabelStratifiedKFold,0,1,GAT,101,115,15,1.2920186519622803,0.43288591504096985,1.2074016332626343,0.5167785286903381,True,100
syn-cora-h0.30-r1,LabelStratifiedKFold,0,2,GAT,101,116,16,1.2824208736419678,0.46644294261932373,1.3049477338790894,0.463087260723114,True,100
syn-cora-h0.30-r1,LabelStratifiedKFold,0,4,GAT,100,114,14,1.2430307865142822,0.5067114233970642,1.2361265420913696,0.4429530203342438,True,100
syn-cora-h0.30-r1,LabelStratifiedKFold,0,3,GAT,101,116,16,1.2447378635406494,0.47315436601638794,1.2783377170562744,0.4429530203342438,True,100
syn-cora-h0.30-r1,LabelStratifiedKFold,0,4,GAT,101,113,13,1.2638860940933228,0.5100671052932739,1.2705473899841309,0.47986575961112976,True,100
syn-cora-h0.30-r1,LabelStratifiedKFold,0,3,GAT,100,119,19,1.2117475271224976,0.48322147130966187,1.2860808372497559,0.463087260723114,True,100
syn-cora-h0.30-r1,LabelStratifiedKFold,0,5,GAT,100,114,14,1.218955397605896,0.5,1.2425106763839722,0.46979865431785583,True,100
syn-cora-h0.30-r1,LabelStratifiedKFold,0,5,GAT,101,112,12,1.2253899574279785,0.5167785286903381,1.2620011568069458,0.46979865431785583,True,100
syn-cora-h0.30-r1,StratifiedKFoldDynamic_Degree_b300,0,1,GAT,101,111,11,1.3173446655273438,0.4530201256275177,1.2851083278656006,0.4966442883014679,True,100
syn-cora-h0.30-r1,StratifiedKFoldDynamic_Degree_b300,0,1,GAT,100,113,13,1.2741564512252808,0.463087260723114,1.2603759765625,0.4966442883014679,True,100
syn-cora-h0.30-r1,StratifiedKFoldDynamic_Degree_b300,0,2,GAT,101,115,15,1.2574409246444702,0.48657718300819397,1.263970136642456,0.47315436601638794,True,100
syn-cora-h0.30-r1,StratifiedKFoldDynamic_Degree_b300,0,2,GAT,100,122,22,1.2362840175628662,0.5234899520874023,1.2633006572723389,0.4899328947067261,True,100
syn-cora-h0.30-r1,StratifiedKFoldDynamic_Degree_b300,0,3,GAT,100,114,14,1.2415000200271606,0.5100671052932739,1.2751657962799072,0.449664443731308,True,100
syn-cora-h0.30-r1,StratifiedKFoldDynamic_Degree_b300,0,4,GAT,100,113,13,1.2557016611099243,0.4597315490245819,1.2317893505096436,0.5067114233970642,True,100
syn-cora-h0.30-r1,StratifiedKFoldDynamic_Degree_b300,0,3,GAT,101,116,16,1.2643365859985352,0.46979865431785583,1.3002138137817383,0.4530201256275177,True,100
syn-cora-h0.30-r1,StratifiedKFoldDynamic_Degree_b300,0,4,GAT,101,116,16,1.2789380550384521,0.4429530203342438,1.2699047327041626,0.5067114233970642,True,100
syn-cora-h0.30-r1,StratifiedKFoldDynamic_Degree_b300,0,5,GAT,100,113,13,1.2322789430618286,0.5067114233970642,1.2598761320114136,0.463087260723114,True,100
syn-cora-h0.30-r1,StratifiedKFoldDynamic_Degree_b300,0,5,GAT,101,118,18,1.2390881776809692,0.48322147130966187,1.2729859352111816,0.4530201256275177,True,100
syn-cora-h0.30-r1,StratifiedKFoldDynamic_NeighHet_b300,0,1,GAT,101,115,15,1.240897536277771,0.5234899520874023,1.3122490644454956,0.43959730863571167,True,100
syn-cora-h0.30-r1,StratifiedKFoldDynamic_NeighHet_b300,0,2,GAT,100,114,14,1.2442454099655151,0.4932885766029358,1.2702594995498657,0.47315436601638794,True,100
syn-cora-h0.30-r1,StratifiedKFoldDynamic_NeighHet_b300,0,2,GAT,101,116,16,1.248543620109558,0.4966442883014679,1.2570366859436035,0.4899328947067261,True,100
syn-cora-h0.30-r1,StratifiedKFoldDynamic_NeighHet_b300,0,1,GAT,100,128,28,1.2625987529754639,0.5234899520874023,1.320267677307129,0.449664443731308,True,100
syn-cora-h0.30-r1,StratifiedKFoldDynamic_NeighHet_b300,0,3,GAT,100,114,14,1.215844750404358,0.536912739276886,1.2280998229980469,0.4899328947067261,True,100
syn-cora-h0.30-r1,StratifiedKFoldDynamic_NeighHet_b300,0,3,GAT,101,115,15,1.2547829151153564,0.46644294261932373,1.236467957496643,0.47315436601638794,True,100
syn-cora-h0.30-r1,StratifiedKFoldDynamic_NeighHet_b300,0,4,GAT,100,118,18,1.2724210023880005,0.4463087320327759,1.2195416688919067,0.5201342105865479,True,100
syn-cora-h0.30-r1,StratifiedKFoldDynamic_NeighHet_b300,0,4,GAT,101,125,25,1.2977619171142578,0.463087260723114,1.2734644412994385,0.46644294261932373,True,100
syn-cora-h0.30-r1,StratifiedKFoldDynamic_NeighHet_b300,0,5,GAT,100,114,14,1.251341700553894,0.4966442883014679,1.2820292711257935,0.43624159693717957,True,100
syn-cora-h0.30-r1,StratifiedKFoldDynamic_NeighHet_b300,0,5,GAT,101,116,16,1.3114851713180542,0.42281877994537354,1.306209921836853,0.47986575961112976,True,100
syn-cora-h0.30-r1,StratifiedKFoldDynamic_PageRank_b300,0,1,GAT,101,113,13,1.2839909791946411,0.46979865431785583,1.2745096683502197,0.4463087320327759,True,100
syn-cora-h0.30-r1,StratifiedKFoldDynamic_PageRank_b300,0,2,GAT,100,115,15,1.2220394611358643,0.4899328947067261,1.2790013551712036,0.4429530203342438,True,100
syn-cora-h0.30-r1,StratifiedKFoldDynamic_PageRank_b300,0,2,GAT,101,115,15,1.2363156080245972,0.46644294261932373,1.3032230138778687,0.463087260723114,True,100
syn-cora-h0.30-r1,StratifiedKFoldDynamic_PageRank_b300,0,1,GAT,100,117,17,1.268373727798462,0.46979865431785583,1.2374658584594727,0.4899328947067261,True,100
syn-cora-h0.30-r1,StratifiedKFoldDynamic_PageRank_b300,0,3,GAT,100,114,14,1.259333610534668,0.4563758373260498,1.2261714935302734,0.4899328947067261,True,100
syn-cora-h0.30-r1,StratifiedKFoldDynamic_PageRank_b300,0,4,GAT,100,113,13,1.201667308807373,0.5302013158798218,1.259236216545105,0.5,True,100
syn-cora-h0.30-r1,StratifiedKFoldDynamic_PageRank_b300,0,3,GAT,101,115,15,1.2584925889968872,0.46644294261932373,1.2474236488342285,0.47986575961112976,True,100
syn-cora-h0.30-r1,StratifiedKFoldDynamic_PageRank_b300,0,4,GAT,101,116,16,1.1964296102523804,0.5402684807777405,1.2557728290557861,0.4899328947067261,True,100
syn-cora-h0.30-r1,StratifiedKFoldDynamic_PageRank_b300,0,5,GAT,100,113,13,1.2478927373886108,0.46979865431785583,1.2044894695281982,0.5503355860710144,True,100
syn-cora-h0.30-r1,StratifiedKFoldDynamic_PageRank_b300,0,5,GAT,101,116,16,1.276162028312683,0.463087260723114,1.2259910106658936,0.5302013158798218,True,100
syn-cora-h0.30-r1,StratifiedKFoldDynamic_EigCentrality_b300,0,2,GAT,101,114,14,1.2768000364303589,0.4530201256275177,1.2699068784713745,0.463087260723114,True,100
syn-cora-h0.30-r1,StratifiedKFoldDynamic_EigCentrality_b300,0,1,GAT,101,114,14,1.2710083723068237,0.47986575961112976,1.244615912437439,0.5033556818962097,True,100
syn-cora-h0.30-r1,StratifiedKFoldDynamic_EigCentrality_b300,0,1,GAT,100,117,17,1.253574013710022,0.5,1.2063319683074951,0.5335570573806763,True,100
syn-cora-h0.30-r1,StratifiedKFoldDynamic_EigCentrality_b300,0,2,GAT,100,114,14,1.2444630861282349,0.43624159693717957,1.2682569026947021,0.47651007771492004,True,100
syn-cora-h0.30-r1,StratifiedKFoldDynamic_EigCentrality_b300,0,4,GAT,100,115,15,1.2521867752075195,0.48657718300819397,1.2619534730911255,0.48322147130966187,True,100
syn-cora-h0.30-r1,StratifiedKFoldDynamic_EigCentrality_b300,0,3,GAT,100,119,19,1.248387336730957,0.536912739276886,1.253199577331543,0.463087260723114,True,100
syn-cora-h0.30-r1,StratifiedKFoldDynamic_EigCentrality_b300,0,3,GAT,101,120,20,1.2620534896850586,0.4899328947067261,1.2925739288330078,0.43288591504096985,True,100
syn-cora-h0.30-r1,StratifiedKFoldDynamic_EigCentrality_b300,0,4,GAT,101,121,21,1.2652698755264282,0.47986575961112976,1.2963658571243286,0.47986575961112976,True,100
syn-cora-h0.30-r1,StratifiedKFoldDynamic_EigCentrality_b300,0,5,GAT,100,115,15,1.1966124773025513,0.5067114233970642,1.249006986618042,0.48322147130966187,True,100
syn-cora-h0.30-r1,StratifiedKFoldDynamic_EigCentrality_b300,0,5,GAT,101,119,19,1.232977271080017,0.47986575961112976,1.272691011428833,0.48657718300819397,True,100
syn-cora-h0.30-r1,StratifiedKFoldDynamic_Clustering_b300,0,2,GAT,101,112,12,1.298884391784668,0.4899328947067261,1.2287083864212036,0.5100671052932739,True,100
syn-cora-h0.30-r1,StratifiedKFoldDynamic_Clustering_b300,0,2,GAT,100,114,14,1.2672114372253418,0.4563758373260498,1.211355447769165,0.4966442883014679,True,100
syn-cora-h0.30-r1,StratifiedKFoldDynamic_Clustering_b300,0,1,GAT,101,114,14,1.2364774942398071,0.48322147130966187,1.2207841873168945,0.5134228467941284,True,100
syn-cora-h0.30-r1,StratifiedKFoldDynamic_Clustering_b300,0,1,GAT,100,116,16,1.2314294576644897,0.5,1.1940935850143433,0.5402684807777405,True,100
syn-cora-h0.30-r1,StratifiedKFoldDynamic_Clustering_b300,0,3,GAT,101,114,14,1.2818403244018555,0.4597315490245819,1.2919645309448242,0.47315436601638794,True,100
syn-cora-h0.30-r1,StratifiedKFoldDynamic_Clustering_b300,0,4,GAT,100,113,13,1.230776309967041,0.48322147130966187,1.2798922061920166,0.46644294261932373,True,100
syn-cora-h0.30-r1,StratifiedKFoldDynamic_Clustering_b300,0,4,GAT,101,118,18,1.2340704202651978,0.46644294261932373,1.302769660949707,0.4597315490245819,True,100
syn-cora-h0.30-r1,StratifiedKFoldDynamic_Clustering_b300,0,3,GAT,100,125,25,1.2622076272964478,0.43959730863571167,1.310889720916748,0.463087260723114,True,100
syn-cora-h0.30-r1,StratifiedKFoldDynamic_Clustering_b300,0,5,GAT,100,117,17,1.1927716732025146,0.5469798445701599,1.2780036926269531,0.4530201256275177,True,100
syn-cora-h0.30-r1,StratifiedKFoldDynamic_Clustering_b300,0,5,GAT,101,121,21,1.2149828672409058,0.5167785286903381,1.2796156406402588,0.449664443731308,True,100
syn-cora-h0.30-r1,RandomKFold,1,2,GAT,101,114,14,1.2630157470703125,0.47315436601638794,1.3191722631454468,0.47315436601638794,True,100
syn-cora-h0.30-r1,RandomKFold,1,1,GAT,101,116,16,1.3107666969299316,0.449664443731308,1.2536685466766357,0.4597315490245819,True,100
syn-cora-h0.30-r1,RandomKFold,1,1,GAT,100,115,15,1.2726664543151855,0.46644294261932373,1.253153681755066,0.449664443731308,True,100
syn-cora-h0.30-r1,RandomKFold,1,2,GAT,100,116,16,1.2638750076293945,0.5167785286903381,1.3068889379501343,0.449664443731308,True,100
syn-cora-h0.30-r1,RandomKFold,1,3,GAT,101,111,11,1.300734043121338,0.4597315490245819,1.2825336456298828,0.449664443731308,True,100
syn-cora-h0.30-r1,RandomKFold,1,3,GAT,100,113,13,1.2830439805984497,0.4563758373260498,1.28133225440979,0.4597315490245819,True,100
syn-cora-h0.30-r1,RandomKFold,1,4,GAT,100,116,16,1.2070224285125732,0.5436241626739502,1.3011521100997925,0.4563758373260498,True,100
syn-cora-h0.30-r1,RandomKFold,1,4,GAT,101,116,16,1.1826258897781372,0.5402684807777405,1.298686146736145,0.48657718300819397,True,100
syn-cora-h0.30-r1,RandomKFold,1,5,GAT,100,113,13,1.2393165826797485,0.4899328947067261,1.1921876668930054,0.5335570573806763,True,100
syn-cora-h0.30-r1,RandomKFold,1,5,GAT,101,115,15,1.2430146932601929,0.4899328947067261,1.195378303527832,0.5335570573806763,True,100
syn-cora-h0.30-r1,LabelStratifiedKFold,1,2,GAT,101,115,15,1.2415368556976318,0.47986575961112976,1.2848187685012817,0.4530201256275177,True,100
syn-cora-h0.30-r1,LabelStratifiedKFold,1,1,GAT,100,114,14,1.2498728036880493,0.4899328947067261,1.2117011547088623,0.5201342105865479,True,100
syn-cora-h0.30-r1,LabelStratifiedKFold,1,2,GAT,100,114,14,1.2527644634246826,0.46979865431785583,1.251246690750122,0.47315436601638794,True,100
syn-cora-h0.30-r1,LabelStratifiedKFold,1,1,GAT,101,116,16,1.288690447807312,0.47651007771492004,1.2314674854278564,0.5268456339836121,True,100
syn-cora-h0.30-r1,LabelStratifiedKFold,1,3,GAT,100,113,13,1.302855372428894,0.42281877994537354,1.23735773563385,0.46644294261932373,True,100
syn-cora-h0.30-r1,LabelStratifiedKFold,1,4,GAT,100,113,13,1.2430613040924072,0.4932885766029358,1.2915042638778687,0.449664443731308,True,100
syn-cora-h0.30-r1,LabelStratifiedKFold,1,3,GAT,101,116,16,1.307356595993042,0.4429530203342438,1.2564679384231567,0.4563758373260498,True,100
syn-cora-h0.30-r1,LabelStratifiedKFold,1,4,GAT,101,116,16,1.2699321508407593,0.48657718300819397,1.3081237077713013,0.4563758373260498,True,100
syn-cora-h0.30-r1,LabelStratifiedKFold,1,5,GAT,101,115,15,1.2261240482330322,0.5100671052932739,1.2582287788391113,0.48657718300819397,True,100
syn-cora-h0.30-r1,LabelStratifiedKFold,1,5,GAT,100,116,16,1.2111918926239014,0.5201342105865479,1.2555804252624512,0.48322147130966187,True,100
syn-cora-h0.30-r1,StratifiedKFoldDynamic_Degree_b300,1,1,GAT,100,114,14,1.2634612321853638,0.46979865431785583,1.2489235401153564,0.4899328947067261,True,100
syn-cora-h0.30-r1,StratifiedKFoldDynamic_Degree_b300,1,2,GAT,100,115,15,1.2511560916900635,0.48322147130966187,1.2745332717895508,0.5100671052932739,True,100
syn-cora-h0.30-r1,StratifiedKFoldDynamic_Degree_b300,1,1,GAT,101,114,14,1.2802010774612427,0.5033556818962097,1.2569940090179443,0.4530201256275177,True,100
syn-cora-h0.30-r1,StratifiedKFoldDynamic_Degree_b300,1,2,GAT,101,121,21,1.2498422861099243,0.4966442883014679,1.2940670251846313,0.46644294261932373,True,100
syn-cora-h0.30-r1,StratifiedKFoldDynamic_Degree_b300,1,3,GAT,100,113,13,1.224259376525879,0.4899328947067261,1.2722803354263306,0.4932885766029358,True,100
syn-cora-h0.30-r1,StratifiedKFoldDynamic_Degree_b300,1,3,GAT,101,116,16,1.2472459077835083,0.46644294261932373,1.297597050666809,0.463087260723114,True,100
syn-cora-h0.30-r1,StratifiedKFoldDynamic_Degree_b300,1,4,GAT,100,114,14,1.2557841539382935,0.4429530203342438,1.2167531251907349,0.4899328947067261,True,100
syn-cora-h0.30-r1,StratifiedKFoldDynamic_Degree_b300,1,4,GAT,101,117,17,1.2650129795074463,0.4530201256275177,1.2123174667358398,0.5033556818962097,True,100
syn-cora-h0.30-r1,StratifiedKFoldDynamic_Degree_b300,1,5,GAT,100,117,17,1.2313321828842163,0.5,1.2395710945129395,0.47315436601638794,True,100
syn-cora-h0.30-r1,StratifiedKFoldDynamic_Degree_b300,1,5,GAT,101,114,14,1.2576433420181274,0.4563758373260498,1.2656681537628174,0.48657718300819397,True,100
syn-cora-h0.30-r1,StratifiedKFoldDynamic_NeighHet_b300,1,1,GAT,101,115,15,1.2706319093704224,0.43624159693717957,1.262019157409668,0.5234899520874023,True,100
syn-cora-h0.30-r1,StratifiedKFoldDynamic_NeighHet_b300,1,1,GAT,100,115,15,1.2473294734954834,0.463087260723114,1.2615430355072021,0.4932885766029358,True,100
syn-cora-h0.30-r1,StratifiedKFoldDynamic_NeighHet_b300,1,2,GAT,100,119,19,1.2379484176635742,0.4932885766029358,1.2691588401794434,0.4463087320327759,True,100
syn-cora-h0.30-r1,StratifiedKFoldDynamic_NeighHet_b300,1,2,GAT,101,115,15,1.2466871738433838,0.4899328947067261,1.2943761348724365,0.43959730863571167,True,100
syn-cora-h0.30-r1,StratifiedKFoldDynamic_NeighHet_b300,1,3,GAT,100,114,14,1.2429717779159546,0.47986575961112976,1.2440978288650513,0.48322147130966187,True,100
syn-cora-h0.30-r1,StratifiedKFoldDynamic_NeighHet_b300,1,3,GAT,101,114,14,1.2328547239303589,0.5033556818962097,1.2424393892288208,0.4932885766029358,True,100
syn-cora-h0.30-r1,StratifiedKFoldDynamic_NeighHet_b300,1,4,GAT,100,112,12,1.2241861820220947,0.5067114233970642,1.2407691478729248,0.5033556818962097,True,100
syn-cora-h0.30-r1,StratifiedKFoldDynamic_NeighHet_b300,1,4,GAT,101,118,18,1.24606454372406,0.4932885766029358,1.2476541996002197,0.5,True,100
syn-cora-h0.30-r1,StratifiedKFoldDynamic_NeighHet_b300,1,5,GAT,100,114,14,1.2764127254486084,0.47986575961112976,1.2437940835952759,0.5033556818962097,True,100
syn-cora-h0.30-r1,StratifiedKFoldDynamic_NeighHet_b300,1,5,GAT,101,115,15,1.2968324422836304,0.46979865431785583,1.2655802965164185,0.4597315490245819,True,100
syn-cora-h0.30-r1,StratifiedKFoldDynamic_PageRank_b300,1,2,GAT,100,116,16,1.2717243432998657,0.463087260723114,1.2685154676437378,0.46979865431785583,True,100
syn-cora-h0.30-r1,StratifiedKFoldDynamic_PageRank_b300,1,2,GAT,101,113,13,1.272681474685669,0.47986575961112976,1.2762820720672607,0.47986575961112976,True,100
syn-cora-h0.30-r1,StratifiedKFoldDynamic_PageRank_b300,1,1,GAT,100,114,14,1.2631393671035767,0.48322147130966187,1.2326700687408447,0.5067114233970642,True,100
syn-cora-h0.30-r1,StratifiedKFoldDynamic_PageRank_b300,1,1,GAT,101,114,14,1.305959939956665,0.43959730863571167,1.2665375471115112,0.46644294261932373,True,100
syn-cora-h0.30-r1,StratifiedKFoldDynamic_PageRank_b300,1,3,GAT,100,114,14,1.264060139656067,0.48322147130966187,1.2930902242660522,0.46644294261932373,True,100
syn-cora-h0.30-r1,StratifiedKFoldDynamic_PageRank_b300,1,3,GAT,101,114,14,1.2756608724594116,0.47651007771492004,1.280182123184204,0.46644294261932373,True,100
syn-cora-h0.30-r1,StratifiedKFoldDynamic_PageRank_b300,1,4,GAT,100,115,15,1.2086628675460815,0.5302013158798218,1.257506251335144,0.5067114233970642,True,100
syn-cora-h0.30-r1,StratifiedKFoldDynamic_PageRank_b300,1,4,GAT,101,117,17,1.2530096769332886,0.4966442883014679,1.2646880149841309,0.4966442883014679,True,100
syn-cora-h0.30-r1,StratifiedKFoldDynamic_PageRank_b300,1,5,GAT,100,113,13,1.2181355953216553,0.48322147130966187,1.2200809717178345,0.4932885766029358,True,100
syn-cora-h0.30-r1,StratifiedKFoldDynamic_PageRank_b300,1,5,GAT,101,115,15,1.2369991540908813,0.5,1.2524702548980713,0.46979865431785583,True,100
syn-cora-h0.30-r1,StratifiedKFoldDynamic_EigCentrality_b300,1,2,GAT,100,113,13,1.2796525955200195,0.43959730863571167,1.3010563850402832,0.4194630980491638,True,100
syn-cora-h0.30-r1,StratifiedKFoldDynamic_EigCentrality_b300,1,2,GAT,101,114,14,1.2875043153762817,0.46979865431785583,1.2756950855255127,0.5,True,100
syn-cora-h0.30-r1,StratifiedKFoldDynamic_EigCentrality_b300,1,1,GAT,100,113,13,1.2960119247436523,0.449664443731308,1.236993432044983,0.5234899520874023,True,100
syn-cora-h0.30-r1,StratifiedKFoldDynamic_EigCentrality_b300,1,1,GAT,101,116,16,1.2688175439834595,0.47986575961112976,1.2520110607147217,0.48657718300819397,True,100
syn-cora-h0.30-r1,StratifiedKFoldDynamic_EigCentrality_b300,1,3,GAT,101,113,13,1.2572649717330933,0.47315436601638794,1.2941169738769531,0.46644294261932373,True,100
syn-cora-h0.30-r1,StratifiedKFoldDynamic_EigCentrality_b300,1,3,GAT,100,118,18,1.2236454486846924,0.5167785286903381,1.2795875072479248,0.4597315490245819,True,100
syn-cora-h0.30-r1,StratifiedKFoldDynamic_EigCentrality_b300,1,4,GAT,100,120,20,1.204602837562561,0.5033556818962097,1.2397371530532837,0.46644294261932373,True,100
syn-cora-h0.30-r1,StratifiedKFoldDynamic_EigCentrality_b300,1,5,GAT,100,114,14,1.2252564430236816,0.5100671052932739,1.222745656967163,0.4899328947067261,True,100
syn-cora-h0.30-r1,StratifiedKFoldDynamic_EigCentrality_b300,1,5,GAT,101,115,15,1.2512773275375366,0.5100671052932739,1.2345901727676392,0.47315436601638794,True,100
syn-cora-h0.30-r1,StratifiedKFoldDynamic_EigCentrality_b300,1,4,GAT,101,232,132,1.2212187051773071,0.5067114233970642,1.3410369157791138,0.42953020334243774,True,100
syn-cora-h0.30-r1,StratifiedKFoldDynamic_Clustering_b300,1,2,GAT,101,111,11,1.336439847946167,0.43624159693717957,1.2344610691070557,0.5201342105865479,True,100
syn-cora-h0.30-r1,StratifiedKFoldDynamic_Clustering_b300,1,2,GAT,100,113,13,1.3059357404708862,0.43959730863571167,1.194824457168579,0.5,True,100
syn-cora-h0.30-r1,StratifiedKFoldDynamic_Clustering_b300,1,1,GAT,101,114,14,1.2046762704849243,0.5067114233970642,1.2468010187149048,0.5067114233970642,True,100
syn-cora-h0.30-r1,StratifiedKFoldDynamic_Clustering_b300,1,1,GAT,100,117,17,1.1843957901000977,0.5234899520874023,1.2333570718765259,0.4899328947067261,True,100
syn-cora-h0.30-r1,StratifiedKFoldDynamic_Clustering_b300,1,4,GAT,100,113,13,1.265537977218628,0.46644294261932373,1.2142080068588257,0.5335570573806763,True,100
syn-cora-h0.30-r1,StratifiedKFoldDynamic_Clustering_b300,1,3,GAT,101,114,14,1.2394931316375732,0.4966442883014679,1.3293277025222778,0.43624159693717957,True,100
syn-cora-h0.30-r1,StratifiedKFoldDynamic_Clustering_b300,1,3,GAT,100,116,16,1.220511555671692,0.5302013158798218,1.3061665296554565,0.449664443731308,True,100
syn-cora-h0.30-r1,StratifiedKFoldDynamic_Clustering_b300,1,4,GAT,101,115,15,1.2824158668518066,0.48657718300819397,1.2302987575531006,0.4899328947067261,True,100
syn-cora-h0.30-r1,StratifiedKFoldDynamic_Clustering_b300,1,5,GAT,100,114,14,1.2285176515579224,0.4932885766029358,1.2810804843902588,0.449664443731308,True,100
syn-cora-h0.30-r1,StratifiedKFoldDynamic_Clustering_b300,1,5,GAT,101,116,16,1.2482386827468872,0.5,1.2802435159683228,0.4899328947067261,True,100
syn-cora-h0.30-r1,RandomKFold,2,2,GAT,101,113,13,1.212969422340393,0.4899328947067261,1.2223129272460938,0.4932885766029358,True,100
syn-cora-h0.30-r1,RandomKFold,2,2,GAT,100,114,14,1.2238223552703857,0.5067114233970642,1.2252981662750244,0.5067114233970642,True,100
syn-cora-h0.30-r1,RandomKFold,2,1,GAT,101,114,14,1.2319639921188354,0.5100671052932739,1.254004716873169,0.5,True,100
syn-cora-h0.30-r1,RandomKFold,2,1,GAT,100,116,16,1.2352694272994995,0.46979865431785583,1.2297654151916504,0.5,True,100
syn-cora-h0.30-r1,RandomKFold,2,4,GAT,100,113,13,1.22025465965271,0.5100671052932739,1.2724462747573853,0.46979865431785583,True,100
syn-cora-h0.30-r1,RandomKFold,2,3,GAT,100,113,13,1.2798197269439697,0.4530201256275177,1.229836106300354,0.5167785286903381,True,100
syn-cora-h0.30-r1,RandomKFold,2,3,GAT,101,120,20,1.3098622560501099,0.4563758373260498,1.247652292251587,0.4429530203342438,True,100
syn-cora-h0.30-r1,RandomKFold,2,4,GAT,101,118,18,1.2350438833236694,0.47315436601638794,1.2888537645339966,0.43624159693717957,True,100
syn-cora-h0.30-r1,RandomKFold,2,5,GAT,101,115,15,1.2421646118164062,0.4966442883014679,1.25456964969635,0.5033556818962097,True,100
syn-cora-h0.30-r1,RandomKFold,2,5,GAT,100,117,17,1.228061318397522,0.4966442883014679,1.2577109336853027,0.5,True,100
syn-cora-h0.30-r1,LabelStratifiedKFold,2,2,GAT,101,115,15,1.224615454673767,0.47986575961112976,1.2324635982513428,0.5067114233970642,True,100
syn-cora-h0.30-r1,LabelStratifiedKFold,2,1,GAT,100,114,14,1.2399084568023682,0.463087260723114,1.2827787399291992,0.4597315490245819,True,100
syn-cora-h0.30-r1,LabelStratifiedKFold,2,1,GAT,101,116,16,1.2601591348648071,0.47651007771492004,1.3013646602630615,0.48657718300819397,True,100
syn-cora-h0.30-r1,LabelStratifiedKFold,2,2,GAT,100,114,14,1.2464425563812256,0.46644294261932373,1.237204909324646,0.48657718300819397,True,100
syn-cora-h0.30-r1,LabelStratifiedKFold,2,3,GAT,101,112,12,1.2969390153884888,0.4563758373260498,1.2292309999465942,0.5067114233970642,True,100
syn-cora-h0.30-r1,LabelStratifiedKFold,2,3,GAT,100,114,14,1.276461124420166,0.4966442883014679,1.244336485862732,0.4899328947067261,True,100
syn-cora-h0.30-r1,LabelStratifiedKFold,2,4,GAT,100,115,15,1.2404476404190063,0.4966442883014679,1.2863075733184814,0.46644294261932373,True,100
syn-cora-h0.30-r1,LabelStratifiedKFold,2,4,GAT,101,116,16,1.2322018146514893,0.4932885766029358,1.3040415048599243,0.43288591504096985,True,100
syn-cora-h0.30-r1,LabelStratifiedKFold,2,5,GAT,100,113,13,1.2703005075454712,0.48657718300819397,1.2332985401153564,0.463087260723114,True,100
syn-cora-h0.30-r1,LabelStratifiedKFold,2,5,GAT,101,115,15,1.2933450937271118,0.5,1.2375993728637695,0.48657718300819397,True,100
syn-cora-h0.30-r1,StratifiedKFoldDynamic_Degree_b300,2,2,GAT,101,113,13,1.2284345626831055,0.5,1.229735255241394,0.5167785286903381,True,100
syn-cora-h0.30-r1,StratifiedKFoldDynamic_Degree_b300,2,1,GAT,100,113,13,1.2329436540603638,0.5402684807777405,1.213127613067627,0.5067114233970642,True,100
syn-cora-h0.30-r1,StratifiedKFoldDynamic_Degree_b300,2,2,GAT,100,117,17,1.2185392379760742,0.5,1.2392765283584595,0.5167785286903381,True,100
syn-cora-h0.30-r1,StratifiedKFoldDynamic_Degree_b300,2,1,GAT,101,116,16,1.2414772510528564,0.5201342105865479,1.237361192703247,0.4966442883014679,True,100
syn-cora-h0.30-r1,StratifiedKFoldDynamic_Degree_b300,2,3,GAT,101,116,16,1.2510757446289062,0.46979865431785583,1.247994065284729,0.46644294261932373,True,100
syn-cora-h0.30-r1,StratifiedKFoldDynamic_Degree_b300,2,3,GAT,100,114,14,1.2594687938690186,0.4597315490245819,1.2251720428466797,0.47651007771492004,True,100
syn-cora-h0.30-r1,StratifiedKFoldDynamic_Degree_b300,2,4,GAT,100,115,15,1.2682360410690308,0.47986575961112976,1.241553783416748,0.4932885766029358,True,100
syn-cora-h0.30-r1,StratifiedKFoldDynamic_Degree_b300,2,4,GAT,101,116,16,1.283384084701538,0.47315436601638794,1.2315593957901,0.5167785286903381,True,100
syn-cora-h0.30-r1,StratifiedKFoldDynamic_Degree_b300,2,5,GAT,100,114,14,1.2038979530334473,0.5,1.2932043075561523,0.4530201256275177,True,100
syn-cora-h0.30-r1,StratifiedKFoldDynamic_Degree_b300,2,5,GAT,101,115,15,1.2483521699905396,0.48322147130966187,1.3222397565841675,0.4530201256275177,True,100
syn-cora-h0.30-r1,StratifiedKFoldDynamic_NeighHet_b300,2,1,GAT,100,116,16,1.2266732454299927,0.5033556818962097,1.2725900411605835,0.4597315490245819,True,100
syn-cora-h0.30-r1,StratifiedKFoldDynamic_NeighHet_b300,2,1,GAT,101,116,16,1.2162072658538818,0.5067114233970642,1.303072214126587,0.4429530203342438,True,100
syn-cora-h0.30-r1,StratifiedKFoldDynamic_NeighHet_b300,2,2,GAT,100,115,15,1.2572280168533325,0.48657718300819397,1.2360693216323853,0.4966442883014679,True,100
syn-cora-h0.30-r1,StratifiedKFoldDynamic_NeighHet_b300,2,2,GAT,101,116,16,1.2651973962783813,0.4597315490245819,1.2579848766326904,0.47986575961112976,True,100
syn-cora-h0.30-r1,StratifiedKFoldDynamic_NeighHet_b300,2,3,GAT,101,115,15,1.2523273229599,0.48657718300819397,1.2344228029251099,0.5033556818962097,True,100
syn-cora-h0.30-r1,StratifiedKFoldDynamic_NeighHet_b300,2,3,GAT,100,116,16,1.2551615238189697,0.5234899520874023,1.2348875999450684,0.46979865431785583,True,100
syn-cora-h0.30-r1,StratifiedKFoldDynamic_NeighHet_b300,2,4,GAT,101,116,16,1.2453373670578003,0.5167785286903381,1.2714446783065796,0.47315436601638794,True,100
syn-cora-h0.30-r1,StratifiedKFoldDynamic_NeighHet_b300,2,4,GAT,100,120,20,1.197055459022522,0.5234899520874023,1.2618811130523682,0.5067114233970642,True,100
syn-cora-h0.30-r1,StratifiedKFoldDynamic_NeighHet_b300,2,5,GAT,101,113,13,1.3245112895965576,0.43959730863571167,1.253829836845398,0.4899328947067261,True,100
syn-cora-h0.30-r1,StratifiedKFoldDynamic_NeighHet_b300,2,5,GAT,100,114,14,1.2911993265151978,0.4530201256275177,1.20656418800354,0.5067114233970642,True,100
syn-cora-h0.30-r1,StratifiedKFoldDynamic_PageRank_b300,2,2,GAT,101,115,15,1.2656859159469604,0.47986575961112976,1.2780890464782715,0.4429530203342438,True,100
syn-cora-h0.30-r1,StratifiedKFoldDynamic_PageRank_b300,2,1,GAT,101,113,13,1.3136860132217407,0.4026845693588257,1.2314965724945068,0.5100671052932739,True,100
syn-cora-h0.30-r1,StratifiedKFoldDynamic_PageRank_b300,2,1,GAT,100,114,14,1.3012547492980957,0.4194630980491638,1.2118477821350098,0.5201342105865479,True,100
syn-cora-h0.30-r1,StratifiedKFoldDynamic_PageRank_b300,2,2,GAT,100,115,15,1.2480014562606812,0.4966442883014679,1.2754859924316406,0.4530201256275177,True,100
syn-cora-h0.30-r1,StratifiedKFoldDynamic_PageRank_b300,2,4,GAT,100,113,13,1.242676019668579,0.47315436601638794,1.2540334463119507,0.4932885766029358,True,100
syn-cora-h0.30-r1,StratifiedKFoldDynamic_PageRank_b300,2,3,GAT,101,114,14,1.2724353075027466,0.463087260723114,1.2759881019592285,0.4563758373260498,True,100
syn-cora-h0.30-r1,StratifiedKFoldDynamic_PageRank_b300,2,4,GAT,101,117,17,1.2710360288619995,0.47651007771492004,1.2680635452270508,0.5100671052932739,True,100
syn-cora-h0.30-r1,StratifiedKFoldDynamic_PageRank_b300,2,3,GAT,100,120,20,1.2718015909194946,0.48657718300819397,1.269482135772705,0.4966442883014679,True,100
syn-cora-h0.30-r1,StratifiedKFoldDynamic_PageRank_b300,2,5,GAT,100,118,18,1.1742862462997437,0.5302013158798218,1.26441490650177,0.46644294261932373,True,100
syn-cora-h0.30-r1,StratifiedKFoldDynamic_PageRank_b300,2,5,GAT,101,117,17,1.2055994272232056,0.5,1.2718734741210938,0.46644294261932373,True,100
syn-cora-h0.30-r1,StratifiedKFoldDynamic_EigCentrality_b300,2,1,GAT,100,112,12,1.2600842714309692,0.4563758373260498,1.2884597778320312,0.46979865431785583,True,100
syn-cora-h0.30-r1,StratifiedKFoldDynamic_EigCentrality_b300,2,2,GAT,101,116,16,1.2416362762451172,0.5,1.2597477436065674,0.4530201256275177,True,100
syn-cora-h0.30-r1,StratifiedKFoldDynamic_EigCentrality_b300,2,2,GAT,100,114,14,1.212619423866272,0.5067114233970642,1.2699528932571411,0.4463087320327759,True,100
syn-cora-h0.30-r1,StratifiedKFoldDynamic_EigCentrality_b300,2,1,GAT,101,120,20,1.2629516124725342,0.4127516746520996,1.3159767389297485,0.4194630980491638,True,100
syn-cora-h0.30-r1,StratifiedKFoldDynamic_EigCentrality_b300,2,3,GAT,100,117,17,1.24534010887146,0.5134228467941284,1.2476047277450562,0.5167785286903381,True,100
syn-cora-h0.30-r1,StratifiedKFoldDynamic_EigCentrality_b300,2,3,GAT,101,114,14,1.2885252237319946,0.4899328947067261,1.2694772481918335,0.4899328947067261,True,100
syn-cora-h0.30-r1,StratifiedKFoldDynamic_EigCentrality_b300,2,4,GAT,100,115,15,1.274294137954712,0.4463087320327759,1.2040059566497803,0.5436241626739502,True,100
syn-cora-h0.30-r1,StratifiedKFoldDynamic_EigCentrality_b300,2,4,GAT,101,112,12,1.2899210453033447,0.4530201256275177,1.2647570371627808,0.5067114233970642,True,100
syn-cora-h0.30-r1,StratifiedKFoldDynamic_EigCentrality_b300,2,5,GAT,101,115,15,1.2805366516113281,0.48657718300819397,1.2759158611297607,0.46979865431785583,True,100
syn-cora-h0.30-r1,StratifiedKFoldDynamic_EigCentrality_b300,2,5,GAT,100,114,14,1.2818702459335327,0.46979865431785583,1.277984619140625,0.47315436601638794,True,100
syn-cora-h0.30-r1,StratifiedKFoldDynamic_Clustering_b300,2,2,GAT,100,114,14,1.2378644943237305,0.4932885766029358,1.25083589553833,0.4932885766029358,True,100
syn-cora-h0.30-r1,StratifiedKFoldDynamic_Clustering_b300,2,2,GAT,101,115,15,1.247912883758545,0.463087260723114,1.2653355598449707,0.47315436601638794,True,100
syn-cora-h0.30-r1,StratifiedKFoldDynamic_Clustering_b300,2,1,GAT,101,116,16,1.2616819143295288,0.4932885766029358,1.3219202756881714,0.42617449164390564,True,100
syn-cora-h0.30-r1,StratifiedKFoldDynamic_Clustering_b300,2,1,GAT,100,117,17,1.2414677143096924,0.5,1.2705256938934326,0.4597315490245819,True,100
syn-cora-h0.30-r1,StratifiedKFoldDynamic_Clustering_b300,2,3,GAT,100,116,16,1.2148685455322266,0.5335570573806763,1.2411714792251587,0.4530201256275177,True,100
syn-cora-h0.30-r1,StratifiedKFoldDynamic_Clustering_b300,2,4,GAT,101,113,13,1.3046013116836548,0.42281877994537354,1.2391897439956665,0.5100671052932739,True,100
syn-cora-h0.30-r1,StratifiedKFoldDynamic_Clustering_b300,2,4,GAT,100,114,14,1.302377462387085,0.4429530203342438,1.2140835523605347,0.5100671052932739,True,100
syn-cora-h0.30-r1,StratifiedKFoldDynamic_Clustering_b300,2,3,GAT,101,113,13,1.2378897666931152,0.5167785286903381,1.2354588508605957,0.48322147130966187,True,100
syn-cora-h0.30-r1,StratifiedKFoldDynamic_Clustering_b300,2,5,GAT,100,114,14,1.246328353881836,0.46979865431785583,1.2789993286132812,0.4597315490245819,True,100
syn-cora-h0.30-r1,StratifiedKFoldDynamic_Clustering_b300,2,5,GAT,101,116,16,1.3035426139831543,0.449664443731308,1.2750742435455322,0.463087260723114,True,100
syn-cora-h0.30-r1,RandomKFold,3,1,GAT,101,114,14,1.2780075073242188,0.463087260723114,1.276232123374939,0.5,True,100
syn-cora-h0.30-r1,RandomKFold,3,1,GAT,100,115,15,1.2385414838790894,0.46644294261932373,1.2443928718566895,0.5201342105865479,True,100
syn-cora-h0.30-r1,RandomKFold,3,2,GAT,101,116,16,1.2308783531188965,0.48322147130966187,1.2903460264205933,0.4463087320327759,True,100
syn-cora-h0.30-r1,RandomKFold,3,2,GAT,100,119,19,1.2529611587524414,0.4932885766029358,1.2665724754333496,0.46979865431785583,True,100
syn-cora-h0.30-r1,RandomKFold,3,3,GAT,100,114,14,1.2809704542160034,0.48657718300819397,1.2482503652572632,0.4899328947067261,True,100
syn-cora-h0.30-r1,RandomKFold,3,3,GAT,101,113,13,1.2958506345748901,0.5033556818962097,1.2477917671203613,0.48657718300819397,True,100
syn-cora-h0.30-r1,RandomKFold,3,4,GAT,100,117,17,1.2565430402755737,0.463087260723114,1.2879323959350586,0.47651007771492004,True,100
syn-cora-h0.30-r1,RandomKFold,3,4,GAT,101,116,16,1.2407538890838623,0.4966442883014679,1.3190027475357056,0.4563758373260498,True,100
syn-cora-h0.30-r1,RandomKFold,3,5,GAT,100,114,14,1.2215365171432495,0.5402684807777405,1.2368022203445435,0.4932885766029358,True,100
syn-cora-h0.30-r1,RandomKFold,3,5,GAT,101,116,16,1.2595022916793823,0.5100671052932739,1.2279988527297974,0.47315436601638794,True,100
syn-cora-h0.30-r1,LabelStratifiedKFold,3,1,GAT,100,114,14,1.2297385931015015,0.47986575961112976,1.257354736328125,0.47651007771492004,True,100
syn-cora-h0.30-r1,LabelStratifiedKFold,3,2,GAT,101,115,15,1.2714083194732666,0.46979865431785583,1.2530388832092285,0.47651007771492004,True,100
syn-cora-h0.30-r1,LabelStratifiedKFold,3,1,GAT,101,116,16,1.2468128204345703,0.4899328947067261,1.2742739915847778,0.4563758373260498,True,100
syn-cora-h0.30-r1,LabelStratifiedKFold,3,2,GAT,100,116,16,1.2477778196334839,0.4563758373260498,1.2313941717147827,0.47986575961112976,True,100
syn-cora-h0.30-r1,LabelStratifiedKFold,3,4,GAT,100,114,14,1.275067687034607,0.48657718300819397,1.2420238256454468,0.5100671052932739,True,100
syn-cora-h0.30-r1,LabelStratifiedKFold,3,3,GAT,100,113,13,1.2400509119033813,0.5067114233970642,1.2473584413528442,0.4597315490245819,True,100
syn-cora-h0.30-r1,LabelStratifiedKFold,3,3,GAT,101,115,15,1.2739591598510742,0.48322147130966187,1.244153380393982,0.4899328947067261,True,100
syn-cora-h0.30-r1,LabelStratifiedKFold,3,4,GAT,101,115,15,1.271804690361023,0.46644294261932373,1.2656300067901611,0.46979865431785583,True,100
syn-cora-h0.30-r1,LabelStratifiedKFold,3,5,GAT,100,114,14,1.2893091440200806,0.449664443731308,1.2894006967544556,0.47651007771492004,True,100
syn-cora-h0.30-r1,LabelStratifiedKFold,3,5,GAT,101,115,15,1.2871994972229004,0.4597315490245819,1.3038254976272583,0.449664443731308,True,100
syn-cora-h0.30-r1,StratifiedKFoldDynamic_Degree_b300,3,1,GAT,100,114,14,1.2008503675460815,0.5100671052932739,1.3082612752914429,0.43624159693717957,True,100
syn-cora-h0.30-r1,StratifiedKFoldDynamic_Degree_b300,3,2,GAT,100,115,15,1.288108468055725,0.46644294261932373,1.160931944847107,0.5234899520874023,True,100
syn-cora-h0.30-r1,StratifiedKFoldDynamic_Degree_b300,3,2,GAT,101,114,14,1.287051796913147,0.48322147130966187,1.1951112747192383,0.5436241626739502,True,100
syn-cora-h0.30-r1,StratifiedKFoldDynamic_Degree_b300,3,1,GAT,101,115,15,1.2209818363189697,0.5201342105865479,1.3080281019210815,0.4429530203342438,True,100
syn-cora-h0.30-r1,StratifiedKFoldDynamic_Degree_b300,3,3,GAT,100,113,13,1.262580394744873,0.4932885766029358,1.2965939044952393,0.46979865431785583,True,100
syn-cora-h0.30-r1,StratifiedKFoldDynamic_Degree_b300,3,4,GAT,100,113,13,1.2466243505477905,0.4563758373260498,1.2724826335906982,0.4530201256275177,True,100
syn-cora-h0.30-r1,StratifiedKFoldDynamic_Degree_b300,3,3,GAT,101,116,16,1.278098464012146,0.48657718300819397,1.302657961845398,0.43959730863571167,True,100
syn-cora-h0.30-r1,StratifiedKFoldDynamic_Degree_b300,3,4,GAT,101,116,16,1.2589976787567139,0.48657718300819397,1.2821786403656006,0.463087260723114,True,100
syn-cora-h0.30-r1,StratifiedKFoldDynamic_Degree_b300,3,5,GAT,101,115,15,1.2523398399353027,0.5100671052932739,1.2262020111083984,0.47651007771492004,True,100
syn-cora-h0.30-r1,StratifiedKFoldDynamic_Degree_b300,3,5,GAT,100,119,19,1.2566475868225098,0.47315436601638794,1.2505160570144653,0.4932885766029358,True,100
syn-cora-h0.30-r1,StratifiedKFoldDynamic_NeighHet_b300,3,1,GAT,100,113,13,1.2427648305892944,0.5436241626739502,1.2078032493591309,0.5100671052932739,True,100
syn-cora-h0.30-r1,StratifiedKFoldDynamic_NeighHet_b300,3,2,GAT,101,115,15,1.2777303457260132,0.47651007771492004,1.2713075876235962,0.47651007771492004,True,100
syn-cora-h0.30-r1,StratifiedKFoldDynamic_NeighHet_b300,3,1,GAT,101,116,16,1.2769756317138672,0.463087260723114,1.1989262104034424,0.5201342105865479,True,100
syn-cora-h0.30-r1,StratifiedKFoldDynamic_NeighHet_b300,3,2,GAT,100,117,17,1.2598512172698975,0.47315436601638794,1.2440603971481323,0.5402684807777405,True,100
syn-cora-h0.30-r1,StratifiedKFoldDynamic_NeighHet_b300,3,3,GAT,100,114,14,1.2135546207427979,0.46979865431785583,1.2399637699127197,0.4966442883014679,True,100
syn-cora-h0.30-r1,StratifiedKFoldDynamic_NeighHet_b300,3,4,GAT,100,115,15,1.2284901142120361,0.47651007771492004,1.2492619752883911,0.48322147130966187,True,100
syn-cora-h0.30-r1,StratifiedKFoldDynamic_NeighHet_b300,3,4,GAT,101,114,14,1.2588928937911987,0.4899328947067261,1.2925350666046143,0.4463087320327759,True,100
syn-cora-h0.30-r1,StratifiedKFoldDynamic_NeighHet_b300,3,3,GAT,101,116,16,1.244598627090454,0.4463087320327759,1.2743910551071167,0.46979865431785583,True,100
syn-cora-h0.30-r1,StratifiedKFoldDynamic_NeighHet_b300,3,5,GAT,100,116,16,1.1941524744033813,0.536912739276886,1.227155089378357,0.5067114233970642,True,100
syn-cora-h0.30-r1,StratifiedKFoldDynamic_NeighHet_b300,3,5,GAT,101,121,21,1.1951751708984375,0.5,1.272452712059021,0.48322147130966187,True,100
syn-cora-h0.30-r1,StratifiedKFoldDynamic_PageRank_b300,3,2,GAT,100,113,13,1.2573578357696533,0.4597315490245819,1.274096131324768,0.46644294261932373,True,100
syn-cora-h0.30-r1,StratifiedKFoldDynamic_PageRank_b300,3,1,GAT,101,114,14,1.2406598329544067,0.4899328947067261,1.2363487482070923,0.5033556818962097,True,100
syn-cora-h0.30-r1,StratifiedKFoldDynamic_PageRank_b300,3,1,GAT,100,115,15,1.2380868196487427,0.4966442883014679,1.2397962808609009,0.5268456339836121,True,100
syn-cora-h0.30-r1,StratifiedKFoldDynamic_PageRank_b300,3,2,GAT,101,115,15,1.2769510746002197,0.463087260723114,1.2842826843261719,0.463087260723114,True,100
syn-cora-h0.30-r1,StratifiedKFoldDynamic_PageRank_b300,3,3,GAT,100,112,12,1.2504981756210327,0.5234899520874023,1.2612155675888062,0.47315436601638794,True,100
syn-cora-h0.30-r1,StratifiedKFoldDynamic_PageRank_b300,3,3,GAT,101,116,16,1.2676596641540527,0.4932885766029358,1.266895055770874,0.4563758373260498,True,100
syn-cora-h0.30-r1,StratifiedKFoldDynamic_PageRank_b300,3,4,GAT,100,114,14,1.212694764137268,0.5268456339836121,1.2785518169403076,0.463087260723114,True,100
syn-cora-h0.30-r1,StratifiedKFoldDynamic_PageRank_b300,3,4,GAT,101,115,15,1.2361443042755127,0.5067114233970642,1.2631304264068604,0.48657718300819397,True,100
syn-cora-h0.30-r1,StratifiedKFoldDynamic_PageRank_b300,3,5,GAT,100,114,14,1.2525932788848877,0.46979865431785583,1.2097983360290527,0.5067114233970642,True,100
syn-cora-h0.30-r1,StratifiedKFoldDynamic_PageRank_b300,3,5,GAT,101,113,13,1.264914870262146,0.4899328947067261,1.2598226070404053,0.4899328947067261,True,100
syn-cora-h0.30-r1,StratifiedKFoldDynamic_EigCentrality_b300,3,2,GAT,101,114,14,1.2271180152893066,0.5100671052932739,1.2465126514434814,0.48657718300819397,True,100
syn-cora-h0.30-r1,StratifiedKFoldDynamic_EigCentrality_b300,3,1,GAT,100,114,14,1.2216358184814453,0.46979865431785583,1.2687132358551025,0.47651007771492004,True,100
syn-cora-h0.30-r1,StratifiedKFoldDynamic_EigCentrality_b300,3,1,GAT,101,116,16,1.24392831325531,0.46644294261932373,1.2857824563980103,0.47315436601638794,True,100
syn-cora-h0.30-r1,StratifiedKFoldDynamic_EigCentrality_b300,3,2,GAT,100,120,20,1.2024873495101929,0.5402684807777405,1.2422089576721191,0.4899328947067261,True,100
syn-cora-h0.30-r1,StratifiedKFoldDynamic_EigCentrality_b300,3,3,GAT,100,115,15,1.2104928493499756,0.5268456339836121,1.2515051364898682,0.4899328947067261,True,100
syn-cora-h0.30-r1,StratifiedKFoldDynamic_EigCentrality_b300,3,3,GAT,101,114,14,1.2329221963882446,0.5335570573806763,1.2641175985336304,0.5,True,100
syn-cora-h0.30-r1,StratifiedKFoldDynamic_EigCentrality_b300,3,4,GAT,100,119,19,1.2428303956985474,0.47315436601638794,1.1951990127563477,0.48657718300819397,True,100
syn-cora-h0.30-r1,StratifiedKFoldDynamic_EigCentrality_b300,3,4,GAT,101,114,14,1.2679405212402344,0.47651007771492004,1.2075273990631104,0.48657718300819397,True,100
syn-cora-h0.30-r1,StratifiedKFoldDynamic_EigCentrality_b300,3,5,GAT,100,113,13,1.2736952304840088,0.4463087320327759,1.2471904754638672,0.4597315490245819,True,100
syn-cora-h0.30-r1,StratifiedKFoldDynamic_EigCentrality_b300,3,5,GAT,101,116,16,1.2722880840301514,0.46644294261932373,1.2654800415039062,0.4530201256275177,True,100
syn-cora-h0.30-r1,StratifiedKFoldDynamic_Clustering_b300,3,1,GAT,100,114,14,1.2469485998153687,0.48657718300819397,1.2221657037734985,0.4966442883014679,True,100
syn-cora-h0.30-r1,StratifiedKFoldDynamic_Clustering_b300,3,2,GAT,100,113,13,1.2680237293243408,0.47986575961112976,1.248600721359253,0.5,True,100
syn-cora-h0.30-r1,StratifiedKFoldDynamic_Clustering_b300,3,2,GAT,101,117,17,1.2842915058135986,0.4530201256275177,1.2742266654968262,0.5,True,100
syn-cora-h0.30-r1,StratifiedKFoldDynamic_Clustering_b300,3,1,GAT,101,116,16,1.250819444656372,0.5167785286903381,1.244067907333374,0.48657718300819397,True,100
syn-cora-h0.30-r1,StratifiedKFoldDynamic_Clustering_b300,3,3,GAT,100,113,13,1.2242896556854248,0.5100671052932739,1.265174150466919,0.46979865431785583,True,100
syn-cora-h0.30-r1,StratifiedKFoldDynamic_Clustering_b300,3,3,GAT,101,116,16,1.2482938766479492,0.47315436601638794,1.274098515510559,0.46979865431785583,True,100
syn-cora-h0.30-r1,StratifiedKFoldDynamic_Clustering_b300,3,4,GAT,100,115,15,1.2541568279266357,0.4966442883014679,1.2385209798812866,0.46644294261932373,True,100
syn-cora-h0.30-r1,StratifiedKFoldDynamic_Clustering_b300,3,4,GAT,101,114,14,1.238309621810913,0.5201342105865479,1.2399982213974,0.4899328947067261,True,100
syn-cora-h0.30-r1,StratifiedKFoldDynamic_Clustering_b300,3,5,GAT,100,114,14,1.2376108169555664,0.5134228467941284,1.2624188661575317,0.48657718300819397,True,100
syn-cora-h0.30-r1,StratifiedKFoldDynamic_Clustering_b300,3,5,GAT,101,120,20,1.2729765176773071,0.47651007771492004,1.2893635034561157,0.4597315490245819,True,100
syn-cora-h0.30-r1,RandomKFold,4,2,GAT,101,113,13,1.288811445236206,0.463087260723114,1.249216079711914,0.4899328947067261,True,100
syn-cora-h0.30-r1,RandomKFold,4,1,GAT,100,115,15,1.2243211269378662,0.5134228467941284,1.239673137664795,0.5134228467941284,True,100
syn-cora-h0.30-r1,RandomKFold,4,1,GAT,101,115,15,1.2431230545043945,0.5,1.2436004877090454,0.4932885766029358,True,100
syn-cora-h0.30-r1,RandomKFold,4,2,GAT,100,117,17,1.3072524070739746,0.43288591504096985,1.226170539855957,0.5067114233970642,True,100
syn-cora-h0.30-r1,RandomKFold,4,3,GAT,100,114,14,1.2501291036605835,0.5,1.2943710088729858,0.4429530203342438,True,100
syn-cora-h0.30-r1,RandomKFold,4,4,GAT,100,115,15,1.2406319379806519,0.47315436601638794,1.2576096057891846,0.4530201256275177,True,100
syn-cora-h0.30-r1,RandomKFold,4,4,GAT,101,114,14,1.2335506677627563,0.5134228467941284,1.2674477100372314,0.47315436601638794,True,100
syn-cora-h0.30-r1,RandomKFold,4,3,GAT,101,116,16,1.2747135162353516,0.48657718300819397,1.3069220781326294,0.42953020334243774,True,100
syn-cora-h0.30-r1,RandomKFold,4,5,GAT,100,113,13,1.2364733219146729,0.48322147130966187,1.2812063694000244,0.43624159693717957,True,100
syn-cora-h0.30-r1,RandomKFold,4,5,GAT,101,117,17,1.2446517944335938,0.47651007771492004,1.2877197265625,0.47315436601638794,True,100
syn-cora-h0.30-r1,LabelStratifiedKFold,4,2,GAT,100,114,14,1.2282580137252808,0.5,1.2771307229995728,0.48322147130966187,True,100
syn-cora-h0.30-r1,LabelStratifiedKFold,4,1,GAT,100,114,14,1.2545469999313354,0.47986575961112976,1.2513518333435059,0.449664443731308,True,100
syn-cora-h0.30-r1,LabelStratifiedKFold,4,1,GAT,101,115,15,1.2607390880584717,0.4530201256275177,1.2768568992614746,0.46979865431785583,True,100
syn-cora-h0.30-r1,LabelStratifiedKFold,4,2,GAT,101,116,16,1.2506983280181885,0.47651007771492004,1.2783738374710083,0.47315436601638794,True,100
syn-cora-h0.30-r1,LabelStratifiedKFold,4,3,GAT,100,114,14,1.2405835390090942,0.47986575961112976,1.2106465101242065,0.5335570573806763,True,100
syn-cora-h0.30-r1,LabelStratifiedKFold,4,3,GAT,101,115,15,1.286129355430603,0.449664443731308,1.2299741506576538,0.48657718300819397,True,100
syn-cora-h0.30-r1,LabelStratifiedKFold,4,4,GAT,101,114,14,1.2476403713226318,0.5134228467941284,1.2736579179763794,0.47315436601638794,True,100
syn-cora-h0.30-r1,LabelStratifiedKFold,4,4,GAT,100,116,16,1.2248343229293823,0.5,1.2364338636398315,0.5067114233970642,True,100
syn-cora-h0.30-r1,LabelStratifiedKFold,4,5,GAT,100,114,14,1.2398605346679688,0.4563758373260498,1.2330565452575684,0.4563758373260498,True,100
syn-cora-h0.30-r1,LabelStratifiedKFold,4,5,GAT,101,115,15,1.2575297355651855,0.46644294261932373,1.246363639831543,0.5100671052932739,True,100
syn-cora-h0.30-r1,StratifiedKFoldDynamic_Degree_b300,4,2,GAT,100,114,14,1.2618112564086914,0.449664443731308,1.2217046022415161,0.5234899520874023,True,100
syn-cora-h0.30-r1,StratifiedKFoldDynamic_Degree_b300,4,1,GAT,101,116,16,1.2583941221237183,0.47651007771492004,1.2794681787490845,0.47986575961112976,True,100
syn-cora-h0.30-r1,StratifiedKFoldDynamic_Degree_b300,4,2,GAT,101,115,15,1.2665772438049316,0.46979865431785583,1.2326161861419678,0.5268456339836121,True,100
syn-cora-h0.30-r1,StratifiedKFoldDynamic_Degree_b300,4,1,GAT,100,119,19,1.2424838542938232,0.4966442883014679,1.2911722660064697,0.4966442883014679,True,100
syn-cora-h0.30-r1,StratifiedKFoldDynamic_Degree_b300,4,3,GAT,101,113,13,1.2651286125183105,0.46979865431785583,1.284953236579895,0.449664443731308,True,100
syn-cora-h0.30-r1,StratifiedKFoldDynamic_Degree_b300,4,3,GAT,100,115,15,1.252013921737671,0.463087260723114,1.2784674167633057,0.4429530203342438,True,100
syn-cora-h0.30-r1,StratifiedKFoldDynamic_Degree_b300,4,4,GAT,100,118,18,1.216838002204895,0.5268456339836121,1.2532001733779907,0.48657718300819397,True,100
syn-cora-h0.30-r1,StratifiedKFoldDynamic_Degree_b300,4,4,GAT,101,116,16,1.2265007495880127,0.5100671052932739,1.2719825506210327,0.47651007771492004,True,100
syn-cora-h0.30-r1,StratifiedKFoldDynamic_Degree_b300,4,5,GAT,100,113,13,1.26600980758667,0.5,1.2096173763275146,0.4966442883014679,True,100
syn-cora-h0.30-r1,StratifiedKFoldDynamic_Degree_b300,4,5,GAT,101,116,16,1.281313419342041,0.449664443731308,1.2466061115264893,0.4899328947067261,True,100
syn-cora-h0.30-r1,StratifiedKFoldDynamic_NeighHet_b300,4,1,GAT,100,113,13,1.2106842994689941,0.4899328947067261,1.237905740737915,0.4563758373260498,True,100
syn-cora-h0.30-r1,StratifiedKFoldDynamic_NeighHet_b300,4,2,GAT,100,115,15,1.2209323644638062,0.536912739276886,1.2039469480514526,0.4932885766029358,True,100
syn-cora-h0.30-r1,StratifiedKFoldDynamic_NeighHet_b300,4,2,GAT,101,119,19,1.2466994524002075,0.48657718300819397,1.2210261821746826,0.47315436601638794,True,100
syn-cora-h0.30-r1,StratifiedKFoldDynamic_NeighHet_b300,4,1,GAT,101,120,20,1.2113128900527954,0.47651007771492004,1.2415859699249268,0.47315436601638794,True,100
syn-cora-h0.30-r1,StratifiedKFoldDynamic_NeighHet_b300,4,3,GAT,100,114,14,1.2527382373809814,0.4530201256275177,1.2445415258407593,0.4966442883014679,True,100
syn-cora-h0.30-r1,StratifiedKFoldDynamic_NeighHet_b300,4,3,GAT,101,116,16,1.2747746706008911,0.4463087320327759,1.2495229244232178,0.4932885766029358,True,100
syn-cora-h0.30-r1,StratifiedKFoldDynamic_NeighHet_b300,4,4,GAT,100,115,15,1.2296217679977417,0.5033556818962097,1.2102681398391724,0.4899328947067261,True,100
syn-cora-h0.30-r1,StratifiedKFoldDynamic_NeighHet_b300,4,4,GAT,101,116,16,1.2315971851348877,0.5033556818962097,1.2341059446334839,0.47651007771492004,True,100
syn-cora-h0.30-r1,StratifiedKFoldDynamic_NeighHet_b300,4,5,GAT,100,113,13,1.2693012952804565,0.42953020334243774,1.2802141904830933,0.48657718300819397,True,100
syn-cora-h0.30-r1,StratifiedKFoldDynamic_NeighHet_b300,4,5,GAT,101,120,20,1.2818901538848877,0.43288591504096985,1.2843515872955322,0.48657718300819397,True,100
syn-cora-h0.30-r1,StratifiedKFoldDynamic_PageRank_b300,4,1,GAT,101,113,13,1.231894612312317,0.5134228467941284,1.2965810298919678,0.46979865431785583,True,100
syn-cora-h0.30-r1,StratifiedKFoldDynamic_PageRank_b300,4,2,GAT,101,115,15,1.2747660875320435,0.4463087320327759,1.220838189125061,0.5268456339836121,True,100
syn-cora-h0.30-r1,StratifiedKFoldDynamic_PageRank_b300,4,2,GAT,100,115,15,1.2487112283706665,0.48322147130966187,1.2104661464691162,0.5503355860710144,True,100
syn-cora-h0.30-r1,StratifiedKFoldDynamic_PageRank_b300,4,1,GAT,100,117,17,1.2085939645767212,0.5167785286903381,1.2845784425735474,0.4597315490245819,True,100
syn-cora-h0.30-r1,StratifiedKFoldDynamic_PageRank_b300,4,3,GAT,100,113,13,1.2899386882781982,0.47315436601638794,1.2263401746749878,0.5067114233970642,True,100
syn-cora-h0.30-r1,StratifiedKFoldDynamic_PageRank_b300,4,3,GAT,101,114,14,1.2976186275482178,0.4463087320327759,1.253657341003418,0.47651007771492004,True,100
syn-cora-h0.30-r1,StratifiedKFoldDynamic_PageRank_b300,4,4,GAT,100,114,14,1.268283486366272,0.48322147130966187,1.288955569267273,0.449664443731308,True,100
syn-cora-h0.30-r1,StratifiedKFoldDynamic_PageRank_b300,4,4,GAT,101,116,16,1.248247742652893,0.4932885766029358,1.3054076433181763,0.46979865431785583,True,100
syn-cora-h0.30-r1,StratifiedKFoldDynamic_PageRank_b300,4,5,GAT,100,114,14,1.2568961381912231,0.46979865431785583,1.2681323289871216,0.4966442883014679,True,100
syn-cora-h0.30-r1,StratifiedKFoldDynamic_PageRank_b300,4,5,GAT,101,119,19,1.2639243602752686,0.47651007771492004,1.2665835618972778,0.48657718300819397,True,100
syn-cora-h0.30-r1,StratifiedKFoldDynamic_EigCentrality_b300,4,2,GAT,100,113,13,1.2756136655807495,0.46979865431785583,1.2257102727890015,0.47986575961112976,True,100
syn-cora-h0.30-r1,StratifiedKFoldDynamic_EigCentrality_b300,4,1,GAT,101,116,16,1.2517406940460205,0.48322147130966187,1.2639635801315308,0.48657718300819397,True,100
syn-cora-h0.30-r1,StratifiedKFoldDynamic_EigCentrality_b300,4,1,GAT,100,117,17,1.1931369304656982,0.5100671052932739,1.248948097229004,0.48322147130966187,True,100
syn-cora-h0.30-r1,StratifiedKFoldDynamic_EigCentrality_b300,4,2,GAT,101,116,16,1.3050086498260498,0.4530201256275177,1.2478199005126953,0.463087260723114,True,100
syn-cora-h0.30-r1,StratifiedKFoldDynamic_EigCentrality_b300,4,3,GAT,100,115,15,1.291123628616333,0.463087260723114,1.2606152296066284,0.449664443731308,True,100
syn-cora-h0.30-r1,StratifiedKFoldDynamic_EigCentrality_b300,4,3,GAT,101,116,16,1.2880929708480835,0.46979865431785583,1.2940633296966553,0.42281877994537354,True,100
syn-cora-h0.30-r1,StratifiedKFoldDynamic_EigCentrality_b300,4,4,GAT,101,115,15,1.2240121364593506,0.5234899520874023,1.3042961359024048,0.47651007771492004,True,100
syn-cora-h0.30-r1,StratifiedKFoldDynamic_EigCentrality_b300,4,4,GAT,100,121,21,1.2448594570159912,0.47651007771492004,1.303674340248108,0.43959730863571167,True,100
syn-cora-h0.30-r1,StratifiedKFoldDynamic_EigCentrality_b300,4,5,GAT,100,118,18,1.2293145656585693,0.48657718300819397,1.2577835321426392,0.4597315490245819,True,100
syn-cora-h0.30-r1,StratifiedKFoldDynamic_EigCentrality_b300,4,5,GAT,101,116,16,1.2443568706512451,0.48322147130966187,1.2305675745010376,0.47315436601638794,True,100
syn-cora-h0.30-r1,StratifiedKFoldDynamic_Clustering_b300,4,2,GAT,100,113,13,1.2830103635787964,0.46979865431785583,1.214629054069519,0.5234899520874023,True,100
syn-cora-h0.30-r1,StratifiedKFoldDynamic_Clustering_b300,4,1,GAT,100,116,16,1.2180510759353638,0.5201342105865479,1.195585012435913,0.5402684807777405,True,100
syn-cora-h0.30-r1,StratifiedKFoldDynamic_Clustering_b300,4,2,GAT,101,116,16,1.3058065176010132,0.449664443731308,1.2363747358322144,0.4966442883014679,True,100
syn-cora-h0.30-r1,StratifiedKFoldDynamic_Clustering_b300,4,1,GAT,101,116,16,1.2268173694610596,0.5201342105865479,1.218861699104309,0.5100671052932739,True,100
syn-cora-h0.30-r1,StratifiedKFoldDynamic_Clustering_b300,4,3,GAT,100,117,17,1.2791553735733032,0.4530201256275177,1.2773274183273315,0.4463087320327759,True,100
syn-cora-h0.30-r1,StratifiedKFoldDynamic_Clustering_b300,4,4,GAT,100,115,15,1.2234466075897217,0.5167785286903381,1.284156084060669,0.47986575961112976,True,100
syn-cora-h0.30-r1,StratifiedKFoldDynamic_Clustering_b300,4,4,GAT,101,116,16,1.2191680669784546,0.5033556818962097,1.291883945465088,0.4563758373260498,True,100
syn-cora-h0.30-r1,StratifiedKFoldDynamic_Clustering_b300,4,3,GAT,101,127,27,1.281383752822876,0.42281877994537354,1.3156225681304932,0.4127516746520996,True,100
syn-cora-h0.30-r1,StratifiedKFoldDynamic_Clustering_b300,4,5,GAT,100,114,14,1.2013553380966187,0.4899328947067261,1.2224949598312378,0.5033556818962097,True,100
syn-cora-h0.30-r1,StratifiedKFoldDynamic_Clustering_b300,4,5,GAT,101,115,15,1.2350153923034668,0.5067114233970642,1.2327091693878174,0.5302013158798218,True,100
syn-cora-h0.40-r1,RandomKFold,0,1,GAT,100,116,16,1.0731219053268433,0.6208053827285767,1.1220591068267822,0.5604026913642883,True,100
syn-cora-h0.40-r1,RandomKFold,0,2,GAT,101,119,19,1.0993510484695435,0.5704697966575623,1.128937840461731,0.6073825359344482,True,100
syn-cora-h0.40-r1,RandomKFold,0,1,GAT,101,143,43,1.0798120498657227,0.5536912679672241,1.147741436958313,0.5436241626739502,True,100
syn-cora-h0.40-r1,RandomKFold,0,2,GAT,100,163,63,1.1592100858688354,0.5604026913642883,1.119981050491333,0.5771812200546265,True,100
syn-cora-h0.40-r1,RandomKFold,0,3,GAT,100,114,14,1.1603890657424927,0.4966442883014679,1.1395657062530518,0.5838926434516907,True,100
syn-cora-h0.40-r1,RandomKFold,0,4,GAT,100,120,20,1.1403944492340088,0.5771812200546265,1.198746681213379,0.5,True,100
syn-cora-h0.40-r1,RandomKFold,0,3,GAT,101,153,53,1.1351780891418457,0.5268456339836121,1.1393824815750122,0.5671141147613525,True,100
syn-cora-h0.40-r1,RandomKFold,0,4,GAT,101,115,15,1.1428234577178955,0.5604026913642883,1.1799885034561157,0.5033556818962097,True,100
syn-cora-h0.40-r1,RandomKFold,0,5,GAT,101,121,21,1.0779941082000732,0.6375839114189148,1.1201950311660767,0.5838926434516907,True,100
syn-cora-h0.40-r1,RandomKFold,0,5,GAT,100,160,60,1.0900630950927734,0.5838926434516907,1.1567633152008057,0.5805369019508362,True,100
syn-cora-h0.40-r1,LabelStratifiedKFold,0,1,GAT,100,118,18,1.1543300151824951,0.5469798445701599,1.1017310619354248,0.5939597487449646,True,100
syn-cora-h0.40-r1,LabelStratifiedKFold,0,2,GAT,101,124,24,1.0317989587783813,0.5906040072441101,1.157060146331787,0.563758373260498,True,100
syn-cora-h0.40-r1,LabelStratifiedKFold,0,1,GAT,101,133,33,1.174124836921692,0.5536912679672241,1.1301374435424805,0.563758373260498,True,100
syn-cora-h0.40-r1,LabelStratifiedKFold,0,2,GAT,100,150,50,1.0363597869873047,0.5906040072441101,1.1508054733276367,0.5469798445701599,True,100
syn-cora-h0.40-r1,LabelStratifiedKFold,0,3,GAT,100,116,16,1.2234246730804443,0.4966442883014679,1.0500959157943726,0.5906040072441101,True,100
syn-cora-h0.40-r1,LabelStratifiedKFold,0,3,GAT,101,118,18,1.217990517616272,0.4932885766029358,1.0561797618865967,0.6073825359344482,True,100
syn-cora-h0.40-r1,LabelStratifiedKFold,0,4,GAT,100,120,20,1.0877985954284668,0.6241610646247864,1.236533284187317,0.4932885766029358,True,100
syn-cora-h0.40-r1,LabelStratifiedKFold,0,4,GAT,101,120,20,1.0558170080184937,0.6140939593315125,1.2028727531433105,0.5201342105865479,True,100
syn-cora-h0.40-r1,LabelStratifiedKFold,0,5,GAT,101,122,22,1.0988553762435913,0.6073825359344482,1.1093755960464478,0.600671112537384,True,100
syn-cora-h0.40-r1,LabelStratifiedKFold,0,5,GAT,100,157,57,1.092895269393921,0.5771812200546265,1.1379121541976929,0.5671141147613525,True,100
syn-cora-h0.40-r1,StratifiedKFoldDynamic_Degree_b300,0,1,GAT,100,113,13,1.1498619318008423,0.573825478553772,1.1351077556610107,0.6040268540382385,True,100
syn-cora-h0.40-r1,StratifiedKFoldDynamic_Degree_b300,0,2,GAT,100,116,16,1.1000230312347412,0.563758373260498,1.1699587106704712,0.5536912679672241,True,100
syn-cora-h0.40-r1,StratifiedKFoldDynamic_Degree_b300,0,2,GAT,101,116,16,1.1046996116638184,0.573825478553772,1.171743631362915,0.5469798445701599,True,100
syn-cora-h0.40-r1,StratifiedKFoldDynamic_Degree_b300,0,1,GAT,101,124,24,1.1531102657318115,0.573825478553772,1.1352845430374146,0.5469798445701599,True,100
syn-cora-h0.40-r1,StratifiedKFoldDynamic_Degree_b300,0,3,GAT,100,119,19,1.1448204517364502,0.5771812200546265,1.0866811275482178,0.5805369019508362,True,100
syn-cora-h0.40-r1,StratifiedKFoldDynamic_Degree_b300,0,3,GAT,101,121,21,1.144620656967163,0.5604026913642883,1.101370096206665,0.5604026913642883,True,100
syn-cora-h0.40-r1,StratifiedKFoldDynamic_Degree_b300,0,4,GAT,100,118,18,1.081558108329773,0.5906040072441101,1.162257194519043,0.573825478553772,True,100
syn-cora-h0.40-r1,StratifiedKFoldDynamic_Degree_b300,0,4,GAT,101,116,16,1.120888590812683,0.5570470094680786,1.1564759016036987,0.5503355860710144,True,100
syn-cora-h0.40-r1,StratifiedKFoldDynamic_Degree_b300,0,5,GAT,100,119,19,1.129805088043213,0.5671141147613525,1.094260334968567,0.5939597487449646,True,100
syn-cora-h0.40-r1,StratifiedKFoldDynamic_Degree_b300,0,5,GAT,101,119,19,1.1486175060272217,0.5302013158798218,1.10743248462677,0.5771812200546265,True,100
syn-cora-h0.40-r1,StratifiedKFoldDynamic_NeighHet_b300,0,1,GAT,100,117,17,1.124298095703125,0.5469798445701599,1.1242265701293945,0.5771812200546265,True,100
syn-cora-h0.40-r1,StratifiedKFoldDynamic_NeighHet_b300,0,1,GAT,101,118,18,1.1092519760131836,0.5604026913642883,1.1208399534225464,0.6174496412277222,True,100
syn-cora-h0.40-r1,StratifiedKFoldDynamic_NeighHet_b300,0,2,GAT,101,124,24,1.135535717010498,0.5536912679672241,1.147573709487915,0.5436241626739502,True,100
syn-cora-h0.40-r1,StratifiedKFoldDynamic_NeighHet_b300,0,2,GAT,100,159,59,1.1448495388031006,0.5436241626739502,1.153588056564331,0.5234899520874023,True,100
syn-cora-h0.40-r1,StratifiedKFoldDynamic_NeighHet_b300,0,3,GAT,101,117,17,1.1209996938705444,0.5939597487449646,1.1260061264038086,0.5771812200546265,True,100
syn-cora-h0.40-r1,StratifiedKFoldDynamic_NeighHet_b300,0,4,GAT,100,113,13,1.1196101903915405,0.5838926434516907,1.1376200914382935,0.5704697966575623,True,100
syn-cora-h0.40-r1,StratifiedKFoldDynamic_NeighHet_b300,0,3,GAT,100,121,21,1.1111606359481812,0.5805369019508362,1.132196068763733,0.5805369019508362,True,100
syn-cora-h0.40-r1,StratifiedKFoldDynamic_NeighHet_b300,0,4,GAT,101,119,19,1.1085760593414307,0.5671141147613525,1.1479430198669434,0.5536912679672241,True,100
syn-cora-h0.40-r1,StratifiedKFoldDynamic_NeighHet_b300,0,5,GAT,100,155,55,1.1072962284088135,0.5872483253479004,1.1609619855880737,0.536912739276886,True,100
syn-cora-h0.40-r1,StratifiedKFoldDynamic_NeighHet_b300,0,5,GAT,101,178,78,1.1213163137435913,0.5973154306411743,1.1794265508651733,0.5033556818962097,True,100
syn-cora-h0.40-r1,StratifiedKFoldDynamic_PageRank_b300,0,2,GAT,100,116,16,1.1602277755737305,0.5503355860710144,1.090345859527588,0.5906040072441101,True,100
syn-cora-h0.40-r1,StratifiedKFoldDynamic_PageRank_b300,0,2,GAT,101,119,19,1.136056900024414,0.5570470094680786,1.1128504276275635,0.5536912679672241,True,100
syn-cora-h0.40-r1,StratifiedKFoldDynamic_PageRank_b300,0,1,GAT,101,124,24,1.1173990964889526,0.5536912679672241,1.0941051244735718,0.5906040072441101,True,100
syn-cora-h0.40-r1,StratifiedKFoldDynamic_PageRank_b300,0,1,GAT,100,211,111,1.088460922241211,0.536912739276886,1.1145533323287964,0.5872483253479004,True,100
syn-cora-h0.40-r1,StratifiedKFoldDynamic_PageRank_b300,0,3,GAT,100,120,20,1.0626674890518188,0.6241610646247864,1.1498653888702393,0.5570470094680786,True,100
syn-cora-h0.40-r1,StratifiedKFoldDynamic_PageRank_b300,0,4,GAT,100,157,57,1.1185376644134521,0.5402684807777405,1.1190530061721802,0.5872483253479004,True,100
syn-cora-h0.40-r1,StratifiedKFoldDynamic_PageRank_b300,0,4,GAT,101,123,23,1.1117907762527466,0.5771812200546265,1.1217243671417236,0.5838926434516907,True,100
syn-cora-h0.40-r1,StratifiedKFoldDynamic_PageRank_b300,0,3,GAT,101,219,119,1.0700725317001343,0.600671112537384,1.1765691041946411,0.5570470094680786,True,100
syn-cora-h0.40-r1,StratifiedKFoldDynamic_PageRank_b300,0,5,GAT,100,118,18,1.1096391677856445,0.5906040072441101,1.1022233963012695,0.5838926434516907,True,100
syn-cora-h0.40-r1,StratifiedKFoldDynamic_PageRank_b300,0,5,GAT,101,118,18,1.0904693603515625,0.5838926434516907,1.0994731187820435,0.5771812200546265,True,100
syn-cora-h0.40-r1,StratifiedKFoldDynamic_EigCentrality_b300,0,1,GAT,100,118,18,1.098159670829773,0.5906040072441101,1.1962823867797852,0.5536912679672241,True,100
syn-cora-h0.40-r1,StratifiedKFoldDynamic_EigCentrality_b300,0,2,GAT,101,125,25,1.0984395742416382,0.563758373260498,1.1049078702926636,0.5973154306411743,True,100
syn-cora-h0.40-r1,StratifiedKFoldDynamic_EigCentrality_b300,0,2,GAT,100,160,60,1.0776104927062988,0.5771812200546265,1.1076210737228394,0.6040268540382385,True,100
syn-cora-h0.40-r1,StratifiedKFoldDynamic_EigCentrality_b300,0,1,GAT,101,170,70,1.1293561458587646,0.5570470094680786,1.2607322931289673,0.5167785286903381,True,100
syn-cora-h0.40-r1,StratifiedKFoldDynamic_EigCentrality_b300,0,3,GAT,100,121,21,1.1769156455993652,0.5033556818962097,1.1348503828048706,0.5671141147613525,True,100
syn-cora-h0.40-r1,StratifiedKFoldDynamic_EigCentrality_b300,0,3,GAT,101,118,18,1.158823847770691,0.5469798445701599,1.117213249206543,0.5570470094680786,True,100
syn-cora-h0.40-r1,StratifiedKFoldDynamic_EigCentrality_b300,0,4,GAT,100,120,20,1.1089422702789307,0.5469798445701599,1.205336332321167,0.5167785286903381,True,100
syn-cora-h0.40-r1,StratifiedKFoldDynamic_EigCentrality_b300,0,4,GAT,101,115,15,1.1002165079116821,0.5604026913642883,1.1772089004516602,0.4932885766029358,True,100
syn-cora-h0.40-r1,StratifiedKFoldDynamic_EigCentrality_b300,0,5,GAT,100,114,14,1.17805016040802,0.5503355860710144,1.0966856479644775,0.563758373260498,True,100
syn-cora-h0.40-r1,StratifiedKFoldDynamic_EigCentrality_b300,0,5,GAT,101,130,30,1.1954855918884277,0.5604026913642883,1.097609043121338,0.5838926434516907,True,100
syn-cora-h0.40-r1,StratifiedKFoldDynamic_Clustering_b300,0,2,GAT,100,113,13,1.1805354356765747,0.5436241626739502,1.075767159461975,0.6174496412277222,True,100
syn-cora-h0.40-r1,StratifiedKFoldDynamic_Clustering_b300,0,2,GAT,101,114,14,1.1399846076965332,0.5771812200546265,1.0935367345809937,0.5872483253479004,True,100
syn-cora-h0.40-r1,StratifiedKFoldDynamic_Clustering_b300,0,1,GAT,101,118,18,1.0863697528839111,0.5771812200546265,1.1271138191223145,0.5503355860710144,True,100
syn-cora-h0.40-r1,StratifiedKFoldDynamic_Clustering_b300,0,1,GAT,100,120,20,1.0743860006332397,0.5973154306411743,1.1476447582244873,0.5805369019508362,True,100
syn-cora-h0.40-r1,StratifiedKFoldDynamic_Clustering_b300,0,3,GAT,100,118,18,1.1210206747055054,0.573825478553772,1.187239646911621,0.5100671052932739,True,100
syn-cora-h0.40-r1,StratifiedKFoldDynamic_Clustering_b300,0,4,GAT,100,117,17,1.181437611579895,0.5402684807777405,1.114660620689392,0.5838926434516907,True,100
syn-cora-h0.40-r1,StratifiedKFoldDynamic_Clustering_b300,0,3,GAT,101,132,32,1.1149629354476929,0.5805369019508362,1.1657021045684814,0.5234899520874023,True,100
syn-cora-h0.40-r1,StratifiedKFoldDynamic_Clustering_b300,0,5,GAT,101,116,16,1.1086491346359253,0.573825478553772,1.1943764686584473,0.5436241626739502,True,100
syn-cora-h0.40-r1,StratifiedKFoldDynamic_Clustering_b300,0,4,GAT,101,243,143,1.200653076171875,0.5503355860710144,1.168077826499939,0.5536912679672241,True,100
syn-cora-h0.40-r1,StratifiedKFoldDynamic_Clustering_b300,0,5,GAT,100,149,49,1.087037205696106,0.5805369019508362,1.2160593271255493,0.5100671052932739,True,100
syn-cora-h0.40-r1,RandomKFold,1,2,GAT,101,115,15,1.1229758262634277,0.5973154306411743,1.0690237283706665,0.5805369019508362,True,100
syn-cora-h0.40-r1,RandomKFold,1,2,GAT,100,117,17,1.1276533603668213,0.5838926434516907,1.049912929534912,0.5973154306411743,True,100
syn-cora-h0.40-r1,RandomKFold,1,1,GAT,100,118,18,1.0801056623458862,0.600671112537384,1.127894401550293,0.573825478553772,True,100
syn-cora-h0.40-r1,RandomKFold,1,1,GAT,101,124,24,1.0971969366073608,0.5671141147613525,1.1457873582839966,0.5671141147613525,True,100
syn-cora-h0.40-r1,RandomKFold,1,3,GAT,100,114,14,1.1528229713439941,0.563758373260498,1.1717993021011353,0.536912739276886,True,100
syn-cora-h0.40-r1,RandomKFold,1,3,GAT,101,119,19,1.1427183151245117,0.5570470094680786,1.1330723762512207,0.5704697966575623,True,100
syn-cora-h0.40-r1,RandomKFold,1,4,GAT,100,121,21,1.110932469367981,0.5872483253479004,1.1623083353042603,0.5335570573806763,True,100
syn-cora-h0.40-r1,RandomKFold,1,4,GAT,101,116,16,1.1183496713638306,0.5671141147613525,1.1316426992416382,0.5872483253479004,True,100
syn-cora-h0.40-r1,RandomKFold,1,5,GAT,100,118,18,1.1203616857528687,0.5805369019508362,1.1436916589736938,0.5671141147613525,True,100
syn-cora-h0.40-r1,RandomKFold,1,5,GAT,101,151,51,1.132115364074707,0.563758373260498,1.1558600664138794,0.5503355860710144,True,100
syn-cora-h0.40-r1,LabelStratifiedKFold,1,2,GAT,101,115,15,1.1607489585876465,0.536912739276886,1.1234501600265503,0.5671141147613525,True,100
syn-cora-h0.40-r1,LabelStratifiedKFold,1,1,GAT,100,117,17,1.115216851234436,0.5469798445701599,1.097137689590454,0.5570470094680786,True,100
syn-cora-h0.40-r1,LabelStratifiedKFold,1,2,GAT,100,117,17,1.161922812461853,0.5704697966575623,1.1244295835494995,0.5570470094680786,True,100
syn-cora-h0.40-r1,LabelStratifiedKFold,1,1,GAT,101,122,22,1.1316453218460083,0.573825478553772,1.1033241748809814,0.5838926434516907,True,100
syn-cora-h0.40-r1,LabelStratifiedKFold,1,4,GAT,100,113,13,1.1837459802627563,0.5201342105865479,1.1277142763137817,0.5939597487449646,True,100
syn-cora-h0.40-r1,LabelStratifiedKFold,1,4,GAT,101,118,18,1.1836093664169312,0.5302013158798218,1.1161900758743286,0.5570470094680786,True,100
syn-cora-h0.40-r1,LabelStratifiedKFold,1,3,GAT,100,164,64,1.125138759613037,0.600671112537384,1.2250473499298096,0.5,True,100
syn-cora-h0.40-r1,LabelStratifiedKFold,1,3,GAT,101,179,79,1.1259790658950806,0.5872483253479004,1.2104030847549438,0.5,True,100
syn-cora-h0.40-r1,LabelStratifiedKFold,1,5,GAT,100,114,14,1.0892693996429443,0.563758373260498,1.175147294998169,0.5335570573806763,True,100
syn-cora-h0.40-r1,LabelStratifiedKFold,1,5,GAT,101,115,15,1.080440640449524,0.5838926434516907,1.1943984031677246,0.5167785286903381,True,100
syn-cora-h0.40-r1,StratifiedKFoldDynamic_Degree_b300,1,1,GAT,100,115,15,1.1779941320419312,0.5469798445701599,1.1244335174560547,0.5704697966575623,True,100
syn-cora-h0.40-r1,StratifiedKFoldDynamic_Degree_b300,1,1,GAT,101,116,16,1.1815028190612793,0.5302013158798218,1.1334134340286255,0.5536912679672241,True,100
syn-cora-h0.40-r1,StratifiedKFoldDynamic_Degree_b300,1,2,GAT,100,118,18,1.1500396728515625,0.5604026913642883,1.1509613990783691,0.5436241626739502,True,100
syn-cora-h0.40-r1,StratifiedKFoldDynamic_Degree_b300,1,2,GAT,101,118,18,1.152400016784668,0.5436241626739502,1.131382703781128,0.5469798445701599,True,100
syn-cora-h0.40-r1,StratifiedKFoldDynamic_Degree_b300,1,4,GAT,101,114,14,1.1646331548690796,0.5704697966575623,1.0926029682159424,0.5906040072441101,True,100
syn-cora-h0.40-r1,StratifiedKFoldDynamic_Degree_b300,1,4,GAT,100,113,13,1.1524109840393066,0.5402684807777405,1.1029900312423706,0.5704697966575623,True,100
syn-cora-h0.40-r1,StratifiedKFoldDynamic_Degree_b300,1,3,GAT,101,160,60,1.0555169582366943,0.5872483253479004,1.2213423252105713,0.5402684807777405,True,100
syn-cora-h0.40-r1,StratifiedKFoldDynamic_Degree_b300,1,5,GAT,101,115,15,1.096570372581482,0.5906040072441101,1.1420031785964966,0.6140939593315125,True,100
syn-cora-h0.40-r1,StratifiedKFoldDynamic_Degree_b300,1,5,GAT,100,116,16,1.0904114246368408,0.5906040072441101,1.131588101387024,0.563758373260498,True,100
syn-cora-h0.40-r1,StratifiedKFoldDynamic_Degree_b300,1,3,GAT,100,266,166,1.0569226741790771,0.573825478553772,1.2220529317855835,0.5268456339836121,True,100
syn-cora-h0.40-r1,StratifiedKFoldDynamic_NeighHet_b300,1,1,GAT,101,118,18,1.118729829788208,0.5604026913642883,1.1734172105789185,0.5536912679672241,True,100
syn-cora-h0.40-r1,StratifiedKFoldDynamic_NeighHet_b300,1,1,GAT,100,121,21,1.1377087831497192,0.5536912679672241,1.1552908420562744,0.536912739276886,True,100
syn-cora-h0.40-r1,StratifiedKFoldDynamic_NeighHet_b300,1,2,GAT,100,122,22,1.1258667707443237,0.5436241626739502,1.1521492004394531,0.5067114233970642,True,100
syn-cora-h0.40-r1,StratifiedKFoldDynamic_NeighHet_b300,1,2,GAT,101,124,24,1.147025465965271,0.536912739276886,1.1554220914840698,0.5469798445701599,True,100
syn-cora-h0.40-r1,StratifiedKFoldDynamic_NeighHet_b300,1,3,GAT,100,114,14,1.0959606170654297,0.5939597487449646,1.1010076999664307,0.5906040072441101,True,100
syn-cora-h0.40-r1,StratifiedKFoldDynamic_NeighHet_b300,1,4,GAT,100,113,13,1.144821047782898,0.5570470094680786,1.11360764503479,0.5704697966575623,True,100
syn-cora-h0.40-r1,StratifiedKFoldDynamic_NeighHet_b300,1,3,GAT,101,116,16,1.0937765836715698,0.5805369019508362,1.113277792930603,0.6107382774353027,True,100
syn-cora-h0.40-r1,StratifiedKFoldDynamic_NeighHet_b300,1,4,GAT,101,120,20,1.1143046617507935,0.5402684807777405,1.1178406476974487,0.5436241626739502,True,100
syn-cora-h0.40-r1,StratifiedKFoldDynamic_NeighHet_b300,1,5,GAT,100,117,17,1.1332595348358154,0.536912739276886,1.1270190477371216,0.5805369019508362,True,100
syn-cora-h0.40-r1,StratifiedKFoldDynamic_NeighHet_b300,1,5,GAT,101,123,23,1.1520050764083862,0.5402684807777405,1.0975145101547241,0.5906040072441101,True,100
syn-cora-h0.40-r1,StratifiedKFoldDynamic_PageRank_b300,1,1,GAT,100,114,14,1.1551052331924438,0.5503355860710144,1.1426717042922974,0.5335570573806763,True,100
syn-cora-h0.40-r1,StratifiedKFoldDynamic_PageRank_b300,1,2,GAT,100,119,19,1.0700304508209229,0.6241610646247864,1.1511648893356323,0.5771812200546265,True,100
syn-cora-h0.40-r1,StratifiedKFoldDynamic_PageRank_b300,1,1,GAT,101,118,18,1.1542338132858276,0.5536912679672241,1.175114631652832,0.5436241626739502,True,100
syn-cora-h0.40-r1,StratifiedKFoldDynamic_PageRank_b300,1,3,GAT,100,113,13,1.1265102624893188,0.5704697966575623,1.1270085573196411,0.5805369019508362,True,100
syn-cora-h0.40-r1,StratifiedKFoldDynamic_PageRank_b300,1,4,GAT,100,118,18,1.1596803665161133,0.5570470094680786,1.1085089445114136,0.5302013158798218,True,100
syn-cora-h0.40-r1,StratifiedKFoldDynamic_PageRank_b300,1,3,GAT,101,120,20,1.0890538692474365,0.5771812200546265,1.0812162160873413,0.6107382774353027,True,100
syn-cora-h0.40-r1,StratifiedKFoldDynamic_PageRank_b300,1,2,GAT,101,278,178,1.0524985790252686,0.600671112537384,1.2512311935424805,0.5268456339836121,True,100
syn-cora-h0.40-r1,StratifiedKFoldDynamic_PageRank_b300,1,4,GAT,101,118,18,1.1833959817886353,0.5268456339836121,1.0987025499343872,0.5536912679672241,True,100
syn-cora-h0.40-r1,StratifiedKFoldDynamic_PageRank_b300,1,5,GAT,100,115,15,1.129837989807129,0.5234899520874023,1.153666615486145,0.5436241626739502,True,100
syn-cora-h0.40-r1,StratifiedKFoldDynamic_PageRank_b300,1,5,GAT,101,144,44,1.1470273733139038,0.5469798445701599,1.1664152145385742,0.5335570573806763,True,100
syn-cora-h0.40-r1,StratifiedKFoldDynamic_EigCentrality_b300,1,2,GAT,100,116,16,1.0884337425231934,0.5838926434516907,1.1146743297576904,0.5671141147613525,True,100
syn-cora-h0.40-r1,StratifiedKFoldDynamic_EigCentrality_b300,1,1,GAT,100,118,18,1.094950795173645,0.5973154306411743,1.1236352920532227,0.5570470094680786,True,100
syn-cora-h0.40-r1,StratifiedKFoldDynamic_EigCentrality_b300,1,2,GAT,101,147,47,1.1083898544311523,0.573825478553772,1.1638251543045044,0.5302013158798218,True,100
syn-cora-h0.40-r1,StratifiedKFoldDynamic_EigCentrality_b300,1,1,GAT,101,214,114,1.1224864721298218,0.5536912679672241,1.1780139207839966,0.5335570573806763,True,100
syn-cora-h0.40-r1,StratifiedKFoldDynamic_EigCentrality_b300,1,3,GAT,100,114,14,1.1260842084884644,0.5671141147613525,1.0924630165100098,0.5838926434516907,True,100
syn-cora-h0.40-r1,StratifiedKFoldDynamic_EigCentrality_b300,1,3,GAT,101,116,16,1.1380925178527832,0.5704697966575623,1.093649983406067,0.5939597487449646,True,100
syn-cora-h0.40-r1,StratifiedKFoldDynamic_EigCentrality_b300,1,4,GAT,101,114,14,1.147047758102417,0.563758373260498,1.1398303508758545,0.5771812200546265,True,100
syn-cora-h0.40-r1,StratifiedKFoldDynamic_EigCentrality_b300,1,4,GAT,100,184,84,1.1749883890151978,0.5536912679672241,1.2071757316589355,0.5201342105865479,True,100
syn-cora-h0.40-r1,StratifiedKFoldDynamic_EigCentrality_b300,1,5,GAT,100,122,22,1.1188379526138306,0.5570470094680786,1.1945924758911133,0.5570470094680786,True,100
syn-cora-h0.40-r1,StratifiedKFoldDynamic_EigCentrality_b300,1,5,GAT,101,121,21,1.1221059560775757,0.5838926434516907,1.1719406843185425,0.5469798445701599,True,100
syn-cora-h0.40-r1,StratifiedKFoldDynamic_Clustering_b300,1,1,GAT,100,120,20,1.1953781843185425,0.5100671052932739,1.1012444496154785,0.5838926434516907,True,100
syn-cora-h0.40-r1,StratifiedKFoldDynamic_Clustering_b300,1,1,GAT,101,119,19,1.1513341665267944,0.5201342105865479,1.1018259525299072,0.5939597487449646,True,100
syn-cora-h0.40-r1,StratifiedKFoldDynamic_Clustering_b300,1,2,GAT,100,158,58,1.0592211484909058,0.5973154306411743,1.2099816799163818,0.4966442883014679,True,100
syn-cora-h0.40-r1,StratifiedKFoldDynamic_Clustering_b300,1,2,GAT,101,178,78,1.0704007148742676,0.6073825359344482,1.2239806652069092,0.5033556818962097,True,100
syn-cora-h0.40-r1,StratifiedKFoldDynamic_Clustering_b300,1,3,GAT,100,145,45,1.0834211111068726,0.5939597487449646,1.1644667387008667,0.5402684807777405,True,100
syn-cora-h0.40-r1,StratifiedKFoldDynamic_Clustering_b300,1,4,GAT,100,116,16,1.1303157806396484,0.5536912679672241,1.0739582777023315,0.5939597487449646,True,100
syn-cora-h0.40-r1,StratifiedKFoldDynamic_Clustering_b300,1,4,GAT,101,115,15,1.1483571529388428,0.573825478553772,1.0803279876708984,0.5939597487449646,True,100
syn-cora-h0.40-r1,StratifiedKFoldDynamic_Clustering_b300,1,3,GAT,101,186,86,1.0793287754058838,0.5805369019508362,1.1587448120117188,0.5570470094680786,True,100
syn-cora-h0.40-r1,StratifiedKFoldDynamic_Clustering_b300,1,5,GAT,101,118,18,1.1179178953170776,0.5838926434516907,1.14036226272583,0.5805369019508362,True,100
syn-cora-h0.40-r1,StratifiedKFoldDynamic_Clustering_b300,1,5,GAT,100,207,107,1.1149019002914429,0.573825478553772,1.1739410161972046,0.5402684807777405,True,100
syn-cora-h0.40-r1,RandomKFold,2,1,GAT,101,118,18,1.1324574947357178,0.5771812200546265,1.1670904159545898,0.563758373260498,True,100
syn-cora-h0.40-r1,RandomKFold,2,2,GAT,100,120,20,1.0941914319992065,0.5604026913642883,1.137611746788025,0.5570470094680786,True,100
syn-cora-h0.40-r1,RandomKFold,2,2,GAT,101,120,20,1.100128173828125,0.5234899520874023,1.1334025859832764,0.600671112537384,True,100
syn-cora-h0.40-r1,RandomKFold,2,1,GAT,100,120,20,1.1312041282653809,0.5201342105865479,1.1952751874923706,0.5503355860710144,True,100
syn-cora-h0.40-r1,RandomKFold,2,3,GAT,100,118,18,1.1341201066970825,0.563758373260498,1.1280601024627686,0.5570470094680786,True,100
syn-cora-h0.40-r1,RandomKFold,2,4,GAT,100,116,16,1.1292781829833984,0.5436241626739502,1.1282459497451782,0.563758373260498,True,100
syn-cora-h0.40-r1,RandomKFold,2,4,GAT,101,117,17,1.153362512588501,0.5201342105865479,1.1368284225463867,0.5671141147613525,True,100
syn-cora-h0.40-r1,RandomKFold,2,3,GAT,101,142,42,1.1401461362838745,0.563758373260498,1.1252532005310059,0.5503355860710144,True,100
syn-cora-h0.40-r1,RandomKFold,2,5,GAT,101,119,19,1.135088324546814,0.5939597487449646,1.1462692022323608,0.5503355860710144,True,100
syn-cora-h0.40-r1,RandomKFold,2,5,GAT,100,154,54,1.1454660892486572,0.5402684807777405,1.147299885749817,0.563758373260498,True,100
syn-cora-h0.40-r1,LabelStratifiedKFold,2,2,GAT,100,159,59,1.083950400352478,0.5906040072441101,1.1094281673431396,0.5704697966575623,True,100
syn-cora-h0.40-r1,LabelStratifiedKFold,2,1,GAT,101,184,84,1.0819567441940308,0.5906040072441101,1.1504172086715698,0.5302013158798218,True,100
syn-cora-h0.40-r1,LabelStratifiedKFold,2,1,GAT,100,199,99,1.06914222240448,0.5939597487449646,1.1471539735794067,0.5302013158798218,True,100
syn-cora-h0.40-r1,LabelStratifiedKFold,2,2,GAT,101,250,150,1.079459547996521,0.5805369019508362,1.1102430820465088,0.5604026913642883,True,100
syn-cora-h0.40-r1,LabelStratifiedKFold,2,3,GAT,100,117,17,1.124801754951477,0.5469798445701599,1.1363316774368286,0.5436241626739502,True,100
syn-cora-h0.40-r1,LabelStratifiedKFold,2,3,GAT,101,121,21,1.1344236135482788,0.563758373260498,1.1198996305465698,0.5771812200546265,True,100
syn-cora-h0.40-r1,LabelStratifiedKFold,2,4,GAT,100,118,18,1.0992486476898193,0.5872483253479004,1.094549298286438,0.573825478553772,True,100
syn-cora-h0.40-r1,LabelStratifiedKFold,2,4,GAT,101,124,24,1.09868586063385,0.5838926434516907,1.1001315116882324,0.5838926434516907,True,100
syn-cora-h0.40-r1,LabelStratifiedKFold,2,5,GAT,100,113,13,1.1399855613708496,0.5469798445701599,1.1344300508499146,0.5604026913642883,True,100
syn-cora-h0.40-r1,LabelStratifiedKFold,2,5,GAT,101,119,19,1.1246659755706787,0.5469798445701599,1.1263642311096191,0.563758373260498,True,100
syn-cora-h0.40-r1,StratifiedKFoldDynamic_Degree_b300,2,2,GAT,101,116,16,1.1065503358840942,0.573825478553772,1.140669822692871,0.5402684807777405,True,100
syn-cora-h0.40-r1,StratifiedKFoldDynamic_Degree_b300,2,2,GAT,100,117,17,1.0860146284103394,0.6140939593315125,1.1317298412322998,0.5402684807777405,True,100
syn-cora-h0.40-r1,StratifiedKFoldDynamic_Degree_b300,2,1,GAT,101,119,19,1.1587055921554565,0.5402684807777405,1.1465381383895874,0.573825478553772,True,100
syn-cora-h0.40-r1,StratifiedKFoldDynamic_Degree_b300,2,1,GAT,100,119,19,1.1458772420883179,0.5536912679672241,1.1546252965927124,0.5704697966575623,True,100
syn-cora-h0.40-r1,StratifiedKFoldDynamic_Degree_b300,2,3,GAT,101,115,15,1.1386736631393433,0.5436241626739502,1.1420645713806152,0.5536912679672241,True,100
syn-cora-h0.40-r1,StratifiedKFoldDynamic_Degree_b300,2,3,GAT,100,116,16,1.1471871137619019,0.5536912679672241,1.1260292530059814,0.5671141147613525,True,100
syn-cora-h0.40-r1,StratifiedKFoldDynamic_Degree_b300,2,4,GAT,100,119,19,1.1512051820755005,0.5536912679672241,1.100981593132019,0.5536912679672241,True,100
syn-cora-h0.40-r1,StratifiedKFoldDynamic_Degree_b300,2,4,GAT,101,124,24,1.11253023147583,0.5469798445701599,1.1130123138427734,0.5872483253479004,True,100
syn-cora-h0.40-r1,StratifiedKFoldDynamic_Degree_b300,2,5,GAT,101,123,23,1.1382598876953125,0.5906040072441101,1.1576337814331055,0.5134228467941284,True,100
syn-cora-h0.40-r1,StratifiedKFoldDynamic_Degree_b300,2,5,GAT,100,176,76,1.1231143474578857,0.5906040072441101,1.2216886281967163,0.48322147130966187,True,100
syn-cora-h0.40-r1,StratifiedKFoldDynamic_NeighHet_b300,2,2,GAT,101,118,18,1.1217074394226074,0.5469798445701599,1.0649596452713013,0.563758373260498,True,100
syn-cora-h0.40-r1,StratifiedKFoldDynamic_NeighHet_b300,2,1,GAT,100,117,17,1.084364652633667,0.5973154306411743,1.1434518098831177,0.573825478553772,True,100
syn-cora-h0.40-r1,StratifiedKFoldDynamic_NeighHet_b300,2,2,GAT,100,118,18,1.1360573768615723,0.5402684807777405,1.0581461191177368,0.600671112537384,True,100
syn-cora-h0.40-r1,StratifiedKFoldDynamic_NeighHet_b300,2,1,GAT,101,125,25,1.101732611656189,0.5805369019508362,1.1350702047348022,0.5436241626739502,True,100
syn-cora-h0.40-r1,StratifiedKFoldDynamic_NeighHet_b300,2,3,GAT,101,120,20,1.1330472230911255,0.5771812200546265,1.1725341081619263,0.5570470094680786,True,100
syn-cora-h0.40-r1,StratifiedKFoldDynamic_NeighHet_b300,2,3,GAT,100,121,21,1.1354302167892456,0.5604026913642883,1.1545240879058838,0.5805369019508362,True,100
syn-cora-h0.40-r1,StratifiedKFoldDynamic_NeighHet_b300,2,4,GAT,100,123,23,1.115155577659607,0.5838926434516907,1.1352795362472534,0.5604026913642883,True,100
syn-cora-h0.40-r1,StratifiedKFoldDynamic_NeighHet_b300,2,4,GAT,101,155,55,1.1235928535461426,0.5771812200546265,1.1283365488052368,0.5604026913642883,True,100
syn-cora-h0.40-r1,StratifiedKFoldDynamic_NeighHet_b300,2,5,GAT,100,124,24,1.120773434638977,0.5536912679672241,1.1217491626739502,0.5805369019508362,True,100
syn-cora-h0.40-r1,StratifiedKFoldDynamic_NeighHet_b300,2,5,GAT,101,123,23,1.1209298372268677,0.5570470094680786,1.1223305463790894,0.5838926434516907,True,100
syn-cora-h0.40-r1,StratifiedKFoldDynamic_PageRank_b300,2,1,GAT,100,112,12,1.1897692680358887,0.5167785286903381,1.126007080078125,0.5604026913642883,True,100
syn-cora-h0.40-r1,StratifiedKFoldDynamic_PageRank_b300,2,1,GAT,101,114,14,1.171814203262329,0.5402684807777405,1.1156021356582642,0.5704697966575623,True,100
syn-cora-h0.40-r1,StratifiedKFoldDynamic_PageRank_b300,2,2,GAT,100,115,15,1.1050702333450317,0.573825478553772,1.206475019454956,0.5167785286903381,True,100
syn-cora-h0.40-r1,StratifiedKFoldDynamic_PageRank_b300,2,2,GAT,101,119,19,1.1055877208709717,0.5872483253479004,1.162462830543518,0.5469798445701599,True,100
syn-cora-h0.40-r1,StratifiedKFoldDynamic_PageRank_b300,2,3,GAT,100,116,16,1.0931545495986938,0.5939597487449646,1.106690526008606,0.573825478553772,True,100
syn-cora-h0.40-r1,StratifiedKFoldDynamic_PageRank_b300,2,3,GAT,101,119,19,1.0878703594207764,0.5805369019508362,1.1330540180206299,0.573825478553772,True,100
syn-cora-h0.40-r1,StratifiedKFoldDynamic_PageRank_b300,2,4,GAT,101,122,22,1.1520010232925415,0.5805369019508362,1.1020030975341797,0.5771812200546265,True,100
syn-cora-h0.40-r1,StratifiedKFoldDynamic_PageRank_b300,2,4,GAT,100,127,27,1.1398755311965942,0.5704697966575623,1.136374592781067,0.6040268540382385,True,100
syn-cora-h0.40-r1,StratifiedKFoldDynamic_PageRank_b300,2,5,GAT,100,117,17,1.1147526502609253,0.5872483253479004,1.1281375885009766,0.5604026913642883,True,100
syn-cora-h0.40-r1,StratifiedKFoldDynamic_PageRank_b300,2,5,GAT,101,152,52,1.1043181419372559,0.5771812200546265,1.1436684131622314,0.5402684807777405,True,100
syn-cora-h0.40-r1,StratifiedKFoldDynamic_EigCentrality_b300,2,2,GAT,101,117,17,1.1085423231124878,0.573825478553772,1.0991345643997192,0.563758373260498,True,100
syn-cora-h0.40-r1,StratifiedKFoldDynamic_EigCentrality_b300,2,1,GAT,100,115,15,1.1128944158554077,0.5503355860710144,1.1669050455093384,0.5671141147613525,True,100
syn-cora-h0.40-r1,StratifiedKFoldDynamic_EigCentrality_b300,2,1,GAT,101,119,19,1.1103533506393433,0.5335570573806763,1.156055212020874,0.5973154306411743,True,100
syn-cora-h0.40-r1,StratifiedKFoldDynamic_EigCentrality_b300,2,2,GAT,100,201,101,1.1250381469726562,0.5503355860710144,1.1644225120544434,0.5268456339836121,True,100
syn-cora-h0.40-r1,StratifiedKFoldDynamic_EigCentrality_b300,2,3,GAT,100,118,18,1.1077414751052856,0.5704697966575623,1.1389745473861694,0.5436241626739502,True,100
syn-cora-h0.40-r1,StratifiedKFoldDynamic_EigCentrality_b300,2,4,GAT,100,119,19,1.147990107536316,0.5302013158798218,1.120195984840393,0.573825478553772,True,100
syn-cora-h0.40-r1,StratifiedKFoldDynamic_EigCentrality_b300,2,3,GAT,101,202,102,1.1281827688217163,0.5604026913642883,1.1733053922653198,0.5335570573806763,True,100
syn-cora-h0.40-r1,StratifiedKFoldDynamic_EigCentrality_b300,2,4,GAT,101,121,21,1.1258819103240967,0.5771812200546265,1.1378016471862793,0.536912739276886,True,100
syn-cora-h0.40-r1,StratifiedKFoldDynamic_EigCentrality_b300,2,5,GAT,101,120,20,1.1372545957565308,0.5939597487449646,1.131189227104187,0.5570470094680786,True,100
syn-cora-h0.40-r1,StratifiedKFoldDynamic_EigCentrality_b300,2,5,GAT,100,156,56,1.1487923860549927,0.5704697966575623,1.1745730638504028,0.5167785286903381,True,100
syn-cora-h0.40-r1,StratifiedKFoldDynamic_Clustering_b300,2,1,GAT,101,116,16,1.1068142652511597,0.563758373260498,1.1181786060333252,0.5604026913642883,True,100
syn-cora-h0.40-r1,StratifiedKFoldDynamic_Clustering_b300,2,1,GAT,100,116,16,1.11717689037323,0.5973154306411743,1.097989559173584,0.5536912679672241,True,100
syn-cora-h0.40-r1,StratifiedKFoldDynamic_Clustering_b300,2,2,GAT,101,116,16,1.1184464693069458,0.5503355860710144,1.1096123456954956,0.5939597487449646,True,100
syn-cora-h0.40-r1,StratifiedKFoldDynamic_Clustering_b300,2,2,GAT,100,123,23,1.1276941299438477,0.5503355860710144,1.1364810466766357,0.5671141147613525,True,100
syn-cora-h0.40-r1,StratifiedKFoldDynamic_Clustering_b300,2,3,GAT,100,119,19,1.1201074123382568,0.573825478553772,1.0974924564361572,0.5604026913642883,True,100
syn-cora-h0.40-r1,StratifiedKFoldDynamic_Clustering_b300,2,4,GAT,100,121,21,1.1283570528030396,0.5805369019508362,1.1589046716690063,0.5402684807777405,True,100
syn-cora-h0.40-r1,StratifiedKFoldDynamic_Clustering_b300,2,3,GAT,101,124,24,1.1343908309936523,0.5939597487449646,1.1053911447525024,0.563758373260498,True,100
syn-cora-h0.40-r1,StratifiedKFoldDynamic_Clustering_b300,2,4,GAT,101,178,78,1.1184895038604736,0.5436241626739502,1.209526538848877,0.5302013158798218,True,100
syn-cora-h0.40-r1,StratifiedKFoldDynamic_Clustering_b300,2,5,GAT,100,116,16,1.0846190452575684,0.5973154306411743,1.1504303216934204,0.5570470094680786,True,100
syn-cora-h0.40-r1,StratifiedKFoldDynamic_Clustering_b300,2,5,GAT,101,151,51,1.1093320846557617,0.5268456339836121,1.1194818019866943,0.5872483253479004,True,100
syn-cora-h0.40-r1,RandomKFold,3,1,GAT,100,117,17,1.0991287231445312,0.6040268540382385,1.1308817863464355,0.5503355860710144,True,100
syn-cora-h0.40-r1,RandomKFold,3,1,GAT,101,116,16,1.107772946357727,0.6040268540382385,1.130399465560913,0.5771812200546265,True,100
syn-cora-h0.40-r1,RandomKFold,3,2,GAT,101,118,18,1.1606626510620117,0.5805369019508362,1.11898934841156,0.5939597487449646,True,100
syn-cora-h0.40-r1,RandomKFold,3,2,GAT,100,121,21,1.142168402671814,0.5805369019508362,1.1303786039352417,0.5805369019508362,True,100
syn-cora-h0.40-r1,RandomKFold,3,3,GAT,100,119,19,1.1213548183441162,0.5906040072441101,1.1199778318405151,0.5838926434516907,True,100
syn-cora-h0.40-r1,RandomKFold,3,4,GAT,100,119,19,1.1727654933929443,0.5402684807777405,1.1027874946594238,0.5906040072441101,True,100
syn-cora-h0.40-r1,RandomKFold,3,3,GAT,101,118,18,1.1175826787948608,0.5536912679672241,1.152740478515625,0.5771812200546265,True,100
syn-cora-h0.40-r1,RandomKFold,3,4,GAT,101,122,22,1.1409767866134644,0.536912739276886,1.0953526496887207,0.5939597487449646,True,100
syn-cora-h0.40-r1,RandomKFold,3,5,GAT,100,114,14,1.1276804208755493,0.563758373260498,1.186721920967102,0.5134228467941284,True,100
syn-cora-h0.40-r1,RandomKFold,3,5,GAT,101,114,14,1.1404589414596558,0.5805369019508362,1.1564875841140747,0.573825478553772,True,100
syn-cora-h0.40-r1,LabelStratifiedKFold,3,2,GAT,100,116,16,1.1656482219696045,0.5771812200546265,1.1369930505752563,0.5570470094680786,True,100
syn-cora-h0.40-r1,LabelStratifiedKFold,3,1,GAT,101,115,15,1.1137882471084595,0.5536912679672241,1.0761750936508179,0.6140939593315125,True,100
syn-cora-h0.40-r1,LabelStratifiedKFold,3,2,GAT,101,115,15,1.1802066564559937,0.5570470094680786,1.1436136960983276,0.5604026913642883,True,100
syn-cora-h0.40-r1,LabelStratifiedKFold,3,1,GAT,100,118,18,1.1309459209442139,0.5771812200546265,1.0716838836669922,0.600671112537384,True,100
syn-cora-h0.40-r1,LabelStratifiedKFold,3,3,GAT,100,120,20,1.1311663389205933,0.563758373260498,1.1756995916366577,0.5536912679672241,True,100
syn-cora-h0.40-r1,LabelStratifiedKFold,3,3,GAT,101,120,20,1.143378496170044,0.5503355860710144,1.1655628681182861,0.5469798445701599,True,100
syn-cora-h0.40-r1,LabelStratifiedKFold,3,4,GAT,101,118,18,1.1135296821594238,0.5704697966575623,1.1463210582733154,0.573825478553772,True,100
syn-cora-h0.40-r1,LabelStratifiedKFold,3,4,GAT,100,121,21,1.1096372604370117,0.573825478553772,1.1177892684936523,0.573825478553772,True,100
syn-cora-h0.40-r1,LabelStratifiedKFold,3,5,GAT,100,118,18,1.0884641408920288,0.5973154306411743,1.1254020929336548,0.5469798445701599,True,100
syn-cora-h0.40-r1,LabelStratifiedKFold,3,5,GAT,101,124,24,1.0661414861679077,0.6040268540382385,1.140339732170105,0.5469798445701599,True,100
syn-cora-h0.40-r1,StratifiedKFoldDynamic_Degree_b300,3,2,GAT,101,114,14,1.1533315181732178,0.5201342105865479,1.198172926902771,0.5167785286903381,True,100
syn-cora-h0.40-r1,StratifiedKFoldDynamic_Degree_b300,3,1,GAT,101,115,15,1.1725729703903198,0.5302013158798218,1.1223396062850952,0.5872483253479004,True,100
syn-cora-h0.40-r1,StratifiedKFoldDynamic_Degree_b300,3,2,GAT,100,118,18,1.1375960111618042,0.5604026913642883,1.1869621276855469,0.5100671052932739,True,100
syn-cora-h0.40-r1,StratifiedKFoldDynamic_Degree_b300,3,1,GAT,100,118,18,1.1763291358947754,0.5268456339836121,1.1164757013320923,0.573825478553772,True,100
syn-cora-h0.40-r1,StratifiedKFoldDynamic_Degree_b300,3,3,GAT,100,118,18,1.123203158378601,0.5335570573806763,1.1584553718566895,0.5167785286903381,True,100
syn-cora-h0.40-r1,StratifiedKFoldDynamic_Degree_b300,3,3,GAT,101,120,20,1.1248071193695068,0.536912739276886,1.119111180305481,0.573825478553772,True,100
syn-cora-h0.40-r1,StratifiedKFoldDynamic_Degree_b300,3,4,GAT,100,117,17,1.0683209896087646,0.6073825359344482,1.1376279592514038,0.536912739276886,True,100
syn-cora-h0.40-r1,StratifiedKFoldDynamic_Degree_b300,3,4,GAT,101,120,20,1.043116807937622,0.6208053827285767,1.1661452054977417,0.5570470094680786,True,100
syn-cora-h0.40-r1,StratifiedKFoldDynamic_Degree_b300,3,5,GAT,101,115,15,1.165989875793457,0.5536912679672241,1.0491609573364258,0.6208053827285767,True,100
syn-cora-h0.40-r1,StratifiedKFoldDynamic_Degree_b300,3,5,GAT,100,118,18,1.1534594297409058,0.5570470094680786,1.0581376552581787,0.6275168061256409,True,100
syn-cora-h0.40-r1,StratifiedKFoldDynamic_NeighHet_b300,3,2,GAT,100,117,17,1.079146146774292,0.600671112537384,1.1266573667526245,0.5838926434516907,True,100
syn-cora-h0.40-r1,StratifiedKFoldDynamic_NeighHet_b300,3,1,GAT,100,122,22,1.1298530101776123,0.563758373260498,1.1385478973388672,0.5604026913642883,True,100
syn-cora-h0.40-r1,StratifiedKFoldDynamic_NeighHet_b300,3,1,GAT,101,123,23,1.1389604806900024,0.573825478553772,1.1175928115844727,0.5704697966575623,True,100
syn-cora-h0.40-r1,StratifiedKFoldDynamic_NeighHet_b300,3,2,GAT,101,182,82,1.055429458618164,0.6107382774353027,1.1600488424301147,0.5570470094680786,True,100
syn-cora-h0.40-r1,StratifiedKFoldDynamic_NeighHet_b300,3,3,GAT,100,118,18,1.1247953176498413,0.5671141147613525,1.1169692277908325,0.563758373260498,True,100
syn-cora-h0.40-r1,StratifiedKFoldDynamic_NeighHet_b300,3,3,GAT,101,114,14,1.1387481689453125,0.5469798445701599,1.1029185056686401,0.6040268540382385,True,100
syn-cora-h0.40-r1,StratifiedKFoldDynamic_NeighHet_b300,3,4,GAT,100,117,17,1.083972692489624,0.5939597487449646,1.0933352708816528,0.600671112537384,True,100
syn-cora-h0.40-r1,StratifiedKFoldDynamic_NeighHet_b300,3,4,GAT,101,116,16,1.1062707901000977,0.5973154306411743,1.1127090454101562,0.6073825359344482,True,100
syn-cora-h0.40-r1,StratifiedKFoldDynamic_NeighHet_b300,3,5,GAT,100,119,19,1.1695897579193115,0.5402684807777405,1.140363097190857,0.5570470094680786,True,100
syn-cora-h0.40-r1,StratifiedKFoldDynamic_NeighHet_b300,3,5,GAT,101,142,42,1.1486059427261353,0.5335570573806763,1.1922523975372314,0.5469798445701599,True,100
syn-cora-h0.40-r1,StratifiedKFoldDynamic_PageRank_b300,3,2,GAT,100,113,13,1.1582022905349731,0.5536912679672241,1.1433871984481812,0.5503355860710144,True,100
syn-cora-h0.40-r1,StratifiedKFoldDynamic_PageRank_b300,3,2,GAT,101,118,18,1.1667312383651733,0.536912739276886,1.1226036548614502,0.5570470094680786,True,100
syn-cora-h0.40-r1,StratifiedKFoldDynamic_PageRank_b300,3,1,GAT,101,150,50,1.1014962196350098,0.5704697966575623,1.134922981262207,0.5469798445701599,True,100
syn-cora-h0.40-r1,StratifiedKFoldDynamic_PageRank_b300,3,1,GAT,100,161,61,1.1093095541000366,0.600671112537384,1.1135681867599487,0.5704697966575623,True,100
syn-cora-h0.40-r1,StratifiedKFoldDynamic_PageRank_b300,3,3,GAT,100,116,16,1.1341803073883057,0.5939597487449646,1.1528191566467285,0.536912739276886,True,100
syn-cora-h0.40-r1,StratifiedKFoldDynamic_PageRank_b300,3,3,GAT,101,115,15,1.153194546699524,0.5771812200546265,1.1621111631393433,0.5436241626739502,True,100
syn-cora-h0.40-r1,StratifiedKFoldDynamic_PageRank_b300,3,4,GAT,100,119,19,1.136972427368164,0.5469798445701599,1.112747311592102,0.5906040072441101,True,100
syn-cora-h0.40-r1,StratifiedKFoldDynamic_PageRank_b300,3,4,GAT,101,125,25,1.1023303270339966,0.5570470094680786,1.146080493927002,0.5838926434516907,True,100
syn-cora-h0.40-r1,StratifiedKFoldDynamic_PageRank_b300,3,5,GAT,100,118,18,1.0931698083877563,0.5838926434516907,1.1477833986282349,0.5536912679672241,True,100
syn-cora-h0.40-r1,StratifiedKFoldDynamic_PageRank_b300,3,5,GAT,101,118,18,1.1118037700653076,0.600671112537384,1.120054006576538,0.5838926434516907,True,100
syn-cora-h0.40-r1,StratifiedKFoldDynamic_EigCentrality_b300,3,1,GAT,101,115,15,1.116984486579895,0.5604026913642883,1.130189299583435,0.5604026913642883,True,100
syn-cora-h0.40-r1,StratifiedKFoldDynamic_EigCentrality_b300,3,1,GAT,100,113,13,1.1418627500534058,0.5536912679672241,1.162089467048645,0.5604026913642883,True,100
syn-cora-h0.40-r1,StratifiedKFoldDynamic_EigCentrality_b300,3,2,GAT,100,118,18,1.1189827919006348,0.5604026913642883,1.1251626014709473,0.5671141147613525,True,100
syn-cora-h0.40-r1,StratifiedKFoldDynamic_EigCentrality_b300,3,2,GAT,101,116,16,1.1552218198776245,0.563758373260498,1.1261388063430786,0.563758373260498,True,100
syn-cora-h0.40-r1,StratifiedKFoldDynamic_EigCentrality_b300,3,3,GAT,100,117,17,1.144823431968689,0.5436241626739502,1.1254611015319824,0.5704697966575623,True,100
syn-cora-h0.40-r1,StratifiedKFoldDynamic_EigCentrality_b300,3,4,GAT,100,119,19,1.0857996940612793,0.5671141147613525,1.1511576175689697,0.5268456339836121,True,100
syn-cora-h0.40-r1,StratifiedKFoldDynamic_EigCentrality_b300,3,4,GAT,101,118,18,1.0779770612716675,0.5973154306411743,1.1139185428619385,0.5536912679672241,True,100
syn-cora-h0.40-r1,StratifiedKFoldDynamic_EigCentrality_b300,3,3,GAT,101,125,25,1.1351619958877563,0.5536912679672241,1.1545984745025635,0.5402684807777405,True,100
syn-cora-h0.40-r1,StratifiedKFoldDynamic_EigCentrality_b300,3,5,GAT,100,120,20,1.123862385749817,0.5704697966575623,1.1131800413131714,0.5805369019508362,True,100
syn-cora-h0.40-r1,StratifiedKFoldDynamic_EigCentrality_b300,3,5,GAT,101,119,19,1.124865174293518,0.5469798445701599,1.0855077505111694,0.5906040072441101,True,100
syn-cora-h0.40-r1,StratifiedKFoldDynamic_Clustering_b300,3,2,GAT,100,115,15,1.1508290767669678,0.5402684807777405,1.1165610551834106,0.5838926434516907,True,100
syn-cora-h0.40-r1,StratifiedKFoldDynamic_Clustering_b300,3,2,GAT,101,116,16,1.1499768495559692,0.5536912679672241,1.1123021841049194,0.5906040072441101,True,100
syn-cora-h0.40-r1,StratifiedKFoldDynamic_Clustering_b300,3,1,GAT,101,122,22,1.1039396524429321,0.6073825359344482,1.153832197189331,0.5335570573806763,True,100
syn-cora-h0.40-r1,StratifiedKFoldDynamic_Clustering_b300,3,1,GAT,100,148,48,1.1037921905517578,0.563758373260498,1.1846051216125488,0.5436241626739502,True,100
syn-cora-h0.40-r1,StratifiedKFoldDynamic_Clustering_b300,3,3,GAT,101,115,15,1.1767874956130981,0.5067114233970642,1.1366322040557861,0.5436241626739502,True,100
syn-cora-h0.40-r1,StratifiedKFoldDynamic_Clustering_b300,3,3,GAT,100,119,19,1.1565194129943848,0.5234899520874023,1.1865763664245605,0.48657718300819397,True,100
syn-cora-h0.40-r1,StratifiedKFoldDynamic_Clustering_b300,3,4,GAT,100,119,19,1.0813319683074951,0.5973154306411743,1.1360156536102295,0.5604026913642883,True,100
syn-cora-h0.40-r1,StratifiedKFoldDynamic_Clustering_b300,3,4,GAT,101,119,19,1.1094430685043335,0.5805369019508362,1.1931008100509644,0.5268456339836121,True,100
syn-cora-h0.40-r1,StratifiedKFoldDynamic_Clustering_b300,3,5,GAT,100,113,13,1.1699440479278564,0.5302013158798218,1.0889482498168945,0.6375839114189148,True,100
syn-cora-h0.40-r1,StratifiedKFoldDynamic_Clustering_b300,3,5,GAT,101,123,23,1.1482748985290527,0.5469798445701599,1.0876837968826294,0.5805369019508362,True,100
syn-cora-h0.40-r1,RandomKFold,4,1,GAT,100,113,13,1.140971302986145,0.563758373260498,1.1277520656585693,0.5604026913642883,True,100
syn-cora-h0.40-r1,RandomKFold,4,1,GAT,101,114,14,1.1246827840805054,0.6073825359344482,1.1142436265945435,0.5469798445701599,True,100
syn-cora-h0.40-r1,RandomKFold,4,2,GAT,100,118,18,1.1103538274765015,0.5805369019508362,1.1018019914627075,0.5771812200546265,True,100
syn-cora-h0.40-r1,RandomKFold,4,2,GAT,101,152,52,1.1127722263336182,0.5704697966575623,1.1298006772994995,0.5704697966575623,True,100
syn-cora-h0.40-r1,RandomKFold,4,3,GAT,101,115,15,1.1364057064056396,0.573825478553772,1.1277283430099487,0.5838926434516907,True,100
syn-cora-h0.40-r1,RandomKFold,4,3,GAT,100,118,18,1.1046640872955322,0.6275168061256409,1.1057175397872925,0.573825478553772,True,100
syn-cora-h0.40-r1,RandomKFold,4,4,GAT,100,118,18,1.1296095848083496,0.5671141147613525,1.1450459957122803,0.5469798445701599,True,100
syn-cora-h0.40-r1,RandomKFold,4,4,GAT,101,115,15,1.115418553352356,0.5704697966575623,1.141379475593567,0.563758373260498,True,100
syn-cora-h0.40-r1,RandomKFold,4,5,GAT,101,122,22,1.0817008018493652,0.5805369019508362,1.1383050680160522,0.5671141147613525,True,100
syn-cora-h0.40-r1,RandomKFold,4,5,GAT,100,156,56,1.0782243013381958,0.5469798445701599,1.1411527395248413,0.5906040072441101,True,100
syn-cora-h0.40-r1,LabelStratifiedKFold,4,1,GAT,100,113,13,1.1243796348571777,0.5805369019508362,1.1276661157608032,0.5201342105865479,True,100
syn-cora-h0.40-r1,LabelStratifiedKFold,4,2,GAT,101,115,15,1.1637312173843384,0.5570470094680786,1.1087920665740967,0.5838926434516907,True,100
syn-cora-h0.40-r1,LabelStratifiedKFold,4,1,GAT,101,115,15,1.135951042175293,0.573825478553772,1.1204625368118286,0.5469798445701599,True,100
syn-cora-h0.40-r1,LabelStratifiedKFold,4,2,GAT,100,116,16,1.1649125814437866,0.5436241626739502,1.085806131362915,0.5973154306411743,True,100
syn-cora-h0.40-r1,LabelStratifiedKFold,4,3,GAT,100,115,15,1.1598759889602661,0.5302013158798218,1.197067379951477,0.5469798445701599,True,100
syn-cora-h0.40-r1,LabelStratifiedKFold,4,3,GAT,101,115,15,1.1342192888259888,0.563758373260498,1.2003690004348755,0.573825478553772,True,100
syn-cora-h0.40-r1,LabelStratifiedKFold,4,4,GAT,101,115,15,1.1518224477767944,0.5704697966575623,1.1226372718811035,0.5704697966575623,True,100
syn-cora-h0.40-r1,LabelStratifiedKFold,4,4,GAT,100,118,18,1.10514235496521,0.5771812200546265,1.1207566261291504,0.573825478553772,True,100
syn-cora-h0.40-r1,LabelStratifiedKFold,4,5,GAT,100,119,19,1.1377441883087158,0.5402684807777405,1.1378780603408813,0.5671141147613525,True,100
syn-cora-h0.40-r1,LabelStratifiedKFold,4,5,GAT,101,122,22,1.133238673210144,0.5570470094680786,1.1979990005493164,0.5604026913642883,True,100
syn-cora-h0.40-r1,StratifiedKFoldDynamic_Degree_b300,4,1,GAT,100,114,14,1.1072652339935303,0.5771812200546265,1.1409039497375488,0.573825478553772,True,100
syn-cora-h0.40-r1,StratifiedKFoldDynamic_Degree_b300,4,2,GAT,101,118,18,1.1269142627716064,0.5503355860710144,1.1006115674972534,0.5939597487449646,True,100
syn-cora-h0.40-r1,StratifiedKFoldDynamic_Degree_b300,4,2,GAT,100,120,20,1.159188985824585,0.5469798445701599,1.0900992155075073,0.5872483253479004,True,100
syn-cora-h0.40-r1,StratifiedKFoldDynamic_Degree_b300,4,1,GAT,101,124,24,1.102212905883789,0.6040268540382385,1.0981703996658325,0.5704697966575623,True,100
syn-cora-h0.40-r1,StratifiedKFoldDynamic_Degree_b300,4,3,GAT,101,124,24,1.1355854272842407,0.573825478553772,1.1275649070739746,0.5771812200546265,True,100
syn-cora-h0.40-r1,StratifiedKFoldDynamic_Degree_b300,4,4,GAT,100,119,19,1.1638023853302002,0.5436241626739502,1.1583651304244995,0.5503355860710144,True,100
syn-cora-h0.40-r1,StratifiedKFoldDynamic_Degree_b300,4,4,GAT,101,121,21,1.1517548561096191,0.5570470094680786,1.1542478799819946,0.5671141147613525,True,100
syn-cora-h0.40-r1,StratifiedKFoldDynamic_Degree_b300,4,3,GAT,100,146,46,1.1547845602035522,0.5771812200546265,1.1699672937393188,0.5570470094680786,True,100
syn-cora-h0.40-r1,StratifiedKFoldDynamic_Degree_b300,4,5,GAT,100,118,18,1.0884305238723755,0.6140939593315125,1.1724580526351929,0.5469798445701599,True,100
syn-cora-h0.40-r1,StratifiedKFoldDynamic_Degree_b300,4,5,GAT,101,124,24,1.0785713195800781,0.6040268540382385,1.1525938510894775,0.563758373260498,True,100
syn-cora-h0.40-r1,StratifiedKFoldDynamic_NeighHet_b300,4,1,GAT,101,117,17,1.1353225708007812,0.573825478553772,1.1526846885681152,0.5436241626739502,True,100
syn-cora-h0.40-r1,StratifiedKFoldDynamic_NeighHet_b300,4,1,GAT,100,120,20,1.1448041200637817,0.5201342105865479,1.1356066465377808,0.5671141147613525,True,100
syn-cora-h0.40-r1,StratifiedKFoldDynamic_NeighHet_b300,4,2,GAT,100,150,50,1.0714056491851807,0.5771812200546265,1.1705690622329712,0.5335570573806763,True,100
syn-cora-h0.40-r1,StratifiedKFoldDynamic_NeighHet_b300,4,2,GAT,101,152,52,1.0551451444625854,0.5973154306411743,1.1989495754241943,0.5167785286903381,True,100
syn-cora-h0.40-r1,StratifiedKFoldDynamic_NeighHet_b300,4,3,GAT,100,117,17,1.1368886232376099,0.5704697966575623,1.1037871837615967,0.5805369019508362,True,100
syn-cora-h0.40-r1,StratifiedKFoldDynamic_NeighHet_b300,4,3,GAT,101,118,18,1.184760332107544,0.5234899520874023,1.083036184310913,0.5906040072441101,True,100
syn-cora-h0.40-r1,StratifiedKFoldDynamic_NeighHet_b300,4,4,GAT,100,118,18,1.1301875114440918,0.5503355860710144,1.1135802268981934,0.573825478553772,True,100
syn-cora-h0.40-r1,StratifiedKFoldDynamic_NeighHet_b300,4,4,GAT,101,122,22,1.1227514743804932,0.5536912679672241,1.1472842693328857,0.5402684807777405,True,100
syn-cora-h0.40-r1,StratifiedKFoldDynamic_NeighHet_b300,4,5,GAT,100,120,20,1.1201071739196777,0.5838926434516907,1.1295794248580933,0.5671141147613525,True,100
syn-cora-h0.40-r1,StratifiedKFoldDynamic_NeighHet_b300,4,5,GAT,101,120,20,1.1524351835250854,0.5570470094680786,1.1488553285598755,0.563758373260498,True,100
syn-cora-h0.40-r1,StratifiedKFoldDynamic_PageRank_b300,4,1,GAT,100,115,15,1.1337671279907227,0.5604026913642883,1.1169424057006836,0.5503355860710144,True,100
syn-cora-h0.40-r1,StratifiedKFoldDynamic_PageRank_b300,4,1,GAT,101,115,15,1.1325111389160156,0.563758373260498,1.139446496963501,0.5436241626739502,True,100
syn-cora-h0.40-r1,StratifiedKFoldDynamic_PageRank_b300,4,2,GAT,101,119,19,1.2066251039505005,0.536912739276886,1.1091080904006958,0.573825478553772,True,100
syn-cora-h0.40-r1,StratifiedKFoldDynamic_PageRank_b300,4,2,GAT,100,124,24,1.1895315647125244,0.5100671052932739,1.1131783723831177,0.5838926434516907,True,100
syn-cora-h0.40-r1,StratifiedKFoldDynamic_PageRank_b300,4,4,GAT,100,116,16,1.1282637119293213,0.5805369019508362,1.14410400390625,0.5570470094680786,True,100
syn-cora-h0.40-r1,StratifiedKFoldDynamic_PageRank_b300,4,3,GAT,101,118,18,1.150605320930481,0.563758373260498,1.2153323888778687,0.5402684807777405,True,100
syn-cora-h0.40-r1,StratifiedKFoldDynamic_PageRank_b300,4,4,GAT,101,118,18,1.1328368186950684,0.5805369019508362,1.1493979692459106,0.5268456339836121,True,100
syn-cora-h0.40-r1,StratifiedKFoldDynamic_PageRank_b300,4,3,GAT,100,172,72,1.1595430374145508,0.5604026913642883,1.2431951761245728,0.5234899520874023,True,100
syn-cora-h0.40-r1,StratifiedKFoldDynamic_PageRank_b300,4,5,GAT,100,118,18,1.1076768636703491,0.563758373260498,1.1361517906188965,0.5872483253479004,True,100
syn-cora-h0.40-r1,StratifiedKFoldDynamic_PageRank_b300,4,5,GAT,101,120,20,1.1198786497116089,0.5503355860710144,1.1385712623596191,0.563758373260498,True,100
syn-cora-h0.40-r1,StratifiedKFoldDynamic_EigCentrality_b300,4,1,GAT,101,116,16,1.1692835092544556,0.5402684807777405,1.1507114171981812,0.563758373260498,True,100
syn-cora-h0.40-r1,StratifiedKFoldDynamic_EigCentrality_b300,4,2,GAT,100,116,16,1.1080456972122192,0.5704697966575623,1.151374101638794,0.5469798445701599,True,100
syn-cora-h0.40-r1,StratifiedKFoldDynamic_EigCentrality_b300,4,1,GAT,100,116,16,1.1549614667892456,0.5436241626739502,1.1465353965759277,0.563758373260498,True,100
syn-cora-h0.40-r1,StratifiedKFoldDynamic_EigCentrality_b300,4,2,GAT,101,119,19,1.0808894634246826,0.5771812200546265,1.1525723934173584,0.5704697966575623,True,100
syn-cora-h0.40-r1,StratifiedKFoldDynamic_EigCentrality_b300,4,3,GAT,100,119,19,1.1468760967254639,0.5167785286903381,1.1197015047073364,0.5604026913642883,True,100
syn-cora-h0.40-r1,StratifiedKFoldDynamic_EigCentrality_b300,4,3,GAT,101,120,20,1.1263471841812134,0.5906040072441101,1.113598346710205,0.5838926434516907,True,100
syn-cora-h0.40-r1,StratifiedKFoldDynamic_EigCentrality_b300,4,4,GAT,100,120,20,1.1585159301757812,0.5335570573806763,1.1522622108459473,0.5436241626739502,True,100
syn-cora-h0.40-r1,StratifiedKFoldDynamic_EigCentrality_b300,4,4,GAT,101,119,19,1.1588859558105469,0.5604026913642883,1.1288766860961914,0.5469798445701599,True,100
syn-cora-h0.40-r1,StratifiedKFoldDynamic_EigCentrality_b300,4,5,GAT,101,114,14,1.1561306715011597,0.5805369019508362,1.1776708364486694,0.5570470094680786,True,100
syn-cora-h0.40-r1,StratifiedKFoldDynamic_EigCentrality_b300,4,5,GAT,100,129,29,1.1302136182785034,0.536912739276886,1.186926007270813,0.5469798445701599,True,100
syn-cora-h0.40-r1,StratifiedKFoldDynamic_Clustering_b300,4,1,GAT,101,113,13,1.1877214908599854,0.5570470094680786,1.1726268529891968,0.5167785286903381,True,100
syn-cora-h0.40-r1,StratifiedKFoldDynamic_Clustering_b300,4,1,GAT,100,113,13,1.182561993598938,0.5100671052932739,1.203622579574585,0.5,True,100
syn-cora-h0.40-r1,StratifiedKFoldDynamic_Clustering_b300,4,2,GAT,101,122,22,1.0867078304290771,0.600671112537384,1.1967722177505493,0.5536912679672241,True,100
syn-cora-h0.40-r1,StratifiedKFoldDynamic_Clustering_b300,4,2,GAT,100,137,37,1.0982763767242432,0.573825478553772,1.1634267568588257,0.5570470094680786,True,100
syn-cora-h0.40-r1,StratifiedKFoldDynamic_Clustering_b300,4,3,GAT,100,117,17,1.1639480590820312,0.5973154306411743,1.1287258863449097,0.5604026913642883,True,100
syn-cora-h0.40-r1,StratifiedKFoldDynamic_Clustering_b300,4,3,GAT,101,119,19,1.1585408449172974,0.5771812200546265,1.133143424987793,0.5570470094680786,True,100
syn-cora-h0.40-r1,StratifiedKFoldDynamic_Clustering_b300,4,4,GAT,100,117,17,1.0467222929000854,0.6073825359344482,1.1600861549377441,0.5604026913642883,True,100
syn-cora-h0.40-r1,StratifiedKFoldDynamic_Clustering_b300,4,4,GAT,101,118,18,1.029442548751831,0.6073825359344482,1.1632986068725586,0.5570470094680786,True,100
syn-cora-h0.40-r1,StratifiedKFoldDynamic_Clustering_b300,4,5,GAT,100,116,16,1.1969828605651855,0.5134228467941284,1.0610638856887817,0.5838926434516907,True,100
syn-cora-h0.40-r1,StratifiedKFoldDynamic_Clustering_b300,4,5,GAT,101,118,18,1.1773768663406372,0.5570470094680786,1.044962763786316,0.5838926434516907,True,100
syn-cora-h0.50-r1,RandomKFold,0,1,GAT,100,116,16,0.8404275178909302,0.6879194378852844,0.8405172228813171,0.7483221292495728,True,100
syn-cora-h0.50-r1,RandomKFold,0,1,GAT,101,118,18,0.8692651391029358,0.7046979665756226,0.8360065221786499,0.708053708076477,True,100
syn-cora-h0.50-r1,RandomKFold,0,2,GAT,100,121,21,0.892663300037384,0.6476510167121887,0.8455116152763367,0.7013422846794128,True,100
syn-cora-h0.50-r1,RandomKFold,0,2,GAT,101,199,99,0.9033294320106506,0.681208074092865,0.8953434228897095,0.6644295454025269,True,100
syn-cora-h0.50-r1,RandomKFold,0,3,GAT,101,114,14,0.8614333271980286,0.708053708076477,0.9423819780349731,0.6510066986083984,True,100
syn-cora-h0.50-r1,RandomKFold,0,4,GAT,100,153,53,0.8941109776496887,0.6375839114189148,0.8757027387619019,0.6677852272987366,True,100
syn-cora-h0.50-r1,RandomKFold,0,3,GAT,100,187,87,0.8684883713722229,0.6577181220054626,0.9508668780326843,0.6241610646247864,True,100
syn-cora-h0.50-r1,RandomKFold,0,4,GAT,101,118,18,0.9059082865715027,0.6744966506958008,0.8494118452072144,0.6979866027832031,True,100
syn-cora-h0.50-r1,RandomKFold,0,5,GAT,101,120,20,0.8233669996261597,0.7281879186630249,0.9274815320968628,0.6644295454025269,True,100
syn-cora-h0.50-r1,RandomKFold,0,5,GAT,100,170,70,0.8147754073143005,0.7114093899726868,0.9331427216529846,0.6510066986083984,True,100
syn-cora-h0.50-r1,LabelStratifiedKFold,0,2,GAT,101,115,15,0.9414395093917847,0.6577181220054626,0.8910604119300842,0.6845637559890747,True,100
syn-cora-h0.50-r1,LabelStratifiedKFold,0,1,GAT,101,116,16,0.8715952634811401,0.6778523325920105,0.8432821035385132,0.7046979665756226,True,100
syn-cora-h0.50-r1,LabelStratifiedKFold,0,2,GAT,100,118,18,0.9115235805511475,0.6543624401092529,0.8647669553756714,0.7046979665756226,True,100
syn-cora-h0.50-r1,LabelStratifiedKFold,0,1,GAT,100,121,21,0.8352182507514954,0.7114093899726868,0.8470194935798645,0.681208074092865,True,100
syn-cora-h0.50-r1,LabelStratifiedKFold,0,4,GAT,101,114,14,0.9007819294929504,0.6778523325920105,0.8516073226928711,0.708053708076477,True,100
syn-cora-h0.50-r1,LabelStratifiedKFold,0,3,GAT,101,118,18,0.8191067576408386,0.6979866027832031,0.9419960975646973,0.6778523325920105,True,100
syn-cora-h0.50-r1,LabelStratifiedKFold,0,4,GAT,100,121,21,0.892505407333374,0.7046979665756226,0.8562755584716797,0.6912751793861389,True,100
syn-cora-h0.50-r1,LabelStratifiedKFold,0,3,GAT,100,185,85,0.8271815180778503,0.6979866027832031,0.9305310249328613,0.6543624401092529,True,100
syn-cora-h0.50-r1,LabelStratifiedKFold,0,5,GAT,101,116,16,0.846636950969696,0.7013422846794128,0.8947843909263611,0.6644295454025269,True,100
syn-cora-h0.50-r1,LabelStratifiedKFold,0,5,GAT,100,164,64,0.8563855886459351,0.6677852272987366,0.8947682976722717,0.6778523325920105,True,100
syn-cora-h0.50-r1,StratifiedKFoldDynamic_Degree_b300,0,1,GAT,101,114,14,0.9189001321792603,0.6744966506958008,0.9155666828155518,0.6744966506958008,True,100
syn-cora-h0.50-r1,StratifiedKFoldDynamic_Degree_b300,0,2,GAT,101,117,17,0.8449220657348633,0.6845637559890747,0.9261153936386108,0.6711409687995911,True,100
syn-cora-h0.50-r1,StratifiedKFoldDynamic_Degree_b300,0,2,GAT,100,119,19,0.821496844291687,0.6845637559890747,0.8967219591140747,0.6778523325920105,True,100
syn-cora-h0.50-r1,StratifiedKFoldDynamic_Degree_b300,0,1,GAT,100,122,22,0.9154805541038513,0.681208074092865,0.9083079099655151,0.6644295454025269,True,100
syn-cora-h0.50-r1,StratifiedKFoldDynamic_Degree_b300,0,3,GAT,100,116,16,0.8969382643699646,0.6778523325920105,0.8437793254852295,0.6845637559890747,True,100
syn-cora-h0.50-r1,StratifiedKFoldDynamic_Degree_b300,0,3,GAT,101,114,14,0.9027602672576904,0.6610738039016724,0.8501679301261902,0.708053708076477,True,100
syn-cora-h0.50-r1,StratifiedKFoldDynamic_Degree_b300,0,4,GAT,101,116,16,0.8591027855873108,0.6979866027832031,0.8843865394592285,0.6778523325920105,True,100
syn-cora-h0.50-r1,StratifiedKFoldDynamic_Degree_b300,0,4,GAT,100,156,56,0.8597695827484131,0.6845637559890747,0.90484219789505,0.681208074092865,True,100
syn-cora-h0.50-r1,StratifiedKFoldDynamic_Degree_b300,0,5,GAT,100,122,22,0.9003006815910339,0.6979866027832031,0.871723473072052,0.6778523325920105,True,100
syn-cora-h0.50-r1,StratifiedKFoldDynamic_Degree_b300,0,5,GAT,101,144,44,0.9008691906929016,0.6744966506958008,0.9027976989746094,0.6510066986083984,True,100
syn-cora-h0.50-r1,StratifiedKFoldDynamic_NeighHet_b300,0,1,GAT,101,118,18,0.8463037610054016,0.6946308612823486,0.9282395243644714,0.6879194378852844,True,100
syn-cora-h0.50-r1,StratifiedKFoldDynamic_NeighHet_b300,0,2,GAT,101,184,84,0.8444411754608154,0.7013422846794128,0.8317005038261414,0.6946308612823486,True,100
syn-cora-h0.50-r1,StratifiedKFoldDynamic_NeighHet_b300,0,3,GAT,100,116,16,0.9081323742866516,0.6543624401092529,0.8840497732162476,0.6912751793861389,True,100
syn-cora-h0.50-r1,StratifiedKFoldDynamic_NeighHet_b300,0,1,GAT,100,240,140,0.8506137132644653,0.6845637559890747,0.9374237060546875,0.6442952752113342,True,100
syn-cora-h0.50-r1,StratifiedKFoldDynamic_NeighHet_b300,0,2,GAT,100,254,154,0.8378614783287048,0.718120813369751,0.8315049409866333,0.7013422846794128,True,100
syn-cora-h0.50-r1,StratifiedKFoldDynamic_NeighHet_b300,0,3,GAT,101,114,14,0.9116427898406982,0.6711409687995911,0.8601278066635132,0.6711409687995911,True,100
syn-cora-h0.50-r1,StratifiedKFoldDynamic_NeighHet_b300,0,4,GAT,100,120,20,0.8764517307281494,0.6711409687995911,0.8783013224601746,0.681208074092865,True,100
syn-cora-h0.50-r1,StratifiedKFoldDynamic_NeighHet_b300,0,4,GAT,101,117,17,0.9119468331336975,0.6778523325920105,0.9098643064498901,0.6577181220054626,True,100
syn-cora-h0.50-r1,StratifiedKFoldDynamic_NeighHet_b300,0,5,GAT,100,119,19,0.8716718554496765,0.6644295454025269,0.8749526143074036,0.6644295454025269,True,100
syn-cora-h0.50-r1,StratifiedKFoldDynamic_NeighHet_b300,0,5,GAT,101,121,21,0.9104869365692139,0.6879194378852844,0.8991855978965759,0.6577181220054626,True,100
syn-cora-h0.50-r1,StratifiedKFoldDynamic_PageRank_b300,0,2,GAT,101,114,14,0.8875671029090881,0.6879194378852844,0.8888672590255737,0.6946308612823486,True,100
syn-cora-h0.50-r1,StratifiedKFoldDynamic_PageRank_b300,0,2,GAT,100,120,20,0.8545210361480713,0.6979866027832031,0.874275267124176,0.7013422846794128,True,100
syn-cora-h0.50-r1,StratifiedKFoldDynamic_PageRank_b300,0,1,GAT,100,169,69,0.8410588502883911,0.6912751793861389,0.9061048030853271,0.6610738039016724,True,100
syn-cora-h0.50-r1,StratifiedKFoldDynamic_PageRank_b300,0,1,GAT,101,209,109,0.8467450737953186,0.6946308612823486,0.9240953922271729,0.6510066986083984,True,100
syn-cora-h0.50-r1,StratifiedKFoldDynamic_PageRank_b300,0,3,GAT,101,116,16,0.8760684132575989,0.681208074092865,0.8812795281410217,0.6946308612823486,True,100
syn-cora-h0.50-r1,StratifiedKFoldDynamic_PageRank_b300,0,3,GAT,100,119,19,0.8779720067977905,0.6778523325920105,0.8528150320053101,0.6979866027832031,True,100
syn-cora-h0.50-r1,StratifiedKFoldDynamic_PageRank_b300,0,4,GAT,100,153,53,0.8997856974601746,0.6577181220054626,0.8938204646110535,0.6610738039016724,True,100
syn-cora-h0.50-r1,StratifiedKFoldDynamic_PageRank_b300,0,4,GAT,101,118,18,0.8615086674690247,0.6879194378852844,0.8401541709899902,0.6912751793861389,True,100
syn-cora-h0.50-r1,StratifiedKFoldDynamic_PageRank_b300,0,5,GAT,100,119,19,0.8885912895202637,0.6677852272987366,0.904645562171936,0.6577181220054626,True,100
syn-cora-h0.50-r1,StratifiedKFoldDynamic_PageRank_b300,0,5,GAT,101,252,152,0.925293505191803,0.6476510167121887,0.9326417446136475,0.6610738039016724,True,100
syn-cora-h0.50-r1,StratifiedKFoldDynamic_EigCentrality_b300,0,2,GAT,101,117,17,0.92305988073349,0.681208074092865,0.8993270397186279,0.6711409687995911,True,100
syn-cora-h0.50-r1,StratifiedKFoldDynamic_EigCentrality_b300,0,1,GAT,100,119,19,0.9268098473548889,0.6510066986083984,0.8392030596733093,0.7315436005592346,True,100
syn-cora-h0.50-r1,StratifiedKFoldDynamic_EigCentrality_b300,0,2,GAT,100,120,20,0.9263994097709656,0.6744966506958008,0.9156531095504761,0.6308724880218506,True,100
syn-cora-h0.50-r1,StratifiedKFoldDynamic_EigCentrality_b300,0,1,GAT,101,120,20,0.9017707705497742,0.681208074092865,0.8525696992874146,0.7046979665756226,True,100
syn-cora-h0.50-r1,StratifiedKFoldDynamic_EigCentrality_b300,0,3,GAT,100,117,17,0.8795170187950134,0.6677852272987366,0.9129769802093506,0.681208074092865,True,100
syn-cora-h0.50-r1,StratifiedKFoldDynamic_EigCentrality_b300,0,4,GAT,101,114,14,0.8418320417404175,0.7013422846794128,0.9064857363700867,0.6677852272987366,True,100
syn-cora-h0.50-r1,StratifiedKFoldDynamic_EigCentrality_b300,0,4,GAT,100,119,19,0.8670017123222351,0.6778523325920105,0.8685656189918518,0.6711409687995911,True,100
syn-cora-h0.50-r1,StratifiedKFoldDynamic_EigCentrality_b300,0,3,GAT,101,128,28,0.9064548015594482,0.6610738039016724,0.9245695471763611,0.6979866027832031,True,100
syn-cora-h0.50-r1,StratifiedKFoldDynamic_EigCentrality_b300,0,5,GAT,101,124,24,0.8132942318916321,0.7281879186630249,0.8951537609100342,0.6510066986083984,True,100
syn-cora-h0.50-r1,StratifiedKFoldDynamic_EigCentrality_b300,0,5,GAT,100,153,53,0.8120681643486023,0.7114093899726868,0.9169096350669861,0.6409395933151245,True,100
syn-cora-h0.50-r1,StratifiedKFoldDynamic_Clustering_b300,0,2,GAT,101,115,15,0.7906168103218079,0.744966447353363,0.9058338403701782,0.6409395933151245,True,100
syn-cora-h0.50-r1,StratifiedKFoldDynamic_Clustering_b300,0,1,GAT,100,120,20,0.8985539674758911,0.6543624401092529,0.8501902222633362,0.7281879186630249,True,100
syn-cora-h0.50-r1,StratifiedKFoldDynamic_Clustering_b300,0,2,GAT,100,149,49,0.7895423769950867,0.7214764952659607,0.8991535305976868,0.6476510167121887,True,100
syn-cora-h0.50-r1,StratifiedKFoldDynamic_Clustering_b300,0,1,GAT,101,150,50,0.9012933373451233,0.6543624401092529,0.8827404975891113,0.708053708076477,True,100
syn-cora-h0.50-r1,StratifiedKFoldDynamic_Clustering_b300,0,3,GAT,100,120,20,0.9225563406944275,0.6308724880218506,0.7950424551963806,0.718120813369751,True,100
syn-cora-h0.50-r1,StratifiedKFoldDynamic_Clustering_b300,0,3,GAT,101,115,15,0.9386114478111267,0.6543624401092529,0.8027379512786865,0.7416107654571533,True,100
syn-cora-h0.50-r1,StratifiedKFoldDynamic_Clustering_b300,0,5,GAT,100,119,19,0.8268049359321594,0.7214764952659607,0.8959419131278992,0.6711409687995911,True,100
syn-cora-h0.50-r1,StratifiedKFoldDynamic_Clustering_b300,0,4,GAT,100,231,131,0.8943288922309875,0.6845637559890747,0.9558984041213989,0.6543624401092529,True,100
syn-cora-h0.50-r1,StratifiedKFoldDynamic_Clustering_b300,0,5,GAT,101,150,50,0.8565165996551514,0.7147650718688965,0.9200236797332764,0.6577181220054626,True,100
syn-cora-h0.50-r1,StratifiedKFoldDynamic_Clustering_b300,0,4,GAT,101,273,173,0.8903239369392395,0.6879194378852844,0.988893449306488,0.6241610646247864,True,100
syn-cora-h0.50-r1,RandomKFold,1,1,GAT,101,114,14,0.919646680355072,0.6543624401092529,0.8652175664901733,0.7214764952659607,True,100
syn-cora-h0.50-r1,RandomKFold,1,2,GAT,101,120,20,0.881650447845459,0.6778523325920105,0.9390016198158264,0.6543624401092529,True,100
syn-cora-h0.50-r1,RandomKFold,1,2,GAT,100,121,21,0.8750432133674622,0.6879194378852844,0.9583851099014282,0.6476510167121887,True,100
syn-cora-h0.50-r1,RandomKFold,1,1,GAT,100,121,21,0.9490668773651123,0.6610738039016724,0.8496453762054443,0.6744966506958008,True,100
syn-cora-h0.50-r1,RandomKFold,1,4,GAT,101,116,16,0.8079435229301453,0.7046979665756226,0.8605217933654785,0.7013422846794128,True,100
syn-cora-h0.50-r1,RandomKFold,1,3,GAT,101,119,19,0.8762771487236023,0.7281879186630249,0.9211755394935608,0.6644295454025269,True,100
syn-cora-h0.50-r1,RandomKFold,1,3,GAT,100,165,65,0.8883336186408997,0.7013422846794128,0.9235531687736511,0.6543624401092529,True,100
syn-cora-h0.50-r1,RandomKFold,1,4,GAT,100,170,70,0.7995039224624634,0.7013422846794128,0.8986294865608215,0.6442952752113342,True,100
syn-cora-h0.50-r1,RandomKFold,1,5,GAT,100,120,20,0.8772615790367126,0.6845637559890747,0.8317041397094727,0.6946308612823486,True,100
syn-cora-h0.50-r1,RandomKFold,1,5,GAT,101,184,84,0.8879421353340149,0.6778523325920105,0.8783594965934753,0.6644295454025269,True,100
syn-cora-h0.50-r1,LabelStratifiedKFold,1,2,GAT,101,115,15,0.8545065522193909,0.6979866027832031,0.8751176595687866,0.6946308612823486,True,100
syn-cora-h0.50-r1,LabelStratifiedKFold,1,1,GAT,101,115,15,0.8736016154289246,0.6979866027832031,0.8364037871360779,0.6979866027832031,True,100
syn-cora-h0.50-r1,LabelStratifiedKFold,1,2,GAT,100,119,19,0.8467548489570618,0.7046979665756226,0.8897709250450134,0.6912751793861389,True,100
syn-cora-h0.50-r1,LabelStratifiedKFold,1,1,GAT,100,120,20,0.8790619373321533,0.6912751793861389,0.806759774684906,0.6979866027832031,True,100
syn-cora-h0.50-r1,LabelStratifiedKFold,1,4,GAT,101,114,14,0.914117693901062,0.6912751793861389,0.8994879722595215,0.6711409687995911,True,100
syn-cora-h0.50-r1,LabelStratifiedKFold,1,4,GAT,100,117,17,0.9253098368644714,0.6879194378852844,0.9129059314727783,0.6510066986083984,True,100
syn-cora-h0.50-r1,LabelStratifiedKFold,1,3,GAT,100,124,24,0.9136914014816284,0.6946308612823486,0.8664056062698364,0.681208074092865,True,100
syn-cora-h0.50-r1,LabelStratifiedKFold,1,3,GAT,101,164,64,0.9243151545524597,0.6610738039016724,0.8965211510658264,0.6879194378852844,True,100
syn-cora-h0.50-r1,LabelStratifiedKFold,1,5,GAT,100,117,17,0.8191834688186646,0.7114093899726868,0.9276106953620911,0.6845637559890747,True,100
syn-cora-h0.50-r1,LabelStratifiedKFold,1,5,GAT,101,117,17,0.8242461681365967,0.7013422846794128,0.9318398833274841,0.6912751793861389,True,100
syn-cora-h0.50-r1,StratifiedKFoldDynamic_Degree_b300,1,1,GAT,101,115,15,0.8551626801490784,0.6845637559890747,0.896093487739563,0.6912751793861389,True,100
syn-cora-h0.50-r1,StratifiedKFoldDynamic_Degree_b300,1,2,GAT,101,118,18,0.9149302244186401,0.6543624401092529,0.8528026938438416,0.7214764952659607,True,100
syn-cora-h0.50-r1,StratifiedKFoldDynamic_Degree_b300,1,2,GAT,100,125,25,0.9106970429420471,0.6677852272987366,0.8645808100700378,0.718120813369751,True,100
syn-cora-h0.50-r1,StratifiedKFoldDynamic_Degree_b300,1,1,GAT,100,163,63,0.8638916015625,0.6744966506958008,0.9065378904342651,0.681208074092865,True,100
syn-cora-h0.50-r1,StratifiedKFoldDynamic_Degree_b300,1,3,GAT,100,121,21,0.8808904886245728,0.6711409687995911,0.938743531703949,0.6308724880218506,True,100
syn-cora-h0.50-r1,StratifiedKFoldDynamic_Degree_b300,1,3,GAT,101,126,26,0.8836812376976013,0.6946308612823486,0.9727254509925842,0.6174496412277222,True,100
syn-cora-h0.50-r1,StratifiedKFoldDynamic_Degree_b300,1,4,GAT,100,121,21,0.8368982672691345,0.6979866027832031,0.8599162101745605,0.681208074092865,True,100
syn-cora-h0.50-r1,StratifiedKFoldDynamic_Degree_b300,1,4,GAT,101,143,43,0.87371826171875,0.7013422846794128,0.8579474091529846,0.681208074092865,True,100
syn-cora-h0.50-r1,StratifiedKFoldDynamic_Degree_b300,1,5,GAT,100,121,21,0.8905712366104126,0.6610738039016724,0.8427416086196899,0.6610738039016724,True,100
syn-cora-h0.50-r1,StratifiedKFoldDynamic_Degree_b300,1,5,GAT,101,114,14,0.8998676538467407,0.6711409687995911,0.8890734910964966,0.7114093899726868,True,100
syn-cora-h0.50-r1,StratifiedKFoldDynamic_NeighHet_b300,1,1,GAT,100,114,14,0.882581889629364,0.6912751793861389,0.9054198861122131,0.6677852272987366,True,100
syn-cora-h0.50-r1,StratifiedKFoldDynamic_NeighHet_b300,1,1,GAT,101,117,17,0.8540757894515991,0.6946308612823486,0.9302282929420471,0.6476510167121887,True,100
syn-cora-h0.50-r1,StratifiedKFoldDynamic_NeighHet_b300,1,2,GAT,100,121,21,0.8269035220146179,0.7248322367668152,0.8746811151504517,0.7013422846794128,True,100
syn-cora-h0.50-r1,StratifiedKFoldDynamic_NeighHet_b300,1,2,GAT,101,124,24,0.8501178622245789,0.7046979665756226,0.878771185874939,0.6946308612823486,True,100
syn-cora-h0.50-r1,StratifiedKFoldDynamic_NeighHet_b300,1,3,GAT,101,114,14,0.9189589619636536,0.6879194378852844,0.8779954314231873,0.6979866027832031,True,100
syn-cora-h0.50-r1,StratifiedKFoldDynamic_NeighHet_b300,1,3,GAT,100,121,21,0.9075475335121155,0.6610738039016724,0.8519213199615479,0.6946308612823486,True,100
syn-cora-h0.50-r1,StratifiedKFoldDynamic_NeighHet_b300,1,4,GAT,101,150,50,0.896973192691803,0.6577181220054626,0.8840600252151489,0.681208074092865,True,100
syn-cora-h0.50-r1,StratifiedKFoldDynamic_NeighHet_b300,1,4,GAT,100,223,123,0.8927138447761536,0.6510066986083984,0.9152558445930481,0.6510066986083984,True,100
syn-cora-h0.50-r1,StratifiedKFoldDynamic_NeighHet_b300,1,5,GAT,101,115,15,0.9230384826660156,0.6744966506958008,0.90291827917099,0.6510066986083984,True,100
syn-cora-h0.50-r1,StratifiedKFoldDynamic_NeighHet_b300,1,5,GAT,100,148,48,0.8951594233512878,0.6610738039016724,0.9217290878295898,0.6510066986083984,True,100
syn-cora-h0.50-r1,StratifiedKFoldDynamic_PageRank_b300,1,1,GAT,101,114,14,0.8126783967018127,0.7382550239562988,0.9737910032272339,0.6409395933151245,True,100
syn-cora-h0.50-r1,StratifiedKFoldDynamic_PageRank_b300,1,2,GAT,101,116,16,0.8806816935539246,0.6946308612823486,0.8128725290298462,0.7315436005592346,True,100
syn-cora-h0.50-r1,StratifiedKFoldDynamic_PageRank_b300,1,2,GAT,100,118,18,0.8822861313819885,0.6610738039016724,0.7994223237037659,0.7315436005592346,True,100
syn-cora-h0.50-r1,StratifiedKFoldDynamic_PageRank_b300,1,1,GAT,100,121,21,0.7955703139305115,0.718120813369751,0.9611320495605469,0.6476510167121887,True,100
syn-cora-h0.50-r1,StratifiedKFoldDynamic_PageRank_b300,1,3,GAT,101,119,19,0.8395429253578186,0.7046979665756226,0.8925166726112366,0.681208074092865,True,100
syn-cora-h0.50-r1,StratifiedKFoldDynamic_PageRank_b300,1,3,GAT,100,120,20,0.8416649699211121,0.718120813369751,0.8996202945709229,0.6744966506958008,True,100
syn-cora-h0.50-r1,StratifiedKFoldDynamic_PageRank_b300,1,4,GAT,100,119,19,0.8780608773231506,0.6610738039016724,0.8584378957748413,0.681208074092865,True,100
syn-cora-h0.50-r1,StratifiedKFoldDynamic_PageRank_b300,1,4,GAT,101,117,17,0.8965356945991516,0.6711409687995911,0.8362190127372742,0.6979866027832031,True,100
syn-cora-h0.50-r1,StratifiedKFoldDynamic_PageRank_b300,1,5,GAT,101,114,14,0.9534964561462402,0.6409395933151245,0.885364294052124,0.6845637559890747,True,100
syn-cora-h0.50-r1,StratifiedKFoldDynamic_PageRank_b300,1,5,GAT,100,114,14,0.9492833614349365,0.6577181220054626,0.9025527834892273,0.6711409687995911,True,100
syn-cora-h0.50-r1,StratifiedKFoldDynamic_EigCentrality_b300,1,2,GAT,101,114,14,0.8676707744598389,0.6946308612823486,0.8190563917160034,0.7416107654571533,True,100
syn-cora-h0.50-r1,StratifiedKFoldDynamic_EigCentrality_b300,1,2,GAT,100,126,26,0.8711912631988525,0.6510066986083984,0.8065896034240723,0.7382550239562988,True,100
syn-cora-h0.50-r1,StratifiedKFoldDynamic_EigCentrality_b300,1,1,GAT,100,174,74,0.7840412259101868,0.6744966506958008,0.882817804813385,0.6879194378852844,True,100
syn-cora-h0.50-r1,StratifiedKFoldDynamic_EigCentrality_b300,1,3,GAT,101,121,21,0.8805074095726013,0.6979866027832031,0.8658538460731506,0.6912751793861389,True,100
syn-cora-h0.50-r1,StratifiedKFoldDynamic_EigCentrality_b300,1,1,GAT,101,273,173,0.7743069529533386,0.7147650718688965,0.9013320803642273,0.681208074092865,True,100
syn-cora-h0.50-r1,StratifiedKFoldDynamic_EigCentrality_b300,1,4,GAT,100,122,22,0.9276546239852905,0.6677852272987366,0.9266831278800964,0.6744966506958008,True,100
syn-cora-h0.50-r1,StratifiedKFoldDynamic_EigCentrality_b300,1,3,GAT,100,201,101,0.8660702109336853,0.6711409687995911,0.882713258266449,0.6778523325920105,True,100
syn-cora-h0.50-r1,StratifiedKFoldDynamic_EigCentrality_b300,1,4,GAT,101,116,16,0.9065967798233032,0.6946308612823486,0.880874514579773,0.6778523325920105,True,100
syn-cora-h0.50-r1,StratifiedKFoldDynamic_EigCentrality_b300,1,5,GAT,100,119,19,0.8594139218330383,0.6879194378852844,0.8990198969841003,0.6711409687995911,True,100
syn-cora-h0.50-r1,StratifiedKFoldDynamic_EigCentrality_b300,1,5,GAT,101,123,23,0.8698331117630005,0.7013422846794128,0.9322588443756104,0.6510066986083984,True,100
syn-cora-h0.50-r1,StratifiedKFoldDynamic_Clustering_b300,1,1,GAT,100,119,19,0.8804308176040649,0.6879194378852844,0.8728238344192505,0.6577181220054626,True,100
syn-cora-h0.50-r1,StratifiedKFoldDynamic_Clustering_b300,1,2,GAT,100,119,19,0.8340775966644287,0.7214764952659607,0.8928624987602234,0.6644295454025269,True,100
syn-cora-h0.50-r1,StratifiedKFoldDynamic_Clustering_b300,1,2,GAT,101,121,21,0.8785793781280518,0.6946308612823486,0.9116947054862976,0.6610738039016724,True,100
syn-cora-h0.50-r1,StratifiedKFoldDynamic_Clustering_b300,1,1,GAT,101,157,57,0.8922191858291626,0.7147650718688965,0.8808320164680481,0.6442952752113342,True,100
syn-cora-h0.50-r1,StratifiedKFoldDynamic_Clustering_b300,1,4,GAT,100,120,20,0.8922106027603149,0.6845637559890747,0.8520354628562927,0.6778523325920105,True,100
syn-cora-h0.50-r1,StratifiedKFoldDynamic_Clustering_b300,1,4,GAT,101,118,18,0.900066614151001,0.6744966506958008,0.8652669191360474,0.6845637559890747,True,100
syn-cora-h0.50-r1,StratifiedKFoldDynamic_Clustering_b300,1,3,GAT,101,192,92,0.8497490882873535,0.6677852272987366,0.8885456323623657,0.6476510167121887,True,100
syn-cora-h0.50-r1,StratifiedKFoldDynamic_Clustering_b300,1,3,GAT,100,246,146,0.8574642539024353,0.6845637559890747,0.9267703890800476,0.6208053827285767,True,100
syn-cora-h0.50-r1,StratifiedKFoldDynamic_Clustering_b300,1,5,GAT,101,116,16,0.8679268956184387,0.6677852272987366,0.9041805267333984,0.6744966506958008,True,100
syn-cora-h0.50-r1,StratifiedKFoldDynamic_Clustering_b300,1,5,GAT,100,171,71,0.8744547963142395,0.6610738039016724,0.919381856918335,0.6610738039016724,True,100
syn-cora-h0.50-r1,RandomKFold,2,2,GAT,101,116,16,0.8237528204917908,0.7147650718688965,0.9210914969444275,0.6342281699180603,True,100
syn-cora-h0.50-r1,RandomKFold,2,2,GAT,100,121,21,0.8329774737358093,0.7046979665756226,0.9578952789306641,0.6241610646247864,True,100
syn-cora-h0.50-r1,RandomKFold,2,1,GAT,101,145,45,0.9096889495849609,0.6778523325920105,0.907799243927002,0.6778523325920105,True,100
syn-cora-h0.50-r1,RandomKFold,2,3,GAT,100,123,23,0.823878824710846,0.7013422846794128,0.857448935508728,0.6946308612823486,True,100
syn-cora-h0.50-r1,RandomKFold,2,3,GAT,101,129,29,0.8351246118545532,0.7248322367668152,0.8722240328788757,0.7214764952659607,True,100
syn-cora-h0.50-r1,RandomKFold,2,1,GAT,100,264,164,0.9018483757972717,0.6510066986083984,0.9021617770195007,0.6879194378852844,True,100
syn-cora-h0.50-r1,RandomKFold,2,4,GAT,100,120,20,0.8703668713569641,0.6744966506958008,0.7981798648834229,0.7214764952659607,True,100
syn-cora-h0.50-r1,RandomKFold,2,4,GAT,101,119,19,0.8893237113952637,0.6610738039016724,0.8180531859397888,0.7315436005592346,True,100
syn-cora-h0.50-r1,RandomKFold,2,5,GAT,100,118,18,0.8637685179710388,0.7013422846794128,0.8609756231307983,0.6912751793861389,True,100
syn-cora-h0.50-r1,RandomKFold,2,5,GAT,101,118,18,0.8777920603752136,0.6744966506958008,0.8616902232170105,0.6677852272987366,True,100
syn-cora-h0.50-r1,LabelStratifiedKFold,2,2,GAT,100,115,15,0.9469850063323975,0.6476510167121887,0.8485413789749146,0.7281879186630249,True,100
syn-cora-h0.50-r1,LabelStratifiedKFold,2,2,GAT,101,117,17,0.9296521544456482,0.6476510167121887,0.8595009446144104,0.6912751793861389,True,100
syn-cora-h0.50-r1,LabelStratifiedKFold,2,1,GAT,101,117,17,0.86775803565979,0.7114093899726868,0.8223065137863159,0.7348993420600891,True,100
syn-cora-h0.50-r1,LabelStratifiedKFold,2,1,GAT,100,121,21,0.8453348278999329,0.6912751793861389,0.818905234336853,0.7315436005592346,True,100
syn-cora-h0.50-r1,LabelStratifiedKFold,2,3,GAT,100,117,17,0.8335598707199097,0.6946308612823486,0.9552576541900635,0.6342281699180603,True,100
syn-cora-h0.50-r1,LabelStratifiedKFold,2,4,GAT,100,119,19,0.8504620790481567,0.6912751793861389,0.8405734300613403,0.708053708076477,True,100
syn-cora-h0.50-r1,LabelStratifiedKFold,2,3,GAT,101,124,24,0.8670702576637268,0.7013422846794128,0.9648329019546509,0.600671112537384,True,100
syn-cora-h0.50-r1,LabelStratifiedKFold,2,4,GAT,101,118,18,0.845635175704956,0.7114093899726868,0.867205023765564,0.7315436005592346,True,100
syn-cora-h0.50-r1,LabelStratifiedKFold,2,5,GAT,101,199,99,0.7998923063278198,0.708053708076477,0.9050655364990234,0.6610738039016724,True,100
syn-cora-h0.50-r1,LabelStratifiedKFold,2,5,GAT,100,308,208,0.7924901247024536,0.718120813369751,0.9115376472473145,0.6409395933151245,True,100
syn-cora-h0.50-r1,StratifiedKFoldDynamic_Degree_b300,2,1,GAT,101,113,13,0.9570297002792358,0.6644295454025269,0.9055920243263245,0.6912751793861389,True,100
syn-cora-h0.50-r1,StratifiedKFoldDynamic_Degree_b300,2,2,GAT,100,121,21,0.8689586520195007,0.681208074092865,0.9751392602920532,0.6442952752113342,True,100
syn-cora-h0.50-r1,StratifiedKFoldDynamic_Degree_b300,2,2,GAT,101,153,53,0.8796250224113464,0.6644295454025269,0.9256500601768494,0.6711409687995911,True,100
syn-cora-h0.50-r1,StratifiedKFoldDynamic_Degree_b300,2,1,GAT,100,171,71,0.9498222470283508,0.6409395933151245,0.9135351777076721,0.6644295454025269,True,100
syn-cora-h0.50-r1,StratifiedKFoldDynamic_Degree_b300,2,3,GAT,101,114,14,0.8423948884010315,0.7147650718688965,0.937452495098114,0.6476510167121887,True,100
syn-cora-h0.50-r1,StratifiedKFoldDynamic_Degree_b300,2,3,GAT,100,122,22,0.8323719501495361,0.708053708076477,0.9025164246559143,0.6845637559890747,True,100
syn-cora-h0.50-r1,StratifiedKFoldDynamic_Degree_b300,2,4,GAT,100,171,71,0.829626202583313,0.6979866027832031,0.8404354453086853,0.6845637559890747,True,100
syn-cora-h0.50-r1,StratifiedKFoldDynamic_Degree_b300,2,4,GAT,101,169,69,0.8540522456169128,0.7013422846794128,0.8654293417930603,0.6778523325920105,True,100
syn-cora-h0.50-r1,StratifiedKFoldDynamic_Degree_b300,2,5,GAT,101,118,18,0.8818005919456482,0.6946308612823486,0.836863100528717,0.718120813369751,True,100
syn-cora-h0.50-r1,StratifiedKFoldDynamic_Degree_b300,2,5,GAT,100,119,19,0.8827295303344727,0.681208074092865,0.8271985054016113,0.7315436005592346,True,100
syn-cora-h0.50-r1,StratifiedKFoldDynamic_NeighHet_b300,2,2,GAT,100,114,14,0.8908370733261108,0.6946308612823486,0.9272162914276123,0.6510066986083984,True,100
syn-cora-h0.50-r1,StratifiedKFoldDynamic_NeighHet_b300,2,2,GAT,101,116,16,0.8830826282501221,0.7248322367668152,0.9037683606147766,0.6375839114189148,True,100
syn-cora-h0.50-r1,StratifiedKFoldDynamic_NeighHet_b300,2,1,GAT,100,203,103,0.8720970153808594,0.6979866027832031,0.8469017148017883,0.681208074092865,True,100
syn-cora-h0.50-r1,StratifiedKFoldDynamic_NeighHet_b300,2,3,GAT,101,114,14,0.8446371555328369,0.7114093899726868,0.8874303102493286,0.6778523325920105,True,100
syn-cora-h0.50-r1,StratifiedKFoldDynamic_NeighHet_b300,2,1,GAT,101,308,208,0.870460033416748,0.6912751793861389,0.8259047865867615,0.708053708076477,True,100
syn-cora-h0.50-r1,StratifiedKFoldDynamic_NeighHet_b300,2,3,GAT,100,199,99,0.835774838924408,0.6912751793861389,0.94623202085495,0.6711409687995911,True,100
syn-cora-h0.50-r1,StratifiedKFoldDynamic_NeighHet_b300,2,4,GAT,100,119,19,0.8970951437950134,0.6677852272987366,0.8442384600639343,0.7046979665756226,True,100
syn-cora-h0.50-r1,StratifiedKFoldDynamic_NeighHet_b300,2,4,GAT,101,114,14,0.8894522190093994,0.6946308612823486,0.8468195199966431,0.6845637559890747,True,100
syn-cora-h0.50-r1,StratifiedKFoldDynamic_NeighHet_b300,2,5,GAT,100,119,19,0.8291489481925964,0.681208074092865,0.9147601127624512,0.6610738039016724,True,100
syn-cora-h0.50-r1,StratifiedKFoldDynamic_NeighHet_b300,2,5,GAT,101,204,104,0.8519684672355652,0.6778523325920105,0.9379614591598511,0.6610738039016724,True,100
syn-cora-h0.50-r1,StratifiedKFoldDynamic_PageRank_b300,2,1,GAT,100,119,19,0.8703597187995911,0.6912751793861389,0.9354105591773987,0.6476510167121887,True,100
syn-cora-h0.50-r1,StratifiedKFoldDynamic_PageRank_b300,2,2,GAT,100,120,20,0.8450711965560913,0.7114093899726868,0.8351949453353882,0.7147650718688965,True,100
syn-cora-h0.50-r1,StratifiedKFoldDynamic_PageRank_b300,2,2,GAT,101,151,51,0.8573503494262695,0.7046979665756226,0.8715094327926636,0.6845637559890747,True,100
syn-cora-h0.50-r1,StratifiedKFoldDynamic_PageRank_b300,2,1,GAT,101,162,62,0.8683013916015625,0.6711409687995911,0.9442394971847534,0.6308724880218506,True,100
syn-cora-h0.50-r1,StratifiedKFoldDynamic_PageRank_b300,2,3,GAT,101,114,14,0.9059044718742371,0.6677852272987366,0.87973552942276,0.7046979665756226,True,100
syn-cora-h0.50-r1,StratifiedKFoldDynamic_PageRank_b300,2,3,GAT,100,122,22,0.8955414295196533,0.6610738039016724,0.8850520849227905,0.7046979665756226,True,100
syn-cora-h0.50-r1,StratifiedKFoldDynamic_PageRank_b300,2,4,GAT,101,114,14,0.8456897139549255,0.6912751793861389,0.88956618309021,0.6744966506958008,True,100
syn-cora-h0.50-r1,StratifiedKFoldDynamic_PageRank_b300,2,4,GAT,100,160,60,0.8541774153709412,0.6711409687995911,0.8913977742195129,0.6778523325920105,True,100
syn-cora-h0.50-r1,StratifiedKFoldDynamic_PageRank_b300,2,5,GAT,100,121,21,0.8835283517837524,0.6979866027832031,0.8605268001556396,0.6744966506958008,True,100
syn-cora-h0.50-r1,StratifiedKFoldDynamic_PageRank_b300,2,5,GAT,101,121,21,0.8817024230957031,0.6979866027832031,0.861352801322937,0.6845637559890747,True,100
syn-cora-h0.50-r1,StratifiedKFoldDynamic_EigCentrality_b300,2,2,GAT,101,114,14,0.8814321160316467,0.6979866027832031,0.8810166716575623,0.6610738039016724,True,100
syn-cora-h0.50-r1,StratifiedKFoldDynamic_EigCentrality_b300,2,2,GAT,100,121,21,0.8675550222396851,0.7214764952659607,0.8684222102165222,0.6845637559890747,True,100
syn-cora-h0.50-r1,StratifiedKFoldDynamic_EigCentrality_b300,2,1,GAT,100,219,119,0.820743203163147,0.7013422846794128,0.9410780072212219,0.6644295454025269,True,100
syn-cora-h0.50-r1,StratifiedKFoldDynamic_EigCentrality_b300,2,3,GAT,100,119,19,0.8930730819702148,0.6577181220054626,0.8541290163993835,0.6879194378852844,True,100
syn-cora-h0.50-r1,StratifiedKFoldDynamic_EigCentrality_b300,2,3,GAT,101,118,18,0.9213149547576904,0.6510066986083984,0.8573986291885376,0.7147650718688965,True,100
syn-cora-h0.50-r1,StratifiedKFoldDynamic_EigCentrality_b300,2,1,GAT,101,307,207,0.8178218603134155,0.7013422846794128,0.9402144551277161,0.6610738039016724,True,100
syn-cora-h0.50-r1,StratifiedKFoldDynamic_EigCentrality_b300,2,4,GAT,100,119,19,0.8309022784233093,0.7046979665756226,0.9089125990867615,0.6778523325920105,True,100
syn-cora-h0.50-r1,StratifiedKFoldDynamic_EigCentrality_b300,2,5,GAT,100,116,16,0.8881582021713257,0.6946308612823486,0.8194555640220642,0.7315436005592346,True,100
syn-cora-h0.50-r1,StratifiedKFoldDynamic_EigCentrality_b300,2,5,GAT,101,118,18,0.8832519054412842,0.6778523325920105,0.8269185423851013,0.744966447353363,True,100
syn-cora-h0.50-r1,StratifiedKFoldDynamic_EigCentrality_b300,2,4,GAT,101,208,108,0.8203113079071045,0.6879194378852844,0.9787141680717468,0.6610738039016724,True,100
syn-cora-h0.50-r1,StratifiedKFoldDynamic_Clustering_b300,2,2,GAT,100,118,18,0.9054853320121765,0.6912751793861389,0.8770409822463989,0.6577181220054626,True,100
syn-cora-h0.50-r1,StratifiedKFoldDynamic_Clustering_b300,2,1,GAT,101,117,17,0.8888440132141113,0.681208074092865,0.8210277557373047,0.7248322367668152,True,100
syn-cora-h0.50-r1,StratifiedKFoldDynamic_Clustering_b300,2,2,GAT,101,119,19,0.9013462066650391,0.6912751793861389,0.9082102179527283,0.6577181220054626,True,100
syn-cora-h0.50-r1,StratifiedKFoldDynamic_Clustering_b300,2,1,GAT,100,120,20,0.8623062372207642,0.6644295454025269,0.8310496211051941,0.7147650718688965,True,100
syn-cora-h0.50-r1,StratifiedKFoldDynamic_Clustering_b300,2,3,GAT,101,115,15,0.8148327469825745,0.7147650718688965,0.9114850163459778,0.6744966506958008,True,100
syn-cora-h0.50-r1,StratifiedKFoldDynamic_Clustering_b300,2,3,GAT,100,120,20,0.8102208375930786,0.718120813369751,0.8945984244346619,0.681208074092865,True,100
syn-cora-h0.50-r1,StratifiedKFoldDynamic_Clustering_b300,2,4,GAT,101,127,27,0.9734637141227722,0.6073825359344482,0.8358374238014221,0.6979866027832031,True,100
syn-cora-h0.50-r1,StratifiedKFoldDynamic_Clustering_b300,2,4,GAT,100,182,82,0.9384543299674988,0.6543624401092529,0.8933533430099487,0.6543624401092529,True,100
syn-cora-h0.50-r1,StratifiedKFoldDynamic_Clustering_b300,2,5,GAT,101,118,18,0.8198890686035156,0.7348993420600891,0.9407572150230408,0.6476510167121887,True,100
syn-cora-h0.50-r1,StratifiedKFoldDynamic_Clustering_b300,2,5,GAT,100,154,54,0.8307805061340332,0.681208074092865,0.9201246500015259,0.6442952752113342,True,100
syn-cora-h0.50-r1,RandomKFold,3,2,GAT,101,116,16,0.8937270641326904,0.6845637559890747,0.8519025444984436,0.708053708076477,True,100
syn-cora-h0.50-r1,RandomKFold,3,1,GAT,101,116,16,0.8475193381309509,0.7046979665756226,0.9057676792144775,0.6577181220054626,True,100
syn-cora-h0.50-r1,RandomKFold,3,1,GAT,100,117,17,0.8489463925361633,0.7147650718688965,0.8980874419212341,0.6610738039016724,True,100
syn-cora-h0.50-r1,RandomKFold,3,2,GAT,100,119,19,0.8922291398048401,0.6845637559890747,0.8355328440666199,0.708053708076477,True,100
syn-cora-h0.50-r1,RandomKFold,3,3,GAT,100,115,15,0.8045867085456848,0.708053708076477,0.8883843421936035,0.681208074092865,True,100
syn-cora-h0.50-r1,RandomKFold,3,4,GAT,100,120,20,0.9600487947463989,0.6342281699180603,0.8149610757827759,0.6946308612823486,True,100
syn-cora-h0.50-r1,RandomKFold,3,4,GAT,101,120,20,0.9460309743881226,0.6644295454025269,0.8316042423248291,0.708053708076477,True,100
syn-cora-h0.50-r1,RandomKFold,3,3,GAT,101,144,44,0.8250720500946045,0.6677852272987366,0.9232374429702759,0.6476510167121887,True,100
syn-cora-h0.50-r1,RandomKFold,3,5,GAT,100,119,19,0.90338534116745,0.6845637559890747,0.9576574563980103,0.6644295454025269,True,100
syn-cora-h0.50-r1,RandomKFold,3,5,GAT,101,115,15,0.9182325601577759,0.6778523325920105,0.970409095287323,0.6610738039016724,True,100
syn-cora-h0.50-r1,LabelStratifiedKFold,3,2,GAT,100,121,21,0.8220738172531128,0.6845637559890747,0.9272619485855103,0.6610738039016724,True,100
syn-cora-h0.50-r1,LabelStratifiedKFold,3,1,GAT,101,125,25,0.9304079413414001,0.6610738039016724,0.9406098127365112,0.6577181220054626,True,100
syn-cora-h0.50-r1,LabelStratifiedKFold,3,1,GAT,100,144,44,0.9143458604812622,0.6543624401092529,0.9249125123023987,0.6476510167121887,True,100
syn-cora-h0.50-r1,LabelStratifiedKFold,3,2,GAT,101,163,63,0.8289030194282532,0.7114093899726868,0.9421029090881348,0.6375839114189148,True,100
syn-cora-h0.50-r1,LabelStratifiedKFold,3,3,GAT,100,119,19,0.8564788699150085,0.7214764952659607,0.8235931396484375,0.708053708076477,True,100
syn-cora-h0.50-r1,LabelStratifiedKFold,3,3,GAT,101,144,44,0.8372611403465271,0.7013422846794128,0.8648260831832886,0.6677852272987366,True,100
syn-cora-h0.50-r1,LabelStratifiedKFold,3,4,GAT,100,124,24,0.8469660878181458,0.7046979665756226,0.8584572672843933,0.6979866027832031,True,100
syn-cora-h0.50-r1,LabelStratifiedKFold,3,4,GAT,101,116,16,0.8638220429420471,0.7114093899726868,0.8162567019462585,0.7281879186630249,True,100
syn-cora-h0.50-r1,LabelStratifiedKFold,3,5,GAT,100,121,21,0.9064239859580994,0.6409395933151245,0.8669787645339966,0.6879194378852844,True,100
syn-cora-h0.50-r1,LabelStratifiedKFold,3,5,GAT,101,115,15,0.9004660844802856,0.6577181220054626,0.8732389807701111,0.6912751793861389,True,100
syn-cora-h0.50-r1,StratifiedKFoldDynamic_Degree_b300,3,1,GAT,100,123,23,0.791926920413971,0.7483221292495728,0.9032641649246216,0.6879194378852844,True,100
syn-cora-h0.50-r1,StratifiedKFoldDynamic_Degree_b300,3,2,GAT,100,126,26,0.8820746541023254,0.6912751793861389,0.818818211555481,0.718120813369751,True,100
syn-cora-h0.50-r1,StratifiedKFoldDynamic_Degree_b300,3,2,GAT,101,150,50,0.8952163457870483,0.681208074092865,0.8338454961776733,0.6979866027832031,True,100
syn-cora-h0.50-r1,StratifiedKFoldDynamic_Degree_b300,3,3,GAT,100,121,21,0.861760675907135,0.7046979665756226,0.8553377985954285,0.6879194378852844,True,100
syn-cora-h0.50-r1,StratifiedKFoldDynamic_Degree_b300,3,3,GAT,101,118,18,0.8394426107406616,0.7013422846794128,0.8811002373695374,0.6778523325920105,True,100
syn-cora-h0.50-r1,StratifiedKFoldDynamic_Degree_b300,3,1,GAT,101,274,174,0.799604058265686,0.7147650718688965,0.9465028047561646,0.6476510167121887,True,100
syn-cora-h0.50-r1,StratifiedKFoldDynamic_Degree_b300,3,4,GAT,100,148,48,0.9196637272834778,0.6476510167121887,0.8843773007392883,0.6476510167121887,True,100
syn-cora-h0.50-r1,StratifiedKFoldDynamic_Degree_b300,3,5,GAT,100,119,19,0.8469344973564148,0.7147650718688965,0.8780909776687622,0.6778523325920105,True,100
syn-cora-h0.50-r1,StratifiedKFoldDynamic_Degree_b300,3,4,GAT,101,123,23,0.9412298798561096,0.6442952752113342,0.865431010723114,0.6845637559890747,True,100
syn-cora-h0.50-r1,StratifiedKFoldDynamic_Degree_b300,3,5,GAT,101,123,23,0.8598055243492126,0.6946308612823486,0.8961719274520874,0.6476510167121887,True,100
syn-cora-h0.50-r1,StratifiedKFoldDynamic_NeighHet_b300,3,1,GAT,101,115,15,0.871819019317627,0.6879194378852844,0.8882189393043518,0.6946308612823486,True,100
syn-cora-h0.50-r1,StratifiedKFoldDynamic_NeighHet_b300,3,1,GAT,100,119,19,0.8926824927330017,0.6577181220054626,0.8766821622848511,0.7046979665756226,True,100
syn-cora-h0.50-r1,StratifiedKFoldDynamic_NeighHet_b300,3,2,GAT,100,120,20,0.9228284358978271,0.6577181220054626,0.8910998702049255,0.6879194378852844,True,100
syn-cora-h0.50-r1,StratifiedKFoldDynamic_NeighHet_b300,3,2,GAT,101,121,21,0.9299953579902649,0.6644295454025269,0.8596063256263733,0.7013422846794128,True,100
syn-cora-h0.50-r1,StratifiedKFoldDynamic_NeighHet_b300,3,3,GAT,100,119,19,0.8594664335250854,0.7046979665756226,0.90358966588974,0.681208074092865,True,100
syn-cora-h0.50-r1,StratifiedKFoldDynamic_NeighHet_b300,3,3,GAT,101,119,19,0.8779071569442749,0.7147650718688965,0.9257219433784485,0.681208074092865,True,100
syn-cora-h0.50-r1,StratifiedKFoldDynamic_NeighHet_b300,3,4,GAT,100,124,24,0.8852035403251648,0.6879194378852844,0.8754541873931885,0.7013422846794128,True,100
syn-cora-h0.50-r1,StratifiedKFoldDynamic_NeighHet_b300,3,4,GAT,101,151,51,0.8622183799743652,0.7013422846794128,0.9145514965057373,0.6510066986083984,True,100
syn-cora-h0.50-r1,StratifiedKFoldDynamic_NeighHet_b300,3,5,GAT,100,116,16,0.8619524240493774,0.7013422846794128,0.9014189839363098,0.681208074092865,True,100
syn-cora-h0.50-r1,StratifiedKFoldDynamic_NeighHet_b300,3,5,GAT,101,116,16,0.8921009302139282,0.7046979665756226,0.8644041419029236,0.7214764952659607,True,100
syn-cora-h0.50-r1,StratifiedKFoldDynamic_PageRank_b300,3,2,GAT,101,114,14,0.9075210690498352,0.6711409687995911,0.8315246105194092,0.7416107654571533,True,100
syn-cora-h0.50-r1,StratifiedKFoldDynamic_PageRank_b300,3,1,GAT,101,118,18,0.8454734683036804,0.7114093899726868,0.8706923127174377,0.6778523325920105,True,100
syn-cora-h0.50-r1,StratifiedKFoldDynamic_PageRank_b300,3,2,GAT,100,119,19,0.9157626032829285,0.6845637559890747,0.8235097527503967,0.718120813369751,True,100
syn-cora-h0.50-r1,StratifiedKFoldDynamic_PageRank_b300,3,1,GAT,100,130,30,0.8449887037277222,0.6879194378852844,0.8908511996269226,0.6577181220054626,True,100
syn-cora-h0.50-r1,StratifiedKFoldDynamic_PageRank_b300,3,4,GAT,100,120,20,0.8928126096725464,0.6711409687995911,0.8468349575996399,0.681208074092865,True,100
syn-cora-h0.50-r1,StratifiedKFoldDynamic_PageRank_b300,3,3,GAT,101,122,22,0.8353057503700256,0.7114093899726868,0.9281564950942993,0.6241610646247864,True,100
syn-cora-h0.50-r1,StratifiedKFoldDynamic_PageRank_b300,3,4,GAT,101,125,25,0.9620999097824097,0.6510066986083984,0.8526169061660767,0.718120813369751,True,100
syn-cora-h0.50-r1,StratifiedKFoldDynamic_PageRank_b300,3,3,GAT,100,169,69,0.8211485147476196,0.6912751793861389,0.9175089597702026,0.6744966506958008,True,100
syn-cora-h0.50-r1,StratifiedKFoldDynamic_PageRank_b300,3,5,GAT,100,152,52,0.8397834897041321,0.6879194378852844,0.932789146900177,0.6510066986083984,True,100
syn-cora-h0.50-r1,StratifiedKFoldDynamic_PageRank_b300,3,5,GAT,101,204,104,0.8406188488006592,0.6912751793861389,0.9562884569168091,0.6577181220054626,True,100
syn-cora-h0.50-r1,StratifiedKFoldDynamic_EigCentrality_b300,3,2,GAT,101,115,15,0.9058937430381775,0.6610738039016724,0.9324184060096741,0.6610738039016724,True,100
syn-cora-h0.50-r1,StratifiedKFoldDynamic_EigCentrality_b300,3,2,GAT,100,117,17,0.8872476816177368,0.681208074092865,0.9632620811462402,0.6241610646247864,True,100
syn-cora-h0.50-r1,StratifiedKFoldDynamic_EigCentrality_b300,3,1,GAT,100,120,20,0.9190080761909485,0.6845637559890747,0.8211537003517151,0.6979866027832031,True,100
syn-cora-h0.50-r1,StratifiedKFoldDynamic_EigCentrality_b300,3,1,GAT,101,140,40,0.9035401940345764,0.6778523325920105,0.8787736296653748,0.681208074092865,True,100
syn-cora-h0.50-r1,StratifiedKFoldDynamic_EigCentrality_b300,3,3,GAT,101,128,28,0.8370682001113892,0.7013422846794128,0.936439037322998,0.6543624401092529,True,100
syn-cora-h0.50-r1,StratifiedKFoldDynamic_EigCentrality_b300,3,4,GAT,101,118,18,0.8473680019378662,0.708053708076477,0.8856782913208008,0.6543624401092529,True,100
syn-cora-h0.50-r1,StratifiedKFoldDynamic_EigCentrality_b300,3,3,GAT,100,231,131,0.8539443016052246,0.6744966506958008,0.9181822538375854,0.6342281699180603,True,100
syn-cora-h0.50-r1,StratifiedKFoldDynamic_EigCentrality_b300,3,4,GAT,100,226,126,0.8563529849052429,0.708053708076477,0.911363422870636,0.6140939593315125,True,100
syn-cora-h0.50-r1,StratifiedKFoldDynamic_EigCentrality_b300,3,5,GAT,100,120,20,0.8578906059265137,0.6510066986083984,0.8258443474769592,0.7114093899726868,True,100
syn-cora-h0.50-r1,StratifiedKFoldDynamic_EigCentrality_b300,3,5,GAT,101,115,15,0.8807737827301025,0.7013422846794128,0.8415206074714661,0.718120813369751,True,100
syn-cora-h0.50-r1,StratifiedKFoldDynamic_Clustering_b300,3,1,GAT,101,116,16,0.8596582412719727,0.6879194378852844,0.831528902053833,0.6845637559890747,True,100
syn-cora-h0.50-r1,StratifiedKFoldDynamic_Clustering_b300,3,2,GAT,101,117,17,0.9120978116989136,0.6778523325920105,0.8560537099838257,0.6778523325920105,True,100
syn-cora-h0.50-r1,StratifiedKFoldDynamic_Clustering_b300,3,2,GAT,100,119,19,0.9363449215888977,0.6476510167121887,0.8417527675628662,0.6979866027832031,True,100
syn-cora-h0.50-r1,StratifiedKFoldDynamic_Clustering_b300,3,1,GAT,100,119,19,0.8470287919044495,0.6778523325920105,0.8519580960273743,0.6879194378852844,True,100
syn-cora-h0.50-r1,StratifiedKFoldDynamic_Clustering_b300,3,3,GAT,100,120,20,0.8396084904670715,0.718120813369751,0.9352502822875977,0.6677852272987366,True,100
syn-cora-h0.50-r1,StratifiedKFoldDynamic_Clustering_b300,3,4,GAT,100,118,18,0.9107272028923035,0.6879194378852844,0.8523311614990234,0.7046979665756226,True,100
syn-cora-h0.50-r1,StratifiedKFoldDynamic_Clustering_b300,3,4,GAT,101,119,19,0.9017847180366516,0.6946308612823486,0.8889684677124023,0.6711409687995911,True,100
syn-cora-h0.50-r1,StratifiedKFoldDynamic_Clustering_b300,3,3,GAT,101,164,64,0.8572279810905457,0.6912751793861389,0.9176323413848877,0.6644295454025269,True,100
syn-cora-h0.50-r1,StratifiedKFoldDynamic_Clustering_b300,3,5,GAT,101,114,14,0.8435541987419128,0.7114093899726868,0.8891605734825134,0.6879194378852844,True,100
syn-cora-h0.50-r1,StratifiedKFoldDynamic_Clustering_b300,3,5,GAT,100,122,22,0.8140178322792053,0.718120813369751,0.8847681879997253,0.6644295454025269,True,100
syn-cora-h0.50-r1,RandomKFold,4,1,GAT,101,116,16,0.8981297612190247,0.7046979665756226,0.8794421553611755,0.6543624401092529,True,100
syn-cora-h0.50-r1,RandomKFold,4,1,GAT,100,119,19,0.8770341277122498,0.7013422846794128,0.869384765625,0.6442952752113342,True,100
syn-cora-h0.50-r1,RandomKFold,4,2,GAT,100,121,21,0.877303957939148,0.6744966506958008,0.8819857835769653,0.6845637559890747,True,100
syn-cora-h0.50-r1,RandomKFold,4,2,GAT,101,143,43,0.8804928660392761,0.6912751793861389,0.9439808130264282,0.6711409687995911,True,100
syn-cora-h0.50-r1,RandomKFold,4,3,GAT,101,118,18,0.8592497706413269,0.6912751793861389,0.8670363426208496,0.681208074092865,True,100
syn-cora-h0.50-r1,RandomKFold,4,4,GAT,101,114,14,0.8884140849113464,0.6778523325920105,0.8586089611053467,0.708053708076477,True,100
syn-cora-h0.50-r1,RandomKFold,4,3,GAT,100,152,52,0.8721953630447388,0.6677852272987366,0.9175845980644226,0.6577181220054626,True,100
syn-cora-h0.50-r1,RandomKFold,4,4,GAT,100,159,59,0.862566351890564,0.6744966506958008,0.8735995888710022,0.6644295454025269,True,100
syn-cora-h0.50-r1,RandomKFold,4,5,GAT,100,120,20,0.8931414484977722,0.6375839114189148,0.8565903306007385,0.6577181220054626,True,100
syn-cora-h0.50-r1,RandomKFold,4,5,GAT,101,117,17,0.8968799710273743,0.6409395933151245,0.8983650803565979,0.6778523325920105,True,100
syn-cora-h0.50-r1,LabelStratifiedKFold,4,1,GAT,101,114,14,0.894634485244751,0.6912751793861389,0.9653933644294739,0.6375839114189148,True,100
syn-cora-h0.50-r1,LabelStratifiedKFold,4,2,GAT,100,118,18,0.8628016710281372,0.6946308612823486,0.9042494893074036,0.6610738039016724,True,100
syn-cora-h0.50-r1,LabelStratifiedKFold,4,1,GAT,100,122,22,0.8877224326133728,0.6610738039016724,0.9514476656913757,0.6241610646247864,True,100
syn-cora-h0.50-r1,LabelStratifiedKFold,4,2,GAT,101,150,50,0.8680261373519897,0.6677852272987366,0.9436001181602478,0.6543624401092529,True,100
syn-cora-h0.50-r1,LabelStratifiedKFold,4,3,GAT,100,119,19,0.8161590099334717,0.7315436005592346,0.8484828472137451,0.6979866027832031,True,100
syn-cora-h0.50-r1,LabelStratifiedKFold,4,3,GAT,101,117,17,0.8229217529296875,0.7382550239562988,0.8636530637741089,0.6744966506958008,True,100
syn-cora-h0.50-r1,LabelStratifiedKFold,4,4,GAT,101,116,16,0.8545664548873901,0.718120813369751,0.8311089873313904,0.7114093899726868,True,100
syn-cora-h0.50-r1,LabelStratifiedKFold,4,4,GAT,100,165,65,0.8596890568733215,0.6744966506958008,0.8163939714431763,0.7013422846794128,True,100
syn-cora-h0.50-r1,LabelStratifiedKFold,4,5,GAT,100,119,19,0.9290688633918762,0.6510066986083984,0.8479219079017639,0.7114093899726868,True,100
syn-cora-h0.50-r1,LabelStratifiedKFold,4,5,GAT,101,206,106,0.9409570097923279,0.6208053827285767,0.8713500499725342,0.6744966506958008,True,100
syn-cora-h0.50-r1,StratifiedKFoldDynamic_Degree_b300,4,2,GAT,101,119,19,0.8993315100669861,0.6510066986083984,0.8740445375442505,0.6912751793861389,True,100
syn-cora-h0.50-r1,StratifiedKFoldDynamic_Degree_b300,4,1,GAT,101,116,16,0.8471037149429321,0.681208074092865,0.87689608335495,0.6711409687995911,True,100
syn-cora-h0.50-r1,StratifiedKFoldDynamic_Degree_b300,4,2,GAT,100,119,19,0.9047630429267883,0.6375839114189148,0.8729272484779358,0.6610738039016724,True,100
syn-cora-h0.50-r1,StratifiedKFoldDynamic_Degree_b300,4,1,GAT,100,120,20,0.8511523604393005,0.681208074092865,0.8922417163848877,0.6845637559890747,True,100
syn-cora-h0.50-r1,StratifiedKFoldDynamic_Degree_b300,4,3,GAT,101,113,13,0.8926492929458618,0.6778523325920105,0.9087334871292114,0.6510066986083984,True,100
syn-cora-h0.50-r1,StratifiedKFoldDynamic_Degree_b300,4,3,GAT,100,120,20,0.8784568905830383,0.6577181220054626,0.9380971193313599,0.6409395933151245,True,100
syn-cora-h0.50-r1,StratifiedKFoldDynamic_Degree_b300,4,4,GAT,100,117,17,0.8454689979553223,0.6946308612823486,0.865607738494873,0.6778523325920105,True,100
syn-cora-h0.50-r1,StratifiedKFoldDynamic_Degree_b300,4,4,GAT,101,126,26,0.8646277189254761,0.708053708076477,0.8926441669464111,0.6744966506958008,True,100
syn-cora-h0.50-r1,StratifiedKFoldDynamic_Degree_b300,4,5,GAT,100,119,19,0.9060122966766357,0.6946308612823486,0.8627317547798157,0.6677852272987366,True,100
syn-cora-h0.50-r1,StratifiedKFoldDynamic_Degree_b300,4,5,GAT,101,114,14,0.9044979214668274,0.681208074092865,0.8775520920753479,0.6879194378852844,True,100
syn-cora-h0.50-r1,StratifiedKFoldDynamic_NeighHet_b300,4,2,GAT,101,114,14,0.8818362355232239,0.6711409687995911,0.8680421710014343,0.6979866027832031,True,100
syn-cora-h0.50-r1,StratifiedKFoldDynamic_NeighHet_b300,4,1,GAT,101,114,14,0.867645800113678,0.7013422846794128,0.8907992243766785,0.6778523325920105,True,100
syn-cora-h0.50-r1,StratifiedKFoldDynamic_NeighHet_b300,4,2,GAT,100,120,20,0.8579046726226807,0.6912751793861389,0.897451639175415,0.7147650718688965,True,100
syn-cora-h0.50-r1,StratifiedKFoldDynamic_NeighHet_b300,4,1,GAT,100,149,49,0.898749053478241,0.6442952752113342,0.8774365186691284,0.681208074092865,True,100
syn-cora-h0.50-r1,StratifiedKFoldDynamic_NeighHet_b300,4,3,GAT,101,118,18,0.8780890107154846,0.6510066986083984,0.890011191368103,0.6744966506958008,True,100
syn-cora-h0.50-r1,StratifiedKFoldDynamic_NeighHet_b300,4,3,GAT,100,119,19,0.9025284051895142,0.6241610646247864,0.879682183265686,0.6879194378852844,True,100
syn-cora-h0.50-r1,StratifiedKFoldDynamic_NeighHet_b300,4,4,GAT,100,123,23,0.8428349494934082,0.7114093899726868,0.9124531745910645,0.6510066986083984,True,100
syn-cora-h0.50-r1,StratifiedKFoldDynamic_NeighHet_b300,4,4,GAT,101,114,14,0.883508026599884,0.6744966506958008,0.9013726115226746,0.6644295454025269,True,100
syn-cora-h0.50-r1,StratifiedKFoldDynamic_NeighHet_b300,4,5,GAT,101,120,20,0.8941367864608765,0.6879194378852844,0.8714876174926758,0.6879194378852844,True,100
syn-cora-h0.50-r1,StratifiedKFoldDynamic_NeighHet_b300,4,5,GAT,100,143,43,0.8637924790382385,0.681208074092865,0.8725115656852722,0.6879194378852844,True,100
syn-cora-h0.50-r1,StratifiedKFoldDynamic_PageRank_b300,4,1,GAT,101,117,17,0.8949134349822998,0.6979866027832031,0.8481094241142273,0.708053708076477,True,100
syn-cora-h0.50-r1,StratifiedKFoldDynamic_PageRank_b300,4,2,GAT,100,119,19,0.8632047772407532,0.6711409687995911,0.8708692789077759,0.708053708076477,True,100
syn-cora-h0.50-r1,StratifiedKFoldDynamic_PageRank_b300,4,2,GAT,101,118,18,0.8866989612579346,0.6308724880218506,0.8645949363708496,0.7214764952659607,True,100
syn-cora-h0.50-r1,StratifiedKFoldDynamic_PageRank_b300,4,1,GAT,100,120,20,0.895007848739624,0.7114093899726868,0.815599799156189,0.7214764952659607,True,100
syn-cora-h0.50-r1,StratifiedKFoldDynamic_PageRank_b300,4,3,GAT,101,117,17,0.8397955298423767,0.708053708076477,0.9037940502166748,0.6711409687995911,True,100
syn-cora-h0.50-r1,StratifiedKFoldDynamic_PageRank_b300,4,4,GAT,101,116,16,0.8843647241592407,0.7214764952659607,0.8392424583435059,0.6879194378852844,True,100
syn-cora-h0.50-r1,StratifiedKFoldDynamic_PageRank_b300,4,4,GAT,100,120,20,0.8793081045150757,0.6946308612823486,0.8437983393669128,0.6510066986083984,True,100
syn-cora-h0.50-r1,StratifiedKFoldDynamic_PageRank_b300,4,3,GAT,100,246,146,0.8163344860076904,0.6845637559890747,0.9027612805366516,0.6442952752113342,True,100
syn-cora-h0.50-r1,StratifiedKFoldDynamic_PageRank_b300,4,5,GAT,100,229,129,0.7919511198997498,0.6979866027832031,0.912037193775177,0.6845637559890747,True,100
syn-cora-h0.50-r1,StratifiedKFoldDynamic_PageRank_b300,4,5,GAT,101,271,171,0.8028035759925842,0.6946308612823486,0.9129719734191895,0.681208074092865,True,100
syn-cora-h0.50-r1,StratifiedKFoldDynamic_EigCentrality_b300,4,2,GAT,100,117,17,0.9179191589355469,0.6510066986083984,0.8390763998031616,0.7046979665756226,True,100
syn-cora-h0.50-r1,StratifiedKFoldDynamic_EigCentrality_b300,4,2,GAT,101,117,17,0.935823917388916,0.6476510167121887,0.8418915867805481,0.6912751793861389,True,100
syn-cora-h0.50-r1,StratifiedKFoldDynamic_EigCentrality_b300,4,1,GAT,101,138,38,0.8225463032722473,0.7147650718688965,0.8863592743873596,0.6912751793861389,True,100
syn-cora-h0.50-r1,StratifiedKFoldDynamic_EigCentrality_b300,4,1,GAT,100,151,51,0.8083321452140808,0.6946308612823486,0.8802217841148376,0.6610738039016724,True,100
syn-cora-h0.50-r1,StratifiedKFoldDynamic_EigCentrality_b300,4,3,GAT,101,117,17,0.8651204109191895,0.7046979665756226,0.8966932892799377,0.6711409687995911,True,100
syn-cora-h0.50-r1,StratifiedKFoldDynamic_EigCentrality_b300,4,3,GAT,100,121,21,0.8554529547691345,0.6744966506958008,0.8817001581192017,0.7046979665756226,True,100
syn-cora-h0.50-r1,StratifiedKFoldDynamic_EigCentrality_b300,4,4,GAT,100,118,18,0.9227324724197388,0.6208053827285767,0.8717494606971741,0.6845637559890747,True,100
syn-cora-h0.50-r1,StratifiedKFoldDynamic_EigCentrality_b300,4,4,GAT,101,115,15,0.9175359606742859,0.6543624401092529,0.8869721293449402,0.708053708076477,True,100
syn-cora-h0.50-r1,StratifiedKFoldDynamic_EigCentrality_b300,4,5,GAT,101,114,14,0.8650842308998108,0.6744966506958008,0.917059063911438,0.6476510167121887,True,100
syn-cora-h0.50-r1,StratifiedKFoldDynamic_EigCentrality_b300,4,5,GAT,100,159,59,0.8491043448448181,0.6912751793861389,0.9440892338752747,0.6241610646247864,True,100
syn-cora-h0.50-r1,StratifiedKFoldDynamic_Clustering_b300,4,1,GAT,101,114,14,0.8560198545455933,0.718120813369751,0.8711415529251099,0.7013422846794128,True,100
syn-cora-h0.50-r1,StratifiedKFoldDynamic_Clustering_b300,4,2,GAT,100,123,23,0.9041543006896973,0.681208074092865,0.888683021068573,0.6744966506958008,True,100
syn-cora-h0.50-r1,StratifiedKFoldDynamic_Clustering_b300,4,2,GAT,101,124,24,0.9043676257133484,0.7046979665756226,0.9062393307685852,0.6879194378852844,True,100
syn-cora-h0.50-r1,StratifiedKFoldDynamic_Clustering_b300,4,3,GAT,100,115,15,0.9281657934188843,0.6476510167121887,0.8653523325920105,0.6946308612823486,True,100
syn-cora-h0.50-r1,StratifiedKFoldDynamic_Clustering_b300,4,3,GAT,101,116,16,0.8764370679855347,0.6744966506958008,0.8751979470252991,0.7013422846794128,True,100
syn-cora-h0.50-r1,StratifiedKFoldDynamic_Clustering_b300,4,4,GAT,100,127,27,0.8754714131355286,0.6912751793861389,0.921288013458252,0.6610738039016724,True,100
syn-cora-h0.50-r1,StratifiedKFoldDynamic_Clustering_b300,4,1,GAT,100,341,241,0.8458700776100159,0.7114093899726868,0.8896522521972656,0.6778523325920105,True,100
syn-cora-h0.50-r1,StratifiedKFoldDynamic_Clustering_b300,4,4,GAT,101,115,15,0.8820315599441528,0.6610738039016724,0.8988486528396606,0.6476510167121887,True,100
syn-cora-h0.50-r1,StratifiedKFoldDynamic_Clustering_b300,4,5,GAT,100,119,19,0.8908025026321411,0.6711409687995911,0.9133252501487732,0.6375839114189148,True,100
syn-cora-h0.50-r1,StratifiedKFoldDynamic_Clustering_b300,4,5,GAT,101,119,19,0.8835613131523132,0.6778523325920105,0.9140361547470093,0.6375839114189148,True,100
syn-cora-h0.60-r1,RandomKFold,0,2,GAT,101,115,15,0.7867634296417236,0.744966447353363,0.7261103391647339,0.7651006579399109,True,100
syn-cora-h0.60-r1,RandomKFold,0,2,GAT,100,119,19,0.7557836771011353,0.7348993420600891,0.6863899827003479,0.7651006579399109,True,100
syn-cora-h0.60-r1,RandomKFold,0,1,GAT,100,122,22,0.7028975486755371,0.7684563994407654,0.6729994416236877,0.7651006579399109,True,100
syn-cora-h0.60-r1,RandomKFold,0,1,GAT,101,230,130,0.724565863609314,0.7483221292495728,0.7033925652503967,0.744966447353363,True,100
syn-cora-h0.60-r1,RandomKFold,0,4,GAT,100,168,68,0.6795773506164551,0.7483221292495728,0.6469675302505493,0.7684563994407654,True,100
syn-cora-h0.60-r1,RandomKFold,0,3,GAT,101,174,74,0.6186225414276123,0.781879186630249,0.8374136090278625,0.7147650718688965,True,100
syn-cora-h0.60-r1,RandomKFold,0,3,GAT,100,221,121,0.6156262159347534,0.7751677632331848,0.8169713020324707,0.7114093899726868,True,100
syn-cora-h0.60-r1,RandomKFold,0,4,GAT,101,166,66,0.7034414410591125,0.7416107654571533,0.6445680260658264,0.7852349281311035,True,100
syn-cora-h0.60-r1,RandomKFold,0,5,GAT,100,216,116,0.6481198072433472,0.7684563994407654,0.673510730266571,0.7382550239562988,True,100
syn-cora-h0.60-r1,RandomKFold,0,5,GAT,101,289,189,0.6431055665016174,0.7483221292495728,0.703679084777832,0.7382550239562988,True,100
syn-cora-h0.60-r1,LabelStratifiedKFold,0,2,GAT,100,123,23,0.6802197694778442,0.7751677632331848,0.6586187481880188,0.7785235047340393,True,100
syn-cora-h0.60-r1,LabelStratifiedKFold,0,1,GAT,101,121,21,0.6984047293663025,0.7718120813369751,0.740660548210144,0.7516778707504272,True,100
syn-cora-h0.60-r1,LabelStratifiedKFold,0,1,GAT,100,121,21,0.655438244342804,0.7852349281311035,0.7314874529838562,0.7382550239562988,True,100
syn-cora-h0.60-r1,LabelStratifiedKFold,0,2,GAT,101,123,23,0.7457596659660339,0.7651006579399109,0.6771465539932251,0.7684563994407654,True,100
syn-cora-h0.60-r1,LabelStratifiedKFold,0,3,GAT,101,118,18,0.6046408414840698,0.818791925907135,0.7489073872566223,0.7651006579399109,True,100
syn-cora-h0.60-r1,LabelStratifiedKFold,0,4,GAT,100,120,20,0.6907793879508972,0.7583892345428467,0.6576377153396606,0.7785235047340393,True,100
syn-cora-h0.60-r1,LabelStratifiedKFold,0,4,GAT,101,196,96,0.6963660717010498,0.7315436005592346,0.6555489897727966,0.7751677632331848,True,100
syn-cora-h0.60-r1,LabelStratifiedKFold,0,3,GAT,100,201,101,0.6238621473312378,0.7617449760437012,0.7478360533714294,0.7416107654571533,True,100
syn-cora-h0.60-r1,LabelStratifiedKFold,0,5,GAT,101,115,15,0.7435068488121033,0.7516778707504272,0.7413827776908875,0.7248322367668152,True,100
syn-cora-h0.60-r1,LabelStratifiedKFold,0,5,GAT,100,118,18,0.7566422820091248,0.7382550239562988,0.7242880463600159,0.7583892345428467,True,100
syn-cora-h0.60-r1,StratifiedKFoldDynamic_Degree_b300,0,1,GAT,100,118,18,0.7174838781356812,0.7382550239562988,0.6671056151390076,0.791946291923523,True,100
syn-cora-h0.60-r1,StratifiedKFoldDynamic_Degree_b300,0,1,GAT,101,115,15,0.7335813045501709,0.7416107654571533,0.7291504740715027,0.7483221292495728,True,100
syn-cora-h0.60-r1,StratifiedKFoldDynamic_Degree_b300,0,3,GAT,100,117,17,0.7538078427314758,0.7248322367668152,0.6361182332038879,0.8020133972167969,True,100
syn-cora-h0.60-r1,StratifiedKFoldDynamic_Degree_b300,0,3,GAT,101,121,21,0.7253307104110718,0.7416107654571533,0.6435509920120239,0.8087248206138611,True,100
syn-cora-h0.60-r1,StratifiedKFoldDynamic_Degree_b300,0,2,GAT,100,269,169,0.5982778668403625,0.8020133972167969,0.7555301189422607,0.744966447353363,True,100
syn-cora-h0.60-r1,StratifiedKFoldDynamic_Degree_b300,0,2,GAT,101,364,264,0.598969042301178,0.8120805621147156,0.7377690672874451,0.7248322367668152,True,100
syn-cora-h0.60-r1,StratifiedKFoldDynamic_Degree_b300,0,4,GAT,100,167,67,0.6178344488143921,0.781879186630249,0.7145862579345703,0.744966447353363,True,100
syn-cora-h0.60-r1,StratifiedKFoldDynamic_Degree_b300,0,5,GAT,100,152,52,0.658154308795929,0.7684563994407654,0.6603357791900635,0.7583892345428467,True,100
syn-cora-h0.60-r1,StratifiedKFoldDynamic_Degree_b300,0,4,GAT,101,203,103,0.6286326050758362,0.7718120813369751,0.7192202806472778,0.7382550239562988,True,100
syn-cora-h0.60-r1,StratifiedKFoldDynamic_Degree_b300,0,5,GAT,101,259,159,0.680520236492157,0.755033552646637,0.7122284173965454,0.7382550239562988,True,100
syn-cora-h0.60-r1,StratifiedKFoldDynamic_NeighHet_b300,0,1,GAT,100,120,20,0.641633927822113,0.8087248206138611,0.669410228729248,0.7785235047340393,True,100
syn-cora-h0.60-r1,StratifiedKFoldDynamic_NeighHet_b300,0,1,GAT,101,167,67,0.6577709913253784,0.7751677632331848,0.7059614062309265,0.7147650718688965,True,100
syn-cora-h0.60-r1,StratifiedKFoldDynamic_NeighHet_b300,0,2,GAT,101,174,74,0.7258998155593872,0.7483221292495728,0.6923753619194031,0.7651006579399109,True,100
syn-cora-h0.60-r1,StratifiedKFoldDynamic_NeighHet_b300,0,2,GAT,100,195,95,0.7308194637298584,0.7348993420600891,0.7051252126693726,0.7751677632331848,True,100
syn-cora-h0.60-r1,StratifiedKFoldDynamic_NeighHet_b300,0,3,GAT,100,165,65,0.6609677076339722,0.7583892345428467,0.7458334565162659,0.7248322367668152,True,100
syn-cora-h0.60-r1,StratifiedKFoldDynamic_NeighHet_b300,0,3,GAT,101,120,20,0.666519045829773,0.7785235047340393,0.742047905921936,0.7483221292495728,True,100
syn-cora-h0.60-r1,StratifiedKFoldDynamic_NeighHet_b300,0,4,GAT,100,124,24,0.6774830222129822,0.7651006579399109,0.7108300924301147,0.7651006579399109,True,100
syn-cora-h0.60-r1,StratifiedKFoldDynamic_NeighHet_b300,0,4,GAT,101,188,88,0.6844581365585327,0.7382550239562988,0.723588764667511,0.7583892345428467,True,100
syn-cora-h0.60-r1,StratifiedKFoldDynamic_NeighHet_b300,0,5,GAT,100,118,18,0.678429901599884,0.7516778707504272,0.6679074168205261,0.7416107654571533,True,100
syn-cora-h0.60-r1,StratifiedKFoldDynamic_NeighHet_b300,0,5,GAT,101,120,20,0.6992403864860535,0.7516778707504272,0.6929781436920166,0.7483221292495728,True,100
syn-cora-h0.60-r1,StratifiedKFoldDynamic_PageRank_b300,0,1,GAT,101,121,21,0.7076655626296997,0.7583892345428467,0.7351486682891846,0.7651006579399109,True,100
syn-cora-h0.60-r1,StratifiedKFoldDynamic_PageRank_b300,0,2,GAT,101,122,22,0.666056215763092,0.7718120813369751,0.717460572719574,0.7483221292495728,True,100
syn-cora-h0.60-r1,StratifiedKFoldDynamic_PageRank_b300,0,1,GAT,100,154,54,0.6763471961021423,0.744966447353363,0.7075921297073364,0.7617449760437012,True,100
syn-cora-h0.60-r1,StratifiedKFoldDynamic_PageRank_b300,0,2,GAT,100,260,160,0.6742933392524719,0.7483221292495728,0.7348169684410095,0.7416107654571533,True,100
syn-cora-h0.60-r1,StratifiedKFoldDynamic_PageRank_b300,0,4,GAT,100,120,20,0.6784349679946899,0.7583892345428467,0.6648100018501282,0.791946291923523,True,100
syn-cora-h0.60-r1,StratifiedKFoldDynamic_PageRank_b300,0,3,GAT,100,162,62,0.6225847005844116,0.7885906100273132,0.7013777494430542,0.7516778707504272,True,100
syn-cora-h0.60-r1,StratifiedKFoldDynamic_PageRank_b300,0,3,GAT,101,258,158,0.6453896164894104,0.7785235047340393,0.7119751572608948,0.7348993420600891,True,100
syn-cora-h0.60-r1,StratifiedKFoldDynamic_PageRank_b300,0,5,GAT,100,121,21,0.6588106155395508,0.7684563994407654,0.6709578633308411,0.7718120813369751,True,100
syn-cora-h0.60-r1,StratifiedKFoldDynamic_PageRank_b300,0,4,GAT,101,165,65,0.6723920106887817,0.7583892345428467,0.6761488914489746,0.7583892345428467,True,100
syn-cora-h0.60-r1,StratifiedKFoldDynamic_PageRank_b300,0,5,GAT,101,199,99,0.7061018943786621,0.7281879186630249,0.6848503351211548,0.7248322367668152,True,100
syn-cora-h0.60-r1,StratifiedKFoldDynamic_EigCentrality_b300,0,2,GAT,100,118,18,0.676810622215271,0.7617449760437012,0.6446134448051453,0.7651006579399109,True,100
syn-cora-h0.60-r1,StratifiedKFoldDynamic_EigCentrality_b300,0,2,GAT,101,122,22,0.6671622395515442,0.781879186630249,0.6435093283653259,0.7885906100273132,True,100
syn-cora-h0.60-r1,StratifiedKFoldDynamic_EigCentrality_b300,0,1,GAT,100,208,108,0.6217247843742371,0.7751677632331848,0.7331989407539368,0.7382550239562988,True,100
syn-cora-h0.60-r1,StratifiedKFoldDynamic_EigCentrality_b300,0,1,GAT,101,218,118,0.6163914799690247,0.781879186630249,0.7344492673873901,0.744966447353363,True,100
syn-cora-h0.60-r1,StratifiedKFoldDynamic_EigCentrality_b300,0,3,GAT,100,192,92,0.6878741383552551,0.7885906100273132,0.6663172245025635,0.7684563994407654,True,100
syn-cora-h0.60-r1,StratifiedKFoldDynamic_EigCentrality_b300,0,4,GAT,100,118,18,0.6822047829627991,0.7516778707504272,0.7006765604019165,0.7583892345428467,True,100
syn-cora-h0.60-r1,StratifiedKFoldDynamic_EigCentrality_b300,0,4,GAT,101,124,24,0.6579155325889587,0.7651006579399109,0.7430935502052307,0.7516778707504272,True,100
syn-cora-h0.60-r1,StratifiedKFoldDynamic_EigCentrality_b300,0,3,GAT,101,310,210,0.6987206339836121,0.7751677632331848,0.7023186087608337,0.7751677632331848,True,100
syn-cora-h0.60-r1,StratifiedKFoldDynamic_EigCentrality_b300,0,5,GAT,101,201,101,0.6826034784317017,0.7718120813369751,0.6951851844787598,0.755033552646637,True,100
syn-cora-h0.60-r1,StratifiedKFoldDynamic_EigCentrality_b300,0,5,GAT,100,254,154,0.6857178807258606,0.7718120813369751,0.7258443832397461,0.7382550239562988,True,100
syn-cora-h0.60-r1,StratifiedKFoldDynamic_Clustering_b300,0,2,GAT,101,122,22,0.6855899095535278,0.7718120813369751,0.6869493722915649,0.744966447353363,True,100
syn-cora-h0.60-r1,StratifiedKFoldDynamic_Clustering_b300,0,2,GAT,100,162,62,0.6781221032142639,0.7651006579399109,0.7167408466339111,0.7651006579399109,True,100
syn-cora-h0.60-r1,StratifiedKFoldDynamic_Clustering_b300,0,1,GAT,100,179,79,0.7026806473731995,0.7483221292495728,0.6751575469970703,0.7785235047340393,True,100
syn-cora-h0.60-r1,StratifiedKFoldDynamic_Clustering_b300,0,3,GAT,100,124,24,0.7134891152381897,0.744966447353363,0.706279993057251,0.755033552646637,True,100
syn-cora-h0.60-r1,StratifiedKFoldDynamic_Clustering_b300,0,1,GAT,101,250,150,0.6706265211105347,0.7348993420600891,0.6999132037162781,0.7718120813369751,True,100
syn-cora-h0.60-r1,StratifiedKFoldDynamic_Clustering_b300,0,3,GAT,101,137,37,0.7313779592514038,0.7583892345428467,0.71360844373703,0.744966447353363,True,100
syn-cora-h0.60-r1,StratifiedKFoldDynamic_Clustering_b300,0,5,GAT,100,123,23,0.6856317520141602,0.7953020334243774,0.6792523264884949,0.755033552646637,True,100
syn-cora-h0.60-r1,StratifiedKFoldDynamic_Clustering_b300,0,4,GAT,100,231,131,0.6533064842224121,0.744966447353363,0.7309485673904419,0.7382550239562988,True,100
syn-cora-h0.60-r1,StratifiedKFoldDynamic_Clustering_b300,0,5,GAT,101,118,18,0.7231802940368652,0.7617449760437012,0.7162726521492004,0.7382550239562988,True,100
syn-cora-h0.60-r1,StratifiedKFoldDynamic_Clustering_b300,0,4,GAT,101,216,116,0.6714248061180115,0.7583892345428467,0.7573843002319336,0.7248322367668152,True,100
syn-cora-h0.60-r1,RandomKFold,1,2,GAT,100,119,19,0.6880462765693665,0.7718120813369751,0.6615765690803528,0.791946291923523,True,100
syn-cora-h0.60-r1,RandomKFold,1,2,GAT,101,163,63,0.6710588335990906,0.7617449760437012,0.6913005709648132,0.7348993420600891,True,100
syn-cora-h0.60-r1,RandomKFold,1,1,GAT,101,184,84,0.6311600208282471,0.7885906100273132,0.6556835174560547,0.7617449760437012,True,100
syn-cora-h0.60-r1,RandomKFold,1,3,GAT,100,119,19,0.7266578078269958,0.7382550239562988,0.7008821964263916,0.7718120813369751,True,100
syn-cora-h0.60-r1,RandomKFold,1,1,GAT,100,274,174,0.6169206500053406,0.7617449760437012,0.6570563912391663,0.7684563994407654,True,100
syn-cora-h0.60-r1,RandomKFold,1,3,GAT,101,117,17,0.7260346412658691,0.7583892345428467,0.6956996321678162,0.755033552646637,True,100
syn-cora-h0.60-r1,RandomKFold,1,4,GAT,101,121,21,0.6669983863830566,0.7718120813369751,0.7061144709587097,0.781879186630249,True,100
syn-cora-h0.60-r1,RandomKFold,1,5,GAT,100,120,20,0.6695449352264404,0.7718120813369751,0.6691202521324158,0.7651006579399109,True,100
syn-cora-h0.60-r1,RandomKFold,1,5,GAT,101,120,20,0.6851738095283508,0.7684563994407654,0.7027526497840881,0.7583892345428467,True,100
syn-cora-h0.60-r1,RandomKFold,1,4,GAT,100,256,156,0.6512808203697205,0.7651006579399109,0.7169657945632935,0.7348993420600891,True,100
syn-cora-h0.60-r1,LabelStratifiedKFold,1,2,GAT,101,120,20,0.7606784105300903,0.7416107654571533,0.697160005569458,0.7483221292495728,True,100
syn-cora-h0.60-r1,LabelStratifiedKFold,1,2,GAT,100,165,65,0.7462685704231262,0.718120813369751,0.6357651948928833,0.755033552646637,True,100
syn-cora-h0.60-r1,LabelStratifiedKFold,1,1,GAT,100,167,67,0.6188425421714783,0.7751677632331848,0.7122514247894287,0.7651006579399109,True,100
syn-cora-h0.60-r1,LabelStratifiedKFold,1,3,GAT,100,119,19,0.6524115204811096,0.7785235047340393,0.7671539187431335,0.7348993420600891,True,100
syn-cora-h0.60-r1,LabelStratifiedKFold,1,1,GAT,101,297,197,0.6323032379150391,0.7416107654571533,0.7375633120536804,0.7718120813369751,True,100
syn-cora-h0.60-r1,LabelStratifiedKFold,1,3,GAT,101,215,115,0.6455941200256348,0.7348993420600891,0.8012446165084839,0.7281879186630249,True,100
syn-cora-h0.60-r1,LabelStratifiedKFold,1,4,GAT,100,241,141,0.5760103464126587,0.8087248206138611,0.6751692891120911,0.7483221292495728,True,100
syn-cora-h0.60-r1,LabelStratifiedKFold,1,5,GAT,100,118,18,0.6985206604003906,0.7684563994407654,0.6086118817329407,0.8154362440109253,True,100
syn-cora-h0.60-r1,LabelStratifiedKFold,1,4,GAT,101,181,81,0.5742398500442505,0.8120805621147156,0.6740542054176331,0.7684563994407654,True,100
syn-cora-h0.60-r1,LabelStratifiedKFold,1,5,GAT,101,121,21,0.746659517288208,0.7651006579399109,0.5969603061676025,0.8255033493041992,True,100
syn-cora-h0.60-r1,StratifiedKFoldDynamic_Degree_b300,1,2,GAT,101,121,21,0.7088332176208496,0.7583892345428467,0.688864529132843,0.7684563994407654,True,100
syn-cora-h0.60-r1,StratifiedKFoldDynamic_Degree_b300,1,2,GAT,100,123,23,0.7047498822212219,0.7516778707504272,0.6661734580993652,0.7483221292495728,True,100
syn-cora-h0.60-r1,StratifiedKFoldDynamic_Degree_b300,1,1,GAT,100,198,98,0.6525554060935974,0.7684563994407654,0.6938534379005432,0.7382550239562988,True,100
syn-cora-h0.60-r1,StratifiedKFoldDynamic_Degree_b300,1,1,GAT,101,238,138,0.6864824295043945,0.7348993420600891,0.7095188498497009,0.7348993420600891,True,100
syn-cora-h0.60-r1,StratifiedKFoldDynamic_Degree_b300,1,3,GAT,100,121,21,0.6617588996887207,0.7751677632331848,0.6977599859237671,0.7583892345428467,True,100
syn-cora-h0.60-r1,StratifiedKFoldDynamic_Degree_b300,1,3,GAT,101,121,21,0.6733356714248657,0.7583892345428467,0.6932610869407654,0.7751677632331848,True,100
syn-cora-h0.60-r1,StratifiedKFoldDynamic_Degree_b300,1,4,GAT,100,119,19,0.7110735177993774,0.7785235047340393,0.6764150857925415,0.7617449760437012,True,100
syn-cora-h0.60-r1,StratifiedKFoldDynamic_Degree_b300,1,4,GAT,101,181,81,0.7307164669036865,0.7751677632331848,0.7003223299980164,0.6979866027832031,True,100
syn-cora-h0.60-r1,StratifiedKFoldDynamic_Degree_b300,1,5,GAT,101,197,97,0.6402385830879211,0.7684563994407654,0.7716862559318542,0.7416107654571533,True,100
syn-cora-h0.60-r1,StratifiedKFoldDynamic_Degree_b300,1,5,GAT,100,222,122,0.6178741455078125,0.7885906100273132,0.7957406044006348,0.7416107654571533,True,100
syn-cora-h0.60-r1,StratifiedKFoldDynamic_NeighHet_b300,1,1,GAT,100,122,22,0.7190444469451904,0.7483221292495728,0.6980579495429993,0.7281879186630249,True,100
syn-cora-h0.60-r1,StratifiedKFoldDynamic_NeighHet_b300,1,2,GAT,100,150,50,0.6468750834465027,0.7751677632331848,0.7287127375602722,0.7348993420600891,True,100
syn-cora-h0.60-r1,StratifiedKFoldDynamic_NeighHet_b300,1,2,GAT,101,167,67,0.6499522924423218,0.781879186630249,0.7290515303611755,0.7248322367668152,True,100
syn-cora-h0.60-r1,StratifiedKFoldDynamic_NeighHet_b300,1,1,GAT,101,207,107,0.7046763300895691,0.7416107654571533,0.7014310956001282,0.7348993420600891,True,100
syn-cora-h0.60-r1,StratifiedKFoldDynamic_NeighHet_b300,1,3,GAT,100,121,21,0.6614971160888672,0.7583892345428467,0.6867560744285583,0.7852349281311035,True,100
syn-cora-h0.60-r1,StratifiedKFoldDynamic_NeighHet_b300,1,4,GAT,100,122,22,0.6784910559654236,0.7953020334243774,0.6748281717300415,0.7651006579399109,True,100
syn-cora-h0.60-r1,StratifiedKFoldDynamic_NeighHet_b300,1,3,GAT,101,189,89,0.6841883063316345,0.7483221292495728,0.6809656023979187,0.7382550239562988,True,100
syn-cora-h0.60-r1,StratifiedKFoldDynamic_NeighHet_b300,1,4,GAT,101,138,38,0.7113550901412964,0.755033552646637,0.6868992447853088,0.7852349281311035,True,100
syn-cora-h0.60-r1,StratifiedKFoldDynamic_NeighHet_b300,1,5,GAT,100,192,92,0.6857617497444153,0.7516778707504272,0.6953348517417908,0.7315436005592346,True,100
syn-cora-h0.60-r1,StratifiedKFoldDynamic_NeighHet_b300,1,5,GAT,101,292,192,0.6844731569290161,0.7516778707504272,0.7239741086959839,0.7315436005592346,True,100
syn-cora-h0.60-r1,StratifiedKFoldDynamic_PageRank_b300,1,2,GAT,101,116,16,0.688625693321228,0.7583892345428467,0.6757966876029968,0.791946291923523,True,100
syn-cora-h0.60-r1,StratifiedKFoldDynamic_PageRank_b300,1,2,GAT,100,123,23,0.6924853920936584,0.7416107654571533,0.663024365901947,0.7718120813369751,True,100
syn-cora-h0.60-r1,StratifiedKFoldDynamic_PageRank_b300,1,1,GAT,101,184,84,0.6563044190406799,0.7852349281311035,0.7270581126213074,0.7315436005592346,True,100
syn-cora-h0.60-r1,StratifiedKFoldDynamic_PageRank_b300,1,1,GAT,100,200,100,0.6654800176620483,0.781879186630249,0.7381457686424255,0.7248322367668152,True,100
syn-cora-h0.60-r1,StratifiedKFoldDynamic_PageRank_b300,1,3,GAT,100,119,19,0.6624118089675903,0.7516778707504272,0.6830481290817261,0.7785235047340393,True,100
syn-cora-h0.60-r1,StratifiedKFoldDynamic_PageRank_b300,1,4,GAT,101,117,17,0.7136011719703674,0.7651006579399109,0.7161837220191956,0.7483221292495728,True,100
syn-cora-h0.60-r1,StratifiedKFoldDynamic_PageRank_b300,1,5,GAT,100,119,19,0.674226701259613,0.781879186630249,0.6937367916107178,0.7751677632331848,True,100
syn-cora-h0.60-r1,StratifiedKFoldDynamic_PageRank_b300,1,3,GAT,101,257,157,0.6797552704811096,0.7583892345428467,0.7180101275444031,0.7416107654571533,True,100
syn-cora-h0.60-r1,StratifiedKFoldDynamic_PageRank_b300,1,4,GAT,100,215,115,0.6939545273780823,0.7483221292495728,0.6920320391654968,0.744966447353363,True,100
syn-cora-h0.60-r1,StratifiedKFoldDynamic_PageRank_b300,1,5,GAT,101,121,21,0.7183496952056885,0.7651006579399109,0.7090643048286438,0.7785235047340393,True,100
syn-cora-h0.60-r1,StratifiedKFoldDynamic_EigCentrality_b300,1,1,GAT,100,118,18,0.6166945099830627,0.8020133972167969,0.7497979998588562,0.7416107654571533,True,100
syn-cora-h0.60-r1,StratifiedKFoldDynamic_EigCentrality_b300,1,2,GAT,101,186,86,0.6057414412498474,0.8053691387176514,0.6589192748069763,0.7684563994407654,True,100
syn-cora-h0.60-r1,StratifiedKFoldDynamic_EigCentrality_b300,1,1,GAT,101,220,120,0.6376544237136841,0.7785235047340393,0.7989576458930969,0.7046979665756226,True,100
syn-cora-h0.60-r1,StratifiedKFoldDynamic_EigCentrality_b300,1,3,GAT,101,118,18,0.6834447979927063,0.7751677632331848,0.670395016670227,0.755033552646637,True,100
syn-cora-h0.60-r1,StratifiedKFoldDynamic_EigCentrality_b300,1,3,GAT,100,195,95,0.7060599327087402,0.7382550239562988,0.6209275126457214,0.7751677632331848,True,100
syn-cora-h0.60-r1,StratifiedKFoldDynamic_EigCentrality_b300,1,4,GAT,100,121,21,0.709450364112854,0.7483221292495728,0.6931382417678833,0.7684563994407654,True,100
syn-cora-h0.60-r1,StratifiedKFoldDynamic_EigCentrality_b300,1,4,GAT,101,121,21,0.7081496715545654,0.7751677632331848,0.6527943015098572,0.791946291923523,True,100
syn-cora-h0.60-r1,StratifiedKFoldDynamic_EigCentrality_b300,1,5,GAT,101,137,37,0.7760860919952393,0.7348993420600891,0.7600598335266113,0.7516778707504272,True,100
syn-cora-h0.60-r1,StratifiedKFoldDynamic_EigCentrality_b300,1,2,GAT,100,534,434,0.5994965434074402,0.7852349281311035,0.6691114902496338,0.7583892345428467,True,100
syn-cora-h0.60-r1,StratifiedKFoldDynamic_EigCentrality_b300,1,5,GAT,100,238,138,0.7534526586532593,0.708053708076477,0.7870381474494934,0.708053708076477,True,100
syn-cora-h0.60-r1,StratifiedKFoldDynamic_Clustering_b300,1,2,GAT,100,169,69,0.6543444395065308,0.755033552646637,0.6337383985519409,0.7852349281311035,True,100
syn-cora-h0.60-r1,StratifiedKFoldDynamic_Clustering_b300,1,1,GAT,100,179,79,0.6287641525268555,0.781879186630249,0.7190764546394348,0.7516778707504272,True,100
syn-cora-h0.60-r1,StratifiedKFoldDynamic_Clustering_b300,1,2,GAT,101,206,106,0.6561839580535889,0.7651006579399109,0.6607858538627625,0.7684563994407654,True,100
syn-cora-h0.60-r1,StratifiedKFoldDynamic_Clustering_b300,1,1,GAT,101,227,127,0.6435203552246094,0.7718120813369751,0.7098800539970398,0.755033552646637,True,100
syn-cora-h0.60-r1,StratifiedKFoldDynamic_Clustering_b300,1,4,GAT,100,124,24,0.6905122995376587,0.7751677632331848,0.6851568818092346,0.7718120813369751,True,100
syn-cora-h0.60-r1,StratifiedKFoldDynamic_Clustering_b300,1,3,GAT,100,176,76,0.6975606083869934,0.7583892345428467,0.6768136024475098,0.7382550239562988,True,100
syn-cora-h0.60-r1,StratifiedKFoldDynamic_Clustering_b300,1,3,GAT,101,178,78,0.7082744240760803,0.7583892345428467,0.6691030859947205,0.7483221292495728,True,100
syn-cora-h0.60-r1,StratifiedKFoldDynamic_Clustering_b300,1,4,GAT,101,176,76,0.7226139903068542,0.7516778707504272,0.695610523223877,0.7651006579399109,True,100
syn-cora-h0.60-r1,StratifiedKFoldDynamic_Clustering_b300,1,5,GAT,100,117,17,0.6977084875106812,0.7617449760437012,0.7356593608856201,0.7617449760437012,True,100
syn-cora-h0.60-r1,StratifiedKFoldDynamic_Clustering_b300,1,5,GAT,101,125,25,0.7082908749580383,0.7583892345428467,0.7538036108016968,0.7483221292495728,True,100
syn-cora-h0.60-r1,RandomKFold,2,2,GAT,100,121,21,0.66603684425354,0.781879186630249,0.6336185336112976,0.7751677632331848,True,100
syn-cora-h0.60-r1,RandomKFold,2,1,GAT,100,124,24,0.6291869878768921,0.7953020334243774,0.6271674036979675,0.791946291923523,True,100
syn-cora-h0.60-r1,RandomKFold,2,3,GAT,101,120,20,0.7889135479927063,0.7348993420600891,0.6787024140357971,0.755033552646637,True,100
syn-cora-h0.60-r1,RandomKFold,2,2,GAT,101,248,148,0.6699582934379578,0.7483221292495728,0.637825071811676,0.7718120813369751,True,100
syn-cora-h0.60-r1,RandomKFold,2,3,GAT,100,157,57,0.764752984046936,0.7147650718688965,0.6627142429351807,0.7684563994407654,True,100
syn-cora-h0.60-r1,RandomKFold,2,1,GAT,101,338,238,0.6462937593460083,0.7852349281311035,0.6931466460227966,0.744966447353363,True,100
syn-cora-h0.60-r1,RandomKFold,2,4,GAT,101,124,24,0.6651929616928101,0.7785235047340393,0.7826234698295593,0.7214764952659607,True,100
syn-cora-h0.60-r1,RandomKFold,2,4,GAT,100,202,102,0.6750050783157349,0.7718120813369751,0.8401681780815125,0.708053708076477,True,100
syn-cora-h0.60-r1,RandomKFold,2,5,GAT,100,245,145,0.6251586675643921,0.7718120813369751,0.6897725462913513,0.7718120813369751,True,100
syn-cora-h0.60-r1,RandomKFold,2,5,GAT,101,284,184,0.6458454132080078,0.7751677632331848,0.7131211161613464,0.7684563994407654,True,100
syn-cora-h0.60-r1,LabelStratifiedKFold,2,1,GAT,100,121,21,0.689699649810791,0.7516778707504272,0.6329249143600464,0.7617449760437012,True,100
syn-cora-h0.60-r1,LabelStratifiedKFold,2,2,GAT,100,122,22,0.6242063045501709,0.781879186630249,0.6787789463996887,0.7785235047340393,True,100
syn-cora-h0.60-r1,LabelStratifiedKFold,2,1,GAT,101,167,67,0.7014543414115906,0.7516778707504272,0.6435354948043823,0.7718120813369751,True,100
syn-cora-h0.60-r1,LabelStratifiedKFold,2,3,GAT,100,119,19,0.7539376616477966,0.7483221292495728,0.6501543521881104,0.7751677632331848,True,100
syn-cora-h0.60-r1,LabelStratifiedKFold,2,3,GAT,101,125,25,0.716040313243866,0.755033552646637,0.6592093706130981,0.7684563994407654,True,100
syn-cora-h0.60-r1,LabelStratifiedKFold,2,2,GAT,101,283,183,0.6505295038223267,0.7785235047340393,0.6802176833152771,0.7483221292495728,True,100
syn-cora-h0.60-r1,LabelStratifiedKFold,2,5,GAT,100,118,18,0.6627600789070129,0.7651006579399109,0.7184852361679077,0.7416107654571533,True,100
syn-cora-h0.60-r1,LabelStratifiedKFold,2,4,GAT,100,202,102,0.6457164287567139,0.7852349281311035,0.7372058033943176,0.7315436005592346,True,100
syn-cora-h0.60-r1,LabelStratifiedKFold,2,5,GAT,101,174,74,0.6772242188453674,0.744966447353363,0.7354568243026733,0.7315436005592346,True,100
syn-cora-h0.60-r1,LabelStratifiedKFold,2,4,GAT,101,267,167,0.6668673157691956,0.7583892345428467,0.7369250059127808,0.7315436005592346,True,100
syn-cora-h0.60-r1,StratifiedKFoldDynamic_Degree_b300,2,1,GAT,100,122,22,0.6135841012001038,0.7885906100273132,0.7202164530754089,0.7617449760437012,True,100
syn-cora-h0.60-r1,StratifiedKFoldDynamic_Degree_b300,2,2,GAT,101,116,16,0.6485454440116882,0.7885906100273132,0.6595160961151123,0.781879186630249,True,100
syn-cora-h0.60-r1,StratifiedKFoldDynamic_Degree_b300,2,1,GAT,101,125,25,0.6258019208908081,0.791946291923523,0.7388792634010315,0.7583892345428467,True,100
syn-cora-h0.60-r1,StratifiedKFoldDynamic_Degree_b300,2,2,GAT,100,175,75,0.6468600034713745,0.7953020334243774,0.6470922827720642,0.7651006579399109,True,100
syn-cora-h0.60-r1,StratifiedKFoldDynamic_Degree_b300,2,3,GAT,100,118,18,0.6865251660346985,0.7583892345428467,0.6448835134506226,0.7953020334243774,True,100
syn-cora-h0.60-r1,StratifiedKFoldDynamic_Degree_b300,2,3,GAT,101,115,15,0.7321248054504395,0.7516778707504272,0.642994225025177,0.7885906100273132,True,100
syn-cora-h0.60-r1,StratifiedKFoldDynamic_Degree_b300,2,4,GAT,100,121,21,0.6698893904685974,0.8020133972167969,0.6925647854804993,0.7617449760437012,True,100
syn-cora-h0.60-r1,StratifiedKFoldDynamic_Degree_b300,2,4,GAT,101,120,20,0.6648412346839905,0.7684563994407654,0.7548017501831055,0.7315436005592346,True,100
syn-cora-h0.60-r1,StratifiedKFoldDynamic_Degree_b300,2,5,GAT,101,186,86,0.7048748731613159,0.755033552646637,0.6566050052642822,0.7885906100273132,True,100
syn-cora-h0.60-r1,StratifiedKFoldDynamic_Degree_b300,2,5,GAT,100,188,88,0.676692545413971,0.7382550239562988,0.6997817754745483,0.7651006579399109,True,100
syn-cora-h0.60-r1,StratifiedKFoldDynamic_NeighHet_b300,2,1,GAT,100,176,76,0.6803456544876099,0.7516778707504272,0.7109518051147461,0.755033552646637,True,100
syn-cora-h0.60-r1,StratifiedKFoldDynamic_NeighHet_b300,2,1,GAT,101,179,79,0.6792662739753723,0.7382550239562988,0.7395877242088318,0.7617449760437012,True,100
syn-cora-h0.60-r1,StratifiedKFoldDynamic_NeighHet_b300,2,2,GAT,101,229,129,0.6684646606445312,0.7651006579399109,0.7090039849281311,0.7281879186630249,True,100
syn-cora-h0.60-r1,StratifiedKFoldDynamic_NeighHet_b300,2,2,GAT,100,269,169,0.6796549558639526,0.7382550239562988,0.6641144156455994,0.7516778707504272,True,100
syn-cora-h0.60-r1,StratifiedKFoldDynamic_NeighHet_b300,2,3,GAT,100,128,28,0.7114282846450806,0.7684563994407654,0.7034448981285095,0.7516778707504272,True,100
syn-cora-h0.60-r1,StratifiedKFoldDynamic_NeighHet_b300,2,3,GAT,101,122,22,0.7166634798049927,0.7651006579399109,0.7168905735015869,0.7583892345428467,True,100
syn-cora-h0.60-r1,StratifiedKFoldDynamic_NeighHet_b300,2,4,GAT,100,165,65,0.6262590885162354,0.7953020334243774,0.7321841716766357,0.7315436005592346,True,100
syn-cora-h0.60-r1,StratifiedKFoldDynamic_NeighHet_b300,2,5,GAT,100,121,21,0.6880185604095459,0.7718120813369751,0.6465944051742554,0.791946291923523,True,100
syn-cora-h0.60-r1,StratifiedKFoldDynamic_NeighHet_b300,2,5,GAT,101,122,22,0.6971169710159302,0.7684563994407654,0.6596226096153259,0.8053691387176514,True,100
syn-cora-h0.60-r1,StratifiedKFoldDynamic_NeighHet_b300,2,4,GAT,101,189,89,0.6224498748779297,0.7852349281311035,0.7477942705154419,0.7348993420600891,True,100
syn-cora-h0.60-r1,StratifiedKFoldDynamic_PageRank_b300,2,1,GAT,100,118,18,0.6363100409507751,0.7617449760437012,0.7121242880821228,0.7684563994407654,True,100
syn-cora-h0.60-r1,StratifiedKFoldDynamic_PageRank_b300,2,1,GAT,101,120,20,0.6957435011863708,0.7248322367668152,0.708167552947998,0.7651006579399109,True,100
syn-cora-h0.60-r1,StratifiedKFoldDynamic_PageRank_b300,2,2,GAT,100,190,90,0.6488509178161621,0.7785235047340393,0.6619229912757874,0.7483221292495728,True,100
syn-cora-h0.60-r1,StratifiedKFoldDynamic_PageRank_b300,2,2,GAT,101,240,140,0.6597021818161011,0.7583892345428467,0.7178776860237122,0.7416107654571533,True,100
syn-cora-h0.60-r1,StratifiedKFoldDynamic_PageRank_b300,2,3,GAT,100,167,67,0.6369028091430664,0.791946291923523,0.6946587562561035,0.7583892345428467,True,100
syn-cora-h0.60-r1,StratifiedKFoldDynamic_PageRank_b300,2,4,GAT,100,122,22,0.6960389614105225,0.744966447353363,0.6857514381408691,0.7684563994407654,True,100
syn-cora-h0.60-r1,StratifiedKFoldDynamic_PageRank_b300,2,4,GAT,101,120,20,0.6978855133056641,0.7684563994407654,0.6794431805610657,0.7785235047340393,True,100
syn-cora-h0.60-r1,StratifiedKFoldDynamic_PageRank_b300,2,3,GAT,101,263,163,0.6535313129425049,0.7953020334243774,0.7268582582473755,0.7483221292495728,True,100
syn-cora-h0.60-r1,StratifiedKFoldDynamic_PageRank_b300,2,5,GAT,101,117,17,0.7249444723129272,0.7684563994407654,0.7054007053375244,0.7684563994407654,True,100
syn-cora-h0.60-r1,StratifiedKFoldDynamic_PageRank_b300,2,5,GAT,100,163,63,0.7318435907363892,0.755033552646637,0.6969767212867737,0.7718120813369751,True,100
syn-cora-h0.60-r1,StratifiedKFoldDynamic_EigCentrality_b300,2,2,GAT,101,123,23,0.6514984965324402,0.781879186630249,0.6716112494468689,0.7684563994407654,True,100
syn-cora-h0.60-r1,StratifiedKFoldDynamic_EigCentrality_b300,2,1,GAT,101,125,25,0.6557081341743469,0.7718120813369751,0.7644290328025818,0.7348993420600891,True,100
syn-cora-h0.60-r1,StratifiedKFoldDynamic_EigCentrality_b300,2,1,GAT,100,164,64,0.6215139627456665,0.7718120813369751,0.7552546858787537,0.7348993420600891,True,100
syn-cora-h0.60-r1,StratifiedKFoldDynamic_EigCentrality_b300,2,3,GAT,101,122,22,0.6665850877761841,0.7986577153205872,0.6666688919067383,0.755033552646637,True,100
syn-cora-h0.60-r1,StratifiedKFoldDynamic_EigCentrality_b300,2,3,GAT,100,179,79,0.6388497352600098,0.7885906100273132,0.7286316156387329,0.7382550239562988,True,100
syn-cora-h0.60-r1,StratifiedKFoldDynamic_EigCentrality_b300,2,4,GAT,100,157,57,0.736049234867096,0.755033552646637,0.6373271942138672,0.781879186630249,True,100
syn-cora-h0.60-r1,StratifiedKFoldDynamic_EigCentrality_b300,2,2,GAT,100,403,303,0.6753406524658203,0.744966447353363,0.6631916761398315,0.7684563994407654,True,100
syn-cora-h0.60-r1,StratifiedKFoldDynamic_EigCentrality_b300,2,5,GAT,100,118,18,0.7203612923622131,0.7617449760437012,0.7496572732925415,0.7483221292495728,True,100
syn-cora-h0.60-r1,StratifiedKFoldDynamic_EigCentrality_b300,2,4,GAT,101,183,83,0.7241038680076599,0.7617449760437012,0.6506800651550293,0.755033552646637,True,100
syn-cora-h0.60-r1,StratifiedKFoldDynamic_EigCentrality_b300,2,5,GAT,101,258,158,0.7566153407096863,0.7382550239562988,0.8038955926895142,0.7046979665756226,True,100
syn-cora-h0.60-r1,StratifiedKFoldDynamic_Clustering_b300,2,2,GAT,101,121,21,0.6909123659133911,0.7651006579399109,0.6864649057388306,0.7684563994407654,True,100
syn-cora-h0.60-r1,StratifiedKFoldDynamic_Clustering_b300,2,2,GAT,100,121,21,0.6879400014877319,0.755033552646637,0.6702626943588257,0.7751677632331848,True,100
syn-cora-h0.60-r1,StratifiedKFoldDynamic_Clustering_b300,2,1,GAT,101,182,82,0.6590883135795593,0.7785235047340393,0.6985084414482117,0.7718120813369751,True,100
syn-cora-h0.60-r1,StratifiedKFoldDynamic_Clustering_b300,2,1,GAT,100,192,92,0.6366732716560364,0.7885906100273132,0.6689538955688477,0.7785235047340393,True,100
syn-cora-h0.60-r1,StratifiedKFoldDynamic_Clustering_b300,2,3,GAT,100,118,18,0.7248309850692749,0.7516778707504272,0.6752666234970093,0.7785235047340393,True,100
syn-cora-h0.60-r1,StratifiedKFoldDynamic_Clustering_b300,2,3,GAT,101,165,65,0.730304479598999,0.7348993420600891,0.7302320599555969,0.7583892345428467,True,100
syn-cora-h0.60-r1,StratifiedKFoldDynamic_Clustering_b300,2,4,GAT,100,135,35,0.6834895014762878,0.755033552646637,0.710068941116333,0.7315436005592346,True,100
syn-cora-h0.60-r1,StratifiedKFoldDynamic_Clustering_b300,2,4,GAT,101,123,23,0.6816793084144592,0.7516778707504272,0.7086029052734375,0.7382550239562988,True,100
syn-cora-h0.60-r1,StratifiedKFoldDynamic_Clustering_b300,2,5,GAT,101,200,100,0.6886345148086548,0.7583892345428467,0.7418265342712402,0.7583892345428467,True,100
syn-cora-h0.60-r1,StratifiedKFoldDynamic_Clustering_b300,2,5,GAT,100,254,154,0.6654014587402344,0.755033552646637,0.7258491516113281,0.7516778707504272,True,100
syn-cora-h0.60-r1,RandomKFold,3,2,GAT,100,118,18,0.6863071918487549,0.7684563994407654,0.7612184286117554,0.7684563994407654,True,100
syn-cora-h0.60-r1,RandomKFold,3,1,GAT,101,120,20,0.7493608593940735,0.7583892345428467,0.7212624549865723,0.755033552646637,True,100
syn-cora-h0.60-r1,RandomKFold,3,2,GAT,101,187,87,0.671741783618927,0.7751677632331848,0.7641658782958984,0.7416107654571533,True,100
syn-cora-h0.60-r1,RandomKFold,3,1,GAT,100,206,106,0.7563486099243164,0.7382550239562988,0.6657952070236206,0.7617449760437012,True,100
syn-cora-h0.60-r1,RandomKFold,3,3,GAT,100,165,65,0.6176611185073853,0.7684563994407654,0.7049070000648499,0.744966447353363,True,100
syn-cora-h0.60-r1,RandomKFold,3,3,GAT,101,211,111,0.6329123973846436,0.7718120813369751,0.6833239793777466,0.7617449760437012,True,100
syn-cora-h0.60-r1,RandomKFold,3,4,GAT,100,186,86,0.6625840663909912,0.8020133972167969,0.6870176196098328,0.7348993420600891,True,100
syn-cora-h0.60-r1,RandomKFold,3,4,GAT,101,215,115,0.6454786062240601,0.7583892345428467,0.6774222254753113,0.7483221292495728,True,100
syn-cora-h0.60-r1,RandomKFold,3,5,GAT,100,149,49,0.6665408611297607,0.781879186630249,0.6520015001296997,0.7684563994407654,True,100
syn-cora-h0.60-r1,RandomKFold,3,5,GAT,101,195,95,0.6720083355903625,0.7617449760437012,0.6649115681648254,0.7516778707504272,True,100
syn-cora-h0.60-r1,LabelStratifiedKFold,3,2,GAT,101,121,21,0.702643096446991,0.7785235047340393,0.648768961429596,0.7986577153205872,True,100
syn-cora-h0.60-r1,LabelStratifiedKFold,3,2,GAT,100,163,63,0.6880865097045898,0.7315436005592346,0.643523633480072,0.781879186630249,True,100
syn-cora-h0.60-r1,LabelStratifiedKFold,3,1,GAT,101,203,103,0.6309523582458496,0.781879186630249,0.823502242565155,0.6879194378852844,True,100
syn-cora-h0.60-r1,LabelStratifiedKFold,3,1,GAT,100,217,117,0.6391816139221191,0.7751677632331848,0.777642548084259,0.7147650718688965,True,100
syn-cora-h0.60-r1,LabelStratifiedKFold,3,3,GAT,100,119,19,0.6652733087539673,0.8053691387176514,0.6973012685775757,0.7516778707504272,True,100
syn-cora-h0.60-r1,LabelStratifiedKFold,3,4,GAT,100,118,18,0.6451857686042786,0.791946291923523,0.6922693252563477,0.7382550239562988,True,100
syn-cora-h0.60-r1,LabelStratifiedKFold,3,4,GAT,101,124,24,0.6522411704063416,0.791946291923523,0.7228696942329407,0.7718120813369751,True,100
syn-cora-h0.60-r1,LabelStratifiedKFold,3,5,GAT,100,118,18,0.782682478427887,0.7214764952659607,0.6492928862571716,0.7986577153205872,True,100
syn-cora-h0.60-r1,LabelStratifiedKFold,3,3,GAT,101,246,146,0.6720055937767029,0.7617449760437012,0.7705302834510803,0.7214764952659607,True,100
syn-cora-h0.60-r1,LabelStratifiedKFold,3,5,GAT,101,123,23,0.7820712327957153,0.6946308612823486,0.652984619140625,0.7953020334243774,True,100
syn-cora-h0.60-r1,StratifiedKFoldDynamic_Degree_b300,3,2,GAT,101,119,19,0.7099360227584839,0.7483221292495728,0.6636844277381897,0.8020133972167969,True,100
syn-cora-h0.60-r1,StratifiedKFoldDynamic_Degree_b300,3,2,GAT,100,131,31,0.723680317401886,0.7315436005592346,0.6440091729164124,0.7986577153205872,True,100
syn-cora-h0.60-r1,StratifiedKFoldDynamic_Degree_b300,3,1,GAT,100,197,97,0.64659184217453,0.755033552646637,0.7466846704483032,0.7315436005592346,True,100
syn-cora-h0.60-r1,StratifiedKFoldDynamic_Degree_b300,3,1,GAT,101,294,194,0.6406479477882385,0.744966447353363,0.7525695562362671,0.7315436005592346,True,100
syn-cora-h0.60-r1,StratifiedKFoldDynamic_Degree_b300,3,3,GAT,100,181,81,0.6087965369224548,0.8087248206138611,0.7208921909332275,0.7382550239562988,True,100
syn-cora-h0.60-r1,StratifiedKFoldDynamic_Degree_b300,3,4,GAT,100,119,19,0.7096194624900818,0.7751677632331848,0.6481477618217468,0.7852349281311035,True,100
syn-cora-h0.60-r1,StratifiedKFoldDynamic_Degree_b300,3,3,GAT,101,203,103,0.6501762270927429,0.7583892345428467,0.7146186828613281,0.7483221292495728,True,100
syn-cora-h0.60-r1,StratifiedKFoldDynamic_Degree_b300,3,4,GAT,101,119,19,0.6989127993583679,0.7718120813369751,0.7059609293937683,0.7718120813369751,True,100
syn-cora-h0.60-r1,StratifiedKFoldDynamic_Degree_b300,3,5,GAT,100,190,90,0.6846656799316406,0.7348993420600891,0.7117307186126709,0.755033552646637,True,100
syn-cora-h0.60-r1,StratifiedKFoldDynamic_Degree_b300,3,5,GAT,101,202,102,0.6637133955955505,0.7416107654571533,0.6846747994422913,0.7382550239562988,True,100
syn-cora-h0.60-r1,StratifiedKFoldDynamic_NeighHet_b300,3,1,GAT,100,129,29,0.6483930349349976,0.7885906100273132,0.7005155682563782,0.7684563994407654,True,100
syn-cora-h0.60-r1,StratifiedKFoldDynamic_NeighHet_b300,3,2,GAT,101,207,107,0.6171408295631409,0.7583892345428467,0.6870905756950378,0.781879186630249,True,100
syn-cora-h0.60-r1,StratifiedKFoldDynamic_NeighHet_b300,3,3,GAT,100,117,17,0.6927993893623352,0.755033552646637,0.6589215397834778,0.791946291923523,True,100
syn-cora-h0.60-r1,StratifiedKFoldDynamic_NeighHet_b300,3,1,GAT,101,288,188,0.6741738319396973,0.7651006579399109,0.7483322620391846,0.7651006579399109,True,100
syn-cora-h0.60-r1,StratifiedKFoldDynamic_NeighHet_b300,3,2,GAT,100,320,220,0.6099851727485657,0.7718120813369751,0.6613130569458008,0.7583892345428467,True,100
syn-cora-h0.60-r1,StratifiedKFoldDynamic_NeighHet_b300,3,3,GAT,101,121,21,0.6758649945259094,0.7684563994407654,0.650602400302887,0.7718120813369751,True,100
syn-cora-h0.60-r1,StratifiedKFoldDynamic_NeighHet_b300,3,4,GAT,100,175,75,0.6672106981277466,0.7516778707504272,0.6643661260604858,0.744966447353363,True,100
syn-cora-h0.60-r1,StratifiedKFoldDynamic_NeighHet_b300,3,5,GAT,100,119,19,0.6999618411064148,0.7885906100273132,0.6908595561981201,0.7718120813369751,True,100
syn-cora-h0.60-r1,StratifiedKFoldDynamic_NeighHet_b300,3,5,GAT,101,169,69,0.7256743311882019,0.755033552646637,0.7238305807113647,0.7617449760437012,True,100
syn-cora-h0.60-r1,StratifiedKFoldDynamic_NeighHet_b300,3,4,GAT,101,328,228,0.6712735295295715,0.7583892345428467,0.7084039449691772,0.744966447353363,True,100
syn-cora-h0.60-r1,StratifiedKFoldDynamic_PageRank_b300,3,1,GAT,100,117,17,0.6961438655853271,0.7684563994407654,0.6964312791824341,0.7617449760437012,True,100
syn-cora-h0.60-r1,StratifiedKFoldDynamic_PageRank_b300,3,2,GAT,100,123,23,0.7038792371749878,0.744966447353363,0.6630664467811584,0.7718120813369751,True,100
syn-cora-h0.60-r1,StratifiedKFoldDynamic_PageRank_b300,3,2,GAT,101,208,108,0.7451668381690979,0.7281879186630249,0.7398015260696411,0.7281879186630249,True,100
syn-cora-h0.60-r1,StratifiedKFoldDynamic_PageRank_b300,3,1,GAT,101,273,173,0.7301002144813538,0.7483221292495728,0.6857066750526428,0.7348993420600891,True,100
syn-cora-h0.60-r1,StratifiedKFoldDynamic_PageRank_b300,3,3,GAT,100,168,68,0.6240049600601196,0.8087248206138611,0.719974935054779,0.7114093899726868,True,100
syn-cora-h0.60-r1,StratifiedKFoldDynamic_PageRank_b300,3,4,GAT,100,124,24,0.7075445652008057,0.7684563994407654,0.7211208939552307,0.7651006579399109,True,100
syn-cora-h0.60-r1,StratifiedKFoldDynamic_PageRank_b300,3,3,GAT,101,214,114,0.6304954290390015,0.7651006579399109,0.7840314507484436,0.7147650718688965,True,100
syn-cora-h0.60-r1,StratifiedKFoldDynamic_PageRank_b300,3,4,GAT,101,124,24,0.688811182975769,0.7718120813369751,0.6784132122993469,0.7885906100273132,True,100
syn-cora-h0.60-r1,StratifiedKFoldDynamic_PageRank_b300,3,5,GAT,100,157,57,0.6463950276374817,0.7516778707504272,0.696173369884491,0.7483221292495728,True,100
syn-cora-h0.60-r1,StratifiedKFoldDynamic_PageRank_b300,3,5,GAT,101,197,97,0.6599760055541992,0.7617449760437012,0.7078943848609924,0.7516778707504272,True,100
syn-cora-h0.60-r1,StratifiedKFoldDynamic_EigCentrality_b300,3,1,GAT,101,120,20,0.6816835403442383,0.781879186630249,0.6346189975738525,0.8053691387176514,True,100
syn-cora-h0.60-r1,StratifiedKFoldDynamic_EigCentrality_b300,3,2,GAT,101,121,21,0.6899497509002686,0.7852349281311035,0.6859139800071716,0.7785235047340393,True,100
syn-cora-h0.60-r1,StratifiedKFoldDynamic_EigCentrality_b300,3,2,GAT,100,122,22,0.6688078045845032,0.8020133972167969,0.7150052785873413,0.7617449760437012,True,100
syn-cora-h0.60-r1,StratifiedKFoldDynamic_EigCentrality_b300,3,1,GAT,100,210,110,0.6858396530151367,0.7516778707504272,0.6648296117782593,0.755033552646637,True,100
syn-cora-h0.60-r1,StratifiedKFoldDynamic_EigCentrality_b300,3,3,GAT,101,116,16,0.6708322167396545,0.7718120813369751,0.6867637634277344,0.7885906100273132,True,100
syn-cora-h0.60-r1,StratifiedKFoldDynamic_EigCentrality_b300,3,3,GAT,100,119,19,0.6804858446121216,0.744966447353363,0.6534405946731567,0.7986577153205872,True,100
syn-cora-h0.60-r1,StratifiedKFoldDynamic_EigCentrality_b300,3,4,GAT,100,118,18,0.781673789024353,0.718120813369751,0.6767768859863281,0.7617449760437012,True,100
syn-cora-h0.60-r1,StratifiedKFoldDynamic_EigCentrality_b300,3,4,GAT,101,116,16,0.8193801045417786,0.7114093899726868,0.6684855222702026,0.7684563994407654,True,100
syn-cora-h0.60-r1,StratifiedKFoldDynamic_EigCentrality_b300,3,5,GAT,100,190,90,0.6001827120780945,0.7516778707504272,0.8443899750709534,0.6744966506958008,True,100
syn-cora-h0.60-r1,StratifiedKFoldDynamic_EigCentrality_b300,3,5,GAT,101,443,343,0.5887477993965149,0.791946291923523,0.8779234290122986,0.681208074092865,True,100
syn-cora-h0.60-r1,StratifiedKFoldDynamic_Clustering_b300,3,1,GAT,101,114,14,0.7216493487358093,0.781879186630249,0.7365429997444153,0.7315436005592346,True,100
syn-cora-h0.60-r1,StratifiedKFoldDynamic_Clustering_b300,3,2,GAT,100,123,23,0.6225684285163879,0.8154362440109253,0.6801644563674927,0.7751677632331848,True,100
syn-cora-h0.60-r1,StratifiedKFoldDynamic_Clustering_b300,3,1,GAT,100,123,23,0.6723813414573669,0.7785235047340393,0.727846622467041,0.7416107654571533,True,100
syn-cora-h0.60-r1,StratifiedKFoldDynamic_Clustering_b300,3,2,GAT,101,181,81,0.6146149039268494,0.8020133972167969,0.720328152179718,0.7651006579399109,True,100
syn-cora-h0.60-r1,StratifiedKFoldDynamic_Clustering_b300,3,4,GAT,100,118,18,0.7327181100845337,0.7583892345428467,0.6566998958587646,0.7583892345428467,True,100
syn-cora-h0.60-r1,StratifiedKFoldDynamic_Clustering_b300,3,3,GAT,101,121,21,0.6796520948410034,0.7483221292495728,0.6163201332092285,0.8154362440109253,True,100
syn-cora-h0.60-r1,StratifiedKFoldDynamic_Clustering_b300,3,4,GAT,101,120,20,0.7337369322776794,0.7483221292495728,0.6770144701004028,0.7718120813369751,True,100
syn-cora-h0.60-r1,StratifiedKFoldDynamic_Clustering_b300,3,3,GAT,100,214,114,0.6395739316940308,0.7483221292495728,0.6295769214630127,0.7684563994407654,True,100
syn-cora-h0.60-r1,StratifiedKFoldDynamic_Clustering_b300,3,5,GAT,100,121,21,0.7368841171264648,0.7348993420600891,0.7595363855361938,0.7382550239562988,True,100
syn-cora-h0.60-r1,StratifiedKFoldDynamic_Clustering_b300,3,5,GAT,101,203,103,0.7153534293174744,0.7147650718688965,0.7659804821014404,0.718120813369751,True,100
syn-cora-h0.60-r1,RandomKFold,4,2,GAT,101,120,20,0.6515172123908997,0.7852349281311035,0.7331504225730896,0.7483221292495728,True,100
syn-cora-h0.60-r1,RandomKFold,4,2,GAT,100,122,22,0.6620174646377563,0.791946291923523,0.7212197780609131,0.7583892345428467,True,100
syn-cora-h0.60-r1,RandomKFold,4,1,GAT,100,211,111,0.7002502679824829,0.7382550239562988,0.6862889528274536,0.7583892345428467,True,100
syn-cora-h0.60-r1,RandomKFold,4,1,GAT,101,238,138,0.6975029706954956,0.7483221292495728,0.662152886390686,0.7617449760437012,True,100
syn-cora-h0.60-r1,RandomKFold,4,3,GAT,101,194,94,0.680590033531189,0.7651006579399109,0.6460920572280884,0.7785235047340393,True,100
syn-cora-h0.60-r1,RandomKFold,4,3,GAT,100,263,163,0.6916923522949219,0.7348993420600891,0.6498233079910278,0.791946291923523,True,100
syn-cora-h0.60-r1,RandomKFold,4,4,GAT,100,191,91,0.6813236474990845,0.744966447353363,0.7392920255661011,0.7382550239562988,True,100
syn-cora-h0.60-r1,RandomKFold,4,4,GAT,101,222,122,0.6918106079101562,0.7248322367668152,0.7499140501022339,0.744966447353363,True,100
syn-cora-h0.60-r1,RandomKFold,4,5,GAT,100,162,62,0.6627646088600159,0.7684563994407654,0.6738515496253967,0.7416107654571533,True,100
syn-cora-h0.60-r1,RandomKFold,4,5,GAT,101,217,117,0.6567997336387634,0.7617449760437012,0.6848664283752441,0.7651006579399109,True,100
syn-cora-h0.60-r1,LabelStratifiedKFold,4,2,GAT,101,119,19,0.6773028373718262,0.7651006579399109,0.6781384944915771,0.7718120813369751,True,100
syn-cora-h0.60-r1,LabelStratifiedKFold,4,2,GAT,100,119,19,0.683698296546936,0.781879186630249,0.6722937226295471,0.7785235047340393,True,100
syn-cora-h0.60-r1,LabelStratifiedKFold,4,1,GAT,100,126,26,0.6829699873924255,0.7785235047340393,0.7276178598403931,0.7516778707504272,True,100
syn-cora-h0.60-r1,LabelStratifiedKFold,4,1,GAT,101,131,31,0.695004403591156,0.7617449760437012,0.7732223272323608,0.744966447353363,True,100
syn-cora-h0.60-r1,LabelStratifiedKFold,4,4,GAT,100,118,18,0.6874314546585083,0.755033552646637,0.6780691742897034,0.7684563994407654,True,100
syn-cora-h0.60-r1,LabelStratifiedKFold,4,4,GAT,101,122,22,0.6776539087295532,0.7718120813369751,0.6689475178718567,0.7718120813369751,True,100
syn-cora-h0.60-r1,LabelStratifiedKFold,4,3,GAT,100,203,103,0.633271336555481,0.7651006579399109,0.6957113146781921,0.7583892345428467,True,100
syn-cora-h0.60-r1,LabelStratifiedKFold,4,5,GAT,100,124,24,0.7052517533302307,0.7953020334243774,0.6862914562225342,0.7651006579399109,True,100
syn-cora-h0.60-r1,LabelStratifiedKFold,4,3,GAT,101,264,164,0.6710750460624695,0.755033552646637,0.7083566784858704,0.7483221292495728,True,100
syn-cora-h0.60-r1,LabelStratifiedKFold,4,5,GAT,101,202,102,0.7163333892822266,0.7483221292495728,0.7175275087356567,0.7382550239562988,True,100
syn-cora-h0.60-r1,StratifiedKFoldDynamic_Degree_b300,4,2,GAT,101,130,30,0.6987193822860718,0.7651006579399109,0.7313448190689087,0.755033552646637,True,100
syn-cora-h0.60-r1,StratifiedKFoldDynamic_Degree_b300,4,2,GAT,100,178,78,0.6805953979492188,0.7382550239562988,0.6910127997398376,0.7617449760437012,True,100
syn-cora-h0.60-r1,StratifiedKFoldDynamic_Degree_b300,4,1,GAT,100,190,90,0.6693819761276245,0.7651006579399109,0.7046441435813904,0.7583892345428467,True,100
syn-cora-h0.60-r1,StratifiedKFoldDynamic_Degree_b300,4,1,GAT,101,250,150,0.6863527894020081,0.755033552646637,0.7838481664657593,0.7147650718688965,True,100
syn-cora-h0.60-r1,StratifiedKFoldDynamic_Degree_b300,4,3,GAT,100,124,24,0.5537278652191162,0.8389261960983276,0.6957274675369263,0.7785235047340393,True,100
syn-cora-h0.60-r1,StratifiedKFoldDynamic_Degree_b300,4,4,GAT,100,119,19,0.7128123641014099,0.7617449760437012,0.5645257830619812,0.8288590312004089,True,100
syn-cora-h0.60-r1,StratifiedKFoldDynamic_Degree_b300,4,4,GAT,101,118,18,0.7265623211860657,0.7684563994407654,0.5877305269241333,0.8154362440109253,True,100
syn-cora-h0.60-r1,StratifiedKFoldDynamic_Degree_b300,4,5,GAT,100,118,18,0.7062212824821472,0.7516778707504272,0.7319566607475281,0.7348993420600891,True,100
syn-cora-h0.60-r1,StratifiedKFoldDynamic_Degree_b300,4,5,GAT,101,119,19,0.7498791813850403,0.7382550239562988,0.7351707816123962,0.7382550239562988,True,100
syn-cora-h0.60-r1,StratifiedKFoldDynamic_Degree_b300,4,3,GAT,101,365,265,0.5330322980880737,0.8120805621147156,0.7056509852409363,0.7416107654571533,True,100
syn-cora-h0.60-r1,StratifiedKFoldDynamic_NeighHet_b300,4,1,GAT,100,120,20,0.6921961307525635,0.7684563994407654,0.6859772205352783,0.7583892345428467,True,100
syn-cora-h0.60-r1,StratifiedKFoldDynamic_NeighHet_b300,4,2,GAT,100,121,21,0.6536545753479004,0.7718120813369751,0.7068665623664856,0.7416107654571533,True,100
syn-cora-h0.60-r1,StratifiedKFoldDynamic_NeighHet_b300,4,1,GAT,101,198,98,0.7103979587554932,0.7651006579399109,0.6907986402511597,0.7315436005592346,True,100
syn-cora-h0.60-r1,StratifiedKFoldDynamic_NeighHet_b300,4,2,GAT,101,276,176,0.6572353839874268,0.7684563994407654,0.7437673211097717,0.744966447353363,True,100
syn-cora-h0.60-r1,StratifiedKFoldDynamic_NeighHet_b300,4,4,GAT,100,122,22,0.6830595135688782,0.7718120813369751,0.6541738510131836,0.781879186630249,True,100
syn-cora-h0.60-r1,StratifiedKFoldDynamic_NeighHet_b300,4,3,GAT,101,217,117,0.6622344851493835,0.7785235047340393,0.6839450001716614,0.7684563994407654,True,100
syn-cora-h0.60-r1,StratifiedKFoldDynamic_NeighHet_b300,4,4,GAT,101,121,21,0.665612518787384,0.7986577153205872,0.6951724886894226,0.7684563994407654,True,100
syn-cora-h0.60-r1,StratifiedKFoldDynamic_NeighHet_b300,4,3,GAT,100,306,206,0.640630841255188,0.781879186630249,0.6693218946456909,0.7416107654571533,True,100
syn-cora-h0.60-r1,StratifiedKFoldDynamic_NeighHet_b300,4,5,GAT,100,278,178,0.6509379148483276,0.7416107654571533,0.6900980472564697,0.7617449760437012,True,100
syn-cora-h0.60-r1,StratifiedKFoldDynamic_NeighHet_b300,4,5,GAT,101,264,164,0.6556806564331055,0.7617449760437012,0.6974741816520691,0.7348993420600891,True,100
syn-cora-h0.60-r1,StratifiedKFoldDynamic_PageRank_b300,4,2,GAT,100,119,19,0.637169361114502,0.7651006579399109,0.6799906492233276,0.7416107654571533,True,100
syn-cora-h0.60-r1,StratifiedKFoldDynamic_PageRank_b300,4,1,GAT,101,121,21,0.7013299465179443,0.755033552646637,0.7100738883018494,0.7651006579399109,True,100
syn-cora-h0.60-r1,StratifiedKFoldDynamic_PageRank_b300,4,2,GAT,101,127,27,0.6525852084159851,0.7718120813369751,0.6984217166900635,0.7516778707504272,True,100
syn-cora-h0.60-r1,StratifiedKFoldDynamic_PageRank_b300,4,1,GAT,100,157,57,0.7156302332878113,0.718120813369751,0.7261844873428345,0.7516778707504272,True,100
syn-cora-h0.60-r1,StratifiedKFoldDynamic_PageRank_b300,4,4,GAT,100,123,23,0.6714720726013184,0.7684563994407654,0.7165113687515259,0.7516778707504272,True,100
syn-cora-h0.60-r1,StratifiedKFoldDynamic_PageRank_b300,4,3,GAT,101,183,83,0.7051329612731934,0.7651006579399109,0.6915441155433655,0.7516778707504272,True,100
syn-cora-h0.60-r1,StratifiedKFoldDynamic_PageRank_b300,4,3,GAT,100,223,123,0.6915398240089417,0.7684563994407654,0.6910737156867981,0.7348993420600891,True,100
syn-cora-h0.60-r1,StratifiedKFoldDynamic_PageRank_b300,4,5,GAT,100,121,21,0.6820979714393616,0.7617449760437012,0.6788893342018127,0.7684563994407654,True,100
syn-cora-h0.60-r1,StratifiedKFoldDynamic_PageRank_b300,4,4,GAT,101,235,135,0.6975511908531189,0.7516778707504272,0.7235901355743408,0.7651006579399109,True,100
syn-cora-h0.60-r1,StratifiedKFoldDynamic_PageRank_b300,4,5,GAT,101,124,24,0.7162585854530334,0.7885906100273132,0.7055215835571289,0.7583892345428467,True,100
syn-cora-h0.60-r1,StratifiedKFoldDynamic_EigCentrality_b300,4,1,GAT,100,118,18,0.7008209824562073,0.744966447353363,0.6363446116447449,0.7852349281311035,True,100
syn-cora-h0.60-r1,StratifiedKFoldDynamic_EigCentrality_b300,4,2,GAT,100,121,21,0.6573243737220764,0.7785235047340393,0.7288474440574646,0.755033552646637,True,100
syn-cora-h0.60-r1,StratifiedKFoldDynamic_EigCentrality_b300,4,2,GAT,101,122,22,0.6605260968208313,0.7684563994407654,0.75318443775177,0.744966447353363,True,100
syn-cora-h0.60-r1,StratifiedKFoldDynamic_EigCentrality_b300,4,1,GAT,101,166,66,0.7485657334327698,0.7248322367668152,0.6553995609283447,0.755033552646637,True,100
syn-cora-h0.60-r1,StratifiedKFoldDynamic_EigCentrality_b300,4,4,GAT,100,124,24,0.7180655598640442,0.7718120813369751,0.6949101686477661,0.7751677632331848,True,100
syn-cora-h0.60-r1,StratifiedKFoldDynamic_EigCentrality_b300,4,3,GAT,101,127,27,0.6968613862991333,0.7885906100273132,0.7202088832855225,0.7348993420600891,True,100
syn-cora-h0.60-r1,StratifiedKFoldDynamic_EigCentrality_b300,4,3,GAT,100,193,93,0.6889211535453796,0.7382550239562988,0.7141578793525696,0.744966447353363,True,100
syn-cora-h0.60-r1,StratifiedKFoldDynamic_EigCentrality_b300,4,4,GAT,101,219,119,0.7208573818206787,0.755033552646637,0.7091039419174194,0.7684563994407654,True,100
syn-cora-h0.60-r1,StratifiedKFoldDynamic_EigCentrality_b300,4,5,GAT,100,169,69,0.6130876541137695,0.8120805621147156,0.7215897440910339,0.7382550239562988,True,100
syn-cora-h0.60-r1,StratifiedKFoldDynamic_EigCentrality_b300,4,5,GAT,101,394,294,0.6200385093688965,0.7684563994407654,0.7429304122924805,0.7382550239562988,True,100
syn-cora-h0.60-r1,StratifiedKFoldDynamic_Clustering_b300,4,1,GAT,100,121,21,0.6224676370620728,0.8020133972167969,0.7221040725708008,0.7483221292495728,True,100
syn-cora-h0.60-r1,StratifiedKFoldDynamic_Clustering_b300,4,2,GAT,101,123,23,0.7072790265083313,0.744966447353363,0.6837490797042847,0.781879186630249,True,100
syn-cora-h0.60-r1,StratifiedKFoldDynamic_Clustering_b300,4,2,GAT,100,166,66,0.6935939192771912,0.744966447353363,0.6663739085197449,0.781879186630249,True,100
syn-cora-h0.60-r1,StratifiedKFoldDynamic_Clustering_b300,4,1,GAT,101,207,107,0.6379367709159851,0.781879186630249,0.7766053080558777,0.7248322367668152,True,100
syn-cora-h0.60-r1,StratifiedKFoldDynamic_Clustering_b300,4,3,GAT,101,120,20,0.6852541565895081,0.7852349281311035,0.7055150866508484,0.7617449760437012,True,100
syn-cora-h0.60-r1,StratifiedKFoldDynamic_Clustering_b300,4,3,GAT,100,177,77,0.6762872338294983,0.7718120813369751,0.7063868641853333,0.7248322367668152,True,100
syn-cora-h0.60-r1,StratifiedKFoldDynamic_Clustering_b300,4,4,GAT,100,152,52,0.6750325560569763,0.7416107654571533,0.706807553768158,0.7684563994407654,True,100
syn-cora-h0.60-r1,StratifiedKFoldDynamic_Clustering_b300,4,5,GAT,100,130,30,0.7348829507827759,0.7348993420600891,0.6762104034423828,0.7483221292495728,True,100
syn-cora-h0.60-r1,StratifiedKFoldDynamic_Clustering_b300,4,4,GAT,101,176,76,0.6913550496101379,0.7651006579399109,0.6797314286231995,0.7751677632331848,True,100
syn-cora-h0.60-r1,StratifiedKFoldDynamic_Clustering_b300,4,5,GAT,101,121,21,0.7565937042236328,0.7516778707504272,0.7109547257423401,0.7348993420600891,True,100
syn-cora-h0.70-r1,RandomKFold,0,1,GAT,101,119,19,0.4914599359035492,0.8657718300819397,0.5499257445335388,0.8053691387176514,True,100
syn-cora-h0.70-r1,RandomKFold,0,2,GAT,100,117,17,0.4507554769515991,0.8758389353752136,0.49263542890548706,0.8590604066848755,True,100
syn-cora-h0.70-r1,RandomKFold,0,1,GAT,100,120,20,0.4909118115901947,0.8590604066848755,0.5462223291397095,0.818791925907135,True,100
syn-cora-h0.70-r1,RandomKFold,0,2,GAT,101,126,26,0.474967896938324,0.8624160885810852,0.5061001181602478,0.8389261960983276,True,100
syn-cora-h0.70-r1,RandomKFold,0,4,GAT,101,118,18,0.5151309967041016,0.8389261960983276,0.4918734133243561,0.8322147727012634,True,100
syn-cora-h0.70-r1,RandomKFold,0,3,GAT,100,167,67,0.446835458278656,0.8322147727012634,0.4924692213535309,0.8322147727012634,True,100
syn-cora-h0.70-r1,RandomKFold,0,3,GAT,101,171,71,0.4548650085926056,0.8557047247886658,0.506190299987793,0.8053691387176514,True,100
syn-cora-h0.70-r1,RandomKFold,0,4,GAT,100,214,114,0.5365411639213562,0.8255033493041992,0.4938136339187622,0.8221476674079895,True,100
syn-cora-h0.70-r1,RandomKFold,0,5,GAT,100,140,40,0.5539236664772034,0.8221476674079895,0.5624224543571472,0.8154362440109253,True,100
syn-cora-h0.70-r1,RandomKFold,0,5,GAT,101,124,24,0.533279299736023,0.818791925907135,0.5197327733039856,0.8154362440109253,True,100
syn-cora-h0.70-r1,LabelStratifiedKFold,0,1,GAT,101,120,20,0.5063726305961609,0.8221476674079895,0.47784966230392456,0.8422818779945374,True,100
syn-cora-h0.70-r1,LabelStratifiedKFold,0,1,GAT,100,127,27,0.5133355259895325,0.8154362440109253,0.4649365246295929,0.8590604066848755,True,100
syn-cora-h0.70-r1,LabelStratifiedKFold,0,2,GAT,101,179,79,0.5854755640029907,0.8053691387176514,0.5250380039215088,0.8288590312004089,True,100
syn-cora-h0.70-r1,LabelStratifiedKFold,0,2,GAT,100,185,85,0.6027436256408691,0.8087248206138611,0.5250721573829651,0.818791925907135,True,100
syn-cora-h0.70-r1,LabelStratifiedKFold,0,3,GAT,100,120,20,0.4071423411369324,0.8791946172714233,0.6233140826225281,0.7953020334243774,True,100
syn-cora-h0.70-r1,LabelStratifiedKFold,0,4,GAT,101,120,20,0.48627734184265137,0.8456375598907471,0.42551660537719727,0.8758389353752136,True,100
syn-cora-h0.70-r1,LabelStratifiedKFold,0,5,GAT,100,121,21,0.47518423199653625,0.8456375598907471,0.541425347328186,0.8120805621147156,True,100
syn-cora-h0.70-r1,LabelStratifiedKFold,0,3,GAT,101,238,138,0.40248945355415344,0.8590604066848755,0.6331539154052734,0.7751677632331848,True,100
syn-cora-h0.70-r1,LabelStratifiedKFold,0,4,GAT,100,233,133,0.49304378032684326,0.8255033493041992,0.41358187794685364,0.8557047247886658,True,100
syn-cora-h0.70-r1,LabelStratifiedKFold,0,5,GAT,101,120,20,0.49769964814186096,0.8255033493041992,0.49764057993888855,0.8355704545974731,True,100
syn-cora-h0.70-r1,StratifiedKFoldDynamic_Degree_b300,0,1,GAT,101,116,16,0.6243346929550171,0.8020133972167969,0.4803113043308258,0.8489933013916016,True,100
syn-cora-h0.70-r1,StratifiedKFoldDynamic_Degree_b300,0,1,GAT,100,139,39,0.6506609916687012,0.7751677632331848,0.4286981523036957,0.8489933013916016,True,100
syn-cora-h0.70-r1,StratifiedKFoldDynamic_Degree_b300,0,2,GAT,100,218,118,0.43631964921951294,0.8489933013916016,0.6610804796218872,0.7785235047340393,True,100
syn-cora-h0.70-r1,StratifiedKFoldDynamic_Degree_b300,0,2,GAT,101,214,114,0.44054076075553894,0.8523489832878113,0.6751619577407837,0.781879186630249,True,100
syn-cora-h0.70-r1,StratifiedKFoldDynamic_Degree_b300,0,4,GAT,100,120,20,0.4996531903743744,0.8322147727012634,0.45864683389663696,0.8523489832878113,True,100
syn-cora-h0.70-r1,StratifiedKFoldDynamic_Degree_b300,0,3,GAT,100,237,137,0.41320037841796875,0.8624160885810852,0.45515862107276917,0.8322147727012634,True,100
syn-cora-h0.70-r1,StratifiedKFoldDynamic_Degree_b300,0,3,GAT,101,275,175,0.3976593315601349,0.8489933013916016,0.47636133432388306,0.8020133972167969,True,100
syn-cora-h0.70-r1,StratifiedKFoldDynamic_Degree_b300,0,4,GAT,101,210,110,0.4720707833766937,0.8389261960983276,0.4767211377620697,0.818791925907135,True,100
syn-cora-h0.70-r1,StratifiedKFoldDynamic_Degree_b300,0,5,GAT,100,157,57,0.43562081456184387,0.8456375598907471,0.49443063139915466,0.8355704545974731,True,100
syn-cora-h0.70-r1,StratifiedKFoldDynamic_Degree_b300,0,5,GAT,101,369,269,0.43808481097221375,0.8322147727012634,0.5041933059692383,0.8288590312004089,True,100
syn-cora-h0.70-r1,StratifiedKFoldDynamic_NeighHet_b300,0,2,GAT,101,177,77,0.4739684462547302,0.8355704545974731,0.48222437500953674,0.8087248206138611,True,100
syn-cora-h0.70-r1,StratifiedKFoldDynamic_NeighHet_b300,0,2,GAT,100,198,98,0.4622782766819,0.8456375598907471,0.45702946186065674,0.8221476674079895,True,100
syn-cora-h0.70-r1,StratifiedKFoldDynamic_NeighHet_b300,0,1,GAT,101,205,105,0.4610280394554138,0.8422818779945374,0.5285884141921997,0.8255033493041992,True,100
syn-cora-h0.70-r1,StratifiedKFoldDynamic_NeighHet_b300,0,1,GAT,100,219,119,0.46655717492103577,0.8322147727012634,0.5467080473899841,0.8255033493041992,True,100
syn-cora-h0.70-r1,StratifiedKFoldDynamic_NeighHet_b300,0,3,GAT,101,125,25,0.5157944560050964,0.8255033493041992,0.5065212249755859,0.8355704545974731,True,100
syn-cora-h0.70-r1,StratifiedKFoldDynamic_NeighHet_b300,0,4,GAT,101,169,69,0.513523280620575,0.8322147727012634,0.5288298726081848,0.8087248206138611,True,100
syn-cora-h0.70-r1,StratifiedKFoldDynamic_NeighHet_b300,0,5,GAT,100,125,25,0.5308965444564819,0.818791925907135,0.5179389715194702,0.8389261960983276,True,100
syn-cora-h0.70-r1,StratifiedKFoldDynamic_NeighHet_b300,0,3,GAT,100,278,178,0.5071161985397339,0.8288590312004089,0.4897673428058624,0.8120805621147156,True,100
syn-cora-h0.70-r1,StratifiedKFoldDynamic_NeighHet_b300,0,4,GAT,100,281,181,0.49882620573043823,0.8456375598907471,0.5304000973701477,0.8221476674079895,True,100
syn-cora-h0.70-r1,StratifiedKFoldDynamic_NeighHet_b300,0,5,GAT,101,182,82,0.5074424743652344,0.8255033493041992,0.5318731665611267,0.818791925907135,True,100
syn-cora-h0.70-r1,StratifiedKFoldDynamic_PageRank_b300,0,1,GAT,101,127,27,0.567842423915863,0.8053691387176514,0.4966914653778076,0.818791925907135,True,100
syn-cora-h0.70-r1,StratifiedKFoldDynamic_PageRank_b300,0,1,GAT,100,159,59,0.5761797428131104,0.7885906100273132,0.5292679667472839,0.8255033493041992,True,100
syn-cora-h0.70-r1,StratifiedKFoldDynamic_PageRank_b300,0,2,GAT,100,203,103,0.4240926206111908,0.8791946172714233,0.5562381148338318,0.8288590312004089,True,100
syn-cora-h0.70-r1,StratifiedKFoldDynamic_PageRank_b300,0,2,GAT,101,209,109,0.44266465306282043,0.8557047247886658,0.5482812523841858,0.818791925907135,True,100
syn-cora-h0.70-r1,StratifiedKFoldDynamic_PageRank_b300,0,3,GAT,100,114,14,0.562501072883606,0.8288590312004089,0.5314615964889526,0.8255033493041992,True,100
syn-cora-h0.70-r1,StratifiedKFoldDynamic_PageRank_b300,0,3,GAT,101,117,17,0.5462402105331421,0.8154362440109253,0.5357894897460938,0.8221476674079895,True,100
syn-cora-h0.70-r1,StratifiedKFoldDynamic_PageRank_b300,0,5,GAT,101,119,19,0.4640340209007263,0.8389261960983276,0.4437538981437683,0.8557047247886658,True,100
syn-cora-h0.70-r1,StratifiedKFoldDynamic_PageRank_b300,0,4,GAT,101,186,86,0.4509422779083252,0.8590604066848755,0.5573233366012573,0.818791925907135,True,100
syn-cora-h0.70-r1,StratifiedKFoldDynamic_PageRank_b300,0,4,GAT,100,204,104,0.4591379761695862,0.8557047247886658,0.5632061958312988,0.8020133972167969,True,100
syn-cora-h0.70-r1,StratifiedKFoldDynamic_PageRank_b300,0,5,GAT,100,295,195,0.4661693572998047,0.8322147727012634,0.4425572156906128,0.8422818779945374,True,100
syn-cora-h0.70-r1,StratifiedKFoldDynamic_EigCentrality_b300,0,1,GAT,101,127,27,0.45209652185440063,0.8758389353752136,0.49335721135139465,0.818791925907135,True,100
syn-cora-h0.70-r1,StratifiedKFoldDynamic_EigCentrality_b300,0,2,GAT,101,196,96,0.48989206552505493,0.8120805621147156,0.44064223766326904,0.8590604066848755,True,100
syn-cora-h0.70-r1,StratifiedKFoldDynamic_EigCentrality_b300,0,2,GAT,100,217,117,0.46721598505973816,0.8590604066848755,0.44201532006263733,0.8489933013916016,True,100
syn-cora-h0.70-r1,StratifiedKFoldDynamic_EigCentrality_b300,0,1,GAT,100,266,166,0.4433601498603821,0.8489933013916016,0.4710472524166107,0.818791925907135,True,100
syn-cora-h0.70-r1,StratifiedKFoldDynamic_EigCentrality_b300,0,3,GAT,100,144,44,0.5036681890487671,0.8255033493041992,0.5260262489318848,0.8221476674079895,True,100
syn-cora-h0.70-r1,StratifiedKFoldDynamic_EigCentrality_b300,0,3,GAT,101,124,24,0.47368958592414856,0.8691275119781494,0.5092900991439819,0.818791925907135,True,100
syn-cora-h0.70-r1,StratifiedKFoldDynamic_EigCentrality_b300,0,4,GAT,100,144,44,0.5306483507156372,0.8087248206138611,0.4675549864768982,0.8355704545974731,True,100
syn-cora-h0.70-r1,StratifiedKFoldDynamic_EigCentrality_b300,0,5,GAT,100,235,135,0.4285407066345215,0.8758389353752136,0.5888904333114624,0.7953020334243774,True,100
syn-cora-h0.70-r1,StratifiedKFoldDynamic_EigCentrality_b300,0,5,GAT,101,223,123,0.43992844223976135,0.8422818779945374,0.563348114490509,0.8020133972167969,True,100
syn-cora-h0.70-r1,StratifiedKFoldDynamic_EigCentrality_b300,0,4,GAT,101,279,179,0.5399633646011353,0.8120805621147156,0.4664385914802551,0.8456375598907471,True,100
syn-cora-h0.70-r1,StratifiedKFoldDynamic_Clustering_b300,0,1,GAT,100,116,16,0.475571870803833,0.8691275119781494,0.5116032361984253,0.8422818779945374,True,100
syn-cora-h0.70-r1,StratifiedKFoldDynamic_Clustering_b300,0,1,GAT,101,119,19,0.4594062566757202,0.8523489832878113,0.5104182958602905,0.8322147727012634,True,100
syn-cora-h0.70-r1,StratifiedKFoldDynamic_Clustering_b300,0,2,GAT,101,173,73,0.4734034836292267,0.8456375598907471,0.45308399200439453,0.8255033493041992,True,100
syn-cora-h0.70-r1,StratifiedKFoldDynamic_Clustering_b300,0,3,GAT,101,126,26,0.5216196775436401,0.8355704545974731,0.4454489052295685,0.8456375598907471,True,100
syn-cora-h0.70-r1,StratifiedKFoldDynamic_Clustering_b300,0,2,GAT,100,273,173,0.4337473511695862,0.8523489832878113,0.46728235483169556,0.8221476674079895,True,100
syn-cora-h0.70-r1,StratifiedKFoldDynamic_Clustering_b300,0,3,GAT,100,160,60,0.5151134133338928,0.8120805621147156,0.4327414035797119,0.8557047247886658,True,100
syn-cora-h0.70-r1,StratifiedKFoldDynamic_Clustering_b300,0,4,GAT,101,215,115,0.4824270009994507,0.8389261960983276,0.5672112703323364,0.8053691387176514,True,100
syn-cora-h0.70-r1,StratifiedKFoldDynamic_Clustering_b300,0,4,GAT,100,299,199,0.5253952145576477,0.8389261960983276,0.5909765958786011,0.7885906100273132,True,100
syn-cora-h0.70-r1,StratifiedKFoldDynamic_Clustering_b300,0,5,GAT,101,199,99,0.4940829277038574,0.8355704545974731,0.4943576753139496,0.8154362440109253,True,100
syn-cora-h0.70-r1,StratifiedKFoldDynamic_Clustering_b300,0,5,GAT,100,225,125,0.48545873165130615,0.8255033493041992,0.5296462774276733,0.8154362440109253,True,100
syn-cora-h0.70-r1,RandomKFold,1,1,GAT,100,120,20,0.49526676535606384,0.8355704545974731,0.5195452570915222,0.8489933013916016,True,100
syn-cora-h0.70-r1,RandomKFold,1,1,GAT,101,192,92,0.49518856406211853,0.8422818779945374,0.5043404698371887,0.818791925907135,True,100
syn-cora-h0.70-r1,RandomKFold,1,2,GAT,101,241,141,0.5288348197937012,0.7986577153205872,0.5027227997779846,0.8489933013916016,True,100
syn-cora-h0.70-r1,RandomKFold,1,2,GAT,100,276,176,0.4983348846435547,0.8355704545974731,0.5040801167488098,0.8255033493041992,True,100
syn-cora-h0.70-r1,RandomKFold,1,3,GAT,101,124,24,0.5418599843978882,0.8120805621147156,0.5242477059364319,0.8154362440109253,True,100
syn-cora-h0.70-r1,RandomKFold,1,3,GAT,100,313,213,0.5363980531692505,0.8154362440109253,0.5523908138275146,0.8053691387176514,True,100
syn-cora-h0.70-r1,RandomKFold,1,5,GAT,100,145,45,0.5082521438598633,0.8288590312004089,0.4218686521053314,0.8590604066848755,True,100
syn-cora-h0.70-r1,RandomKFold,1,4,GAT,101,220,120,0.35110121965408325,0.8791946172714233,0.5857208371162415,0.7852349281311035,True,100
syn-cora-h0.70-r1,RandomKFold,1,4,GAT,100,363,263,0.35672613978385925,0.8758389353752136,0.5825033187866211,0.7953020334243774,True,100
syn-cora-h0.70-r1,RandomKFold,1,5,GAT,101,176,76,0.4967983067035675,0.8355704545974731,0.3976377546787262,0.8590604066848755,True,100
syn-cora-h0.70-r1,LabelStratifiedKFold,1,2,GAT,101,186,86,0.472493976354599,0.8389261960983276,0.48346632719039917,0.8288590312004089,True,100
syn-cora-h0.70-r1,LabelStratifiedKFold,1,1,GAT,100,195,95,0.47137078642845154,0.8389261960983276,0.49063679575920105,0.8221476674079895,True,100
syn-cora-h0.70-r1,LabelStratifiedKFold,1,1,GAT,101,231,131,0.48460981249809265,0.8389261960983276,0.4809161126613617,0.8355704545974731,True,100
syn-cora-h0.70-r1,LabelStratifiedKFold,1,2,GAT,100,234,134,0.47072792053222656,0.8422818779945374,0.44751375913619995,0.8523489832878113,True,100
syn-cora-h0.70-r1,LabelStratifiedKFold,1,4,GAT,101,120,20,0.4991750121116638,0.8489933013916016,0.4798796474933624,0.8523489832878113,True,100
syn-cora-h0.70-r1,LabelStratifiedKFold,1,4,GAT,100,199,99,0.5432761311531067,0.8154362440109253,0.48337483406066895,0.8221476674079895,True,100
syn-cora-h0.70-r1,LabelStratifiedKFold,1,3,GAT,101,241,141,0.45677170157432556,0.8389261960983276,0.5123095512390137,0.818791925907135,True,100
syn-cora-h0.70-r1,LabelStratifiedKFold,1,3,GAT,100,250,150,0.47265440225601196,0.8422818779945374,0.5478300452232361,0.8288590312004089,True,100
syn-cora-h0.70-r1,LabelStratifiedKFold,1,5,GAT,100,125,25,0.4652107357978821,0.8355704545974731,0.5347738862037659,0.8557047247886658,True,100
syn-cora-h0.70-r1,LabelStratifiedKFold,1,5,GAT,101,205,105,0.45387566089630127,0.8489933013916016,0.5125641226768494,0.8456375598907471,True,100
syn-cora-h0.70-r1,StratifiedKFoldDynamic_Degree_b300,1,1,GAT,100,117,17,0.5482232570648193,0.8355704545974731,0.5371055603027344,0.8624160885810852,True,100
syn-cora-h0.70-r1,StratifiedKFoldDynamic_Degree_b300,1,1,GAT,101,118,18,0.5343366861343384,0.8221476674079895,0.5305439233779907,0.8456375598907471,True,100
syn-cora-h0.70-r1,StratifiedKFoldDynamic_Degree_b300,1,2,GAT,101,125,25,0.47715917229652405,0.8523489832878113,0.5199528336524963,0.8355704545974731,True,100
syn-cora-h0.70-r1,StratifiedKFoldDynamic_Degree_b300,1,2,GAT,100,222,122,0.4744393229484558,0.8422818779945374,0.524929404258728,0.8020133972167969,True,100
syn-cora-h0.70-r1,StratifiedKFoldDynamic_Degree_b300,1,3,GAT,101,124,24,0.4570114314556122,0.8322147727012634,0.47795048356056213,0.8422818779945374,True,100
syn-cora-h0.70-r1,StratifiedKFoldDynamic_Degree_b300,1,4,GAT,100,120,20,0.47331252694129944,0.8422818779945374,0.4630562663078308,0.8523489832878113,True,100
syn-cora-h0.70-r1,StratifiedKFoldDynamic_Degree_b300,1,3,GAT,100,201,101,0.4691838026046753,0.8221476674079895,0.5028970837593079,0.8322147727012634,True,100
syn-cora-h0.70-r1,StratifiedKFoldDynamic_Degree_b300,1,4,GAT,101,169,69,0.47091540694236755,0.8355704545974731,0.4594240188598633,0.8355704545974731,True,100
syn-cora-h0.70-r1,StratifiedKFoldDynamic_Degree_b300,1,5,GAT,100,155,55,0.4861074984073639,0.8657718300819397,0.47085556387901306,0.8322147727012634,True,100
syn-cora-h0.70-r1,StratifiedKFoldDynamic_Degree_b300,1,5,GAT,101,168,68,0.48607343435287476,0.8557047247886658,0.4986848831176758,0.8322147727012634,True,100
syn-cora-h0.70-r1,StratifiedKFoldDynamic_NeighHet_b300,1,1,GAT,100,117,17,0.5379292964935303,0.8221476674079895,0.49499666690826416,0.8288590312004089,True,100
syn-cora-h0.70-r1,StratifiedKFoldDynamic_NeighHet_b300,1,1,GAT,101,125,25,0.5290331840515137,0.8154362440109253,0.46968579292297363,0.8557047247886658,True,100
syn-cora-h0.70-r1,StratifiedKFoldDynamic_NeighHet_b300,1,2,GAT,100,163,63,0.46630972623825073,0.8355704545974731,0.5291353464126587,0.8053691387176514,True,100
syn-cora-h0.70-r1,StratifiedKFoldDynamic_NeighHet_b300,1,2,GAT,101,227,127,0.48171132802963257,0.818791925907135,0.5347350239753723,0.8154362440109253,True,100
syn-cora-h0.70-r1,StratifiedKFoldDynamic_NeighHet_b300,1,3,GAT,101,177,77,0.464406818151474,0.8087248206138611,0.4965287744998932,0.8120805621147156,True,100
syn-cora-h0.70-r1,StratifiedKFoldDynamic_NeighHet_b300,1,4,GAT,100,145,45,0.530597984790802,0.8087248206138611,0.4958762228488922,0.8120805621147156,True,100
syn-cora-h0.70-r1,StratifiedKFoldDynamic_NeighHet_b300,1,4,GAT,101,120,20,0.5544397830963135,0.8255033493041992,0.48253366351127625,0.8422818779945374,True,100
syn-cora-h0.70-r1,StratifiedKFoldDynamic_NeighHet_b300,1,3,GAT,100,302,202,0.4574090838432312,0.8255033493041992,0.4576854705810547,0.8389261960983276,True,100
syn-cora-h0.70-r1,StratifiedKFoldDynamic_NeighHet_b300,1,5,GAT,101,186,86,0.44410547614097595,0.8590604066848755,0.5330643653869629,0.8221476674079895,True,100
syn-cora-h0.70-r1,StratifiedKFoldDynamic_NeighHet_b300,1,5,GAT,100,252,152,0.4393691122531891,0.8456375598907471,0.5555170774459839,0.7986577153205872,True,100
syn-cora-h0.70-r1,StratifiedKFoldDynamic_PageRank_b300,1,1,GAT,100,118,18,0.5041247606277466,0.8422818779945374,0.44870784878730774,0.8657718300819397,True,100
syn-cora-h0.70-r1,StratifiedKFoldDynamic_PageRank_b300,1,2,GAT,101,120,20,0.48853322863578796,0.8590604066848755,0.49505415558815,0.8288590312004089,True,100
syn-cora-h0.70-r1,StratifiedKFoldDynamic_PageRank_b300,1,1,GAT,101,120,20,0.5089192986488342,0.8322147727012634,0.4435732662677765,0.8724831938743591,True,100
syn-cora-h0.70-r1,StratifiedKFoldDynamic_PageRank_b300,1,2,GAT,100,122,22,0.5151026248931885,0.8355704545974731,0.5132186412811279,0.818791925907135,True,100
syn-cora-h0.70-r1,StratifiedKFoldDynamic_PageRank_b300,1,4,GAT,100,121,21,0.5847951173782349,0.8120805621147156,0.5431346297264099,0.8422818779945374,True,100
syn-cora-h0.70-r1,StratifiedKFoldDynamic_PageRank_b300,1,4,GAT,101,121,21,0.5465418696403503,0.8489933013916016,0.5398523807525635,0.8221476674079895,True,100
syn-cora-h0.70-r1,StratifiedKFoldDynamic_PageRank_b300,1,3,GAT,100,186,86,0.4829934537410736,0.8221476674079895,0.5446372032165527,0.791946291923523,True,100
syn-cora-h0.70-r1,StratifiedKFoldDynamic_PageRank_b300,1,3,GAT,101,203,103,0.5095241665840149,0.8288590312004089,0.5095166563987732,0.818791925907135,True,100
syn-cora-h0.70-r1,StratifiedKFoldDynamic_PageRank_b300,1,5,GAT,100,198,98,0.42853283882141113,0.8489933013916016,0.6422011852264404,0.7885906100273132,True,100
syn-cora-h0.70-r1,StratifiedKFoldDynamic_PageRank_b300,1,5,GAT,101,220,120,0.4457475244998932,0.8456375598907471,0.6411515474319458,0.791946291923523,True,100
syn-cora-h0.70-r1,StratifiedKFoldDynamic_EigCentrality_b300,1,2,GAT,101,200,100,0.45504510402679443,0.8422818779945374,0.467302143573761,0.8288590312004089,True,100
syn-cora-h0.70-r1,StratifiedKFoldDynamic_EigCentrality_b300,1,1,GAT,101,234,134,0.47069650888442993,0.8288590312004089,0.4659987688064575,0.8322147727012634,True,100
syn-cora-h0.70-r1,StratifiedKFoldDynamic_EigCentrality_b300,1,2,GAT,100,238,138,0.45415887236595154,0.8389261960983276,0.4653559923171997,0.8389261960983276,True,100
syn-cora-h0.70-r1,StratifiedKFoldDynamic_EigCentrality_b300,1,1,GAT,100,274,174,0.462993860244751,0.8389261960983276,0.45289838314056396,0.8389261960983276,True,100
syn-cora-h0.70-r1,StratifiedKFoldDynamic_EigCentrality_b300,1,4,GAT,101,126,26,0.4918357729911804,0.8322147727012634,0.6140764951705933,0.781879186630249,True,100
syn-cora-h0.70-r1,StratifiedKFoldDynamic_EigCentrality_b300,1,3,GAT,101,236,136,0.5655567646026611,0.8020133972167969,0.4594356417655945,0.8389261960983276,True,100
syn-cora-h0.70-r1,StratifiedKFoldDynamic_EigCentrality_b300,1,5,GAT,100,118,18,0.45241090655326843,0.8422818779945374,0.5104029178619385,0.8389261960983276,True,100
syn-cora-h0.70-r1,StratifiedKFoldDynamic_EigCentrality_b300,1,4,GAT,100,295,195,0.4906822443008423,0.8087248206138611,0.6299510598182678,0.791946291923523,True,100
syn-cora-h0.70-r1,StratifiedKFoldDynamic_EigCentrality_b300,1,3,GAT,100,360,260,0.547089695930481,0.8020133972167969,0.48379039764404297,0.8456375598907471,True,100
syn-cora-h0.70-r1,StratifiedKFoldDynamic_EigCentrality_b300,1,5,GAT,101,176,76,0.4746563732624054,0.8221476674079895,0.5024926662445068,0.8355704545974731,True,100
syn-cora-h0.70-r1,StratifiedKFoldDynamic_Clustering_b300,1,2,GAT,101,114,14,0.49742552638053894,0.8389261960983276,0.5490005612373352,0.818791925907135,True,100
syn-cora-h0.70-r1,StratifiedKFoldDynamic_Clustering_b300,1,2,GAT,100,121,21,0.5278990268707275,0.818791925907135,0.5110580921173096,0.8322147727012634,True,100
syn-cora-h0.70-r1,StratifiedKFoldDynamic_Clustering_b300,1,1,GAT,100,155,55,0.46201932430267334,0.8422818779945374,0.5241301655769348,0.8422818779945374,True,100
syn-cora-h0.70-r1,StratifiedKFoldDynamic_Clustering_b300,1,1,GAT,101,195,95,0.4532283842563629,0.8456375598907471,0.5264743566513062,0.8255033493041992,True,100
syn-cora-h0.70-r1,StratifiedKFoldDynamic_Clustering_b300,1,3,GAT,100,176,76,0.474023699760437,0.8322147727012634,0.4922696352005005,0.8255033493041992,True,100
syn-cora-h0.70-r1,StratifiedKFoldDynamic_Clustering_b300,1,4,GAT,100,187,87,0.425382137298584,0.8691275119781494,0.5257098078727722,0.8087248206138611,True,100
syn-cora-h0.70-r1,StratifiedKFoldDynamic_Clustering_b300,1,4,GAT,101,167,67,0.4408619999885559,0.8691275119781494,0.5618438124656677,0.8120805621147156,True,100
syn-cora-h0.70-r1,StratifiedKFoldDynamic_Clustering_b300,1,5,GAT,100,115,15,0.5447131395339966,0.8422818779945374,0.4895424544811249,0.8389261960983276,True,100
syn-cora-h0.70-r1,StratifiedKFoldDynamic_Clustering_b300,1,3,GAT,101,301,201,0.46335694193840027,0.8489933013916016,0.5084981322288513,0.8355704545974731,True,100
syn-cora-h0.70-r1,StratifiedKFoldDynamic_Clustering_b300,1,5,GAT,101,166,66,0.5398715734481812,0.8221476674079895,0.4560527503490448,0.8255033493041992,True,100
syn-cora-h0.70-r1,RandomKFold,2,2,GAT,100,155,55,0.4013235867023468,0.8691275119781494,0.5240921378135681,0.8255033493041992,True,100
syn-cora-h0.70-r1,RandomKFold,2,2,GAT,101,168,68,0.4113517701625824,0.8489933013916016,0.5497104525566101,0.818791925907135,True,100
syn-cora-h0.70-r1,RandomKFold,2,1,GAT,101,206,106,0.5211962461471558,0.8221476674079895,0.5801697373390198,0.8053691387176514,True,100
syn-cora-h0.70-r1,RandomKFold,2,3,GAT,101,123,23,0.4649524986743927,0.8523489832878113,0.4173796772956848,0.8724831938743591,True,100
syn-cora-h0.70-r1,RandomKFold,2,1,GAT,100,291,191,0.5349100232124329,0.8154362440109253,0.5883760452270508,0.7751677632331848,True,100
syn-cora-h0.70-r1,RandomKFold,2,4,GAT,100,119,19,0.5407254695892334,0.8523489832878113,0.482516348361969,0.8422818779945374,True,100
syn-cora-h0.70-r1,RandomKFold,2,4,GAT,101,120,20,0.5159016251564026,0.8355704545974731,0.464924693107605,0.8489933013916016,True,100
syn-cora-h0.70-r1,RandomKFold,2,3,GAT,100,260,160,0.4681296646595001,0.8322147727012634,0.41509875655174255,0.8624160885810852,True,100
syn-cora-h0.70-r1,RandomKFold,2,5,GAT,100,172,72,0.5125108361244202,0.8255033493041992,0.5383847951889038,0.8255033493041992,True,100
syn-cora-h0.70-r1,RandomKFold,2,5,GAT,101,178,78,0.5301996469497681,0.8087248206138611,0.5268953442573547,0.8255033493041992,True,100
syn-cora-h0.70-r1,LabelStratifiedKFold,2,1,GAT,101,119,19,0.4531296491622925,0.8389261960983276,0.5388736128807068,0.8087248206138611,True,100
syn-cora-h0.70-r1,LabelStratifiedKFold,2,2,GAT,101,121,21,0.4435191750526428,0.8590604066848755,0.45421135425567627,0.8557047247886658,True,100
syn-cora-h0.70-r1,LabelStratifiedKFold,2,1,GAT,100,225,125,0.4484620690345764,0.8355704545974731,0.5159154534339905,0.8322147727012634,True,100
syn-cora-h0.70-r1,LabelStratifiedKFold,2,3,GAT,100,116,16,0.5610620379447937,0.818791925907135,0.4928816854953766,0.8389261960983276,True,100
syn-cora-h0.70-r1,LabelStratifiedKFold,2,3,GAT,101,125,25,0.5472056269645691,0.8087248206138611,0.4455759823322296,0.8691275119781494,True,100
syn-cora-h0.70-r1,LabelStratifiedKFold,2,2,GAT,100,256,156,0.47461315989494324,0.8020133972167969,0.4338732361793518,0.8590604066848755,True,100
syn-cora-h0.70-r1,LabelStratifiedKFold,2,4,GAT,100,155,55,0.5051925778388977,0.8590604066848755,0.5708774924278259,0.8154362440109253,True,100
syn-cora-h0.70-r1,LabelStratifiedKFold,2,4,GAT,101,204,104,0.4966956079006195,0.8557047247886658,0.5376439690589905,0.8322147727012634,True,100
syn-cora-h0.70-r1,LabelStratifiedKFold,2,5,GAT,101,199,99,0.48269808292388916,0.8422818779945374,0.5343353152275085,0.818791925907135,True,100
syn-cora-h0.70-r1,LabelStratifiedKFold,2,5,GAT,100,225,125,0.47235143184661865,0.8422818779945374,0.5122851133346558,0.8255033493041992,True,100
syn-cora-h0.70-r1,StratifiedKFoldDynamic_Degree_b300,2,1,GAT,101,125,25,0.5590211749076843,0.8087248206138611,0.49774762988090515,0.8523489832878113,True,100
syn-cora-h0.70-r1,StratifiedKFoldDynamic_Degree_b300,2,1,GAT,100,136,36,0.5974180102348328,0.818791925907135,0.5104049444198608,0.8456375598907471,True,100
syn-cora-h0.70-r1,StratifiedKFoldDynamic_Degree_b300,2,2,GAT,100,192,92,0.40593162178993225,0.8422818779945374,0.6766835451126099,0.7617449760437012,True,100
syn-cora-h0.70-r1,StratifiedKFoldDynamic_Degree_b300,2,2,GAT,101,190,90,0.43875357508659363,0.8489933013916016,0.6398704051971436,0.755033552646637,True,100
syn-cora-h0.70-r1,StratifiedKFoldDynamic_Degree_b300,2,3,GAT,101,184,84,0.41772186756134033,0.8557047247886658,0.4445825219154358,0.8489933013916016,True,100
syn-cora-h0.70-r1,StratifiedKFoldDynamic_Degree_b300,2,3,GAT,100,229,129,0.43503180146217346,0.8389261960983276,0.4439156651496887,0.8221476674079895,True,100
syn-cora-h0.70-r1,StratifiedKFoldDynamic_Degree_b300,2,5,GAT,100,118,18,0.5187456011772156,0.8557047247886658,0.4692263901233673,0.8355704545974731,True,100
syn-cora-h0.70-r1,StratifiedKFoldDynamic_Degree_b300,2,4,GAT,100,305,205,0.42781493067741394,0.8557047247886658,0.4748530983924866,0.8154362440109253,True,100
syn-cora-h0.70-r1,StratifiedKFoldDynamic_Degree_b300,2,4,GAT,101,386,286,0.43022727966308594,0.8489933013916016,0.46329569816589355,0.8154362440109253,True,100
syn-cora-h0.70-r1,StratifiedKFoldDynamic_Degree_b300,2,5,GAT,101,236,136,0.5018635392189026,0.8355704545974731,0.43337205052375793,0.8791946172714233,True,100
syn-cora-h0.70-r1,StratifiedKFoldDynamic_NeighHet_b300,2,2,GAT,100,205,105,0.4423723816871643,0.8691275119781494,0.5080606937408447,0.818791925907135,True,100
syn-cora-h0.70-r1,StratifiedKFoldDynamic_NeighHet_b300,2,2,GAT,101,238,138,0.42709723114967346,0.8657718300819397,0.5127375721931458,0.818791925907135,True,100
syn-cora-h0.70-r1,StratifiedKFoldDynamic_NeighHet_b300,2,1,GAT,100,260,160,0.428600937128067,0.8389261960983276,0.5321283936500549,0.8053691387176514,True,100
syn-cora-h0.70-r1,StratifiedKFoldDynamic_NeighHet_b300,2,3,GAT,100,185,85,0.48853251338005066,0.8557047247886658,0.46100524067878723,0.8422818779945374,True,100
syn-cora-h0.70-r1,StratifiedKFoldDynamic_NeighHet_b300,2,4,GAT,100,187,87,0.46731889247894287,0.8422818779945374,0.5102067589759827,0.8154362440109253,True,100
syn-cora-h0.70-r1,StratifiedKFoldDynamic_NeighHet_b300,2,1,GAT,101,455,355,0.427560418844223,0.8489933013916016,0.5338084101676941,0.7885906100273132,True,100
syn-cora-h0.70-r1,StratifiedKFoldDynamic_NeighHet_b300,2,5,GAT,101,120,20,0.5308237075805664,0.8120805621147156,0.49418339133262634,0.8590604066848755,True,100
syn-cora-h0.70-r1,StratifiedKFoldDynamic_NeighHet_b300,2,3,GAT,101,346,246,0.47865793108940125,0.8590604066848755,0.455970823764801,0.8355704545974731,True,100
syn-cora-h0.70-r1,StratifiedKFoldDynamic_NeighHet_b300,2,5,GAT,100,181,81,0.5358204245567322,0.7953020334243774,0.4583275318145752,0.8489933013916016,True,100
syn-cora-h0.70-r1,StratifiedKFoldDynamic_NeighHet_b300,2,4,GAT,101,276,176,0.45495784282684326,0.8322147727012634,0.49174606800079346,0.8221476674079895,True,100
syn-cora-h0.70-r1,StratifiedKFoldDynamic_PageRank_b300,2,1,GAT,101,119,19,0.47223320603370667,0.8523489832878113,0.4647044837474823,0.8590604066848755,True,100
syn-cora-h0.70-r1,StratifiedKFoldDynamic_PageRank_b300,2,1,GAT,100,156,56,0.4728321433067322,0.8355704545974731,0.45537853240966797,0.8456375598907471,True,100
syn-cora-h0.70-r1,StratifiedKFoldDynamic_PageRank_b300,2,2,GAT,100,183,83,0.468463659286499,0.8456375598907471,0.46476176381111145,0.8523489832878113,True,100
syn-cora-h0.70-r1,StratifiedKFoldDynamic_PageRank_b300,2,2,GAT,101,204,104,0.49285298585891724,0.8322147727012634,0.48167121410369873,0.8322147727012634,True,100
syn-cora-h0.70-r1,StratifiedKFoldDynamic_PageRank_b300,2,3,GAT,100,162,62,0.4755179286003113,0.8590604066848755,0.5227751731872559,0.8154362440109253,True,100
syn-cora-h0.70-r1,StratifiedKFoldDynamic_PageRank_b300,2,3,GAT,101,172,72,0.46880218386650085,0.8523489832878113,0.5433912873268127,0.8020133972167969,True,100
syn-cora-h0.70-r1,StratifiedKFoldDynamic_PageRank_b300,2,4,GAT,101,189,89,0.48952192068099976,0.8322147727012634,0.4509478509426117,0.8624160885810852,True,100
syn-cora-h0.70-r1,StratifiedKFoldDynamic_PageRank_b300,2,5,GAT,100,119,19,0.476232647895813,0.8456375598907471,0.5108180642127991,0.8120805621147156,True,100
syn-cora-h0.70-r1,StratifiedKFoldDynamic_PageRank_b300,2,4,GAT,100,259,159,0.4917740821838379,0.818791925907135,0.47218671441078186,0.8624160885810852,True,100
syn-cora-h0.70-r1,StratifiedKFoldDynamic_PageRank_b300,2,5,GAT,101,120,20,0.47320911288261414,0.8691275119781494,0.5109931826591492,0.8288590312004089,True,100
syn-cora-h0.70-r1,StratifiedKFoldDynamic_EigCentrality_b300,2,2,GAT,101,118,18,0.499351441860199,0.8355704545974731,0.45630523562431335,0.8557047247886658,True,100
syn-cora-h0.70-r1,StratifiedKFoldDynamic_EigCentrality_b300,2,2,GAT,100,155,55,0.4777553081512451,0.8389261960983276,0.4640459418296814,0.8322147727012634,True,100
syn-cora-h0.70-r1,StratifiedKFoldDynamic_EigCentrality_b300,2,1,GAT,100,161,61,0.45069292187690735,0.8422818779945374,0.5270940661430359,0.8087248206138611,True,100
syn-cora-h0.70-r1,StratifiedKFoldDynamic_EigCentrality_b300,2,1,GAT,101,162,62,0.4516098201274872,0.8590604066848755,0.49798384308815,0.8322147727012634,True,100
syn-cora-h0.70-r1,StratifiedKFoldDynamic_EigCentrality_b300,2,3,GAT,100,153,53,0.4713730812072754,0.8557047247886658,0.46666327118873596,0.8456375598907471,True,100
syn-cora-h0.70-r1,StratifiedKFoldDynamic_EigCentrality_b300,2,4,GAT,100,118,18,0.5386263728141785,0.8489933013916016,0.48247846961021423,0.8523489832878113,True,100
syn-cora-h0.70-r1,StratifiedKFoldDynamic_EigCentrality_b300,2,3,GAT,101,207,107,0.4582732617855072,0.8456375598907471,0.5139865279197693,0.8288590312004089,True,100
syn-cora-h0.70-r1,StratifiedKFoldDynamic_EigCentrality_b300,2,5,GAT,101,121,21,0.4714268445968628,0.8523489832878113,0.5708478093147278,0.8255033493041992,True,100
syn-cora-h0.70-r1,StratifiedKFoldDynamic_EigCentrality_b300,2,5,GAT,100,236,136,0.48876816034317017,0.8221476674079895,0.5651806592941284,0.8053691387176514,True,100
syn-cora-h0.70-r1,StratifiedKFoldDynamic_EigCentrality_b300,2,4,GAT,101,356,256,0.5164957642555237,0.818791925907135,0.4582118093967438,0.8322147727012634,True,100
syn-cora-h0.70-r1,StratifiedKFoldDynamic_Clustering_b300,2,2,GAT,100,118,18,0.5337783694267273,0.8221476674079895,0.48892056941986084,0.8456375598907471,True,100
syn-cora-h0.70-r1,StratifiedKFoldDynamic_Clustering_b300,2,1,GAT,100,119,19,0.4985087215900421,0.8456375598907471,0.5221672058105469,0.8255033493041992,True,100
syn-cora-h0.70-r1,StratifiedKFoldDynamic_Clustering_b300,2,1,GAT,101,213,113,0.4602014422416687,0.8422818779945374,0.5207451581954956,0.7986577153205872,True,100
syn-cora-h0.70-r1,StratifiedKFoldDynamic_Clustering_b300,2,3,GAT,101,132,32,0.46499043703079224,0.8523489832878113,0.5441561937332153,0.7953020334243774,True,100
syn-cora-h0.70-r1,StratifiedKFoldDynamic_Clustering_b300,2,3,GAT,100,164,64,0.47352445125579834,0.8422818779945374,0.5379173159599304,0.7986577153205872,True,100
syn-cora-h0.70-r1,StratifiedKFoldDynamic_Clustering_b300,2,4,GAT,101,120,20,0.5379473567008972,0.8087248206138611,0.4606023132801056,0.8724831938743591,True,100
syn-cora-h0.70-r1,StratifiedKFoldDynamic_Clustering_b300,2,2,GAT,101,373,273,0.5292730331420898,0.818791925907135,0.4713919162750244,0.8422818779945374,True,100
syn-cora-h0.70-r1,StratifiedKFoldDynamic_Clustering_b300,2,4,GAT,100,192,92,0.5401079058647156,0.8120805621147156,0.48437201976776123,0.8489933013916016,True,100
syn-cora-h0.70-r1,StratifiedKFoldDynamic_Clustering_b300,2,5,GAT,100,196,96,0.5023840665817261,0.818791925907135,0.5244506001472473,0.8422818779945374,True,100
syn-cora-h0.70-r1,StratifiedKFoldDynamic_Clustering_b300,2,5,GAT,101,119,19,0.4946128726005554,0.8322147727012634,0.5207416415214539,0.8288590312004089,True,100
syn-cora-h0.70-r1,RandomKFold,3,2,GAT,101,165,65,0.43592578172683716,0.8389261960983276,0.5443447232246399,0.818791925907135,True,100
syn-cora-h0.70-r1,RandomKFold,3,1,GAT,101,166,66,0.509371280670166,0.8355704545974731,0.5221533179283142,0.8288590312004089,True,100
syn-cora-h0.70-r1,RandomKFold,3,2,GAT,100,194,94,0.43794599175453186,0.8422818779945374,0.5543636083602905,0.8255033493041992,True,100
syn-cora-h0.70-r1,RandomKFold,3,1,GAT,100,226,126,0.5084272027015686,0.8389261960983276,0.5528231859207153,0.8053691387176514,True,100
syn-cora-h0.70-r1,RandomKFold,3,4,GAT,100,121,21,0.5007297396659851,0.8590604066848755,0.4516737163066864,0.8758389353752136,True,100
syn-cora-h0.70-r1,RandomKFold,3,3,GAT,100,155,55,0.46401476860046387,0.8456375598907471,0.4607391953468323,0.8590604066848755,True,100
syn-cora-h0.70-r1,RandomKFold,3,4,GAT,101,116,16,0.5044500231742859,0.8422818779945374,0.4520629644393921,0.8758389353752136,True,100
syn-cora-h0.70-r1,RandomKFold,3,3,GAT,101,195,95,0.4449584186077118,0.8557047247886658,0.47429800033569336,0.8154362440109253,True,100
syn-cora-h0.70-r1,RandomKFold,3,5,GAT,101,121,21,0.5239750146865845,0.8355704545974731,0.5112144351005554,0.8255033493041992,True,100
syn-cora-h0.70-r1,RandomKFold,3,5,GAT,100,164,64,0.5475214123725891,0.8288590312004089,0.5365275144577026,0.8154362440109253,True,100
syn-cora-h0.70-r1,LabelStratifiedKFold,3,2,GAT,101,120,20,0.47503533959388733,0.8523489832878113,0.42732828855514526,0.8691275119781494,True,100
syn-cora-h0.70-r1,LabelStratifiedKFold,3,2,GAT,100,124,24,0.47837328910827637,0.8422818779945374,0.440417617559433,0.8825503587722778,True,100
syn-cora-h0.70-r1,LabelStratifiedKFold,3,1,GAT,101,179,79,0.42694103717803955,0.8456375598907471,0.5174000263214111,0.8154362440109253,True,100
syn-cora-h0.70-r1,LabelStratifiedKFold,3,3,GAT,101,120,20,0.47095823287963867,0.8657718300819397,0.47802355885505676,0.8456375598907471,True,100
syn-cora-h0.70-r1,LabelStratifiedKFold,3,4,GAT,100,151,51,0.565881609916687,0.8087248206138611,0.4926551580429077,0.8322147727012634,True,100
syn-cora-h0.70-r1,LabelStratifiedKFold,3,3,GAT,100,227,127,0.46298468112945557,0.8389261960983276,0.49159154295921326,0.8221476674079895,True,100
syn-cora-h0.70-r1,LabelStratifiedKFold,3,4,GAT,101,125,25,0.54413241147995,0.8221476674079895,0.4929744601249695,0.8489933013916016,True,100
syn-cora-h0.70-r1,LabelStratifiedKFold,3,1,GAT,100,434,334,0.41888993978500366,0.8557047247886658,0.5126266479492188,0.8322147727012634,True,100
syn-cora-h0.70-r1,LabelStratifiedKFold,3,5,GAT,100,183,83,0.5002503395080566,0.8288590312004089,0.5531854033470154,0.8053691387176514,True,100
syn-cora-h0.70-r1,LabelStratifiedKFold,3,5,GAT,101,205,105,0.49141228199005127,0.8322147727012634,0.5647722482681274,0.7986577153205872,True,100
syn-cora-h0.70-r1,StratifiedKFoldDynamic_Degree_b300,3,1,GAT,101,119,19,0.4956158995628357,0.8422818779945374,0.5402730107307434,0.818791925907135,True,100
syn-cora-h0.70-r1,StratifiedKFoldDynamic_Degree_b300,3,1,GAT,100,126,26,0.48314931988716125,0.8355704545974731,0.528272271156311,0.8120805621147156,True,100
syn-cora-h0.70-r1,StratifiedKFoldDynamic_Degree_b300,3,2,GAT,101,199,99,0.44127681851387024,0.8255033493041992,0.4745814800262451,0.8523489832878113,True,100
syn-cora-h0.70-r1,StratifiedKFoldDynamic_Degree_b300,3,3,GAT,101,118,18,0.5142600536346436,0.8489933013916016,0.4680434763431549,0.8355704545974731,True,100
syn-cora-h0.70-r1,StratifiedKFoldDynamic_Degree_b300,3,3,GAT,100,168,68,0.5307692289352417,0.8288590312004089,0.5045928359031677,0.818791925907135,True,100
syn-cora-h0.70-r1,StratifiedKFoldDynamic_Degree_b300,3,2,GAT,100,337,237,0.4404031038284302,0.8221476674079895,0.46375980973243713,0.8456375598907471,True,100
syn-cora-h0.70-r1,StratifiedKFoldDynamic_Degree_b300,3,4,GAT,101,225,125,0.4861378073692322,0.8355704545974731,0.5148206949234009,0.8221476674079895,True,100
syn-cora-h0.70-r1,StratifiedKFoldDynamic_Degree_b300,3,4,GAT,100,275,175,0.49185261130332947,0.8355704545974731,0.5566885471343994,0.8087248206138611,True,100
syn-cora-h0.70-r1,StratifiedKFoldDynamic_Degree_b300,3,5,GAT,101,199,99,0.5216723084449768,0.8355704545974731,0.4847266674041748,0.8288590312004089,True,100
syn-cora-h0.70-r1,StratifiedKFoldDynamic_Degree_b300,3,5,GAT,100,266,166,0.5140530467033386,0.818791925907135,0.4881369173526764,0.8489933013916016,True,100
syn-cora-h0.70-r1,StratifiedKFoldDynamic_NeighHet_b300,3,2,GAT,101,181,81,0.4807308614253998,0.8456375598907471,0.4850395619869232,0.8389261960983276,True,100
syn-cora-h0.70-r1,StratifiedKFoldDynamic_NeighHet_b300,3,2,GAT,100,192,92,0.4792228937149048,0.8590604066848755,0.4854077696800232,0.8422818779945374,True,100
syn-cora-h0.70-r1,StratifiedKFoldDynamic_NeighHet_b300,3,1,GAT,101,234,134,0.44785958528518677,0.8355704545974731,0.46076688170433044,0.8322147727012634,True,100
syn-cora-h0.70-r1,StratifiedKFoldDynamic_NeighHet_b300,3,1,GAT,100,263,163,0.4499908983707428,0.8355704545974731,0.5109858512878418,0.8053691387176514,True,100
syn-cora-h0.70-r1,StratifiedKFoldDynamic_NeighHet_b300,3,3,GAT,100,122,22,0.487475723028183,0.8489933013916016,0.5276346802711487,0.8355704545974731,True,100
syn-cora-h0.70-r1,StratifiedKFoldDynamic_NeighHet_b300,3,3,GAT,101,121,21,0.48846590518951416,0.8221476674079895,0.5367115139961243,0.7986577153205872,True,100
syn-cora-h0.70-r1,StratifiedKFoldDynamic_NeighHet_b300,3,4,GAT,101,126,26,0.5012648105621338,0.8288590312004089,0.5031498074531555,0.8255033493041992,True,100
syn-cora-h0.70-r1,StratifiedKFoldDynamic_NeighHet_b300,3,5,GAT,100,163,63,0.49093812704086304,0.818791925907135,0.495304137468338,0.8322147727012634,True,100
syn-cora-h0.70-r1,StratifiedKFoldDynamic_NeighHet_b300,3,4,GAT,100,272,172,0.4849277436733246,0.818791925907135,0.5000873804092407,0.8422818779945374,True,100
syn-cora-h0.70-r1,StratifiedKFoldDynamic_NeighHet_b300,3,5,GAT,101,198,98,0.4649231731891632,0.8120805621147156,0.4901465177536011,0.8456375598907471,True,100
syn-cora-h0.70-r1,StratifiedKFoldDynamic_PageRank_b300,3,2,GAT,101,124,24,0.44830819964408875,0.8456375598907471,0.5026901364326477,0.8221476674079895,True,100
syn-cora-h0.70-r1,StratifiedKFoldDynamic_PageRank_b300,3,1,GAT,101,125,25,0.5163550972938538,0.818791925907135,0.5415465831756592,0.8288590312004089,True,100
syn-cora-h0.70-r1,StratifiedKFoldDynamic_PageRank_b300,3,1,GAT,100,165,65,0.522958517074585,0.8120805621147156,0.5630982518196106,0.7953020334243774,True,100
syn-cora-h0.70-r1,StratifiedKFoldDynamic_PageRank_b300,3,2,GAT,100,284,184,0.44983914494514465,0.8355704545974731,0.5704216957092285,0.8154362440109253,True,100
syn-cora-h0.70-r1,StratifiedKFoldDynamic_PageRank_b300,3,4,GAT,100,129,29,0.5420424938201904,0.8020133972167969,0.5235269069671631,0.8355704545974731,True,100
syn-cora-h0.70-r1,StratifiedKFoldDynamic_PageRank_b300,3,3,GAT,100,201,101,0.48806098103523254,0.8389261960983276,0.46108710765838623,0.8288590312004089,True,100
syn-cora-h0.70-r1,StratifiedKFoldDynamic_PageRank_b300,3,3,GAT,101,208,108,0.4838748276233673,0.8456375598907471,0.4915972650051117,0.818791925907135,True,100
syn-cora-h0.70-r1,StratifiedKFoldDynamic_PageRank_b300,3,5,GAT,100,119,19,0.5389517545700073,0.8255033493041992,0.5257120728492737,0.8322147727012634,True,100
syn-cora-h0.70-r1,StratifiedKFoldDynamic_PageRank_b300,3,5,GAT,101,127,27,0.5393771529197693,0.8154362440109253,0.5284146666526794,0.8221476674079895,True,100
syn-cora-h0.70-r1,StratifiedKFoldDynamic_PageRank_b300,3,4,GAT,101,200,100,0.5003114938735962,0.8221476674079895,0.49549493193626404,0.8255033493041992,True,100
syn-cora-h0.70-r1,StratifiedKFoldDynamic_EigCentrality_b300,3,2,GAT,100,161,61,0.4704240560531616,0.8288590312004089,0.4826381504535675,0.8288590312004089,True,100
syn-cora-h0.70-r1,StratifiedKFoldDynamic_EigCentrality_b300,3,1,GAT,101,169,69,0.4767495095729828,0.8288590312004089,0.5151245594024658,0.8255033493041992,True,100
syn-cora-h0.70-r1,StratifiedKFoldDynamic_EigCentrality_b300,3,2,GAT,101,240,140,0.4677303731441498,0.8355704545974731,0.5165064930915833,0.7885906100273132,True,100
syn-cora-h0.70-r1,StratifiedKFoldDynamic_EigCentrality_b300,3,1,GAT,100,249,149,0.45942702889442444,0.8422818779945374,0.5274132490158081,0.8288590312004089,True,100
syn-cora-h0.70-r1,StratifiedKFoldDynamic_EigCentrality_b300,3,3,GAT,101,120,20,0.427391916513443,0.8724831938743591,0.4650043845176697,0.8389261960983276,True,100
syn-cora-h0.70-r1,StratifiedKFoldDynamic_EigCentrality_b300,3,3,GAT,100,195,95,0.4046494662761688,0.8624160885810852,0.47996535897254944,0.8221476674079895,True,100
syn-cora-h0.70-r1,StratifiedKFoldDynamic_EigCentrality_b300,3,4,GAT,101,120,20,0.532226026058197,0.8456375598907471,0.433144748210907,0.8691275119781494,True,100
syn-cora-h0.70-r1,StratifiedKFoldDynamic_EigCentrality_b300,3,4,GAT,100,171,71,0.5599322319030762,0.7852349281311035,0.4526263177394867,0.8255033493041992,True,100
syn-cora-h0.70-r1,StratifiedKFoldDynamic_EigCentrality_b300,3,5,GAT,100,203,103,0.5032684206962585,0.8355704545974731,0.6012683510780334,0.781879186630249,True,100
syn-cora-h0.70-r1,StratifiedKFoldDynamic_EigCentrality_b300,3,5,GAT,101,239,139,0.524749219417572,0.8322147727012634,0.5920748114585876,0.7986577153205872,True,100
syn-cora-h0.70-r1,StratifiedKFoldDynamic_Clustering_b300,3,1,GAT,101,235,135,0.4001040756702423,0.8489933013916016,0.5413659811019897,0.8020133972167969,True,100
syn-cora-h0.70-r1,StratifiedKFoldDynamic_Clustering_b300,3,2,GAT,100,264,164,0.48696500062942505,0.8154362440109253,0.4301503896713257,0.8557047247886658,True,100
syn-cora-h0.70-r1,StratifiedKFoldDynamic_Clustering_b300,3,1,GAT,100,292,192,0.39179980754852295,0.8624160885810852,0.5436598062515259,0.8020133972167969,True,100
syn-cora-h0.70-r1,StratifiedKFoldDynamic_Clustering_b300,3,2,GAT,101,362,262,0.49334782361984253,0.8221476674079895,0.42066359519958496,0.8624160885810852,True,100
syn-cora-h0.70-r1,StratifiedKFoldDynamic_Clustering_b300,3,3,GAT,100,160,60,0.4506758749485016,0.8389261960983276,0.45788073539733887,0.8288590312004089,True,100
syn-cora-h0.70-r1,StratifiedKFoldDynamic_Clustering_b300,3,4,GAT,100,156,56,0.6215758323669434,0.818791925907135,0.4474545121192932,0.8557047247886658,True,100
syn-cora-h0.70-r1,StratifiedKFoldDynamic_Clustering_b300,3,3,GAT,101,205,105,0.4743969738483429,0.8355704545974731,0.47196951508522034,0.818791925907135,True,100
syn-cora-h0.70-r1,StratifiedKFoldDynamic_Clustering_b300,3,4,GAT,101,170,70,0.5856291055679321,0.818791925907135,0.4702945649623871,0.8456375598907471,True,100
syn-cora-h0.70-r1,StratifiedKFoldDynamic_Clustering_b300,3,5,GAT,101,125,25,0.47815027832984924,0.8489933013916016,0.6110672950744629,0.7986577153205872,True,100
syn-cora-h0.70-r1,StratifiedKFoldDynamic_Clustering_b300,3,5,GAT,100,199,99,0.4892275035381317,0.8255033493041992,0.6388753056526184,0.791946291923523,True,100
syn-cora-h0.70-r1,RandomKFold,4,1,GAT,100,117,17,0.4728061258792877,0.8489933013916016,0.5694277882575989,0.791946291923523,True,100
syn-cora-h0.70-r1,RandomKFold,4,2,GAT,101,119,19,0.49399566650390625,0.8389261960983276,0.48050418496131897,0.8557047247886658,True,100
syn-cora-h0.70-r1,RandomKFold,4,1,GAT,101,120,20,0.4810730516910553,0.8523489832878113,0.5238493084907532,0.8154362440109253,True,100
syn-cora-h0.70-r1,RandomKFold,4,2,GAT,100,153,53,0.5304426550865173,0.8322147727012634,0.49855348467826843,0.8120805621147156,True,100
syn-cora-h0.70-r1,RandomKFold,4,4,GAT,101,201,101,0.44693997502326965,0.8355704545974731,0.49606993794441223,0.8456375598907471,True,100
syn-cora-h0.70-r1,RandomKFold,4,3,GAT,101,286,186,0.45301127433776855,0.8322147727012634,0.5237482786178589,0.8288590312004089,True,100
syn-cora-h0.70-r1,RandomKFold,4,4,GAT,100,348,248,0.40213531255722046,0.8590604066848755,0.49364757537841797,0.818791925907135,True,100
syn-cora-h0.70-r1,RandomKFold,4,3,GAT,100,360,260,0.44341421127319336,0.8724831938743591,0.5408767461776733,0.8087248206138611,True,100
syn-cora-h0.70-r1,RandomKFold,4,5,GAT,100,192,92,0.5306822657585144,0.8221476674079895,0.43029266595840454,0.8322147727012634,True,100
syn-cora-h0.70-r1,RandomKFold,4,5,GAT,101,192,92,0.5426181554794312,0.8087248206138611,0.4545186161994934,0.8422818779945374,True,100
syn-cora-h0.70-r1,LabelStratifiedKFold,4,1,GAT,100,155,55,0.3962860703468323,0.8523489832878113,0.5767691731452942,0.8087248206138611,True,100
syn-cora-h0.70-r1,LabelStratifiedKFold,4,2,GAT,100,160,60,0.40440690517425537,0.8557047247886658,0.4279862642288208,0.8590604066848755,True,100
syn-cora-h0.70-r1,LabelStratifiedKFold,4,1,GAT,101,298,198,0.39272746443748474,0.8456375598907471,0.553214430809021,0.818791925907135,True,100
syn-cora-h0.70-r1,LabelStratifiedKFold,4,3,GAT,101,243,143,0.5568892359733582,0.8221476674079895,0.4069446623325348,0.8590604066848755,True,100
syn-cora-h0.70-r1,LabelStratifiedKFold,4,4,GAT,100,117,17,0.513627827167511,0.8355704545974731,0.5751148462295532,0.8087248206138611,True,100
syn-cora-h0.70-r1,LabelStratifiedKFold,4,2,GAT,101,418,318,0.40513622760772705,0.8590604066848755,0.44743481278419495,0.8456375598907471,True,100
syn-cora-h0.70-r1,LabelStratifiedKFold,4,3,GAT,100,279,179,0.5464591979980469,0.8322147727012634,0.3912648558616638,0.8657718300819397,True,100
syn-cora-h0.70-r1,LabelStratifiedKFold,4,4,GAT,101,125,25,0.5201647281646729,0.8087248206138611,0.5538842678070068,0.8288590312004089,True,100
syn-cora-h0.70-r1,LabelStratifiedKFold,4,5,GAT,100,122,22,0.5595481991767883,0.8422818779945374,0.5397660136222839,0.8288590312004089,True,100
syn-cora-h0.70-r1,LabelStratifiedKFold,4,5,GAT,101,121,21,0.5285386443138123,0.8154362440109253,0.5391843914985657,0.818791925907135,True,100
syn-cora-h0.70-r1,StratifiedKFoldDynamic_Degree_b300,4,1,GAT,100,115,15,0.5915344953536987,0.8154362440109253,0.5055840611457825,0.8456375598907471,True,100
syn-cora-h0.70-r1,StratifiedKFoldDynamic_Degree_b300,4,2,GAT,100,119,19,0.5079638957977295,0.8456375598907471,0.592018187046051,0.8087248206138611,True,100
syn-cora-h0.70-r1,StratifiedKFoldDynamic_Degree_b300,4,1,GAT,101,125,25,0.5447562336921692,0.8120805621147156,0.454934298992157,0.8624160885810852,True,100
syn-cora-h0.70-r1,StratifiedKFoldDynamic_Degree_b300,4,2,GAT,101,127,27,0.5146062970161438,0.8456375598907471,0.5566465854644775,0.8087248206138611,True,100
syn-cora-h0.70-r1,StratifiedKFoldDynamic_Degree_b300,4,4,GAT,100,124,24,0.4987678825855255,0.8288590312004089,0.4715956151485443,0.8489933013916016,True,100
syn-cora-h0.70-r1,StratifiedKFoldDynamic_Degree_b300,4,3,GAT,100,164,64,0.4437781870365143,0.8691275119781494,0.5034836530685425,0.8221476674079895,True,100
syn-cora-h0.70-r1,StratifiedKFoldDynamic_Degree_b300,4,4,GAT,101,195,95,0.5119405388832092,0.8389261960983276,0.48309725522994995,0.8322147727012634,True,100
syn-cora-h0.70-r1,StratifiedKFoldDynamic_Degree_b300,4,3,GAT,101,216,116,0.4541741609573364,0.8523489832878113,0.5535575747489929,0.8087248206138611,True,100
syn-cora-h0.70-r1,StratifiedKFoldDynamic_Degree_b300,4,5,GAT,100,232,132,0.44518500566482544,0.8255033493041992,0.4962921142578125,0.8221476674079895,True,100
syn-cora-h0.70-r1,StratifiedKFoldDynamic_Degree_b300,4,5,GAT,101,272,172,0.4486929476261139,0.8422818779945374,0.5035929083824158,0.8087248206138611,True,100
syn-cora-h0.70-r1,StratifiedKFoldDynamic_NeighHet_b300,4,2,GAT,100,121,21,0.49335208535194397,0.8489933013916016,0.5191299319267273,0.8355704545974731,True,100
syn-cora-h0.70-r1,StratifiedKFoldDynamic_NeighHet_b300,4,2,GAT,101,121,21,0.49380990862846375,0.8422818779945374,0.5015192031860352,0.8255033493041992,True,100
syn-cora-h0.70-r1,StratifiedKFoldDynamic_NeighHet_b300,4,1,GAT,100,206,106,0.4592324197292328,0.8221476674079895,0.5012695789337158,0.8355704545974731,True,100
syn-cora-h0.70-r1,StratifiedKFoldDynamic_NeighHet_b300,4,3,GAT,101,120,20,0.49610844254493713,0.8355704545974731,0.47902458906173706,0.8389261960983276,True,100
syn-cora-h0.70-r1,StratifiedKFoldDynamic_NeighHet_b300,4,3,GAT,100,127,27,0.5148226022720337,0.8322147727012634,0.5000525116920471,0.8389261960983276,True,100
syn-cora-h0.70-r1,StratifiedKFoldDynamic_NeighHet_b300,4,1,GAT,101,276,176,0.45047590136528015,0.818791925907135,0.49606603384017944,0.8489933013916016,True,100
syn-cora-h0.70-r1,StratifiedKFoldDynamic_NeighHet_b300,4,5,GAT,100,115,15,0.5073440670967102,0.8557047247886658,0.5317033529281616,0.8288590312004089,True,100
syn-cora-h0.70-r1,StratifiedKFoldDynamic_NeighHet_b300,4,4,GAT,100,182,82,0.4717264473438263,0.8557047247886658,0.49051544070243835,0.8355704545974731,True,100
syn-cora-h0.70-r1,StratifiedKFoldDynamic_NeighHet_b300,4,5,GAT,101,120,20,0.4886351227760315,0.8355704545974731,0.48875728249549866,0.8624160885810852,True,100
syn-cora-h0.70-r1,StratifiedKFoldDynamic_NeighHet_b300,4,4,GAT,101,325,225,0.45487356185913086,0.8422818779945374,0.5187037587165833,0.8322147727012634,True,100
syn-cora-h0.70-r1,StratifiedKFoldDynamic_PageRank_b300,4,2,GAT,101,184,84,0.482948362827301,0.8389261960983276,0.5007063150405884,0.8322147727012634,True,100
syn-cora-h0.70-r1,StratifiedKFoldDynamic_PageRank_b300,4,1,GAT,101,205,105,0.48330333828926086,0.8389261960983276,0.4863603413105011,0.8422818779945374,True,100
syn-cora-h0.70-r1,StratifiedKFoldDynamic_PageRank_b300,4,1,GAT,100,227,127,0.4807667136192322,0.8355704545974731,0.47820132970809937,0.8523489832878113,True,100
syn-cora-h0.70-r1,StratifiedKFoldDynamic_PageRank_b300,4,3,GAT,100,121,21,0.49252092838287354,0.8255033493041992,0.5129691362380981,0.8389261960983276,True,100
syn-cora-h0.70-r1,StratifiedKFoldDynamic_PageRank_b300,4,2,GAT,100,320,220,0.4658859074115753,0.8456375598907471,0.5234018564224243,0.8120805621147156,True,100
syn-cora-h0.70-r1,StratifiedKFoldDynamic_PageRank_b300,4,4,GAT,100,227,127,0.46355345845222473,0.8389261960983276,0.5000495910644531,0.8087248206138611,True,100
syn-cora-h0.70-r1,StratifiedKFoldDynamic_PageRank_b300,4,3,GAT,101,296,196,0.4994698762893677,0.8020133972167969,0.5289693474769592,0.8322147727012634,True,100
syn-cora-h0.70-r1,StratifiedKFoldDynamic_PageRank_b300,4,4,GAT,101,241,141,0.46700042486190796,0.8255033493041992,0.5072811841964722,0.8221476674079895,True,100
syn-cora-h0.70-r1,StratifiedKFoldDynamic_PageRank_b300,4,5,GAT,100,250,150,0.44907164573669434,0.8557047247886658,0.46281197667121887,0.8288590312004089,True,100
syn-cora-h0.70-r1,StratifiedKFoldDynamic_PageRank_b300,4,5,GAT,101,120,20,0.4761754870414734,0.8557047247886658,0.4692419767379761,0.8657718300819397,True,100
syn-cora-h0.70-r1,StratifiedKFoldDynamic_EigCentrality_b300,4,1,GAT,101,118,18,0.49822598695755005,0.8523489832878113,0.5674765706062317,0.8120805621147156,True,100
syn-cora-h0.70-r1,StratifiedKFoldDynamic_EigCentrality_b300,4,2,GAT,100,126,26,0.4921794533729553,0.8523489832878113,0.47422072291374207,0.8489933013916016,True,100
syn-cora-h0.70-r1,StratifiedKFoldDynamic_EigCentrality_b300,4,1,GAT,100,139,39,0.5005850195884705,0.8322147727012634,0.5849972367286682,0.8053691387176514,True,100
syn-cora-h0.70-r1,StratifiedKFoldDynamic_EigCentrality_b300,4,2,GAT,101,223,123,0.4916582703590393,0.8422818779945374,0.49520429968833923,0.8523489832878113,True,100
syn-cora-h0.70-r1,StratifiedKFoldDynamic_EigCentrality_b300,4,3,GAT,101,120,20,0.4980103671550751,0.8389261960983276,0.5268999338150024,0.8456375598907471,True,100
syn-cora-h0.70-r1,StratifiedKFoldDynamic_EigCentrality_b300,4,4,GAT,100,123,23,0.46408337354660034,0.8657718300819397,0.5449659824371338,0.8255033493041992,True,100
syn-cora-h0.70-r1,StratifiedKFoldDynamic_EigCentrality_b300,4,3,GAT,100,165,65,0.49037906527519226,0.8355704545974731,0.515017032623291,0.8456375598907471,True,100
syn-cora-h0.70-r1,StratifiedKFoldDynamic_EigCentrality_b300,4,4,GAT,101,124,24,0.43709737062454224,0.8523489832878113,0.5161399841308594,0.8255033493041992,True,100
syn-cora-h0.70-r1,StratifiedKFoldDynamic_EigCentrality_b300,4,5,GAT,101,128,28,0.5523569583892822,0.8087248206138611,0.41892310976982117,0.8523489832878113,True,100
syn-cora-h0.70-r1,StratifiedKFoldDynamic_EigCentrality_b300,4,5,GAT,100,156,56,0.5307165384292603,0.8154362440109253,0.4618000388145447,0.8489933013916016,True,100
syn-cora-h0.70-r1,StratifiedKFoldDynamic_Clustering_b300,4,1,GAT,100,133,33,0.5491052269935608,0.7986577153205872,0.44178587198257446,0.8489933013916016,True,100
syn-cora-h0.70-r1,StratifiedKFoldDynamic_Clustering_b300,4,2,GAT,101,163,63,0.48387572169303894,0.8489933013916016,0.5251085162162781,0.8087248206138611,True,100
syn-cora-h0.70-r1,StratifiedKFoldDynamic_Clustering_b300,4,1,GAT,101,163,63,0.5470957159996033,0.7986577153205872,0.4018074572086334,0.8557047247886658,True,100
syn-cora-h0.70-r1,StratifiedKFoldDynamic_Clustering_b300,4,2,GAT,100,165,65,0.4755723178386688,0.8389261960983276,0.5343139171600342,0.818791925907135,True,100
syn-cora-h0.70-r1,StratifiedKFoldDynamic_Clustering_b300,4,4,GAT,101,177,77,0.45092907547950745,0.8355704545974731,0.5516875386238098,0.8288590312004089,True,100
syn-cora-h0.70-r1,StratifiedKFoldDynamic_Clustering_b300,4,4,GAT,100,238,138,0.4818826913833618,0.8489933013916016,0.5173868536949158,0.8355704545974731,True,100
syn-cora-h0.70-r1,StratifiedKFoldDynamic_Clustering_b300,4,3,GAT,100,280,180,0.480868399143219,0.8523489832878113,0.5400770306587219,0.7986577153205872,True,100
syn-cora-h0.70-r1,StratifiedKFoldDynamic_Clustering_b300,4,3,GAT,101,337,237,0.4861903786659241,0.8557047247886658,0.4896068572998047,0.8288590312004089,True,100
syn-cora-h0.70-r1,StratifiedKFoldDynamic_Clustering_b300,4,5,GAT,100,176,76,0.42475172877311707,0.8557047247886658,0.5182386040687561,0.8288590312004089,True,100
syn-cora-h0.70-r1,StratifiedKFoldDynamic_Clustering_b300,4,5,GAT,101,209,109,0.4017452001571655,0.8523489832878113,0.4871772527694702,0.8288590312004089,True,100
syn-cora-h0.80-r1,RandomKFold,0,2,GAT,101,140,40,0.3085109293460846,0.9194630980491638,0.27065688371658325,0.8926174640655518,True,100
syn-cora-h0.80-r1,RandomKFold,0,1,GAT,101,223,123,0.24574172496795654,0.9194630980491638,0.2225959300994873,0.9161073565483093,True,100
syn-cora-h0.80-r1,RandomKFold,0,2,GAT,100,233,133,0.2883850038051605,0.9127516746520996,0.2568719685077667,0.8959731459617615,True,100
syn-cora-h0.80-r1,RandomKFold,0,1,GAT,100,293,193,0.24006859958171844,0.9161073565483093,0.22655344009399414,0.9161073565483093,True,100
syn-cora-h0.80-r1,RandomKFold,0,3,GAT,100,168,68,0.17015598714351654,0.9395973086357117,0.2887518107891083,0.9228187799453735,True,100
syn-cora-h0.80-r1,RandomKFold,0,4,GAT,100,184,84,0.26588377356529236,0.9026845693588257,0.20370955765247345,0.9194630980491638,True,100
syn-cora-h0.80-r1,RandomKFold,0,3,GAT,101,242,142,0.17866086959838867,0.9395973086357117,0.3143627643585205,0.9093959927558899,True,100
syn-cora-h0.80-r1,RandomKFold,0,5,GAT,100,167,67,0.2201726734638214,0.9228187799453735,0.2515105903148651,0.9161073565483093,True,100
syn-cora-h0.80-r1,RandomKFold,0,4,GAT,101,332,232,0.27096477150917053,0.9127516746520996,0.22790905833244324,0.9228187799453735,True,100
syn-cora-h0.80-r1,RandomKFold,0,5,GAT,101,377,277,0.20005342364311218,0.9161073565483093,0.24893075227737427,0.926174521446228,True,100
syn-cora-h0.80-r1,LabelStratifiedKFold,0,2,GAT,101,134,34,0.26063087582588196,0.9161073565483093,0.2475038319826126,0.9295302033424377,True,100
syn-cora-h0.80-r1,LabelStratifiedKFold,0,1,GAT,100,198,98,0.21758173406124115,0.9161073565483093,0.24559348821640015,0.9228187799453735,True,100
syn-cora-h0.80-r1,LabelStratifiedKFold,0,2,GAT,100,252,152,0.2481968253850937,0.9194630980491638,0.23656609654426575,0.9328858852386475,True,100
syn-cora-h0.80-r1,LabelStratifiedKFold,0,1,GAT,101,281,181,0.23573815822601318,0.9026845693588257,0.2981058955192566,0.9127516746520996,True,100
syn-cora-h0.80-r1,LabelStratifiedKFold,0,3,GAT,100,168,68,0.2682000696659088,0.9060402512550354,0.24472644925117493,0.9127516746520996,True,100
syn-cora-h0.80-r1,LabelStratifiedKFold,0,3,GAT,101,178,78,0.2841750383377075,0.9060402512550354,0.2608228325843811,0.9161073565483093,True,100
syn-cora-h0.80-r1,LabelStratifiedKFold,0,5,GAT,100,237,137,0.26031216979026794,0.9127516746520996,0.23325058817863464,0.9161073565483093,True,100
syn-cora-h0.80-r1,LabelStratifiedKFold,0,4,GAT,100,303,203,0.19132113456726074,0.936241626739502,0.2640962600708008,0.9026845693588257,True,100
syn-cora-h0.80-r1,LabelStratifiedKFold,0,4,GAT,101,285,185,0.18400938808918,0.9463087320327759,0.26724889874458313,0.9161073565483093,True,100
syn-cora-h0.80-r1,LabelStratifiedKFold,0,5,GAT,101,244,144,0.27186083793640137,0.8825503587722778,0.247158020734787,0.9127516746520996,True,100
syn-cora-h0.80-r1,StratifiedKFoldDynamic_Degree_b300,0,1,GAT,101,135,35,0.24571014940738678,0.9161073565483093,0.33098286390304565,0.8959731459617615,True,100
syn-cora-h0.80-r1,StratifiedKFoldDynamic_Degree_b300,0,1,GAT,100,179,79,0.245815247297287,0.9295302033424377,0.3243233859539032,0.8926174640655518,True,100
syn-cora-h0.80-r1,StratifiedKFoldDynamic_Degree_b300,0,2,GAT,100,249,149,0.21909675002098083,0.9429529905319214,0.2601374387741089,0.9026845693588257,True,100
syn-cora-h0.80-r1,StratifiedKFoldDynamic_Degree_b300,0,2,GAT,101,260,160,0.22294698655605316,0.9194630980491638,0.24532395601272583,0.9093959927558899,True,100
syn-cora-h0.80-r1,StratifiedKFoldDynamic_Degree_b300,0,3,GAT,100,207,107,0.21358144283294678,0.9295302033424377,0.22396083176136017,0.9194630980491638,True,100
syn-cora-h0.80-r1,StratifiedKFoldDynamic_Degree_b300,0,4,GAT,101,122,22,0.22365006804466248,0.936241626739502,0.25277242064476013,0.9295302033424377,True,100
syn-cora-h0.80-r1,StratifiedKFoldDynamic_Degree_b300,0,5,GAT,100,172,72,0.3144356310367584,0.899328887462616,0.19151972234249115,0.9395973086357117,True,100
syn-cora-h0.80-r1,StratifiedKFoldDynamic_Degree_b300,0,4,GAT,100,295,195,0.21317701041698456,0.9194630980491638,0.23913684487342834,0.9194630980491638,True,100
syn-cora-h0.80-r1,StratifiedKFoldDynamic_Degree_b300,0,5,GAT,101,201,101,0.3283781409263611,0.8926174640655518,0.20866726338863373,0.9395973086357117,True,100
syn-cora-h0.80-r1,StratifiedKFoldDynamic_Degree_b300,0,3,GAT,101,432,332,0.21944954991340637,0.926174521446228,0.2403469681739807,0.9194630980491638,True,100
syn-cora-h0.80-r1,StratifiedKFoldDynamic_NeighHet_b300,0,2,GAT,101,186,86,0.2450302392244339,0.926174521446228,0.24517180025577545,0.9161073565483093,True,100
syn-cora-h0.80-r1,StratifiedKFoldDynamic_NeighHet_b300,0,2,GAT,100,196,96,0.23037216067314148,0.9395973086357117,0.230167955160141,0.9395973086357117,True,100
syn-cora-h0.80-r1,StratifiedKFoldDynamic_NeighHet_b300,0,1,GAT,100,203,103,0.24176320433616638,0.926174521446228,0.25341352820396423,0.9060402512550354,True,100
syn-cora-h0.80-r1,StratifiedKFoldDynamic_NeighHet_b300,0,1,GAT,101,264,164,0.2474581003189087,0.926174521446228,0.26720622181892395,0.9093959927558899,True,100
syn-cora-h0.80-r1,StratifiedKFoldDynamic_NeighHet_b300,0,4,GAT,100,164,64,0.27507901191711426,0.9127516746520996,0.23327872157096863,0.9228187799453735,True,100
syn-cora-h0.80-r1,StratifiedKFoldDynamic_NeighHet_b300,0,3,GAT,100,223,123,0.24284730851650238,0.9127516746520996,0.22505031526088715,0.9228187799453735,True,100
syn-cora-h0.80-r1,StratifiedKFoldDynamic_NeighHet_b300,0,3,GAT,101,267,167,0.24222475290298462,0.899328887462616,0.22830085456371307,0.9295302033424377,True,100
syn-cora-h0.80-r1,StratifiedKFoldDynamic_NeighHet_b300,0,5,GAT,100,125,25,0.2242237776517868,0.9429529905319214,0.29033464193344116,0.9127516746520996,True,100
syn-cora-h0.80-r1,StratifiedKFoldDynamic_NeighHet_b300,0,4,GAT,101,272,172,0.2690954804420471,0.9093959927558899,0.25649234652519226,0.9127516746520996,True,100
syn-cora-h0.80-r1,StratifiedKFoldDynamic_NeighHet_b300,0,5,GAT,101,167,67,0.2365720570087433,0.9194630980491638,0.27344465255737305,0.9127516746520996,True,100
syn-cora-h0.80-r1,StratifiedKFoldDynamic_PageRank_b300,0,2,GAT,101,126,26,0.22750194370746613,0.9194630980491638,0.25727126002311707,0.9127516746520996,True,100
syn-cora-h0.80-r1,StratifiedKFoldDynamic_PageRank_b300,0,2,GAT,100,160,60,0.23350271582603455,0.9228187799453735,0.19764332473278046,0.9463087320327759,True,100
syn-cora-h0.80-r1,StratifiedKFoldDynamic_PageRank_b300,0,1,GAT,100,193,93,0.21662040054798126,0.926174521446228,0.1805284172296524,0.9395973086357117,True,100
syn-cora-h0.80-r1,StratifiedKFoldDynamic_PageRank_b300,0,3,GAT,100,194,94,0.28039976954460144,0.9127516746520996,0.2549453675746918,0.9026845693588257,True,100
syn-cora-h0.80-r1,StratifiedKFoldDynamic_PageRank_b300,0,4,GAT,100,185,85,0.264900267124176,0.9161073565483093,0.3173896074295044,0.8926174640655518,True,100
syn-cora-h0.80-r1,StratifiedKFoldDynamic_PageRank_b300,0,4,GAT,101,139,39,0.28467750549316406,0.926174521446228,0.3296377658843994,0.8859060406684875,True,100
syn-cora-h0.80-r1,StratifiedKFoldDynamic_PageRank_b300,0,3,GAT,101,317,217,0.28396788239479065,0.9026845693588257,0.2341153770685196,0.9060402512550354,True,100
syn-cora-h0.80-r1,StratifiedKFoldDynamic_PageRank_b300,0,1,GAT,101,479,379,0.21590769290924072,0.926174521446228,0.17104153335094452,0.9395973086357117,True,100
syn-cora-h0.80-r1,StratifiedKFoldDynamic_PageRank_b300,0,5,GAT,101,120,20,0.19752131402492523,0.9530201554298401,0.297706663608551,0.9194630980491638,True,100
syn-cora-h0.80-r1,StratifiedKFoldDynamic_PageRank_b300,0,5,GAT,100,237,137,0.18130403757095337,0.9228187799453735,0.28266528248786926,0.9228187799453735,True,100
syn-cora-h0.80-r1,StratifiedKFoldDynamic_EigCentrality_b300,0,2,GAT,100,197,97,0.19222044944763184,0.9395973086357117,0.2407703995704651,0.9127516746520996,True,100
syn-cora-h0.80-r1,StratifiedKFoldDynamic_EigCentrality_b300,0,1,GAT,101,205,105,0.25226280093193054,0.9161073565483093,0.29660460352897644,0.8892617225646973,True,100
syn-cora-h0.80-r1,StratifiedKFoldDynamic_EigCentrality_b300,0,1,GAT,100,281,181,0.2384594976902008,0.926174521446228,0.30096644163131714,0.8859060406684875,True,100
syn-cora-h0.80-r1,StratifiedKFoldDynamic_EigCentrality_b300,0,2,GAT,101,282,182,0.19609367847442627,0.936241626739502,0.2708849608898163,0.9093959927558899,True,100
syn-cora-h0.80-r1,StratifiedKFoldDynamic_EigCentrality_b300,0,3,GAT,101,122,22,0.20943014323711395,0.9496644139289856,0.24656400084495544,0.9295302033424377,True,100
syn-cora-h0.80-r1,StratifiedKFoldDynamic_EigCentrality_b300,0,3,GAT,100,195,95,0.209332674741745,0.9194630980491638,0.2152586281299591,0.9194630980491638,True,100
syn-cora-h0.80-r1,StratifiedKFoldDynamic_EigCentrality_b300,0,4,GAT,101,178,78,0.2807105779647827,0.9127516746520996,0.23562300205230713,0.9026845693588257,True,100
syn-cora-h0.80-r1,StratifiedKFoldDynamic_EigCentrality_b300,0,5,GAT,100,170,70,0.2791813015937805,0.8892617225646973,0.2524650990962982,0.9127516746520996,True,100
syn-cora-h0.80-r1,StratifiedKFoldDynamic_EigCentrality_b300,0,5,GAT,101,132,32,0.28851091861724854,0.899328887462616,0.29105690121650696,0.9161073565483093,True,100
syn-cora-h0.80-r1,StratifiedKFoldDynamic_EigCentrality_b300,0,4,GAT,100,244,144,0.284524530172348,0.9093959927558899,0.24194668233394623,0.9228187799453735,True,100
syn-cora-h0.80-r1,StratifiedKFoldDynamic_Clustering_b300,0,1,GAT,101,181,81,0.21746912598609924,0.9127516746520996,0.27212125062942505,0.9127516746520996,True,100
syn-cora-h0.80-r1,StratifiedKFoldDynamic_Clustering_b300,0,1,GAT,100,206,106,0.22208936512470245,0.9127516746520996,0.253640353679657,0.9127516746520996,True,100
syn-cora-h0.80-r1,StratifiedKFoldDynamic_Clustering_b300,0,2,GAT,101,222,122,0.19009555876255035,0.9429529905319214,0.23433318734169006,0.926174521446228,True,100
syn-cora-h0.80-r1,StratifiedKFoldDynamic_Clustering_b300,0,2,GAT,100,293,193,0.17627377808094025,0.9530201554298401,0.26045599579811096,0.899328887462616,True,100
syn-cora-h0.80-r1,StratifiedKFoldDynamic_Clustering_b300,0,4,GAT,100,193,93,0.32045531272888184,0.8959731459617615,0.23091179132461548,0.926174521446228,True,100
syn-cora-h0.80-r1,StratifiedKFoldDynamic_Clustering_b300,0,3,GAT,100,238,138,0.2514846920967102,0.9093959927558899,0.19913816452026367,0.9395973086357117,True,100
syn-cora-h0.80-r1,StratifiedKFoldDynamic_Clustering_b300,0,4,GAT,101,131,31,0.3301510810852051,0.9127516746520996,0.2370980978012085,0.926174521446228,True,100
syn-cora-h0.80-r1,StratifiedKFoldDynamic_Clustering_b300,0,3,GAT,101,240,140,0.24660149216651917,0.9127516746520996,0.20772461593151093,0.9429529905319214,True,100
syn-cora-h0.80-r1,StratifiedKFoldDynamic_Clustering_b300,0,5,GAT,100,193,93,0.251409113407135,0.9161073565483093,0.3413957357406616,0.8892617225646973,True,100
syn-cora-h0.80-r1,StratifiedKFoldDynamic_Clustering_b300,0,5,GAT,101,252,152,0.23347508907318115,0.9194630980491638,0.3452450931072235,0.8892617225646973,True,100
syn-cora-h0.80-r1,RandomKFold,1,1,GAT,100,122,22,0.2612138092517853,0.9161073565483093,0.3001015782356262,0.9161073565483093,True,100
syn-cora-h0.80-r1,RandomKFold,1,1,GAT,101,129,29,0.2646930515766144,0.9295302033424377,0.26636043190956116,0.926174521446228,True,100
syn-cora-h0.80-r1,RandomKFold,1,3,GAT,100,166,66,0.28272631764411926,0.9194630980491638,0.1698407232761383,0.9429529905319214,True,100
syn-cora-h0.80-r1,RandomKFold,1,2,GAT,100,345,245,0.16483405232429504,0.9429529905319214,0.2642870545387268,0.9161073565483093,True,100
syn-cora-h0.80-r1,RandomKFold,1,2,GAT,101,449,349,0.15343493223190308,0.9563758373260498,0.26779454946517944,0.9161073565483093,True,100
syn-cora-h0.80-r1,RandomKFold,1,4,GAT,100,165,65,0.21109727025032043,0.9295302033424377,0.28183844685554504,0.9161073565483093,True,100
syn-cora-h0.80-r1,RandomKFold,1,3,GAT,101,329,229,0.2964726388454437,0.8926174640655518,0.18224018812179565,0.936241626739502,True,100
syn-cora-h0.80-r1,RandomKFold,1,4,GAT,101,136,36,0.22995516657829285,0.9328858852386475,0.31929245591163635,0.9093959927558899,True,100
syn-cora-h0.80-r1,RandomKFold,1,5,GAT,100,248,148,0.2644287943840027,0.9228187799453735,0.23284690082073212,0.9161073565483093,True,100
syn-cora-h0.80-r1,RandomKFold,1,5,GAT,101,254,154,0.2630991041660309,0.899328887462616,0.23861153423786163,0.9127516746520996,True,100
syn-cora-h0.80-r1,LabelStratifiedKFold,1,2,GAT,101,166,66,0.25730425119400024,0.899328887462616,0.256186306476593,0.9093959927558899,True,100
syn-cora-h0.80-r1,LabelStratifiedKFold,1,2,GAT,100,170,70,0.24052315950393677,0.9093959927558899,0.2818756103515625,0.8959731459617615,True,100
syn-cora-h0.80-r1,LabelStratifiedKFold,1,1,GAT,101,201,101,0.22599393129348755,0.9328858852386475,0.2301146537065506,0.926174521446228,True,100
syn-cora-h0.80-r1,LabelStratifiedKFold,1,1,GAT,100,303,203,0.2254886031150818,0.9194630980491638,0.22157295048236847,0.9161073565483093,True,100
syn-cora-h0.80-r1,LabelStratifiedKFold,1,3,GAT,100,171,71,0.26109322905540466,0.9060402512550354,0.24307924509048462,0.9228187799453735,True,100
syn-cora-h0.80-r1,LabelStratifiedKFold,1,3,GAT,101,217,117,0.2842026352882385,0.9093959927558899,0.29034867882728577,0.8859060406684875,True,100
syn-cora-h0.80-r1,LabelStratifiedKFold,1,4,GAT,101,124,24,0.26365816593170166,0.9161073565483093,0.29018551111221313,0.9295302033424377,True,100
syn-cora-h0.80-r1,LabelStratifiedKFold,1,4,GAT,100,238,138,0.25311002135276794,0.9161073565483093,0.262091726064682,0.9060402512550354,True,100
syn-cora-h0.80-r1,LabelStratifiedKFold,1,5,GAT,100,144,44,0.22141312062740326,0.9295302033424377,0.2829766571521759,0.8926174640655518,True,100
syn-cora-h0.80-r1,LabelStratifiedKFold,1,5,GAT,101,130,30,0.22578327357769012,0.936241626739502,0.3026787042617798,0.8959731459617615,True,100
syn-cora-h0.80-r1,StratifiedKFoldDynamic_Degree_b300,1,2,GAT,101,129,29,0.30764514207839966,0.8825503587722778,0.2742857336997986,0.9228187799453735,True,100
syn-cora-h0.80-r1,StratifiedKFoldDynamic_Degree_b300,1,2,GAT,100,174,74,0.29867222905158997,0.9026845693588257,0.24969850480556488,0.9093959927558899,True,100
syn-cora-h0.80-r1,StratifiedKFoldDynamic_Degree_b300,1,1,GAT,100,187,87,0.2205590158700943,0.9395973086357117,0.22454634308815002,0.9161073565483093,True,100
syn-cora-h0.80-r1,StratifiedKFoldDynamic_Degree_b300,1,1,GAT,101,190,90,0.23146630823612213,0.9194630980491638,0.2201855480670929,0.9328858852386475,True,100
syn-cora-h0.80-r1,StratifiedKFoldDynamic_Degree_b300,1,3,GAT,101,121,21,0.25848573446273804,0.9194630980491638,0.3160949945449829,0.8926174640655518,True,100
syn-cora-h0.80-r1,StratifiedKFoldDynamic_Degree_b300,1,3,GAT,100,256,156,0.23318912088871002,0.9127516746520996,0.30738067626953125,0.9026845693588257,True,100
syn-cora-h0.80-r1,StratifiedKFoldDynamic_Degree_b300,1,4,GAT,100,204,104,0.20649388432502747,0.9328858852386475,0.22703032195568085,0.9060402512550354,True,100
syn-cora-h0.80-r1,StratifiedKFoldDynamic_Degree_b300,1,4,GAT,101,222,122,0.21965479850769043,0.926174521446228,0.2371939867734909,0.9093959927558899,True,100
syn-cora-h0.80-r1,StratifiedKFoldDynamic_Degree_b300,1,5,GAT,100,207,107,0.20741793513298035,0.9228187799453735,0.23454412817955017,0.9228187799453735,True,100
syn-cora-h0.80-r1,StratifiedKFoldDynamic_Degree_b300,1,5,GAT,101,219,119,0.2165704071521759,0.9328858852386475,0.2716343402862549,0.8959731459617615,True,100
syn-cora-h0.80-r1,StratifiedKFoldDynamic_NeighHet_b300,1,2,GAT,101,124,24,0.23522864282131195,0.9161073565483093,0.29308420419692993,0.9093959927558899,True,100
syn-cora-h0.80-r1,StratifiedKFoldDynamic_NeighHet_b300,1,2,GAT,100,168,68,0.238712877035141,0.926174521446228,0.2656586170196533,0.9093959927558899,True,100
syn-cora-h0.80-r1,StratifiedKFoldDynamic_NeighHet_b300,1,1,GAT,101,203,103,0.2775779664516449,0.9026845693588257,0.2811336815357208,0.9093959927558899,True,100
syn-cora-h0.80-r1,StratifiedKFoldDynamic_NeighHet_b300,1,1,GAT,100,214,114,0.2661629617214203,0.9127516746520996,0.26073595881462097,0.8959731459617615,True,100
syn-cora-h0.80-r1,StratifiedKFoldDynamic_NeighHet_b300,1,4,GAT,100,163,63,0.25646308064460754,0.9228187799453735,0.2528414726257324,0.9161073565483093,True,100
syn-cora-h0.80-r1,StratifiedKFoldDynamic_NeighHet_b300,1,3,GAT,101,218,118,0.2195863127708435,0.9295302033424377,0.23316960036754608,0.9194630980491638,True,100
syn-cora-h0.80-r1,StratifiedKFoldDynamic_NeighHet_b300,1,4,GAT,101,174,74,0.25772368907928467,0.9429529905319214,0.2550409436225891,0.9093959927558899,True,100
syn-cora-h0.80-r1,StratifiedKFoldDynamic_NeighHet_b300,1,3,GAT,100,305,205,0.2234000712633133,0.9328858852386475,0.23197035491466522,0.9127516746520996,True,100
syn-cora-h0.80-r1,StratifiedKFoldDynamic_NeighHet_b300,1,5,GAT,100,123,23,0.214937224984169,0.9496644139289856,0.24426697194576263,0.9429529905319214,True,100
syn-cora-h0.80-r1,StratifiedKFoldDynamic_NeighHet_b300,1,5,GAT,101,298,198,0.2398374378681183,0.9060402512550354,0.26109975576400757,0.9328858852386475,True,100
syn-cora-h0.80-r1,StratifiedKFoldDynamic_PageRank_b300,1,1,GAT,100,159,59,0.1924951821565628,0.9429529905319214,0.27421942353248596,0.9026845693588257,True,100
syn-cora-h0.80-r1,StratifiedKFoldDynamic_PageRank_b300,1,2,GAT,101,210,110,0.2375362068414688,0.926174521446228,0.2692605257034302,0.9093959927558899,True,100
syn-cora-h0.80-r1,StratifiedKFoldDynamic_PageRank_b300,1,2,GAT,100,211,111,0.24534256756305695,0.9228187799453735,0.2521969676017761,0.899328887462616,True,100
syn-cora-h0.80-r1,StratifiedKFoldDynamic_PageRank_b300,1,1,GAT,101,275,175,0.2266571819782257,0.9228187799453735,0.271134614944458,0.8926174640655518,True,100
syn-cora-h0.80-r1,StratifiedKFoldDynamic_PageRank_b300,1,4,GAT,100,119,19,0.27500537037849426,0.926174521446228,0.2608675956726074,0.9194630980491638,True,100
syn-cora-h0.80-r1,StratifiedKFoldDynamic_PageRank_b300,1,3,GAT,100,201,101,0.22669576108455658,0.9228187799453735,0.22639639675617218,0.9328858852386475,True,100
syn-cora-h0.80-r1,StratifiedKFoldDynamic_PageRank_b300,1,3,GAT,101,173,73,0.23993779718875885,0.9194630980491638,0.22717098891735077,0.9429529905319214,True,100
syn-cora-h0.80-r1,StratifiedKFoldDynamic_PageRank_b300,1,4,GAT,101,132,32,0.3029530942440033,0.9026845693588257,0.25986945629119873,0.9127516746520996,True,100
syn-cora-h0.80-r1,StratifiedKFoldDynamic_PageRank_b300,1,5,GAT,101,189,89,0.24576148390769958,0.9194630980491638,0.283359169960022,0.9093959927558899,True,100
syn-cora-h0.80-r1,StratifiedKFoldDynamic_PageRank_b300,1,5,GAT,100,355,255,0.24330945312976837,0.9161073565483093,0.2730604112148285,0.899328887462616,True,100
syn-cora-h0.80-r1,StratifiedKFoldDynamic_EigCentrality_b300,1,2,GAT,101,126,26,0.23787666857242584,0.926174521446228,0.29366207122802734,0.9127516746520996,True,100
syn-cora-h0.80-r1,StratifiedKFoldDynamic_EigCentrality_b300,1,1,GAT,100,170,70,0.24987025558948517,0.9127516746520996,0.27274948358535767,0.9060402512550354,True,100
syn-cora-h0.80-r1,StratifiedKFoldDynamic_EigCentrality_b300,1,2,GAT,100,173,73,0.22879284620285034,0.9328858852386475,0.28030261397361755,0.899328887462616,True,100
syn-cora-h0.80-r1,StratifiedKFoldDynamic_EigCentrality_b300,1,1,GAT,101,210,110,0.27287817001342773,0.9127516746520996,0.2668944001197815,0.899328887462616,True,100
syn-cora-h0.80-r1,StratifiedKFoldDynamic_EigCentrality_b300,1,4,GAT,101,121,21,0.27597281336784363,0.9295302033424377,0.22412890195846558,0.9295302033424377,True,100
syn-cora-h0.80-r1,StratifiedKFoldDynamic_EigCentrality_b300,1,4,GAT,100,225,125,0.2554742395877838,0.9093959927558899,0.23091210424900055,0.9060402512550354,True,100
syn-cora-h0.80-r1,StratifiedKFoldDynamic_EigCentrality_b300,1,3,GAT,100,292,192,0.17383770644664764,0.9395973086357117,0.24949614703655243,0.9127516746520996,True,100
syn-cora-h0.80-r1,StratifiedKFoldDynamic_EigCentrality_b300,1,3,GAT,101,318,218,0.1886415183544159,0.9328858852386475,0.28098592162132263,0.899328887462616,True,100
syn-cora-h0.80-r1,StratifiedKFoldDynamic_EigCentrality_b300,1,5,GAT,100,185,85,0.2979796528816223,0.8825503587722778,0.3180430233478546,0.8892617225646973,True,100
syn-cora-h0.80-r1,StratifiedKFoldDynamic_EigCentrality_b300,1,5,GAT,101,123,23,0.3006589114665985,0.899328887462616,0.297348290681839,0.8959731459617615,True,100
syn-cora-h0.80-r1,StratifiedKFoldDynamic_Clustering_b300,1,1,GAT,100,163,63,0.20611801743507385,0.9463087320327759,0.23228172957897186,0.9161073565483093,True,100
syn-cora-h0.80-r1,StratifiedKFoldDynamic_Clustering_b300,1,2,GAT,100,191,91,0.25885099172592163,0.9228187799453735,0.2230723798274994,0.9295302033424377,True,100
syn-cora-h0.80-r1,StratifiedKFoldDynamic_Clustering_b300,1,1,GAT,101,215,115,0.21333450078964233,0.9328858852386475,0.23254063725471497,0.9127516746520996,True,100
syn-cora-h0.80-r1,StratifiedKFoldDynamic_Clustering_b300,1,2,GAT,101,243,143,0.27150920033454895,0.9194630980491638,0.21523192524909973,0.9295302033424377,True,100
syn-cora-h0.80-r1,StratifiedKFoldDynamic_Clustering_b300,1,3,GAT,101,125,25,0.23398268222808838,0.936241626739502,0.29336145520210266,0.9161073565483093,True,100
syn-cora-h0.80-r1,StratifiedKFoldDynamic_Clustering_b300,1,3,GAT,100,170,70,0.2329372614622116,0.926174521446228,0.2872457802295685,0.9026845693588257,True,100
syn-cora-h0.80-r1,StratifiedKFoldDynamic_Clustering_b300,1,4,GAT,101,122,22,0.26917457580566406,0.926174521446228,0.22706985473632812,0.9429529905319214,True,100
syn-cora-h0.80-r1,StratifiedKFoldDynamic_Clustering_b300,1,4,GAT,100,248,148,0.2615046203136444,0.9228187799453735,0.2232930213212967,0.9328858852386475,True,100
syn-cora-h0.80-r1,StratifiedKFoldDynamic_Clustering_b300,1,5,GAT,100,171,71,0.19780944287776947,0.9127516746520996,0.264875203371048,0.9161073565483093,True,100
syn-cora-h0.80-r1,StratifiedKFoldDynamic_Clustering_b300,1,5,GAT,101,229,129,0.20109079778194427,0.9295302033424377,0.3071235120296478,0.899328887462616,True,100
syn-cora-h0.80-r1,RandomKFold,2,1,GAT,101,129,29,0.2635302245616913,0.9194630980491638,0.2851639688014984,0.9127516746520996,True,100
syn-cora-h0.80-r1,RandomKFold,2,2,GAT,100,188,88,0.1787864714860916,0.936241626739502,0.2535363435745239,0.926174521446228,True,100
syn-cora-h0.80-r1,RandomKFold,2,1,GAT,100,196,96,0.2337910681962967,0.9328858852386475,0.2878846526145935,0.899328887462616,True,100
syn-cora-h0.80-r1,RandomKFold,2,2,GAT,101,326,226,0.19620941579341888,0.936241626739502,0.2627476751804352,0.9228187799453735,True,100
syn-cora-h0.80-r1,RandomKFold,2,3,GAT,101,198,98,0.239447683095932,0.9093959927558899,0.2091781198978424,0.9194630980491638,True,100
syn-cora-h0.80-r1,RandomKFold,2,3,GAT,100,346,246,0.24844413995742798,0.8892617225646973,0.19126713275909424,0.9194630980491638,True,100
syn-cora-h0.80-r1,RandomKFold,2,4,GAT,100,298,198,0.23642677068710327,0.9228187799453735,0.2512402832508087,0.9228187799453735,True,100
syn-cora-h0.80-r1,RandomKFold,2,5,GAT,100,193,93,0.29572468996047974,0.8959731459617615,0.27001580595970154,0.9060402512550354,True,100
syn-cora-h0.80-r1,RandomKFold,2,4,GAT,101,319,219,0.24118119478225708,0.926174521446228,0.25510719418525696,0.8892617225646973,True,100
syn-cora-h0.80-r1,RandomKFold,2,5,GAT,101,217,117,0.2616136968135834,0.9026845693588257,0.26155340671539307,0.9026845693588257,True,100
syn-cora-h0.80-r1,LabelStratifiedKFold,2,1,GAT,100,126,26,0.2561160922050476,0.9161073565483093,0.20591610670089722,0.936241626739502,True,100
syn-cora-h0.80-r1,LabelStratifiedKFold,2,2,GAT,100,227,127,0.210447758436203,0.9395973086357117,0.2689175307750702,0.9026845693588257,True,100
syn-cora-h0.80-r1,LabelStratifiedKFold,2,1,GAT,101,271,171,0.2649798095226288,0.9093959927558899,0.20830148458480835,0.9228187799453735,True,100
syn-cora-h0.80-r1,LabelStratifiedKFold,2,2,GAT,101,339,239,0.1924191415309906,0.9429529905319214,0.30090832710266113,0.8959731459617615,True,100
syn-cora-h0.80-r1,LabelStratifiedKFold,2,3,GAT,101,140,40,0.2894159257411957,0.899328887462616,0.22815033793449402,0.936241626739502,True,100
syn-cora-h0.80-r1,LabelStratifiedKFold,2,3,GAT,100,271,171,0.28816574811935425,0.8859060406684875,0.22965992987155914,0.9228187799453735,True,100
syn-cora-h0.80-r1,LabelStratifiedKFold,2,4,GAT,100,168,68,0.25033488869667053,0.9328858852386475,0.30385062098503113,0.8892617225646973,True,100
syn-cora-h0.80-r1,LabelStratifiedKFold,2,5,GAT,100,167,67,0.20297129452228546,0.9328858852386475,0.28021830320358276,0.899328887462616,True,100
syn-cora-h0.80-r1,LabelStratifiedKFold,2,4,GAT,101,221,121,0.254016637802124,0.9161073565483093,0.3061314821243286,0.8959731459617615,True,100
syn-cora-h0.80-r1,LabelStratifiedKFold,2,5,GAT,101,186,86,0.22253349423408508,0.926174521446228,0.2962639629840851,0.8926174640655518,True,100
syn-cora-h0.80-r1,StratifiedKFoldDynamic_Degree_b300,2,2,GAT,100,162,62,0.2589205503463745,0.9026845693588257,0.19994662702083588,0.9463087320327759,True,100
syn-cora-h0.80-r1,StratifiedKFoldDynamic_Degree_b300,2,2,GAT,101,173,73,0.26704248785972595,0.9093959927558899,0.21297143399715424,0.926174521446228,True,100
syn-cora-h0.80-r1,StratifiedKFoldDynamic_Degree_b300,2,1,GAT,100,175,75,0.1876928210258484,0.9429529905319214,0.22465144097805023,0.936241626739502,True,100
syn-cora-h0.80-r1,StratifiedKFoldDynamic_Degree_b300,2,1,GAT,101,276,176,0.1921250969171524,0.9429529905319214,0.24821658432483673,0.9093959927558899,True,100
syn-cora-h0.80-r1,StratifiedKFoldDynamic_Degree_b300,2,3,GAT,100,166,66,0.28747275471687317,0.9127516746520996,0.24276673793792725,0.9060402512550354,True,100
syn-cora-h0.80-r1,StratifiedKFoldDynamic_Degree_b300,2,4,GAT,100,162,62,0.22771243751049042,0.9228187799453735,0.2954785227775574,0.9161073565483093,True,100
syn-cora-h0.80-r1,StratifiedKFoldDynamic_Degree_b300,2,5,GAT,100,181,81,0.2148202657699585,0.9228187799453735,0.26098233461380005,0.9060402512550354,True,100
syn-cora-h0.80-r1,StratifiedKFoldDynamic_Degree_b300,2,3,GAT,101,360,260,0.29851028323173523,0.9161073565483093,0.25057268142700195,0.9093959927558899,True,100
syn-cora-h0.80-r1,StratifiedKFoldDynamic_Degree_b300,2,5,GAT,101,190,90,0.23033373057842255,0.9093959927558899,0.26263758540153503,0.9127516746520996,True,100
syn-cora-h0.80-r1,StratifiedKFoldDynamic_Degree_b300,2,4,GAT,101,273,173,0.209602952003479,0.936241626739502,0.297037810087204,0.9127516746520996,True,100
syn-cora-h0.80-r1,StratifiedKFoldDynamic_NeighHet_b300,2,1,GAT,101,122,22,0.25207045674324036,0.9161073565483093,0.23951168358325958,0.926174521446228,True,100
syn-cora-h0.80-r1,StratifiedKFoldDynamic_NeighHet_b300,2,2,GAT,100,135,35,0.22890323400497437,0.9328858852386475,0.28635165095329285,0.9060402512550354,True,100
syn-cora-h0.80-r1,StratifiedKFoldDynamic_NeighHet_b300,2,1,GAT,100,167,67,0.26134517788887024,0.9093959927558899,0.2525588572025299,0.9295302033424377,True,100
syn-cora-h0.80-r1,StratifiedKFoldDynamic_NeighHet_b300,2,4,GAT,100,168,68,0.24407659471035004,0.9161073565483093,0.24806027114391327,0.9161073565483093,True,100
syn-cora-h0.80-r1,StratifiedKFoldDynamic_NeighHet_b300,2,2,GAT,101,374,274,0.20737388730049133,0.9328858852386475,0.30298107862472534,0.8959731459617615,True,100
syn-cora-h0.80-r1,StratifiedKFoldDynamic_NeighHet_b300,2,3,GAT,101,288,188,0.2571164071559906,0.9194630980491638,0.2577017545700073,0.9127516746520996,True,100
syn-cora-h0.80-r1,StratifiedKFoldDynamic_NeighHet_b300,2,3,GAT,100,309,209,0.24619916081428528,0.9194630980491638,0.2587181627750397,0.9093959927558899,True,100
syn-cora-h0.80-r1,StratifiedKFoldDynamic_NeighHet_b300,2,5,GAT,100,171,71,0.24566154181957245,0.9127516746520996,0.2513520121574402,0.9127516746520996,True,100
syn-cora-h0.80-r1,StratifiedKFoldDynamic_NeighHet_b300,2,5,GAT,101,126,26,0.24787980318069458,0.9127516746520996,0.3071686029434204,0.9060402512550354,True,100
syn-cora-h0.80-r1,StratifiedKFoldDynamic_NeighHet_b300,2,4,GAT,101,244,144,0.24990209937095642,0.9228187799453735,0.2632930278778076,0.9093959927558899,True,100
syn-cora-h0.80-r1,StratifiedKFoldDynamic_PageRank_b300,2,1,GAT,100,195,95,0.20584329962730408,0.926174521446228,0.2915964424610138,0.8959731459617615,True,100
syn-cora-h0.80-r1,StratifiedKFoldDynamic_PageRank_b300,2,1,GAT,101,221,121,0.2097877711057663,0.9295302033424377,0.3151266872882843,0.9026845693588257,True,100
syn-cora-h0.80-r1,StratifiedKFoldDynamic_PageRank_b300,2,2,GAT,100,228,128,0.25829198956489563,0.9127516746520996,0.22762258350849152,0.9161073565483093,True,100
syn-cora-h0.80-r1,StratifiedKFoldDynamic_PageRank_b300,2,3,GAT,100,172,72,0.20956027507781982,0.9328858852386475,0.2814396023750305,0.9093959927558899,True,100
syn-cora-h0.80-r1,StratifiedKFoldDynamic_PageRank_b300,2,2,GAT,101,397,297,0.27580341696739197,0.9026845693588257,0.20833200216293335,0.9228187799453735,True,100
syn-cora-h0.80-r1,StratifiedKFoldDynamic_PageRank_b300,2,4,GAT,100,194,94,0.23729613423347473,0.9228187799453735,0.21686144173145294,0.9194630980491638,True,100
syn-cora-h0.80-r1,StratifiedKFoldDynamic_PageRank_b300,2,3,GAT,101,262,162,0.1890275478363037,0.9429529905319214,0.3009876012802124,0.8926174640655518,True,100
syn-cora-h0.80-r1,StratifiedKFoldDynamic_PageRank_b300,2,5,GAT,101,130,30,0.2757485806941986,0.936241626739502,0.2632182538509369,0.899328887462616,True,100
syn-cora-h0.80-r1,StratifiedKFoldDynamic_PageRank_b300,2,5,GAT,100,173,73,0.2815762758255005,0.9127516746520996,0.24731113016605377,0.9127516746520996,True,100
syn-cora-h0.80-r1,StratifiedKFoldDynamic_PageRank_b300,2,4,GAT,101,478,378,0.2378883808851242,0.9127516746520996,0.20365853607654572,0.926174521446228,True,100
syn-cora-h0.80-r1,StratifiedKFoldDynamic_EigCentrality_b300,2,2,GAT,101,122,22,0.21303696930408478,0.9395973086357117,0.2522802948951721,0.9194630980491638,True,100
syn-cora-h0.80-r1,StratifiedKFoldDynamic_EigCentrality_b300,2,1,GAT,101,170,70,0.24529826641082764,0.9228187799453735,0.3253815770149231,0.899328887462616,True,100
syn-cora-h0.80-r1,StratifiedKFoldDynamic_EigCentrality_b300,2,2,GAT,100,195,95,0.22045324742794037,0.9228187799453735,0.2553662657737732,0.9060402512550354,True,100
syn-cora-h0.80-r1,StratifiedKFoldDynamic_EigCentrality_b300,2,1,GAT,100,205,105,0.23217159509658813,0.9161073565483093,0.3142865002155304,0.899328887462616,True,100
syn-cora-h0.80-r1,StratifiedKFoldDynamic_EigCentrality_b300,2,3,GAT,100,173,73,0.2537271976470947,0.9127516746520996,0.2097984403371811,0.9228187799453735,True,100
syn-cora-h0.80-r1,StratifiedKFoldDynamic_EigCentrality_b300,2,4,GAT,100,121,21,0.23851676285266876,0.9395973086357117,0.3035876452922821,0.8892617225646973,True,100
syn-cora-h0.80-r1,StratifiedKFoldDynamic_EigCentrality_b300,2,3,GAT,101,193,93,0.26368337869644165,0.8892617225646973,0.22957885265350342,0.9194630980491638,True,100
syn-cora-h0.80-r1,StratifiedKFoldDynamic_EigCentrality_b300,2,4,GAT,101,172,72,0.25804415345191956,0.9026845693588257,0.2889189124107361,0.8825503587722778,True,100
syn-cora-h0.80-r1,StratifiedKFoldDynamic_EigCentrality_b300,2,5,GAT,101,256,156,0.2885756492614746,0.9093959927558899,0.24580785632133484,0.9194630980491638,True,100
syn-cora-h0.80-r1,StratifiedKFoldDynamic_EigCentrality_b300,2,5,GAT,100,301,201,0.29231390357017517,0.9093959927558899,0.2331419289112091,0.9093959927558899,True,100
syn-cora-h0.80-r1,StratifiedKFoldDynamic_Clustering_b300,2,2,GAT,101,123,23,0.30506646633148193,0.8959731459617615,0.230032280087471,0.9228187799453735,True,100
syn-cora-h0.80-r1,StratifiedKFoldDynamic_Clustering_b300,2,2,GAT,100,125,25,0.2974987030029297,0.9093959927558899,0.2082194834947586,0.9463087320327759,True,100
syn-cora-h0.80-r1,StratifiedKFoldDynamic_Clustering_b300,2,1,GAT,100,226,126,0.20883876085281372,0.926174521446228,0.27029287815093994,0.9161073565483093,True,100
syn-cora-h0.80-r1,StratifiedKFoldDynamic_Clustering_b300,2,1,GAT,101,257,157,0.20935358107089996,0.9127516746520996,0.23334436118602753,0.9295302033424377,True,100
syn-cora-h0.80-r1,StratifiedKFoldDynamic_Clustering_b300,2,3,GAT,101,217,117,0.21305467188358307,0.9328858852386475,0.2934589385986328,0.899328887462616,True,100
syn-cora-h0.80-r1,StratifiedKFoldDynamic_Clustering_b300,2,3,GAT,100,260,160,0.19810017943382263,0.9395973086357117,0.3233717381954193,0.8859060406684875,True,100
syn-cora-h0.80-r1,StratifiedKFoldDynamic_Clustering_b300,2,4,GAT,101,233,133,0.2174915373325348,0.9395973086357117,0.2625837028026581,0.8926174640655518,True,100
syn-cora-h0.80-r1,StratifiedKFoldDynamic_Clustering_b300,2,4,GAT,100,285,185,0.21625907719135284,0.9395973086357117,0.23876410722732544,0.9093959927558899,True,100
syn-cora-h0.80-r1,StratifiedKFoldDynamic_Clustering_b300,2,5,GAT,100,209,109,0.2355378419160843,0.9194630980491638,0.2059725821018219,0.9463087320327759,True,100
syn-cora-h0.80-r1,StratifiedKFoldDynamic_Clustering_b300,2,5,GAT,101,332,232,0.23697762191295624,0.926174521446228,0.22307604551315308,0.926174521446228,True,100
syn-cora-h0.80-r1,RandomKFold,3,1,GAT,101,128,28,0.20306064188480377,0.9328858852386475,0.32692819833755493,0.8959731459617615,True,100
syn-cora-h0.80-r1,RandomKFold,3,2,GAT,101,177,77,0.2486436516046524,0.9228187799453735,0.22356514632701874,0.9060402512550354,True,100
syn-cora-h0.80-r1,RandomKFold,3,2,GAT,100,205,105,0.24430017173290253,0.9194630980491638,0.20685023069381714,0.9328858852386475,True,100
syn-cora-h0.80-r1,RandomKFold,3,1,GAT,100,220,120,0.19893571734428406,0.9328858852386475,0.3716047406196594,0.8691275119781494,True,100
syn-cora-h0.80-r1,RandomKFold,3,3,GAT,100,239,139,0.227546826004982,0.9228187799453735,0.2769903540611267,0.9060402512550354,True,100
syn-cora-h0.80-r1,RandomKFold,3,3,GAT,101,204,104,0.22663375735282898,0.9328858852386475,0.25568240880966187,0.9060402512550354,True,100
syn-cora-h0.80-r1,RandomKFold,3,4,GAT,100,197,97,0.26143622398376465,0.9093959927558899,0.23998503386974335,0.926174521446228,True,100
syn-cora-h0.80-r1,RandomKFold,3,5,GAT,100,128,28,0.2961306571960449,0.926174521446228,0.264342725276947,0.9429529905319214,True,100
syn-cora-h0.80-r1,RandomKFold,3,5,GAT,101,135,35,0.3195309340953827,0.899328887462616,0.3092731535434723,0.9093959927558899,True,100
syn-cora-h0.80-r1,RandomKFold,3,4,GAT,101,313,213,0.2722207009792328,0.9161073565483093,0.245851531624794,0.9127516746520996,True,100
syn-cora-h0.80-r1,LabelStratifiedKFold,3,1,GAT,101,186,86,0.25253182649612427,0.9093959927558899,0.23738707602024078,0.926174521446228,True,100
syn-cora-h0.80-r1,LabelStratifiedKFold,3,1,GAT,100,206,106,0.2516680359840393,0.9228187799453735,0.23637457191944122,0.9194630980491638,True,100
syn-cora-h0.80-r1,LabelStratifiedKFold,3,2,GAT,100,307,207,0.24592794477939606,0.9093959927558899,0.24040508270263672,0.9161073565483093,True,100
syn-cora-h0.80-r1,LabelStratifiedKFold,3,2,GAT,101,320,220,0.23946943879127502,0.9093959927558899,0.24773181974887848,0.9161073565483093,True,100
syn-cora-h0.80-r1,LabelStratifiedKFold,3,3,GAT,101,134,34,0.2227100431919098,0.9496644139289856,0.274466335773468,0.9060402512550354,True,100
syn-cora-h0.80-r1,LabelStratifiedKFold,3,3,GAT,100,252,152,0.1887659877538681,0.9328858852386475,0.28106144070625305,0.8959731459617615,True,100
syn-cora-h0.80-r1,LabelStratifiedKFold,3,5,GAT,100,169,69,0.22858493030071259,0.9395973086357117,0.264431357383728,0.9194630980491638,True,100
syn-cora-h0.80-r1,LabelStratifiedKFold,3,4,GAT,100,259,159,0.22053225338459015,0.9228187799453735,0.19758673012256622,0.936241626739502,True,100
syn-cora-h0.80-r1,LabelStratifiedKFold,3,5,GAT,101,170,70,0.23147565126419067,0.9395973086357117,0.25627899169921875,0.9127516746520996,True,100
syn-cora-h0.80-r1,LabelStratifiedKFold,3,4,GAT,101,349,249,0.21939437091350555,0.9228187799453735,0.22368235886096954,0.9295302033424377,True,100
syn-cora-h0.80-r1,StratifiedKFoldDynamic_Degree_b300,3,2,GAT,101,122,22,0.2270331084728241,0.9228187799453735,0.25985515117645264,0.9127516746520996,True,100
syn-cora-h0.80-r1,StratifiedKFoldDynamic_Degree_b300,3,2,GAT,100,253,153,0.22453393042087555,0.9194630980491638,0.219118133187294,0.9161073565483093,True,100
syn-cora-h0.80-r1,StratifiedKFoldDynamic_Degree_b300,3,1,GAT,101,304,204,0.2428232729434967,0.9093959927558899,0.22678188979625702,0.9093959927558899,True,100
syn-cora-h0.80-r1,StratifiedKFoldDynamic_Degree_b300,3,3,GAT,100,200,100,0.26006272435188293,0.926174521446228,0.24597851932048798,0.9060402512550354,True,100
syn-cora-h0.80-r1,StratifiedKFoldDynamic_Degree_b300,3,4,GAT,101,128,28,0.2616466283798218,0.9194630980491638,0.26096460223197937,0.9328858852386475,True,100
syn-cora-h0.80-r1,StratifiedKFoldDynamic_Degree_b300,3,3,GAT,101,209,109,0.258107453584671,0.9127516746520996,0.26583465933799744,0.9026845693588257,True,100
syn-cora-h0.80-r1,StratifiedKFoldDynamic_Degree_b300,3,4,GAT,100,162,62,0.2406802624464035,0.9127516746520996,0.2601175010204315,0.9060402512550354,True,100
syn-cora-h0.80-r1,StratifiedKFoldDynamic_Degree_b300,3,1,GAT,100,483,383,0.21710827946662903,0.9026845693588257,0.23849719762802124,0.9295302033424377,True,100
syn-cora-h0.80-r1,StratifiedKFoldDynamic_Degree_b300,3,5,GAT,100,169,69,0.22065085172653198,0.936241626739502,0.2790771424770355,0.9060402512550354,True,100
syn-cora-h0.80-r1,StratifiedKFoldDynamic_Degree_b300,3,5,GAT,101,419,319,0.2079603523015976,0.9295302033424377,0.28108012676239014,0.9127516746520996,True,100
syn-cora-h0.80-r1,StratifiedKFoldDynamic_NeighHet_b300,3,2,GAT,100,149,49,0.2244243025779724,0.9328858852386475,0.25647005438804626,0.9060402512550354,True,100
syn-cora-h0.80-r1,StratifiedKFoldDynamic_NeighHet_b300,3,1,GAT,101,228,128,0.2513737976551056,0.9228187799453735,0.2729756534099579,0.8892617225646973,True,100
syn-cora-h0.80-r1,StratifiedKFoldDynamic_NeighHet_b300,3,1,GAT,100,293,193,0.2392364889383316,0.9295302033424377,0.27764692902565,0.9060402512550354,True,100
syn-cora-h0.80-r1,StratifiedKFoldDynamic_NeighHet_b300,3,3,GAT,100,170,70,0.228302001953125,0.936241626739502,0.2539042532444,0.899328887462616,True,100
syn-cora-h0.80-r1,StratifiedKFoldDynamic_NeighHet_b300,3,3,GAT,101,128,28,0.2311413586139679,0.926174521446228,0.2612067461013794,0.9026845693588257,True,100
syn-cora-h0.80-r1,StratifiedKFoldDynamic_NeighHet_b300,3,2,GAT,101,418,318,0.22843419015407562,0.9161073565483093,0.2653731405735016,0.9093959927558899,True,100
syn-cora-h0.80-r1,StratifiedKFoldDynamic_NeighHet_b300,3,4,GAT,100,199,99,0.2280256301164627,0.936241626739502,0.22152532637119293,0.926174521446228,True,100
syn-cora-h0.80-r1,StratifiedKFoldDynamic_NeighHet_b300,3,4,GAT,101,209,109,0.23695142567157745,0.936241626739502,0.24047242105007172,0.9295302033424377,True,100
syn-cora-h0.80-r1,StratifiedKFoldDynamic_NeighHet_b300,3,5,GAT,100,237,137,0.24476748704910278,0.9060402512550354,0.2543073296546936,0.9026845693588257,True,100
syn-cora-h0.80-r1,StratifiedKFoldDynamic_NeighHet_b300,3,5,GAT,101,327,227,0.2393156737089157,0.9194630980491638,0.23270291090011597,0.9295302033424377,True,100
syn-cora-h0.80-r1,StratifiedKFoldDynamic_PageRank_b300,3,1,GAT,100,170,70,0.264364629983902,0.926174521446228,0.25624898076057434,0.9127516746520996,True,100
syn-cora-h0.80-r1,StratifiedKFoldDynamic_PageRank_b300,3,1,GAT,101,233,133,0.2595246732234955,0.9127516746520996,0.24084405601024628,0.9194630980491638,True,100
syn-cora-h0.80-r1,StratifiedKFoldDynamic_PageRank_b300,3,2,GAT,100,238,138,0.2502254247665405,0.8926174640655518,0.2608409821987152,0.9228187799453735,True,100
syn-cora-h0.80-r1,StratifiedKFoldDynamic_PageRank_b300,3,2,GAT,101,261,161,0.26889684796333313,0.9093959927558899,0.28530752658843994,0.9194630980491638,True,100
syn-cora-h0.80-r1,StratifiedKFoldDynamic_PageRank_b300,3,3,GAT,100,155,55,0.23734411597251892,0.9093959927558899,0.26716148853302,0.9194630980491638,True,100
syn-cora-h0.80-r1,StratifiedKFoldDynamic_PageRank_b300,3,4,GAT,100,179,79,0.23578815162181854,0.9161073565483093,0.26607248187065125,0.8959731459617615,True,100
syn-cora-h0.80-r1,StratifiedKFoldDynamic_PageRank_b300,3,3,GAT,101,204,104,0.25593286752700806,0.9093959927558899,0.2761857807636261,0.9026845693588257,True,100
syn-cora-h0.80-r1,StratifiedKFoldDynamic_PageRank_b300,3,5,GAT,100,155,55,0.2451767921447754,0.9026845693588257,0.24424703419208527,0.926174521446228,True,100
syn-cora-h0.80-r1,StratifiedKFoldDynamic_PageRank_b300,3,4,GAT,101,365,265,0.22296644747257233,0.8926174640655518,0.285230427980423,0.8926174640655518,True,100
syn-cora-h0.80-r1,StratifiedKFoldDynamic_PageRank_b300,3,5,GAT,101,298,198,0.2407257854938507,0.9060402512550354,0.22617444396018982,0.9228187799453735,True,100
syn-cora-h0.80-r1,StratifiedKFoldDynamic_EigCentrality_b300,3,1,GAT,100,171,71,0.2572912871837616,0.8959731459617615,0.18946939706802368,0.9328858852386475,True,100
syn-cora-h0.80-r1,StratifiedKFoldDynamic_EigCentrality_b300,3,1,GAT,101,179,79,0.2550106644630432,0.9026845693588257,0.18025514483451843,0.9328858852386475,True,100
syn-cora-h0.80-r1,StratifiedKFoldDynamic_EigCentrality_b300,3,2,GAT,101,338,238,0.25186043977737427,0.9228187799453735,0.28382185101509094,0.8892617225646973,True,100
syn-cora-h0.80-r1,StratifiedKFoldDynamic_EigCentrality_b300,3,3,GAT,101,175,75,0.32829684019088745,0.899328887462616,0.25734469294548035,0.9026845693588257,True,100
syn-cora-h0.80-r1,StratifiedKFoldDynamic_EigCentrality_b300,3,3,GAT,100,198,98,0.3027951717376709,0.8959731459617615,0.2639119327068329,0.9161073565483093,True,100
syn-cora-h0.80-r1,StratifiedKFoldDynamic_EigCentrality_b300,3,2,GAT,100,407,307,0.25343775749206543,0.9228187799453735,0.2892565131187439,0.8959731459617615,True,100
syn-cora-h0.80-r1,StratifiedKFoldDynamic_EigCentrality_b300,3,4,GAT,100,164,64,0.23839005827903748,0.9060402512550354,0.30533722043037415,0.8892617225646973,True,100
syn-cora-h0.80-r1,StratifiedKFoldDynamic_EigCentrality_b300,3,5,GAT,100,193,93,0.1578383892774582,0.9328858852386475,0.2745715081691742,0.9060402512550354,True,100
syn-cora-h0.80-r1,StratifiedKFoldDynamic_EigCentrality_b300,3,4,GAT,101,216,116,0.24877279996871948,0.9328858852386475,0.32809486985206604,0.8825503587722778,True,100
syn-cora-h0.80-r1,StratifiedKFoldDynamic_EigCentrality_b300,3,5,GAT,101,319,219,0.15901951491832733,0.9463087320327759,0.2918583154678345,0.8926174640655518,True,100
syn-cora-h0.80-r1,StratifiedKFoldDynamic_Clustering_b300,3,2,GAT,100,165,65,0.26649975776672363,0.926174521446228,0.2092095911502838,0.9328858852386475,True,100
syn-cora-h0.80-r1,StratifiedKFoldDynamic_Clustering_b300,3,1,GAT,100,166,66,0.2129279226064682,0.926174521446228,0.24597881734371185,0.8959731459617615,True,100
syn-cora-h0.80-r1,StratifiedKFoldDynamic_Clustering_b300,3,2,GAT,101,177,77,0.258808970451355,0.9161073565483093,0.23907281458377838,0.926174521446228,True,100
syn-cora-h0.80-r1,StratifiedKFoldDynamic_Clustering_b300,3,1,GAT,101,291,191,0.2366158664226532,0.9161073565483093,0.2528768479824066,0.9060402512550354,True,100
syn-cora-h0.80-r1,StratifiedKFoldDynamic_Clustering_b300,3,3,GAT,100,179,79,0.2722015380859375,0.9127516746520996,0.28867846727371216,0.9093959927558899,True,100
syn-cora-h0.80-r1,StratifiedKFoldDynamic_Clustering_b300,3,4,GAT,100,258,158,0.20182333886623383,0.9228187799453735,0.28983524441719055,0.8959731459617615,True,100
syn-cora-h0.80-r1,StratifiedKFoldDynamic_Clustering_b300,3,3,GAT,101,328,228,0.2688659131526947,0.9127516746520996,0.2898656725883484,0.9060402512550354,True,100
syn-cora-h0.80-r1,StratifiedKFoldDynamic_Clustering_b300,3,4,GAT,101,254,154,0.20753860473632812,0.9228187799453735,0.2939906120300293,0.899328887462616,True,100
syn-cora-h0.80-r1,StratifiedKFoldDynamic_Clustering_b300,3,5,GAT,101,184,84,0.21854948997497559,0.9161073565483093,0.2251056730747223,0.9127516746520996,True,100
syn-cora-h0.80-r1,StratifiedKFoldDynamic_Clustering_b300,3,5,GAT,100,303,203,0.223718523979187,0.9161073565483093,0.21991071105003357,0.9194630980491638,True,100
syn-cora-h0.80-r1,RandomKFold,4,2,GAT,100,172,72,0.24709822237491608,0.9228187799453735,0.1859872043132782,0.9295302033424377,True,100
syn-cora-h0.80-r1,RandomKFold,4,1,GAT,100,238,138,0.15041854977607727,0.9563758373260498,0.3011760711669922,0.8926174640655518,True,100
syn-cora-h0.80-r1,RandomKFold,4,2,GAT,101,267,167,0.24911381304264069,0.9228187799453735,0.16810733079910278,0.9328858852386475,True,100
syn-cora-h0.80-r1,RandomKFold,4,3,GAT,100,173,73,0.2839615046977997,0.8959731459617615,0.23244507610797882,0.9328858852386475,True,100
syn-cora-h0.80-r1,RandomKFold,4,1,GAT,101,376,276,0.1413249522447586,0.9597315192222595,0.2878536581993103,0.8892617225646973,True,100
syn-cora-h0.80-r1,RandomKFold,4,3,GAT,101,267,167,0.2907014787197113,0.8926174640655518,0.24840834736824036,0.9328858852386475,True,100
syn-cora-h0.80-r1,RandomKFold,4,4,GAT,100,244,144,0.23126289248466492,0.9295302033424377,0.3002910614013672,0.8892617225646973,True,100
syn-cora-h0.80-r1,RandomKFold,4,5,GAT,100,174,74,0.263040155172348,0.9060402512550354,0.2634047567844391,0.8959731459617615,True,100
syn-cora-h0.80-r1,RandomKFold,4,5,GAT,101,118,18,0.26456698775291443,0.9127516746520996,0.2811707556247711,0.9060402512550354,True,100
syn-cora-h0.80-r1,RandomKFold,4,4,GAT,101,379,279,0.22504647076129913,0.926174521446228,0.3124243915081024,0.8892617225646973,True,100
syn-cora-h0.80-r1,LabelStratifiedKFold,4,2,GAT,100,166,66,0.23601219058036804,0.9161073565483093,0.26746463775634766,0.9127516746520996,True,100
syn-cora-h0.80-r1,LabelStratifiedKFold,4,1,GAT,100,192,92,0.24089756608009338,0.9161073565483093,0.24940244853496552,0.9161073565483093,True,100
syn-cora-h0.80-r1,LabelStratifiedKFold,4,1,GAT,101,242,142,0.24711444973945618,0.9127516746520996,0.25221940875053406,0.9194630980491638,True,100
syn-cora-h0.80-r1,LabelStratifiedKFold,4,3,GAT,100,161,61,0.22915199398994446,0.9127516746520996,0.22550497949123383,0.9161073565483093,True,100
syn-cora-h0.80-r1,LabelStratifiedKFold,4,3,GAT,101,164,64,0.24420391023159027,0.926174521446228,0.25224432349205017,0.9161073565483093,True,100
syn-cora-h0.80-r1,LabelStratifiedKFold,4,2,GAT,101,452,352,0.24478241801261902,0.9127516746520996,0.2757331430912018,0.8959731459617615,True,100
syn-cora-h0.80-r1,LabelStratifiedKFold,4,4,GAT,100,239,139,0.23166781663894653,0.926174521446228,0.2854248285293579,0.8892617225646973,True,100
syn-cora-h0.80-r1,LabelStratifiedKFold,4,4,GAT,101,191,91,0.22354991734027863,0.9194630980491638,0.29091593623161316,0.9060402512550354,True,100
syn-cora-h0.80-r1,LabelStratifiedKFold,4,5,GAT,100,204,104,0.25751379132270813,0.9093959927558899,0.2455500215291977,0.9295302033424377,True,100
syn-cora-h0.80-r1,LabelStratifiedKFold,4,5,GAT,101,326,226,0.2602421045303345,0.9161073565483093,0.23754234611988068,0.9127516746520996,True,100
syn-cora-h0.80-r1,StratifiedKFoldDynamic_Degree_b300,4,2,GAT,101,176,76,0.314296156167984,0.8892617225646973,0.205921471118927,0.926174521446228,True,100
syn-cora-h0.80-r1,StratifiedKFoldDynamic_Degree_b300,4,2,GAT,100,175,75,0.3162599205970764,0.9026845693588257,0.20767714083194733,0.9295302033424377,True,100
syn-cora-h0.80-r1,StratifiedKFoldDynamic_Degree_b300,4,1,GAT,100,255,155,0.20956489443778992,0.9295302033424377,0.21097885072231293,0.9295302033424377,True,100
syn-cora-h0.80-r1,StratifiedKFoldDynamic_Degree_b300,4,1,GAT,101,330,230,0.20779523253440857,0.9228187799453735,0.23191262781620026,0.9127516746520996,True,100
syn-cora-h0.80-r1,StratifiedKFoldDynamic_Degree_b300,4,3,GAT,101,182,82,0.24043560028076172,0.9295302033424377,0.31641268730163574,0.9026845693588257,True,100
syn-cora-h0.80-r1,StratifiedKFoldDynamic_Degree_b300,4,3,GAT,100,186,86,0.20903223752975464,0.9228187799453735,0.31113553047180176,0.9026845693588257,True,100
syn-cora-h0.80-r1,StratifiedKFoldDynamic_Degree_b300,4,4,GAT,101,169,69,0.26096126437187195,0.9161073565483093,0.2611701488494873,0.9127516746520996,True,100
syn-cora-h0.80-r1,StratifiedKFoldDynamic_Degree_b300,4,4,GAT,100,258,158,0.2559179365634918,0.926174521446228,0.26741719245910645,0.8959731459617615,True,100
syn-cora-h0.80-r1,StratifiedKFoldDynamic_Degree_b300,4,5,GAT,101,205,105,0.22109058499336243,0.9127516746520996,0.2815417945384979,0.9093959927558899,True,100
syn-cora-h0.80-r1,StratifiedKFoldDynamic_Degree_b300,4,5,GAT,100,404,304,0.2000356912612915,0.9295302033424377,0.28021499514579773,0.9026845693588257,True,100
syn-cora-h0.80-r1,StratifiedKFoldDynamic_NeighHet_b300,4,2,GAT,100,123,23,0.22347815334796906,0.9228187799453735,0.2527504861354828,0.9161073565483093,True,100
syn-cora-h0.80-r1,StratifiedKFoldDynamic_NeighHet_b300,4,2,GAT,101,177,77,0.24725691974163055,0.9127516746520996,0.25932320952415466,0.9161073565483093,True,100
syn-cora-h0.80-r1,StratifiedKFoldDynamic_NeighHet_b300,4,1,GAT,101,273,173,0.21857388317584991,0.9395973086357117,0.2253168672323227,0.9194630980491638,True,100
syn-cora-h0.80-r1,StratifiedKFoldDynamic_NeighHet_b300,4,1,GAT,100,328,228,0.21252098679542542,0.9328858852386475,0.24682776629924774,0.9060402512550354,True,100
syn-cora-h0.80-r1,StratifiedKFoldDynamic_NeighHet_b300,4,3,GAT,100,259,159,0.20417335629463196,0.936241626739502,0.22339452803134918,0.9328858852386475,True,100
syn-cora-h0.80-r1,StratifiedKFoldDynamic_NeighHet_b300,4,4,GAT,100,161,61,0.24916842579841614,0.9161073565483093,0.23316267132759094,0.9228187799453735,True,100
syn-cora-h0.80-r1,StratifiedKFoldDynamic_NeighHet_b300,4,3,GAT,101,319,219,0.214487686753273,0.9395973086357117,0.2924940586090088,0.8959731459617615,True,100
syn-cora-h0.80-r1,StratifiedKFoldDynamic_NeighHet_b300,4,4,GAT,101,189,89,0.24974656105041504,0.899328887462616,0.22189444303512573,0.9395973086357117,True,100
syn-cora-h0.80-r1,StratifiedKFoldDynamic_NeighHet_b300,4,5,GAT,100,255,155,0.24351826310157776,0.9194630980491638,0.28704407811164856,0.899328887462616,True,100
syn-cora-h0.80-r1,StratifiedKFoldDynamic_NeighHet_b300,4,5,GAT,101,277,177,0.23034554719924927,0.9228187799453735,0.27161791920661926,0.9127516746520996,True,100
syn-cora-h0.80-r1,StratifiedKFoldDynamic_PageRank_b300,4,1,GAT,100,119,19,0.2686203420162201,0.9228187799453735,0.2017369270324707,0.9328858852386475,True,100
syn-cora-h0.80-r1,StratifiedKFoldDynamic_PageRank_b300,4,1,GAT,101,198,98,0.2771882116794586,0.926174521446228,0.2266891598701477,0.9194630980491638,True,100
syn-cora-h0.80-r1,StratifiedKFoldDynamic_PageRank_b300,4,2,GAT,100,298,198,0.2097340226173401,0.9093959927558899,0.28151896595954895,0.9093959927558899,True,100
syn-cora-h0.80-r1,StratifiedKFoldDynamic_PageRank_b300,4,2,GAT,101,332,232,0.2121431976556778,0.9194630980491638,0.2680688500404358,0.9161073565483093,True,100
syn-cora-h0.80-r1,StratifiedKFoldDynamic_PageRank_b300,4,4,GAT,100,136,36,0.36370205879211426,0.9026845693588257,0.2653132975101471,0.9093959927558899,True,100
syn-cora-h0.80-r1,StratifiedKFoldDynamic_PageRank_b300,4,4,GAT,101,128,28,0.33586469292640686,0.8959731459617615,0.23048093914985657,0.9194630980491638,True,100
syn-cora-h0.80-r1,StratifiedKFoldDynamic_PageRank_b300,4,3,GAT,100,384,284,0.2179148942232132,0.9127516746520996,0.25216031074523926,0.899328887462616,True,100
syn-cora-h0.80-r1,StratifiedKFoldDynamic_PageRank_b300,4,5,GAT,100,122,22,0.1913357973098755,0.9463087320327759,0.34271377325057983,0.9026845693588257,True,100
syn-cora-h0.80-r1,StratifiedKFoldDynamic_PageRank_b300,4,5,GAT,101,135,35,0.2043379545211792,0.9463087320327759,0.33162787556648254,0.9026845693588257,True,100
syn-cora-h0.80-r1,StratifiedKFoldDynamic_PageRank_b300,4,3,GAT,101,534,434,0.20830976963043213,0.9093959927558899,0.2355482131242752,0.9228187799453735,True,100
syn-cora-h0.80-r1,StratifiedKFoldDynamic_EigCentrality_b300,4,1,GAT,101,122,22,0.26482903957366943,0.9127516746520996,0.2616267204284668,0.9295302033424377,True,100
syn-cora-h0.80-r1,StratifiedKFoldDynamic_EigCentrality_b300,4,1,GAT,100,166,66,0.26024818420410156,0.9127516746520996,0.2505156099796295,0.9060402512550354,True,100
syn-cora-h0.80-r1,StratifiedKFoldDynamic_EigCentrality_b300,4,3,GAT,100,127,27,0.2516852617263794,0.9194630980491638,0.20571573078632355,0.9463087320327759,True,100
syn-cora-h0.80-r1,StratifiedKFoldDynamic_EigCentrality_b300,4,2,GAT,101,255,155,0.17107251286506653,0.9395973086357117,0.28149154782295227,0.9026845693588257,True,100
syn-cora-h0.80-r1,StratifiedKFoldDynamic_EigCentrality_b300,4,2,GAT,100,289,189,0.17122085392475128,0.9530201554298401,0.2591051459312439,0.9161073565483093,True,100
syn-cora-h0.80-r1,StratifiedKFoldDynamic_EigCentrality_b300,4,3,GAT,101,161,61,0.2645374834537506,0.9127516746520996,0.17203211784362793,0.9463087320327759,True,100
syn-cora-h0.80-r1,StratifiedKFoldDynamic_EigCentrality_b300,4,4,GAT,100,226,126,0.23906640708446503,0.926174521446228,0.27607327699661255,0.8959731459617615,True,100
syn-cora-h0.80-r1,StratifiedKFoldDynamic_EigCentrality_b300,4,4,GAT,101,240,140,0.24739034473896027,0.9228187799453735,0.31014692783355713,0.8691275119781494,True,100
syn-cora-h0.80-r1,StratifiedKFoldDynamic_EigCentrality_b300,4,5,GAT,100,247,147,0.2359910011291504,0.9395973086357117,0.2594406306743622,0.9194630980491638,True,100
syn-cora-h0.80-r1,StratifiedKFoldDynamic_EigCentrality_b300,4,5,GAT,101,262,162,0.2475380152463913,0.9295302033424377,0.2635733187198639,0.9194630980491638,True,100
syn-cora-h0.80-r1,StratifiedKFoldDynamic_Clustering_b300,4,1,GAT,101,125,25,0.2065112590789795,0.9496644139289856,0.29708290100097656,0.8892617225646973,True,100
syn-cora-h0.80-r1,StratifiedKFoldDynamic_Clustering_b300,4,2,GAT,100,151,51,0.23379862308502197,0.9328858852386475,0.22486378252506256,0.9194630980491638,True,100
syn-cora-h0.80-r1,StratifiedKFoldDynamic_Clustering_b300,4,2,GAT,101,215,115,0.24893787503242493,0.9060402512550354,0.22294338047504425,0.9127516746520996,True,100
syn-cora-h0.80-r1,StratifiedKFoldDynamic_Clustering_b300,4,1,GAT,100,260,160,0.19981631636619568,0.936241626739502,0.2797060012817383,0.9060402512550354,True,100
syn-cora-h0.80-r1,StratifiedKFoldDynamic_Clustering_b300,4,3,GAT,100,178,78,0.2707374691963196,0.9026845693588257,0.23823080956935883,0.9194630980491638,True,100
syn-cora-h0.80-r1,StratifiedKFoldDynamic_Clustering_b300,4,3,GAT,101,210,110,0.2547541558742523,0.9228187799453735,0.2898576855659485,0.8859060406684875,True,100
syn-cora-h0.80-r1,StratifiedKFoldDynamic_Clustering_b300,4,4,GAT,100,196,96,0.22895726561546326,0.9295302033424377,0.2812005877494812,0.8859060406684875,True,100
syn-cora-h0.80-r1,StratifiedKFoldDynamic_Clustering_b300,4,5,GAT,100,120,20,0.2977268695831299,0.9194630980491638,0.3004717528820038,0.9093959927558899,True,100
syn-cora-h0.80-r1,StratifiedKFoldDynamic_Clustering_b300,4,5,GAT,101,130,30,0.30959320068359375,0.8959731459617615,0.2982305884361267,0.9127516746520996,True,100
syn-cora-h0.80-r1,StratifiedKFoldDynamic_Clustering_b300,4,4,GAT,101,401,301,0.24727687239646912,0.9127516746520996,0.27225443720817566,0.9127516746520996,True,100
syn-cora-h0.90-r1,RandomKFold,0,2,GAT,100,140,40,0.11221183836460114,0.9597315192222595,0.13379107415676117,0.9429529905319214,True,100
syn-cora-h0.90-r1,RandomKFold,0,2,GAT,101,159,59,0.11996939778327942,0.9530201554298401,0.12304726988077164,0.9429529905319214,True,100
syn-cora-h0.90-r1,RandomKFold,0,1,GAT,101,187,87,0.09785115718841553,0.9597315192222595,0.08210284262895584,0.9731543660163879,True,100
syn-cora-h0.90-r1,RandomKFold,0,1,GAT,100,363,263,0.0995405837893486,0.9664429426193237,0.06765613704919815,0.9765100479125977,True,100
syn-cora-h0.90-r1,RandomKFold,0,3,GAT,100,239,139,0.07962585985660553,0.9697986841201782,0.12023144960403442,0.9530201554298401,True,100
syn-cora-h0.90-r1,RandomKFold,0,4,GAT,100,217,117,0.08750707656145096,0.9597315192222595,0.10916296392679214,0.9395973086357117,True,100
syn-cora-h0.90-r1,RandomKFold,0,3,GAT,101,330,230,0.08898551762104034,0.963087260723114,0.10657387226819992,0.9530201554298401,True,100
syn-cora-h0.90-r1,RandomKFold,0,4,GAT,101,130,30,0.09113679826259613,0.9697986841201782,0.12477567791938782,0.963087260723114,True,100
syn-cora-h0.90-r1,RandomKFold,0,5,GAT,100,135,35,0.08479247242212296,0.9731543660163879,0.099666066467762,0.9697986841201782,True,100
syn-cora-h0.90-r1,RandomKFold,0,5,GAT,101,361,261,0.07609961181879044,0.9765100479125977,0.10066967457532883,0.9597315192222595,True,100
syn-cora-h0.90-r1,LabelStratifiedKFold,0,2,GAT,100,130,30,0.12871961295604706,0.9530201554298401,0.0709700882434845,0.9765100479125977,True,100
syn-cora-h0.90-r1,LabelStratifiedKFold,0,1,GAT,100,192,92,0.050747234374284744,0.9798657894134521,0.11252528429031372,0.9597315192222595,True,100
syn-cora-h0.90-r1,LabelStratifiedKFold,0,1,GAT,101,318,218,0.041585344821214676,0.9798657894134521,0.12229568511247635,0.9530201554298401,True,100
syn-cora-h0.90-r1,LabelStratifiedKFold,0,2,GAT,101,365,265,0.1339004784822464,0.9463087320327759,0.059360403567552567,0.9765100479125977,True,100
syn-cora-h0.90-r1,LabelStratifiedKFold,0,3,GAT,100,264,164,0.10422773659229279,0.963087260723114,0.13842171430587769,0.9295302033424377,True,100
syn-cora-h0.90-r1,LabelStratifiedKFold,0,3,GAT,101,245,145,0.10136326402425766,0.9664429426193237,0.13661231100559235,0.9463087320327759,True,100
syn-cora-h0.90-r1,LabelStratifiedKFold,0,4,GAT,100,184,84,0.07932069897651672,0.9765100479125977,0.10777812451124191,0.963087260723114,True,100
syn-cora-h0.90-r1,LabelStratifiedKFold,0,5,GAT,100,231,131,0.09349686652421951,0.9798657894134521,0.0904623419046402,0.9731543660163879,True,100
syn-cora-h0.90-r1,LabelStratifiedKFold,0,5,GAT,101,188,88,0.11249371618032455,0.9664429426193237,0.08609233796596527,0.9697986841201782,True,100
syn-cora-h0.90-r1,LabelStratifiedKFold,0,4,GAT,101,287,187,0.06934135407209396,0.9865771532058716,0.11039509624242783,0.9563758373260498,True,100
syn-cora-h0.90-r1,StratifiedKFoldDynamic_Degree_b300,0,1,GAT,101,186,86,0.12506480515003204,0.9530201554298401,0.09318044036626816,0.9664429426193237,True,100
syn-cora-h0.90-r1,StratifiedKFoldDynamic_Degree_b300,0,2,GAT,100,267,167,0.0696074515581131,0.9731543660163879,0.15267497301101685,0.9395973086357117,True,100
syn-cora-h0.90-r1,StratifiedKFoldDynamic_Degree_b300,0,2,GAT,101,285,185,0.07525309175252914,0.9731543660163879,0.13456706702709198,0.9395973086357117,True,100
syn-cora-h0.90-r1,StratifiedKFoldDynamic_Degree_b300,0,1,GAT,100,294,194,0.11880133301019669,0.9496644139289856,0.09414347261190414,0.9731543660163879,True,100
syn-cora-h0.90-r1,StratifiedKFoldDynamic_Degree_b300,0,3,GAT,101,197,97,0.08623756468296051,0.963087260723114,0.09070685505867004,0.963087260723114,True,100
syn-cora-h0.90-r1,StratifiedKFoldDynamic_Degree_b300,0,3,GAT,100,290,190,0.07398899644613266,0.9731543660163879,0.08486977219581604,0.9664429426193237,True,100
syn-cora-h0.90-r1,StratifiedKFoldDynamic_Degree_b300,0,4,GAT,100,217,117,0.09143388271331787,0.9697986841201782,0.09912221878767014,0.963087260723114,True,100
syn-cora-h0.90-r1,StratifiedKFoldDynamic_Degree_b300,0,4,GAT,101,212,112,0.09335420280694962,0.9731543660163879,0.1043146476149559,0.9563758373260498,True,100
syn-cora-h0.90-r1,StratifiedKFoldDynamic_Degree_b300,0,5,GAT,100,286,186,0.0791790783405304,0.9731543660163879,0.11042940616607666,0.963087260723114,True,100
syn-cora-h0.90-r1,StratifiedKFoldDynamic_Degree_b300,0,5,GAT,101,312,212,0.08452492952346802,0.9697986841201782,0.11278881877660751,0.9697986841201782,True,100
syn-cora-h0.90-r1,StratifiedKFoldDynamic_NeighHet_b300,0,2,GAT,100,126,26,0.10115968436002731,0.9664429426193237,0.11167866736650467,0.9563758373260498,True,100
syn-cora-h0.90-r1,StratifiedKFoldDynamic_NeighHet_b300,0,1,GAT,101,192,92,0.11040272563695908,0.9664429426193237,0.10374611616134644,0.963087260723114,True,100
syn-cora-h0.90-r1,StratifiedKFoldDynamic_NeighHet_b300,0,3,GAT,100,123,23,0.11639787256717682,0.9664429426193237,0.12100383639335632,0.9664429426193237,True,100
syn-cora-h0.90-r1,StratifiedKFoldDynamic_NeighHet_b300,0,2,GAT,101,273,173,0.10082710534334183,0.9597315192222595,0.1062084510922432,0.9563758373260498,True,100
syn-cora-h0.90-r1,StratifiedKFoldDynamic_NeighHet_b300,0,1,GAT,100,293,193,0.10752467811107635,0.9496644139289856,0.09401219338178635,0.9597315192222595,True,100
syn-cora-h0.90-r1,StratifiedKFoldDynamic_NeighHet_b300,0,3,GAT,101,225,125,0.10304467380046844,0.9563758373260498,0.11879119277000427,0.9530201554298401,True,100
syn-cora-h0.90-r1,StratifiedKFoldDynamic_NeighHet_b300,0,4,GAT,100,188,88,0.10162151604890823,0.963087260723114,0.12266874313354492,0.963087260723114,True,100
syn-cora-h0.90-r1,StratifiedKFoldDynamic_NeighHet_b300,0,4,GAT,101,227,127,0.10856124013662338,0.963087260723114,0.1053951233625412,0.9697986841201782,True,100
syn-cora-h0.90-r1,StratifiedKFoldDynamic_NeighHet_b300,0,5,GAT,100,280,180,0.07733172923326492,0.9664429426193237,0.10271953046321869,0.9697986841201782,True,100
syn-cora-h0.90-r1,StratifiedKFoldDynamic_NeighHet_b300,0,5,GAT,101,207,107,0.07547607272863388,0.9731543660163879,0.10809843242168427,0.9563758373260498,True,100
syn-cora-h0.90-r1,StratifiedKFoldDynamic_PageRank_b300,0,1,GAT,100,214,114,0.07372112572193146,0.9731543660163879,0.1280474215745926,0.9463087320327759,True,100
syn-cora-h0.90-r1,StratifiedKFoldDynamic_PageRank_b300,0,1,GAT,101,228,128,0.07980164140462875,0.9765100479125977,0.14551271498203278,0.9429529905319214,True,100
syn-cora-h0.90-r1,StratifiedKFoldDynamic_PageRank_b300,0,2,GAT,100,253,153,0.07423167675733566,0.9697986841201782,0.08004790544509888,0.9765100479125977,True,100
syn-cora-h0.90-r1,StratifiedKFoldDynamic_PageRank_b300,0,2,GAT,101,304,204,0.06989926099777222,0.9832214713096619,0.09111285954713821,0.9731543660163879,True,100
syn-cora-h0.90-r1,StratifiedKFoldDynamic_PageRank_b300,0,3,GAT,100,214,114,0.08881910890340805,0.9765100479125977,0.08318483084440231,0.9697986841201782,True,100
syn-cora-h0.90-r1,StratifiedKFoldDynamic_PageRank_b300,0,3,GAT,101,234,134,0.08244240283966064,0.963087260723114,0.07679001986980438,0.9731543660163879,True,100
syn-cora-h0.90-r1,StratifiedKFoldDynamic_PageRank_b300,0,4,GAT,100,293,193,0.07895383983850479,0.9697986841201782,0.09429636597633362,0.9731543660163879,True,100
syn-cora-h0.90-r1,StratifiedKFoldDynamic_PageRank_b300,0,4,GAT,101,323,223,0.07050786912441254,0.9798657894134521,0.09719379991292953,0.963087260723114,True,100
syn-cora-h0.90-r1,StratifiedKFoldDynamic_PageRank_b300,0,5,GAT,100,292,192,0.13583466410636902,0.9563758373260498,0.10436686128377914,0.9563758373260498,True,100
syn-cora-h0.90-r1,StratifiedKFoldDynamic_PageRank_b300,0,5,GAT,101,273,173,0.1392127275466919,0.9496644139289856,0.09661209583282471,0.9697986841201782,True,100
syn-cora-h0.90-r1,StratifiedKFoldDynamic_EigCentrality_b300,0,2,GAT,100,163,63,0.1272643357515335,0.9496644139289856,0.09838750213384628,0.963087260723114,True,100
syn-cora-h0.90-r1,StratifiedKFoldDynamic_EigCentrality_b300,0,1,GAT,100,328,228,0.06516550481319427,0.9798657894134521,0.10137548297643661,0.9463087320327759,True,100
syn-cora-h0.90-r1,StratifiedKFoldDynamic_EigCentrality_b300,0,1,GAT,101,370,270,0.07199546694755554,0.9731543660163879,0.10708234459161758,0.9463087320327759,True,100
syn-cora-h0.90-r1,StratifiedKFoldDynamic_EigCentrality_b300,0,2,GAT,101,374,274,0.12159460037946701,0.9563758373260498,0.10575703531503677,0.9530201554298401,True,100
syn-cora-h0.90-r1,StratifiedKFoldDynamic_EigCentrality_b300,0,3,GAT,100,310,210,0.06325642764568329,0.9899328947067261,0.12137273699045181,0.9496644139289856,True,100
syn-cora-h0.90-r1,StratifiedKFoldDynamic_EigCentrality_b300,0,4,GAT,100,127,27,0.10866153985261917,0.9697986841201782,0.08815188705921173,0.9697986841201782,True,100
syn-cora-h0.90-r1,StratifiedKFoldDynamic_EigCentrality_b300,0,4,GAT,101,138,38,0.10997069627046585,0.9597315192222595,0.08975228667259216,0.9664429426193237,True,100
syn-cora-h0.90-r1,StratifiedKFoldDynamic_EigCentrality_b300,0,3,GAT,101,241,141,0.07007234543561935,0.9697986841201782,0.13312189280986786,0.9563758373260498,True,100
syn-cora-h0.90-r1,StratifiedKFoldDynamic_EigCentrality_b300,0,5,GAT,100,236,136,0.08826883137226105,0.9597315192222595,0.11443442851305008,0.9597315192222595,True,100
syn-cora-h0.90-r1,StratifiedKFoldDynamic_EigCentrality_b300,0,5,GAT,101,437,337,0.07809599488973618,0.963087260723114,0.10124228149652481,0.963087260723114,True,100
syn-cora-h0.90-r1,StratifiedKFoldDynamic_Clustering_b300,0,2,GAT,100,144,44,0.08498445898294449,0.9697986841201782,0.09669408202171326,0.9597315192222595,True,100
syn-cora-h0.90-r1,StratifiedKFoldDynamic_Clustering_b300,0,2,GAT,101,201,101,0.07271139323711395,0.9697986841201782,0.1072719544172287,0.9530201554298401,True,100
syn-cora-h0.90-r1,StratifiedKFoldDynamic_Clustering_b300,0,1,GAT,100,223,123,0.071231409907341,0.9697986841201782,0.11345654726028442,0.9429529905319214,True,100
syn-cora-h0.90-r1,StratifiedKFoldDynamic_Clustering_b300,0,1,GAT,101,330,230,0.07473785430192947,0.9697986841201782,0.10468892753124237,0.9530201554298401,True,100
syn-cora-h0.90-r1,StratifiedKFoldDynamic_Clustering_b300,0,4,GAT,100,125,25,0.12195909768342972,0.963087260723114,0.12861017882823944,0.9429529905319214,True,100
syn-cora-h0.90-r1,StratifiedKFoldDynamic_Clustering_b300,0,3,GAT,100,308,208,0.11504684388637543,0.963087260723114,0.08774647116661072,0.9664429426193237,True,100
syn-cora-h0.90-r1,StratifiedKFoldDynamic_Clustering_b300,0,3,GAT,101,295,195,0.11517355591058731,0.9597315192222595,0.08380953967571259,0.9664429426193237,True,100
syn-cora-h0.90-r1,StratifiedKFoldDynamic_Clustering_b300,0,4,GAT,101,237,137,0.12233612686395645,0.9597315192222595,0.10306170582771301,0.9563758373260498,True,100
syn-cora-h0.90-r1,StratifiedKFoldDynamic_Clustering_b300,0,5,GAT,100,251,151,0.08260785788297653,0.963087260723114,0.11804237961769104,0.9530201554298401,True,100
syn-cora-h0.90-r1,StratifiedKFoldDynamic_Clustering_b300,0,5,GAT,101,377,277,0.08741285651922226,0.963087260723114,0.13842974603176117,0.9530201554298401,True,100
syn-cora-h0.90-r1,RandomKFold,1,1,GAT,101,148,48,0.11345214396715164,0.9597315192222595,0.09267432242631912,0.9697986841201782,True,100
syn-cora-h0.90-r1,RandomKFold,1,1,GAT,100,146,46,0.13162371516227722,0.9563758373260498,0.07834033668041229,0.9765100479125977,True,100
syn-cora-h0.90-r1,RandomKFold,1,2,GAT,100,239,139,0.09652592241764069,0.9530201554298401,0.1339452713727951,0.9563758373260498,True,100
syn-cora-h0.90-r1,RandomKFold,1,2,GAT,101,375,275,0.08745032548904419,0.963087260723114,0.12351034581661224,0.9563758373260498,True,100
syn-cora-h0.90-r1,RandomKFold,1,4,GAT,100,147,47,0.10236209630966187,0.9697986841201782,0.15681904554367065,0.9463087320327759,True,100
syn-cora-h0.90-r1,RandomKFold,1,3,GAT,100,267,167,0.09211092442274094,0.9664429426193237,0.1157258078455925,0.9530201554298401,True,100
syn-cora-h0.90-r1,RandomKFold,1,3,GAT,101,330,230,0.09809675067663193,0.9664429426193237,0.10731926560401917,0.963087260723114,True,100
syn-cora-h0.90-r1,RandomKFold,1,4,GAT,101,127,27,0.10082890838384628,0.9597315192222595,0.13869090378284454,0.9429529905319214,True,100
syn-cora-h0.90-r1,RandomKFold,1,5,GAT,100,194,94,0.07210328429937363,0.9832214713096619,0.10290610790252686,0.9597315192222595,True,100
syn-cora-h0.90-r1,RandomKFold,1,5,GAT,101,236,136,0.06983006745576859,0.9731543660163879,0.10965195298194885,0.9463087320327759,True,100
syn-cora-h0.90-r1,LabelStratifiedKFold,1,1,GAT,101,130,30,0.14592339098453522,0.9429529905319214,0.10334651172161102,0.9697986841201782,True,100
syn-cora-h0.90-r1,LabelStratifiedKFold,1,2,GAT,100,136,36,0.11783956736326218,0.9530201554298401,0.11886591464281082,0.9563758373260498,True,100
syn-cora-h0.90-r1,LabelStratifiedKFold,1,1,GAT,100,153,53,0.1414523720741272,0.9463087320327759,0.10061424970626831,0.963087260723114,True,100
syn-cora-h0.90-r1,LabelStratifiedKFold,1,3,GAT,100,127,27,0.08026832342147827,0.9765100479125977,0.1336653083562851,0.936241626739502,True,100
syn-cora-h0.90-r1,LabelStratifiedKFold,1,3,GAT,101,129,29,0.08850281685590744,0.9765100479125977,0.16889265179634094,0.9463087320327759,True,100
syn-cora-h0.90-r1,LabelStratifiedKFold,1,2,GAT,101,332,232,0.12302879989147186,0.9496644139289856,0.10950929671525955,0.9530201554298401,True,100
syn-cora-h0.90-r1,LabelStratifiedKFold,1,4,GAT,100,214,114,0.0791458711028099,0.9697986841201782,0.09026012569665909,0.9697986841201782,True,100
syn-cora-h0.90-r1,LabelStratifiedKFold,1,5,GAT,100,234,134,0.08176256716251373,0.9765100479125977,0.08734080940485,0.9798657894134521,True,100
syn-cora-h0.90-r1,LabelStratifiedKFold,1,4,GAT,101,274,174,0.09063677489757538,0.963087260723114,0.10879337042570114,0.9530201554298401,True,100
syn-cora-h0.90-r1,LabelStratifiedKFold,1,5,GAT,101,287,187,0.08748279511928558,0.9731543660163879,0.09003718942403793,0.9664429426193237,True,100
syn-cora-h0.90-r1,StratifiedKFoldDynamic_Degree_b300,1,1,GAT,100,248,148,0.07758452743291855,0.963087260723114,0.10055302828550339,0.9530201554298401,True,100
syn-cora-h0.90-r1,StratifiedKFoldDynamic_Degree_b300,1,2,GAT,100,281,181,0.07583050429821014,0.9697986841201782,0.11198863387107849,0.9597315192222595,True,100
syn-cora-h0.90-r1,StratifiedKFoldDynamic_Degree_b300,1,1,GAT,101,305,205,0.09262165427207947,0.9664429426193237,0.11192608624696732,0.9597315192222595,True,100
syn-cora-h0.90-r1,StratifiedKFoldDynamic_Degree_b300,1,2,GAT,101,322,222,0.06586054712533951,0.9731543660163879,0.0916280448436737,0.9597315192222595,True,100
syn-cora-h0.90-r1,StratifiedKFoldDynamic_Degree_b300,1,3,GAT,100,201,101,0.09665932506322861,0.9664429426193237,0.06412971764802933,0.9832214713096619,True,100
syn-cora-h0.90-r1,StratifiedKFoldDynamic_Degree_b300,1,4,GAT,101,274,174,0.07693459838628769,0.9697986841201782,0.12641963362693787,0.9530201554298401,True,100
syn-cora-h0.90-r1,StratifiedKFoldDynamic_Degree_b300,1,4,GAT,100,301,201,0.08576919883489609,0.9697986841201782,0.13410234451293945,0.9429529905319214,True,100
syn-cora-h0.90-r1,StratifiedKFoldDynamic_Degree_b300,1,3,GAT,101,344,244,0.10730309784412384,0.9765100479125977,0.0590684674680233,0.9865771532058716,True,100
syn-cora-h0.90-r1,StratifiedKFoldDynamic_Degree_b300,1,5,GAT,100,292,192,0.11733122915029526,0.9496644139289856,0.09203233569860458,0.963087260723114,True,100
syn-cora-h0.90-r1,StratifiedKFoldDynamic_Degree_b300,1,5,GAT,101,317,217,0.11738590151071548,0.9463087320327759,0.08147028088569641,0.9765100479125977,True,100
syn-cora-h0.90-r1,StratifiedKFoldDynamic_NeighHet_b300,1,1,GAT,100,196,96,0.09053736925125122,0.9697986841201782,0.09107302874326706,0.963087260723114,True,100
syn-cora-h0.90-r1,StratifiedKFoldDynamic_NeighHet_b300,1,2,GAT,100,207,107,0.11134053021669388,0.9597315192222595,0.10814575850963593,0.9664429426193237,True,100
syn-cora-h0.90-r1,StratifiedKFoldDynamic_NeighHet_b300,1,1,GAT,101,306,206,0.07387738674879074,0.9765100479125977,0.0917418971657753,0.9664429426193237,True,100
syn-cora-h0.90-r1,StratifiedKFoldDynamic_NeighHet_b300,1,3,GAT,100,123,23,0.09681069105863571,0.9731543660163879,0.1323632150888443,0.9496644139289856,True,100
syn-cora-h0.90-r1,StratifiedKFoldDynamic_NeighHet_b300,1,2,GAT,101,321,221,0.10286933183670044,0.963087260723114,0.09450256079435349,0.9765100479125977,True,100
syn-cora-h0.90-r1,StratifiedKFoldDynamic_NeighHet_b300,1,4,GAT,101,181,81,0.09302546083927155,0.963087260723114,0.10403449833393097,0.9697986841201782,True,100
syn-cora-h0.90-r1,StratifiedKFoldDynamic_NeighHet_b300,1,3,GAT,101,332,232,0.111979641020298,0.9697986841201782,0.12229888886213303,0.9597315192222595,True,100
syn-cora-h0.90-r1,StratifiedKFoldDynamic_NeighHet_b300,1,4,GAT,100,301,201,0.07981742918491364,0.9765100479125977,0.08576314151287079,0.9731543660163879,True,100
syn-cora-h0.90-r1,StratifiedKFoldDynamic_NeighHet_b300,1,5,GAT,100,341,241,0.08882347494363785,0.9664429426193237,0.13042666018009186,0.9530201554298401,True,100
syn-cora-h0.90-r1,StratifiedKFoldDynamic_NeighHet_b300,1,5,GAT,101,187,87,0.08230940997600555,0.9765100479125977,0.1171550527215004,0.9563758373260498,True,100
syn-cora-h0.90-r1,StratifiedKFoldDynamic_PageRank_b300,1,2,GAT,100,180,80,0.09279414266347885,0.9697986841201782,0.1149933710694313,0.9429529905319214,True,100
syn-cora-h0.90-r1,StratifiedKFoldDynamic_PageRank_b300,1,2,GAT,101,188,88,0.08494554460048676,0.9697986841201782,0.12426847219467163,0.9496644139289856,True,100
syn-cora-h0.90-r1,StratifiedKFoldDynamic_PageRank_b300,1,1,GAT,100,196,96,0.10072469711303711,0.9530201554298401,0.09670640528202057,0.9697986841201782,True,100
syn-cora-h0.90-r1,StratifiedKFoldDynamic_PageRank_b300,1,4,GAT,100,124,24,0.13944989442825317,0.963087260723114,0.09923452883958817,0.9597315192222595,True,100
syn-cora-h0.90-r1,StratifiedKFoldDynamic_PageRank_b300,1,1,GAT,101,326,226,0.09240883588790894,0.9597315192222595,0.09804155677556992,0.963087260723114,True,100
syn-cora-h0.90-r1,StratifiedKFoldDynamic_PageRank_b300,1,3,GAT,101,227,127,0.0829625204205513,0.9697986841201782,0.0846291035413742,0.963087260723114,True,100
syn-cora-h0.90-r1,StratifiedKFoldDynamic_PageRank_b300,1,4,GAT,101,192,92,0.14403165876865387,0.9530201554298401,0.10445165634155273,0.9530201554298401,True,100
syn-cora-h0.90-r1,StratifiedKFoldDynamic_PageRank_b300,1,5,GAT,100,197,97,0.09606315940618515,0.963087260723114,0.13106735050678253,0.9530201554298401,True,100
syn-cora-h0.90-r1,StratifiedKFoldDynamic_PageRank_b300,1,3,GAT,100,438,338,0.08303870260715485,0.9697986841201782,0.09544308483600616,0.9597315192222595,True,100
syn-cora-h0.90-r1,StratifiedKFoldDynamic_PageRank_b300,1,5,GAT,101,287,187,0.08573990315198898,0.9664429426193237,0.12740740180015564,0.9563758373260498,True,100
syn-cora-h0.90-r1,StratifiedKFoldDynamic_EigCentrality_b300,1,1,GAT,100,247,147,0.07853373885154724,0.9697986841201782,0.1452539563179016,0.9395973086357117,True,100
syn-cora-h0.90-r1,StratifiedKFoldDynamic_EigCentrality_b300,1,2,GAT,100,252,152,0.0758427232503891,0.9765100479125977,0.08285192400217056,0.9731543660163879,True,100
syn-cora-h0.90-r1,StratifiedKFoldDynamic_EigCentrality_b300,1,2,GAT,101,315,215,0.0763523280620575,0.9664429426193237,0.0981883555650711,0.963087260723114,True,100
syn-cora-h0.90-r1,StratifiedKFoldDynamic_EigCentrality_b300,1,1,GAT,101,358,258,0.07331474870443344,0.9765100479125977,0.15204627811908722,0.936241626739502,True,100
syn-cora-h0.90-r1,StratifiedKFoldDynamic_EigCentrality_b300,1,3,GAT,101,269,169,0.12277891486883163,0.9664429426193237,0.098988838493824,0.9597315192222595,True,100
syn-cora-h0.90-r1,StratifiedKFoldDynamic_EigCentrality_b300,1,3,GAT,100,289,189,0.10979026556015015,0.9597315192222595,0.08382667601108551,0.9664429426193237,True,100
syn-cora-h0.90-r1,StratifiedKFoldDynamic_EigCentrality_b300,1,4,GAT,100,197,97,0.08242645859718323,0.9664429426193237,0.13121862709522247,0.9463087320327759,True,100
syn-cora-h0.90-r1,StratifiedKFoldDynamic_EigCentrality_b300,1,4,GAT,101,187,87,0.07034735381603241,0.9798657894134521,0.14619696140289307,0.9496644139289856,True,100
syn-cora-h0.90-r1,StratifiedKFoldDynamic_EigCentrality_b300,1,5,GAT,101,213,113,0.12037284672260284,0.9563758373260498,0.08923830837011337,0.9697986841201782,True,100
syn-cora-h0.90-r1,StratifiedKFoldDynamic_EigCentrality_b300,1,5,GAT,100,279,179,0.10707437247037888,0.9496644139289856,0.08617830276489258,0.963087260723114,True,100
syn-cora-h0.90-r1,StratifiedKFoldDynamic_Clustering_b300,1,1,GAT,101,195,95,0.1087539866566658,0.963087260723114,0.07599137723445892,0.9798657894134521,True,100
syn-cora-h0.90-r1,StratifiedKFoldDynamic_Clustering_b300,1,2,GAT,100,229,129,0.05753111466765404,0.9731543660163879,0.12853984534740448,0.9429529905319214,True,100
syn-cora-h0.90-r1,StratifiedKFoldDynamic_Clustering_b300,1,2,GAT,101,312,212,0.05134458839893341,0.9798657894134521,0.10738467425107956,0.9563758373260498,True,100
syn-cora-h0.90-r1,StratifiedKFoldDynamic_Clustering_b300,1,1,GAT,100,387,287,0.10263065993785858,0.9697986841201782,0.06787020713090897,0.9798657894134521,True,100
syn-cora-h0.90-r1,StratifiedKFoldDynamic_Clustering_b300,1,3,GAT,100,218,118,0.10974026471376419,0.963087260723114,0.06850615888834,0.9697986841201782,True,100
syn-cora-h0.90-r1,StratifiedKFoldDynamic_Clustering_b300,1,3,GAT,101,210,110,0.11342141777276993,0.9664429426193237,0.08363111317157745,0.9664429426193237,True,100
syn-cora-h0.90-r1,StratifiedKFoldDynamic_Clustering_b300,1,4,GAT,100,171,71,0.11042854934930801,0.9597315192222595,0.13560117781162262,0.9530201554298401,True,100
syn-cora-h0.90-r1,StratifiedKFoldDynamic_Clustering_b300,1,4,GAT,101,227,127,0.12488680332899094,0.9563758373260498,0.1267555058002472,0.9429529905319214,True,100
syn-cora-h0.90-r1,StratifiedKFoldDynamic_Clustering_b300,1,5,GAT,100,287,187,0.0518823079764843,0.9798657894134521,0.14605067670345306,0.9597315192222595,True,100
syn-cora-h0.90-r1,StratifiedKFoldDynamic_Clustering_b300,1,5,GAT,101,317,217,0.051113639026880264,0.9731543660163879,0.1518351286649704,0.9530201554298401,True,100
syn-cora-h0.90-r1,RandomKFold,2,2,GAT,101,225,125,0.1038815975189209,0.9530201554298401,0.1327199935913086,0.9463087320327759,True,100
syn-cora-h0.90-r1,RandomKFold,2,1,GAT,101,254,154,0.1266590803861618,0.9463087320327759,0.12233491986989975,0.963087260723114,True,100
syn-cora-h0.90-r1,RandomKFold,2,2,GAT,100,276,176,0.09390328824520111,0.963087260723114,0.11215522140264511,0.9530201554298401,True,100
syn-cora-h0.90-r1,RandomKFold,2,1,GAT,100,392,292,0.10814652591943741,0.9496644139289856,0.11130306124687195,0.963087260723114,True,100
syn-cora-h0.90-r1,RandomKFold,2,4,GAT,100,166,66,0.08276261389255524,0.9731543660163879,0.08639781922101974,0.9697986841201782,True,100
syn-cora-h0.90-r1,RandomKFold,2,3,GAT,100,283,183,0.0811040922999382,0.9664429426193237,0.11353728175163269,0.9463087320327759,True,100
syn-cora-h0.90-r1,RandomKFold,2,4,GAT,101,121,21,0.08180361241102219,0.9765100479125977,0.1051776334643364,0.963087260723114,True,100
syn-cora-h0.90-r1,RandomKFold,2,3,GAT,101,313,213,0.07876326143741608,0.9664429426193237,0.12475250661373138,0.9563758373260498,True,100
syn-cora-h0.90-r1,RandomKFold,2,5,GAT,100,305,205,0.08999345451593399,0.9731543660163879,0.08712071180343628,0.9697986841201782,True,100
syn-cora-h0.90-r1,RandomKFold,2,5,GAT,101,362,262,0.08083786070346832,0.9664429426193237,0.08499544858932495,0.9664429426193237,True,100
syn-cora-h0.90-r1,LabelStratifiedKFold,2,1,GAT,101,133,33,0.08955042064189911,0.9597315192222595,0.1439138501882553,0.9530201554298401,True,100
syn-cora-h0.90-r1,LabelStratifiedKFold,2,2,GAT,100,170,70,0.06885523349046707,0.9731543660163879,0.08876441419124603,0.9664429426193237,True,100
syn-cora-h0.90-r1,LabelStratifiedKFold,2,1,GAT,100,172,72,0.08285049349069595,0.9731543660163879,0.12468070536851883,0.9563758373260498,True,100
syn-cora-h0.90-r1,LabelStratifiedKFold,2,2,GAT,101,184,84,0.0617714487016201,0.9798657894134521,0.10096289217472076,0.9664429426193237,True,100
syn-cora-h0.90-r1,LabelStratifiedKFold,2,3,GAT,100,162,62,0.07863625884056091,0.9697986841201782,0.09076222777366638,0.9597315192222595,True,100
syn-cora-h0.90-r1,LabelStratifiedKFold,2,4,GAT,100,194,94,0.11699589341878891,0.9697986841201782,0.10885536670684814,0.963087260723114,True,100
syn-cora-h0.90-r1,LabelStratifiedKFold,2,5,GAT,100,153,53,0.13108885288238525,0.9597315192222595,0.11678285896778107,0.9563758373260498,True,100
syn-cora-h0.90-r1,LabelStratifiedKFold,2,4,GAT,101,274,174,0.11492563039064407,0.9597315192222595,0.1183096244931221,0.9530201554298401,True,100
syn-cora-h0.90-r1,LabelStratifiedKFold,2,3,GAT,101,334,234,0.07596109062433243,0.9697986841201782,0.0674315020442009,0.9664429426193237,True,100
syn-cora-h0.90-r1,LabelStratifiedKFold,2,5,GAT,101,295,195,0.12318814545869827,0.963087260723114,0.11216028034687042,0.9597315192222595,True,100
syn-cora-h0.90-r1,StratifiedKFoldDynamic_Degree_b300,2,1,GAT,101,197,97,0.07588966935873032,0.9697986841201782,0.10762462019920349,0.9597315192222595,True,100
syn-cora-h0.90-r1,StratifiedKFoldDynamic_Degree_b300,2,1,GAT,100,265,165,0.07032955437898636,0.9731543660163879,0.10062515735626221,0.9563758373260498,True,100
syn-cora-h0.90-r1,StratifiedKFoldDynamic_Degree_b300,2,2,GAT,100,301,201,0.08427440375089645,0.9765100479125977,0.10808733850717545,0.9563758373260498,True,100
syn-cora-h0.90-r1,StratifiedKFoldDynamic_Degree_b300,2,2,GAT,101,327,227,0.10047747939825058,0.9664429426193237,0.09767164289951324,0.963087260723114,True,100
syn-cora-h0.90-r1,StratifiedKFoldDynamic_Degree_b300,2,4,GAT,100,240,140,0.09886153787374496,0.9597315192222595,0.10588255524635315,0.9563758373260498,True,100
syn-cora-h0.90-r1,StratifiedKFoldDynamic_Degree_b300,2,3,GAT,100,450,350,0.10776550322771072,0.9597315192222595,0.1017480418086052,0.9664429426193237,True,100
syn-cora-h0.90-r1,StratifiedKFoldDynamic_Degree_b300,2,3,GAT,101,396,296,0.10140802711248398,0.963087260723114,0.11235964298248291,0.9496644139289856,True,100
syn-cora-h0.90-r1,StratifiedKFoldDynamic_Degree_b300,2,5,GAT,100,135,35,0.10496005415916443,0.963087260723114,0.13151639699935913,0.9429529905319214,True,100
syn-cora-h0.90-r1,StratifiedKFoldDynamic_Degree_b300,2,4,GAT,101,468,368,0.10053783655166626,0.9597315192222595,0.11488424241542816,0.9496644139289856,True,100
syn-cora-h0.90-r1,StratifiedKFoldDynamic_Degree_b300,2,5,GAT,101,246,146,0.09253007918596268,0.963087260723114,0.13602587580680847,0.936241626739502,True,100
syn-cora-h0.90-r1,StratifiedKFoldDynamic_NeighHet_b300,2,1,GAT,100,154,54,0.0902700424194336,0.963087260723114,0.10587112605571747,0.963087260723114,True,100
syn-cora-h0.90-r1,StratifiedKFoldDynamic_NeighHet_b300,2,2,GAT,100,175,75,0.08393826335668564,0.9697986841201782,0.09179018437862396,0.963087260723114,True,100
syn-cora-h0.90-r1,StratifiedKFoldDynamic_NeighHet_b300,2,1,GAT,101,322,222,0.08316394686698914,0.963087260723114,0.09131725132465363,0.9664429426193237,True,100
syn-cora-h0.90-r1,StratifiedKFoldDynamic_NeighHet_b300,2,3,GAT,100,195,95,0.09720895439386368,0.9530201554298401,0.08655264973640442,0.9697986841201782,True,100
syn-cora-h0.90-r1,StratifiedKFoldDynamic_NeighHet_b300,2,2,GAT,101,374,274,0.08073825389146805,0.9765100479125977,0.10586954653263092,0.9597315192222595,True,100
syn-cora-h0.90-r1,StratifiedKFoldDynamic_NeighHet_b300,2,4,GAT,101,130,30,0.09477245062589645,0.9664429426193237,0.10752599686384201,0.9563758373260498,True,100
syn-cora-h0.90-r1,StratifiedKFoldDynamic_NeighHet_b300,2,3,GAT,101,323,223,0.08812714368104935,0.9664429426193237,0.0819670557975769,0.9731543660163879,True,100
syn-cora-h0.90-r1,StratifiedKFoldDynamic_NeighHet_b300,2,4,GAT,100,186,86,0.10029640793800354,0.963087260723114,0.10429106652736664,0.963087260723114,True,100
syn-cora-h0.90-r1,StratifiedKFoldDynamic_NeighHet_b300,2,5,GAT,100,242,142,0.09214137494564056,0.9664429426193237,0.10882741212844849,0.9664429426193237,True,100
syn-cora-h0.90-r1,StratifiedKFoldDynamic_NeighHet_b300,2,5,GAT,101,326,226,0.09737580269575119,0.9664429426193237,0.09886390715837479,0.963087260723114,True,100
syn-cora-h0.90-r1,StratifiedKFoldDynamic_PageRank_b300,2,2,GAT,100,161,61,0.09964095801115036,0.9530201554298401,0.11889150738716125,0.9597315192222595,True,100
syn-cora-h0.90-r1,StratifiedKFoldDynamic_PageRank_b300,2,1,GAT,100,180,80,0.10487518459558487,0.9530201554298401,0.074653759598732,0.9697986841201782,True,100
syn-cora-h0.90-r1,StratifiedKFoldDynamic_PageRank_b300,2,2,GAT,101,196,96,0.10440895706415176,0.9530201554298401,0.10617905855178833,0.963087260723114,True,100
syn-cora-h0.90-r1,StratifiedKFoldDynamic_PageRank_b300,2,3,GAT,101,182,82,0.09000393748283386,0.963087260723114,0.13585151731967926,0.9395973086357117,True,100
syn-cora-h0.90-r1,StratifiedKFoldDynamic_PageRank_b300,2,1,GAT,101,372,272,0.09605705738067627,0.9664429426193237,0.06757210940122604,0.9597315192222595,True,100
syn-cora-h0.90-r1,StratifiedKFoldDynamic_PageRank_b300,2,4,GAT,100,250,150,0.10427597910165787,0.9697986841201782,0.1039530485868454,0.9597315192222595,True,100
syn-cora-h0.90-r1,StratifiedKFoldDynamic_PageRank_b300,2,3,GAT,100,289,189,0.09141054004430771,0.9731543660163879,0.14117996394634247,0.9463087320327759,True,100
syn-cora-h0.90-r1,StratifiedKFoldDynamic_PageRank_b300,2,4,GAT,101,203,103,0.106193408370018,0.9664429426193237,0.08151891827583313,0.9697986841201782,True,100
syn-cora-h0.90-r1,StratifiedKFoldDynamic_PageRank_b300,2,5,GAT,100,245,145,0.06876417994499207,0.9832214713096619,0.1194029301404953,0.9597315192222595,True,100
syn-cora-h0.90-r1,StratifiedKFoldDynamic_PageRank_b300,2,5,GAT,101,505,405,0.07077432423830032,0.9731543660163879,0.13134287297725677,0.9597315192222595,True,100
syn-cora-h0.90-r1,StratifiedKFoldDynamic_EigCentrality_b300,2,1,GAT,100,141,41,0.10363581031560898,0.9597315192222595,0.11334206908941269,0.963087260723114,True,100
syn-cora-h0.90-r1,StratifiedKFoldDynamic_EigCentrality_b300,2,2,GAT,101,193,93,0.11050785332918167,0.9496644139289856,0.10482239723205566,0.9597315192222595,True,100
syn-cora-h0.90-r1,StratifiedKFoldDynamic_EigCentrality_b300,2,2,GAT,100,201,101,0.09727489948272705,0.9597315192222595,0.1146523654460907,0.963087260723114,True,100
syn-cora-h0.90-r1,StratifiedKFoldDynamic_EigCentrality_b300,2,1,GAT,101,309,209,0.091881163418293,0.963087260723114,0.12810181081295013,0.9463087320327759,True,100
syn-cora-h0.90-r1,StratifiedKFoldDynamic_EigCentrality_b300,2,3,GAT,101,173,73,0.09619828313589096,0.9765100479125977,0.11496303230524063,0.9597315192222595,True,100
syn-cora-h0.90-r1,StratifiedKFoldDynamic_EigCentrality_b300,2,3,GAT,100,317,217,0.09797444939613342,0.9731543660163879,0.09356628358364105,0.9429529905319214,True,100
syn-cora-h0.90-r1,StratifiedKFoldDynamic_EigCentrality_b300,2,4,GAT,100,298,198,0.08863533288240433,0.9597315192222595,0.11126498132944107,0.9597315192222595,True,100
syn-cora-h0.90-r1,StratifiedKFoldDynamic_EigCentrality_b300,2,4,GAT,101,229,129,0.10198607295751572,0.9530201554298401,0.10086499899625778,0.963087260723114,True,100
syn-cora-h0.90-r1,StratifiedKFoldDynamic_EigCentrality_b300,2,5,GAT,100,261,161,0.0974833220243454,0.9664429426193237,0.10670827329158783,0.9563758373260498,True,100
syn-cora-h0.90-r1,StratifiedKFoldDynamic_EigCentrality_b300,2,5,GAT,101,300,200,0.0965651199221611,0.9597315192222595,0.10291706025600433,0.9563758373260498,True,100
syn-cora-h0.90-r1,StratifiedKFoldDynamic_Clustering_b300,2,1,GAT,101,235,135,0.0854121595621109,0.9731543660163879,0.12625417113304138,0.9597315192222595,True,100
syn-cora-h0.90-r1,StratifiedKFoldDynamic_Clustering_b300,2,1,GAT,100,309,209,0.089077889919281,0.9664429426193237,0.11176852136850357,0.9664429426193237,True,100
syn-cora-h0.90-r1,StratifiedKFoldDynamic_Clustering_b300,2,2,GAT,101,415,315,0.06978929787874222,0.9731543660163879,0.10083118081092834,0.9597315192222595,True,100
syn-cora-h0.90-r1,StratifiedKFoldDynamic_Clustering_b300,2,3,GAT,101,117,17,0.12951602041721344,0.963087260723114,0.11989955604076385,0.963087260723114,True,100
syn-cora-h0.90-r1,StratifiedKFoldDynamic_Clustering_b300,2,3,GAT,100,203,103,0.11130258440971375,0.963087260723114,0.07209199666976929,0.9798657894134521,True,100
syn-cora-h0.90-r1,StratifiedKFoldDynamic_Clustering_b300,2,2,GAT,100,450,350,0.05961222946643829,0.9765100479125977,0.1110023632645607,0.9563758373260498,True,100
syn-cora-h0.90-r1,StratifiedKFoldDynamic_Clustering_b300,2,4,GAT,101,131,31,0.10600212961435318,0.9597315192222595,0.1390182375907898,0.9597315192222595,True,100
syn-cora-h0.90-r1,StratifiedKFoldDynamic_Clustering_b300,2,5,GAT,101,216,116,0.10621887445449829,0.9731543660163879,0.10242489725351334,0.9530201554298401,True,100
syn-cora-h0.90-r1,StratifiedKFoldDynamic_Clustering_b300,2,4,GAT,100,276,176,0.09514369815587997,0.963087260723114,0.12415839731693268,0.963087260723114,True,100
syn-cora-h0.90-r1,StratifiedKFoldDynamic_Clustering_b300,2,5,GAT,100,280,180,0.09261151403188705,0.9731543660163879,0.09163183718919754,0.963087260723114,True,100
syn-cora-h0.90-r1,RandomKFold,3,1,GAT,100,134,34,0.11291737854480743,0.963087260723114,0.09637942910194397,0.9765100479125977,True,100
syn-cora-h0.90-r1,RandomKFold,3,2,GAT,101,199,99,0.08209475874900818,0.9597315192222595,0.13334906101226807,0.9597315192222595,True,100
syn-cora-h0.90-r1,RandomKFold,3,1,GAT,101,238,138,0.11311401426792145,0.963087260723114,0.12996996939182281,0.9563758373260498,True,100
syn-cora-h0.90-r1,RandomKFold,3,2,GAT,100,285,185,0.07722443342208862,0.9664429426193237,0.1248331293463707,0.963087260723114,True,100
syn-cora-h0.90-r1,RandomKFold,3,3,GAT,101,133,33,0.14129291474819183,0.9463087320327759,0.08676617592573166,0.9731543660163879,True,100
syn-cora-h0.90-r1,RandomKFold,3,3,GAT,100,203,103,0.13510844111442566,0.9563758373260498,0.08866893500089645,0.963087260723114,True,100
syn-cora-h0.90-r1,RandomKFold,3,4,GAT,100,126,26,0.10139483958482742,0.9597315192222595,0.14327481389045715,0.9395973086357117,True,100
syn-cora-h0.90-r1,RandomKFold,3,5,GAT,100,124,24,0.10145776718854904,0.9798657894134521,0.09801062941551208,0.9697986841201782,True,100
syn-cora-h0.90-r1,RandomKFold,3,4,GAT,101,177,77,0.0954977422952652,0.963087260723114,0.13354235887527466,0.9463087320327759,True,100
syn-cora-h0.90-r1,RandomKFold,3,5,GAT,101,190,90,0.11006617546081543,0.9597315192222595,0.10096722841262817,0.9664429426193237,True,100
syn-cora-h0.90-r1,LabelStratifiedKFold,3,1,GAT,101,130,30,0.11631444841623306,0.9597315192222595,0.08846711367368698,0.9697986841201782,True,100
syn-cora-h0.90-r1,LabelStratifiedKFold,3,2,GAT,101,201,101,0.11404985934495926,0.963087260723114,0.12124596536159515,0.9563758373260498,True,100
syn-cora-h0.90-r1,LabelStratifiedKFold,3,2,GAT,100,264,164,0.12277298420667648,0.9597315192222595,0.11279760301113129,0.963087260723114,True,100
syn-cora-h0.90-r1,LabelStratifiedKFold,3,1,GAT,100,293,193,0.113125279545784,0.9597315192222595,0.07919368147850037,0.9697986841201782,True,100
syn-cora-h0.90-r1,LabelStratifiedKFold,3,3,GAT,100,305,205,0.09785972535610199,0.9563758373260498,0.1443312019109726,0.9395973086357117,True,100
syn-cora-h0.90-r1,LabelStratifiedKFold,3,3,GAT,101,345,245,0.09962412714958191,0.9496644139289856,0.14086565375328064,0.936241626739502,True,100
syn-cora-h0.90-r1,LabelStratifiedKFold,3,4,GAT,100,358,258,0.06650346517562866,0.9765100479125977,0.10848888754844666,0.963087260723114,True,100
syn-cora-h0.90-r1,LabelStratifiedKFold,3,5,GAT,100,196,96,0.0765758827328682,0.9765100479125977,0.09107907861471176,0.9697986841201782,True,100
syn-cora-h0.90-r1,LabelStratifiedKFold,3,4,GAT,101,456,356,0.06310192495584488,0.9731543660163879,0.1151350662112236,0.9563758373260498,True,100
syn-cora-h0.90-r1,LabelStratifiedKFold,3,5,GAT,101,229,129,0.07120734453201294,0.9697986841201782,0.09665007144212723,0.9697986841201782,True,100
syn-cora-h0.90-r1,StratifiedKFoldDynamic_Degree_b300,3,2,GAT,100,123,23,0.13461671769618988,0.9496644139289856,0.09564466029405594,0.9697986841201782,True,100
syn-cora-h0.90-r1,StratifiedKFoldDynamic_Degree_b300,3,1,GAT,101,187,87,0.07149412482976913,0.9765100479125977,0.11738999933004379,0.9597315192222595,True,100
syn-cora-h0.90-r1,StratifiedKFoldDynamic_Degree_b300,3,2,GAT,101,238,138,0.14069360494613647,0.9496644139289856,0.06734727323055267,0.9765100479125977,True,100
syn-cora-h0.90-r1,StratifiedKFoldDynamic_Degree_b300,3,1,GAT,100,250,150,0.07306274026632309,0.9798657894134521,0.13161872327327728,0.9530201554298401,True,100
syn-cora-h0.90-r1,StratifiedKFoldDynamic_Degree_b300,3,3,GAT,100,202,102,0.084471195936203,0.9697986841201782,0.13690820336341858,0.9496644139289856,True,100
syn-cora-h0.90-r1,StratifiedKFoldDynamic_Degree_b300,3,4,GAT,100,155,55,0.08526800572872162,0.9697986841201782,0.11352234333753586,0.9563758373260498,True,100
syn-cora-h0.90-r1,StratifiedKFoldDynamic_Degree_b300,3,3,GAT,101,223,123,0.08847831189632416,0.9731543660163879,0.12617896497249603,0.963087260723114,True,100
syn-cora-h0.90-r1,StratifiedKFoldDynamic_Degree_b300,3,5,GAT,100,154,54,0.10301283746957779,0.963087260723114,0.07630259543657303,0.9765100479125977,True,100
syn-cora-h0.90-r1,StratifiedKFoldDynamic_Degree_b300,3,4,GAT,101,274,174,0.08257985860109329,0.9563758373260498,0.10329244285821915,0.9563758373260498,True,100
syn-cora-h0.90-r1,StratifiedKFoldDynamic_Degree_b300,3,5,GAT,101,209,109,0.10101867467164993,0.9664429426193237,0.08078091591596603,0.963087260723114,True,100
syn-cora-h0.90-r1,StratifiedKFoldDynamic_NeighHet_b300,3,2,GAT,101,178,78,0.13025929033756256,0.9463087320327759,0.12022324651479721,0.9496644139289856,True,100
syn-cora-h0.90-r1,StratifiedKFoldDynamic_NeighHet_b300,3,1,GAT,101,209,109,0.10814504325389862,0.9563758373260498,0.09932561963796616,0.9563758373260498,True,100
syn-cora-h0.90-r1,StratifiedKFoldDynamic_NeighHet_b300,3,2,GAT,100,224,124,0.12233636528253555,0.9463087320327759,0.09844736754894257,0.9563758373260498,True,100
syn-cora-h0.90-r1,StratifiedKFoldDynamic_NeighHet_b300,3,1,GAT,100,223,123,0.08590876311063766,0.9664429426193237,0.10400106757879257,0.9563758373260498,True,100
syn-cora-h0.90-r1,StratifiedKFoldDynamic_NeighHet_b300,3,3,GAT,101,131,31,0.08949870616197586,0.9765100479125977,0.12332441657781601,0.9496644139289856,True,100
syn-cora-h0.90-r1,StratifiedKFoldDynamic_NeighHet_b300,3,3,GAT,100,203,103,0.09911195933818817,0.9731543660163879,0.1388547569513321,0.9429529905319214,True,100
syn-cora-h0.90-r1,StratifiedKFoldDynamic_NeighHet_b300,3,4,GAT,101,265,165,0.0891725942492485,0.9731543660163879,0.1063600480556488,0.9597315192222595,True,100
syn-cora-h0.90-r1,StratifiedKFoldDynamic_NeighHet_b300,3,5,GAT,100,205,105,0.08844493329524994,0.9664429426193237,0.10340883582830429,0.9597315192222595,True,100
syn-cora-h0.90-r1,StratifiedKFoldDynamic_NeighHet_b300,3,4,GAT,100,325,225,0.07792679965496063,0.9664429426193237,0.08266463875770569,0.963087260723114,True,100
syn-cora-h0.90-r1,StratifiedKFoldDynamic_NeighHet_b300,3,5,GAT,101,192,92,0.0926908478140831,0.9765100479125977,0.1082364022731781,0.963087260723114,True,100
syn-cora-h0.90-r1,StratifiedKFoldDynamic_PageRank_b300,3,1,GAT,100,132,32,0.11627362668514252,0.9530201554298401,0.11166737973690033,0.9530201554298401,True,100
syn-cora-h0.90-r1,StratifiedKFoldDynamic_PageRank_b300,3,2,GAT,101,195,95,0.06627108156681061,0.9731543660163879,0.0957827940583229,0.963087260723114,True,100
syn-cora-h0.90-r1,StratifiedKFoldDynamic_PageRank_b300,3,2,GAT,100,202,102,0.060534555464982986,0.9798657894134521,0.10245770215988159,0.963087260723114,True,100
syn-cora-h0.90-r1,StratifiedKFoldDynamic_PageRank_b300,3,1,GAT,101,286,186,0.10515116155147552,0.963087260723114,0.09559713304042816,0.9597315192222595,True,100
syn-cora-h0.90-r1,StratifiedKFoldDynamic_PageRank_b300,3,3,GAT,100,251,151,0.12847110629081726,0.9496644139289856,0.07657080143690109,0.9798657894134521,True,100
syn-cora-h0.90-r1,StratifiedKFoldDynamic_PageRank_b300,3,3,GAT,101,214,114,0.1303003877401352,0.9496644139289856,0.07456736266613007,0.9765100479125977,True,100
syn-cora-h0.90-r1,StratifiedKFoldDynamic_PageRank_b300,3,4,GAT,100,231,131,0.09314369410276413,0.9697986841201782,0.14979277551174164,0.9463087320327759,True,100
syn-cora-h0.90-r1,StratifiedKFoldDynamic_PageRank_b300,3,4,GAT,101,188,88,0.12027034908533096,0.9765100479125977,0.16045519709587097,0.9563758373260498,True,100
syn-cora-h0.90-r1,StratifiedKFoldDynamic_PageRank_b300,3,5,GAT,100,144,44,0.10461541265249252,0.963087260723114,0.10334464907646179,0.9664429426193237,True,100
syn-cora-h0.90-r1,StratifiedKFoldDynamic_PageRank_b300,3,5,GAT,101,177,77,0.10531534999608994,0.9664429426193237,0.12031175941228867,0.9597315192222595,True,100
syn-cora-h0.90-r1,StratifiedKFoldDynamic_EigCentrality_b300,3,1,GAT,101,226,126,0.11496216058731079,0.9530201554298401,0.07482078671455383,0.9664429426193237,True,100
syn-cora-h0.90-r1,StratifiedKFoldDynamic_EigCentrality_b300,3,1,GAT,100,241,141,0.11934813857078552,0.9563758373260498,0.07674151659011841,0.9697986841201782,True,100
syn-cora-h0.90-r1,StratifiedKFoldDynamic_EigCentrality_b300,3,2,GAT,100,304,204,0.06585726886987686,0.9865771532058716,0.1570931226015091,0.9429529905319214,True,100
syn-cora-h0.90-r1,StratifiedKFoldDynamic_EigCentrality_b300,3,3,GAT,100,124,24,0.12359688431024551,0.9563758373260498,0.0970739871263504,0.9597315192222595,True,100
syn-cora-h0.90-r1,StratifiedKFoldDynamic_EigCentrality_b300,3,2,GAT,101,360,260,0.06680477410554886,0.9765100479125977,0.13892027735710144,0.9563758373260498,True,100
syn-cora-h0.90-r1,StratifiedKFoldDynamic_EigCentrality_b300,3,3,GAT,101,128,28,0.12984733283519745,0.9463087320327759,0.08704042434692383,0.9765100479125977,True,100
syn-cora-h0.90-r1,StratifiedKFoldDynamic_EigCentrality_b300,3,4,GAT,101,224,124,0.08985331654548645,0.9798657894134521,0.13212063908576965,0.9530201554298401,True,100
syn-cora-h0.90-r1,StratifiedKFoldDynamic_EigCentrality_b300,3,4,GAT,100,277,177,0.10271987318992615,0.963087260723114,0.13588687777519226,0.9429529905319214,True,100
syn-cora-h0.90-r1,StratifiedKFoldDynamic_EigCentrality_b300,3,5,GAT,100,268,168,0.06522813439369202,0.9798657894134521,0.11583567410707474,0.9395973086357117,True,100
syn-cora-h0.90-r1,StratifiedKFoldDynamic_EigCentrality_b300,3,5,GAT,101,325,225,0.0638379454612732,0.9697986841201782,0.1004430502653122,0.963087260723114,True,100
syn-cora-h0.90-r1,StratifiedKFoldDynamic_Clustering_b300,3,2,GAT,100,124,24,0.10763318091630936,0.963087260723114,0.12578432261943817,0.9597315192222595,True,100
syn-cora-h0.90-r1,StratifiedKFoldDynamic_Clustering_b300,3,2,GAT,101,189,89,0.10111979395151138,0.9597315192222595,0.1108606681227684,0.963087260723114,True,100
syn-cora-h0.90-r1,StratifiedKFoldDynamic_Clustering_b300,3,1,GAT,100,233,133,0.11058937013149261,0.9697986841201782,0.12427829205989838,0.9563758373260498,True,100
syn-cora-h0.90-r1,StratifiedKFoldDynamic_Clustering_b300,3,1,GAT,101,237,137,0.09636141359806061,0.9731543660163879,0.10149946063756943,0.9597315192222595,True,100
syn-cora-h0.90-r1,StratifiedKFoldDynamic_Clustering_b300,3,3,GAT,101,216,116,0.1014784723520279,0.963087260723114,0.12356866896152496,0.9597315192222595,True,100
syn-cora-h0.90-r1,StratifiedKFoldDynamic_Clustering_b300,3,4,GAT,100,178,78,0.0993298813700676,0.963087260723114,0.12384026497602463,0.9429529905319214,True,100
syn-cora-h0.90-r1,StratifiedKFoldDynamic_Clustering_b300,3,3,GAT,100,310,210,0.1000594049692154,0.9496644139289856,0.10590523481369019,0.963087260723114,True,100
syn-cora-h0.90-r1,StratifiedKFoldDynamic_Clustering_b300,3,4,GAT,101,225,125,0.08836338669061661,0.9697986841201782,0.10928451269865036,0.9597315192222595,True,100
syn-cora-h0.90-r1,StratifiedKFoldDynamic_Clustering_b300,3,5,GAT,100,223,123,0.0748513787984848,0.9731543660163879,0.10299215465784073,0.9563758373260498,True,100
syn-cora-h0.90-r1,StratifiedKFoldDynamic_Clustering_b300,3,5,GAT,101,273,173,0.06756314635276794,0.9765100479125977,0.09759045392274857,0.9697986841201782,True,100
syn-cora-h0.90-r1,RandomKFold,4,1,GAT,101,169,69,0.11440610140562057,0.9563758373260498,0.11383064091205597,0.9463087320327759,True,100
syn-cora-h0.90-r1,RandomKFold,4,1,GAT,100,248,148,0.09183625131845474,0.9664429426193237,0.10096010565757751,0.9496644139289856,True,100
syn-cora-h0.90-r1,RandomKFold,4,2,GAT,100,341,241,0.10069715976715088,0.963087260723114,0.11767644435167313,0.9563758373260498,True,100
syn-cora-h0.90-r1,RandomKFold,4,2,GAT,101,341,241,0.09277834743261337,0.9664429426193237,0.12214700132608414,0.9597315192222595,True,100
syn-cora-h0.90-r1,RandomKFold,4,3,GAT,100,192,92,0.06387968361377716,0.9832214713096619,0.1070246770977974,0.9530201554298401,True,100
syn-cora-h0.90-r1,RandomKFold,4,4,GAT,100,130,30,0.11630241572856903,0.9664429426193237,0.0798962265253067,0.9731543660163879,True,100
syn-cora-h0.90-r1,RandomKFold,4,5,GAT,100,169,69,0.10709620267152786,0.9563758373260498,0.12381274253129959,0.963087260723114,True,100
syn-cora-h0.90-r1,RandomKFold,4,4,GAT,101,239,139,0.11754096299409866,0.9530201554298401,0.08908764272928238,0.9697986841201782,True,100
syn-cora-h0.90-r1,RandomKFold,4,3,GAT,101,442,342,0.059106290340423584,0.9798657894134521,0.10341464728116989,0.9664429426193237,True,100
syn-cora-h0.90-r1,RandomKFold,4,5,GAT,101,240,140,0.10754736512899399,0.9563758373260498,0.11751548945903778,0.9530201554298401,True,100
syn-cora-h0.90-r1,LabelStratifiedKFold,4,1,GAT,101,125,25,0.10149313509464264,0.9597315192222595,0.09088080376386642,0.9731543660163879,True,100
syn-cora-h0.90-r1,LabelStratifiedKFold,4,2,GAT,101,226,126,0.1085396483540535,0.9563758373260498,0.09288609772920609,0.9697986841201782,True,100
syn-cora-h0.90-r1,LabelStratifiedKFold,4,1,GAT,100,232,132,0.09267353266477585,0.9798657894134521,0.09342113882303238,0.9563758373260498,True,100
syn-cora-h0.90-r1,LabelStratifiedKFold,4,2,GAT,100,251,151,0.10120353102684021,0.9496644139289856,0.09218107163906097,0.963087260723114,True,100
syn-cora-h0.90-r1,LabelStratifiedKFold,4,3,GAT,100,204,104,0.06988507509231567,0.9765100479125977,0.14489901065826416,0.9328858852386475,True,100
syn-cora-h0.90-r1,LabelStratifiedKFold,4,4,GAT,100,264,164,0.0766875371336937,0.9731543660163879,0.06531718373298645,0.9731543660163879,True,100
syn-cora-h0.90-r1,LabelStratifiedKFold,4,3,GAT,101,270,170,0.07144476473331451,0.9697986841201782,0.14806386828422546,0.9328858852386475,True,100
syn-cora-h0.90-r1,LabelStratifiedKFold,4,4,GAT,101,348,248,0.07423050701618195,0.9798657894134521,0.05640345439314842,0.9765100479125977,True,100
syn-cora-h0.90-r1,LabelStratifiedKFold,4,5,GAT,101,135,35,0.08636133372783661,0.9765100479125977,0.10432717949151993,0.9664429426193237,True,100
syn-cora-h0.90-r1,LabelStratifiedKFold,4,5,GAT,100,301,201,0.08148472011089325,0.9697986841201782,0.08516782522201538,0.9697986841201782,True,100
syn-cora-h0.90-r1,StratifiedKFoldDynamic_Degree_b300,4,2,GAT,100,196,96,0.08863827586174011,0.9697986841201782,0.1228751614689827,0.9395973086357117,True,100
syn-cora-h0.90-r1,StratifiedKFoldDynamic_Degree_b300,4,2,GAT,101,283,183,0.08994589745998383,0.9798657894134521,0.13896837830543518,0.9496644139289856,True,100
syn-cora-h0.90-r1,StratifiedKFoldDynamic_Degree_b300,4,1,GAT,101,326,226,0.10534878075122833,0.9563758373260498,0.10687380284070969,0.9563758373260498,True,100
syn-cora-h0.90-r1,StratifiedKFoldDynamic_Degree_b300,4,1,GAT,100,392,292,0.09510169178247452,0.963087260723114,0.1142304539680481,0.9530201554298401,True,100
syn-cora-h0.90-r1,StratifiedKFoldDynamic_Degree_b300,4,3,GAT,100,250,150,0.056775789707899094,0.9798657894134521,0.11017352342605591,0.9496644139289856,True,100
syn-cora-h0.90-r1,StratifiedKFoldDynamic_Degree_b300,4,4,GAT,100,174,74,0.10708139091730118,0.963087260723114,0.06402881443500519,0.9765100479125977,True,100
syn-cora-h0.90-r1,StratifiedKFoldDynamic_Degree_b300,4,3,GAT,101,364,264,0.05347519367933273,0.9865771532058716,0.11824926733970642,0.963087260723114,True,100
syn-cora-h0.90-r1,StratifiedKFoldDynamic_Degree_b300,4,5,GAT,100,222,122,0.10001831501722336,0.9664429426193237,0.12465747445821762,0.9597315192222595,True,100
syn-cora-h0.90-r1,StratifiedKFoldDynamic_Degree_b300,4,5,GAT,101,178,78,0.12701524794101715,0.963087260723114,0.13066375255584717,0.963087260723114,True,100
syn-cora-h0.90-r1,StratifiedKFoldDynamic_Degree_b300,4,4,GAT,101,331,231,0.10505110025405884,0.9697986841201782,0.0598575621843338,0.9765100479125977,True,100
syn-cora-h0.90-r1,StratifiedKFoldDynamic_NeighHet_b300,4,2,GAT,101,210,110,0.1214483380317688,0.9597315192222595,0.1110047996044159,0.9563758373260498,True,100
syn-cora-h0.90-r1,StratifiedKFoldDynamic_NeighHet_b300,4,1,GAT,101,260,160,0.0958474650979042,0.9563758373260498,0.11508139222860336,0.9530201554298401,True,100
syn-cora-h0.90-r1,StratifiedKFoldDynamic_NeighHet_b300,4,2,GAT,100,269,169,0.10868862271308899,0.9563758373260498,0.10034457594156265,0.963087260723114,True,100
syn-cora-h0.90-r1,StratifiedKFoldDynamic_NeighHet_b300,4,1,GAT,100,276,176,0.09615650773048401,0.9664429426193237,0.08966508507728577,0.9731543660163879,True,100
syn-cora-h0.90-r1,StratifiedKFoldDynamic_NeighHet_b300,4,3,GAT,100,136,36,0.10721468180418015,0.9664429426193237,0.13840699195861816,0.9496644139289856,True,100
syn-cora-h0.90-r1,StratifiedKFoldDynamic_NeighHet_b300,4,3,GAT,101,125,25,0.10157464444637299,0.9697986841201782,0.11980500817298889,0.9563758373260498,True,100
syn-cora-h0.90-r1,StratifiedKFoldDynamic_NeighHet_b300,4,4,GAT,100,218,118,0.1029706746339798,0.9664429426193237,0.11556423455476761,0.9597315192222595,True,100
syn-cora-h0.90-r1,StratifiedKFoldDynamic_NeighHet_b300,4,5,GAT,101,182,82,0.1032545417547226,0.9697986841201782,0.14218613505363464,0.9530201554298401,True,100
syn-cora-h0.90-r1,StratifiedKFoldDynamic_NeighHet_b300,4,5,GAT,100,251,151,0.09883610904216766,0.9530201554298401,0.1190844252705574,0.9597315192222595,True,100
syn-cora-h0.90-r1,StratifiedKFoldDynamic_NeighHet_b300,4,4,GAT,101,335,235,0.11222077906131744,0.963087260723114,0.11863100528717041,0.9496644139289856,True,100
syn-cora-h0.90-r1,StratifiedKFoldDynamic_PageRank_b300,4,2,GAT,101,207,107,0.0961739793419838,0.9731543660163879,0.09335466474294662,0.9597315192222595,True,100
syn-cora-h0.90-r1,StratifiedKFoldDynamic_PageRank_b300,4,2,GAT,100,223,123,0.09835872054100037,0.9697986841201782,0.10521478205919266,0.9597315192222595,True,100
syn-cora-h0.90-r1,StratifiedKFoldDynamic_PageRank_b300,4,1,GAT,101,266,166,0.08705697953701019,0.9597315192222595,0.13105016946792603,0.9563758373260498,True,100
syn-cora-h0.90-r1,StratifiedKFoldDynamic_PageRank_b300,4,4,GAT,100,148,48,0.1092563197016716,0.9664429426193237,0.09113973379135132,0.963087260723114,True,100
syn-cora-h0.90-r1,StratifiedKFoldDynamic_PageRank_b300,4,1,GAT,100,450,350,0.0813690572977066,0.9697986841201782,0.12294967472553253,0.9597315192222595,True,100
syn-cora-h0.90-r1,StratifiedKFoldDynamic_PageRank_b300,4,3,GAT,100,320,220,0.057248927652835846,0.9798657894134521,0.11323383450508118,0.9664429426193237,True,100
syn-cora-h0.90-r1,StratifiedKFoldDynamic_PageRank_b300,4,4,GAT,101,124,24,0.10250344127416611,0.9697986841201782,0.10591299831867218,0.9530201554298401,True,100
syn-cora-h0.90-r1,StratifiedKFoldDynamic_PageRank_b300,4,3,GAT,101,426,326,0.061502259224653244,0.9832214713096619,0.14976151287555695,0.9496644139289856,True,100
syn-cora-h0.90-r1,StratifiedKFoldDynamic_PageRank_b300,4,5,GAT,100,239,139,0.10279644280672073,0.963087260723114,0.11247657984495163,0.9597315192222595,True,100
syn-cora-h0.90-r1,StratifiedKFoldDynamic_PageRank_b300,4,5,GAT,101,336,236,0.10021006315946579,0.9731543660163879,0.10938027501106262,0.9563758373260498,True,100
syn-cora-h0.90-r1,StratifiedKFoldDynamic_EigCentrality_b300,4,2,GAT,101,187,87,0.0993318036198616,0.9563758373260498,0.129936084151268,0.9496644139289856,True,100
syn-cora-h0.90-r1,StratifiedKFoldDynamic_EigCentrality_b300,4,2,GAT,100,298,198,0.09910456836223602,0.9563758373260498,0.12254117429256439,0.9563758373260498,True,100
syn-cora-h0.90-r1,StratifiedKFoldDynamic_EigCentrality_b300,4,1,GAT,100,334,234,0.11538008600473404,0.9664429426193237,0.09918312728404999,0.963087260723114,True,100
syn-cora-h0.90-r1,StratifiedKFoldDynamic_EigCentrality_b300,4,1,GAT,101,360,260,0.10583106428384781,0.9697986841201782,0.10249530524015427,0.9597315192222595,True,100
syn-cora-h0.90-r1,StratifiedKFoldDynamic_EigCentrality_b300,4,3,GAT,100,184,84,0.09219612926244736,0.963087260723114,0.10330826044082642,0.9563758373260498,True,100
syn-cora-h0.90-r1,StratifiedKFoldDynamic_EigCentrality_b300,4,4,GAT,100,192,92,0.0752212256193161,0.9765100479125977,0.12052630633115768,0.9530201554298401,True,100
syn-cora-h0.90-r1,StratifiedKFoldDynamic_EigCentrality_b300,4,3,GAT,101,276,176,0.08648675680160522,0.963087260723114,0.11456967145204544,0.9597315192222595,True,100
syn-cora-h0.90-r1,StratifiedKFoldDynamic_EigCentrality_b300,4,5,GAT,100,266,166,0.08270900696516037,0.9697986841201782,0.08536681532859802,0.9664429426193237,True,100
syn-cora-h0.90-r1,StratifiedKFoldDynamic_EigCentrality_b300,4,4,GAT,101,319,219,0.07073435187339783,0.9832214713096619,0.11559493094682693,0.9597315192222595,True,100
syn-cora-h0.90-r1,StratifiedKFoldDynamic_EigCentrality_b300,4,5,GAT,101,309,209,0.08078447729349136,0.963087260723114,0.07660343497991562,0.9765100479125977,True,100
syn-cora-h0.90-r1,StratifiedKFoldDynamic_Clustering_b300,4,2,GAT,100,153,53,0.09824705868959427,0.9664429426193237,0.09166087210178375,0.9731543660163879,True,100
syn-cora-h0.90-r1,StratifiedKFoldDynamic_Clustering_b300,4,2,GAT,101,161,61,0.10533682256937027,0.9530201554298401,0.10957300662994385,0.9731543660163879,True,100
syn-cora-h0.90-r1,StratifiedKFoldDynamic_Clustering_b300,4,1,GAT,101,239,139,0.08435235917568207,0.9731543660163879,0.08770307898521423,0.9664429426193237,True,100
syn-cora-h0.90-r1,StratifiedKFoldDynamic_Clustering_b300,4,1,GAT,100,279,179,0.07923927903175354,0.9765100479125977,0.09820926934480667,0.9563758373260498,True,100
syn-cora-h0.90-r1,StratifiedKFoldDynamic_Clustering_b300,4,3,GAT,101,231,131,0.08142425119876862,0.9765100479125977,0.13066478073596954,0.9463087320327759,True,100
syn-cora-h0.90-r1,StratifiedKFoldDynamic_Clustering_b300,4,4,GAT,101,192,92,0.09456659853458405,0.9697986841201782,0.1061539277434349,0.9597315192222595,True,100
syn-cora-h0.90-r1,StratifiedKFoldDynamic_Clustering_b300,4,3,GAT,100,321,221,0.08720973134040833,0.9664429426193237,0.1045071929693222,0.9563758373260498,True,100
syn-cora-h0.90-r1,StratifiedKFoldDynamic_Clustering_b300,4,4,GAT,100,319,219,0.09162603318691254,0.963087260723114,0.10499092936515808,0.9664429426193237,True,100
syn-cora-h0.90-r1,StratifiedKFoldDynamic_Clustering_b300,4,5,GAT,100,171,71,0.08879749476909637,0.9697986841201782,0.10069385170936584,0.9530201554298401,True,100
syn-cora-h0.90-r1,StratifiedKFoldDynamic_Clustering_b300,4,5,GAT,101,345,245,0.08947647362947464,0.9664429426193237,0.10793081670999527,0.9563758373260498,True,100
syn-cora-h1.00-r1,RandomKFold,0,1,GAT,101,410,310,0.00017992527864407748,1.0,0.00019953369337599725,1.0,True,100
syn-cora-h1.00-r1,RandomKFold,0,1,GAT,100,418,318,0.00019623301341198385,1.0,0.00019607723515946418,1.0,True,100
syn-cora-h1.00-r1,RandomKFold,0,2,GAT,101,428,328,0.0002119337150361389,1.0,0.00017786659009288996,1.0,True,100
syn-cora-h1.00-r1,RandomKFold,0,2,GAT,100,512,412,0.00019740777497645468,1.0,0.00016773957759141922,1.0,True,100
syn-cora-h1.00-r1,RandomKFold,0,3,GAT,100,473,373,0.00014225384802557528,1.0,0.000180975126568228,1.0,True,100
syn-cora-h1.00-r1,RandomKFold,0,3,GAT,101,512,412,0.0001438994804630056,1.0,0.00022845255443826318,1.0,True,100
syn-cora-h1.00-r1,RandomKFold,0,4,GAT,101,431,331,0.000183936208486557,1.0,0.00014921666297595948,1.0,True,100
syn-cora-h1.00-r1,RandomKFold,0,4,GAT,100,727,627,0.000167383550433442,1.0,0.0001247626350959763,1.0,True,100
syn-cora-h1.00-r1,RandomKFold,0,5,GAT,101,414,314,0.00018125328642781824,1.0,0.00020158919505774975,1.0,True,100
syn-cora-h1.00-r1,RandomKFold,0,5,GAT,100,511,411,0.00020518350356724113,1.0,0.00035780234611593187,1.0,True,100
syn-cora-h1.00-r1,LabelStratifiedKFold,0,2,GAT,101,435,335,0.00017110259796027094,1.0,0.00029919305234216154,1.0,True,100
syn-cora-h1.00-r1,LabelStratifiedKFold,0,1,GAT,100,475,375,0.00021065429609734565,1.0,0.0002773886953946203,1.0,True,100
syn-cora-h1.00-r1,LabelStratifiedKFold,0,1,GAT,101,484,384,0.0001919793721754104,1.0,0.0002980439458042383,1.0,True,100
syn-cora-h1.00-r1,LabelStratifiedKFold,0,2,GAT,100,507,407,0.00017719088646117598,1.0,0.0003260320227127522,1.0,True,100
syn-cora-h1.00-r1,LabelStratifiedKFold,0,3,GAT,100,371,271,0.0002755207533482462,1.0,0.00029771949630230665,1.0,True,100
syn-cora-h1.00-r1,LabelStratifiedKFold,0,3,GAT,101,402,302,0.0002334375458303839,1.0,0.00028962292708456516,1.0,True,100
syn-cora-h1.00-r1,LabelStratifiedKFold,0,4,GAT,100,395,295,0.0002446114085614681,1.0,0.00018199559417553246,1.0,True,100
syn-cora-h1.00-r1,LabelStratifiedKFold,0,4,GAT,101,476,376,0.00021288840798661113,1.0,0.00015652654110454023,1.0,True,100
syn-cora-h1.00-r1,LabelStratifiedKFold,0,5,GAT,100,374,274,0.00021766620920971036,1.0,0.00031057174783200026,1.0,True,100
syn-cora-h1.00-r1,LabelStratifiedKFold,0,5,GAT,101,413,313,0.00016928926925174892,1.0,0.00018149547395296395,1.0,True,100
syn-cora-h1.00-r1,StratifiedKFoldDynamic_Degree_b300,0,1,GAT,100,457,357,0.0001384042843710631,1.0,0.00024453524383716285,1.0,True,100
syn-cora-h1.00-r1,StratifiedKFoldDynamic_Degree_b300,0,1,GAT,101,489,389,0.00011104418081231415,1.0,0.00017917455988936126,1.0,True,100
syn-cora-h1.00-r1,StratifiedKFoldDynamic_Degree_b300,0,2,GAT,101,512,412,0.00010987116547767073,1.0,0.0001140555104939267,1.0,True,100
syn-cora-h1.00-r1,StratifiedKFoldDynamic_Degree_b300,0,2,GAT,100,663,563,0.00010425326036056504,1.0,0.00011819674546131864,1.0,True,100
syn-cora-h1.00-r1,StratifiedKFoldDynamic_Degree_b300,0,3,GAT,101,415,315,0.00018806135631166399,1.0,0.00012958800652995706,1.0,True,100
syn-cora-h1.00-r1,StratifiedKFoldDynamic_Degree_b300,0,4,GAT,100,396,296,0.0002497383684385568,1.0,0.0002677836746443063,1.0,True,100
syn-cora-h1.00-r1,StratifiedKFoldDynamic_Degree_b300,0,3,GAT,100,510,410,0.00018044564058072865,1.0,0.00014778116019442677,1.0,True,100
syn-cora-h1.00-r1,StratifiedKFoldDynamic_Degree_b300,0,4,GAT,101,433,333,0.00021275863400660455,1.0,0.0001889375562313944,1.0,True,100
syn-cora-h1.00-r1,StratifiedKFoldDynamic_Degree_b300,0,5,GAT,101,448,348,0.00021121118334122002,1.0,0.00028229414601810277,1.0,True,100
syn-cora-h1.00-r1,StratifiedKFoldDynamic_Degree_b300,0,5,GAT,100,548,448,0.00020976789528504014,1.0,0.00024227407993748784,1.0,True,100
syn-cora-h1.00-r1,StratifiedKFoldDynamic_NeighHet_b100,0,2,GAT,100,398,298,0.00016431552649009973,1.0,0.0002535133680794388,1.0,True,100
syn-cora-h1.00-r1,StratifiedKFoldDynamic_NeighHet_b100,0,2,GAT,101,483,383,0.00014067316078580916,1.0,0.00023051390598993748,1.0,True,100
syn-cora-h1.00-r1,StratifiedKFoldDynamic_NeighHet_b100,0,1,GAT,100,512,412,0.00026043824618682265,1.0,0.00037085075746290386,1.0,True,100
syn-cora-h1.00-r1,StratifiedKFoldDynamic_NeighHet_b100,0,1,GAT,101,513,413,0.0002544824092183262,1.0,0.00023274464183486998,1.0,True,100
syn-cora-h1.00-r1,StratifiedKFoldDynamic_NeighHet_b100,0,3,GAT,101,322,222,0.00022713620273862034,1.0,0.00021834546350874007,1.0,True,100
syn-cora-h1.00-r1,StratifiedKFoldDynamic_NeighHet_b100,0,3,GAT,100,474,374,0.00015375626389868557,1.0,0.00015038790297694504,1.0,True,100
syn-cora-h1.00-r1,StratifiedKFoldDynamic_NeighHet_b100,0,4,GAT,101,430,330,0.0001691943034529686,1.0,0.0002226128417532891,1.0,True,100
syn-cora-h1.00-r1,StratifiedKFoldDynamic_NeighHet_b100,0,4,GAT,100,504,404,0.00021105092309881002,1.0,0.0002286082599312067,1.0,True,100
syn-cora-h1.00-r1,StratifiedKFoldDynamic_NeighHet_b100,0,5,GAT,101,397,297,0.00017051881877705455,1.0,0.00025349287898279727,1.0,True,100
syn-cora-h1.00-r1,StratifiedKFoldDynamic_NeighHet_b100,0,5,GAT,100,497,397,0.00017636273696552962,1.0,0.00024249934358522296,1.0,True,100
syn-cora-h1.00-r1,StratifiedKFoldDynamic_PageRank_b300,0,2,GAT,101,287,187,0.00040037016151472926,1.0,0.00022475291916634887,1.0,True,100
syn-cora-h1.00-r1,StratifiedKFoldDynamic_PageRank_b300,0,1,GAT,101,435,335,0.00012499967124313116,1.0,0.0002295415906701237,1.0,True,100
syn-cora-h1.00-r1,StratifiedKFoldDynamic_PageRank_b300,0,2,GAT,100,473,373,0.0002339978382224217,1.0,0.00015095190610736609,1.0,True,100
syn-cora-h1.00-r1,StratifiedKFoldDynamic_PageRank_b300,0,1,GAT,100,532,432,0.00012614415027201176,1.0,0.00020890121231786907,1.0,True,100
syn-cora-h1.00-r1,StratifiedKFoldDynamic_PageRank_b300,0,3,GAT,100,452,352,0.00017709007079247385,1.0,0.0003809651534538716,1.0,True,100
syn-cora-h1.00-r1,StratifiedKFoldDynamic_PageRank_b300,0,4,GAT,100,370,270,0.0003411685465835035,1.0,0.00027055724058300257,1.0,True,100
syn-cora-h1.00-r1,StratifiedKFoldDynamic_PageRank_b300,0,3,GAT,101,415,315,0.00018419488333165646,1.0,0.0002803755924105644,1.0,True,100
syn-cora-h1.00-r1,StratifiedKFoldDynamic_PageRank_b300,0,4,GAT,101,482,382,0.0002522154536563903,1.0,0.00037652705213986337,1.0,True,100
syn-cora-h1.00-r1,StratifiedKFoldDynamic_PageRank_b300,0,5,GAT,100,551,451,0.00016050366684794426,1.0,0.00024166828370653093,1.0,True,100
syn-cora-h1.00-r1,StratifiedKFoldDynamic_PageRank_b300,0,5,GAT,101,485,385,0.00017829390708357096,1.0,0.00026714210980571806,1.0,True,100
syn-cora-h1.00-r1,StratifiedKFoldDynamic_EigCentrality_b300,0,1,GAT,101,409,309,0.00023129819601308554,1.0,0.0002482890849933028,1.0,True,100
syn-cora-h1.00-r1,StratifiedKFoldDynamic_EigCentrality_b300,0,2,GAT,101,513,413,0.00014208040374796838,1.0,0.000307294336380437,1.0,True,100
syn-cora-h1.00-r1,StratifiedKFoldDynamic_EigCentrality_b300,0,2,GAT,100,510,410,0.00011763030488509685,1.0,0.0002410025626886636,1.0,True,100
syn-cora-h1.00-r1,StratifiedKFoldDynamic_EigCentrality_b300,0,1,GAT,100,528,428,0.00020651504746638238,1.0,0.00020323321223258972,1.0,True,100
syn-cora-h1.00-r1,StratifiedKFoldDynamic_EigCentrality_b300,0,3,GAT,100,396,296,0.00012720274389721453,1.0,0.00016622140537947416,1.0,True,100
syn-cora-h1.00-r1,StratifiedKFoldDynamic_EigCentrality_b300,0,3,GAT,101,430,330,0.00010953180026262999,1.0,0.00011745432857424021,1.0,True,100
syn-cora-h1.00-r1,StratifiedKFoldDynamic_EigCentrality_b300,0,4,GAT,100,502,402,0.00015791875193826854,1.0,0.00013087964907754213,1.0,True,100
syn-cora-h1.00-r1,StratifiedKFoldDynamic_EigCentrality_b300,0,4,GAT,101,627,527,0.00014701254258397967,1.0,0.00018048992205876857,1.0,True,100
syn-cora-h1.00-r1,StratifiedKFoldDynamic_EigCentrality_b300,0,5,GAT,100,514,414,0.00022778335551265627,1.0,0.0002492543135304004,1.0,True,100
syn-cora-h1.00-r1,StratifiedKFoldDynamic_EigCentrality_b300,0,5,GAT,101,390,290,0.00021311073214747012,1.0,0.00025454131537117064,1.0,True,100
syn-cora-h1.00-r1,StratifiedKFoldDynamic_Clustering_b300,0,2,GAT,101,393,293,0.00014915401698090136,1.0,0.00035110709723085165,1.0,True,100
syn-cora-h1.00-r1,StratifiedKFoldDynamic_Clustering_b300,0,1,GAT,101,437,337,0.00024815849610604346,1.0,0.00020995218073949218,1.0,True,100
syn-cora-h1.00-r1,StratifiedKFoldDynamic_Clustering_b300,0,1,GAT,100,450,350,0.0002560393186286092,1.0,0.00023714745475444943,1.0,True,100
syn-cora-h1.00-r1,StratifiedKFoldDynamic_Clustering_b300,0,2,GAT,100,450,350,0.00014063087292015553,1.0,0.0003213168529327959,1.0,True,100
syn-cora-h1.00-r1,StratifiedKFoldDynamic_Clustering_b300,0,3,GAT,101,415,315,0.00014280261530075222,1.0,0.00016205442079808563,1.0,True,100
syn-cora-h1.00-r1,StratifiedKFoldDynamic_Clustering_b300,0,3,GAT,100,508,408,0.00014127617760095745,1.0,0.00020620549912564456,1.0,True,100
syn-cora-h1.00-r1,StratifiedKFoldDynamic_Clustering_b300,0,4,GAT,100,507,407,0.00012203539517940953,1.0,0.00013699053670279682,1.0,True,100
syn-cora-h1.00-r1,StratifiedKFoldDynamic_Clustering_b300,0,4,GAT,101,573,473,0.0001207818859256804,1.0,0.00013740845315624028,1.0,True,100
syn-cora-h1.00-r1,StratifiedKFoldDynamic_Clustering_b300,0,5,GAT,101,412,312,0.00023823784431442618,1.0,0.0002155045367544517,1.0,True,100
syn-cora-h1.00-r1,StratifiedKFoldDynamic_Clustering_b300,0,5,GAT,100,482,382,0.00026426970725879073,1.0,0.00021260169160086662,1.0,True,100
syn-cora-h1.00-r1,RandomKFold,1,2,GAT,101,435,335,0.00023118694662116468,1.0,0.00015640477067790926,1.0,True,100
syn-cora-h1.00-r1,RandomKFold,1,1,GAT,101,449,349,0.00015878205886110663,1.0,0.00020329172548372298,1.0,True,100
syn-cora-h1.00-r1,RandomKFold,1,1,GAT,100,504,404,0.00013936430332250893,1.0,0.00024212071730289608,1.0,True,100
syn-cora-h1.00-r1,RandomKFold,1,2,GAT,100,548,448,0.00018956579151563346,1.0,0.0001823404454626143,1.0,True,100
syn-cora-h1.00-r1,RandomKFold,1,3,GAT,100,447,347,0.0001563051773700863,1.0,0.00020136636157985777,1.0,True,100
syn-cora-h1.00-r1,RandomKFold,1,3,GAT,101,488,388,0.0001401199697284028,1.0,0.00022156246996019036,1.0,True,100
syn-cora-h1.00-r1,RandomKFold,1,4,GAT,100,457,357,0.00013592008326668292,1.0,0.00017866745474748313,1.0,True,100
syn-cora-h1.00-r1,RandomKFold,1,4,GAT,101,433,333,0.00016320261056534946,1.0,0.00015179027104750276,1.0,True,100
syn-cora-h1.00-r1,RandomKFold,1,5,GAT,101,392,292,0.0001696793915471062,1.0,0.00021864683367311954,1.0,True,100
syn-cora-h1.00-r1,RandomKFold,1,5,GAT,100,546,446,0.0001637449604459107,1.0,0.00020813263836316764,1.0,True,100
syn-cora-h1.00-r1,LabelStratifiedKFold,1,1,GAT,101,399,299,0.00015144636563491076,1.0,0.0002138795389328152,1.0,True,100
syn-cora-h1.00-r1,LabelStratifiedKFold,1,1,GAT,100,470,370,0.0001606975420145318,1.0,0.00024142979236785322,1.0,True,100
syn-cora-h1.00-r1,LabelStratifiedKFold,1,2,GAT,100,513,413,0.00013094667519908398,1.0,0.00029120719409547746,1.0,True,100
syn-cora-h1.00-r1,LabelStratifiedKFold,1,2,GAT,101,596,496,0.00013563415268436074,1.0,0.00023067965230438858,1.0,True,100
syn-cora-h1.00-r1,LabelStratifiedKFold,1,3,GAT,100,499,399,0.00017628805653657764,1.0,0.0001438282197341323,1.0,True,100
syn-cora-h1.00-r1,LabelStratifiedKFold,1,3,GAT,101,431,331,0.0001629615726415068,1.0,0.00016923630028031766,1.0,True,100
syn-cora-h1.00-r1,LabelStratifiedKFold,1,4,GAT,100,534,434,0.00022567635460291058,1.0,0.000253048085141927,1.0,True,100
syn-cora-h1.00-r1,LabelStratifiedKFold,1,4,GAT,101,552,452,0.00021567255316767842,1.0,0.0002141901641152799,1.0,True,100
syn-cora-h1.00-r1,LabelStratifiedKFold,1,5,GAT,101,485,385,0.0001811763213481754,1.0,0.00018147553782910109,1.0,True,100
syn-cora-h1.00-r1,LabelStratifiedKFold,1,5,GAT,100,532,432,0.00020481993851717561,1.0,0.00019880807667504996,1.0,True,100
syn-cora-h1.00-r1,StratifiedKFoldDynamic_Degree_b300,1,1,GAT,100,432,332,0.0001883158547570929,1.0,0.00017351894348394126,1.0,True,100
syn-cora-h1.00-r1,StratifiedKFoldDynamic_Degree_b300,1,2,GAT,101,488,388,0.0001969370641745627,1.0,0.00017438629583921283,1.0,True,100
syn-cora-h1.00-r1,StratifiedKFoldDynamic_Degree_b300,1,1,GAT,101,484,384,0.00016776646953076124,1.0,0.00015607679961249232,1.0,True,100
syn-cora-h1.00-r1,StratifiedKFoldDynamic_Degree_b300,1,2,GAT,100,501,401,0.00022428242664318532,1.0,0.0002089718618663028,1.0,True,100
syn-cora-h1.00-r1,StratifiedKFoldDynamic_Degree_b300,1,4,GAT,101,323,223,0.00035558416857384145,1.0,0.0002864021807909012,1.0,True,100
syn-cora-h1.00-r1,StratifiedKFoldDynamic_Degree_b300,1,3,GAT,100,442,342,0.0001803985796868801,1.0,0.0002308916737092659,1.0,True,100
syn-cora-h1.00-r1,StratifiedKFoldDynamic_Degree_b300,1,3,GAT,101,436,336,0.00018376822117716074,1.0,0.0002493451174814254,1.0,True,100
syn-cora-h1.00-r1,StratifiedKFoldDynamic_Degree_b300,1,4,GAT,100,450,350,0.00031487419619224966,1.0,0.0003402789297979325,1.0,True,100
syn-cora-h1.00-r1,StratifiedKFoldDynamic_Degree_b300,1,5,GAT,101,431,331,0.00012093297118553892,1.0,0.00033380379318259656,1.0,True,100
syn-cora-h1.00-r1,StratifiedKFoldDynamic_Degree_b300,1,5,GAT,100,512,412,0.00012325251009315252,1.0,0.0003371036145836115,1.0,True,100
syn-cora-h1.00-r1,StratifiedKFoldDynamic_NeighHet_b100,1,1,GAT,100,413,313,0.00017709839448798448,1.0,0.00018689475837163627,1.0,True,100
syn-cora-h1.00-r1,StratifiedKFoldDynamic_NeighHet_b100,1,1,GAT,101,482,382,0.0001661601709201932,1.0,0.00015312241157516837,1.0,True,100
syn-cora-h1.00-r1,StratifiedKFoldDynamic_NeighHet_b100,1,2,GAT,100,498,398,0.00018147745868191123,1.0,0.00017123197903856635,1.0,True,100
syn-cora-h1.00-r1,StratifiedKFoldDynamic_NeighHet_b100,1,2,GAT,101,511,411,0.00018988373631145805,1.0,0.00020934494386892766,1.0,True,100
syn-cora-h1.00-r1,StratifiedKFoldDynamic_NeighHet_b100,1,4,GAT,100,435,335,0.00020491350733209401,1.0,0.00016973746824078262,1.0,True,100
syn-cora-h1.00-r1,StratifiedKFoldDynamic_NeighHet_b100,1,3,GAT,101,513,413,0.00012209522537887096,1.0,0.00016672561469022185,1.0,True,100
syn-cora-h1.00-r1,StratifiedKFoldDynamic_NeighHet_b100,1,3,GAT,100,601,501,0.00011950120097026229,1.0,0.00015756802167743444,1.0,True,100
syn-cora-h1.00-r1,StratifiedKFoldDynamic_NeighHet_b100,1,4,GAT,101,606,506,0.00018573507259134203,1.0,0.00014791282592341304,1.0,True,100
syn-cora-h1.00-r1,StratifiedKFoldDynamic_NeighHet_b100,1,5,GAT,101,322,222,0.00022087623074185103,1.0,0.0002775435568764806,1.0,True,100
syn-cora-h1.00-r1,StratifiedKFoldDynamic_NeighHet_b100,1,5,GAT,100,376,276,0.00017561230924911797,1.0,0.00025906102382577956,1.0,True,100
syn-cora-h1.00-r1,StratifiedKFoldDynamic_PageRank_b300,1,1,GAT,100,373,273,0.00023778183094691485,1.0,0.0003963032504543662,1.0,True,100
syn-cora-h1.00-r1,StratifiedKFoldDynamic_PageRank_b300,1,2,GAT,101,414,314,0.0001432341377949342,1.0,0.0002185311313951388,1.0,True,100
syn-cora-h1.00-r1,StratifiedKFoldDynamic_PageRank_b300,1,1,GAT,101,487,387,0.0001503064704593271,1.0,0.0002595502883195877,1.0,True,100
syn-cora-h1.00-r1,StratifiedKFoldDynamic_PageRank_b300,1,2,GAT,100,555,455,0.0001357007713522762,1.0,0.00019401070312596858,1.0,True,100
syn-cora-h1.00-r1,StratifiedKFoldDynamic_PageRank_b300,1,3,GAT,100,550,450,0.00017486460274085402,1.0,0.00015534790873061866,1.0,True,100
syn-cora-h1.00-r1,StratifiedKFoldDynamic_PageRank_b300,1,3,GAT,101,528,428,0.00016734363452997059,1.0,0.00012741307727992535,1.0,True,100
syn-cora-h1.00-r1,StratifiedKFoldDynamic_PageRank_b300,1,4,GAT,101,397,297,0.00015548143710475415,1.0,0.0002653099945746362,1.0,True,100
syn-cora-h1.00-r1,StratifiedKFoldDynamic_PageRank_b300,1,4,GAT,100,554,454,0.00013661736738868058,1.0,0.00023107863671611995,1.0,True,100
syn-cora-h1.00-r1,StratifiedKFoldDynamic_PageRank_b300,1,5,GAT,101,284,184,0.00030531384982168674,1.0,0.00032686503254808486,1.0,True,100
syn-cora-h1.00-r1,StratifiedKFoldDynamic_PageRank_b300,1,5,GAT,100,527,427,0.00022393443214241415,1.0,0.00021343815024010837,1.0,True,100
syn-cora-h1.00-r1,StratifiedKFoldDynamic_EigCentrality_b300,1,1,GAT,101,411,311,0.00014966627350077033,1.0,0.0001469097041990608,1.0,True,100
syn-cora-h1.00-r1,StratifiedKFoldDynamic_EigCentrality_b300,1,1,GAT,100,511,411,0.00015954740229062736,1.0,0.0001284618047066033,1.0,True,100
syn-cora-h1.00-r1,StratifiedKFoldDynamic_EigCentrality_b300,1,2,GAT,100,530,430,0.0001460185449104756,1.0,0.00019615876954048872,1.0,True,100
syn-cora-h1.00-r1,StratifiedKFoldDynamic_EigCentrality_b300,1,2,GAT,101,614,514,0.00014996921527199447,1.0,0.00013782168389298022,1.0,True,100
syn-cora-h1.00-r1,StratifiedKFoldDynamic_EigCentrality_b300,1,3,GAT,100,470,370,0.00024963635951280594,1.0,0.0003311393957119435,1.0,True,100
syn-cora-h1.00-r1,StratifiedKFoldDynamic_EigCentrality_b300,1,4,GAT,100,372,272,0.00023253269318956882,1.0,0.00036256996099837124,1.0,True,100
syn-cora-h1.00-r1,StratifiedKFoldDynamic_EigCentrality_b300,1,3,GAT,101,431,331,0.00025710189947858453,1.0,0.00030355979106388986,1.0,True,100
syn-cora-h1.00-r1,StratifiedKFoldDynamic_EigCentrality_b300,1,4,GAT,101,606,506,0.00016276835231110454,1.0,0.00020957209926564246,1.0,True,100
syn-cora-h1.00-r1,StratifiedKFoldDynamic_EigCentrality_b300,1,5,GAT,101,416,316,0.00014316920714918524,1.0,0.00018575445574242622,1.0,True,100
syn-cora-h1.00-r1,StratifiedKFoldDynamic_EigCentrality_b300,1,5,GAT,100,553,453,0.00012598998728208244,1.0,0.00019421963952481747,1.0,True,100
syn-cora-h1.00-r1,StratifiedKFoldDynamic_Clustering_b300,1,1,GAT,101,309,209,0.00028765626484528184,1.0,0.00033416779479011893,1.0,True,100
syn-cora-h1.00-r1,StratifiedKFoldDynamic_Clustering_b300,1,1,GAT,100,396,296,0.00024806332658044994,1.0,0.0003006228944286704,1.0,True,100
syn-cora-h1.00-r1,StratifiedKFoldDynamic_Clustering_b300,1,2,GAT,101,413,313,0.0001467819674871862,1.0,0.00018522518803365529,1.0,True,100
syn-cora-h1.00-r1,StratifiedKFoldDynamic_Clustering_b300,1,2,GAT,100,546,446,0.00015806099690962583,1.0,0.00023215844703372568,1.0,True,100
syn-cora-h1.00-r1,StratifiedKFoldDynamic_Clustering_b300,1,3,GAT,100,375,275,0.00020705278438981622,1.0,0.0001760809973347932,1.0,True,100
syn-cora-h1.00-r1,StratifiedKFoldDynamic_Clustering_b300,1,4,GAT,100,474,374,0.00015315302880480886,1.0,0.00017897135694511235,1.0,True,100
syn-cora-h1.00-r1,StratifiedKFoldDynamic_Clustering_b300,1,4,GAT,101,432,332,0.00021022882719989866,1.0,0.00023789121769368649,1.0,True,100
syn-cora-h1.00-r1,StratifiedKFoldDynamic_Clustering_b300,1,3,GAT,101,594,494,0.00015631562564522028,1.0,0.00013970481813885272,1.0,True,100
syn-cora-h1.00-r1,StratifiedKFoldDynamic_Clustering_b300,1,5,GAT,100,550,450,0.0001740527804940939,1.0,0.00017681294411886483,1.0,True,100
syn-cora-h1.00-r1,StratifiedKFoldDynamic_Clustering_b300,1,5,GAT,101,513,413,0.00018995950813405216,1.0,0.0002227417571702972,1.0,True,100
syn-cora-h1.00-r1,RandomKFold,2,1,GAT,100,352,252,0.00025926329544745386,1.0,0.00020936038345098495,1.0,True,100
syn-cora-h1.00-r1,RandomKFold,2,2,GAT,100,444,344,0.00020469810988288373,1.0,0.0002542368310969323,1.0,True,100
syn-cora-h1.00-r1,RandomKFold,2,1,GAT,101,507,407,0.0002571535296738148,1.0,0.00015923663158901036,1.0,True,100
syn-cora-h1.00-r1,RandomKFold,2,2,GAT,101,611,511,0.00016817516006994992,1.0,0.00017007955466397107,1.0,True,100
syn-cora-h1.00-r1,RandomKFold,2,3,GAT,100,376,276,0.00019335962133482099,1.0,0.00024821245460771024,1.0,True,100
syn-cora-h1.00-r1,RandomKFold,2,4,GAT,100,513,413,0.00013514677993953228,1.0,0.00018870053463615477,1.0,True,100
syn-cora-h1.00-r1,RandomKFold,2,3,GAT,101,586,486,0.00017023897089529783,1.0,0.0001749189104884863,1.0,True,100
syn-cora-h1.00-r1,RandomKFold,2,4,GAT,101,428,328,0.00015443997108377516,1.0,0.00025921224732883275,1.0,True,100
syn-cora-h1.00-r1,RandomKFold,2,5,GAT,100,616,516,0.00012091327516827732,1.0,0.0001614677021279931,1.0,True,100
syn-cora-h1.00-r1,RandomKFold,2,5,GAT,101,487,387,0.00012420218263287097,1.0,0.00017442452372051775,1.0,True,100
syn-cora-h1.00-r1,LabelStratifiedKFold,2,2,GAT,101,390,290,0.00021330361778382212,1.0,0.0002321426582057029,1.0,True,100
syn-cora-h1.00-r1,LabelStratifiedKFold,2,2,GAT,100,417,317,0.00022677381639368832,1.0,0.00025458185700699687,1.0,True,100
syn-cora-h1.00-r1,LabelStratifiedKFold,2,1,GAT,101,487,387,0.00016222325211856514,1.0,0.00016110895376186818,1.0,True,100
syn-cora-h1.00-r1,LabelStratifiedKFold,2,1,GAT,100,511,411,0.00019157225324306637,1.0,0.00022868686937727034,1.0,True,100
syn-cora-h1.00-r1,LabelStratifiedKFold,2,3,GAT,100,505,405,0.0001011430867947638,1.0,0.0001826661464292556,1.0,True,100
syn-cora-h1.00-r1,LabelStratifiedKFold,2,3,GAT,101,484,384,0.00013107647828292102,1.0,0.00020441540982574224,1.0,True,100
syn-cora-h1.00-r1,LabelStratifiedKFold,2,4,GAT,101,415,315,0.00027322969981469214,1.0,0.0001635757798794657,1.0,True,100
syn-cora-h1.00-r1,LabelStratifiedKFold,2,4,GAT,100,454,354,0.0002675823634490371,1.0,0.00017821637447923422,1.0,True,100
syn-cora-h1.00-r1,LabelStratifiedKFold,2,5,GAT,100,508,408,0.00012923641770612448,1.0,0.0003496072895359248,1.0,True,100
syn-cora-h1.00-r1,LabelStratifiedKFold,2,5,GAT,101,600,500,0.00012128780508646742,1.0,0.000292491284199059,1.0,True,100
syn-cora-h1.00-r1,StratifiedKFoldDynamic_Degree_b300,2,1,GAT,100,354,254,0.00021735015616286546,1.0,0.00032575399382039905,1.0,True,100
syn-cora-h1.00-r1,StratifiedKFoldDynamic_Degree_b300,2,2,GAT,101,420,320,0.00021166859369259328,1.0,0.00023221579613164067,1.0,True,100
syn-cora-h1.00-r1,StratifiedKFoldDynamic_Degree_b300,2,1,GAT,101,437,337,0.00020196373225189745,1.0,0.0002594779070932418,1.0,True,100
syn-cora-h1.00-r1,StratifiedKFoldDynamic_Degree_b300,2,2,GAT,100,670,570,0.00021022855071350932,1.0,0.00020950341422576457,1.0,True,100
syn-cora-h1.00-r1,StratifiedKFoldDynamic_Degree_b300,2,3,GAT,101,414,314,0.00012350789620541036,1.0,0.00019756155961658806,1.0,True,100
syn-cora-h1.00-r1,StratifiedKFoldDynamic_Degree_b300,2,3,GAT,100,524,424,0.0001300199655815959,1.0,0.00020207992929499596,1.0,True,100
syn-cora-h1.00-r1,StratifiedKFoldDynamic_Degree_b300,2,4,GAT,100,527,427,0.00014181974984239787,1.0,0.00014132302021607757,1.0,True,100
syn-cora-h1.00-r1,StratifiedKFoldDynamic_Degree_b300,2,5,GAT,100,396,296,0.0002820231020450592,1.0,0.00021506380289793015,1.0,True,100
syn-cora-h1.00-r1,StratifiedKFoldDynamic_Degree_b300,2,4,GAT,101,584,484,0.00013299024431034923,1.0,0.00013809031224809587,1.0,True,100
syn-cora-h1.00-r1,StratifiedKFoldDynamic_Degree_b300,2,5,GAT,101,578,478,0.00023342986241914332,1.0,0.00017775474407244474,1.0,True,100
syn-cora-h1.00-r1,StratifiedKFoldDynamic_NeighHet_b100,2,1,GAT,101,411,311,0.0001703016459941864,1.0,0.00017795404710341245,1.0,True,100
syn-cora-h1.00-r1,StratifiedKFoldDynamic_NeighHet_b100,2,2,GAT,100,499,399,0.0001388203090755269,1.0,0.0001418587489752099,1.0,True,100
syn-cora-h1.00-r1,StratifiedKFoldDynamic_NeighHet_b100,2,1,GAT,100,532,432,0.0001338590373052284,1.0,0.00021134204871486872,1.0,True,100
syn-cora-h1.00-r1,StratifiedKFoldDynamic_NeighHet_b100,2,2,GAT,101,568,468,0.00013591459719464183,1.0,0.00017392054724041373,1.0,True,100
syn-cora-h1.00-r1,StratifiedKFoldDynamic_NeighHet_b100,2,3,GAT,100,456,356,0.00024207601381931454,1.0,0.00021089251094963402,1.0,True,100
syn-cora-h1.00-r1,StratifiedKFoldDynamic_NeighHet_b100,2,3,GAT,101,391,291,0.00026022910606116056,1.0,0.00018260633805766702,1.0,True,100
syn-cora-h1.00-r1,StratifiedKFoldDynamic_NeighHet_b100,2,4,GAT,100,408,308,0.0001644087169552222,1.0,0.0003685913688968867,1.0,True,100
syn-cora-h1.00-r1,StratifiedKFoldDynamic_NeighHet_b100,2,4,GAT,101,488,388,0.00014977446699049324,1.0,0.0004147405852563679,1.0,True,100
syn-cora-h1.00-r1,StratifiedKFoldDynamic_NeighHet_b100,2,5,GAT,101,416,316,0.00017420480435248464,1.0,0.0001744922046782449,1.0,True,100
syn-cora-h1.00-r1,StratifiedKFoldDynamic_NeighHet_b100,2,5,GAT,100,511,411,0.00014887690485920757,1.0,0.00014756900782231241,1.0,True,100
syn-cora-h1.00-r1,StratifiedKFoldDynamic_PageRank_b300,2,1,GAT,101,332,232,0.00017743838543538004,1.0,0.0002807301643770188,1.0,True,100
syn-cora-h1.00-r1,StratifiedKFoldDynamic_PageRank_b300,2,2,GAT,101,466,366,0.00015126288053579628,1.0,0.00017333673895336688,1.0,True,100
syn-cora-h1.00-r1,StratifiedKFoldDynamic_PageRank_b300,2,2,GAT,100,512,412,0.00011983933654846624,1.0,0.00015445545432157815,1.0,True,100
syn-cora-h1.00-r1,StratifiedKFoldDynamic_PageRank_b300,2,1,GAT,100,550,450,0.00011582980368984863,1.0,0.00020355744345579296,1.0,True,100
syn-cora-h1.00-r1,StratifiedKFoldDynamic_PageRank_b300,2,3,GAT,100,508,408,0.00016517822223249823,1.0,0.00014772929716855288,1.0,True,100
syn-cora-h1.00-r1,StratifiedKFoldDynamic_PageRank_b300,2,3,GAT,101,511,411,0.00019206594151910394,1.0,0.00024428372853435576,1.0,True,100
syn-cora-h1.00-r1,StratifiedKFoldDynamic_PageRank_b300,2,4,GAT,100,508,408,0.0002453075721859932,1.0,0.000265108683379367,1.0,True,100
syn-cora-h1.00-r1,StratifiedKFoldDynamic_PageRank_b300,2,5,GAT,100,270,170,0.000446914229542017,1.0,0.00037725979927927256,1.0,True,100
syn-cora-h1.00-r1,StratifiedKFoldDynamic_PageRank_b300,2,4,GAT,101,593,493,0.00017716777801979333,1.0,0.00025277744862250984,1.0,True,100
syn-cora-h1.00-r1,StratifiedKFoldDynamic_PageRank_b300,2,5,GAT,101,441,341,0.0002937767712865025,1.0,0.0003015687980223447,1.0,True,100
syn-cora-h1.00-r1,StratifiedKFoldDynamic_EigCentrality_b300,2,2,GAT,101,422,322,0.0002145533508155495,1.0,0.00019683076243381947,1.0,True,100
syn-cora-h1.00-r1,StratifiedKFoldDynamic_EigCentrality_b300,2,1,GAT,101,431,331,0.00015479316061828285,1.0,0.0002456379297655076,1.0,True,100
syn-cora-h1.00-r1,StratifiedKFoldDynamic_EigCentrality_b300,2,2,GAT,100,497,397,0.00020348950056359172,1.0,0.00020226427295710891,1.0,True,100
syn-cora-h1.00-r1,StratifiedKFoldDynamic_EigCentrality_b300,2,1,GAT,100,556,456,0.00015628768596798182,1.0,0.00021122941689100116,1.0,True,100
syn-cora-h1.00-r1,StratifiedKFoldDynamic_EigCentrality_b300,2,3,GAT,101,321,221,0.0002357855992158875,1.0,0.00029037875356152654,1.0,True,100
syn-cora-h1.00-r1,StratifiedKFoldDynamic_EigCentrality_b300,2,3,GAT,100,344,244,0.00021183362696319818,1.0,0.00026376525056548417,1.0,True,100
syn-cora-h1.00-r1,StratifiedKFoldDynamic_EigCentrality_b300,2,4,GAT,101,432,332,0.00011476675717858598,1.0,0.00013520945503842086,1.0,True,100
syn-cora-h1.00-r1,StratifiedKFoldDynamic_EigCentrality_b300,2,4,GAT,100,548,448,0.0001143587360274978,1.0,0.00011537883983692154,1.0,True,100
syn-cora-h1.00-r1,StratifiedKFoldDynamic_EigCentrality_b300,2,5,GAT,100,397,297,0.0002523530274629593,1.0,0.00019081610662396997,1.0,True,100
syn-cora-h1.00-r1,StratifiedKFoldDynamic_EigCentrality_b300,2,5,GAT,101,410,310,0.0002237915323348716,1.0,0.00014824677782598883,1.0,True,100
syn-cora-h1.00-r1,StratifiedKFoldDynamic_Clustering_b300,2,2,GAT,100,375,275,0.00020754762226715684,1.0,0.00023232470266520977,1.0,True,100
syn-cora-h1.00-r1,StratifiedKFoldDynamic_Clustering_b300,2,2,GAT,101,410,310,0.00016566480917390436,1.0,0.0002127745101461187,1.0,True,100
syn-cora-h1.00-r1,StratifiedKFoldDynamic_Clustering_b300,2,1,GAT,101,412,312,0.00020638066052924842,1.0,0.00019799033179879189,1.0,True,100
syn-cora-h1.00-r1,StratifiedKFoldDynamic_Clustering_b300,2,1,GAT,100,499,399,0.00015541752509307116,1.0,0.0003419358399696648,1.0,True,100
syn-cora-h1.00-r1,StratifiedKFoldDynamic_Clustering_b300,2,3,GAT,101,485,385,0.0001637871318962425,1.0,0.00019254788639955223,1.0,True,100
syn-cora-h1.00-r1,StratifiedKFoldDynamic_Clustering_b300,2,3,GAT,100,527,427,0.00017519098764751107,1.0,0.00015817588428035378,1.0,True,100
syn-cora-h1.00-r1,StratifiedKFoldDynamic_Clustering_b300,2,4,GAT,101,488,388,0.00017062212282326072,1.0,0.0001694112434051931,1.0,True,100
syn-cora-h1.00-r1,StratifiedKFoldDynamic_Clustering_b300,2,4,GAT,100,595,495,0.00019510480342432857,1.0,0.00018158374587073922,1.0,True,100
syn-cora-h1.00-r1,StratifiedKFoldDynamic_Clustering_b300,2,5,GAT,101,416,316,0.0003108567325398326,1.0,0.0002457824884913862,1.0,True,100
syn-cora-h1.00-r1,StratifiedKFoldDynamic_Clustering_b300,2,5,GAT,100,454,354,0.00032498707878403366,1.0,0.00040423922473564744,1.0,True,100
syn-cora-h1.00-r1,RandomKFold,3,1,GAT,100,330,230,0.0001847459061536938,1.0,0.00029417252517305315,1.0,True,100
syn-cora-h1.00-r1,RandomKFold,3,2,GAT,100,394,294,0.0001864819205366075,1.0,0.00016315712127834558,1.0,True,100
syn-cora-h1.00-r1,RandomKFold,3,1,GAT,101,390,290,0.0001413172867614776,1.0,0.0002093061339110136,1.0,True,100
syn-cora-h1.00-r1,RandomKFold,3,2,GAT,101,391,291,0.00019719013653229922,1.0,0.0001695351820671931,1.0,True,100
syn-cora-h1.00-r1,RandomKFold,3,4,GAT,101,306,206,0.00025571382138878107,1.0,0.00024260423379018903,1.0,True,100
syn-cora-h1.00-r1,RandomKFold,3,3,GAT,100,414,314,0.0001898680056910962,1.0,0.0002534308878239244,1.0,True,100
syn-cora-h1.00-r1,RandomKFold,3,4,GAT,100,474,374,0.00020206166664138436,1.0,0.00016340010915882885,1.0,True,100
syn-cora-h1.00-r1,RandomKFold,3,3,GAT,101,512,412,0.00015854198136366904,1.0,0.00019566260743886232,1.0,True,100
syn-cora-h1.00-r1,RandomKFold,3,5,GAT,101,409,309,0.00017924379790201783,1.0,0.00021863421716261655,1.0,True,100
syn-cora-h1.00-r1,RandomKFold,3,5,GAT,100,506,406,0.00016638626402709633,1.0,0.0002200195158366114,1.0,True,100
syn-cora-h1.00-r1,LabelStratifiedKFold,3,2,GAT,100,374,274,0.0001873544097179547,1.0,0.00016958625928964466,1.0,True,100
syn-cora-h1.00-r1,LabelStratifiedKFold,3,1,GAT,100,393,293,0.0001514836330898106,1.0,0.0002717705210670829,1.0,True,100
syn-cora-h1.00-r1,LabelStratifiedKFold,3,1,GAT,101,433,333,0.00013699302508030087,1.0,0.00029553144122473896,1.0,True,100
syn-cora-h1.00-r1,LabelStratifiedKFold,3,2,GAT,101,671,571,0.0001423368667019531,1.0,0.00011747967801056802,1.0,True,100
syn-cora-h1.00-r1,LabelStratifiedKFold,3,3,GAT,101,432,332,0.00016088625125121325,1.0,0.00022704819275531918,1.0,True,100
syn-cora-h1.00-r1,LabelStratifiedKFold,3,3,GAT,100,519,419,0.00015703441749792546,1.0,0.0002189126389566809,1.0,True,100
syn-cora-h1.00-r1,LabelStratifiedKFold,3,4,GAT,100,514,414,0.0001820789184421301,1.0,0.00023090234026312828,1.0,True,100
syn-cora-h1.00-r1,LabelStratifiedKFold,3,4,GAT,101,489,389,0.00014395748439710587,1.0,0.00019708703621290624,1.0,True,100
syn-cora-h1.00-r1,LabelStratifiedKFold,3,5,GAT,101,423,323,0.0003306447761133313,1.0,0.00029644696041941643,1.0,True,100
syn-cora-h1.00-r1,LabelStratifiedKFold,3,5,GAT,100,511,411,0.00029768529930152,1.0,0.00019035859440919012,1.0,True,100
syn-cora-h1.00-r1,StratifiedKFoldDynamic_Degree_b300,3,2,GAT,101,306,206,0.0002733369474299252,1.0,0.0002233826380688697,1.0,True,100
syn-cora-h1.00-r1,StratifiedKFoldDynamic_Degree_b300,3,2,GAT,100,394,294,0.0001986986753763631,1.0,0.00019243170390836895,1.0,True,100
syn-cora-h1.00-r1,StratifiedKFoldDynamic_Degree_b300,3,1,GAT,100,482,382,0.00013246061280369759,1.0,0.00024239931371994317,1.0,True,100
syn-cora-h1.00-r1,StratifiedKFoldDynamic_Degree_b300,3,1,GAT,101,485,385,0.00012329417222645134,1.0,0.00027717588818632066,1.0,True,100
syn-cora-h1.00-r1,StratifiedKFoldDynamic_Degree_b300,3,3,GAT,101,396,296,0.0001700387947494164,1.0,0.00018808494496624917,1.0,True,100
syn-cora-h1.00-r1,StratifiedKFoldDynamic_Degree_b300,3,3,GAT,100,512,412,0.0001682996953604743,1.0,0.0001474639866501093,1.0,True,100
syn-cora-h1.00-r1,StratifiedKFoldDynamic_Degree_b300,3,4,GAT,100,374,274,0.00024156745348591357,1.0,0.00027312355814501643,1.0,True,100
syn-cora-h1.00-r1,StratifiedKFoldDynamic_Degree_b300,3,4,GAT,101,391,291,0.0001913982123369351,1.0,0.0002309323026565835,1.0,True,100
syn-cora-h1.00-r1,StratifiedKFoldDynamic_Degree_b300,3,5,GAT,101,394,294,0.00020599055278580636,1.0,0.00017555837985128164,1.0,True,100
syn-cora-h1.00-r1,StratifiedKFoldDynamic_Degree_b300,3,5,GAT,100,472,372,0.00017416100308764726,1.0,0.00021565193310379982,1.0,True,100
syn-cora-h1.00-r1,StratifiedKFoldDynamic_NeighHet_b100,3,2,GAT,101,414,314,0.0001531644375063479,1.0,0.00018207187531515956,1.0,True,100
syn-cora-h1.00-r1,StratifiedKFoldDynamic_NeighHet_b100,3,2,GAT,100,458,358,0.0001618640380911529,1.0,0.00018123268091585487,1.0,True,100
syn-cora-h1.00-r1,StratifiedKFoldDynamic_NeighHet_b100,3,1,GAT,100,511,411,0.0001713144447421655,1.0,0.00022005314531270415,1.0,True,100
syn-cora-h1.00-r1,StratifiedKFoldDynamic_NeighHet_b100,3,1,GAT,101,528,428,0.00017055828357115388,1.0,0.00021712094894610345,1.0,True,100
syn-cora-h1.00-r1,StratifiedKFoldDynamic_NeighHet_b100,3,3,GAT,101,430,330,0.00021763490804005414,1.0,0.00019296567188575864,1.0,True,100
syn-cora-h1.00-r1,StratifiedKFoldDynamic_NeighHet_b100,3,3,GAT,100,526,426,0.00021971242676954716,1.0,0.00021511173690669239,1.0,True,100
syn-cora-h1.00-r1,StratifiedKFoldDynamic_NeighHet_b100,3,4,GAT,100,525,425,0.00017374797607772052,1.0,0.0002895778161473572,1.0,True,100
syn-cora-h1.00-r1,StratifiedKFoldDynamic_NeighHet_b100,3,4,GAT,101,527,427,0.0002024516143137589,1.0,0.0003589805855881423,1.0,True,100
syn-cora-h1.00-r1,StratifiedKFoldDynamic_NeighHet_b100,3,5,GAT,100,353,253,0.0001832927082432434,1.0,0.00025925724185071886,1.0,True,100
syn-cora-h1.00-r1,StratifiedKFoldDynamic_NeighHet_b100,3,5,GAT,101,485,385,0.00012002998846583068,1.0,0.00022172155149746686,1.0,True,100
syn-cora-h1.00-r1,StratifiedKFoldDynamic_PageRank_b300,3,2,GAT,100,397,297,0.00016642209084238857,1.0,0.000264742091530934,1.0,True,100
syn-cora-h1.00-r1,StratifiedKFoldDynamic_PageRank_b300,3,1,GAT,101,478,378,0.00018499611178413033,1.0,0.0001968965370906517,1.0,True,100
syn-cora-h1.00-r1,StratifiedKFoldDynamic_PageRank_b300,3,1,GAT,100,478,378,0.00019205108401365578,1.0,0.00020745392248500139,1.0,True,100
syn-cora-h1.00-r1,StratifiedKFoldDynamic_PageRank_b300,3,2,GAT,101,491,391,0.00016047641111072153,1.0,0.0003157921601086855,1.0,True,100
syn-cora-h1.00-r1,StratifiedKFoldDynamic_PageRank_b300,3,3,GAT,101,407,307,0.00016441848129034042,1.0,0.00016748924099374563,1.0,True,100
syn-cora-h1.00-r1,StratifiedKFoldDynamic_PageRank_b300,3,3,GAT,100,511,411,0.00014299832400865853,1.0,0.00014255481073632836,1.0,True,100
syn-cora-h1.00-r1,StratifiedKFoldDynamic_PageRank_b300,3,4,GAT,100,544,444,0.00019208774028811604,1.0,0.000221577167394571,1.0,True,100
syn-cora-h1.00-r1,StratifiedKFoldDynamic_PageRank_b300,3,4,GAT,101,603,503,0.00016994637553580105,1.0,0.00023044207773637027,1.0,True,100
syn-cora-h1.00-r1,StratifiedKFoldDynamic_PageRank_b300,3,5,GAT,101,391,291,0.00018318439833819866,1.0,0.0002838547807186842,1.0,True,100
syn-cora-h1.00-r1,StratifiedKFoldDynamic_PageRank_b300,3,5,GAT,100,417,317,0.0002051689225481823,1.0,0.00036134329275228083,1.0,True,100
syn-cora-h1.00-r1,StratifiedKFoldDynamic_EigCentrality_b300,3,1,GAT,100,412,312,0.0002683218917809427,1.0,0.00029227518825791776,1.0,True,100
syn-cora-h1.00-r1,StratifiedKFoldDynamic_EigCentrality_b300,3,2,GAT,101,482,382,0.00014803148224018514,1.0,0.0002293750294484198,1.0,True,100
syn-cora-h1.00-r1,StratifiedKFoldDynamic_EigCentrality_b300,3,1,GAT,101,508,408,0.0002200778544647619,1.0,0.0001764767075655982,1.0,True,100
syn-cora-h1.00-r1,StratifiedKFoldDynamic_EigCentrality_b300,3,2,GAT,100,533,433,0.00012554631393868476,1.0,0.00021152898261789232,1.0,True,100
syn-cora-h1.00-r1,StratifiedKFoldDynamic_EigCentrality_b300,3,3,GAT,101,391,291,0.00023878620413597673,1.0,0.0001867500541266054,1.0,True,100
syn-cora-h1.00-r1,StratifiedKFoldDynamic_EigCentrality_b300,3,4,GAT,100,392,292,0.00011547358735697344,1.0,0.00023507776495534927,1.0,True,100
syn-cora-h1.00-r1,StratifiedKFoldDynamic_EigCentrality_b300,3,3,GAT,100,550,450,0.00021285985712893307,1.0,0.00013693378423340619,1.0,True,100
syn-cora-h1.00-r1,StratifiedKFoldDynamic_EigCentrality_b300,3,4,GAT,101,431,331,9.405440505361184e-05,1.0,0.0002618491416797042,1.0,True,100
syn-cora-h1.00-r1,StratifiedKFoldDynamic_EigCentrality_b300,3,5,GAT,101,375,275,0.00019831630925182253,1.0,0.0001355106069240719,1.0,True,100
syn-cora-h1.00-r1,StratifiedKFoldDynamic_EigCentrality_b300,3,5,GAT,100,510,410,0.0001800979662220925,1.0,0.00011513028584886342,1.0,True,100
syn-cora-h1.00-r1,StratifiedKFoldDynamic_Clustering_b300,3,1,GAT,101,412,312,0.00015127491496969014,1.0,0.00020777806639671326,1.0,True,100
syn-cora-h1.00-r1,StratifiedKFoldDynamic_Clustering_b300,3,2,GAT,101,438,338,0.00019729623454622924,1.0,0.00019627292931545526,1.0,True,100
syn-cora-h1.00-r1,StratifiedKFoldDynamic_Clustering_b300,3,1,GAT,100,446,346,0.00015851108764763921,1.0,0.00022850655659567565,1.0,True,100
syn-cora-h1.00-r1,StratifiedKFoldDynamic_Clustering_b300,3,2,GAT,100,514,414,0.00021411210764199495,1.0,0.00019160682859364897,1.0,True,100
syn-cora-h1.00-r1,StratifiedKFoldDynamic_Clustering_b300,3,3,GAT,101,390,290,0.00019379504374228418,1.0,0.00016204062558244914,1.0,True,100
syn-cora-h1.00-r1,StratifiedKFoldDynamic_Clustering_b300,3,3,GAT,100,525,425,0.00018533335241954774,1.0,0.00018112108227796853,1.0,True,100
syn-cora-h1.00-r1,StratifiedKFoldDynamic_Clustering_b300,3,4,GAT,101,436,336,0.0001512946910224855,1.0,0.000204099589609541,1.0,True,100
syn-cora-h1.00-r1,StratifiedKFoldDynamic_Clustering_b300,3,4,GAT,100,664,564,0.00013540920917876065,1.0,0.00016098134801723063,1.0,True,100
syn-cora-h1.00-r1,StratifiedKFoldDynamic_Clustering_b300,3,5,GAT,100,477,377,0.0001795461867004633,1.0,0.00013528378622140735,1.0,True,100
syn-cora-h1.00-r1,StratifiedKFoldDynamic_Clustering_b300,3,5,GAT,101,574,474,0.0001828174717957154,1.0,0.0001610524341231212,1.0,True,100
syn-cora-h1.00-r1,RandomKFold,4,2,GAT,101,437,337,0.0001561854442115873,1.0,0.0002587467897683382,1.0,True,100
syn-cora-h1.00-r1,RandomKFold,4,1,GAT,101,481,381,0.00019526435062289238,1.0,0.00015602121129631996,1.0,True,100
syn-cora-h1.00-r1,RandomKFold,4,1,GAT,100,519,419,0.00018052966333925724,1.0,0.00020743916684295982,1.0,True,100
syn-cora-h1.00-r1,RandomKFold,4,2,GAT,100,549,449,0.00015669336426071823,1.0,0.00023906985006760806,1.0,True,100
syn-cora-h1.00-r1,RandomKFold,4,3,GAT,100,400,300,0.00025146789266727865,1.0,0.00025311351055279374,1.0,True,100
syn-cora-h1.00-r1,RandomKFold,4,4,GAT,101,393,293,0.0001616486260900274,1.0,0.0001649201731197536,1.0,True,100
syn-cora-h1.00-r1,RandomKFold,4,3,GAT,101,615,515,0.0002074692165479064,1.0,0.00017414079047739506,1.0,True,100
syn-cora-h1.00-r1,RandomKFold,4,4,GAT,100,661,561,0.00013411803229246289,1.0,0.00020378606859594584,1.0,True,100
syn-cora-h1.00-r1,RandomKFold,4,5,GAT,100,395,295,0.00024063432647380978,1.0,0.00034974951995536685,1.0,True,100
syn-cora-h1.00-r1,RandomKFold,4,5,GAT,101,549,449,0.00022526328393723816,1.0,0.0004339546721894294,1.0,True,100
syn-cora-h1.00-r1,LabelStratifiedKFold,4,2,GAT,101,396,296,0.0002515765663702041,1.0,0.0002665423380676657,1.0,True,100
syn-cora-h1.00-r1,LabelStratifiedKFold,4,2,GAT,100,400,300,0.00028484020731411874,1.0,0.0002928049652837217,1.0,True,100
syn-cora-h1.00-r1,LabelStratifiedKFold,4,1,GAT,101,433,333,0.00022074500157032162,1.0,0.0001764271582942456,1.0,True,100
syn-cora-h1.00-r1,LabelStratifiedKFold,4,1,GAT,100,541,441,0.0001790373062249273,1.0,0.00014400825602933764,1.0,True,100
syn-cora-h1.00-r1,LabelStratifiedKFold,4,3,GAT,100,436,336,0.000183204683708027,1.0,0.0003228716377634555,1.0,True,100
syn-cora-h1.00-r1,LabelStratifiedKFold,4,4,GAT,101,389,289,0.0003289649321231991,1.0,0.00036167557118460536,1.0,True,100
syn-cora-h1.00-r1,LabelStratifiedKFold,4,3,GAT,101,610,510,0.0001549216831335798,1.0,0.0002939264813903719,1.0,True,100
syn-cora-h1.00-r1,LabelStratifiedKFold,4,4,GAT,100,787,687,0.00022277995594777167,1.0,0.00026199250714853406,1.0,True,100
syn-cora-h1.00-r1,LabelStratifiedKFold,4,5,GAT,100,473,373,0.00012876279652118683,1.0,0.00019365118350833654,1.0,True,100
syn-cora-h1.00-r1,LabelStratifiedKFold,4,5,GAT,101,390,290,0.00013693403161596507,1.0,0.0002069816691800952,1.0,True,100
syn-cora-h1.00-r1,StratifiedKFoldDynamic_Degree_b300,4,1,GAT,100,356,256,0.00027148626395501196,1.0,0.0002494382788427174,1.0,True,100
syn-cora-h1.00-r1,StratifiedKFoldDynamic_Degree_b300,4,1,GAT,101,392,292,0.0002500940172467381,1.0,0.00019785523181781173,1.0,True,100
syn-cora-h1.00-r1,StratifiedKFoldDynamic_Degree_b300,4,2,GAT,100,415,315,0.0004194742941763252,1.0,0.00035441387444734573,1.0,True,100
syn-cora-h1.00-r1,StratifiedKFoldDynamic_Degree_b300,4,2,GAT,101,526,426,0.00032154106884263456,1.0,0.0003163070941809565,1.0,True,100
syn-cora-h1.00-r1,StratifiedKFoldDynamic_Degree_b300,4,4,GAT,100,391,291,0.000129392632516101,1.0,0.0002836273342836648,1.0,True,100
syn-cora-h1.00-r1,StratifiedKFoldDynamic_Degree_b300,4,3,GAT,101,414,314,0.00025544691015966237,1.0,0.00027632422279566526,1.0,True,100
syn-cora-h1.00-r1,StratifiedKFoldDynamic_Degree_b300,4,3,GAT,100,508,408,0.00024872401263564825,1.0,0.00023374696320388466,1.0,True,100
syn-cora-h1.00-r1,StratifiedKFoldDynamic_Degree_b300,4,4,GAT,101,436,336,0.00011632904352154583,1.0,0.00022499010083265603,1.0,True,100
syn-cora-h1.00-r1,StratifiedKFoldDynamic_Degree_b300,4,5,GAT,101,389,289,0.0001628588215680793,1.0,0.00016661373956594616,1.0,True,100
syn-cora-h1.00-r1,StratifiedKFoldDynamic_Degree_b300,4,5,GAT,100,413,313,0.0001604755234438926,1.0,0.00023517044610343874,1.0,True,100
syn-cora-h1.00-r1,StratifiedKFoldDynamic_NeighHet_b100,4,2,GAT,100,394,294,0.00020023244724143296,1.0,0.0002571175282355398,1.0,True,100
syn-cora-h1.00-r1,StratifiedKFoldDynamic_NeighHet_b100,4,1,GAT,101,411,311,0.00023867154959589243,1.0,0.0001671236677793786,1.0,True,100
syn-cora-h1.00-r1,StratifiedKFoldDynamic_NeighHet_b100,4,2,GAT,101,489,389,0.00016786997730378062,1.0,0.00024112185928970575,1.0,True,100
syn-cora-h1.00-r1,StratifiedKFoldDynamic_NeighHet_b100,4,1,GAT,100,528,428,0.00022528083354700357,1.0,0.00010737487900769338,1.0,True,100
syn-cora-h1.00-r1,StratifiedKFoldDynamic_NeighHet_b100,4,3,GAT,101,484,384,0.00016891384439077228,1.0,0.00016856413276400417,1.0,True,100
syn-cora-h1.00-r1,StratifiedKFoldDynamic_NeighHet_b100,4,3,GAT,100,510,410,0.00018979943706654012,1.0,0.0001941999071277678,1.0,True,100
syn-cora-h1.00-r1,StratifiedKFoldDynamic_NeighHet_b100,4,4,GAT,101,392,292,0.0001422260538674891,1.0,0.00026015317416749895,1.0,True,100
syn-cora-h1.00-r1,StratifiedKFoldDynamic_NeighHet_b100,4,4,GAT,100,449,349,0.00012202950892969966,1.0,0.00022506786626763642,1.0,True,100
syn-cora-h1.00-r1,StratifiedKFoldDynamic_NeighHet_b100,4,5,GAT,100,418,318,0.00011159404675709084,1.0,0.00016033841529861093,1.0,True,100
syn-cora-h1.00-r1,StratifiedKFoldDynamic_NeighHet_b100,4,5,GAT,101,487,387,0.00011274573625996709,1.0,0.00017703480261843652,1.0,True,100
syn-cora-h1.00-r1,StratifiedKFoldDynamic_PageRank_b300,4,1,GAT,101,410,310,0.00012588159006554633,1.0,0.00014792564616072923,1.0,True,100
syn-cora-h1.00-r1,StratifiedKFoldDynamic_PageRank_b300,4,2,GAT,101,474,374,0.00027678385959006846,1.0,0.00013371504610404372,1.0,True,100
syn-cora-h1.00-r1,StratifiedKFoldDynamic_PageRank_b300,4,1,GAT,100,506,406,0.00011122345313197002,1.0,0.00013388697698246688,1.0,True,100
syn-cora-h1.00-r1,StratifiedKFoldDynamic_PageRank_b300,4,2,GAT,100,552,452,0.00025171085144393146,1.0,0.00013576119090430439,1.0,True,100
syn-cora-h1.00-r1,StratifiedKFoldDynamic_PageRank_b300,4,3,GAT,101,416,316,0.0002677701704669744,1.0,0.0007409813697449863,1.0,True,100
syn-cora-h1.00-r1,StratifiedKFoldDynamic_PageRank_b300,4,4,GAT,100,433,333,0.000219174733501859,1.0,0.00024256868346128613,1.0,True,100
syn-cora-h1.00-r1,StratifiedKFoldDynamic_PageRank_b300,4,3,GAT,100,529,429,0.0002352983137825504,1.0,0.0010393030242994428,1.0,True,100
syn-cora-h1.00-r1,StratifiedKFoldDynamic_PageRank_b300,4,4,GAT,101,508,408,0.00018487362831365317,1.0,0.0001696669787634164,1.0,True,100
syn-cora-h1.00-r1,StratifiedKFoldDynamic_PageRank_b300,4,5,GAT,101,434,334,0.00014760642079636455,1.0,0.00021652512077707797,1.0,True,100
syn-cora-h1.00-r1,StratifiedKFoldDynamic_PageRank_b300,4,5,GAT,100,508,408,0.00016194321506191045,1.0,0.00020149184274487197,1.0,True,100
syn-cora-h1.00-r1,StratifiedKFoldDynamic_EigCentrality_b300,4,2,GAT,101,390,290,0.0001734262186801061,1.0,0.0004459177434910089,1.0,True,100
syn-cora-h1.00-r1,StratifiedKFoldDynamic_EigCentrality_b300,4,2,GAT,100,397,297,0.0002250609832117334,1.0,0.0003347894817125052,1.0,True,100
syn-cora-h1.00-r1,StratifiedKFoldDynamic_EigCentrality_b300,4,1,GAT,101,414,314,0.00030859687831252813,1.0,0.0002415776252746582,1.0,True,100
syn-cora-h1.00-r1,StratifiedKFoldDynamic_EigCentrality_b300,4,1,GAT,100,433,333,0.00030273228185251355,1.0,0.0002209256635978818,1.0,True,100
syn-cora-h1.00-r1,StratifiedKFoldDynamic_EigCentrality_b300,4,3,GAT,101,418,318,0.00012669619172811508,1.0,0.00016828719526529312,1.0,True,100
syn-cora-h1.00-r1,StratifiedKFoldDynamic_EigCentrality_b300,4,4,GAT,100,417,317,0.00014764971274416894,1.0,0.00020016574126202613,1.0,True,100
syn-cora-h1.00-r1,StratifiedKFoldDynamic_EigCentrality_b300,4,3,GAT,100,480,380,0.00012077277642674744,1.0,0.00019461652846075594,1.0,True,100
syn-cora-h1.00-r1,StratifiedKFoldDynamic_EigCentrality_b300,4,4,GAT,101,490,390,0.00016267639875877649,1.0,0.00015345209976658225,1.0,True,100
syn-cora-h1.00-r1,StratifiedKFoldDynamic_EigCentrality_b300,4,5,GAT,100,475,375,0.00017055975331459194,1.0,0.00015644595259800553,1.0,True,100
syn-cora-h1.00-r1,StratifiedKFoldDynamic_EigCentrality_b300,4,5,GAT,101,594,494,0.00015451326908078045,1.0,0.000183506723260507,1.0,True,100
syn-cora-h1.00-r1,StratifiedKFoldDynamic_Clustering_b300,4,1,GAT,101,411,311,0.00015940808225423098,1.0,0.0002420885139144957,1.0,True,100
syn-cora-h1.00-r1,StratifiedKFoldDynamic_Clustering_b300,4,2,GAT,101,434,334,0.00024623493663966656,1.0,0.00017995649250224233,1.0,True,100
syn-cora-h1.00-r1,StratifiedKFoldDynamic_Clustering_b300,4,2,GAT,100,449,349,0.00027511862572282553,1.0,0.00026932323817163706,1.0,True,100
syn-cora-h1.00-r1,StratifiedKFoldDynamic_Clustering_b300,4,1,GAT,100,499,399,0.0001566217833897099,1.0,0.0002152659435523674,1.0,True,100
syn-cora-h1.00-r1,StratifiedKFoldDynamic_Clustering_b300,4,3,GAT,100,513,413,0.0001124846312450245,1.0,0.00022527419787365943,1.0,True,100
syn-cora-h1.00-r1,StratifiedKFoldDynamic_Clustering_b300,4,4,GAT,101,436,336,0.00011929124593734741,1.0,0.00016688855248503387,1.0,True,100
syn-cora-h1.00-r1,StratifiedKFoldDynamic_Clustering_b300,4,4,GAT,100,509,409,0.00013883186329621822,1.0,0.00014063125126995146,1.0,True,100
syn-cora-h1.00-r1,StratifiedKFoldDynamic_Clustering_b300,4,3,GAT,101,526,426,0.0001397603627992794,1.0,0.00028570357244461775,1.0,True,100
syn-cora-h1.00-r1,StratifiedKFoldDynamic_Clustering_b300,4,5,GAT,100,473,373,0.000242220499785617,1.0,0.00016278578550554812,1.0,True,100
syn-cora-h1.00-r1,StratifiedKFoldDynamic_Clustering_b300,4,5,GAT,101,572,472,0.00023777622845955193,1.0,0.00014583712618332356,1.0,True,100
