Dataset,StratificationType,Fold_Seed,Fold,Model,Init_Seed,Stopped_Epoch,Best_Epoch,Best_Val_Loss,Best_Val_Accuracy,Test_Loss,Test_Accuracy,Stopped_Early,Early_Stopping_Patience
syn-cora-h0.00-r1,RandomKFold,0,1,GCN,100,110,10,1.5116405487060547,0.29194632172584534,1.4763027429580688,0.3724832236766815,True,100
syn-cora-h0.00-r1,RandomKFold,0,2,GCN,100,110,10,1.4725793600082397,0.39261746406555176,1.5240801572799683,0.3221476376056671,True,100
syn-cora-h0.00-r1,RandomKFold,0,1,GCN,101,111,11,1.5060640573501587,0.30536913871765137,1.458085060119629,0.37919461727142334,True,100
syn-cora-h0.00-r1,RandomKFold,0,2,GCN,101,109,9,1.4636900424957275,0.37919461727142334,1.516332983970642,0.3322147727012634,True,100
syn-cora-h0.00-r1,RandomKFold,0,3,GCN,100,108,8,1.5199553966522217,0.3221476376056671,1.487377405166626,0.39261746406555176,True,100
syn-cora-h0.00-r1,RandomKFold,0,3,GCN,101,108,8,1.5057750940322876,0.3221476376056671,1.481358528137207,0.4026845693588257,True,100
syn-cora-h0.00-r1,RandomKFold,0,4,GCN,100,111,11,1.4330607652664185,0.3691275119781494,1.5298421382904053,0.3154362440109253,True,100
syn-cora-h0.00-r1,RandomKFold,0,4,GCN,101,113,13,1.4410607814788818,0.38255032896995544,1.5429210662841797,0.3187919557094574,True,100
syn-cora-h0.00-r1,RandomKFold,0,5,GCN,100,109,9,1.4938937425613403,0.33557048439979553,1.4586403369903564,0.34228187799453735,True,100
syn-cora-h0.00-r1,RandomKFold,0,5,GCN,101,112,12,1.473374366760254,0.34899330139160156,1.45705246925354,0.3557046949863434,True,100
syn-cora-h0.00-r1,LabelStratifiedKFold,0,2,GCN,100,110,10,1.4790312051773071,0.34228187799453735,1.4402694702148438,0.4026845693588257,True,100
syn-cora-h0.00-r1,LabelStratifiedKFold,0,2,GCN,101,110,10,1.4661438465118408,0.33892616629600525,1.4430158138275146,0.4093959629535675,True,100
syn-cora-h0.00-r1,LabelStratifiedKFold,0,1,GCN,100,111,11,1.4579700231552124,0.3523489832878113,1.4587321281433105,0.38590604066848755,True,100
syn-cora-h0.00-r1,LabelStratifiedKFold,0,1,GCN,101,112,12,1.4591662883758545,0.3691275119781494,1.4682310819625854,0.3724832236766815,True,100
syn-cora-h0.00-r1,LabelStratifiedKFold,0,4,GCN,100,107,7,1.5262770652770996,0.3087248206138611,1.4835596084594727,0.4093959629535675,True,100
syn-cora-h0.00-r1,LabelStratifiedKFold,0,3,GCN,101,110,10,1.4569777250289917,0.38255032896995544,1.4664855003356934,0.33557048439979553,True,100
syn-cora-h0.00-r1,LabelStratifiedKFold,0,3,GCN,100,112,12,1.4763619899749756,0.37919461727142334,1.4829524755477905,0.34563758969306946,True,100
syn-cora-h0.00-r1,LabelStratifiedKFold,0,4,GCN,101,108,8,1.5214155912399292,0.3288590610027313,1.4567456245422363,0.42281877994537354,True,100
syn-cora-h0.00-r1,LabelStratifiedKFold,0,5,GCN,100,110,10,1.4529857635498047,0.3590604066848755,1.547979474067688,0.2651006579399109,True,100
syn-cora-h0.00-r1,LabelStratifiedKFold,0,5,GCN,101,112,12,1.4671869277954102,0.3724832236766815,1.5655707120895386,0.3087248206138611,True,100
syn-cora-h0.00-r1,StratifiedKFoldDynamic_Degree_b300,0,2,GCN,100,108,8,1.5121980905532837,0.34228187799453735,1.4874603748321533,0.34899330139160156,True,100
syn-cora-h0.00-r1,StratifiedKFoldDynamic_Degree_b300,0,1,GCN,100,111,11,1.4586377143859863,0.3758389353752136,1.470322847366333,0.3758389353752136,True,100
syn-cora-h0.00-r1,StratifiedKFoldDynamic_Degree_b300,0,2,GCN,101,109,9,1.4958983659744263,0.3523489832878113,1.4647266864776611,0.3624161183834076,True,100
syn-cora-h0.00-r1,StratifiedKFoldDynamic_Degree_b300,0,1,GCN,101,111,11,1.4417290687561035,0.4060402810573578,1.478383183479309,0.39261746406555176,True,100
syn-cora-h0.00-r1,StratifiedKFoldDynamic_Degree_b300,0,3,GCN,100,110,10,1.4467015266418457,0.3523489832878113,1.4839000701904297,0.3724832236766815,True,100
syn-cora-h0.00-r1,StratifiedKFoldDynamic_Degree_b300,0,3,GCN,101,111,11,1.4711334705352783,0.3557046949863434,1.4789228439331055,0.3590604066848755,True,100
syn-cora-h0.00-r1,StratifiedKFoldDynamic_Degree_b300,0,4,GCN,100,111,11,1.4508886337280273,0.37919461727142334,1.4680813550949097,0.3657718002796173,True,100
syn-cora-h0.00-r1,StratifiedKFoldDynamic_Degree_b300,0,4,GCN,101,113,13,1.4273418188095093,0.4026845693588257,1.4872994422912598,0.3724832236766815,True,100
syn-cora-h0.00-r1,StratifiedKFoldDynamic_Degree_b300,0,5,GCN,100,109,9,1.4871692657470703,0.3288590610027313,1.482364296913147,0.3657718002796173,True,100
syn-cora-h0.00-r1,StratifiedKFoldDynamic_Degree_b300,0,5,GCN,101,111,11,1.4964942932128906,0.3624161183834076,1.4583747386932373,0.4161073863506317,True,100
syn-cora-h0.00-r1,StratifiedKFoldDynamic_NeighHet_b100,0,1,GCN,101,110,10,1.4773396253585815,0.3523489832878113,1.4335521459579468,0.3691275119781494,True,100
syn-cora-h0.00-r1,StratifiedKFoldDynamic_NeighHet_b100,0,1,GCN,100,110,10,1.4798794984817505,0.34563758969306946,1.4397095441818237,0.3758389353752136,True,100
syn-cora-h0.00-r1,StratifiedKFoldDynamic_NeighHet_b100,0,2,GCN,101,110,10,1.4958215951919556,0.3624161183834076,1.5060311555862427,0.3557046949863434,True,100
syn-cora-h0.00-r1,StratifiedKFoldDynamic_NeighHet_b100,0,2,GCN,100,109,9,1.503519892692566,0.34228187799453735,1.4947009086608887,0.34563758969306946,True,100
syn-cora-h0.00-r1,StratifiedKFoldDynamic_NeighHet_b100,0,3,GCN,100,108,8,1.4957891702651978,0.3557046949863434,1.4893404245376587,0.34899330139160156,True,100
syn-cora-h0.00-r1,StratifiedKFoldDynamic_NeighHet_b100,0,3,GCN,101,111,11,1.5038143396377563,0.33892616629600525,1.4872725009918213,0.3590604066848755,True,100
syn-cora-h0.00-r1,StratifiedKFoldDynamic_NeighHet_b100,0,4,GCN,100,109,9,1.4573380947113037,0.39261746406555176,1.5037389993667603,0.3322147727012634,True,100
syn-cora-h0.00-r1,StratifiedKFoldDynamic_NeighHet_b100,0,4,GCN,101,112,12,1.4311639070510864,0.3959731459617615,1.5027097463607788,0.33892616629600525,True,100
syn-cora-h0.00-r1,StratifiedKFoldDynamic_NeighHet_b100,0,5,GCN,100,110,10,1.464701533317566,0.3590604066848755,1.4895589351654053,0.38926175236701965,True,100
syn-cora-h0.00-r1,StratifiedKFoldDynamic_NeighHet_b100,0,5,GCN,101,111,11,1.4672694206237793,0.3557046949863434,1.4738703966140747,0.3959731459617615,True,100
syn-cora-h0.00-r1,StratifiedKFoldDynamic_PageRank_b300,0,2,GCN,100,111,11,1.4655134677886963,0.3557046949863434,1.5074750185012817,0.33892616629600525,True,100
syn-cora-h0.00-r1,StratifiedKFoldDynamic_PageRank_b300,0,1,GCN,100,109,9,1.4909090995788574,0.33892616629600525,1.4602010250091553,0.3657718002796173,True,100
syn-cora-h0.00-r1,StratifiedKFoldDynamic_PageRank_b300,0,1,GCN,101,110,10,1.5024381875991821,0.34228187799453735,1.4640504121780396,0.34899330139160156,True,100
syn-cora-h0.00-r1,StratifiedKFoldDynamic_PageRank_b300,0,2,GCN,101,111,11,1.4411766529083252,0.3657718002796173,1.519133448600769,0.3288590610027313,True,100
syn-cora-h0.00-r1,StratifiedKFoldDynamic_PageRank_b300,0,3,GCN,100,108,8,1.5069669485092163,0.30536913871765137,1.4997328519821167,0.34899330139160156,True,100
syn-cora-h0.00-r1,StratifiedKFoldDynamic_PageRank_b300,0,4,GCN,100,110,10,1.4474396705627441,0.38590604066848755,1.4900778532028198,0.33557048439979553,True,100
syn-cora-h0.00-r1,StratifiedKFoldDynamic_PageRank_b300,0,3,GCN,101,112,12,1.482134222984314,0.3322147727012634,1.4708306789398193,0.33557048439979553,True,100
syn-cora-h0.00-r1,StratifiedKFoldDynamic_PageRank_b300,0,4,GCN,101,110,10,1.4682518243789673,0.3288590610027313,1.4704620838165283,0.3624161183834076,True,100
syn-cora-h0.00-r1,StratifiedKFoldDynamic_PageRank_b300,0,5,GCN,100,110,10,1.464876651763916,0.3523489832878113,1.4724178314208984,0.3523489832878113,True,100
syn-cora-h0.00-r1,StratifiedKFoldDynamic_PageRank_b300,0,5,GCN,101,112,12,1.470784306526184,0.34899330139160156,1.4818408489227295,0.3322147727012634,True,100
syn-cora-h0.00-r1,StratifiedKFoldDynamic_EigCentrality_b300,0,1,GCN,100,108,8,1.5032603740692139,0.3221476376056671,1.474892258644104,0.3624161183834076,True,100
syn-cora-h0.00-r1,StratifiedKFoldDynamic_EigCentrality_b300,0,2,GCN,101,111,11,1.4847668409347534,0.34899330139160156,1.4900916814804077,0.34563758969306946,True,100
syn-cora-h0.00-r1,StratifiedKFoldDynamic_EigCentrality_b300,0,2,GCN,100,111,11,1.4940197467803955,0.3322147727012634,1.4856904745101929,0.3288590610027313,True,100
syn-cora-h0.00-r1,StratifiedKFoldDynamic_EigCentrality_b300,0,1,GCN,101,111,11,1.5024969577789307,0.3120805323123932,1.4582945108413696,0.3590604066848755,True,100
syn-cora-h0.00-r1,StratifiedKFoldDynamic_EigCentrality_b300,0,4,GCN,100,108,8,1.5046156644821167,0.3624161183834076,1.47197687625885,0.3724832236766815,True,100
syn-cora-h0.00-r1,StratifiedKFoldDynamic_EigCentrality_b300,0,3,GCN,100,111,11,1.4554665088653564,0.38926175236701965,1.5169867277145386,0.3255033493041992,True,100
syn-cora-h0.00-r1,StratifiedKFoldDynamic_EigCentrality_b300,0,4,GCN,101,109,9,1.493393898010254,0.37919461727142334,1.4688163995742798,0.3758389353752136,True,100
syn-cora-h0.00-r1,StratifiedKFoldDynamic_EigCentrality_b300,0,3,GCN,101,112,12,1.4594706296920776,0.4093959629535675,1.5220060348510742,0.3322147727012634,True,100
syn-cora-h0.00-r1,StratifiedKFoldDynamic_EigCentrality_b300,0,5,GCN,100,111,11,1.469407558441162,0.34228187799453735,1.515343427658081,0.3523489832878113,True,100
syn-cora-h0.00-r1,StratifiedKFoldDynamic_EigCentrality_b300,0,5,GCN,101,113,13,1.4374334812164307,0.3657718002796173,1.5338366031646729,0.3657718002796173,True,100
syn-cora-h0.00-r1,StratifiedKFoldDynamic_Clustering_b300,0,1,GCN,100,108,8,1.5244325399398804,0.29865771532058716,1.5008865594863892,0.3523489832878113,True,100
syn-cora-h0.00-r1,StratifiedKFoldDynamic_Clustering_b300,0,1,GCN,101,108,8,1.5173417329788208,0.3288590610027313,1.5024709701538086,0.3322147727012634,True,100
syn-cora-h0.00-r1,StratifiedKFoldDynamic_Clustering_b300,0,2,GCN,101,111,11,1.4402912855148315,0.3758389353752136,1.5006831884384155,0.34563758969306946,True,100
syn-cora-h0.00-r1,StratifiedKFoldDynamic_Clustering_b300,0,2,GCN,100,110,10,1.474708080291748,0.33557048439979553,1.5119487047195435,0.30536913871765137,True,100
syn-cora-h0.00-r1,StratifiedKFoldDynamic_Clustering_b300,0,3,GCN,100,110,10,1.4950814247131348,0.3120805323123932,1.4932267665863037,0.3590604066848755,True,100
syn-cora-h0.00-r1,StratifiedKFoldDynamic_Clustering_b300,0,3,GCN,101,110,10,1.497410774230957,0.3221476376056671,1.4720510244369507,0.34899330139160156,True,100
syn-cora-h0.00-r1,StratifiedKFoldDynamic_Clustering_b300,0,4,GCN,100,110,10,1.4860390424728394,0.3523489832878113,1.4883027076721191,0.3288590610027313,True,100
syn-cora-h0.00-r1,StratifiedKFoldDynamic_Clustering_b300,0,4,GCN,101,110,10,1.483904242515564,0.3758389353752136,1.4904345273971558,0.3322147727012634,True,100
syn-cora-h0.00-r1,StratifiedKFoldDynamic_Clustering_b300,0,5,GCN,100,109,9,1.4779547452926636,0.33892616629600525,1.484221339225769,0.34899330139160156,True,100
syn-cora-h0.00-r1,StratifiedKFoldDynamic_Clustering_b300,0,5,GCN,101,111,11,1.4821417331695557,0.3657718002796173,1.4869314432144165,0.3624161183834076,True,100
syn-cora-h0.00-r1,RandomKFold,1,1,GCN,100,110,10,1.4896308183670044,0.34228187799453735,1.5314395427703857,0.30201342701911926,True,100
syn-cora-h0.00-r1,RandomKFold,1,1,GCN,101,110,10,1.4939966201782227,0.33557048439979553,1.5160605907440186,0.3087248206138611,True,100
syn-cora-h0.00-r1,RandomKFold,1,2,GCN,101,111,11,1.418452501296997,0.4060402810573578,1.5204088687896729,0.29530200362205505,True,100
syn-cora-h0.00-r1,RandomKFold,1,2,GCN,100,113,13,1.423060655593872,0.4026845693588257,1.5147267580032349,0.30201342701911926,True,100
syn-cora-h0.00-r1,RandomKFold,1,3,GCN,100,109,9,1.4894754886627197,0.34563758969306946,1.4515241384506226,0.4194630980491638,True,100
syn-cora-h0.00-r1,RandomKFold,1,3,GCN,101,110,10,1.4970680475234985,0.3557046949863434,1.4390528202056885,0.4026845693588257,True,100
syn-cora-h0.00-r1,RandomKFold,1,4,GCN,100,110,10,1.4480544328689575,0.34563758969306946,1.4837031364440918,0.34228187799453735,True,100
syn-cora-h0.00-r1,RandomKFold,1,4,GCN,101,112,12,1.435843586921692,0.4026845693588257,1.482753872871399,0.3523489832878113,True,100
syn-cora-h0.00-r1,RandomKFold,1,5,GCN,100,108,8,1.540095329284668,0.29194632172584534,1.4653215408325195,0.3959731459617615,True,100
syn-cora-h0.00-r1,RandomKFold,1,5,GCN,101,108,8,1.5439167022705078,0.2751677930355072,1.469584345817566,0.39261746406555176,True,100
syn-cora-h0.00-r1,LabelStratifiedKFold,1,2,GCN,100,109,9,1.4869223833084106,0.3523489832878113,1.4808107614517212,0.3087248206138611,True,100
syn-cora-h0.00-r1,LabelStratifiedKFold,1,1,GCN,101,111,11,1.4558907747268677,0.3557046949863434,1.481224775314331,0.3657718002796173,True,100
syn-cora-h0.00-r1,LabelStratifiedKFold,1,2,GCN,101,111,11,1.47637939453125,0.34899330139160156,1.4815423488616943,0.33892616629600525,True,100
syn-cora-h0.00-r1,LabelStratifiedKFold,1,1,GCN,100,111,11,1.4483872652053833,0.3691275119781494,1.4773999452590942,0.3590604066848755,True,100
syn-cora-h0.00-r1,LabelStratifiedKFold,1,3,GCN,100,110,10,1.4652539491653442,0.3657718002796173,1.4475985765457153,0.39261746406555176,True,100
syn-cora-h0.00-r1,LabelStratifiedKFold,1,4,GCN,100,108,8,1.5276100635528564,0.29865771532058716,1.4917664527893066,0.3624161183834076,True,100
syn-cora-h0.00-r1,LabelStratifiedKFold,1,4,GCN,101,109,9,1.525039792060852,0.3154362440109253,1.4952588081359863,0.3624161183834076,True,100
syn-cora-h0.00-r1,LabelStratifiedKFold,1,3,GCN,101,112,12,1.4523946046829224,0.3724832236766815,1.4222379922866821,0.38590604066848755,True,100
syn-cora-h0.00-r1,LabelStratifiedKFold,1,5,GCN,101,110,10,1.4477143287658691,0.38255032896995544,1.493260383605957,0.37919461727142334,True,100
syn-cora-h0.00-r1,LabelStratifiedKFold,1,5,GCN,100,111,11,1.455810308456421,0.3557046949863434,1.5072842836380005,0.33557048439979553,True,100
syn-cora-h0.00-r1,StratifiedKFoldDynamic_Degree_b300,1,2,GCN,100,109,9,1.478955626487732,0.3255033493041992,1.477284550666809,0.39261746406555176,True,100
syn-cora-h0.00-r1,StratifiedKFoldDynamic_Degree_b300,1,1,GCN,101,110,10,1.4965850114822388,0.34899330139160156,1.4795347452163696,0.34899330139160156,True,100
syn-cora-h0.00-r1,StratifiedKFoldDynamic_Degree_b300,1,1,GCN,100,110,10,1.4868251085281372,0.34563758969306946,1.4728248119354248,0.30536913871765137,True,100
syn-cora-h0.00-r1,StratifiedKFoldDynamic_Degree_b300,1,2,GCN,101,110,10,1.478987216949463,0.33892616629600525,1.4736425876617432,0.39261746406555176,True,100
syn-cora-h0.00-r1,StratifiedKFoldDynamic_Degree_b300,1,3,GCN,100,109,9,1.5021305084228516,0.3724832236766815,1.5002270936965942,0.30536913871765137,True,100
syn-cora-h0.00-r1,StratifiedKFoldDynamic_Degree_b300,1,3,GCN,101,110,10,1.4772493839263916,0.3724832236766815,1.494145393371582,0.3187919557094574,True,100
syn-cora-h0.00-r1,StratifiedKFoldDynamic_Degree_b300,1,4,GCN,100,110,10,1.4862632751464844,0.3758389353752136,1.4938080310821533,0.3758389353752136,True,100
syn-cora-h0.00-r1,StratifiedKFoldDynamic_Degree_b300,1,4,GCN,101,112,12,1.483086347579956,0.38590604066848755,1.478664755821228,0.37919461727142334,True,100
syn-cora-h0.00-r1,StratifiedKFoldDynamic_Degree_b300,1,5,GCN,100,110,10,1.4746538400650024,0.37919461727142334,1.4927384853363037,0.33557048439979553,True,100
syn-cora-h0.00-r1,StratifiedKFoldDynamic_Degree_b300,1,5,GCN,101,112,12,1.4772741794586182,0.4026845693588257,1.4930850267410278,0.3523489832878113,True,100
syn-cora-h0.00-r1,StratifiedKFoldDynamic_NeighHet_b100,1,2,GCN,101,110,10,1.4841392040252686,0.38255032896995544,1.496775507926941,0.3288590610027313,True,100
syn-cora-h0.00-r1,StratifiedKFoldDynamic_NeighHet_b100,1,1,GCN,100,109,9,1.5014708042144775,0.3221476376056671,1.4873647689819336,0.3557046949863434,True,100
syn-cora-h0.00-r1,StratifiedKFoldDynamic_NeighHet_b100,1,2,GCN,100,109,9,1.4947999715805054,0.3691275119781494,1.493503212928772,0.34899330139160156,True,100
syn-cora-h0.00-r1,StratifiedKFoldDynamic_NeighHet_b100,1,1,GCN,101,111,11,1.4961841106414795,0.33892616629600525,1.4765530824661255,0.33892616629600525,True,100
syn-cora-h0.00-r1,StratifiedKFoldDynamic_NeighHet_b100,1,4,GCN,100,110,10,1.506400227546692,0.3221476376056671,1.4689066410064697,0.38255032896995544,True,100
syn-cora-h0.00-r1,StratifiedKFoldDynamic_NeighHet_b100,1,3,GCN,100,110,10,1.487404704093933,0.33557048439979553,1.4854601621627808,0.33557048439979553,True,100
syn-cora-h0.00-r1,StratifiedKFoldDynamic_NeighHet_b100,1,3,GCN,101,110,10,1.4903665781021118,0.3691275119781494,1.4648288488388062,0.3691275119781494,True,100
syn-cora-h0.00-r1,StratifiedKFoldDynamic_NeighHet_b100,1,4,GCN,101,108,8,1.5197774171829224,0.34228187799453735,1.4873101711273193,0.3624161183834076,True,100
syn-cora-h0.00-r1,StratifiedKFoldDynamic_NeighHet_b100,1,5,GCN,100,109,9,1.4582624435424805,0.34563758969306946,1.5102823972702026,0.33892616629600525,True,100
syn-cora-h0.00-r1,StratifiedKFoldDynamic_NeighHet_b100,1,5,GCN,101,111,11,1.4584977626800537,0.3590604066848755,1.5127791166305542,0.3624161183834076,True,100
syn-cora-h0.00-r1,StratifiedKFoldDynamic_PageRank_b300,1,2,GCN,100,110,10,1.4813475608825684,0.34228187799453735,1.4560819864273071,0.3959731459617615,True,100
syn-cora-h0.00-r1,StratifiedKFoldDynamic_PageRank_b300,1,1,GCN,100,111,11,1.4586329460144043,0.3758389353752136,1.5363775491714478,0.3288590610027313,True,100
syn-cora-h0.00-r1,StratifiedKFoldDynamic_PageRank_b300,1,2,GCN,101,112,12,1.481665849685669,0.3590604066848755,1.4420896768569946,0.38255032896995544,True,100
syn-cora-h0.00-r1,StratifiedKFoldDynamic_PageRank_b300,1,1,GCN,101,112,12,1.4502867460250854,0.3657718002796173,1.5432605743408203,0.3187919557094574,True,100
syn-cora-h0.00-r1,StratifiedKFoldDynamic_PageRank_b300,1,4,GCN,100,107,7,1.5242853164672852,0.29865771532058716,1.4930524826049805,0.37919461727142334,True,100
syn-cora-h0.00-r1,StratifiedKFoldDynamic_PageRank_b300,1,3,GCN,100,112,12,1.4901572465896606,0.33557048439979553,1.507812261581421,0.3657718002796173,True,100
syn-cora-h0.00-r1,StratifiedKFoldDynamic_PageRank_b300,1,4,GCN,101,108,8,1.5349235534667969,0.29865771532058716,1.4703327417373657,0.38255032896995544,True,100
syn-cora-h0.00-r1,StratifiedKFoldDynamic_PageRank_b300,1,3,GCN,101,113,13,1.467550277709961,0.3758389353752136,1.4879071712493896,0.39261746406555176,True,100
syn-cora-h0.00-r1,StratifiedKFoldDynamic_PageRank_b300,1,5,GCN,100,109,9,1.511821985244751,0.3288590610027313,1.523282527923584,0.3255033493041992,True,100
syn-cora-h0.00-r1,StratifiedKFoldDynamic_PageRank_b300,1,5,GCN,101,111,11,1.5024012327194214,0.3624161183834076,1.5401620864868164,0.3288590610027313,True,100
syn-cora-h0.00-r1,StratifiedKFoldDynamic_EigCentrality_b300,1,1,GCN,100,111,11,1.4689879417419434,0.34899330139160156,1.482250690460205,0.3322147727012634,True,100
syn-cora-h0.00-r1,StratifiedKFoldDynamic_EigCentrality_b300,1,2,GCN,100,110,10,1.478880763053894,0.33557048439979553,1.4768435955047607,0.3557046949863434,True,100
syn-cora-h0.00-r1,StratifiedKFoldDynamic_EigCentrality_b300,1,2,GCN,101,112,12,1.4790881872177124,0.3557046949863434,1.482180118560791,0.34563758969306946,True,100
syn-cora-h0.00-r1,StratifiedKFoldDynamic_EigCentrality_b300,1,1,GCN,101,112,12,1.454156517982483,0.38590604066848755,1.47996187210083,0.3120805323123932,True,100
syn-cora-h0.00-r1,StratifiedKFoldDynamic_EigCentrality_b300,1,3,GCN,100,108,8,1.5026588439941406,0.3154362440109253,1.4748399257659912,0.3624161183834076,True,100
syn-cora-h0.00-r1,StratifiedKFoldDynamic_EigCentrality_b300,1,3,GCN,101,111,11,1.4945428371429443,0.33557048439979553,1.4757155179977417,0.3724832236766815,True,100
syn-cora-h0.00-r1,StratifiedKFoldDynamic_EigCentrality_b300,1,4,GCN,100,109,9,1.4885070323944092,0.3288590610027313,1.5079190731048584,0.3221476376056671,True,100
syn-cora-h0.00-r1,StratifiedKFoldDynamic_EigCentrality_b300,1,4,GCN,101,110,10,1.4724421501159668,0.3288590610027313,1.4917548894882202,0.3255033493041992,True,100
syn-cora-h0.00-r1,StratifiedKFoldDynamic_EigCentrality_b300,1,5,GCN,100,110,10,1.4781635999679565,0.33557048439979553,1.4715149402618408,0.33892616629600525,True,100
syn-cora-h0.00-r1,StratifiedKFoldDynamic_EigCentrality_b300,1,5,GCN,101,111,11,1.4749759435653687,0.33557048439979553,1.4652212858200073,0.33892616629600525,True,100
syn-cora-h0.00-r1,StratifiedKFoldDynamic_Clustering_b300,1,2,GCN,101,110,10,1.4887912273406982,0.3087248206138611,1.4795079231262207,0.33892616629600525,True,100
syn-cora-h0.00-r1,StratifiedKFoldDynamic_Clustering_b300,1,1,GCN,101,109,9,1.4763590097427368,0.3590604066848755,1.4751747846603394,0.3691275119781494,True,100
syn-cora-h0.00-r1,StratifiedKFoldDynamic_Clustering_b300,1,2,GCN,100,109,9,1.4951108694076538,0.3322147727012634,1.4781556129455566,0.3120805323123932,True,100
syn-cora-h0.00-r1,StratifiedKFoldDynamic_Clustering_b300,1,1,GCN,100,110,10,1.474467396736145,0.3288590610027313,1.4691075086593628,0.34563758969306946,True,100
syn-cora-h0.00-r1,StratifiedKFoldDynamic_Clustering_b300,1,3,GCN,101,111,11,1.4552477598190308,0.37919461727142334,1.485791563987732,0.3255033493041992,True,100
syn-cora-h0.00-r1,StratifiedKFoldDynamic_Clustering_b300,1,3,GCN,100,111,11,1.4548698663711548,0.37919461727142334,1.5003386735916138,0.33557048439979553,True,100
syn-cora-h0.00-r1,StratifiedKFoldDynamic_Clustering_b300,1,4,GCN,100,111,11,1.4371763467788696,0.38590604066848755,1.4596571922302246,0.3657718002796173,True,100
syn-cora-h0.00-r1,StratifiedKFoldDynamic_Clustering_b300,1,4,GCN,101,112,12,1.4514963626861572,0.4026845693588257,1.4617376327514648,0.3758389353752136,True,100
syn-cora-h0.00-r1,StratifiedKFoldDynamic_Clustering_b300,1,5,GCN,100,110,10,1.487766981124878,0.3624161183834076,1.4370120763778687,0.38590604066848755,True,100
syn-cora-h0.00-r1,StratifiedKFoldDynamic_Clustering_b300,1,5,GCN,101,111,11,1.4737520217895508,0.3557046949863434,1.4646618366241455,0.3758389353752136,True,100
syn-cora-h0.00-r1,RandomKFold,2,2,GCN,100,108,8,1.4787160158157349,0.3590604066848755,1.506407380104065,0.3221476376056671,True,100
syn-cora-h0.00-r1,RandomKFold,2,1,GCN,100,110,10,1.5077226161956787,0.3221476376056671,1.481932520866394,0.3657718002796173,True,100
syn-cora-h0.00-r1,RandomKFold,2,1,GCN,101,110,10,1.508791208267212,0.3221476376056671,1.4589496850967407,0.3959731459617615,True,100
syn-cora-h0.00-r1,RandomKFold,2,2,GCN,101,112,12,1.4813109636306763,0.3322147727012634,1.5197820663452148,0.3221476376056671,True,100
syn-cora-h0.00-r1,RandomKFold,2,3,GCN,100,111,11,1.4934899806976318,0.38926175236701965,1.4963011741638184,0.3523489832878113,True,100
syn-cora-h0.00-r1,RandomKFold,2,4,GCN,100,112,12,1.4407529830932617,0.37919461727142334,1.509184718132019,0.34563758969306946,True,100
syn-cora-h0.00-r1,RandomKFold,2,3,GCN,101,112,12,1.4743794202804565,0.37919461727142334,1.4882487058639526,0.3255033493041992,True,100
syn-cora-h0.00-r1,RandomKFold,2,4,GCN,101,113,13,1.452401876449585,0.3624161183834076,1.4964487552642822,0.3590604066848755,True,100
syn-cora-h0.00-r1,RandomKFold,2,5,GCN,100,110,10,1.493386149406433,0.3624161183834076,1.448146104812622,0.37919461727142334,True,100
syn-cora-h0.00-r1,RandomKFold,2,5,GCN,101,111,11,1.479565978050232,0.38926175236701965,1.4448466300964355,0.38590604066848755,True,100
syn-cora-h0.00-r1,LabelStratifiedKFold,2,1,GCN,100,111,11,1.4269442558288574,0.4127516746520996,1.5363743305206299,0.3087248206138611,True,100
syn-cora-h0.00-r1,LabelStratifiedKFold,2,2,GCN,100,110,10,1.4819592237472534,0.3691275119781494,1.4520293474197388,0.34228187799453735,True,100
syn-cora-h0.00-r1,LabelStratifiedKFold,2,1,GCN,101,112,12,1.40940523147583,0.4093959629535675,1.5403414964675903,0.34563758969306946,True,100
syn-cora-h0.00-r1,LabelStratifiedKFold,2,2,GCN,101,112,12,1.491944432258606,0.38926175236701965,1.4296208620071411,0.37919461727142334,True,100
syn-cora-h0.00-r1,LabelStratifiedKFold,2,3,GCN,100,110,10,1.460480809211731,0.3557046949863434,1.47361421585083,0.3590604066848755,True,100
syn-cora-h0.00-r1,LabelStratifiedKFold,2,3,GCN,101,112,12,1.4408267736434937,0.3624161183834076,1.4818073511123657,0.33892616629600525,True,100
syn-cora-h0.00-r1,LabelStratifiedKFold,2,4,GCN,100,109,9,1.491666316986084,0.3221476376056671,1.4547929763793945,0.38590604066848755,True,100
syn-cora-h0.00-r1,LabelStratifiedKFold,2,4,GCN,101,110,10,1.498376727104187,0.3221476376056671,1.4594075679779053,0.3624161183834076,True,100
syn-cora-h0.00-r1,LabelStratifiedKFold,2,5,GCN,100,108,8,1.5153744220733643,0.29530200362205505,1.4828342199325562,0.34228187799453735,True,100
syn-cora-h0.00-r1,LabelStratifiedKFold,2,5,GCN,101,108,8,1.5252867937088013,0.3120805323123932,1.4950006008148193,0.30201342701911926,True,100
syn-cora-h0.00-r1,StratifiedKFoldDynamic_Degree_b300,2,2,GCN,100,110,10,1.4657530784606934,0.3087248206138611,1.4536765813827515,0.33557048439979553,True,100
syn-cora-h0.00-r1,StratifiedKFoldDynamic_Degree_b300,2,2,GCN,101,112,12,1.470314621925354,0.3590604066848755,1.456147313117981,0.3590604066848755,True,100
syn-cora-h0.00-r1,StratifiedKFoldDynamic_Degree_b300,2,1,GCN,100,110,10,1.480637788772583,0.34228187799453735,1.5128344297409058,0.3288590610027313,True,100
syn-cora-h0.00-r1,StratifiedKFoldDynamic_Degree_b300,2,1,GCN,101,111,11,1.4791563749313354,0.3657718002796173,1.5223957300186157,0.34228187799453735,True,100
syn-cora-h0.00-r1,StratifiedKFoldDynamic_Degree_b300,2,3,GCN,100,109,9,1.4809935092926025,0.3758389353752136,1.4853599071502686,0.33892616629600525,True,100
syn-cora-h0.00-r1,StratifiedKFoldDynamic_Degree_b300,2,4,GCN,100,111,11,1.4862712621688843,0.34899330139160156,1.4702394008636475,0.3657718002796173,True,100
syn-cora-h0.00-r1,StratifiedKFoldDynamic_Degree_b300,2,3,GCN,101,112,12,1.48891282081604,0.4026845693588257,1.5157150030136108,0.3691275119781494,True,100
syn-cora-h0.00-r1,StratifiedKFoldDynamic_Degree_b300,2,4,GCN,101,110,10,1.4890501499176025,0.3288590610027313,1.4578076601028442,0.37919461727142334,True,100
syn-cora-h0.00-r1,StratifiedKFoldDynamic_Degree_b300,2,5,GCN,100,110,10,1.5029007196426392,0.3523489832878113,1.4797663688659668,0.3523489832878113,True,100
syn-cora-h0.00-r1,StratifiedKFoldDynamic_Degree_b300,2,5,GCN,101,109,9,1.5002655982971191,0.3691275119781494,1.5015404224395752,0.34228187799453735,True,100
syn-cora-h0.00-r1,StratifiedKFoldDynamic_NeighHet_b100,2,1,GCN,101,110,10,1.471357822418213,0.34899330139160156,1.4402658939361572,0.38255032896995544,True,100
syn-cora-h0.00-r1,StratifiedKFoldDynamic_NeighHet_b100,2,2,GCN,100,110,10,1.4941779375076294,0.34563758969306946,1.4585987329483032,0.3523489832878113,True,100
syn-cora-h0.00-r1,StratifiedKFoldDynamic_NeighHet_b100,2,1,GCN,100,110,10,1.4664353132247925,0.3523489832878113,1.4605389833450317,0.3255033493041992,True,100
syn-cora-h0.00-r1,StratifiedKFoldDynamic_NeighHet_b100,2,2,GCN,101,110,10,1.4892228841781616,0.3255033493041992,1.4674943685531616,0.3590604066848755,True,100
syn-cora-h0.00-r1,StratifiedKFoldDynamic_NeighHet_b100,2,3,GCN,100,111,11,1.4496290683746338,0.4026845693588257,1.508337140083313,0.3523489832878113,True,100
syn-cora-h0.00-r1,StratifiedKFoldDynamic_NeighHet_b100,2,4,GCN,101,111,11,1.4964873790740967,0.3322147727012634,1.43934166431427,0.4026845693588257,True,100
syn-cora-h0.00-r1,StratifiedKFoldDynamic_NeighHet_b100,2,4,GCN,100,108,8,1.495242953300476,0.34899330139160156,1.477435827255249,0.3657718002796173,True,100
syn-cora-h0.00-r1,StratifiedKFoldDynamic_NeighHet_b100,2,3,GCN,101,112,12,1.442543625831604,0.3758389353752136,1.505438208580017,0.30536913871765137,True,100
syn-cora-h0.00-r1,StratifiedKFoldDynamic_NeighHet_b100,2,5,GCN,100,111,11,1.4559578895568848,0.3557046949863434,1.4924010038375854,0.38255032896995544,True,100
syn-cora-h0.00-r1,StratifiedKFoldDynamic_NeighHet_b100,2,5,GCN,101,112,12,1.4492031335830688,0.3724832236766815,1.5047516822814941,0.3758389353752136,True,100
syn-cora-h0.00-r1,StratifiedKFoldDynamic_PageRank_b300,2,1,GCN,100,110,10,1.4727879762649536,0.3758389353752136,1.4884363412857056,0.3322147727012634,True,100
syn-cora-h0.00-r1,StratifiedKFoldDynamic_PageRank_b300,2,1,GCN,101,110,10,1.469443440437317,0.3758389353752136,1.4864329099655151,0.34228187799453735,True,100
syn-cora-h0.00-r1,StratifiedKFoldDynamic_PageRank_b300,2,2,GCN,100,111,11,1.487776756286621,0.3657718002796173,1.4537099599838257,0.4026845693588257,True,100
syn-cora-h0.00-r1,StratifiedKFoldDynamic_PageRank_b300,2,2,GCN,101,111,11,1.4708960056304932,0.3691275119781494,1.4602394104003906,0.4127516746520996,True,100
syn-cora-h0.00-r1,StratifiedKFoldDynamic_PageRank_b300,2,3,GCN,100,109,9,1.4611761569976807,0.38590604066848755,1.4851435422897339,0.3255033493041992,True,100
syn-cora-h0.00-r1,StratifiedKFoldDynamic_PageRank_b300,2,4,GCN,100,109,9,1.500654697418213,0.3322147727012634,1.4824113845825195,0.3523489832878113,True,100
syn-cora-h0.00-r1,StratifiedKFoldDynamic_PageRank_b300,2,3,GCN,101,111,11,1.477561354637146,0.3557046949863434,1.4837249517440796,0.34899330139160156,True,100
syn-cora-h0.00-r1,StratifiedKFoldDynamic_PageRank_b300,2,4,GCN,101,110,10,1.4816635847091675,0.3154362440109253,1.4817641973495483,0.3590604066848755,True,100
syn-cora-h0.00-r1,StratifiedKFoldDynamic_PageRank_b300,2,5,GCN,100,111,11,1.4407562017440796,0.4161073863506317,1.4685642719268799,0.34228187799453735,True,100
syn-cora-h0.00-r1,StratifiedKFoldDynamic_PageRank_b300,2,5,GCN,101,112,12,1.4432202577590942,0.37919461727142334,1.4637038707733154,0.3657718002796173,True,100
syn-cora-h0.00-r1,StratifiedKFoldDynamic_EigCentrality_b300,2,1,GCN,100,110,10,1.4550392627716064,0.3993288576602936,1.4990127086639404,0.3187919557094574,True,100
syn-cora-h0.00-r1,StratifiedKFoldDynamic_EigCentrality_b300,2,2,GCN,100,109,9,1.4761085510253906,0.34228187799453735,1.4703611135482788,0.3590604066848755,True,100
syn-cora-h0.00-r1,StratifiedKFoldDynamic_EigCentrality_b300,2,1,GCN,101,111,11,1.4665104150772095,0.38926175236701965,1.4858185052871704,0.3288590610027313,True,100
syn-cora-h0.00-r1,StratifiedKFoldDynamic_EigCentrality_b300,2,2,GCN,101,110,10,1.46697199344635,0.38255032896995544,1.4793579578399658,0.34563758969306946,True,100
syn-cora-h0.00-r1,StratifiedKFoldDynamic_EigCentrality_b300,2,3,GCN,100,109,9,1.502220869064331,0.33557048439979553,1.4733730554580688,0.3590604066848755,True,100
syn-cora-h0.00-r1,StratifiedKFoldDynamic_EigCentrality_b300,2,3,GCN,101,110,10,1.4980744123458862,0.34563758969306946,1.4740867614746094,0.3590604066848755,True,100
syn-cora-h0.00-r1,StratifiedKFoldDynamic_EigCentrality_b300,2,4,GCN,100,111,11,1.4931763410568237,0.34563758969306946,1.520166277885437,0.3221476376056671,True,100
syn-cora-h0.00-r1,StratifiedKFoldDynamic_EigCentrality_b300,2,4,GCN,101,113,13,1.460012674331665,0.3624161183834076,1.5201843976974487,0.3288590610027313,True,100
syn-cora-h0.00-r1,StratifiedKFoldDynamic_EigCentrality_b300,2,5,GCN,100,109,9,1.5022653341293335,0.33892616629600525,1.4875550270080566,0.3322147727012634,True,100
syn-cora-h0.00-r1,StratifiedKFoldDynamic_EigCentrality_b300,2,5,GCN,101,110,10,1.5039465427398682,0.34563758969306946,1.4649698734283447,0.38590604066848755,True,100
syn-cora-h0.00-r1,StratifiedKFoldDynamic_Clustering_b300,2,1,GCN,100,107,7,1.5225448608398438,0.3255033493041992,1.4959917068481445,0.3691275119781494,True,100
syn-cora-h0.00-r1,StratifiedKFoldDynamic_Clustering_b300,2,1,GCN,101,107,7,1.5217362642288208,0.3120805323123932,1.4874112606048584,0.3758389353752136,True,100
syn-cora-h0.00-r1,StratifiedKFoldDynamic_Clustering_b300,2,2,GCN,100,110,10,1.4713211059570312,0.3758389353752136,1.5189212560653687,0.3288590610027313,True,100
syn-cora-h0.00-r1,StratifiedKFoldDynamic_Clustering_b300,2,2,GCN,101,112,12,1.4526727199554443,0.34228187799453735,1.5315619707107544,0.33557048439979553,True,100
syn-cora-h0.00-r1,StratifiedKFoldDynamic_Clustering_b300,2,4,GCN,101,109,9,1.4799996614456177,0.34899330139160156,1.4713441133499146,0.3624161183834076,True,100
syn-cora-h0.00-r1,StratifiedKFoldDynamic_Clustering_b300,2,3,GCN,100,111,11,1.4635342359542847,0.3691275119781494,1.4636025428771973,0.3557046949863434,True,100
syn-cora-h0.00-r1,StratifiedKFoldDynamic_Clustering_b300,2,4,GCN,100,110,10,1.4812897443771362,0.3590604066848755,1.4753620624542236,0.34563758969306946,True,100
syn-cora-h0.00-r1,StratifiedKFoldDynamic_Clustering_b300,2,3,GCN,101,112,12,1.4704800844192505,0.3288590610027313,1.4543601274490356,0.37919461727142334,True,100
syn-cora-h0.00-r1,StratifiedKFoldDynamic_Clustering_b300,2,5,GCN,100,110,10,1.4654409885406494,0.3590604066848755,1.4772037267684937,0.3120805323123932,True,100
syn-cora-h0.00-r1,StratifiedKFoldDynamic_Clustering_b300,2,5,GCN,101,112,12,1.4495766162872314,0.37919461727142334,1.4882678985595703,0.3187919557094574,True,100
syn-cora-h0.00-r1,RandomKFold,3,2,GCN,100,108,8,1.4975277185440063,0.3288590610027313,1.447919249534607,0.37919461727142334,True,100
syn-cora-h0.00-r1,RandomKFold,3,1,GCN,101,110,10,1.4801911115646362,0.3288590610027313,1.4940881729125977,0.34899330139160156,True,100
syn-cora-h0.00-r1,RandomKFold,3,1,GCN,100,110,10,1.4726371765136719,0.3657718002796173,1.505516529083252,0.3221476376056671,True,100
syn-cora-h0.00-r1,RandomKFold,3,2,GCN,101,112,12,1.5006693601608276,0.3087248206138611,1.452165126800537,0.38255032896995544,True,100
syn-cora-h0.00-r1,RandomKFold,3,3,GCN,100,109,9,1.4881079196929932,0.3523489832878113,1.5095735788345337,0.3087248206138611,True,100
syn-cora-h0.00-r1,RandomKFold,3,3,GCN,101,111,11,1.474227786064148,0.3758389353752136,1.5249682664871216,0.3154362440109253,True,100
syn-cora-h0.00-r1,RandomKFold,3,4,GCN,100,108,8,1.472908854484558,0.3691275119781494,1.507867693901062,0.34899330139160156,True,100
syn-cora-h0.00-r1,RandomKFold,3,4,GCN,101,111,11,1.4667302370071411,0.3758389353752136,1.485932469367981,0.3590604066848755,True,100
syn-cora-h0.00-r1,RandomKFold,3,5,GCN,100,110,10,1.483937382698059,0.34228187799453735,1.474204182624817,0.3590604066848755,True,100
syn-cora-h0.00-r1,RandomKFold,3,5,GCN,101,111,11,1.4838752746582031,0.3322147727012634,1.464047908782959,0.3624161183834076,True,100
syn-cora-h0.00-r1,LabelStratifiedKFold,3,1,GCN,100,108,8,1.5045030117034912,0.3590604066848755,1.502750039100647,0.3523489832878113,True,100
syn-cora-h0.00-r1,LabelStratifiedKFold,3,2,GCN,100,110,10,1.4802249670028687,0.38590604066848755,1.503350019454956,0.33892616629600525,True,100
syn-cora-h0.00-r1,LabelStratifiedKFold,3,1,GCN,101,110,10,1.5026887655258179,0.33557048439979553,1.4971803426742554,0.3322147727012634,True,100
syn-cora-h0.00-r1,LabelStratifiedKFold,3,2,GCN,101,110,10,1.487019419670105,0.4127516746520996,1.5036182403564453,0.33557048439979553,True,100
syn-cora-h0.00-r1,LabelStratifiedKFold,3,3,GCN,100,110,10,1.4630275964736938,0.3758389353752136,1.4744621515274048,0.39261746406555176,True,100
syn-cora-h0.00-r1,LabelStratifiedKFold,3,4,GCN,100,111,11,1.4463207721710205,0.3657718002796173,1.4807149171829224,0.34563758969306946,True,100
syn-cora-h0.00-r1,LabelStratifiedKFold,3,3,GCN,101,112,12,1.4465843439102173,0.38590604066848755,1.477169156074524,0.4194630980491638,True,100
syn-cora-h0.00-r1,LabelStratifiedKFold,3,4,GCN,101,110,10,1.4597314596176147,0.3590604066848755,1.4762206077575684,0.3523489832878113,True,100
syn-cora-h0.00-r1,LabelStratifiedKFold,3,5,GCN,100,108,8,1.5205750465393066,0.3221476376056671,1.4575700759887695,0.39261746406555176,True,100
syn-cora-h0.00-r1,LabelStratifiedKFold,3,5,GCN,101,108,8,1.5010885000228882,0.3288590610027313,1.4636402130126953,0.3624161183834076,True,100
syn-cora-h0.00-r1,StratifiedKFoldDynamic_Degree_b300,3,1,GCN,100,109,9,1.5001895427703857,0.3657718002796173,1.4554816484451294,0.3557046949863434,True,100
syn-cora-h0.00-r1,StratifiedKFoldDynamic_Degree_b300,3,1,GCN,101,110,10,1.5059419870376587,0.34899330139160156,1.4385014772415161,0.4060402810573578,True,100
syn-cora-h0.00-r1,StratifiedKFoldDynamic_Degree_b300,3,2,GCN,100,109,9,1.5005056858062744,0.3255033493041992,1.496673822402954,0.3590604066848755,True,100
syn-cora-h0.00-r1,StratifiedKFoldDynamic_Degree_b300,3,2,GCN,101,111,11,1.493749737739563,0.3322147727012634,1.5013628005981445,0.38255032896995544,True,100
syn-cora-h0.00-r1,StratifiedKFoldDynamic_Degree_b300,3,3,GCN,100,109,9,1.4667997360229492,0.3557046949863434,1.5038931369781494,0.28523489832878113,True,100
syn-cora-h0.00-r1,StratifiedKFoldDynamic_Degree_b300,3,4,GCN,100,109,9,1.4759877920150757,0.34899330139160156,1.4752453565597534,0.34563758969306946,True,100
syn-cora-h0.00-r1,StratifiedKFoldDynamic_Degree_b300,3,4,GCN,101,110,10,1.4746440649032593,0.3557046949863434,1.471821904182434,0.3624161183834076,True,100
syn-cora-h0.00-r1,StratifiedKFoldDynamic_Degree_b300,3,3,GCN,101,110,10,1.4732946157455444,0.34228187799453735,1.5061728954315186,0.30536913871765137,True,100
syn-cora-h0.00-r1,StratifiedKFoldDynamic_Degree_b300,3,5,GCN,100,113,13,1.4607375860214233,0.3624161183834076,1.4856818914413452,0.34563758969306946,True,100
syn-cora-h0.00-r1,StratifiedKFoldDynamic_Degree_b300,3,5,GCN,101,112,12,1.4511269330978394,0.4060402810573578,1.481175422668457,0.37919461727142334,True,100
syn-cora-h0.00-r1,StratifiedKFoldDynamic_NeighHet_b100,3,1,GCN,100,108,8,1.481048583984375,0.34563758969306946,1.4930846691131592,0.34563758969306946,True,100
syn-cora-h0.00-r1,StratifiedKFoldDynamic_NeighHet_b100,3,1,GCN,101,111,11,1.471616268157959,0.3523489832878113,1.4912077188491821,0.3288590610027313,True,100
syn-cora-h0.00-r1,StratifiedKFoldDynamic_NeighHet_b100,3,2,GCN,101,112,12,1.4575152397155762,0.38590604066848755,1.4447195529937744,0.38255032896995544,True,100
syn-cora-h0.00-r1,StratifiedKFoldDynamic_NeighHet_b100,3,2,GCN,100,111,11,1.440733551979065,0.4093959629535675,1.4568318128585815,0.3657718002796173,True,100
syn-cora-h0.00-r1,StratifiedKFoldDynamic_NeighHet_b100,3,3,GCN,100,110,10,1.4618386030197144,0.33892616629600525,1.4453922510147095,0.3959731459617615,True,100
syn-cora-h0.00-r1,StratifiedKFoldDynamic_NeighHet_b100,3,4,GCN,100,111,11,1.4960893392562866,0.3154362440109253,1.4735782146453857,0.34228187799453735,True,100
syn-cora-h0.00-r1,StratifiedKFoldDynamic_NeighHet_b100,3,4,GCN,101,111,11,1.510928750038147,0.3322147727012634,1.4593480825424194,0.3657718002796173,True,100
syn-cora-h0.00-r1,StratifiedKFoldDynamic_NeighHet_b100,3,3,GCN,101,113,13,1.4600951671600342,0.3657718002796173,1.4670499563217163,0.3758389353752136,True,100
syn-cora-h0.00-r1,StratifiedKFoldDynamic_NeighHet_b100,3,5,GCN,100,111,11,1.457517147064209,0.3691275119781494,1.4747395515441895,0.3657718002796173,True,100
syn-cora-h0.00-r1,StratifiedKFoldDynamic_NeighHet_b100,3,5,GCN,101,111,11,1.4570642709732056,0.3724832236766815,1.4929636716842651,0.3523489832878113,True,100
syn-cora-h0.00-r1,StratifiedKFoldDynamic_PageRank_b300,3,1,GCN,101,110,10,1.4805461168289185,0.34228187799453735,1.481058955192566,0.34228187799453735,True,100
syn-cora-h0.00-r1,StratifiedKFoldDynamic_PageRank_b300,3,1,GCN,100,110,10,1.464368462562561,0.3758389353752136,1.4918296337127686,0.3322147727012634,True,100
syn-cora-h0.00-r1,StratifiedKFoldDynamic_PageRank_b300,3,2,GCN,100,111,11,1.4697165489196777,0.34899330139160156,1.4478603601455688,0.38590604066848755,True,100
syn-cora-h0.00-r1,StratifiedKFoldDynamic_PageRank_b300,3,2,GCN,101,112,12,1.4637672901153564,0.3691275119781494,1.4765352010726929,0.3691275119781494,True,100
syn-cora-h0.00-r1,StratifiedKFoldDynamic_PageRank_b300,3,3,GCN,100,109,9,1.5104643106460571,0.3288590610027313,1.4963139295578003,0.3255033493041992,True,100
syn-cora-h0.00-r1,StratifiedKFoldDynamic_PageRank_b300,3,4,GCN,100,108,8,1.530930757522583,0.3288590610027313,1.4995222091674805,0.34563758969306946,True,100
syn-cora-h0.00-r1,StratifiedKFoldDynamic_PageRank_b300,3,4,GCN,101,110,10,1.5235519409179688,0.34228187799453735,1.4814258813858032,0.3322147727012634,True,100
syn-cora-h0.00-r1,StratifiedKFoldDynamic_PageRank_b300,3,3,GCN,101,110,10,1.4843260049819946,0.34563758969306946,1.4833787679672241,0.3557046949863434,True,100
syn-cora-h0.00-r1,StratifiedKFoldDynamic_PageRank_b300,3,5,GCN,100,110,10,1.4719783067703247,0.33892616629600525,1.5071861743927002,0.3322147727012634,True,100
syn-cora-h0.00-r1,StratifiedKFoldDynamic_PageRank_b300,3,5,GCN,101,112,12,1.463362693786621,0.3657718002796173,1.5303558111190796,0.3288590610027313,True,100
syn-cora-h0.00-r1,StratifiedKFoldDynamic_EigCentrality_b300,3,1,GCN,101,110,10,1.4869730472564697,0.3657718002796173,1.4818133115768433,0.38255032896995544,True,100
syn-cora-h0.00-r1,StratifiedKFoldDynamic_EigCentrality_b300,3,1,GCN,100,110,10,1.4733806848526,0.3624161183834076,1.473925232887268,0.38590604066848755,True,100
syn-cora-h0.00-r1,StratifiedKFoldDynamic_EigCentrality_b300,3,2,GCN,101,112,12,1.4285746812820435,0.3959731459617615,1.489799976348877,0.3657718002796173,True,100
syn-cora-h0.00-r1,StratifiedKFoldDynamic_EigCentrality_b300,3,2,GCN,100,110,10,1.4498690366744995,0.3758389353752136,1.4927244186401367,0.3523489832878113,True,100
syn-cora-h0.00-r1,StratifiedKFoldDynamic_EigCentrality_b300,3,4,GCN,100,109,9,1.4916846752166748,0.3087248206138611,1.4596903324127197,0.3657718002796173,True,100
syn-cora-h0.00-r1,StratifiedKFoldDynamic_EigCentrality_b300,3,3,GCN,100,110,10,1.504727840423584,0.3187919557094574,1.4692684412002563,0.37919461727142334,True,100
syn-cora-h0.00-r1,StratifiedKFoldDynamic_EigCentrality_b300,3,3,GCN,101,109,9,1.5089460611343384,0.3255033493041992,1.4600194692611694,0.38590604066848755,True,100
syn-cora-h0.00-r1,StratifiedKFoldDynamic_EigCentrality_b300,3,4,GCN,101,111,11,1.4701440334320068,0.29865771532058716,1.4696041345596313,0.3724832236766815,True,100
syn-cora-h0.00-r1,StratifiedKFoldDynamic_EigCentrality_b300,3,5,GCN,100,108,8,1.4922620058059692,0.3724832236766815,1.503522276878357,0.3154362440109253,True,100
syn-cora-h0.00-r1,StratifiedKFoldDynamic_EigCentrality_b300,3,5,GCN,101,110,10,1.4916146993637085,0.3691275119781494,1.4947656393051147,0.3187919557094574,True,100
syn-cora-h0.00-r1,StratifiedKFoldDynamic_Clustering_b300,3,1,GCN,101,110,10,1.495402216911316,0.34899330139160156,1.4582288265228271,0.37919461727142334,True,100
syn-cora-h0.00-r1,StratifiedKFoldDynamic_Clustering_b300,3,1,GCN,100,110,10,1.4910883903503418,0.33557048439979553,1.449169635772705,0.3724832236766815,True,100
syn-cora-h0.00-r1,StratifiedKFoldDynamic_Clustering_b300,3,2,GCN,100,110,10,1.4951986074447632,0.3758389353752136,1.5082495212554932,0.3624161183834076,True,100
syn-cora-h0.00-r1,StratifiedKFoldDynamic_Clustering_b300,3,2,GCN,101,112,12,1.4797375202178955,0.38590604066848755,1.5134756565093994,0.3590604066848755,True,100
syn-cora-h0.00-r1,StratifiedKFoldDynamic_Clustering_b300,3,4,GCN,100,108,8,1.4938229322433472,0.33557048439979553,1.4888702630996704,0.3557046949863434,True,100
syn-cora-h0.00-r1,StratifiedKFoldDynamic_Clustering_b300,3,3,GCN,101,112,12,1.4563281536102295,0.33892616629600525,1.4455467462539673,0.37919461727142334,True,100
syn-cora-h0.00-r1,StratifiedKFoldDynamic_Clustering_b300,3,3,GCN,100,111,11,1.4693281650543213,0.3322147727012634,1.469380497932434,0.34899330139160156,True,100
syn-cora-h0.00-r1,StratifiedKFoldDynamic_Clustering_b300,3,4,GCN,101,111,11,1.4907574653625488,0.3322147727012634,1.4806761741638184,0.3523489832878113,True,100
syn-cora-h0.00-r1,StratifiedKFoldDynamic_Clustering_b300,3,5,GCN,100,109,9,1.4536114931106567,0.3590604066848755,1.4777666330337524,0.3523489832878113,True,100
syn-cora-h0.00-r1,StratifiedKFoldDynamic_Clustering_b300,3,5,GCN,101,111,11,1.4617100954055786,0.3724832236766815,1.4785583019256592,0.3590604066848755,True,100
syn-cora-h0.00-r1,RandomKFold,4,2,GCN,100,109,9,1.4648666381835938,0.3959731459617615,1.5208910703659058,0.29865771532058716,True,100
syn-cora-h0.00-r1,RandomKFold,4,2,GCN,101,111,11,1.4614486694335938,0.3691275119781494,1.5095927715301514,0.33557048439979553,True,100
syn-cora-h0.00-r1,RandomKFold,4,1,GCN,100,110,10,1.5037726163864136,0.33557048439979553,1.4892264604568481,0.37919461727142334,True,100
syn-cora-h0.00-r1,RandomKFold,4,1,GCN,101,111,11,1.506129264831543,0.33892616629600525,1.4822129011154175,0.3523489832878113,True,100
syn-cora-h0.00-r1,RandomKFold,4,3,GCN,100,110,10,1.4966251850128174,0.34899330139160156,1.450580358505249,0.38590604066848755,True,100
syn-cora-h0.00-r1,RandomKFold,4,3,GCN,101,110,10,1.4962968826293945,0.3288590610027313,1.4647414684295654,0.4026845693588257,True,100
syn-cora-h0.00-r1,RandomKFold,4,4,GCN,101,110,10,1.4798779487609863,0.38255032896995544,1.5009822845458984,0.34899330139160156,True,100
syn-cora-h0.00-r1,RandomKFold,4,4,GCN,100,112,12,1.4721564054489136,0.3557046949863434,1.4867913722991943,0.3590604066848755,True,100
syn-cora-h0.00-r1,RandomKFold,4,5,GCN,100,109,9,1.4985218048095703,0.3255033493041992,1.496852159500122,0.29865771532058716,True,100
syn-cora-h0.00-r1,RandomKFold,4,5,GCN,101,111,11,1.4874470233917236,0.33557048439979553,1.521545648574829,0.29194632172584534,True,100
syn-cora-h0.00-r1,LabelStratifiedKFold,4,1,GCN,101,111,11,1.4335618019104004,0.3657718002796173,1.4902050495147705,0.34899330139160156,True,100
syn-cora-h0.00-r1,LabelStratifiedKFold,4,2,GCN,101,111,11,1.497645378112793,0.34899330139160156,1.4385524988174438,0.4026845693588257,True,100
syn-cora-h0.00-r1,LabelStratifiedKFold,4,1,GCN,100,111,11,1.4270342588424683,0.3523489832878113,1.4845600128173828,0.3557046949863434,True,100
syn-cora-h0.00-r1,LabelStratifiedKFold,4,2,GCN,100,110,10,1.4922953844070435,0.30201342701911926,1.4423424005508423,0.4127516746520996,True,100
syn-cora-h0.00-r1,LabelStratifiedKFold,4,3,GCN,100,108,8,1.5038096904754639,0.33557048439979553,1.4948405027389526,0.3322147727012634,True,100
syn-cora-h0.00-r1,LabelStratifiedKFold,4,3,GCN,101,110,10,1.4978883266448975,0.3657718002796173,1.4937653541564941,0.3523489832878113,True,100
syn-cora-h0.00-r1,LabelStratifiedKFold,4,4,GCN,100,110,10,1.4809902906417847,0.3557046949863434,1.4894765615463257,0.3154362440109253,True,100
syn-cora-h0.00-r1,LabelStratifiedKFold,4,4,GCN,101,110,10,1.4562276601791382,0.3959731459617615,1.5015859603881836,0.34563758969306946,True,100
syn-cora-h0.00-r1,LabelStratifiedKFold,4,5,GCN,100,109,9,1.4836663007736206,0.3657718002796173,1.501171588897705,0.34228187799453735,True,100
syn-cora-h0.00-r1,LabelStratifiedKFold,4,5,GCN,101,110,10,1.4851725101470947,0.3657718002796173,1.4843698740005493,0.3724832236766815,True,100
syn-cora-h0.00-r1,StratifiedKFoldDynamic_Degree_b300,4,2,GCN,101,109,9,1.5012437105178833,0.34228187799453735,1.4606573581695557,0.34899330139160156,True,100
syn-cora-h0.00-r1,StratifiedKFoldDynamic_Degree_b300,4,2,GCN,100,108,8,1.5036718845367432,0.34228187799453735,1.4728971719741821,0.38590604066848755,True,100
syn-cora-h0.00-r1,StratifiedKFoldDynamic_Degree_b300,4,1,GCN,101,110,10,1.4707350730895996,0.3624161183834076,1.4877058267593384,0.3221476376056671,True,100
syn-cora-h0.00-r1,StratifiedKFoldDynamic_Degree_b300,4,1,GCN,100,110,10,1.4715678691864014,0.3657718002796173,1.4631794691085815,0.33892616629600525,True,100
syn-cora-h0.00-r1,StratifiedKFoldDynamic_Degree_b300,4,4,GCN,100,109,9,1.5179756879806519,0.3255033493041992,1.4577016830444336,0.3590604066848755,True,100
syn-cora-h0.00-r1,StratifiedKFoldDynamic_Degree_b300,4,3,GCN,101,113,13,1.477178931236267,0.37919461727142334,1.523212194442749,0.33557048439979553,True,100
syn-cora-h0.00-r1,StratifiedKFoldDynamic_Degree_b300,4,3,GCN,100,113,13,1.4783979654312134,0.3724832236766815,1.5326499938964844,0.3523489832878113,True,100
syn-cora-h0.00-r1,StratifiedKFoldDynamic_Degree_b300,4,4,GCN,101,111,11,1.5167864561080933,0.3187919557094574,1.4674040079116821,0.3523489832878113,True,100
syn-cora-h0.00-r1,StratifiedKFoldDynamic_Degree_b300,4,5,GCN,100,111,11,1.4507017135620117,0.3523489832878113,1.5495837926864624,0.3087248206138611,True,100
syn-cora-h0.00-r1,StratifiedKFoldDynamic_Degree_b300,4,5,GCN,101,112,12,1.466356873512268,0.3691275119781494,1.5428545475006104,0.34228187799453735,True,100
syn-cora-h0.00-r1,StratifiedKFoldDynamic_NeighHet_b100,4,1,GCN,101,108,8,1.5158970355987549,0.34899330139160156,1.4769238233566284,0.3657718002796173,True,100
syn-cora-h0.00-r1,StratifiedKFoldDynamic_NeighHet_b100,4,1,GCN,100,107,7,1.5251495838165283,0.3187919557094574,1.4897277355194092,0.3523489832878113,True,100
syn-cora-h0.00-r1,StratifiedKFoldDynamic_NeighHet_b100,4,2,GCN,100,110,10,1.4920871257781982,0.33892616629600525,1.5435123443603516,0.3322147727012634,True,100
syn-cora-h0.00-r1,StratifiedKFoldDynamic_NeighHet_b100,4,2,GCN,101,110,10,1.4948490858078003,0.3288590610027313,1.5130563974380493,0.34563758969306946,True,100
syn-cora-h0.00-r1,StratifiedKFoldDynamic_NeighHet_b100,4,3,GCN,100,109,9,1.4940810203552246,0.3221476376056671,1.502078890800476,0.3288590610027313,True,100
syn-cora-h0.00-r1,StratifiedKFoldDynamic_NeighHet_b100,4,3,GCN,101,110,10,1.4950450658798218,0.30536913871765137,1.5063036680221558,0.3255033493041992,True,100
syn-cora-h0.00-r1,StratifiedKFoldDynamic_NeighHet_b100,4,4,GCN,101,110,10,1.4838368892669678,0.3557046949863434,1.4939351081848145,0.30536913871765137,True,100
syn-cora-h0.00-r1,StratifiedKFoldDynamic_NeighHet_b100,4,4,GCN,100,111,11,1.469032645225525,0.34563758969306946,1.4952272176742554,0.29194632172584534,True,100
syn-cora-h0.00-r1,StratifiedKFoldDynamic_NeighHet_b100,4,5,GCN,100,112,12,1.4579685926437378,0.34228187799453735,1.4601445198059082,0.4161073863506317,True,100
syn-cora-h0.00-r1,StratifiedKFoldDynamic_NeighHet_b100,4,5,GCN,101,112,12,1.4450371265411377,0.3993288576602936,1.4599943161010742,0.38590604066848755,True,100
syn-cora-h0.00-r1,StratifiedKFoldDynamic_PageRank_b300,4,1,GCN,100,109,9,1.4942485094070435,0.3322147727012634,1.5153502225875854,0.3187919557094574,True,100
syn-cora-h0.00-r1,StratifiedKFoldDynamic_PageRank_b300,4,2,GCN,100,109,9,1.4978471994400024,0.34899330139160156,1.4700876474380493,0.3523489832878113,True,100
syn-cora-h0.00-r1,StratifiedKFoldDynamic_PageRank_b300,4,2,GCN,101,112,12,1.4871866703033447,0.3624161183834076,1.475816011428833,0.33892616629600525,True,100
syn-cora-h0.00-r1,StratifiedKFoldDynamic_PageRank_b300,4,1,GCN,101,111,11,1.4895246028900146,0.3523489832878113,1.5165787935256958,0.3187919557094574,True,100
syn-cora-h0.00-r1,StratifiedKFoldDynamic_PageRank_b300,4,3,GCN,101,108,8,1.5041321516036987,0.34563758969306946,1.5076875686645508,0.3255033493041992,True,100
syn-cora-h0.00-r1,StratifiedKFoldDynamic_PageRank_b300,4,3,GCN,100,108,8,1.5077998638153076,0.3724832236766815,1.506893277168274,0.29865771532058716,True,100
syn-cora-h0.00-r1,StratifiedKFoldDynamic_PageRank_b300,4,4,GCN,100,112,12,1.4263458251953125,0.38255032896995544,1.5303744077682495,0.33892616629600525,True,100
syn-cora-h0.00-r1,StratifiedKFoldDynamic_PageRank_b300,4,4,GCN,101,113,13,1.4301761388778687,0.4026845693588257,1.5490928888320923,0.34563758969306946,True,100
syn-cora-h0.00-r1,StratifiedKFoldDynamic_PageRank_b300,4,5,GCN,100,110,10,1.4910318851470947,0.3221476376056671,1.4205830097198486,0.3959731459617615,True,100
syn-cora-h0.00-r1,StratifiedKFoldDynamic_PageRank_b300,4,5,GCN,101,110,10,1.49839186668396,0.3523489832878113,1.4299596548080444,0.37919461727142334,True,100
syn-cora-h0.00-r1,StratifiedKFoldDynamic_EigCentrality_b300,4,1,GCN,100,110,10,1.4470279216766357,0.38255032896995544,1.50202476978302,0.3120805323123932,True,100
syn-cora-h0.00-r1,StratifiedKFoldDynamic_EigCentrality_b300,4,2,GCN,100,111,11,1.4688119888305664,0.3255033493041992,1.441951870918274,0.4026845693588257,True,100
syn-cora-h0.00-r1,StratifiedKFoldDynamic_EigCentrality_b300,4,2,GCN,101,112,12,1.4718831777572632,0.3322147727012634,1.4368301630020142,0.38590604066848755,True,100
syn-cora-h0.00-r1,StratifiedKFoldDynamic_EigCentrality_b300,4,1,GCN,101,111,11,1.4515084028244019,0.38926175236701965,1.5214816331863403,0.28859061002731323,True,100
syn-cora-h0.00-r1,StratifiedKFoldDynamic_EigCentrality_b300,4,3,GCN,100,111,11,1.4609342813491821,0.3758389353752136,1.4671132564544678,0.3523489832878113,True,100
syn-cora-h0.00-r1,StratifiedKFoldDynamic_EigCentrality_b300,4,4,GCN,100,110,10,1.4836843013763428,0.3288590610027313,1.4784884452819824,0.34563758969306946,True,100
syn-cora-h0.00-r1,StratifiedKFoldDynamic_EigCentrality_b300,4,4,GCN,101,112,12,1.4739564657211304,0.38255032896995544,1.4600123167037964,0.34563758969306946,True,100
syn-cora-h0.00-r1,StratifiedKFoldDynamic_EigCentrality_b300,4,3,GCN,101,112,12,1.4559824466705322,0.4161073863506317,1.4892038106918335,0.3557046949863434,True,100
syn-cora-h0.00-r1,StratifiedKFoldDynamic_EigCentrality_b300,4,5,GCN,100,109,9,1.4956097602844238,0.3255033493041992,1.4868013858795166,0.3590604066848755,True,100
syn-cora-h0.00-r1,StratifiedKFoldDynamic_EigCentrality_b300,4,5,GCN,101,110,10,1.4934172630310059,0.3087248206138611,1.4735180139541626,0.38590604066848755,True,100
syn-cora-h0.00-r1,StratifiedKFoldDynamic_Clustering_b300,4,1,GCN,100,110,10,1.4780908823013306,0.3288590610027313,1.5187844038009644,0.3255033493041992,True,100
syn-cora-h0.00-r1,StratifiedKFoldDynamic_Clustering_b300,4,2,GCN,101,110,10,1.5123955011367798,0.3322147727012634,1.4736688137054443,0.38590604066848755,True,100
syn-cora-h0.00-r1,StratifiedKFoldDynamic_Clustering_b300,4,1,GCN,101,110,10,1.4829621315002441,0.34899330139160156,1.5362722873687744,0.33892616629600525,True,100
syn-cora-h0.00-r1,StratifiedKFoldDynamic_Clustering_b300,4,2,GCN,100,108,8,1.5127273797988892,0.3288590610027313,1.4747778177261353,0.39261746406555176,True,100
syn-cora-h0.00-r1,StratifiedKFoldDynamic_Clustering_b300,4,4,GCN,101,108,8,1.5075322389602661,0.3322147727012634,1.4679698944091797,0.38255032896995544,True,100
syn-cora-h0.00-r1,StratifiedKFoldDynamic_Clustering_b300,4,3,GCN,100,111,11,1.4326894283294678,0.3523489832878113,1.5256620645523071,0.3221476376056671,True,100
syn-cora-h0.00-r1,StratifiedKFoldDynamic_Clustering_b300,4,4,GCN,100,108,8,1.5082967281341553,0.3120805323123932,1.475188970565796,0.3724832236766815,True,100
syn-cora-h0.00-r1,StratifiedKFoldDynamic_Clustering_b300,4,3,GCN,101,112,12,1.4145371913909912,0.4026845693588257,1.5384029150009155,0.3288590610027313,True,100
syn-cora-h0.00-r1,StratifiedKFoldDynamic_Clustering_b300,4,5,GCN,100,108,8,1.5065841674804688,0.3724832236766815,1.4836755990982056,0.3557046949863434,True,100
syn-cora-h0.00-r1,StratifiedKFoldDynamic_Clustering_b300,4,5,GCN,101,108,8,1.5172710418701172,0.34899330139160156,1.4897762537002563,0.34228187799453735,True,100
syn-cora-h0.10-r1,RandomKFold,0,2,GCN,101,109,9,1.5060871839523315,0.3758389353752136,1.4722172021865845,0.3691275119781494,True,100
syn-cora-h0.10-r1,RandomKFold,0,1,GCN,100,109,9,1.5043561458587646,0.34228187799453735,1.4801985025405884,0.3624161183834076,True,100
syn-cora-h0.10-r1,RandomKFold,0,1,GCN,101,109,9,1.5019562244415283,0.33892616629600525,1.492240309715271,0.3288590610027313,True,100
syn-cora-h0.10-r1,RandomKFold,0,2,GCN,100,109,9,1.483860969543457,0.3724832236766815,1.4893896579742432,0.3322147727012634,True,100
syn-cora-h0.10-r1,RandomKFold,0,3,GCN,100,111,11,1.4215303659439087,0.3993288576602936,1.5009081363677979,0.3657718002796173,True,100
syn-cora-h0.10-r1,RandomKFold,0,3,GCN,101,111,11,1.432271957397461,0.4026845693588257,1.5345739126205444,0.33557048439979553,True,100
syn-cora-h0.10-r1,RandomKFold,0,4,GCN,100,111,11,1.451684832572937,0.37919461727142334,1.4623191356658936,0.33892616629600525,True,100
syn-cora-h0.10-r1,RandomKFold,0,4,GCN,101,112,12,1.4361495971679688,0.38255032896995544,1.4589043855667114,0.3624161183834076,True,100
syn-cora-h0.10-r1,RandomKFold,0,5,GCN,100,109,9,1.4696301221847534,0.3691275119781494,1.4344626665115356,0.4194630980491638,True,100
syn-cora-h0.10-r1,RandomKFold,0,5,GCN,101,111,11,1.4801268577575684,0.3590604066848755,1.4072426557540894,0.4026845693588257,True,100
syn-cora-h0.10-r1,LabelStratifiedKFold,0,1,GCN,100,108,8,1.4894458055496216,0.3523489832878113,1.454466700553894,0.38590604066848755,True,100
syn-cora-h0.10-r1,LabelStratifiedKFold,0,1,GCN,101,109,9,1.507787823677063,0.3221476376056671,1.4659606218338013,0.4026845693588257,True,100
syn-cora-h0.10-r1,LabelStratifiedKFold,0,2,GCN,100,109,9,1.445317268371582,0.3758389353752136,1.5038855075836182,0.3590604066848755,True,100
syn-cora-h0.10-r1,LabelStratifiedKFold,0,2,GCN,101,111,11,1.4462684392929077,0.4026845693588257,1.5246411561965942,0.3288590610027313,True,100
syn-cora-h0.10-r1,LabelStratifiedKFold,0,3,GCN,100,111,11,1.4302366971969604,0.3724832236766815,1.452196717262268,0.3691275119781494,True,100
syn-cora-h0.10-r1,LabelStratifiedKFold,0,4,GCN,100,111,11,1.4353913068771362,0.4093959629535675,1.4314252138137817,0.3691275119781494,True,100
syn-cora-h0.10-r1,LabelStratifiedKFold,0,4,GCN,101,110,10,1.4472739696502686,0.38926175236701965,1.441866159439087,0.4161073863506317,True,100
syn-cora-h0.10-r1,LabelStratifiedKFold,0,3,GCN,101,112,12,1.4391376972198486,0.38590604066848755,1.464720606803894,0.3691275119781494,True,100
syn-cora-h0.10-r1,LabelStratifiedKFold,0,5,GCN,100,111,11,1.4486801624298096,0.38590604066848755,1.413185715675354,0.42617449164390564,True,100
syn-cora-h0.10-r1,LabelStratifiedKFold,0,5,GCN,101,113,13,1.461498498916626,0.3993288576602936,1.4297964572906494,0.39261746406555176,True,100
syn-cora-h0.10-r1,StratifiedKFoldDynamic_Degree_b300,0,2,GCN,100,109,9,1.4679005146026611,0.3624161183834076,1.5273412466049194,0.3120805323123932,True,100
syn-cora-h0.10-r1,StratifiedKFoldDynamic_Degree_b300,0,1,GCN,101,108,8,1.5286632776260376,0.33892616629600525,1.4619287252426147,0.3590604066848755,True,100
syn-cora-h0.10-r1,StratifiedKFoldDynamic_Degree_b300,0,1,GCN,100,107,7,1.5289788246154785,0.34899330139160156,1.4545174837112427,0.3724832236766815,True,100
syn-cora-h0.10-r1,StratifiedKFoldDynamic_Degree_b300,0,2,GCN,101,111,11,1.495603084564209,0.3691275119781494,1.543818712234497,0.3221476376056671,True,100
syn-cora-h0.10-r1,StratifiedKFoldDynamic_Degree_b300,0,3,GCN,101,110,10,1.461912989616394,0.3624161183834076,1.5009381771087646,0.34228187799453735,True,100
syn-cora-h0.10-r1,StratifiedKFoldDynamic_Degree_b300,0,3,GCN,100,110,10,1.4549062252044678,0.37919461727142334,1.4725157022476196,0.3221476376056671,True,100
syn-cora-h0.10-r1,StratifiedKFoldDynamic_Degree_b300,0,4,GCN,100,111,11,1.441925048828125,0.37919461727142334,1.4494999647140503,0.4060402810573578,True,100
syn-cora-h0.10-r1,StratifiedKFoldDynamic_Degree_b300,0,4,GCN,101,110,10,1.4672691822052002,0.3959731459617615,1.4514284133911133,0.4127516746520996,True,100
syn-cora-h0.10-r1,StratifiedKFoldDynamic_Degree_b300,0,5,GCN,101,110,10,1.4656225442886353,0.3523489832878113,1.4690897464752197,0.33892616629600525,True,100
syn-cora-h0.10-r1,StratifiedKFoldDynamic_Degree_b300,0,5,GCN,100,110,10,1.448219656944275,0.34563758969306946,1.447630763053894,0.38590604066848755,True,100
syn-cora-h0.10-r1,StratifiedKFoldDynamic_NeighHet_b300,0,1,GCN,100,110,10,1.4474766254425049,0.3691275119781494,1.4621409177780151,0.38926175236701965,True,100
syn-cora-h0.10-r1,StratifiedKFoldDynamic_NeighHet_b300,0,1,GCN,101,111,11,1.456366777420044,0.38590604066848755,1.478703498840332,0.38255032896995544,True,100
syn-cora-h0.10-r1,StratifiedKFoldDynamic_NeighHet_b300,0,2,GCN,100,109,9,1.472145438194275,0.3523489832878113,1.4623563289642334,0.3724832236766815,True,100
syn-cora-h0.10-r1,StratifiedKFoldDynamic_NeighHet_b300,0,2,GCN,101,109,9,1.4782460927963257,0.3691275119781494,1.4862990379333496,0.33557048439979553,True,100
syn-cora-h0.10-r1,StratifiedKFoldDynamic_NeighHet_b300,0,3,GCN,100,111,11,1.3935112953186035,0.38590604066848755,1.487549066543579,0.34228187799453735,True,100
syn-cora-h0.10-r1,StratifiedKFoldDynamic_NeighHet_b300,0,4,GCN,101,109,9,1.5001180171966553,0.33892616629600525,1.421972393989563,0.38255032896995544,True,100
syn-cora-h0.10-r1,StratifiedKFoldDynamic_NeighHet_b300,0,4,GCN,100,109,9,1.498326301574707,0.33557048439979553,1.4076731204986572,0.4161073863506317,True,100
syn-cora-h0.10-r1,StratifiedKFoldDynamic_NeighHet_b300,0,3,GCN,101,112,12,1.4079811573028564,0.3657718002796173,1.4896717071533203,0.3187919557094574,True,100
syn-cora-h0.10-r1,StratifiedKFoldDynamic_NeighHet_b300,0,5,GCN,100,110,10,1.4574973583221436,0.3758389353752136,1.4739303588867188,0.3657718002796173,True,100
syn-cora-h0.10-r1,StratifiedKFoldDynamic_NeighHet_b300,0,5,GCN,101,110,10,1.4666764736175537,0.3590604066848755,1.470858097076416,0.3590604066848755,True,100
syn-cora-h0.10-r1,StratifiedKFoldDynamic_PageRank_b300,0,2,GCN,100,109,9,1.4860602617263794,0.34899330139160156,1.429124355316162,0.4194630980491638,True,100
syn-cora-h0.10-r1,StratifiedKFoldDynamic_PageRank_b300,0,2,GCN,101,110,10,1.4952055215835571,0.34899330139160156,1.4251317977905273,0.3993288576602936,True,100
syn-cora-h0.10-r1,StratifiedKFoldDynamic_PageRank_b300,0,1,GCN,101,110,10,1.4282565116882324,0.42617449164390564,1.4574689865112305,0.38590604066848755,True,100
syn-cora-h0.10-r1,StratifiedKFoldDynamic_PageRank_b300,0,1,GCN,100,111,11,1.4139691591262817,0.4463087320327759,1.4423015117645264,0.3691275119781494,True,100
syn-cora-h0.10-r1,StratifiedKFoldDynamic_PageRank_b300,0,3,GCN,100,109,9,1.4782625436782837,0.34899330139160156,1.4724305868148804,0.3624161183834076,True,100
syn-cora-h0.10-r1,StratifiedKFoldDynamic_PageRank_b300,0,3,GCN,101,109,9,1.479335904121399,0.33557048439979553,1.4774072170257568,0.3657718002796173,True,100
syn-cora-h0.10-r1,StratifiedKFoldDynamic_PageRank_b300,0,4,GCN,100,109,9,1.4793009757995605,0.3657718002796173,1.4800803661346436,0.3557046949863434,True,100
syn-cora-h0.10-r1,StratifiedKFoldDynamic_PageRank_b300,0,4,GCN,101,109,9,1.4911909103393555,0.3590604066848755,1.4883028268814087,0.34228187799453735,True,100
syn-cora-h0.10-r1,StratifiedKFoldDynamic_PageRank_b300,0,5,GCN,100,111,11,1.4494826793670654,0.3523489832878113,1.490477204322815,0.3221476376056671,True,100
syn-cora-h0.10-r1,StratifiedKFoldDynamic_PageRank_b300,0,5,GCN,101,111,11,1.4480587244033813,0.3523489832878113,1.4991445541381836,0.34563758969306946,True,100
syn-cora-h0.10-r1,StratifiedKFoldDynamic_EigCentrality_b300,0,2,GCN,100,110,10,1.449936032295227,0.33557048439979553,1.4682648181915283,0.34899330139160156,True,100
syn-cora-h0.10-r1,StratifiedKFoldDynamic_EigCentrality_b300,0,1,GCN,100,110,10,1.4591947793960571,0.3624161183834076,1.4145947694778442,0.38590604066848755,True,100
syn-cora-h0.10-r1,StratifiedKFoldDynamic_EigCentrality_b300,0,1,GCN,101,110,10,1.4689611196517944,0.34899330139160156,1.4250339269638062,0.38926175236701965,True,100
syn-cora-h0.10-r1,StratifiedKFoldDynamic_EigCentrality_b300,0,2,GCN,101,113,13,1.4461268186569214,0.33892616629600525,1.4845836162567139,0.3657718002796173,True,100
syn-cora-h0.10-r1,StratifiedKFoldDynamic_EigCentrality_b300,0,3,GCN,101,110,10,1.4604449272155762,0.3724832236766815,1.438804030418396,0.3624161183834076,True,100
syn-cora-h0.10-r1,StratifiedKFoldDynamic_EigCentrality_b300,0,3,GCN,100,111,11,1.4576900005340576,0.3657718002796173,1.443516492843628,0.3657718002796173,True,100
syn-cora-h0.10-r1,StratifiedKFoldDynamic_EigCentrality_b300,0,4,GCN,101,110,10,1.4350379705429077,0.3724832236766815,1.4504220485687256,0.4026845693588257,True,100
syn-cora-h0.10-r1,StratifiedKFoldDynamic_EigCentrality_b300,0,4,GCN,100,111,11,1.429220199584961,0.34563758969306946,1.4421064853668213,0.4127516746520996,True,100
syn-cora-h0.10-r1,StratifiedKFoldDynamic_EigCentrality_b300,0,5,GCN,100,112,12,1.417676329612732,0.3691275119781494,1.4414429664611816,0.34899330139160156,True,100
syn-cora-h0.10-r1,StratifiedKFoldDynamic_EigCentrality_b300,0,5,GCN,101,112,12,1.4365440607070923,0.3557046949863434,1.445538878440857,0.3624161183834076,True,100
syn-cora-h0.10-r1,StratifiedKFoldDynamic_Clustering_b300,0,1,GCN,100,110,10,1.4605984687805176,0.38926175236701965,1.443853735923767,0.34563758969306946,True,100
syn-cora-h0.10-r1,StratifiedKFoldDynamic_Clustering_b300,0,2,GCN,100,110,10,1.4651176929473877,0.37919461727142334,1.4472930431365967,0.38590604066848755,True,100
syn-cora-h0.10-r1,StratifiedKFoldDynamic_Clustering_b300,0,2,GCN,101,111,11,1.4688297510147095,0.34899330139160156,1.4563374519348145,0.38255032896995544,True,100
syn-cora-h0.10-r1,StratifiedKFoldDynamic_Clustering_b300,0,1,GCN,101,111,11,1.4591838121414185,0.38926175236701965,1.4402832984924316,0.38926175236701965,True,100
syn-cora-h0.10-r1,StratifiedKFoldDynamic_Clustering_b300,0,3,GCN,100,111,11,1.4394848346710205,0.38590604066848755,1.4911248683929443,0.3657718002796173,True,100
syn-cora-h0.10-r1,StratifiedKFoldDynamic_Clustering_b300,0,4,GCN,101,110,10,1.447888970375061,0.38590604066848755,1.4426777362823486,0.34228187799453735,True,100
syn-cora-h0.10-r1,StratifiedKFoldDynamic_Clustering_b300,0,3,GCN,101,110,10,1.4494332075119019,0.38590604066848755,1.5005061626434326,0.3758389353752136,True,100
syn-cora-h0.10-r1,StratifiedKFoldDynamic_Clustering_b300,0,4,GCN,100,111,11,1.4315788745880127,0.4060402810573578,1.4375947713851929,0.3557046949863434,True,100
syn-cora-h0.10-r1,StratifiedKFoldDynamic_Clustering_b300,0,5,GCN,100,111,11,1.4613808393478394,0.39261746406555176,1.4485667943954468,0.3691275119781494,True,100
syn-cora-h0.10-r1,StratifiedKFoldDynamic_Clustering_b300,0,5,GCN,101,111,11,1.452455759048462,0.38590604066848755,1.4672056436538696,0.3691275119781494,True,100
syn-cora-h0.10-r1,RandomKFold,1,1,GCN,101,111,11,1.4471724033355713,0.38255032896995544,1.4840720891952515,0.33557048439979553,True,100
syn-cora-h0.10-r1,RandomKFold,1,2,GCN,100,109,9,1.4883482456207275,0.34228187799453735,1.4313554763793945,0.3590604066848755,True,100
syn-cora-h0.10-r1,RandomKFold,1,2,GCN,101,111,11,1.5050314664840698,0.34228187799453735,1.425599217414856,0.4093959629535675,True,100
syn-cora-h0.10-r1,RandomKFold,1,1,GCN,100,112,12,1.4219770431518555,0.3724832236766815,1.4754068851470947,0.34563758969306946,True,100
syn-cora-h0.10-r1,RandomKFold,1,4,GCN,101,110,10,1.4678266048431396,0.3691275119781494,1.4746334552764893,0.3288590610027313,True,100
syn-cora-h0.10-r1,RandomKFold,1,3,GCN,100,110,10,1.4428751468658447,0.34899330139160156,1.4964016675949097,0.3288590610027313,True,100
syn-cora-h0.10-r1,RandomKFold,1,4,GCN,100,110,10,1.4665712118148804,0.38926175236701965,1.4573440551757812,0.34563758969306946,True,100
syn-cora-h0.10-r1,RandomKFold,1,3,GCN,101,112,12,1.4508715867996216,0.3724832236766815,1.5105277299880981,0.33892616629600525,True,100
syn-cora-h0.10-r1,RandomKFold,1,5,GCN,100,109,9,1.4744064807891846,0.3523489832878113,1.444327473640442,0.4060402810573578,True,100
syn-cora-h0.10-r1,RandomKFold,1,5,GCN,101,110,10,1.467411756515503,0.3557046949863434,1.4448087215423584,0.42281877994537354,True,100
syn-cora-h0.10-r1,LabelStratifiedKFold,1,1,GCN,101,110,10,1.4559502601623535,0.3523489832878113,1.4842151403427124,0.3624161183834076,True,100
syn-cora-h0.10-r1,LabelStratifiedKFold,1,1,GCN,100,110,10,1.4438095092773438,0.3590604066848755,1.453664779663086,0.38255032896995544,True,100
syn-cora-h0.10-r1,LabelStratifiedKFold,1,2,GCN,100,111,11,1.4357179403305054,0.3724832236766815,1.4557584524154663,0.3691275119781494,True,100
syn-cora-h0.10-r1,LabelStratifiedKFold,1,2,GCN,101,111,11,1.4545396566390991,0.39261746406555176,1.4723849296569824,0.3624161183834076,True,100
syn-cora-h0.10-r1,LabelStratifiedKFold,1,3,GCN,100,111,11,1.4324438571929932,0.38590604066848755,1.440818190574646,0.3691275119781494,True,100
syn-cora-h0.10-r1,LabelStratifiedKFold,1,4,GCN,100,109,9,1.4952894449234009,0.3724832236766815,1.4393028020858765,0.3724832236766815,True,100
syn-cora-h0.10-r1,LabelStratifiedKFold,1,4,GCN,101,109,9,1.4870195388793945,0.3657718002796173,1.4434713125228882,0.39261746406555176,True,100
syn-cora-h0.10-r1,LabelStratifiedKFold,1,3,GCN,101,112,12,1.4349031448364258,0.3691275119781494,1.456398844718933,0.38926175236701965,True,100
syn-cora-h0.10-r1,LabelStratifiedKFold,1,5,GCN,100,110,10,1.4606610536575317,0.3657718002796173,1.4896272420883179,0.3758389353752136,True,100
syn-cora-h0.10-r1,LabelStratifiedKFold,1,5,GCN,101,110,10,1.486700177192688,0.38255032896995544,1.483744502067566,0.34899330139160156,True,100
syn-cora-h0.10-r1,StratifiedKFoldDynamic_Degree_b300,1,2,GCN,101,110,10,1.5072569847106934,0.3523489832878113,1.4753118753433228,0.38590604066848755,True,100
syn-cora-h0.10-r1,StratifiedKFoldDynamic_Degree_b300,1,1,GCN,100,110,10,1.4884991645812988,0.33557048439979553,1.4390839338302612,0.39261746406555176,True,100
syn-cora-h0.10-r1,StratifiedKFoldDynamic_Degree_b300,1,2,GCN,100,110,10,1.4921600818634033,0.3657718002796173,1.4626413583755493,0.3288590610027313,True,100
syn-cora-h0.10-r1,StratifiedKFoldDynamic_Degree_b300,1,1,GCN,101,112,12,1.4990692138671875,0.3322147727012634,1.4309355020523071,0.3657718002796173,True,100
syn-cora-h0.10-r1,StratifiedKFoldDynamic_Degree_b300,1,3,GCN,100,110,10,1.4293274879455566,0.37919461727142334,1.4852522611618042,0.37919461727142334,True,100
syn-cora-h0.10-r1,StratifiedKFoldDynamic_Degree_b300,1,3,GCN,101,110,10,1.4363508224487305,0.4060402810573578,1.4942615032196045,0.34563758969306946,True,100
syn-cora-h0.10-r1,StratifiedKFoldDynamic_Degree_b300,1,4,GCN,100,108,8,1.4870935678482056,0.3288590610027313,1.4466792345046997,0.3959731459617615,True,100
syn-cora-h0.10-r1,StratifiedKFoldDynamic_Degree_b300,1,4,GCN,101,110,10,1.4961591958999634,0.34228187799453735,1.4474228620529175,0.39261746406555176,True,100
syn-cora-h0.10-r1,StratifiedKFoldDynamic_Degree_b300,1,5,GCN,101,111,11,1.4046229124069214,0.42953020334243774,1.479680061340332,0.3557046949863434,True,100
syn-cora-h0.10-r1,StratifiedKFoldDynamic_Degree_b300,1,5,GCN,100,112,12,1.4056942462921143,0.4429530203342438,1.4839131832122803,0.3590604066848755,True,100
syn-cora-h0.10-r1,StratifiedKFoldDynamic_NeighHet_b300,1,1,GCN,100,110,10,1.4529653787612915,0.3590604066848755,1.486024022102356,0.33892616629600525,True,100
syn-cora-h0.10-r1,StratifiedKFoldDynamic_NeighHet_b300,1,2,GCN,101,110,10,1.4991657733917236,0.3523489832878113,1.4766587018966675,0.3557046949863434,True,100
syn-cora-h0.10-r1,StratifiedKFoldDynamic_NeighHet_b300,1,2,GCN,100,110,10,1.486342430114746,0.38590604066848755,1.4414697885513306,0.3557046949863434,True,100
syn-cora-h0.10-r1,StratifiedKFoldDynamic_NeighHet_b300,1,1,GCN,101,113,13,1.4848018884658813,0.34563758969306946,1.5019210577011108,0.3624161183834076,True,100
syn-cora-h0.10-r1,StratifiedKFoldDynamic_NeighHet_b300,1,3,GCN,100,109,9,1.5005578994750977,0.33557048439979553,1.5026928186416626,0.3691275119781494,True,100
syn-cora-h0.10-r1,StratifiedKFoldDynamic_NeighHet_b300,1,3,GCN,101,110,10,1.5017521381378174,0.34228187799453735,1.525011658668518,0.3288590610027313,True,100
syn-cora-h0.10-r1,StratifiedKFoldDynamic_NeighHet_b300,1,4,GCN,100,110,10,1.4372519254684448,0.3691275119781494,1.4900081157684326,0.33557048439979553,True,100
syn-cora-h0.10-r1,StratifiedKFoldDynamic_NeighHet_b300,1,4,GCN,101,110,10,1.4342039823532104,0.3758389353752136,1.499449610710144,0.33557048439979553,True,100
syn-cora-h0.10-r1,StratifiedKFoldDynamic_NeighHet_b300,1,5,GCN,100,108,8,1.4930996894836426,0.33892616629600525,1.463413119316101,0.34563758969306946,True,100
syn-cora-h0.10-r1,StratifiedKFoldDynamic_NeighHet_b300,1,5,GCN,101,108,8,1.4993529319763184,0.3288590610027313,1.4728078842163086,0.3523489832878113,True,100
syn-cora-h0.10-r1,StratifiedKFoldDynamic_PageRank_b300,1,2,GCN,100,111,11,1.431838870048523,0.3657718002796173,1.4567673206329346,0.38926175236701965,True,100
syn-cora-h0.10-r1,StratifiedKFoldDynamic_PageRank_b300,1,2,GCN,101,110,10,1.4737087488174438,0.3590604066848755,1.4673280715942383,0.3657718002796173,True,100
syn-cora-h0.10-r1,StratifiedKFoldDynamic_PageRank_b300,1,1,GCN,101,112,12,1.4629244804382324,0.37919461727142334,1.4500492811203003,0.3691275119781494,True,100
syn-cora-h0.10-r1,StratifiedKFoldDynamic_PageRank_b300,1,1,GCN,100,112,12,1.438808560371399,0.3959731459617615,1.447271466255188,0.38926175236701965,True,100
syn-cora-h0.10-r1,StratifiedKFoldDynamic_PageRank_b300,1,3,GCN,101,109,9,1.4906927347183228,0.34899330139160156,1.4778409004211426,0.3523489832878113,True,100
syn-cora-h0.10-r1,StratifiedKFoldDynamic_PageRank_b300,1,3,GCN,100,110,10,1.4817094802856445,0.3624161183834076,1.4577044248580933,0.38590604066848755,True,100
syn-cora-h0.10-r1,StratifiedKFoldDynamic_PageRank_b300,1,4,GCN,100,111,11,1.426709532737732,0.38590604066848755,1.4598828554153442,0.3959731459617615,True,100
syn-cora-h0.10-r1,StratifiedKFoldDynamic_PageRank_b300,1,4,GCN,101,111,11,1.440894365310669,0.43288591504096985,1.4851877689361572,0.3724832236766815,True,100
syn-cora-h0.10-r1,StratifiedKFoldDynamic_PageRank_b300,1,5,GCN,100,109,9,1.4547944068908691,0.4060402810573578,1.4575271606445312,0.3624161183834076,True,100
syn-cora-h0.10-r1,StratifiedKFoldDynamic_PageRank_b300,1,5,GCN,101,111,11,1.463525652885437,0.37919461727142334,1.4542087316513062,0.4127516746520996,True,100
syn-cora-h0.10-r1,StratifiedKFoldDynamic_EigCentrality_b300,1,1,GCN,100,109,9,1.4751498699188232,0.3657718002796173,1.461640477180481,0.37919461727142334,True,100
syn-cora-h0.10-r1,StratifiedKFoldDynamic_EigCentrality_b300,1,2,GCN,101,113,13,1.4526710510253906,0.38590604066848755,1.4610806703567505,0.4161073863506317,True,100
syn-cora-h0.10-r1,StratifiedKFoldDynamic_EigCentrality_b300,1,2,GCN,100,110,10,1.4603111743927002,0.3657718002796173,1.4545279741287231,0.3959731459617615,True,100
syn-cora-h0.10-r1,StratifiedKFoldDynamic_EigCentrality_b300,1,1,GCN,101,111,11,1.4658383131027222,0.3657718002796173,1.458473563194275,0.34563758969306946,True,100
syn-cora-h0.10-r1,StratifiedKFoldDynamic_EigCentrality_b300,1,3,GCN,100,110,10,1.4641770124435425,0.3758389353752136,1.4800854921340942,0.3724832236766815,True,100
syn-cora-h0.10-r1,StratifiedKFoldDynamic_EigCentrality_b300,1,3,GCN,101,110,10,1.4835853576660156,0.37919461727142334,1.500648856163025,0.3657718002796173,True,100
syn-cora-h0.10-r1,StratifiedKFoldDynamic_EigCentrality_b300,1,4,GCN,100,111,11,1.426988959312439,0.3657718002796173,1.458641767501831,0.38590604066848755,True,100
syn-cora-h0.10-r1,StratifiedKFoldDynamic_EigCentrality_b300,1,4,GCN,101,110,10,1.440510630607605,0.38926175236701965,1.4819256067276,0.3959731459617615,True,100
syn-cora-h0.10-r1,StratifiedKFoldDynamic_EigCentrality_b300,1,5,GCN,100,112,12,1.4405783414840698,0.3624161183834076,1.4396553039550781,0.3993288576602936,True,100
syn-cora-h0.10-r1,StratifiedKFoldDynamic_EigCentrality_b300,1,5,GCN,101,112,12,1.4415217638015747,0.3322147727012634,1.4370368719100952,0.38926175236701965,True,100
syn-cora-h0.10-r1,StratifiedKFoldDynamic_Clustering_b300,1,2,GCN,100,109,9,1.4811931848526,0.37919461727142334,1.4333913326263428,0.4127516746520996,True,100
syn-cora-h0.10-r1,StratifiedKFoldDynamic_Clustering_b300,1,1,GCN,101,112,12,1.4248664379119873,0.37919461727142334,1.4478036165237427,0.38590604066848755,True,100
syn-cora-h0.10-r1,StratifiedKFoldDynamic_Clustering_b300,1,2,GCN,101,111,11,1.496869444847107,0.3758389353752136,1.4256960153579712,0.3959731459617615,True,100
syn-cora-h0.10-r1,StratifiedKFoldDynamic_Clustering_b300,1,1,GCN,100,111,11,1.4265916347503662,0.38255032896995544,1.4339072704315186,0.4093959629535675,True,100
syn-cora-h0.10-r1,StratifiedKFoldDynamic_Clustering_b300,1,3,GCN,100,112,12,1.4272348880767822,0.38255032896995544,1.4842852354049683,0.3691275119781494,True,100
syn-cora-h0.10-r1,StratifiedKFoldDynamic_Clustering_b300,1,4,GCN,101,110,10,1.4721717834472656,0.37919461727142334,1.4601738452911377,0.3758389353752136,True,100
syn-cora-h0.10-r1,StratifiedKFoldDynamic_Clustering_b300,1,4,GCN,100,111,11,1.469530701637268,0.3624161183834076,1.4506868124008179,0.3624161183834076,True,100
syn-cora-h0.10-r1,StratifiedKFoldDynamic_Clustering_b300,1,3,GCN,101,112,12,1.4456738233566284,0.3691275119781494,1.5007996559143066,0.3724832236766815,True,100
syn-cora-h0.10-r1,StratifiedKFoldDynamic_Clustering_b300,1,5,GCN,100,110,10,1.4199004173278809,0.4127516746520996,1.458059310913086,0.3657718002796173,True,100
syn-cora-h0.10-r1,StratifiedKFoldDynamic_Clustering_b300,1,5,GCN,101,110,10,1.4163649082183838,0.4194630980491638,1.4534387588500977,0.39261746406555176,True,100
syn-cora-h0.10-r1,RandomKFold,2,2,GCN,100,109,9,1.466611623764038,0.3288590610027313,1.4854609966278076,0.34228187799453735,True,100
syn-cora-h0.10-r1,RandomKFold,2,1,GCN,101,111,11,1.4913495779037476,0.3221476376056671,1.4419175386428833,0.3523489832878113,True,100
syn-cora-h0.10-r1,RandomKFold,2,1,GCN,100,110,10,1.4875941276550293,0.3288590610027313,1.4324744939804077,0.38255032896995544,True,100
syn-cora-h0.10-r1,RandomKFold,2,2,GCN,101,109,9,1.4753574132919312,0.34563758969306946,1.500990629196167,0.34563758969306946,True,100
syn-cora-h0.10-r1,RandomKFold,2,3,GCN,100,111,11,1.4592372179031372,0.3724832236766815,1.4595398902893066,0.3557046949863434,True,100
syn-cora-h0.10-r1,RandomKFold,2,3,GCN,101,110,10,1.4691243171691895,0.34563758969306946,1.4539971351623535,0.3691275119781494,True,100
syn-cora-h0.10-r1,RandomKFold,2,4,GCN,100,111,11,1.4237314462661743,0.4127516746520996,1.4837403297424316,0.3523489832878113,True,100
syn-cora-h0.10-r1,RandomKFold,2,4,GCN,101,111,11,1.4427602291107178,0.4026845693588257,1.5002237558364868,0.3557046949863434,True,100
syn-cora-h0.10-r1,RandomKFold,2,5,GCN,100,110,10,1.4380933046340942,0.3691275119781494,1.4288326501846313,0.38926175236701965,True,100
syn-cora-h0.10-r1,RandomKFold,2,5,GCN,101,112,12,1.4275262355804443,0.37919461727142334,1.4388574361801147,0.3758389353752136,True,100
syn-cora-h0.10-r1,LabelStratifiedKFold,2,1,GCN,101,110,10,1.4715479612350464,0.3758389353752136,1.4226502180099487,0.4194630980491638,True,100
syn-cora-h0.10-r1,LabelStratifiedKFold,2,1,GCN,100,110,10,1.4537676572799683,0.3657718002796173,1.4077783823013306,0.4161073863506317,True,100
syn-cora-h0.10-r1,LabelStratifiedKFold,2,2,GCN,100,111,11,1.4535759687423706,0.3758389353752136,1.4575936794281006,0.3657718002796173,True,100
syn-cora-h0.10-r1,LabelStratifiedKFold,2,2,GCN,101,110,10,1.4729160070419312,0.37919461727142334,1.4666086435317993,0.34563758969306946,True,100
syn-cora-h0.10-r1,LabelStratifiedKFold,2,3,GCN,100,109,9,1.4804284572601318,0.34228187799453735,1.4619802236557007,0.3657718002796173,True,100
syn-cora-h0.10-r1,LabelStratifiedKFold,2,3,GCN,101,109,9,1.486530065536499,0.3557046949863434,1.468156099319458,0.3959731459617615,True,100
syn-cora-h0.10-r1,LabelStratifiedKFold,2,4,GCN,100,111,11,1.4367461204528809,0.42953020334243774,1.486910343170166,0.3255033493041992,True,100
syn-cora-h0.10-r1,LabelStratifiedKFold,2,4,GCN,101,112,12,1.4494869709014893,0.4060402810573578,1.5044000148773193,0.3322147727012634,True,100
syn-cora-h0.10-r1,LabelStratifiedKFold,2,5,GCN,100,111,11,1.443287968635559,0.3557046949863434,1.4586519002914429,0.37919461727142334,True,100
syn-cora-h0.10-r1,LabelStratifiedKFold,2,5,GCN,101,111,11,1.439367413520813,0.39261746406555176,1.472529649734497,0.3590604066848755,True,100
syn-cora-h0.10-r1,StratifiedKFoldDynamic_Degree_b300,2,1,GCN,101,110,10,1.4448679685592651,0.39261746406555176,1.4984198808670044,0.33557048439979553,True,100
syn-cora-h0.10-r1,StratifiedKFoldDynamic_Degree_b300,2,2,GCN,100,110,10,1.4629696607589722,0.38590604066848755,1.4632225036621094,0.37919461727142334,True,100
syn-cora-h0.10-r1,StratifiedKFoldDynamic_Degree_b300,2,1,GCN,100,110,10,1.4581503868103027,0.39261746406555176,1.4981515407562256,0.3221476376056671,True,100
syn-cora-h0.10-r1,StratifiedKFoldDynamic_Degree_b300,2,2,GCN,101,110,10,1.4809808731079102,0.3959731459617615,1.4574902057647705,0.38926175236701965,True,100
syn-cora-h0.10-r1,StratifiedKFoldDynamic_Degree_b300,2,3,GCN,100,111,11,1.4096159934997559,0.4194630980491638,1.4714295864105225,0.3624161183834076,True,100
syn-cora-h0.10-r1,StratifiedKFoldDynamic_Degree_b300,2,4,GCN,100,111,11,1.4377602338790894,0.38926175236701965,1.4440498352050781,0.38926175236701965,True,100
syn-cora-h0.10-r1,StratifiedKFoldDynamic_Degree_b300,2,3,GCN,101,112,12,1.4419028759002686,0.3993288576602936,1.4747661352157593,0.3758389353752136,True,100
syn-cora-h0.10-r1,StratifiedKFoldDynamic_Degree_b300,2,4,GCN,101,111,11,1.4362411499023438,0.42953020334243774,1.4718936681747437,0.3523489832878113,True,100
syn-cora-h0.10-r1,StratifiedKFoldDynamic_Degree_b300,2,5,GCN,100,109,9,1.5024068355560303,0.3221476376056671,1.4436099529266357,0.3993288576602936,True,100
syn-cora-h0.10-r1,StratifiedKFoldDynamic_Degree_b300,2,5,GCN,101,109,9,1.5054408311843872,0.28859061002731323,1.4465692043304443,0.4060402810573578,True,100
syn-cora-h0.10-r1,StratifiedKFoldDynamic_NeighHet_b300,2,2,GCN,101,110,10,1.5040030479431152,0.33892616629600525,1.4467440843582153,0.3758389353752136,True,100
syn-cora-h0.10-r1,StratifiedKFoldDynamic_NeighHet_b300,2,2,GCN,100,109,9,1.4789611101150513,0.3590604066848755,1.4352864027023315,0.38926175236701965,True,100
syn-cora-h0.10-r1,StratifiedKFoldDynamic_NeighHet_b300,2,1,GCN,101,112,12,1.4830965995788574,0.33892616629600525,1.491816759109497,0.3523489832878113,True,100
syn-cora-h0.10-r1,StratifiedKFoldDynamic_NeighHet_b300,2,1,GCN,100,110,10,1.4771257638931274,0.3255033493041992,1.4899568557739258,0.3523489832878113,True,100
syn-cora-h0.10-r1,StratifiedKFoldDynamic_NeighHet_b300,2,3,GCN,100,111,11,1.4259593486785889,0.37919461727142334,1.5073572397232056,0.34899330139160156,True,100
syn-cora-h0.10-r1,StratifiedKFoldDynamic_NeighHet_b300,2,3,GCN,101,110,10,1.4367574453353882,0.3758389353752136,1.5211493968963623,0.3322147727012634,True,100
syn-cora-h0.10-r1,StratifiedKFoldDynamic_NeighHet_b300,2,4,GCN,100,111,11,1.458274006843567,0.37919461727142334,1.4121906757354736,0.3959731459617615,True,100
syn-cora-h0.10-r1,StratifiedKFoldDynamic_NeighHet_b300,2,4,GCN,101,112,12,1.4419608116149902,0.37919461727142334,1.430859923362732,0.39261746406555176,True,100
syn-cora-h0.10-r1,StratifiedKFoldDynamic_NeighHet_b300,2,5,GCN,100,110,10,1.4517680406570435,0.38926175236701965,1.4522126913070679,0.3590604066848755,True,100
syn-cora-h0.10-r1,StratifiedKFoldDynamic_NeighHet_b300,2,5,GCN,101,113,13,1.4433488845825195,0.4093959629535675,1.4508330821990967,0.3724832236766815,True,100
syn-cora-h0.10-r1,StratifiedKFoldDynamic_PageRank_b300,2,2,GCN,100,110,10,1.4671915769577026,0.39261746406555176,1.4477180242538452,0.3657718002796173,True,100
syn-cora-h0.10-r1,StratifiedKFoldDynamic_PageRank_b300,2,1,GCN,101,111,11,1.444932222366333,0.3557046949863434,1.4779781103134155,0.3557046949863434,True,100
syn-cora-h0.10-r1,StratifiedKFoldDynamic_PageRank_b300,2,2,GCN,101,109,9,1.4793516397476196,0.4026845693588257,1.4760854244232178,0.34899330139160156,True,100
syn-cora-h0.10-r1,StratifiedKFoldDynamic_PageRank_b300,2,1,GCN,100,112,12,1.4349870681762695,0.3523489832878113,1.4821488857269287,0.37919461727142334,True,100
syn-cora-h0.10-r1,StratifiedKFoldDynamic_PageRank_b300,2,4,GCN,100,110,10,1.4103033542633057,0.4093959629535675,1.4843215942382812,0.33557048439979553,True,100
syn-cora-h0.10-r1,StratifiedKFoldDynamic_PageRank_b300,2,3,GCN,100,111,11,1.4556188583374023,0.3691275119781494,1.4627221822738647,0.3691275119781494,True,100
syn-cora-h0.10-r1,StratifiedKFoldDynamic_PageRank_b300,2,4,GCN,101,110,10,1.41835618019104,0.43288591504096985,1.4962666034698486,0.33557048439979553,True,100
syn-cora-h0.10-r1,StratifiedKFoldDynamic_PageRank_b300,2,3,GCN,101,111,11,1.4439696073532104,0.3691275119781494,1.453972578048706,0.3657718002796173,True,100
syn-cora-h0.10-r1,StratifiedKFoldDynamic_PageRank_b300,2,5,GCN,100,110,10,1.4811593294143677,0.3959731459617615,1.3978723287582397,0.42617449164390564,True,100
syn-cora-h0.10-r1,StratifiedKFoldDynamic_PageRank_b300,2,5,GCN,101,110,10,1.4686030149459839,0.38255032896995544,1.4105849266052246,0.4026845693588257,True,100
syn-cora-h0.10-r1,StratifiedKFoldDynamic_EigCentrality_b300,2,2,GCN,100,109,9,1.44661283493042,0.34899330139160156,1.463901162147522,0.38926175236701965,True,100
syn-cora-h0.10-r1,StratifiedKFoldDynamic_EigCentrality_b300,2,1,GCN,101,111,11,1.4874930381774902,0.3724832236766815,1.428149938583374,0.3959731459617615,True,100
syn-cora-h0.10-r1,StratifiedKFoldDynamic_EigCentrality_b300,2,2,GCN,101,112,12,1.460192322731018,0.3322147727012634,1.4650105237960815,0.39261746406555176,True,100
syn-cora-h0.10-r1,StratifiedKFoldDynamic_EigCentrality_b300,2,1,GCN,100,109,9,1.4734352827072144,0.38255032896995544,1.4517844915390015,0.39261746406555176,True,100
syn-cora-h0.10-r1,StratifiedKFoldDynamic_EigCentrality_b300,2,3,GCN,101,110,10,1.4970613718032837,0.3590604066848755,1.4941551685333252,0.3120805323123932,True,100
syn-cora-h0.10-r1,StratifiedKFoldDynamic_EigCentrality_b300,2,4,GCN,100,109,9,1.4866254329681396,0.34563758969306946,1.4509860277175903,0.4060402810573578,True,100
syn-cora-h0.10-r1,StratifiedKFoldDynamic_EigCentrality_b300,2,3,GCN,100,110,10,1.4638680219650269,0.38255032896995544,1.4586458206176758,0.3221476376056671,True,100
syn-cora-h0.10-r1,StratifiedKFoldDynamic_EigCentrality_b300,2,4,GCN,101,109,9,1.4806305170059204,0.3624161183834076,1.466067910194397,0.37919461727142334,True,100
syn-cora-h0.10-r1,StratifiedKFoldDynamic_EigCentrality_b300,2,5,GCN,100,109,9,1.4633569717407227,0.3758389353752136,1.493632435798645,0.34899330139160156,True,100
syn-cora-h0.10-r1,StratifiedKFoldDynamic_EigCentrality_b300,2,5,GCN,101,112,12,1.4500818252563477,0.38590604066848755,1.517542839050293,0.34228187799453735,True,100
syn-cora-h0.10-r1,StratifiedKFoldDynamic_Clustering_b300,2,1,GCN,100,107,7,1.4965046644210815,0.34899330139160156,1.4671181440353394,0.3657718002796173,True,100
syn-cora-h0.10-r1,StratifiedKFoldDynamic_Clustering_b300,2,1,GCN,101,110,10,1.507814884185791,0.3657718002796173,1.459606647491455,0.3523489832878113,True,100
syn-cora-h0.10-r1,StratifiedKFoldDynamic_Clustering_b300,2,2,GCN,100,110,10,1.4240254163742065,0.3691275119781494,1.5027556419372559,0.34899330139160156,True,100
syn-cora-h0.10-r1,StratifiedKFoldDynamic_Clustering_b300,2,2,GCN,101,112,12,1.426034927368164,0.38255032896995544,1.5122575759887695,0.3557046949863434,True,100
syn-cora-h0.10-r1,StratifiedKFoldDynamic_Clustering_b300,2,3,GCN,100,110,10,1.4570543766021729,0.3691275119781494,1.4389138221740723,0.4161073863506317,True,100
syn-cora-h0.10-r1,StratifiedKFoldDynamic_Clustering_b300,2,4,GCN,100,110,10,1.4529081583023071,0.34899330139160156,1.4315824508666992,0.4194630980491638,True,100
syn-cora-h0.10-r1,StratifiedKFoldDynamic_Clustering_b300,2,3,GCN,101,113,13,1.4604408740997314,0.3322147727012634,1.4481676816940308,0.3993288576602936,True,100
syn-cora-h0.10-r1,StratifiedKFoldDynamic_Clustering_b300,2,4,GCN,101,111,11,1.4798784255981445,0.34563758969306946,1.4470205307006836,0.3657718002796173,True,100
syn-cora-h0.10-r1,StratifiedKFoldDynamic_Clustering_b300,2,5,GCN,100,108,8,1.4677495956420898,0.37919461727142334,1.4475386142730713,0.3724832236766815,True,100
syn-cora-h0.10-r1,StratifiedKFoldDynamic_Clustering_b300,2,5,GCN,101,110,10,1.4615122079849243,0.3691275119781494,1.4605141878128052,0.34228187799453735,True,100
syn-cora-h0.10-r1,RandomKFold,3,1,GCN,101,111,11,1.4787554740905762,0.37919461727142334,1.502171277999878,0.3758389353752136,True,100
syn-cora-h0.10-r1,RandomKFold,3,1,GCN,100,111,11,1.4662679433822632,0.37919461727142334,1.4863502979278564,0.39261746406555176,True,100
syn-cora-h0.10-r1,RandomKFold,3,2,GCN,101,110,10,1.4764931201934814,0.33892616629600525,1.4572781324386597,0.3758389353752136,True,100
syn-cora-h0.10-r1,RandomKFold,3,2,GCN,100,112,12,1.4773411750793457,0.38926175236701965,1.4542253017425537,0.38926175236701965,True,100
syn-cora-h0.10-r1,RandomKFold,3,3,GCN,100,110,10,1.4566818475723267,0.34228187799453735,1.5065546035766602,0.3120805323123932,True,100
syn-cora-h0.10-r1,RandomKFold,3,3,GCN,101,110,10,1.4822282791137695,0.3322147727012634,1.5021355152130127,0.3288590610027313,True,100
syn-cora-h0.10-r1,RandomKFold,3,4,GCN,100,111,11,1.4222557544708252,0.3959731459617615,1.454330563545227,0.34899330139160156,True,100
syn-cora-h0.10-r1,RandomKFold,3,4,GCN,101,111,11,1.4454970359802246,0.4026845693588257,1.4681984186172485,0.38590604066848755,True,100
syn-cora-h0.10-r1,RandomKFold,3,5,GCN,100,109,9,1.4838114976882935,0.37919461727142334,1.4220185279846191,0.38926175236701965,True,100
syn-cora-h0.10-r1,RandomKFold,3,5,GCN,101,110,10,1.5066423416137695,0.38255032896995544,1.4418977499008179,0.38590604066848755,True,100
syn-cora-h0.10-r1,LabelStratifiedKFold,3,2,GCN,101,110,10,1.4723666906356812,0.37919461727142334,1.4789689779281616,0.34899330139160156,True,100
syn-cora-h0.10-r1,LabelStratifiedKFold,3,2,GCN,100,109,9,1.4750151634216309,0.38590604066848755,1.477025032043457,0.34563758969306946,True,100
syn-cora-h0.10-r1,LabelStratifiedKFold,3,1,GCN,100,110,10,1.444520354270935,0.37919461727142334,1.4423853158950806,0.34228187799453735,True,100
syn-cora-h0.10-r1,LabelStratifiedKFold,3,1,GCN,101,110,10,1.4630107879638672,0.38926175236701965,1.4444491863250732,0.3657718002796173,True,100
syn-cora-h0.10-r1,LabelStratifiedKFold,3,4,GCN,100,111,11,1.4376158714294434,0.3657718002796173,1.4433575868606567,0.38590604066848755,True,100
syn-cora-h0.10-r1,LabelStratifiedKFold,3,3,GCN,101,112,12,1.420727014541626,0.39261746406555176,1.4715602397918701,0.39261746406555176,True,100
syn-cora-h0.10-r1,LabelStratifiedKFold,3,3,GCN,100,112,12,1.4160465002059937,0.38255032896995544,1.4616005420684814,0.4161073863506317,True,100
syn-cora-h0.10-r1,LabelStratifiedKFold,3,4,GCN,101,112,12,1.4462648630142212,0.34563758969306946,1.4380950927734375,0.39261746406555176,True,100
syn-cora-h0.10-r1,LabelStratifiedKFold,3,5,GCN,100,110,10,1.4503387212753296,0.34899330139160156,1.4429993629455566,0.3724832236766815,True,100
syn-cora-h0.10-r1,LabelStratifiedKFold,3,5,GCN,101,110,10,1.456767201423645,0.3724832236766815,1.4449048042297363,0.3523489832878113,True,100
syn-cora-h0.10-r1,StratifiedKFoldDynamic_Degree_b300,3,2,GCN,100,110,10,1.4725701808929443,0.3758389353752136,1.4589369297027588,0.3657718002796173,True,100
syn-cora-h0.10-r1,StratifiedKFoldDynamic_Degree_b300,3,1,GCN,100,109,9,1.4397497177124023,0.3691275119781494,1.4344152212142944,0.39261746406555176,True,100
syn-cora-h0.10-r1,StratifiedKFoldDynamic_Degree_b300,3,1,GCN,101,113,13,1.4332771301269531,0.38255032896995544,1.4528648853302002,0.38590604066848755,True,100
syn-cora-h0.10-r1,StratifiedKFoldDynamic_Degree_b300,3,2,GCN,101,110,10,1.4905773401260376,0.3590604066848755,1.4740114212036133,0.33557048439979553,True,100
syn-cora-h0.10-r1,StratifiedKFoldDynamic_Degree_b300,3,3,GCN,100,109,9,1.4681569337844849,0.3691275119781494,1.4595296382904053,0.39261746406555176,True,100
syn-cora-h0.10-r1,StratifiedKFoldDynamic_Degree_b300,3,3,GCN,101,109,9,1.4753550291061401,0.34228187799453735,1.471865177154541,0.3724832236766815,True,100
syn-cora-h0.10-r1,StratifiedKFoldDynamic_Degree_b300,3,4,GCN,101,112,12,1.4043184518814087,0.4429530203342438,1.4902551174163818,0.3691275119781494,True,100
syn-cora-h0.10-r1,StratifiedKFoldDynamic_Degree_b300,3,4,GCN,100,112,12,1.4012385606765747,0.43288591504096985,1.5013046264648438,0.38255032896995544,True,100
syn-cora-h0.10-r1,StratifiedKFoldDynamic_Degree_b300,3,5,GCN,100,111,11,1.4695380926132202,0.3557046949863434,1.4217822551727295,0.3993288576602936,True,100
syn-cora-h0.10-r1,StratifiedKFoldDynamic_Degree_b300,3,5,GCN,101,111,11,1.481603741645813,0.34899330139160156,1.4258378744125366,0.4060402810573578,True,100
syn-cora-h0.10-r1,StratifiedKFoldDynamic_NeighHet_b300,3,2,GCN,100,110,10,1.4605560302734375,0.3221476376056671,1.4603604078292847,0.34228187799453735,True,100
syn-cora-h0.10-r1,StratifiedKFoldDynamic_NeighHet_b300,3,1,GCN,101,110,10,1.4706380367279053,0.3624161183834076,1.453318476676941,0.3758389353752136,True,100
syn-cora-h0.10-r1,StratifiedKFoldDynamic_NeighHet_b300,3,1,GCN,100,111,11,1.4600505828857422,0.3523489832878113,1.4359585046768188,0.4093959629535675,True,100
syn-cora-h0.10-r1,StratifiedKFoldDynamic_NeighHet_b300,3,2,GCN,101,112,12,1.4646644592285156,0.33892616629600525,1.4421395063400269,0.3590604066848755,True,100
syn-cora-h0.10-r1,StratifiedKFoldDynamic_NeighHet_b300,3,3,GCN,100,109,9,1.4720102548599243,0.3724832236766815,1.4603253602981567,0.3523489832878113,True,100
syn-cora-h0.10-r1,StratifiedKFoldDynamic_NeighHet_b300,3,4,GCN,100,109,9,1.4761170148849487,0.38590604066848755,1.5126861333847046,0.3120805323123932,True,100
syn-cora-h0.10-r1,StratifiedKFoldDynamic_NeighHet_b300,3,3,GCN,101,109,9,1.490005373954773,0.38590604066848755,1.4610979557037354,0.3657718002796173,True,100
syn-cora-h0.10-r1,StratifiedKFoldDynamic_NeighHet_b300,3,4,GCN,101,110,10,1.4789466857910156,0.3959731459617615,1.5142656564712524,0.34563758969306946,True,100
syn-cora-h0.10-r1,StratifiedKFoldDynamic_NeighHet_b300,3,5,GCN,100,111,11,1.3974583148956299,0.3993288576602936,1.4343969821929932,0.4127516746520996,True,100
syn-cora-h0.10-r1,StratifiedKFoldDynamic_NeighHet_b300,3,5,GCN,101,113,13,1.415101170539856,0.37919461727142334,1.4256668090820312,0.43624159693717957,True,100
syn-cora-h0.10-r1,StratifiedKFoldDynamic_PageRank_b300,3,2,GCN,100,110,10,1.4541176557540894,0.34899330139160156,1.4843971729278564,0.34563758969306946,True,100
syn-cora-h0.10-r1,StratifiedKFoldDynamic_PageRank_b300,3,2,GCN,101,110,10,1.462554693222046,0.3590604066848755,1.5162253379821777,0.3590604066848755,True,100
syn-cora-h0.10-r1,StratifiedKFoldDynamic_PageRank_b300,3,1,GCN,100,110,10,1.475041389465332,0.3590604066848755,1.4095866680145264,0.4161073863506317,True,100
syn-cora-h0.10-r1,StratifiedKFoldDynamic_PageRank_b300,3,1,GCN,101,109,9,1.4974992275238037,0.34563758969306946,1.4079158306121826,0.42281877994537354,True,100
syn-cora-h0.10-r1,StratifiedKFoldDynamic_PageRank_b300,3,4,GCN,101,109,9,1.5226417779922485,0.3523489832878113,1.462584376335144,0.38590604066848755,True,100
syn-cora-h0.10-r1,StratifiedKFoldDynamic_PageRank_b300,3,3,GCN,100,111,11,1.466354489326477,0.38590604066848755,1.4547792673110962,0.3657718002796173,True,100
syn-cora-h0.10-r1,StratifiedKFoldDynamic_PageRank_b300,3,4,GCN,100,109,9,1.5026073455810547,0.3557046949863434,1.4531447887420654,0.3993288576602936,True,100
syn-cora-h0.10-r1,StratifiedKFoldDynamic_PageRank_b300,3,3,GCN,101,111,11,1.4686357975006104,0.3657718002796173,1.4718174934387207,0.3221476376056671,True,100
syn-cora-h0.10-r1,StratifiedKFoldDynamic_PageRank_b300,3,5,GCN,100,112,12,1.4062020778656006,0.4093959629535675,1.5557924509048462,0.3120805323123932,True,100
syn-cora-h0.10-r1,StratifiedKFoldDynamic_PageRank_b300,3,5,GCN,101,113,13,1.3931384086608887,0.4026845693588257,1.5868521928787231,0.29194632172584534,True,100
syn-cora-h0.10-r1,StratifiedKFoldDynamic_EigCentrality_b300,3,1,GCN,101,110,10,1.4885748624801636,0.3523489832878113,1.4564282894134521,0.3657718002796173,True,100
syn-cora-h0.10-r1,StratifiedKFoldDynamic_EigCentrality_b300,3,2,GCN,100,109,9,1.4642001390457153,0.3557046949863434,1.4302318096160889,0.42281877994537354,True,100
syn-cora-h0.10-r1,StratifiedKFoldDynamic_EigCentrality_b300,3,2,GCN,101,111,11,1.4832793474197388,0.34899330139160156,1.4341812133789062,0.4093959629535675,True,100
syn-cora-h0.10-r1,StratifiedKFoldDynamic_EigCentrality_b300,3,1,GCN,100,111,11,1.4691927433013916,0.34899330139160156,1.445016860961914,0.3758389353752136,True,100
syn-cora-h0.10-r1,StratifiedKFoldDynamic_EigCentrality_b300,3,4,GCN,100,108,8,1.490968942642212,0.33892616629600525,1.477318525314331,0.33557048439979553,True,100
syn-cora-h0.10-r1,StratifiedKFoldDynamic_EigCentrality_b300,3,3,GCN,101,111,11,1.460490345954895,0.3959731459617615,1.4855412244796753,0.34563758969306946,True,100
syn-cora-h0.10-r1,StratifiedKFoldDynamic_EigCentrality_b300,3,3,GCN,100,111,11,1.442111849784851,0.3557046949863434,1.4853371381759644,0.34228187799453735,True,100
syn-cora-h0.10-r1,StratifiedKFoldDynamic_EigCentrality_b300,3,4,GCN,101,108,8,1.4983495473861694,0.3624161183834076,1.4839187860488892,0.3523489832878113,True,100
syn-cora-h0.10-r1,StratifiedKFoldDynamic_EigCentrality_b300,3,5,GCN,100,110,10,1.40742826461792,0.38590604066848755,1.497955560684204,0.3691275119781494,True,100
syn-cora-h0.10-r1,StratifiedKFoldDynamic_EigCentrality_b300,3,5,GCN,101,113,13,1.415857195854187,0.3959731459617615,1.5259673595428467,0.3724832236766815,True,100
syn-cora-h0.10-r1,StratifiedKFoldDynamic_Clustering_b300,3,2,GCN,101,109,9,1.4823077917099,0.3724832236766815,1.4275323152542114,0.4026845693588257,True,100
syn-cora-h0.10-r1,StratifiedKFoldDynamic_Clustering_b300,3,1,GCN,100,110,10,1.438095211982727,0.3993288576602936,1.4386769533157349,0.4194630980491638,True,100
syn-cora-h0.10-r1,StratifiedKFoldDynamic_Clustering_b300,3,2,GCN,100,109,9,1.4677551984786987,0.3557046949863434,1.4257351160049438,0.3959731459617615,True,100
syn-cora-h0.10-r1,StratifiedKFoldDynamic_Clustering_b300,3,1,GCN,101,113,13,1.4250218868255615,0.3959731459617615,1.4773457050323486,0.38255032896995544,True,100
syn-cora-h0.10-r1,StratifiedKFoldDynamic_Clustering_b300,3,4,GCN,100,109,9,1.5169062614440918,0.3120805323123932,1.4672229290008545,0.3590604066848755,True,100
syn-cora-h0.10-r1,StratifiedKFoldDynamic_Clustering_b300,3,3,GCN,101,112,12,1.4551329612731934,0.3724832236766815,1.490107536315918,0.3758389353752136,True,100
syn-cora-h0.10-r1,StratifiedKFoldDynamic_Clustering_b300,3,3,GCN,100,111,11,1.4445568323135376,0.3724832236766815,1.4765353202819824,0.4060402810573578,True,100
syn-cora-h0.10-r1,StratifiedKFoldDynamic_Clustering_b300,3,4,GCN,101,109,9,1.514328122138977,0.3154362440109253,1.4869083166122437,0.33557048439979553,True,100
syn-cora-h0.10-r1,StratifiedKFoldDynamic_Clustering_b300,3,5,GCN,100,112,12,1.3951797485351562,0.42617449164390564,1.490715503692627,0.3288590610027313,True,100
syn-cora-h0.10-r1,StratifiedKFoldDynamic_Clustering_b300,3,5,GCN,101,112,12,1.4287521839141846,0.4127516746520996,1.5213204622268677,0.33892616629600525,True,100
syn-cora-h0.10-r1,RandomKFold,4,1,GCN,100,110,10,1.476285457611084,0.3221476376056671,1.4559272527694702,0.37919461727142334,True,100
syn-cora-h0.10-r1,RandomKFold,4,2,GCN,100,110,10,1.4655503034591675,0.3590604066848755,1.477936863899231,0.3523489832878113,True,100
syn-cora-h0.10-r1,RandomKFold,4,2,GCN,101,110,10,1.4634830951690674,0.3724832236766815,1.4883164167404175,0.3691275119781494,True,100
syn-cora-h0.10-r1,RandomKFold,4,1,GCN,101,111,11,1.4888041019439697,0.3322147727012634,1.4684360027313232,0.3657718002796173,True,100
syn-cora-h0.10-r1,RandomKFold,4,4,GCN,100,112,12,1.4559612274169922,0.3691275119781494,1.4367256164550781,0.34899330139160156,True,100
syn-cora-h0.10-r1,RandomKFold,4,3,GCN,101,112,12,1.4432597160339355,0.38590604066848755,1.4888713359832764,0.3322147727012634,True,100
syn-cora-h0.10-r1,RandomKFold,4,3,GCN,100,112,12,1.4417294263839722,0.3758389353752136,1.5103113651275635,0.34899330139160156,True,100
syn-cora-h0.10-r1,RandomKFold,4,4,GCN,101,111,11,1.4770066738128662,0.3590604066848755,1.4464534521102905,0.3624161183834076,True,100
syn-cora-h0.10-r1,RandomKFold,4,5,GCN,100,110,10,1.4663169384002686,0.33892616629600525,1.467397689819336,0.3691275119781494,True,100
syn-cora-h0.10-r1,RandomKFold,4,5,GCN,101,110,10,1.4709584712982178,0.3557046949863434,1.4667952060699463,0.3624161183834076,True,100
syn-cora-h0.10-r1,LabelStratifiedKFold,4,2,GCN,101,109,9,1.4998886585235596,0.34563758969306946,1.4510891437530518,0.39261746406555176,True,100
syn-cora-h0.10-r1,LabelStratifiedKFold,4,1,GCN,100,112,12,1.4098869562149048,0.4161073863506317,1.399922490119934,0.3993288576602936,True,100
syn-cora-h0.10-r1,LabelStratifiedKFold,4,2,GCN,100,110,10,1.5011948347091675,0.3557046949863434,1.4144810438156128,0.4060402810573578,True,100
syn-cora-h0.10-r1,LabelStratifiedKFold,4,1,GCN,101,113,13,1.4276143312454224,0.4060402810573578,1.3992351293563843,0.4194630980491638,True,100
syn-cora-h0.10-r1,LabelStratifiedKFold,4,3,GCN,101,110,10,1.4501498937606812,0.39261746406555176,1.488356590270996,0.3691275119781494,True,100
syn-cora-h0.10-r1,LabelStratifiedKFold,4,3,GCN,100,110,10,1.4569867849349976,0.33892616629600525,1.4949049949645996,0.38255032896995544,True,100
syn-cora-h0.10-r1,LabelStratifiedKFold,4,4,GCN,100,109,9,1.4599710702896118,0.3657718002796173,1.4690451622009277,0.33557048439979553,True,100
syn-cora-h0.10-r1,LabelStratifiedKFold,4,4,GCN,101,112,12,1.4502216577529907,0.3758389353752136,1.4594221115112305,0.37919461727142334,True,100
syn-cora-h0.10-r1,LabelStratifiedKFold,4,5,GCN,101,109,9,1.4592646360397339,0.3523489832878113,1.4900507926940918,0.3691275119781494,True,100
syn-cora-h0.10-r1,LabelStratifiedKFold,4,5,GCN,100,111,11,1.443013310432434,0.3691275119781494,1.4984291791915894,0.3691275119781494,True,100
syn-cora-h0.10-r1,StratifiedKFoldDynamic_Degree_b300,4,2,GCN,100,109,9,1.4821475744247437,0.3322147727012634,1.448435664176941,0.3959731459617615,True,100
syn-cora-h0.10-r1,StratifiedKFoldDynamic_Degree_b300,4,1,GCN,101,111,11,1.469659447669983,0.3959731459617615,1.4903380870819092,0.34228187799453735,True,100
syn-cora-h0.10-r1,StratifiedKFoldDynamic_Degree_b300,4,2,GCN,101,109,9,1.4920806884765625,0.30536913871765137,1.462005376815796,0.3691275119781494,True,100
syn-cora-h0.10-r1,StratifiedKFoldDynamic_Degree_b300,4,1,GCN,100,108,8,1.4662269353866577,0.3657718002796173,1.4754611253738403,0.3557046949863434,True,100
syn-cora-h0.10-r1,StratifiedKFoldDynamic_Degree_b300,4,4,GCN,101,110,10,1.4581440687179565,0.38590604066848755,1.4595489501953125,0.37919461727142334,True,100
syn-cora-h0.10-r1,StratifiedKFoldDynamic_Degree_b300,4,3,GCN,100,111,11,1.4478034973144531,0.4060402810573578,1.523409366607666,0.33557048439979553,True,100
syn-cora-h0.10-r1,StratifiedKFoldDynamic_Degree_b300,4,3,GCN,101,112,12,1.4641529321670532,0.3959731459617615,1.529728889465332,0.3221476376056671,True,100
syn-cora-h0.10-r1,StratifiedKFoldDynamic_Degree_b300,4,4,GCN,100,111,11,1.4623998403549194,0.37919461727142334,1.4584537744522095,0.3724832236766815,True,100
syn-cora-h0.10-r1,StratifiedKFoldDynamic_Degree_b300,4,5,GCN,100,109,9,1.4650105237960815,0.38926175236701965,1.463122010231018,0.3557046949863434,True,100
syn-cora-h0.10-r1,StratifiedKFoldDynamic_Degree_b300,4,5,GCN,101,110,10,1.4770969152450562,0.3758389353752136,1.4440408945083618,0.39261746406555176,True,100
syn-cora-h0.10-r1,StratifiedKFoldDynamic_NeighHet_b300,4,1,GCN,100,109,9,1.46518874168396,0.34899330139160156,1.4791725873947144,0.38926175236701965,True,100
syn-cora-h0.10-r1,StratifiedKFoldDynamic_NeighHet_b300,4,2,GCN,101,110,10,1.4853237867355347,0.3557046949863434,1.4568246603012085,0.38255032896995544,True,100
syn-cora-h0.10-r1,StratifiedKFoldDynamic_NeighHet_b300,4,1,GCN,101,110,10,1.460949182510376,0.3758389353752136,1.4845491647720337,0.3724832236766815,True,100
syn-cora-h0.10-r1,StratifiedKFoldDynamic_NeighHet_b300,4,2,GCN,100,110,10,1.4633429050445557,0.34563758969306946,1.4489284753799438,0.37919461727142334,True,100
syn-cora-h0.10-r1,StratifiedKFoldDynamic_NeighHet_b300,4,4,GCN,101,111,11,1.4199309349060059,0.37919461727142334,1.4918091297149658,0.34563758969306946,True,100
syn-cora-h0.10-r1,StratifiedKFoldDynamic_NeighHet_b300,4,3,GCN,101,110,10,1.5033345222473145,0.34563758969306946,1.4966434240341187,0.3590604066848755,True,100
syn-cora-h0.10-r1,StratifiedKFoldDynamic_NeighHet_b300,4,3,GCN,100,109,9,1.4950896501541138,0.34899330139160156,1.4810987710952759,0.37919461727142334,True,100
syn-cora-h0.10-r1,StratifiedKFoldDynamic_NeighHet_b300,4,4,GCN,100,113,13,1.4222877025604248,0.39261746406555176,1.5079814195632935,0.3657718002796173,True,100
syn-cora-h0.10-r1,StratifiedKFoldDynamic_NeighHet_b300,4,5,GCN,101,109,9,1.5060697793960571,0.3557046949863434,1.4587599039077759,0.3590604066848755,True,100
syn-cora-h0.10-r1,StratifiedKFoldDynamic_NeighHet_b300,4,5,GCN,100,109,9,1.4876387119293213,0.3758389353752136,1.444205641746521,0.3758389353752136,True,100
syn-cora-h0.10-r1,StratifiedKFoldDynamic_PageRank_b300,4,1,GCN,100,111,11,1.3979357481002808,0.4161073863506317,1.4938730001449585,0.33892616629600525,True,100
syn-cora-h0.10-r1,StratifiedKFoldDynamic_PageRank_b300,4,2,GCN,101,110,10,1.4379100799560547,0.4093959629535675,1.4443496465682983,0.3557046949863434,True,100
syn-cora-h0.10-r1,StratifiedKFoldDynamic_PageRank_b300,4,1,GCN,101,112,12,1.414549708366394,0.4127516746520996,1.5224007368087769,0.30201342701911926,True,100
syn-cora-h0.10-r1,StratifiedKFoldDynamic_PageRank_b300,4,2,GCN,100,110,10,1.449576735496521,0.3758389353752136,1.4263653755187988,0.3657718002796173,True,100
syn-cora-h0.10-r1,StratifiedKFoldDynamic_PageRank_b300,4,3,GCN,100,111,11,1.4611554145812988,0.3691275119781494,1.4548635482788086,0.34563758969306946,True,100
syn-cora-h0.10-r1,StratifiedKFoldDynamic_PageRank_b300,4,3,GCN,101,112,12,1.4578330516815186,0.38255032896995544,1.4479632377624512,0.3657718002796173,True,100
syn-cora-h0.10-r1,StratifiedKFoldDynamic_PageRank_b300,4,4,GCN,100,111,11,1.444818377494812,0.38926175236701965,1.4228265285491943,0.38590604066848755,True,100
syn-cora-h0.10-r1,StratifiedKFoldDynamic_PageRank_b300,4,4,GCN,101,113,13,1.448876142501831,0.3691275119781494,1.421621322631836,0.3959731459617615,True,100
syn-cora-h0.10-r1,StratifiedKFoldDynamic_PageRank_b300,4,5,GCN,100,108,8,1.496072769165039,0.3187919557094574,1.468947410583496,0.33557048439979553,True,100
syn-cora-h0.10-r1,StratifiedKFoldDynamic_PageRank_b300,4,5,GCN,101,109,9,1.5048288106918335,0.3288590610027313,1.4609599113464355,0.3724832236766815,True,100
syn-cora-h0.10-r1,StratifiedKFoldDynamic_EigCentrality_b300,4,1,GCN,100,109,9,1.4635380506515503,0.39261746406555176,1.444104552268982,0.3724832236766815,True,100
syn-cora-h0.10-r1,StratifiedKFoldDynamic_EigCentrality_b300,4,2,GCN,101,111,11,1.469230055809021,0.34563758969306946,1.4695583581924438,0.3120805323123932,True,100
syn-cora-h0.10-r1,StratifiedKFoldDynamic_EigCentrality_b300,4,2,GCN,100,111,11,1.4728777408599854,0.34563758969306946,1.4840786457061768,0.34563758969306946,True,100
syn-cora-h0.10-r1,StratifiedKFoldDynamic_EigCentrality_b300,4,1,GCN,101,112,12,1.4515621662139893,0.39261746406555176,1.4555116891860962,0.3724832236766815,True,100
syn-cora-h0.10-r1,StratifiedKFoldDynamic_EigCentrality_b300,4,3,GCN,100,110,10,1.4191163778305054,0.3959731459617615,1.4610642194747925,0.3523489832878113,True,100
syn-cora-h0.10-r1,StratifiedKFoldDynamic_EigCentrality_b300,4,4,GCN,100,109,9,1.4712920188903809,0.38590604066848755,1.4457612037658691,0.3724832236766815,True,100
syn-cora-h0.10-r1,StratifiedKFoldDynamic_EigCentrality_b300,4,4,GCN,101,110,10,1.4765511751174927,0.3624161183834076,1.4612010717391968,0.38926175236701965,True,100
syn-cora-h0.10-r1,StratifiedKFoldDynamic_EigCentrality_b300,4,3,GCN,101,112,12,1.4383488893508911,0.3691275119781494,1.4651063680648804,0.3523489832878113,True,100
syn-cora-h0.10-r1,StratifiedKFoldDynamic_EigCentrality_b300,4,5,GCN,101,110,10,1.4623876810073853,0.38590604066848755,1.5008320808410645,0.3624161183834076,True,100
syn-cora-h0.10-r1,StratifiedKFoldDynamic_EigCentrality_b300,4,5,GCN,100,112,12,1.4362201690673828,0.37919461727142334,1.4989243745803833,0.38255032896995544,True,100
syn-cora-h0.10-r1,StratifiedKFoldDynamic_Clustering_b300,4,1,GCN,101,111,11,1.4593913555145264,0.4026845693588257,1.4499173164367676,0.3691275119781494,True,100
syn-cora-h0.10-r1,StratifiedKFoldDynamic_Clustering_b300,4,2,GCN,101,109,9,1.5020694732666016,0.3557046949863434,1.4822970628738403,0.3624161183834076,True,100
syn-cora-h0.10-r1,StratifiedKFoldDynamic_Clustering_b300,4,1,GCN,100,111,11,1.451561689376831,0.3657718002796173,1.4595144987106323,0.3691275119781494,True,100
syn-cora-h0.10-r1,StratifiedKFoldDynamic_Clustering_b300,4,2,GCN,100,109,9,1.4932345151901245,0.37919461727142334,1.4610540866851807,0.3590604066848755,True,100
syn-cora-h0.10-r1,StratifiedKFoldDynamic_Clustering_b300,4,3,GCN,101,110,10,1.4657728672027588,0.3557046949863434,1.4864777326583862,0.3523489832878113,True,100
syn-cora-h0.10-r1,StratifiedKFoldDynamic_Clustering_b300,4,4,GCN,100,110,10,1.4655288457870483,0.3758389353752136,1.4464638233184814,0.33557048439979553,True,100
syn-cora-h0.10-r1,StratifiedKFoldDynamic_Clustering_b300,4,4,GCN,101,110,10,1.4816536903381348,0.3523489832878113,1.465097188949585,0.34899330139160156,True,100
syn-cora-h0.10-r1,StratifiedKFoldDynamic_Clustering_b300,4,3,GCN,100,112,12,1.4551079273223877,0.3523489832878113,1.473785400390625,0.3657718002796173,True,100
syn-cora-h0.10-r1,StratifiedKFoldDynamic_Clustering_b300,4,5,GCN,100,110,10,1.438309669494629,0.39261746406555176,1.448523759841919,0.38590604066848755,True,100
syn-cora-h0.10-r1,StratifiedKFoldDynamic_Clustering_b300,4,5,GCN,101,111,11,1.452465295791626,0.38926175236701965,1.478691577911377,0.37919461727142334,True,100
syn-cora-h0.20-r1,RandomKFold,0,1,GCN,100,110,10,1.3829200267791748,0.4026845693588257,1.3477628231048584,0.43624159693717957,True,100
syn-cora-h0.20-r1,RandomKFold,0,2,GCN,100,114,14,1.3061522245407104,0.4597315490245819,1.3803638219833374,0.39261746406555176,True,100
syn-cora-h0.20-r1,RandomKFold,0,1,GCN,101,112,12,1.3728833198547363,0.3959731459617615,1.350566029548645,0.449664443731308,True,100
syn-cora-h0.20-r1,RandomKFold,0,2,GCN,101,113,13,1.297104001045227,0.4530201256275177,1.3631079196929932,0.39261746406555176,True,100
syn-cora-h0.20-r1,RandomKFold,0,3,GCN,100,114,14,1.3104263544082642,0.43624159693717957,1.3605464696884155,0.42617449164390564,True,100
syn-cora-h0.20-r1,RandomKFold,0,3,GCN,101,113,13,1.2991125583648682,0.42617449164390564,1.3403105735778809,0.42617449164390564,True,100
syn-cora-h0.20-r1,RandomKFold,0,4,GCN,100,113,13,1.3061193227767944,0.4530201256275177,1.3090096712112427,0.46644294261932373,True,100
syn-cora-h0.20-r1,RandomKFold,0,4,GCN,101,113,13,1.3107150793075562,0.4530201256275177,1.302620530128479,0.46644294261932373,True,100
syn-cora-h0.20-r1,RandomKFold,0,5,GCN,100,112,12,1.3316259384155273,0.4093959629535675,1.307074785232544,0.4563758373260498,True,100
syn-cora-h0.20-r1,RandomKFold,0,5,GCN,101,112,12,1.3640635013580322,0.4093959629535675,1.3193094730377197,0.42281877994537354,True,100
syn-cora-h0.20-r1,LabelStratifiedKFold,0,2,GCN,101,112,12,1.3823738098144531,0.4060402810573578,1.343802809715271,0.449664443731308,True,100
syn-cora-h0.20-r1,LabelStratifiedKFold,0,1,GCN,101,113,13,1.2983580827713013,0.449664443731308,1.3826602697372437,0.38926175236701965,True,100
syn-cora-h0.20-r1,LabelStratifiedKFold,0,1,GCN,100,113,13,1.295501708984375,0.43959730863571167,1.388706088066101,0.42281877994537354,True,100
syn-cora-h0.20-r1,LabelStratifiedKFold,0,2,GCN,100,112,12,1.3611682653427124,0.4194630980491638,1.3330188989639282,0.4530201256275177,True,100
syn-cora-h0.20-r1,LabelStratifiedKFold,0,3,GCN,100,110,10,1.3240946531295776,0.449664443731308,1.3495254516601562,0.449664443731308,True,100
syn-cora-h0.20-r1,LabelStratifiedKFold,0,4,GCN,100,110,10,1.3786529302597046,0.4026845693588257,1.3298841714859009,0.4194630980491638,True,100
syn-cora-h0.20-r1,LabelStratifiedKFold,0,3,GCN,101,113,13,1.3252071142196655,0.42617449164390564,1.3502980470657349,0.4127516746520996,True,100
syn-cora-h0.20-r1,LabelStratifiedKFold,0,4,GCN,101,112,12,1.3742984533309937,0.4026845693588257,1.3302849531173706,0.4530201256275177,True,100
syn-cora-h0.20-r1,LabelStratifiedKFold,0,5,GCN,100,111,11,1.3706140518188477,0.43288591504096985,1.3732274770736694,0.3959731459617615,True,100
syn-cora-h0.20-r1,LabelStratifiedKFold,0,5,GCN,101,112,12,1.374751329421997,0.4194630980491638,1.3735936880111694,0.4127516746520996,True,100
syn-cora-h0.20-r1,StratifiedKFoldDynamic_Degree_b300,0,2,GCN,101,112,12,1.342210292816162,0.42953020334243774,1.3804676532745361,0.43624159693717957,True,100
syn-cora-h0.20-r1,StratifiedKFoldDynamic_Degree_b300,0,2,GCN,100,110,10,1.3382855653762817,0.42953020334243774,1.3804060220718384,0.42953020334243774,True,100
syn-cora-h0.20-r1,StratifiedKFoldDynamic_Degree_b300,0,1,GCN,100,111,11,1.36698317527771,0.4530201256275177,1.3394628763198853,0.42617449164390564,True,100
syn-cora-h0.20-r1,StratifiedKFoldDynamic_Degree_b300,0,1,GCN,101,112,12,1.35414457321167,0.4563758373260498,1.3489900827407837,0.4060402810573578,True,100
syn-cora-h0.20-r1,StratifiedKFoldDynamic_Degree_b300,0,3,GCN,100,111,11,1.3272217512130737,0.43288591504096985,1.3307650089263916,0.43624159693717957,True,100
syn-cora-h0.20-r1,StratifiedKFoldDynamic_Degree_b300,0,3,GCN,101,113,13,1.3317965269088745,0.4093959629535675,1.329243540763855,0.4429530203342438,True,100
syn-cora-h0.20-r1,StratifiedKFoldDynamic_Degree_b300,0,4,GCN,100,113,13,1.2873183488845825,0.4563758373260498,1.3296422958374023,0.43624159693717957,True,100
syn-cora-h0.20-r1,StratifiedKFoldDynamic_Degree_b300,0,4,GCN,101,115,15,1.3018107414245605,0.449664443731308,1.3406556844711304,0.43959730863571167,True,100
syn-cora-h0.20-r1,StratifiedKFoldDynamic_Degree_b300,0,5,GCN,100,113,13,1.3536256551742554,0.4127516746520996,1.3014470338821411,0.449664443731308,True,100
syn-cora-h0.20-r1,StratifiedKFoldDynamic_Degree_b300,0,5,GCN,101,113,13,1.3623076677322388,0.42617449164390564,1.3106147050857544,0.42953020334243774,True,100
syn-cora-h0.20-r1,StratifiedKFoldDynamic_NeighHet_b300,0,2,GCN,100,111,11,1.3631064891815186,0.4429530203342438,1.3002433776855469,0.4429530203342438,True,100
syn-cora-h0.20-r1,StratifiedKFoldDynamic_NeighHet_b300,0,2,GCN,101,112,12,1.3634330034255981,0.4429530203342438,1.3105534315109253,0.4194630980491638,True,100
syn-cora-h0.20-r1,StratifiedKFoldDynamic_NeighHet_b300,0,1,GCN,101,111,11,1.3291206359863281,0.449664443731308,1.3696943521499634,0.4161073863506317,True,100
syn-cora-h0.20-r1,StratifiedKFoldDynamic_NeighHet_b300,0,1,GCN,100,113,13,1.3059601783752441,0.4429530203342438,1.376914143562317,0.42281877994537354,True,100
syn-cora-h0.20-r1,StratifiedKFoldDynamic_NeighHet_b300,0,4,GCN,101,111,11,1.37276291847229,0.4161073863506317,1.3496962785720825,0.42281877994537354,True,100
syn-cora-h0.20-r1,StratifiedKFoldDynamic_NeighHet_b300,0,4,GCN,100,110,10,1.364477276802063,0.4194630980491638,1.3414714336395264,0.4161073863506317,True,100
syn-cora-h0.20-r1,StratifiedKFoldDynamic_NeighHet_b300,0,3,GCN,100,113,13,1.3266292810440063,0.42953020334243774,1.3950518369674683,0.4093959629535675,True,100
syn-cora-h0.20-r1,StratifiedKFoldDynamic_NeighHet_b300,0,3,GCN,101,114,14,1.324095606803894,0.4026845693588257,1.4082683324813843,0.4161073863506317,True,100
syn-cora-h0.20-r1,StratifiedKFoldDynamic_NeighHet_b300,0,5,GCN,101,112,12,1.3648316860198975,0.449664443731308,1.356682538986206,0.42953020334243774,True,100
syn-cora-h0.20-r1,StratifiedKFoldDynamic_NeighHet_b300,0,5,GCN,100,113,13,1.3607823848724365,0.43959730863571167,1.362860918045044,0.4093959629535675,True,100
syn-cora-h0.20-r1,StratifiedKFoldDynamic_PageRank_b300,0,2,GCN,100,109,9,1.4348325729370117,0.3724832236766815,1.3078970909118652,0.48657718300819397,True,100
syn-cora-h0.20-r1,StratifiedKFoldDynamic_PageRank_b300,0,2,GCN,101,112,12,1.4200043678283691,0.4060402810573578,1.2987964153289795,0.449664443731308,True,100
syn-cora-h0.20-r1,StratifiedKFoldDynamic_PageRank_b300,0,1,GCN,101,114,14,1.271180510520935,0.48322147130966187,1.3325111865997314,0.43288591504096985,True,100
syn-cora-h0.20-r1,StratifiedKFoldDynamic_PageRank_b300,0,1,GCN,100,116,16,1.2700814008712769,0.4932885766029358,1.34208345413208,0.42953020334243774,True,100
syn-cora-h0.20-r1,StratifiedKFoldDynamic_PageRank_b300,0,3,GCN,100,111,11,1.3612116575241089,0.42617449164390564,1.4404733180999756,0.4127516746520996,True,100
syn-cora-h0.20-r1,StratifiedKFoldDynamic_PageRank_b300,0,3,GCN,101,112,12,1.3515946865081787,0.4194630980491638,1.4178166389465332,0.38926175236701965,True,100
syn-cora-h0.20-r1,StratifiedKFoldDynamic_PageRank_b300,0,4,GCN,100,111,11,1.3238673210144043,0.4530201256275177,1.3416082859039307,0.4161073863506317,True,100
syn-cora-h0.20-r1,StratifiedKFoldDynamic_PageRank_b300,0,4,GCN,101,112,12,1.3218488693237305,0.463087260723114,1.3378393650054932,0.4093959629535675,True,100
syn-cora-h0.20-r1,StratifiedKFoldDynamic_PageRank_b300,0,5,GCN,100,113,13,1.335843801498413,0.43624159693717957,1.3584569692611694,0.449664443731308,True,100
syn-cora-h0.20-r1,StratifiedKFoldDynamic_PageRank_b300,0,5,GCN,101,113,13,1.3258424997329712,0.42617449164390564,1.3570630550384521,0.43959730863571167,True,100
syn-cora-h0.20-r1,StratifiedKFoldDynamic_EigCentrality_b300,0,2,GCN,100,113,13,1.336717128753662,0.43288591504096985,1.3513609170913696,0.42617449164390564,True,100
syn-cora-h0.20-r1,StratifiedKFoldDynamic_EigCentrality_b300,0,1,GCN,101,113,13,1.3271667957305908,0.43959730863571167,1.329860806465149,0.4530201256275177,True,100
syn-cora-h0.20-r1,StratifiedKFoldDynamic_EigCentrality_b300,0,1,GCN,100,114,14,1.3384391069412231,0.43959730863571167,1.330298662185669,0.4463087320327759,True,100
syn-cora-h0.20-r1,StratifiedKFoldDynamic_EigCentrality_b300,0,2,GCN,101,113,13,1.341606855392456,0.42953020334243774,1.344164490699768,0.43959730863571167,True,100
syn-cora-h0.20-r1,StratifiedKFoldDynamic_EigCentrality_b300,0,3,GCN,100,111,11,1.376835584640503,0.42281877994537354,1.320229172706604,0.4530201256275177,True,100
syn-cora-h0.20-r1,StratifiedKFoldDynamic_EigCentrality_b300,0,3,GCN,101,111,11,1.3611339330673218,0.42281877994537354,1.3265262842178345,0.463087260723114,True,100
syn-cora-h0.20-r1,StratifiedKFoldDynamic_EigCentrality_b300,0,4,GCN,100,113,13,1.340604543685913,0.4127516746520996,1.3874114751815796,0.39261746406555176,True,100
syn-cora-h0.20-r1,StratifiedKFoldDynamic_EigCentrality_b300,0,4,GCN,101,112,12,1.3370226621627808,0.4127516746520996,1.3688712120056152,0.4429530203342438,True,100
syn-cora-h0.20-r1,StratifiedKFoldDynamic_EigCentrality_b300,0,5,GCN,100,113,13,1.3093215227127075,0.47315436601638794,1.3378424644470215,0.4026845693588257,True,100
syn-cora-h0.20-r1,StratifiedKFoldDynamic_EigCentrality_b300,0,5,GCN,101,113,13,1.3211065530776978,0.46644294261932373,1.3590805530548096,0.4194630980491638,True,100
syn-cora-h0.20-r1,StratifiedKFoldDynamic_Clustering_b300,0,1,GCN,100,110,10,1.3413010835647583,0.4563758373260498,1.3234328031539917,0.43624159693717957,True,100
syn-cora-h0.20-r1,StratifiedKFoldDynamic_Clustering_b300,0,2,GCN,100,113,13,1.319434404373169,0.4161073863506317,1.3452095985412598,0.46644294261932373,True,100
syn-cora-h0.20-r1,StratifiedKFoldDynamic_Clustering_b300,0,1,GCN,101,113,13,1.333936095237732,0.4563758373260498,1.299675703048706,0.449664443731308,True,100
syn-cora-h0.20-r1,StratifiedKFoldDynamic_Clustering_b300,0,2,GCN,101,112,12,1.3389889001846313,0.4093959629535675,1.3213648796081543,0.4597315490245819,True,100
syn-cora-h0.20-r1,StratifiedKFoldDynamic_Clustering_b300,0,3,GCN,100,111,11,1.3401435613632202,0.42953020334243774,1.324257731437683,0.42953020334243774,True,100
syn-cora-h0.20-r1,StratifiedKFoldDynamic_Clustering_b300,0,4,GCN,100,110,10,1.3654694557189941,0.4127516746520996,1.3361822366714478,0.43959730863571167,True,100
syn-cora-h0.20-r1,StratifiedKFoldDynamic_Clustering_b300,0,3,GCN,101,112,12,1.3340039253234863,0.4429530203342438,1.3388466835021973,0.4060402810573578,True,100
syn-cora-h0.20-r1,StratifiedKFoldDynamic_Clustering_b300,0,4,GCN,101,113,13,1.3599050045013428,0.3959731459617615,1.341068148612976,0.42953020334243774,True,100
syn-cora-h0.20-r1,StratifiedKFoldDynamic_Clustering_b300,0,5,GCN,100,114,14,1.325682520866394,0.47986575961112976,1.3801100254058838,0.4127516746520996,True,100
syn-cora-h0.20-r1,StratifiedKFoldDynamic_Clustering_b300,0,5,GCN,101,113,13,1.3099312782287598,0.47315436601638794,1.3594410419464111,0.4161073863506317,True,100
syn-cora-h0.20-r1,RandomKFold,1,1,GCN,100,110,10,1.3758759498596191,0.4060402810573578,1.3345962762832642,0.48322147130966187,True,100
syn-cora-h0.20-r1,RandomKFold,1,2,GCN,100,113,13,1.3236275911331177,0.43959730863571167,1.3505970239639282,0.449664443731308,True,100
syn-cora-h0.20-r1,RandomKFold,1,1,GCN,101,113,13,1.3666447401046753,0.42617449164390564,1.3396319150924683,0.47315436601638794,True,100
syn-cora-h0.20-r1,RandomKFold,1,2,GCN,101,114,14,1.3172016143798828,0.42953020334243774,1.3367462158203125,0.43624159693717957,True,100
syn-cora-h0.20-r1,RandomKFold,1,3,GCN,101,112,12,1.359803557395935,0.4194630980491638,1.341077446937561,0.43624159693717957,True,100
syn-cora-h0.20-r1,RandomKFold,1,3,GCN,100,111,11,1.345997929573059,0.4127516746520996,1.3180687427520752,0.4597315490245819,True,100
syn-cora-h0.20-r1,RandomKFold,1,4,GCN,100,113,13,1.3512605428695679,0.4060402810573578,1.3766816854476929,0.42617449164390564,True,100
syn-cora-h0.20-r1,RandomKFold,1,4,GCN,101,112,12,1.3386880159378052,0.43624159693717957,1.3770654201507568,0.4093959629535675,True,100
syn-cora-h0.20-r1,RandomKFold,1,5,GCN,101,113,13,1.2969635725021362,0.46979865431785583,1.3255027532577515,0.4161073863506317,True,100
syn-cora-h0.20-r1,RandomKFold,1,5,GCN,100,113,13,1.2925719022750854,0.463087260723114,1.322779893875122,0.43959730863571167,True,100
syn-cora-h0.20-r1,LabelStratifiedKFold,1,1,GCN,100,113,13,1.3209505081176758,0.4429530203342438,1.296852707862854,0.4530201256275177,True,100
syn-cora-h0.20-r1,LabelStratifiedKFold,1,2,GCN,100,113,13,1.3242506980895996,0.47315436601638794,1.3189672231674194,0.43624159693717957,True,100
syn-cora-h0.20-r1,LabelStratifiedKFold,1,1,GCN,101,112,12,1.330385446548462,0.4127516746520996,1.3004238605499268,0.46644294261932373,True,100
syn-cora-h0.20-r1,LabelStratifiedKFold,1,2,GCN,101,114,14,1.3117239475250244,0.5033556818962097,1.3302109241485596,0.463087260723114,True,100
syn-cora-h0.20-r1,LabelStratifiedKFold,1,3,GCN,100,110,10,1.3532710075378418,0.4429530203342438,1.3315128087997437,0.42953020334243774,True,100
syn-cora-h0.20-r1,LabelStratifiedKFold,1,4,GCN,100,110,10,1.375727653503418,0.4060402810573578,1.3349854946136475,0.4563758373260498,True,100
syn-cora-h0.20-r1,LabelStratifiedKFold,1,3,GCN,101,112,12,1.3718194961547852,0.4093959629535675,1.3281428813934326,0.46644294261932373,True,100
syn-cora-h0.20-r1,LabelStratifiedKFold,1,4,GCN,101,113,13,1.374476671218872,0.4127516746520996,1.3611409664154053,0.3959731459617615,True,100
syn-cora-h0.20-r1,LabelStratifiedKFold,1,5,GCN,100,110,10,1.326714277267456,0.4530201256275177,1.4222949743270874,0.3724832236766815,True,100
syn-cora-h0.20-r1,LabelStratifiedKFold,1,5,GCN,101,112,12,1.3347243070602417,0.42953020334243774,1.443758487701416,0.3691275119781494,True,100
syn-cora-h0.20-r1,StratifiedKFoldDynamic_Degree_b300,1,1,GCN,100,111,11,1.3054850101470947,0.4429530203342438,1.3580701351165771,0.43624159693717957,True,100
syn-cora-h0.20-r1,StratifiedKFoldDynamic_Degree_b300,1,2,GCN,100,114,14,1.282321572303772,0.47651007771492004,1.381098747253418,0.43624159693717957,True,100
syn-cora-h0.20-r1,StratifiedKFoldDynamic_Degree_b300,1,1,GCN,101,113,13,1.3163825273513794,0.42617449164390564,1.3534634113311768,0.43288591504096985,True,100
syn-cora-h0.20-r1,StratifiedKFoldDynamic_Degree_b300,1,2,GCN,101,116,16,1.2861049175262451,0.4899328947067261,1.3577805757522583,0.4463087320327759,True,100
syn-cora-h0.20-r1,StratifiedKFoldDynamic_Degree_b300,1,3,GCN,100,110,10,1.3598523139953613,0.4127516746520996,1.2684177160263062,0.5100671052932739,True,100
syn-cora-h0.20-r1,StratifiedKFoldDynamic_Degree_b300,1,3,GCN,101,111,11,1.356505274772644,0.43959730863571167,1.2962007522583008,0.46644294261932373,True,100
syn-cora-h0.20-r1,StratifiedKFoldDynamic_Degree_b300,1,4,GCN,100,112,12,1.3480149507522583,0.4026845693588257,1.3432576656341553,0.43959730863571167,True,100
syn-cora-h0.20-r1,StratifiedKFoldDynamic_Degree_b300,1,4,GCN,101,112,12,1.3541911840438843,0.4194630980491638,1.334380030632019,0.43959730863571167,True,100
syn-cora-h0.20-r1,StratifiedKFoldDynamic_Degree_b300,1,5,GCN,100,110,10,1.3459043502807617,0.42281877994537354,1.3594138622283936,0.42953020334243774,True,100
syn-cora-h0.20-r1,StratifiedKFoldDynamic_Degree_b300,1,5,GCN,101,113,13,1.3405424356460571,0.42953020334243774,1.3433585166931152,0.43288591504096985,True,100
syn-cora-h0.20-r1,StratifiedKFoldDynamic_NeighHet_b300,1,2,GCN,100,111,11,1.3446111679077148,0.4530201256275177,1.343900442123413,0.4093959629535675,True,100
syn-cora-h0.20-r1,StratifiedKFoldDynamic_NeighHet_b300,1,1,GCN,101,112,12,1.3377302885055542,0.43624159693717957,1.3521814346313477,0.43624159693717957,True,100
syn-cora-h0.20-r1,StratifiedKFoldDynamic_NeighHet_b300,1,1,GCN,100,112,12,1.326825737953186,0.43624159693717957,1.3260951042175293,0.449664443731308,True,100
syn-cora-h0.20-r1,StratifiedKFoldDynamic_NeighHet_b300,1,2,GCN,101,114,14,1.3418158292770386,0.4563758373260498,1.3556195497512817,0.4026845693588257,True,100
syn-cora-h0.20-r1,StratifiedKFoldDynamic_NeighHet_b300,1,3,GCN,100,115,15,1.297109603881836,0.4563758373260498,1.3410968780517578,0.4463087320327759,True,100
syn-cora-h0.20-r1,StratifiedKFoldDynamic_NeighHet_b300,1,3,GCN,101,113,13,1.3160854578018188,0.43288591504096985,1.3192273378372192,0.4597315490245819,True,100
syn-cora-h0.20-r1,StratifiedKFoldDynamic_NeighHet_b300,1,4,GCN,100,110,10,1.3637734651565552,0.43288591504096985,1.3197910785675049,0.4530201256275177,True,100
syn-cora-h0.20-r1,StratifiedKFoldDynamic_NeighHet_b300,1,4,GCN,101,112,12,1.3568825721740723,0.4026845693588257,1.328036904335022,0.4429530203342438,True,100
syn-cora-h0.20-r1,StratifiedKFoldDynamic_NeighHet_b300,1,5,GCN,100,110,10,1.3293873071670532,0.47986575961112976,1.3552740812301636,0.38590604066848755,True,100
syn-cora-h0.20-r1,StratifiedKFoldDynamic_NeighHet_b300,1,5,GCN,101,112,12,1.338848352432251,0.449664443731308,1.3463091850280762,0.38255032896995544,True,100
syn-cora-h0.20-r1,StratifiedKFoldDynamic_PageRank_b300,1,1,GCN,101,112,12,1.391140341758728,0.4194630980491638,1.3312238454818726,0.42953020334243774,True,100
syn-cora-h0.20-r1,StratifiedKFoldDynamic_PageRank_b300,1,2,GCN,100,110,10,1.3998417854309082,0.3993288576602936,1.4100358486175537,0.4026845693588257,True,100
syn-cora-h0.20-r1,StratifiedKFoldDynamic_PageRank_b300,1,2,GCN,101,112,12,1.406012773513794,0.3758389353752136,1.402378797531128,0.38590604066848755,True,100
syn-cora-h0.20-r1,StratifiedKFoldDynamic_PageRank_b300,1,1,GCN,100,111,11,1.387757658958435,0.39261746406555176,1.3054137229919434,0.4429530203342438,True,100
syn-cora-h0.20-r1,StratifiedKFoldDynamic_PageRank_b300,1,3,GCN,100,110,10,1.3550482988357544,0.4127516746520996,1.453229308128357,0.33892616629600525,True,100
syn-cora-h0.20-r1,StratifiedKFoldDynamic_PageRank_b300,1,3,GCN,101,112,12,1.3748019933700562,0.4093959629535675,1.4536375999450684,0.3590604066848755,True,100
syn-cora-h0.20-r1,StratifiedKFoldDynamic_PageRank_b300,1,4,GCN,100,113,13,1.2789859771728516,0.47315436601638794,1.3224860429763794,0.4429530203342438,True,100
syn-cora-h0.20-r1,StratifiedKFoldDynamic_PageRank_b300,1,4,GCN,101,113,13,1.279671311378479,0.47315436601638794,1.3278260231018066,0.43624159693717957,True,100
syn-cora-h0.20-r1,StratifiedKFoldDynamic_PageRank_b300,1,5,GCN,100,111,11,1.3362237215042114,0.43288591504096985,1.3230104446411133,0.4563758373260498,True,100
syn-cora-h0.20-r1,StratifiedKFoldDynamic_PageRank_b300,1,5,GCN,101,111,11,1.35438072681427,0.4161073863506317,1.3262602090835571,0.4463087320327759,True,100
syn-cora-h0.20-r1,StratifiedKFoldDynamic_EigCentrality_b300,1,2,GCN,100,111,11,1.2898396253585815,0.449664443731308,1.3111822605133057,0.43288591504096985,True,100
syn-cora-h0.20-r1,StratifiedKFoldDynamic_EigCentrality_b300,1,1,GCN,101,112,12,1.3099095821380615,0.4463087320327759,1.448379397392273,0.3993288576602936,True,100
syn-cora-h0.20-r1,StratifiedKFoldDynamic_EigCentrality_b300,1,1,GCN,100,113,13,1.297633171081543,0.4530201256275177,1.4512070417404175,0.3959731459617615,True,100
syn-cora-h0.20-r1,StratifiedKFoldDynamic_EigCentrality_b300,1,2,GCN,101,115,15,1.302244782447815,0.47315436601638794,1.3194304704666138,0.4463087320327759,True,100
syn-cora-h0.20-r1,StratifiedKFoldDynamic_EigCentrality_b300,1,3,GCN,100,111,11,1.3349075317382812,0.4429530203342438,1.298201084136963,0.4463087320327759,True,100
syn-cora-h0.20-r1,StratifiedKFoldDynamic_EigCentrality_b300,1,4,GCN,100,110,10,1.338488221168518,0.4463087320327759,1.329774022102356,0.42281877994537354,True,100
syn-cora-h0.20-r1,StratifiedKFoldDynamic_EigCentrality_b300,1,3,GCN,101,112,12,1.3495876789093018,0.4463087320327759,1.2908711433410645,0.4563758373260498,True,100
syn-cora-h0.20-r1,StratifiedKFoldDynamic_EigCentrality_b300,1,4,GCN,101,112,12,1.3334479331970215,0.43959730863571167,1.3316881656646729,0.43624159693717957,True,100
syn-cora-h0.20-r1,StratifiedKFoldDynamic_EigCentrality_b300,1,5,GCN,100,110,10,1.4143261909484863,0.4026845693588257,1.3229643106460571,0.46644294261932373,True,100
syn-cora-h0.20-r1,StratifiedKFoldDynamic_EigCentrality_b300,1,5,GCN,101,110,10,1.4325162172317505,0.4093959629535675,1.349175214767456,0.4463087320327759,True,100
syn-cora-h0.20-r1,StratifiedKFoldDynamic_Clustering_b300,1,2,GCN,100,110,10,1.3588429689407349,0.3959731459617615,1.4045261144638062,0.38590604066848755,True,100
syn-cora-h0.20-r1,StratifiedKFoldDynamic_Clustering_b300,1,1,GCN,101,111,11,1.4084763526916504,0.4161073863506317,1.3119146823883057,0.4899328947067261,True,100
syn-cora-h0.20-r1,StratifiedKFoldDynamic_Clustering_b300,1,1,GCN,100,109,9,1.4069982767105103,0.37919461727142334,1.3140909671783447,0.48322147130966187,True,100
syn-cora-h0.20-r1,StratifiedKFoldDynamic_Clustering_b300,1,2,GCN,101,112,12,1.3533985614776611,0.39261746406555176,1.411124348640442,0.38926175236701965,True,100
syn-cora-h0.20-r1,StratifiedKFoldDynamic_Clustering_b300,1,3,GCN,100,110,10,1.350218653678894,0.42281877994537354,1.363237977027893,0.4194630980491638,True,100
syn-cora-h0.20-r1,StratifiedKFoldDynamic_Clustering_b300,1,4,GCN,100,110,10,1.3277559280395508,0.4463087320327759,1.3564730882644653,0.43288591504096985,True,100
syn-cora-h0.20-r1,StratifiedKFoldDynamic_Clustering_b300,1,3,GCN,101,113,13,1.3565888404846191,0.4127516746520996,1.358820915222168,0.4060402810573578,True,100
syn-cora-h0.20-r1,StratifiedKFoldDynamic_Clustering_b300,1,4,GCN,101,113,13,1.3363913297653198,0.4429530203342438,1.3503210544586182,0.43959730863571167,True,100
syn-cora-h0.20-r1,StratifiedKFoldDynamic_Clustering_b300,1,5,GCN,100,114,14,1.2533856630325317,0.47986575961112976,1.3290196657180786,0.43288591504096985,True,100
syn-cora-h0.20-r1,StratifiedKFoldDynamic_Clustering_b300,1,5,GCN,101,115,15,1.2679309844970703,0.4966442883014679,1.3432695865631104,0.42953020334243774,True,100
syn-cora-h0.20-r1,RandomKFold,2,1,GCN,101,113,13,1.3606476783752441,0.42617449164390564,1.3666012287139893,0.3993288576602936,True,100
syn-cora-h0.20-r1,RandomKFold,2,1,GCN,100,110,10,1.35336434841156,0.43624159693717957,1.3540537357330322,0.42617449164390564,True,100
syn-cora-h0.20-r1,RandomKFold,2,2,GCN,100,110,10,1.3481593132019043,0.42953020334243774,1.3532460927963257,0.42281877994537354,True,100
syn-cora-h0.20-r1,RandomKFold,2,2,GCN,101,113,13,1.3531090021133423,0.42617449164390564,1.3569072484970093,0.4127516746520996,True,100
syn-cora-h0.20-r1,RandomKFold,2,4,GCN,100,110,10,1.3564141988754272,0.4194630980491638,1.316244125366211,0.4463087320327759,True,100
syn-cora-h0.20-r1,RandomKFold,2,3,GCN,100,113,13,1.3196557760238647,0.449664443731308,1.3474977016448975,0.42953020334243774,True,100
syn-cora-h0.20-r1,RandomKFold,2,4,GCN,101,111,11,1.369186520576477,0.4026845693588257,1.3298683166503906,0.43959730863571167,True,100
syn-cora-h0.20-r1,RandomKFold,2,3,GCN,101,113,13,1.3286116123199463,0.4194630980491638,1.364466905593872,0.43288591504096985,True,100
syn-cora-h0.20-r1,RandomKFold,2,5,GCN,100,110,10,1.36552095413208,0.4093959629535675,1.371230125427246,0.42281877994537354,True,100
syn-cora-h0.20-r1,RandomKFold,2,5,GCN,101,112,12,1.3772653341293335,0.39261746406555176,1.3815010786056519,0.4026845693588257,True,100
syn-cora-h0.20-r1,LabelStratifiedKFold,2,2,GCN,100,110,10,1.3463777303695679,0.43959730863571167,1.3397119045257568,0.43959730863571167,True,100
syn-cora-h0.20-r1,LabelStratifiedKFold,2,1,GCN,100,110,10,1.360360026359558,0.43288591504096985,1.3204095363616943,0.47315436601638794,True,100
syn-cora-h0.20-r1,LabelStratifiedKFold,2,2,GCN,101,113,13,1.3561558723449707,0.4463087320327759,1.3535325527191162,0.43624159693717957,True,100
syn-cora-h0.20-r1,LabelStratifiedKFold,2,1,GCN,101,112,12,1.3669785261154175,0.42953020334243774,1.3279178142547607,0.4060402810573578,True,100
syn-cora-h0.20-r1,LabelStratifiedKFold,2,3,GCN,100,110,10,1.3437483310699463,0.42953020334243774,1.3516639471054077,0.42953020334243774,True,100
syn-cora-h0.20-r1,LabelStratifiedKFold,2,4,GCN,100,113,13,1.3528416156768799,0.4026845693588257,1.3151365518569946,0.47651007771492004,True,100
syn-cora-h0.20-r1,LabelStratifiedKFold,2,3,GCN,101,112,12,1.3480736017227173,0.4463087320327759,1.3735058307647705,0.42281877994537354,True,100
syn-cora-h0.20-r1,LabelStratifiedKFold,2,4,GCN,101,113,13,1.3569762706756592,0.38926175236701965,1.3063576221466064,0.4597315490245819,True,100
syn-cora-h0.20-r1,LabelStratifiedKFold,2,5,GCN,100,110,10,1.3199183940887451,0.449664443731308,1.3766337633132935,0.3959731459617615,True,100
syn-cora-h0.20-r1,LabelStratifiedKFold,2,5,GCN,101,112,12,1.3383983373641968,0.3993288576602936,1.38728666305542,0.4060402810573578,True,100
syn-cora-h0.20-r1,StratifiedKFoldDynamic_Degree_b300,2,2,GCN,101,112,12,1.3332631587982178,0.42617449164390564,1.343323826789856,0.4530201256275177,True,100
syn-cora-h0.20-r1,StratifiedKFoldDynamic_Degree_b300,2,2,GCN,100,111,11,1.313227653503418,0.43624159693717957,1.3626112937927246,0.4563758373260498,True,100
syn-cora-h0.20-r1,StratifiedKFoldDynamic_Degree_b300,2,1,GCN,101,115,15,1.3147929906845093,0.4597315490245819,1.3773119449615479,0.42953020334243774,True,100
syn-cora-h0.20-r1,StratifiedKFoldDynamic_Degree_b300,2,1,GCN,100,114,14,1.3023751974105835,0.48657718300819397,1.371134877204895,0.4127516746520996,True,100
syn-cora-h0.20-r1,StratifiedKFoldDynamic_Degree_b300,2,3,GCN,100,111,11,1.3853706121444702,0.42953020334243774,1.2865084409713745,0.5067114233970642,True,100
syn-cora-h0.20-r1,StratifiedKFoldDynamic_Degree_b300,2,4,GCN,100,111,11,1.299615740776062,0.46979865431785583,1.3836839199066162,0.4060402810573578,True,100
syn-cora-h0.20-r1,StratifiedKFoldDynamic_Degree_b300,2,3,GCN,101,112,12,1.3914308547973633,0.43288591504096985,1.2913932800292969,0.5134228467941284,True,100
syn-cora-h0.20-r1,StratifiedKFoldDynamic_Degree_b300,2,4,GCN,101,114,14,1.3266630172729492,0.4429530203342438,1.4272254705429077,0.3993288576602936,True,100
syn-cora-h0.20-r1,StratifiedKFoldDynamic_Degree_b300,2,5,GCN,100,110,10,1.3363761901855469,0.42617449164390564,1.3215932846069336,0.43624159693717957,True,100
syn-cora-h0.20-r1,StratifiedKFoldDynamic_Degree_b300,2,5,GCN,101,113,13,1.3476957082748413,0.43288591504096985,1.3295576572418213,0.3993288576602936,True,100
syn-cora-h0.20-r1,StratifiedKFoldDynamic_NeighHet_b300,2,2,GCN,100,111,11,1.3756144046783447,0.42617449164390564,1.3756089210510254,0.4429530203342438,True,100
syn-cora-h0.20-r1,StratifiedKFoldDynamic_NeighHet_b300,2,2,GCN,101,112,12,1.3807100057601929,0.4060402810573578,1.3678059577941895,0.449664443731308,True,100
syn-cora-h0.20-r1,StratifiedKFoldDynamic_NeighHet_b300,2,1,GCN,101,113,13,1.327250599861145,0.4429530203342438,1.2841531038284302,0.43624159693717957,True,100
syn-cora-h0.20-r1,StratifiedKFoldDynamic_NeighHet_b300,2,1,GCN,100,114,14,1.3310052156448364,0.43288591504096985,1.2738374471664429,0.4429530203342438,True,100
syn-cora-h0.20-r1,StratifiedKFoldDynamic_NeighHet_b300,2,3,GCN,100,111,11,1.3379156589508057,0.4060402810573578,1.3716129064559937,0.4429530203342438,True,100
syn-cora-h0.20-r1,StratifiedKFoldDynamic_NeighHet_b300,2,3,GCN,101,112,12,1.3382741212844849,0.43959730863571167,1.3687456846237183,0.4463087320327759,True,100
syn-cora-h0.20-r1,StratifiedKFoldDynamic_NeighHet_b300,2,4,GCN,100,113,13,1.3278340101242065,0.43288591504096985,1.3848692178726196,0.4161073863506317,True,100
syn-cora-h0.20-r1,StratifiedKFoldDynamic_NeighHet_b300,2,4,GCN,101,115,15,1.322041630744934,0.42281877994537354,1.395421028137207,0.38590604066848755,True,100
syn-cora-h0.20-r1,StratifiedKFoldDynamic_NeighHet_b300,2,5,GCN,100,110,10,1.3257853984832764,0.42617449164390564,1.3270118236541748,0.449664443731308,True,100
syn-cora-h0.20-r1,StratifiedKFoldDynamic_NeighHet_b300,2,5,GCN,101,113,13,1.3442578315734863,0.42617449164390564,1.322506070137024,0.43624159693717957,True,100
syn-cora-h0.20-r1,StratifiedKFoldDynamic_PageRank_b300,2,2,GCN,100,110,10,1.3902528285980225,0.39261746406555176,1.29021418094635,0.5033556818962097,True,100
syn-cora-h0.20-r1,StratifiedKFoldDynamic_PageRank_b300,2,1,GCN,101,114,14,1.267738938331604,0.5100671052932739,1.372082233428955,0.4060402810573578,True,100
syn-cora-h0.20-r1,StratifiedKFoldDynamic_PageRank_b300,2,2,GCN,101,112,12,1.406360387802124,0.38255032896995544,1.267249345779419,0.5100671052932739,True,100
syn-cora-h0.20-r1,StratifiedKFoldDynamic_PageRank_b300,2,1,GCN,100,113,13,1.269658088684082,0.5067114233970642,1.3435331583023071,0.4093959629535675,True,100
syn-cora-h0.20-r1,StratifiedKFoldDynamic_PageRank_b300,2,3,GCN,100,110,10,1.4056240320205688,0.3691275119781494,1.386491298675537,0.4026845693588257,True,100
syn-cora-h0.20-r1,StratifiedKFoldDynamic_PageRank_b300,2,4,GCN,100,111,11,1.336561679840088,0.42953020334243774,1.3788068294525146,0.38590604066848755,True,100
syn-cora-h0.20-r1,StratifiedKFoldDynamic_PageRank_b300,2,3,GCN,101,111,11,1.4283431768417358,0.38590604066848755,1.4120224714279175,0.3959731459617615,True,100
syn-cora-h0.20-r1,StratifiedKFoldDynamic_PageRank_b300,2,4,GCN,101,113,13,1.3554887771606445,0.43959730863571167,1.3855870962142944,0.4161073863506317,True,100
syn-cora-h0.20-r1,StratifiedKFoldDynamic_PageRank_b300,2,5,GCN,100,111,11,1.3421238660812378,0.449664443731308,1.3488764762878418,0.42953020334243774,True,100
syn-cora-h0.20-r1,StratifiedKFoldDynamic_PageRank_b300,2,5,GCN,101,112,12,1.3564581871032715,0.4463087320327759,1.3628923892974854,0.42281877994537354,True,100
syn-cora-h0.20-r1,StratifiedKFoldDynamic_EigCentrality_b300,2,1,GCN,101,112,12,1.3567980527877808,0.42281877994537354,1.3096731901168823,0.46979865431785583,True,100
syn-cora-h0.20-r1,StratifiedKFoldDynamic_EigCentrality_b300,2,1,GCN,100,111,11,1.3522039651870728,0.43288591504096985,1.3227404356002808,0.46644294261932373,True,100
syn-cora-h0.20-r1,StratifiedKFoldDynamic_EigCentrality_b300,2,2,GCN,100,113,13,1.3342506885528564,0.4563758373260498,1.3625273704528809,0.4127516746520996,True,100
syn-cora-h0.20-r1,StratifiedKFoldDynamic_EigCentrality_b300,2,2,GCN,101,114,14,1.312815546989441,0.46979865431785583,1.3654818534851074,0.4026845693588257,True,100
syn-cora-h0.20-r1,StratifiedKFoldDynamic_EigCentrality_b300,2,3,GCN,100,110,10,1.3633942604064941,0.3993288576602936,1.3228785991668701,0.4530201256275177,True,100
syn-cora-h0.20-r1,StratifiedKFoldDynamic_EigCentrality_b300,2,3,GCN,101,113,13,1.369295597076416,0.38590604066848755,1.3080960512161255,0.4563758373260498,True,100
syn-cora-h0.20-r1,StratifiedKFoldDynamic_EigCentrality_b300,2,4,GCN,100,110,10,1.35281240940094,0.4597315490245819,1.3790900707244873,0.4194630980491638,True,100
syn-cora-h0.20-r1,StratifiedKFoldDynamic_EigCentrality_b300,2,4,GCN,101,114,14,1.351256012916565,0.4530201256275177,1.3801883459091187,0.39261746406555176,True,100
syn-cora-h0.20-r1,StratifiedKFoldDynamic_EigCentrality_b300,2,5,GCN,100,114,14,1.2885931730270386,0.4597315490245819,1.3460185527801514,0.43624159693717957,True,100
syn-cora-h0.20-r1,StratifiedKFoldDynamic_EigCentrality_b300,2,5,GCN,101,112,12,1.2934507131576538,0.4530201256275177,1.3361388444900513,0.43624159693717957,True,100
syn-cora-h0.20-r1,StratifiedKFoldDynamic_Clustering_b300,2,2,GCN,100,110,10,1.3107713460922241,0.4563758373260498,1.4105784893035889,0.4194630980491638,True,100
syn-cora-h0.20-r1,StratifiedKFoldDynamic_Clustering_b300,2,1,GCN,100,110,10,1.3959276676177979,0.4026845693588257,1.3147529363632202,0.449664443731308,True,100
syn-cora-h0.20-r1,StratifiedKFoldDynamic_Clustering_b300,2,1,GCN,101,112,12,1.3955223560333252,0.4026845693588257,1.3375405073165894,0.463087260723114,True,100
syn-cora-h0.20-r1,StratifiedKFoldDynamic_Clustering_b300,2,2,GCN,101,113,13,1.320507287979126,0.4530201256275177,1.4275645017623901,0.3993288576602936,True,100
syn-cora-h0.20-r1,StratifiedKFoldDynamic_Clustering_b300,2,3,GCN,100,113,13,1.30449378490448,0.4060402810573578,1.3045271635055542,0.46979865431785583,True,100
syn-cora-h0.20-r1,StratifiedKFoldDynamic_Clustering_b300,2,4,GCN,100,111,11,1.3653783798217773,0.4429530203342438,1.320219874382019,0.4429530203342438,True,100
syn-cora-h0.20-r1,StratifiedKFoldDynamic_Clustering_b300,2,3,GCN,101,112,12,1.3094594478607178,0.4060402810573578,1.314087152481079,0.43959730863571167,True,100
syn-cora-h0.20-r1,StratifiedKFoldDynamic_Clustering_b300,2,4,GCN,101,114,14,1.352593183517456,0.4597315490245819,1.3496809005737305,0.43624159693717957,True,100
syn-cora-h0.20-r1,StratifiedKFoldDynamic_Clustering_b300,2,5,GCN,100,110,10,1.3481847047805786,0.4194630980491638,1.3647067546844482,0.43288591504096985,True,100
syn-cora-h0.20-r1,StratifiedKFoldDynamic_Clustering_b300,2,5,GCN,101,112,12,1.3581174612045288,0.42617449164390564,1.3572072982788086,0.4194630980491638,True,100
syn-cora-h0.20-r1,RandomKFold,3,1,GCN,100,110,10,1.3930110931396484,0.4127516746520996,1.3423908948898315,0.4463087320327759,True,100
syn-cora-h0.20-r1,RandomKFold,3,2,GCN,100,113,13,1.3535293340682983,0.42617449164390564,1.3633880615234375,0.4026845693588257,True,100
syn-cora-h0.20-r1,RandomKFold,3,1,GCN,101,112,12,1.3970818519592285,0.4194630980491638,1.3258640766143799,0.43288591504096985,True,100
syn-cora-h0.20-r1,RandomKFold,3,2,GCN,101,113,13,1.3450322151184082,0.43288591504096985,1.3701095581054688,0.4127516746520996,True,100
syn-cora-h0.20-r1,RandomKFold,3,4,GCN,101,111,11,1.3272377252578735,0.43288591504096985,1.2966755628585815,0.47315436601638794,True,100
syn-cora-h0.20-r1,RandomKFold,3,3,GCN,100,111,11,1.3210192918777466,0.43624159693717957,1.3831496238708496,0.3993288576602936,True,100
syn-cora-h0.20-r1,RandomKFold,3,4,GCN,100,114,14,1.323692798614502,0.42617449164390564,1.3037117719650269,0.43624159693717957,True,100
syn-cora-h0.20-r1,RandomKFold,3,3,GCN,101,114,14,1.3385497331619263,0.4429530203342438,1.3948637247085571,0.37919461727142334,True,100
syn-cora-h0.20-r1,RandomKFold,3,5,GCN,101,113,13,1.316776156425476,0.46644294261932373,1.3589366674423218,0.43624159693717957,True,100
syn-cora-h0.20-r1,RandomKFold,3,5,GCN,100,116,16,1.3222365379333496,0.47315436601638794,1.3427060842514038,0.4597315490245819,True,100
syn-cora-h0.20-r1,LabelStratifiedKFold,3,1,GCN,100,113,13,1.3422930240631104,0.463087260723114,1.3015397787094116,0.4463087320327759,True,100
syn-cora-h0.20-r1,LabelStratifiedKFold,3,2,GCN,100,110,10,1.3456560373306274,0.42281877994537354,1.3127599954605103,0.46979865431785583,True,100
syn-cora-h0.20-r1,LabelStratifiedKFold,3,1,GCN,101,112,12,1.3570148944854736,0.42953020334243774,1.3279156684875488,0.42617449164390564,True,100
syn-cora-h0.20-r1,LabelStratifiedKFold,3,2,GCN,101,113,13,1.340747594833374,0.42617449164390564,1.306703805923462,0.4530201256275177,True,100
syn-cora-h0.20-r1,LabelStratifiedKFold,3,3,GCN,100,110,10,1.3401439189910889,0.4194630980491638,1.3735833168029785,0.3959731459617615,True,100
syn-cora-h0.20-r1,LabelStratifiedKFold,3,3,GCN,101,112,12,1.343205213546753,0.42953020334243774,1.3710613250732422,0.3959731459617615,True,100
syn-cora-h0.20-r1,LabelStratifiedKFold,3,4,GCN,100,110,10,1.3592735528945923,0.449664443731308,1.3372935056686401,0.42953020334243774,True,100
syn-cora-h0.20-r1,LabelStratifiedKFold,3,4,GCN,101,111,11,1.357017993927002,0.43624159693717957,1.3392359018325806,0.43624159693717957,True,100
syn-cora-h0.20-r1,LabelStratifiedKFold,3,5,GCN,100,113,13,1.2885267734527588,0.47315436601638794,1.363921880722046,0.43959730863571167,True,100
syn-cora-h0.20-r1,LabelStratifiedKFold,3,5,GCN,101,113,13,1.2980233430862427,0.463087260723114,1.3600835800170898,0.449664443731308,True,100
syn-cora-h0.20-r1,StratifiedKFoldDynamic_Degree_b300,3,1,GCN,100,110,10,1.3646104335784912,0.38926175236701965,1.325851559638977,0.43624159693717957,True,100
syn-cora-h0.20-r1,StratifiedKFoldDynamic_Degree_b300,3,2,GCN,100,113,13,1.285580039024353,0.5,1.3663815259933472,0.4127516746520996,True,100
syn-cora-h0.20-r1,StratifiedKFoldDynamic_Degree_b300,3,1,GCN,101,112,12,1.3598939180374146,0.4127516746520996,1.3272407054901123,0.4060402810573578,True,100
syn-cora-h0.20-r1,StratifiedKFoldDynamic_Degree_b300,3,2,GCN,101,113,13,1.3071389198303223,0.4899328947067261,1.3538836240768433,0.4026845693588257,True,100
syn-cora-h0.20-r1,StratifiedKFoldDynamic_Degree_b300,3,3,GCN,101,110,10,1.3789103031158447,0.4060402810573578,1.3377211093902588,0.4463087320327759,True,100
syn-cora-h0.20-r1,StratifiedKFoldDynamic_Degree_b300,3,3,GCN,100,111,11,1.3749622106552124,0.4093959629535675,1.316833257675171,0.4463087320327759,True,100
syn-cora-h0.20-r1,StratifiedKFoldDynamic_Degree_b300,3,4,GCN,101,113,13,1.3200910091400146,0.3993288576602936,1.3730427026748657,0.4194630980491638,True,100
syn-cora-h0.20-r1,StratifiedKFoldDynamic_Degree_b300,3,4,GCN,100,113,13,1.3105485439300537,0.42617449164390564,1.3883227109909058,0.43624159693717957,True,100
syn-cora-h0.20-r1,StratifiedKFoldDynamic_Degree_b300,3,5,GCN,100,110,10,1.3255385160446167,0.43288591504096985,1.3139262199401855,0.43959730863571167,True,100
syn-cora-h0.20-r1,StratifiedKFoldDynamic_Degree_b300,3,5,GCN,101,115,15,1.3160072565078735,0.43624159693717957,1.3396363258361816,0.42281877994537354,True,100
syn-cora-h0.20-r1,StratifiedKFoldDynamic_NeighHet_b300,3,1,GCN,100,110,10,1.3711609840393066,0.38255032896995544,1.3606585264205933,0.42953020334243774,True,100
syn-cora-h0.20-r1,StratifiedKFoldDynamic_NeighHet_b300,3,1,GCN,101,111,11,1.3653076887130737,0.4127516746520996,1.3531863689422607,0.42281877994537354,True,100
syn-cora-h0.20-r1,StratifiedKFoldDynamic_NeighHet_b300,3,2,GCN,100,110,10,1.351660132408142,0.43288591504096985,1.3659424781799316,0.4161073863506317,True,100
syn-cora-h0.20-r1,StratifiedKFoldDynamic_NeighHet_b300,3,2,GCN,101,113,13,1.358172059059143,0.4161073863506317,1.357216477394104,0.4127516746520996,True,100
syn-cora-h0.20-r1,StratifiedKFoldDynamic_NeighHet_b300,3,3,GCN,100,110,10,1.3293700218200684,0.4429530203342438,1.3510435819625854,0.4429530203342438,True,100
syn-cora-h0.20-r1,StratifiedKFoldDynamic_NeighHet_b300,3,3,GCN,101,112,12,1.3316116333007812,0.4463087320327759,1.351863145828247,0.43624159693717957,True,100
syn-cora-h0.20-r1,StratifiedKFoldDynamic_NeighHet_b300,3,4,GCN,100,111,11,1.3351850509643555,0.4530201256275177,1.3720481395721436,0.4127516746520996,True,100
syn-cora-h0.20-r1,StratifiedKFoldDynamic_NeighHet_b300,3,4,GCN,101,114,14,1.352013111114502,0.42953020334243774,1.3699283599853516,0.4194630980491638,True,100
syn-cora-h0.20-r1,StratifiedKFoldDynamic_NeighHet_b300,3,5,GCN,100,110,10,1.3515311479568481,0.4597315490245819,1.3294345140457153,0.4563758373260498,True,100
syn-cora-h0.20-r1,StratifiedKFoldDynamic_NeighHet_b300,3,5,GCN,101,112,12,1.3413033485412598,0.43288591504096985,1.3392177820205688,0.4597315490245819,True,100
syn-cora-h0.20-r1,StratifiedKFoldDynamic_PageRank_b300,3,1,GCN,100,111,11,1.3707069158554077,0.4026845693588257,1.3361457586288452,0.4127516746520996,True,100
syn-cora-h0.20-r1,StratifiedKFoldDynamic_PageRank_b300,3,2,GCN,101,113,13,1.2762737274169922,0.4597315490245819,1.3893593549728394,0.3557046949863434,True,100
syn-cora-h0.20-r1,StratifiedKFoldDynamic_PageRank_b300,3,1,GCN,101,112,12,1.354465365409851,0.4060402810573578,1.349574089050293,0.42281877994537354,True,100
syn-cora-h0.20-r1,StratifiedKFoldDynamic_PageRank_b300,3,2,GCN,100,113,13,1.2644939422607422,0.46979865431785583,1.4115809202194214,0.3724832236766815,True,100
syn-cora-h0.20-r1,StratifiedKFoldDynamic_PageRank_b300,3,3,GCN,100,112,12,1.329911708831787,0.42281877994537354,1.2952765226364136,0.463087260723114,True,100
syn-cora-h0.20-r1,StratifiedKFoldDynamic_PageRank_b300,3,4,GCN,100,109,9,1.3743830919265747,0.4463087320327759,1.3272382020950317,0.4463087320327759,True,100
syn-cora-h0.20-r1,StratifiedKFoldDynamic_PageRank_b300,3,3,GCN,101,112,12,1.3487064838409424,0.4127516746520996,1.295175552368164,0.463087260723114,True,100
syn-cora-h0.20-r1,StratifiedKFoldDynamic_PageRank_b300,3,4,GCN,101,112,12,1.3619495630264282,0.4597315490245819,1.3199928998947144,0.449664443731308,True,100
syn-cora-h0.20-r1,StratifiedKFoldDynamic_PageRank_b300,3,5,GCN,100,110,10,1.3462928533554077,0.4194630980491638,1.3736398220062256,0.39261746406555176,True,100
syn-cora-h0.20-r1,StratifiedKFoldDynamic_PageRank_b300,3,5,GCN,101,112,12,1.3779102563858032,0.4060402810573578,1.372355580329895,0.4161073863506317,True,100
syn-cora-h0.20-r1,StratifiedKFoldDynamic_EigCentrality_b300,3,1,GCN,101,111,11,1.3776885271072388,0.4060402810573578,1.4046238660812378,0.38590604066848755,True,100
syn-cora-h0.20-r1,StratifiedKFoldDynamic_EigCentrality_b300,3,1,GCN,100,110,10,1.3765615224838257,0.42617449164390564,1.38605797290802,0.37919461727142334,True,100
syn-cora-h0.20-r1,StratifiedKFoldDynamic_EigCentrality_b300,3,2,GCN,101,113,13,1.313098430633545,0.4530201256275177,1.336909532546997,0.4563758373260498,True,100
syn-cora-h0.20-r1,StratifiedKFoldDynamic_EigCentrality_b300,3,2,GCN,100,114,14,1.3047658205032349,0.47986575961112976,1.355331301689148,0.43288591504096985,True,100
syn-cora-h0.20-r1,StratifiedKFoldDynamic_EigCentrality_b300,3,3,GCN,100,110,10,1.369334101676941,0.4161073863506317,1.3161590099334717,0.46644294261932373,True,100
syn-cora-h0.20-r1,StratifiedKFoldDynamic_EigCentrality_b300,3,3,GCN,101,111,11,1.3716188669204712,0.38926175236701965,1.332343339920044,0.43959730863571167,True,100
syn-cora-h0.20-r1,StratifiedKFoldDynamic_EigCentrality_b300,3,4,GCN,100,112,12,1.3489910364151,0.463087260723114,1.371157169342041,0.42281877994537354,True,100
syn-cora-h0.20-r1,StratifiedKFoldDynamic_EigCentrality_b300,3,4,GCN,101,112,12,1.3615200519561768,0.449664443731308,1.3693270683288574,0.4060402810573578,True,100
syn-cora-h0.20-r1,StratifiedKFoldDynamic_EigCentrality_b300,3,5,GCN,100,111,11,1.3463308811187744,0.42617449164390564,1.3223001956939697,0.449664443731308,True,100
syn-cora-h0.20-r1,StratifiedKFoldDynamic_EigCentrality_b300,3,5,GCN,101,112,12,1.3594348430633545,0.4194630980491638,1.3351277112960815,0.43624159693717957,True,100
syn-cora-h0.20-r1,StratifiedKFoldDynamic_Clustering_b300,3,1,GCN,100,110,10,1.3570842742919922,0.463087260723114,1.3039026260375977,0.43624159693717957,True,100
syn-cora-h0.20-r1,StratifiedKFoldDynamic_Clustering_b300,3,2,GCN,100,111,11,1.3845574855804443,0.38926175236701965,1.351449966430664,0.4060402810573578,True,100
syn-cora-h0.20-r1,StratifiedKFoldDynamic_Clustering_b300,3,2,GCN,101,112,12,1.3783462047576904,0.38926175236701965,1.3515723943710327,0.42617449164390564,True,100
syn-cora-h0.20-r1,StratifiedKFoldDynamic_Clustering_b300,3,1,GCN,101,113,13,1.3709052801132202,0.42953020334243774,1.3183571100234985,0.4563758373260498,True,100
syn-cora-h0.20-r1,StratifiedKFoldDynamic_Clustering_b300,3,3,GCN,100,111,11,1.314633846282959,0.43959730863571167,1.3778654336929321,0.37919461727142334,True,100
syn-cora-h0.20-r1,StratifiedKFoldDynamic_Clustering_b300,3,3,GCN,101,112,12,1.3292995691299438,0.4597315490245819,1.365128993988037,0.4060402810573578,True,100
syn-cora-h0.20-r1,StratifiedKFoldDynamic_Clustering_b300,3,4,GCN,100,110,10,1.3487496376037598,0.43624159693717957,1.3316010236740112,0.449664443731308,True,100
syn-cora-h0.20-r1,StratifiedKFoldDynamic_Clustering_b300,3,4,GCN,101,112,12,1.3614128828048706,0.4463087320327759,1.3458760976791382,0.42953020334243774,True,100
syn-cora-h0.20-r1,StratifiedKFoldDynamic_Clustering_b300,3,5,GCN,100,113,13,1.2791194915771484,0.463087260723114,1.3479268550872803,0.4161073863506317,True,100
syn-cora-h0.20-r1,StratifiedKFoldDynamic_Clustering_b300,3,5,GCN,101,115,15,1.2783032655715942,0.4597315490245819,1.3480831384658813,0.4093959629535675,True,100
syn-cora-h0.20-r1,RandomKFold,4,1,GCN,100,114,14,1.2824558019638062,0.47986575961112976,1.3617334365844727,0.4161073863506317,True,100
syn-cora-h0.20-r1,RandomKFold,4,2,GCN,101,113,13,1.3299022912979126,0.4463087320327759,1.2843869924545288,0.4563758373260498,True,100
syn-cora-h0.20-r1,RandomKFold,4,2,GCN,100,113,13,1.3197048902511597,0.463087260723114,1.2809622287750244,0.4530201256275177,True,100
syn-cora-h0.20-r1,RandomKFold,4,1,GCN,101,115,15,1.2797342538833618,0.48657718300819397,1.3724243640899658,0.3993288576602936,True,100
syn-cora-h0.20-r1,RandomKFold,4,3,GCN,100,110,10,1.369478464126587,0.43624159693717957,1.333564281463623,0.4563758373260498,True,100
syn-cora-h0.20-r1,RandomKFold,4,3,GCN,101,112,12,1.3695158958435059,0.43288591504096985,1.3322910070419312,0.4429530203342438,True,100
syn-cora-h0.20-r1,RandomKFold,4,4,GCN,100,113,13,1.300430178642273,0.47651007771492004,1.366593599319458,0.4194630980491638,True,100
syn-cora-h0.20-r1,RandomKFold,4,4,GCN,101,114,14,1.3081520795822144,0.4463087320327759,1.3490328788757324,0.4093959629535675,True,100
syn-cora-h0.20-r1,RandomKFold,4,5,GCN,100,111,11,1.331906795501709,0.43288591504096985,1.308847427368164,0.4463087320327759,True,100
syn-cora-h0.20-r1,RandomKFold,4,5,GCN,101,112,12,1.3475810289382935,0.42617449164390564,1.3212486505508423,0.4429530203342438,True,100
syn-cora-h0.20-r1,LabelStratifiedKFold,4,2,GCN,101,111,11,1.419466495513916,0.3657718002796173,1.316902995109558,0.42617449164390564,True,100
syn-cora-h0.20-r1,LabelStratifiedKFold,4,2,GCN,100,110,10,1.399915099143982,0.39261746406555176,1.2981868982315063,0.4463087320327759,True,100
syn-cora-h0.20-r1,LabelStratifiedKFold,4,1,GCN,100,113,13,1.3082388639450073,0.43288591504096985,1.2966256141662598,0.4530201256275177,True,100
syn-cora-h0.20-r1,LabelStratifiedKFold,4,1,GCN,101,113,13,1.3307307958602905,0.4194630980491638,1.297698736190796,0.4530201256275177,True,100
syn-cora-h0.20-r1,LabelStratifiedKFold,4,3,GCN,100,110,10,1.3492741584777832,0.449664443731308,1.4137499332427979,0.34899330139160156,True,100
syn-cora-h0.20-r1,LabelStratifiedKFold,4,4,GCN,100,111,11,1.3480911254882812,0.42281877994537354,1.3321151733398438,0.4563758373260498,True,100
syn-cora-h0.20-r1,LabelStratifiedKFold,4,3,GCN,101,113,13,1.3471957445144653,0.43959730863571167,1.46518075466156,0.3288590610027313,True,100
syn-cora-h0.20-r1,LabelStratifiedKFold,4,4,GCN,101,112,12,1.3579400777816772,0.4127516746520996,1.3183079957962036,0.4463087320327759,True,100
syn-cora-h0.20-r1,LabelStratifiedKFold,4,5,GCN,100,115,15,1.2774022817611694,0.47315436601638794,1.3628934621810913,0.3993288576602936,True,100
syn-cora-h0.20-r1,LabelStratifiedKFold,4,5,GCN,101,115,15,1.2769131660461426,0.48657718300819397,1.3664735555648804,0.39261746406555176,True,100
syn-cora-h0.20-r1,StratifiedKFoldDynamic_Degree_b300,4,2,GCN,100,110,10,1.326390027999878,0.449664443731308,1.323188304901123,0.4463087320327759,True,100
syn-cora-h0.20-r1,StratifiedKFoldDynamic_Degree_b300,4,1,GCN,101,112,12,1.3467304706573486,0.42953020334243774,1.3597707748413086,0.42617449164390564,True,100
syn-cora-h0.20-r1,StratifiedKFoldDynamic_Degree_b300,4,1,GCN,100,111,11,1.313445806503296,0.43959730863571167,1.3504137992858887,0.42281877994537354,True,100
syn-cora-h0.20-r1,StratifiedKFoldDynamic_Degree_b300,4,2,GCN,101,114,14,1.336543083190918,0.449664443731308,1.336193323135376,0.43624159693717957,True,100
syn-cora-h0.20-r1,StratifiedKFoldDynamic_Degree_b300,4,3,GCN,100,110,10,1.3807567358016968,0.4127516746520996,1.2952353954315186,0.4563758373260498,True,100
syn-cora-h0.20-r1,StratifiedKFoldDynamic_Degree_b300,4,4,GCN,100,110,10,1.3296033143997192,0.4463087320327759,1.4056122303009033,0.39261746406555176,True,100
syn-cora-h0.20-r1,StratifiedKFoldDynamic_Degree_b300,4,4,GCN,101,113,13,1.3103749752044678,0.4530201256275177,1.4026862382888794,0.38926175236701965,True,100
syn-cora-h0.20-r1,StratifiedKFoldDynamic_Degree_b300,4,3,GCN,101,113,13,1.3894740343093872,0.38590604066848755,1.2939341068267822,0.4563758373260498,True,100
syn-cora-h0.20-r1,StratifiedKFoldDynamic_Degree_b300,4,5,GCN,100,111,11,1.3280515670776367,0.42617449164390564,1.3264411687850952,0.463087260723114,True,100
syn-cora-h0.20-r1,StratifiedKFoldDynamic_Degree_b300,4,5,GCN,101,112,12,1.3314008712768555,0.42281877994537354,1.3134143352508545,0.46644294261932373,True,100
syn-cora-h0.20-r1,StratifiedKFoldDynamic_NeighHet_b300,4,2,GCN,100,110,10,1.3446208238601685,0.4530201256275177,1.3252123594284058,0.4597315490245819,True,100
syn-cora-h0.20-r1,StratifiedKFoldDynamic_NeighHet_b300,4,2,GCN,101,113,13,1.3357890844345093,0.43959730863571167,1.313346266746521,0.449664443731308,True,100
syn-cora-h0.20-r1,StratifiedKFoldDynamic_NeighHet_b300,4,1,GCN,100,110,10,1.3408970832824707,0.4026845693588257,1.3738023042678833,0.37919461727142334,True,100
syn-cora-h0.20-r1,StratifiedKFoldDynamic_NeighHet_b300,4,1,GCN,101,112,12,1.3381670713424683,0.42617449164390564,1.3697876930236816,0.3724832236766815,True,100
syn-cora-h0.20-r1,StratifiedKFoldDynamic_NeighHet_b300,4,3,GCN,100,111,11,1.3539149761199951,0.4127516746520996,1.3531275987625122,0.4161073863506317,True,100
syn-cora-h0.20-r1,StratifiedKFoldDynamic_NeighHet_b300,4,4,GCN,100,111,11,1.2737475633621216,0.48657718300819397,1.3445168733596802,0.43624159693717957,True,100
syn-cora-h0.20-r1,StratifiedKFoldDynamic_NeighHet_b300,4,3,GCN,101,112,12,1.3624963760375977,0.4127516746520996,1.3559777736663818,0.42281877994537354,True,100
syn-cora-h0.20-r1,StratifiedKFoldDynamic_NeighHet_b300,4,4,GCN,101,115,15,1.2672679424285889,0.5,1.3654661178588867,0.42953020334243774,True,100
syn-cora-h0.20-r1,StratifiedKFoldDynamic_NeighHet_b300,4,5,GCN,100,111,11,1.3748971223831177,0.3758389353752136,1.285240650177002,0.5033556818962097,True,100
syn-cora-h0.20-r1,StratifiedKFoldDynamic_NeighHet_b300,4,5,GCN,101,112,12,1.3749754428863525,0.3724832236766815,1.3015413284301758,0.5,True,100
syn-cora-h0.20-r1,StratifiedKFoldDynamic_PageRank_b300,4,1,GCN,101,112,12,1.359436273574829,0.3993288576602936,1.3727679252624512,0.4127516746520996,True,100
syn-cora-h0.20-r1,StratifiedKFoldDynamic_PageRank_b300,4,2,GCN,100,113,13,1.319739580154419,0.43288591504096985,1.358351707458496,0.4161073863506317,True,100
syn-cora-h0.20-r1,StratifiedKFoldDynamic_PageRank_b300,4,1,GCN,100,111,11,1.3735517263412476,0.43288591504096985,1.3470839262008667,0.4429530203342438,True,100
syn-cora-h0.20-r1,StratifiedKFoldDynamic_PageRank_b300,4,2,GCN,101,115,15,1.354667067527771,0.4194630980491638,1.375128984451294,0.4127516746520996,True,100
syn-cora-h0.20-r1,StratifiedKFoldDynamic_PageRank_b300,4,3,GCN,100,113,13,1.3139996528625488,0.5,1.3315284252166748,0.4194630980491638,True,100
syn-cora-h0.20-r1,StratifiedKFoldDynamic_PageRank_b300,4,4,GCN,100,110,10,1.3714730739593506,0.4093959629535675,1.3501529693603516,0.4597315490245819,True,100
syn-cora-h0.20-r1,StratifiedKFoldDynamic_PageRank_b300,4,3,GCN,101,112,12,1.312817931175232,0.4563758373260498,1.3563518524169922,0.42281877994537354,True,100
syn-cora-h0.20-r1,StratifiedKFoldDynamic_PageRank_b300,4,4,GCN,101,110,10,1.3801186084747314,0.4026845693588257,1.3681713342666626,0.4563758373260498,True,100
syn-cora-h0.20-r1,StratifiedKFoldDynamic_PageRank_b300,4,5,GCN,100,113,13,1.3083902597427368,0.42281877994537354,1.3474273681640625,0.4429530203342438,True,100
syn-cora-h0.20-r1,StratifiedKFoldDynamic_PageRank_b300,4,5,GCN,101,115,15,1.3445281982421875,0.4463087320327759,1.3758772611618042,0.4194630980491638,True,100
syn-cora-h0.20-r1,StratifiedKFoldDynamic_EigCentrality_b300,4,1,GCN,100,114,14,1.3422894477844238,0.43959730863571167,1.347513198852539,0.43959730863571167,True,100
syn-cora-h0.20-r1,StratifiedKFoldDynamic_EigCentrality_b300,4,2,GCN,100,113,13,1.3159050941467285,0.4563758373260498,1.329058289527893,0.43288591504096985,True,100
syn-cora-h0.20-r1,StratifiedKFoldDynamic_EigCentrality_b300,4,1,GCN,101,113,13,1.3249595165252686,0.449664443731308,1.3604451417922974,0.43959730863571167,True,100
syn-cora-h0.20-r1,StratifiedKFoldDynamic_EigCentrality_b300,4,2,GCN,101,116,16,1.3285861015319824,0.4127516746520996,1.3224025964736938,0.4429530203342438,True,100
syn-cora-h0.20-r1,StratifiedKFoldDynamic_EigCentrality_b300,4,3,GCN,100,110,10,1.358748435974121,0.42617449164390564,1.3440572023391724,0.4161073863506317,True,100
syn-cora-h0.20-r1,StratifiedKFoldDynamic_EigCentrality_b300,4,4,GCN,100,110,10,1.3467531204223633,0.46979865431785583,1.330654501914978,0.43959730863571167,True,100
syn-cora-h0.20-r1,StratifiedKFoldDynamic_EigCentrality_b300,4,3,GCN,101,113,13,1.3721922636032104,0.449664443731308,1.3511961698532104,0.4194630980491638,True,100
syn-cora-h0.20-r1,StratifiedKFoldDynamic_EigCentrality_b300,4,4,GCN,101,112,12,1.3320881128311157,0.43624159693717957,1.3564943075180054,0.4563758373260498,True,100
syn-cora-h0.20-r1,StratifiedKFoldDynamic_EigCentrality_b300,4,5,GCN,101,112,12,1.357749581336975,0.4161073863506317,1.3318874835968018,0.4530201256275177,True,100
syn-cora-h0.20-r1,StratifiedKFoldDynamic_EigCentrality_b300,4,5,GCN,100,113,13,1.3306251764297485,0.4429530203342438,1.3666592836380005,0.43959730863571167,True,100
syn-cora-h0.20-r1,StratifiedKFoldDynamic_Clustering_b300,4,1,GCN,101,112,12,1.3629019260406494,0.43288591504096985,1.3739713430404663,0.4161073863506317,True,100
syn-cora-h0.20-r1,StratifiedKFoldDynamic_Clustering_b300,4,1,GCN,100,110,10,1.3452595472335815,0.42953020334243774,1.3575259447097778,0.4194630980491638,True,100
syn-cora-h0.20-r1,StratifiedKFoldDynamic_Clustering_b300,4,2,GCN,100,111,11,1.3633506298065186,0.43288591504096985,1.3769195079803467,0.4194630980491638,True,100
syn-cora-h0.20-r1,StratifiedKFoldDynamic_Clustering_b300,4,2,GCN,101,112,12,1.3630038499832153,0.42281877994537354,1.3900089263916016,0.4026845693588257,True,100
syn-cora-h0.20-r1,StratifiedKFoldDynamic_Clustering_b300,4,3,GCN,100,112,12,1.3328860998153687,0.4899328947067261,1.3557651042938232,0.42281877994537354,True,100
syn-cora-h0.20-r1,StratifiedKFoldDynamic_Clustering_b300,4,3,GCN,101,111,11,1.3382651805877686,0.4597315490245819,1.3623335361480713,0.42617449164390564,True,100
syn-cora-h0.20-r1,StratifiedKFoldDynamic_Clustering_b300,4,4,GCN,100,114,14,1.3443840742111206,0.4429530203342438,1.3179056644439697,0.46644294261932373,True,100
syn-cora-h0.20-r1,StratifiedKFoldDynamic_Clustering_b300,4,4,GCN,101,113,13,1.340444803237915,0.43624159693717957,1.3214201927185059,0.449664443731308,True,100
syn-cora-h0.20-r1,StratifiedKFoldDynamic_Clustering_b300,4,5,GCN,100,110,10,1.3533002138137817,0.4194630980491638,1.3547760248184204,0.4194630980491638,True,100
syn-cora-h0.20-r1,StratifiedKFoldDynamic_Clustering_b300,4,5,GCN,101,113,13,1.3509758710861206,0.43959730863571167,1.3441497087478638,0.42953020334243774,True,100
syn-cora-h0.30-r1,RandomKFold,0,2,GCN,100,111,11,1.2099767923355103,0.4966442883014679,1.2089745998382568,0.5335570573806763,True,100
syn-cora-h0.30-r1,RandomKFold,0,2,GCN,101,116,16,1.2165477275848389,0.48322147130966187,1.2155975103378296,0.5201342105865479,True,100
syn-cora-h0.30-r1,RandomKFold,0,1,GCN,100,114,14,1.176674485206604,0.5234899520874023,1.1954255104064941,0.5,True,100
syn-cora-h0.30-r1,RandomKFold,0,1,GCN,101,115,15,1.1883349418640137,0.5100671052932739,1.205504059791565,0.5100671052932739,True,100
syn-cora-h0.30-r1,RandomKFold,0,3,GCN,100,114,14,1.114230990409851,0.5402684807777405,1.2165042161941528,0.4563758373260498,True,100
syn-cora-h0.30-r1,RandomKFold,0,3,GCN,101,115,15,1.0930883884429932,0.5604026913642883,1.2247929573059082,0.4597315490245819,True,100
syn-cora-h0.30-r1,RandomKFold,0,4,GCN,100,112,12,1.1831234693527222,0.5335570573806763,1.1574296951293945,0.5570470094680786,True,100
syn-cora-h0.30-r1,RandomKFold,0,4,GCN,101,113,13,1.1953434944152832,0.5302013158798218,1.1294076442718506,0.5503355860710144,True,100
syn-cora-h0.30-r1,RandomKFold,0,5,GCN,100,113,13,1.2047204971313477,0.5201342105865479,1.17844820022583,0.5167785286903381,True,100
syn-cora-h0.30-r1,RandomKFold,0,5,GCN,101,114,14,1.2276437282562256,0.5033556818962097,1.1987535953521729,0.5033556818962097,True,100
syn-cora-h0.30-r1,LabelStratifiedKFold,0,2,GCN,101,113,13,1.199615240097046,0.4899328947067261,1.2246675491333008,0.5033556818962097,True,100
syn-cora-h0.30-r1,LabelStratifiedKFold,0,2,GCN,100,111,11,1.1901553869247437,0.4899328947067261,1.2360275983810425,0.5134228467941284,True,100
syn-cora-h0.30-r1,LabelStratifiedKFold,0,1,GCN,100,111,11,1.2451224327087402,0.5234899520874023,1.1047987937927246,0.5704697966575623,True,100
syn-cora-h0.30-r1,LabelStratifiedKFold,0,1,GCN,101,115,15,1.2240493297576904,0.5100671052932739,1.0713809728622437,0.563758373260498,True,100
syn-cora-h0.30-r1,LabelStratifiedKFold,0,3,GCN,100,113,13,1.1205240488052368,0.5302013158798218,1.1777647733688354,0.5201342105865479,True,100
syn-cora-h0.30-r1,LabelStratifiedKFold,0,4,GCN,100,113,13,1.1705293655395508,0.5234899520874023,1.1299711465835571,0.536912739276886,True,100
syn-cora-h0.30-r1,LabelStratifiedKFold,0,3,GCN,101,115,15,1.134224534034729,0.5335570573806763,1.1886262893676758,0.47651007771492004,True,100
syn-cora-h0.30-r1,LabelStratifiedKFold,0,4,GCN,101,113,13,1.178703784942627,0.5604026913642883,1.1497440338134766,0.5436241626739502,True,100
syn-cora-h0.30-r1,LabelStratifiedKFold,0,5,GCN,100,116,16,1.0952668190002441,0.5402684807777405,1.1895242929458618,0.4966442883014679,True,100
syn-cora-h0.30-r1,LabelStratifiedKFold,0,5,GCN,101,115,15,1.1048089265823364,0.5604026913642883,1.1899075508117676,0.5100671052932739,True,100
syn-cora-h0.30-r1,StratifiedKFoldDynamic_Degree_b300,0,1,GCN,100,111,11,1.2348624467849731,0.5033556818962097,1.204526424407959,0.5302013158798218,True,100
syn-cora-h0.30-r1,StratifiedKFoldDynamic_Degree_b300,0,2,GCN,100,114,14,1.1349077224731445,0.5469798445701599,1.1815048456192017,0.4966442883014679,True,100
syn-cora-h0.30-r1,StratifiedKFoldDynamic_Degree_b300,0,1,GCN,101,112,12,1.2619303464889526,0.4966442883014679,1.218406319618225,0.5234899520874023,True,100
syn-cora-h0.30-r1,StratifiedKFoldDynamic_Degree_b300,0,2,GCN,101,114,14,1.140540361404419,0.5402684807777405,1.1857529878616333,0.5268456339836121,True,100
syn-cora-h0.30-r1,StratifiedKFoldDynamic_Degree_b300,0,3,GCN,100,113,13,1.1522644758224487,0.5268456339836121,1.1863075494766235,0.5201342105865479,True,100
syn-cora-h0.30-r1,StratifiedKFoldDynamic_Degree_b300,0,3,GCN,101,114,14,1.1742208003997803,0.5335570573806763,1.1845290660858154,0.4966442883014679,True,100
syn-cora-h0.30-r1,StratifiedKFoldDynamic_Degree_b300,0,4,GCN,100,113,13,1.1823910474777222,0.5201342105865479,1.153462529182434,0.5067114233970642,True,100
syn-cora-h0.30-r1,StratifiedKFoldDynamic_Degree_b300,0,4,GCN,101,115,15,1.185126543045044,0.4966442883014679,1.170069694519043,0.4966442883014679,True,100
syn-cora-h0.30-r1,StratifiedKFoldDynamic_Degree_b300,0,5,GCN,100,117,17,1.1463149785995483,0.5268456339836121,1.1796284914016724,0.5,True,100
syn-cora-h0.30-r1,StratifiedKFoldDynamic_Degree_b300,0,5,GCN,101,116,16,1.1563416719436646,0.5268456339836121,1.1655844449996948,0.5,True,100
syn-cora-h0.30-r1,StratifiedKFoldDynamic_NeighHet_b300,0,1,GCN,100,112,12,1.1364233493804932,0.5536912679672241,1.2087855339050293,0.5,True,100
syn-cora-h0.30-r1,StratifiedKFoldDynamic_NeighHet_b300,0,2,GCN,101,113,13,1.2005784511566162,0.5067114233970642,1.2048627138137817,0.5402684807777405,True,100
syn-cora-h0.30-r1,StratifiedKFoldDynamic_NeighHet_b300,0,2,GCN,100,114,14,1.1792930364608765,0.5201342105865479,1.1812187433242798,0.5302013158798218,True,100
syn-cora-h0.30-r1,StratifiedKFoldDynamic_NeighHet_b300,0,1,GCN,101,118,18,1.142003059387207,0.5704697966575623,1.2606256008148193,0.46644294261932373,True,100
syn-cora-h0.30-r1,StratifiedKFoldDynamic_NeighHet_b300,0,3,GCN,100,114,14,1.1520624160766602,0.5570470094680786,1.1521035432815552,0.5234899520874023,True,100
syn-cora-h0.30-r1,StratifiedKFoldDynamic_NeighHet_b300,0,3,GCN,101,115,15,1.130763053894043,0.5402684807777405,1.1599282026290894,0.48322147130966187,True,100
syn-cora-h0.30-r1,StratifiedKFoldDynamic_NeighHet_b300,0,4,GCN,100,113,13,1.1865719556808472,0.5100671052932739,1.1610852479934692,0.536912739276886,True,100
syn-cora-h0.30-r1,StratifiedKFoldDynamic_NeighHet_b300,0,4,GCN,101,114,14,1.1853234767913818,0.5167785286903381,1.1527305841445923,0.5335570573806763,True,100
syn-cora-h0.30-r1,StratifiedKFoldDynamic_NeighHet_b300,0,5,GCN,100,113,13,1.2065889835357666,0.47651007771492004,1.1715086698532104,0.5201342105865479,True,100
syn-cora-h0.30-r1,StratifiedKFoldDynamic_NeighHet_b300,0,5,GCN,101,113,13,1.2365037202835083,0.48322147130966187,1.1778844594955444,0.5201342105865479,True,100
syn-cora-h0.30-r1,StratifiedKFoldDynamic_PageRank_b300,0,1,GCN,100,114,14,1.1882749795913696,0.5134228467941284,1.1896083354949951,0.5067114233970642,True,100
syn-cora-h0.30-r1,StratifiedKFoldDynamic_PageRank_b300,0,2,GCN,100,113,13,1.1423912048339844,0.5335570573806763,1.2102041244506836,0.5033556818962097,True,100
syn-cora-h0.30-r1,StratifiedKFoldDynamic_PageRank_b300,0,2,GCN,101,115,15,1.148982048034668,0.5201342105865479,1.2219338417053223,0.4966442883014679,True,100
syn-cora-h0.30-r1,StratifiedKFoldDynamic_PageRank_b300,0,1,GCN,101,113,13,1.1981053352355957,0.4899328947067261,1.1930779218673706,0.5,True,100
syn-cora-h0.30-r1,StratifiedKFoldDynamic_PageRank_b300,0,3,GCN,100,113,13,1.1838481426239014,0.5100671052932739,1.1481270790100098,0.5335570573806763,True,100
syn-cora-h0.30-r1,StratifiedKFoldDynamic_PageRank_b300,0,4,GCN,101,114,14,1.1228278875350952,0.5536912679672241,1.1744673252105713,0.5134228467941284,True,100
syn-cora-h0.30-r1,StratifiedKFoldDynamic_PageRank_b300,0,3,GCN,101,114,14,1.173898696899414,0.5067114233970642,1.1534849405288696,0.5167785286903381,True,100
syn-cora-h0.30-r1,StratifiedKFoldDynamic_PageRank_b300,0,4,GCN,100,116,16,1.1036770343780518,0.5536912679672241,1.1923537254333496,0.5033556818962097,True,100
syn-cora-h0.30-r1,StratifiedKFoldDynamic_PageRank_b300,0,5,GCN,100,112,12,1.1908819675445557,0.5201342105865479,1.1154909133911133,0.5436241626739502,True,100
syn-cora-h0.30-r1,StratifiedKFoldDynamic_PageRank_b300,0,5,GCN,101,114,14,1.1980338096618652,0.5134228467941284,1.13424551486969,0.5335570573806763,True,100
syn-cora-h0.30-r1,StratifiedKFoldDynamic_EigCentrality_b300,0,2,GCN,100,112,12,1.1992839574813843,0.46979865431785583,1.1802095174789429,0.5067114233970642,True,100
syn-cora-h0.30-r1,StratifiedKFoldDynamic_EigCentrality_b300,0,2,GCN,101,112,12,1.2125612497329712,0.4463087320327759,1.1811347007751465,0.5268456339836121,True,100
syn-cora-h0.30-r1,StratifiedKFoldDynamic_EigCentrality_b300,0,1,GCN,101,114,14,1.1769979000091553,0.536912739276886,1.1366236209869385,0.5302013158798218,True,100
syn-cora-h0.30-r1,StratifiedKFoldDynamic_EigCentrality_b300,0,1,GCN,100,115,15,1.1640962362289429,0.5268456339836121,1.1416772603988647,0.5469798445701599,True,100
syn-cora-h0.30-r1,StratifiedKFoldDynamic_EigCentrality_b300,0,3,GCN,100,113,13,1.1484322547912598,0.573825478553772,1.1786937713623047,0.5100671052932739,True,100
syn-cora-h0.30-r1,StratifiedKFoldDynamic_EigCentrality_b300,0,3,GCN,101,115,15,1.1599050760269165,0.5536912679672241,1.1868834495544434,0.47315436601638794,True,100
syn-cora-h0.30-r1,StratifiedKFoldDynamic_EigCentrality_b300,0,4,GCN,100,116,16,1.1318665742874146,0.5570470094680786,1.200650691986084,0.5469798445701599,True,100
syn-cora-h0.30-r1,StratifiedKFoldDynamic_EigCentrality_b300,0,4,GCN,101,116,16,1.1586817502975464,0.5268456339836121,1.2033571004867554,0.5201342105865479,True,100
syn-cora-h0.30-r1,StratifiedKFoldDynamic_EigCentrality_b300,0,5,GCN,100,113,13,1.113316297531128,0.5536912679672241,1.1508468389511108,0.5671141147613525,True,100
syn-cora-h0.30-r1,StratifiedKFoldDynamic_EigCentrality_b300,0,5,GCN,101,115,15,1.1206307411193848,0.5402684807777405,1.157838225364685,0.5268456339836121,True,100
syn-cora-h0.30-r1,StratifiedKFoldDynamic_Clustering_b300,0,2,GCN,101,113,13,1.2419110536575317,0.4966442883014679,1.1221472024917603,0.5704697966575623,True,100
syn-cora-h0.30-r1,StratifiedKFoldDynamic_Clustering_b300,0,2,GCN,100,111,11,1.2323095798492432,0.5067114233970642,1.125331997871399,0.5436241626739502,True,100
syn-cora-h0.30-r1,StratifiedKFoldDynamic_Clustering_b300,0,1,GCN,100,114,14,1.1151245832443237,0.5402684807777405,1.108512043952942,0.573825478553772,True,100
syn-cora-h0.30-r1,StratifiedKFoldDynamic_Clustering_b300,0,1,GCN,101,115,15,1.1267616748809814,0.5536912679672241,1.1134929656982422,0.563758373260498,True,100
syn-cora-h0.30-r1,StratifiedKFoldDynamic_Clustering_b300,0,3,GCN,100,111,11,1.1794596910476685,0.5201342105865479,1.2124687433242798,0.5167785286903381,True,100
syn-cora-h0.30-r1,StratifiedKFoldDynamic_Clustering_b300,0,3,GCN,101,113,13,1.1989128589630127,0.5100671052932739,1.2222676277160645,0.5067114233970642,True,100
syn-cora-h0.30-r1,StratifiedKFoldDynamic_Clustering_b300,0,4,GCN,101,115,15,1.1364887952804565,0.5201342105865479,1.2195435762405396,0.5067114233970642,True,100
syn-cora-h0.30-r1,StratifiedKFoldDynamic_Clustering_b300,0,4,GCN,100,117,17,1.1405811309814453,0.5302013158798218,1.2245264053344727,0.5,True,100
syn-cora-h0.30-r1,StratifiedKFoldDynamic_Clustering_b300,0,5,GCN,100,113,13,1.114697813987732,0.5906040072441101,1.189733862876892,0.48322147130966187,True,100
syn-cora-h0.30-r1,StratifiedKFoldDynamic_Clustering_b300,0,5,GCN,101,114,14,1.1218488216400146,0.573825478553772,1.1810193061828613,0.4899328947067261,True,100
syn-cora-h0.30-r1,RandomKFold,1,1,GCN,101,112,12,1.226818561553955,0.4932885766029358,1.1551176309585571,0.5302013158798218,True,100
syn-cora-h0.30-r1,RandomKFold,1,2,GCN,101,113,13,1.183802604675293,0.5234899520874023,1.24199378490448,0.48657718300819397,True,100
syn-cora-h0.30-r1,RandomKFold,1,2,GCN,100,114,14,1.1700907945632935,0.5167785286903381,1.2678648233413696,0.47986575961112976,True,100
syn-cora-h0.30-r1,RandomKFold,1,1,GCN,100,116,16,1.236325979232788,0.5033556818962097,1.148409128189087,0.5201342105865479,True,100
syn-cora-h0.30-r1,RandomKFold,1,3,GCN,100,112,12,1.2299875020980835,0.47315436601638794,1.174911618232727,0.5335570573806763,True,100
syn-cora-h0.30-r1,RandomKFold,1,3,GCN,101,115,15,1.2613153457641602,0.46979865431785583,1.1778910160064697,0.5234899520874023,True,100
syn-cora-h0.30-r1,RandomKFold,1,4,GCN,100,116,16,1.0862808227539062,0.5805369019508362,1.2567222118377686,0.4966442883014679,True,100
syn-cora-h0.30-r1,RandomKFold,1,4,GCN,101,116,16,1.095325231552124,0.563758373260498,1.259501338005066,0.5,True,100
syn-cora-h0.30-r1,RandomKFold,1,5,GCN,100,113,13,1.131611943244934,0.5402684807777405,1.1023368835449219,0.5570470094680786,True,100
syn-cora-h0.30-r1,RandomKFold,1,5,GCN,101,113,13,1.150449275970459,0.5302013158798218,1.1177847385406494,0.5503355860710144,True,100
syn-cora-h0.30-r1,LabelStratifiedKFold,1,1,GCN,101,112,12,1.1860182285308838,0.5067114233970642,1.1488595008850098,0.5436241626739502,True,100
syn-cora-h0.30-r1,LabelStratifiedKFold,1,1,GCN,100,113,13,1.1850463151931763,0.5201342105865479,1.1377167701721191,0.5771812200546265,True,100
syn-cora-h0.30-r1,LabelStratifiedKFold,1,2,GCN,100,113,13,1.159712314605713,0.5234899520874023,1.1913577318191528,0.5201342105865479,True,100
syn-cora-h0.30-r1,LabelStratifiedKFold,1,2,GCN,101,114,14,1.1616194248199463,0.5100671052932739,1.1889029741287231,0.4932885766029358,True,100
syn-cora-h0.30-r1,LabelStratifiedKFold,1,3,GCN,100,113,13,1.2191258668899536,0.48657718300819397,1.1911059617996216,0.5067114233970642,True,100
syn-cora-h0.30-r1,LabelStratifiedKFold,1,3,GCN,101,114,14,1.2214118242263794,0.48657718300819397,1.1848934888839722,0.5134228467941284,True,100
syn-cora-h0.30-r1,LabelStratifiedKFold,1,4,GCN,100,112,12,1.1610352993011475,0.5100671052932739,1.202398419380188,0.4932885766029358,True,100
syn-cora-h0.30-r1,LabelStratifiedKFold,1,4,GCN,101,114,14,1.187651515007019,0.5335570573806763,1.213165044784546,0.5067114233970642,True,100
syn-cora-h0.30-r1,LabelStratifiedKFold,1,5,GCN,100,116,16,1.1512720584869385,0.5469798445701599,1.1880518198013306,0.5033556818962097,True,100
syn-cora-h0.30-r1,LabelStratifiedKFold,1,5,GCN,101,114,14,1.1459228992462158,0.5503355860710144,1.1996265649795532,0.5033556818962097,True,100
syn-cora-h0.30-r1,StratifiedKFoldDynamic_Degree_b300,1,1,GCN,100,113,13,1.1731799840927124,0.5234899520874023,1.1672149896621704,0.5167785286903381,True,100
syn-cora-h0.30-r1,StratifiedKFoldDynamic_Degree_b300,1,2,GCN,101,114,14,1.1682469844818115,0.5335570573806763,1.2257521152496338,0.5201342105865479,True,100
syn-cora-h0.30-r1,StratifiedKFoldDynamic_Degree_b300,1,2,GCN,100,114,14,1.1776509284973145,0.5335570573806763,1.1988422870635986,0.5469798445701599,True,100
syn-cora-h0.30-r1,StratifiedKFoldDynamic_Degree_b300,1,1,GCN,101,115,15,1.1944280862808228,0.5100671052932739,1.159510612487793,0.5201342105865479,True,100
syn-cora-h0.30-r1,StratifiedKFoldDynamic_Degree_b300,1,3,GCN,100,112,12,1.1414148807525635,0.5167785286903381,1.1934244632720947,0.5302013158798218,True,100
syn-cora-h0.30-r1,StratifiedKFoldDynamic_Degree_b300,1,4,GCN,100,113,13,1.1654335260391235,0.5134228467941284,1.1095080375671387,0.536912739276886,True,100
syn-cora-h0.30-r1,StratifiedKFoldDynamic_Degree_b300,1,4,GCN,101,113,13,1.1784684658050537,0.5268456339836121,1.123967170715332,0.5234899520874023,True,100
syn-cora-h0.30-r1,StratifiedKFoldDynamic_Degree_b300,1,3,GCN,101,114,14,1.1417236328125,0.5201342105865479,1.181013584136963,0.5302013158798218,True,100
syn-cora-h0.30-r1,StratifiedKFoldDynamic_Degree_b300,1,5,GCN,100,114,14,1.1768817901611328,0.5067114233970642,1.1581569910049438,0.5402684807777405,True,100
syn-cora-h0.30-r1,StratifiedKFoldDynamic_Degree_b300,1,5,GCN,101,114,14,1.1619166135787964,0.5033556818962097,1.1748816967010498,0.5234899520874023,True,100
syn-cora-h0.30-r1,StratifiedKFoldDynamic_NeighHet_b300,1,1,GCN,101,113,13,1.181836724281311,0.4932885766029358,1.22023606300354,0.4966442883014679,True,100
syn-cora-h0.30-r1,StratifiedKFoldDynamic_NeighHet_b300,1,1,GCN,100,114,14,1.1780866384506226,0.4899328947067261,1.1987320184707642,0.5167785286903381,True,100
syn-cora-h0.30-r1,StratifiedKFoldDynamic_NeighHet_b300,1,2,GCN,101,115,15,1.1527037620544434,0.5503355860710144,1.2083286046981812,0.46979865431785583,True,100
syn-cora-h0.30-r1,StratifiedKFoldDynamic_NeighHet_b300,1,2,GCN,100,114,14,1.1660634279251099,0.5469798445701599,1.1842241287231445,0.48322147130966187,True,100
syn-cora-h0.30-r1,StratifiedKFoldDynamic_NeighHet_b300,1,4,GCN,100,113,13,1.1499305963516235,0.5234899520874023,1.1217771768569946,0.5503355860710144,True,100
syn-cora-h0.30-r1,StratifiedKFoldDynamic_NeighHet_b300,1,3,GCN,101,112,12,1.1469664573669434,0.5436241626739502,1.161462426185608,0.5268456339836121,True,100
syn-cora-h0.30-r1,StratifiedKFoldDynamic_NeighHet_b300,1,3,GCN,100,114,14,1.1454921960830688,0.5402684807777405,1.1699970960617065,0.5234899520874023,True,100
syn-cora-h0.30-r1,StratifiedKFoldDynamic_NeighHet_b300,1,4,GCN,101,115,15,1.163976788520813,0.5167785286903381,1.1219878196716309,0.5335570573806763,True,100
syn-cora-h0.30-r1,StratifiedKFoldDynamic_NeighHet_b300,1,5,GCN,100,113,13,1.233406901359558,0.5067114233970642,1.1602681875228882,0.5234899520874023,True,100
syn-cora-h0.30-r1,StratifiedKFoldDynamic_NeighHet_b300,1,5,GCN,101,114,14,1.251784324645996,0.4932885766029358,1.196816325187683,0.5100671052932739,True,100
syn-cora-h0.30-r1,StratifiedKFoldDynamic_PageRank_b300,1,2,GCN,100,114,14,1.175633430480957,0.5,1.1906554698944092,0.5302013158798218,True,100
syn-cora-h0.30-r1,StratifiedKFoldDynamic_PageRank_b300,1,1,GCN,100,113,13,1.2148710489273071,0.5067114233970642,1.1517378091812134,0.5335570573806763,True,100
syn-cora-h0.30-r1,StratifiedKFoldDynamic_PageRank_b300,1,1,GCN,101,114,14,1.2249176502227783,0.5268456339836121,1.1649432182312012,0.4899328947067261,True,100
syn-cora-h0.30-r1,StratifiedKFoldDynamic_PageRank_b300,1,2,GCN,101,113,13,1.202917218208313,0.5134228467941284,1.191118836402893,0.5469798445701599,True,100
syn-cora-h0.30-r1,StratifiedKFoldDynamic_PageRank_b300,1,3,GCN,100,112,12,1.1875544786453247,0.5033556818962097,1.186235785484314,0.5,True,100
syn-cora-h0.30-r1,StratifiedKFoldDynamic_PageRank_b300,1,4,GCN,100,113,13,1.153476357460022,0.5302013158798218,1.1886534690856934,0.4966442883014679,True,100
syn-cora-h0.30-r1,StratifiedKFoldDynamic_PageRank_b300,1,3,GCN,101,116,16,1.1849346160888672,0.48657718300819397,1.2016417980194092,0.5,True,100
syn-cora-h0.30-r1,StratifiedKFoldDynamic_PageRank_b300,1,4,GCN,101,115,15,1.1545742750167847,0.5436241626739502,1.1915395259857178,0.47986575961112976,True,100
syn-cora-h0.30-r1,StratifiedKFoldDynamic_PageRank_b300,1,5,GCN,100,115,15,1.125348448753357,0.5570470094680786,1.1657911539077759,0.5100671052932739,True,100
syn-cora-h0.30-r1,StratifiedKFoldDynamic_PageRank_b300,1,5,GCN,101,116,16,1.1272724866867065,0.5536912679672241,1.1471775770187378,0.5167785286903381,True,100
syn-cora-h0.30-r1,StratifiedKFoldDynamic_EigCentrality_b300,1,1,GCN,100,111,11,1.1637370586395264,0.5302013158798218,1.1609727144241333,0.5536912679672241,True,100
syn-cora-h0.30-r1,StratifiedKFoldDynamic_EigCentrality_b300,1,2,GCN,100,114,14,1.1903554201126099,0.5033556818962097,1.1794377565383911,0.5100671052932739,True,100
syn-cora-h0.30-r1,StratifiedKFoldDynamic_EigCentrality_b300,1,1,GCN,101,113,13,1.1783013343811035,0.5033556818962097,1.1608970165252686,0.5570470094680786,True,100
syn-cora-h0.30-r1,StratifiedKFoldDynamic_EigCentrality_b300,1,2,GCN,101,112,12,1.1970531940460205,0.5167785286903381,1.1981112957000732,0.5167785286903381,True,100
syn-cora-h0.30-r1,StratifiedKFoldDynamic_EigCentrality_b300,1,3,GCN,100,113,13,1.1811881065368652,0.5234899520874023,1.1777660846710205,0.5335570573806763,True,100
syn-cora-h0.30-r1,StratifiedKFoldDynamic_EigCentrality_b300,1,3,GCN,101,113,13,1.1988928318023682,0.5234899520874023,1.1906222105026245,0.5201342105865479,True,100
syn-cora-h0.30-r1,StratifiedKFoldDynamic_EigCentrality_b300,1,4,GCN,101,116,16,1.101904034614563,0.5335570573806763,1.2079482078552246,0.5167785286903381,True,100
syn-cora-h0.30-r1,StratifiedKFoldDynamic_EigCentrality_b300,1,4,GCN,100,116,16,1.0910364389419556,0.5570470094680786,1.1990625858306885,0.5100671052932739,True,100
syn-cora-h0.30-r1,StratifiedKFoldDynamic_EigCentrality_b300,1,5,GCN,100,116,16,1.1650053262710571,0.536912739276886,1.1308037042617798,0.536912739276886,True,100
syn-cora-h0.30-r1,StratifiedKFoldDynamic_EigCentrality_b300,1,5,GCN,101,114,14,1.1739686727523804,0.5268456339836121,1.1305904388427734,0.5436241626739502,True,100
syn-cora-h0.30-r1,StratifiedKFoldDynamic_Clustering_b300,1,2,GCN,100,111,11,1.2817565202713013,0.4429530203342438,1.0758779048919678,0.5771812200546265,True,100
syn-cora-h0.30-r1,StratifiedKFoldDynamic_Clustering_b300,1,2,GCN,101,113,13,1.305657148361206,0.4563758373260498,1.073030710220337,0.5771812200546265,True,100
syn-cora-h0.30-r1,StratifiedKFoldDynamic_Clustering_b300,1,1,GCN,101,115,15,1.075158715248108,0.5570470094680786,1.1695586442947388,0.5033556818962097,True,100
syn-cora-h0.30-r1,StratifiedKFoldDynamic_Clustering_b300,1,1,GCN,100,116,16,1.0535476207733154,0.5402684807777405,1.1643074750900269,0.5167785286903381,True,100
syn-cora-h0.30-r1,StratifiedKFoldDynamic_Clustering_b300,1,3,GCN,100,113,13,1.162468671798706,0.5302013158798218,1.3026561737060547,0.449664443731308,True,100
syn-cora-h0.30-r1,StratifiedKFoldDynamic_Clustering_b300,1,3,GCN,101,113,13,1.1783018112182617,0.5,1.308655858039856,0.47651007771492004,True,100
syn-cora-h0.30-r1,StratifiedKFoldDynamic_Clustering_b300,1,4,GCN,101,114,14,1.1828370094299316,0.4932885766029358,1.1538476943969727,0.5402684807777405,True,100
syn-cora-h0.30-r1,StratifiedKFoldDynamic_Clustering_b300,1,4,GCN,100,113,13,1.1816247701644897,0.5134228467941284,1.1467481851577759,0.5402684807777405,True,100
syn-cora-h0.30-r1,StratifiedKFoldDynamic_Clustering_b300,1,5,GCN,100,112,12,1.1675994396209717,0.5335570573806763,1.1933696269989014,0.5033556818962097,True,100
syn-cora-h0.30-r1,StratifiedKFoldDynamic_Clustering_b300,1,5,GCN,101,115,15,1.1744462251663208,0.5302013158798218,1.2203155755996704,0.5134228467941284,True,100
syn-cora-h0.30-r1,RandomKFold,2,2,GCN,101,115,15,1.1462299823760986,0.5302013158798218,1.1394022703170776,0.5536912679672241,True,100
syn-cora-h0.30-r1,RandomKFold,2,1,GCN,101,114,14,1.175025463104248,0.5402684807777405,1.1674633026123047,0.5335570573806763,True,100
syn-cora-h0.30-r1,RandomKFold,2,2,GCN,100,114,14,1.1397392749786377,0.5234899520874023,1.1411809921264648,0.536912739276886,True,100
syn-cora-h0.30-r1,RandomKFold,2,1,GCN,100,114,14,1.1635111570358276,0.5335570573806763,1.1365803480148315,0.5134228467941284,True,100
syn-cora-h0.30-r1,RandomKFold,2,3,GCN,100,111,11,1.2203845977783203,0.5067114233970642,1.1539504528045654,0.5067114233970642,True,100
syn-cora-h0.30-r1,RandomKFold,2,3,GCN,101,113,13,1.221880555152893,0.5067114233970642,1.152817964553833,0.5335570573806763,True,100
syn-cora-h0.30-r1,RandomKFold,2,4,GCN,100,113,13,1.1315721273422241,0.5234899520874023,1.2182759046554565,0.5134228467941284,True,100
syn-cora-h0.30-r1,RandomKFold,2,4,GCN,101,114,14,1.145836353302002,0.5335570573806763,1.219215750694275,0.5201342105865479,True,100
syn-cora-h0.30-r1,RandomKFold,2,5,GCN,100,114,14,1.1339417695999146,0.5134228467941284,1.1599254608154297,0.5302013158798218,True,100
syn-cora-h0.30-r1,RandomKFold,2,5,GCN,101,116,16,1.1566115617752075,0.5234899520874023,1.179593563079834,0.5167785286903381,True,100
syn-cora-h0.30-r1,LabelStratifiedKFold,2,1,GCN,100,113,13,1.1746925115585327,0.5,1.2283729314804077,0.5100671052932739,True,100
syn-cora-h0.30-r1,LabelStratifiedKFold,2,2,GCN,101,114,14,1.1602200269699097,0.4966442883014679,1.1424312591552734,0.5201342105865479,True,100
syn-cora-h0.30-r1,LabelStratifiedKFold,2,1,GCN,101,115,15,1.16685152053833,0.5167785286903381,1.2077784538269043,0.5134228467941284,True,100
syn-cora-h0.30-r1,LabelStratifiedKFold,2,2,GCN,100,114,14,1.1525555849075317,0.5201342105865479,1.1396623849868774,0.5234899520874023,True,100
syn-cora-h0.30-r1,LabelStratifiedKFold,2,3,GCN,100,113,13,1.1826045513153076,0.5201342105865479,1.1443639993667603,0.5436241626739502,True,100
syn-cora-h0.30-r1,LabelStratifiedKFold,2,3,GCN,101,114,14,1.2049185037612915,0.5167785286903381,1.1560521125793457,0.5201342105865479,True,100
syn-cora-h0.30-r1,LabelStratifiedKFold,2,4,GCN,100,116,16,1.132184386253357,0.5436241626739502,1.211173415184021,0.5134228467941284,True,100
syn-cora-h0.30-r1,LabelStratifiedKFold,2,4,GCN,101,115,15,1.156920313835144,0.5268456339836121,1.2345142364501953,0.47651007771492004,True,100
syn-cora-h0.30-r1,LabelStratifiedKFold,2,5,GCN,100,112,12,1.2024650573730469,0.5234899520874023,1.1483285427093506,0.5100671052932739,True,100
syn-cora-h0.30-r1,LabelStratifiedKFold,2,5,GCN,101,114,14,1.1882705688476562,0.5335570573806763,1.1392803192138672,0.5201342105865479,True,100
syn-cora-h0.30-r1,StratifiedKFoldDynamic_Degree_b300,2,1,GCN,100,113,13,1.142852783203125,0.5570470094680786,1.1386557817459106,0.5402684807777405,True,100
syn-cora-h0.30-r1,StratifiedKFoldDynamic_Degree_b300,2,2,GCN,100,114,14,1.1131536960601807,0.5469798445701599,1.1264268159866333,0.5536912679672241,True,100
syn-cora-h0.30-r1,StratifiedKFoldDynamic_Degree_b300,2,1,GCN,101,116,16,1.1435340642929077,0.5872483253479004,1.1278425455093384,0.536912739276886,True,100
syn-cora-h0.30-r1,StratifiedKFoldDynamic_Degree_b300,2,2,GCN,101,116,16,1.120601773262024,0.5402684807777405,1.1342086791992188,0.5302013158798218,True,100
syn-cora-h0.30-r1,StratifiedKFoldDynamic_Degree_b300,2,3,GCN,100,112,12,1.201678991317749,0.5067114233970642,1.152658224105835,0.5201342105865479,True,100
syn-cora-h0.30-r1,StratifiedKFoldDynamic_Degree_b300,2,3,GCN,101,115,15,1.215272068977356,0.5067114233970642,1.1608573198318481,0.5234899520874023,True,100
syn-cora-h0.30-r1,StratifiedKFoldDynamic_Degree_b300,2,4,GCN,100,113,13,1.187052607536316,0.5302013158798218,1.1761609315872192,0.5268456339836121,True,100
syn-cora-h0.30-r1,StratifiedKFoldDynamic_Degree_b300,2,4,GCN,101,113,13,1.1901496648788452,0.5201342105865479,1.1905300617218018,0.5268456339836121,True,100
syn-cora-h0.30-r1,StratifiedKFoldDynamic_Degree_b300,2,5,GCN,100,114,14,1.123273253440857,0.563758373260498,1.2164208889007568,0.48322147130966187,True,100
syn-cora-h0.30-r1,StratifiedKFoldDynamic_Degree_b300,2,5,GCN,101,115,15,1.1222695112228394,0.5302013158798218,1.219275951385498,0.4899328947067261,True,100
syn-cora-h0.30-r1,StratifiedKFoldDynamic_NeighHet_b300,2,1,GCN,100,114,14,1.1142675876617432,0.5436241626739502,1.2339365482330322,0.48322147130966187,True,100
syn-cora-h0.30-r1,StratifiedKFoldDynamic_NeighHet_b300,2,2,GCN,100,116,16,1.161778211593628,0.5402684807777405,1.1686961650848389,0.5335570573806763,True,100
syn-cora-h0.30-r1,StratifiedKFoldDynamic_NeighHet_b300,2,2,GCN,101,115,15,1.1924210786819458,0.5335570573806763,1.1630654335021973,0.5067114233970642,True,100
syn-cora-h0.30-r1,StratifiedKFoldDynamic_NeighHet_b300,2,1,GCN,101,114,14,1.130872368812561,0.5268456339836121,1.2471753358840942,0.5100671052932739,True,100
syn-cora-h0.30-r1,StratifiedKFoldDynamic_NeighHet_b300,2,4,GCN,100,113,13,1.1288697719573975,0.5536912679672241,1.156568169593811,0.5100671052932739,True,100
syn-cora-h0.30-r1,StratifiedKFoldDynamic_NeighHet_b300,2,3,GCN,101,115,15,1.163883924484253,0.47315436601638794,1.142651915550232,0.5335570573806763,True,100
syn-cora-h0.30-r1,StratifiedKFoldDynamic_NeighHet_b300,2,3,GCN,100,116,16,1.1622233390808105,0.4932885766029358,1.1329821348190308,0.5268456339836121,True,100
syn-cora-h0.30-r1,StratifiedKFoldDynamic_NeighHet_b300,2,4,GCN,101,115,15,1.132187843322754,0.5536912679672241,1.1748965978622437,0.4966442883014679,True,100
syn-cora-h0.30-r1,StratifiedKFoldDynamic_NeighHet_b300,2,5,GCN,101,112,12,1.2401624917984009,0.5134228467941284,1.1616970300674438,0.5033556818962097,True,100
syn-cora-h0.30-r1,StratifiedKFoldDynamic_NeighHet_b300,2,5,GCN,100,113,13,1.2306194305419922,0.536912739276886,1.1392639875411987,0.5402684807777405,True,100
syn-cora-h0.30-r1,StratifiedKFoldDynamic_PageRank_b300,2,2,GCN,100,111,11,1.1614596843719482,0.5268456339836121,1.2094837427139282,0.4932885766029358,True,100
syn-cora-h0.30-r1,StratifiedKFoldDynamic_PageRank_b300,2,2,GCN,101,112,12,1.169586181640625,0.5201342105865479,1.2309163808822632,0.48657718300819397,True,100
syn-cora-h0.30-r1,StratifiedKFoldDynamic_PageRank_b300,2,1,GCN,100,111,11,1.2520413398742676,0.47315436601638794,1.1315613985061646,0.5570470094680786,True,100
syn-cora-h0.30-r1,StratifiedKFoldDynamic_PageRank_b300,2,1,GCN,101,112,12,1.2633554935455322,0.47315436601638794,1.1367285251617432,0.5469798445701599,True,100
syn-cora-h0.30-r1,StratifiedKFoldDynamic_PageRank_b300,2,4,GCN,100,111,11,1.167996883392334,0.4932885766029358,1.1855278015136719,0.5302013158798218,True,100
syn-cora-h0.30-r1,StratifiedKFoldDynamic_PageRank_b300,2,3,GCN,100,114,14,1.1724613904953003,0.5436241626739502,1.1733660697937012,0.5167785286903381,True,100
syn-cora-h0.30-r1,StratifiedKFoldDynamic_PageRank_b300,2,3,GCN,101,114,14,1.1630429029464722,0.5201342105865479,1.175466775894165,0.5,True,100
syn-cora-h0.30-r1,StratifiedKFoldDynamic_PageRank_b300,2,4,GCN,101,114,14,1.1868783235549927,0.47651007771492004,1.1595587730407715,0.5469798445701599,True,100
syn-cora-h0.30-r1,StratifiedKFoldDynamic_PageRank_b300,2,5,GCN,100,114,14,1.0714253187179565,0.5872483253479004,1.1784956455230713,0.48322147130966187,True,100
syn-cora-h0.30-r1,StratifiedKFoldDynamic_PageRank_b300,2,5,GCN,101,120,20,1.0487514734268188,0.5838926434516907,1.2425562143325806,0.48657718300819397,True,100
syn-cora-h0.30-r1,StratifiedKFoldDynamic_EigCentrality_b300,2,2,GCN,100,113,13,1.1188265085220337,0.5704697966575623,1.162902593612671,0.5134228467941284,True,100
syn-cora-h0.30-r1,StratifiedKFoldDynamic_EigCentrality_b300,2,1,GCN,100,113,13,1.1637440919876099,0.4899328947067261,1.221977949142456,0.5,True,100
syn-cora-h0.30-r1,StratifiedKFoldDynamic_EigCentrality_b300,2,1,GCN,101,114,14,1.1734775304794312,0.4932885766029358,1.2191740274429321,0.5067114233970642,True,100
syn-cora-h0.30-r1,StratifiedKFoldDynamic_EigCentrality_b300,2,2,GCN,101,114,14,1.132424235343933,0.5469798445701599,1.1714996099472046,0.5033556818962097,True,100
syn-cora-h0.30-r1,StratifiedKFoldDynamic_EigCentrality_b300,2,3,GCN,101,114,14,1.1652259826660156,0.5201342105865479,1.176909327507019,0.5201342105865479,True,100
syn-cora-h0.30-r1,StratifiedKFoldDynamic_EigCentrality_b300,2,4,GCN,100,111,11,1.2306550741195679,0.46644294261932373,1.1501617431640625,0.5402684807777405,True,100
syn-cora-h0.30-r1,StratifiedKFoldDynamic_EigCentrality_b300,2,4,GCN,101,113,13,1.249512791633606,0.47986575961112976,1.1271487474441528,0.5469798445701599,True,100
syn-cora-h0.30-r1,StratifiedKFoldDynamic_EigCentrality_b300,2,3,GCN,100,116,16,1.1626149415969849,0.5671141147613525,1.1657848358154297,0.5436241626739502,True,100
syn-cora-h0.30-r1,StratifiedKFoldDynamic_EigCentrality_b300,2,5,GCN,100,114,14,1.210316777229309,0.5067114233970642,1.244004249572754,0.4966442883014679,True,100
syn-cora-h0.30-r1,StratifiedKFoldDynamic_EigCentrality_b300,2,5,GCN,101,114,14,1.2227272987365723,0.47651007771492004,1.2824198007583618,0.47986575961112976,True,100
syn-cora-h0.30-r1,StratifiedKFoldDynamic_Clustering_b300,2,1,GCN,101,113,13,1.1721409559249878,0.5402684807777405,1.2783054113388062,0.46644294261932373,True,100
syn-cora-h0.30-r1,StratifiedKFoldDynamic_Clustering_b300,2,2,GCN,100,113,13,1.1465647220611572,0.536912739276886,1.174126386642456,0.5436241626739502,True,100
syn-cora-h0.30-r1,StratifiedKFoldDynamic_Clustering_b300,2,1,GCN,100,114,14,1.1648229360580444,0.5402684807777405,1.2961822748184204,0.47651007771492004,True,100
syn-cora-h0.30-r1,StratifiedKFoldDynamic_Clustering_b300,2,2,GCN,101,116,16,1.1587737798690796,0.5201342105865479,1.1755633354187012,0.5503355860710144,True,100
syn-cora-h0.30-r1,StratifiedKFoldDynamic_Clustering_b300,2,3,GCN,100,114,14,1.1023839712142944,0.5604026913642883,1.115199089050293,0.5503355860710144,True,100
syn-cora-h0.30-r1,StratifiedKFoldDynamic_Clustering_b300,2,4,GCN,100,113,13,1.234973430633545,0.47315436601638794,1.1025712490081787,0.5570470094680786,True,100
syn-cora-h0.30-r1,StratifiedKFoldDynamic_Clustering_b300,2,3,GCN,101,116,16,1.1276166439056396,0.5234899520874023,1.122571587562561,0.5335570573806763,True,100
syn-cora-h0.30-r1,StratifiedKFoldDynamic_Clustering_b300,2,4,GCN,101,114,14,1.2370110750198364,0.4597315490245819,1.1394011974334717,0.5268456339836121,True,100
syn-cora-h0.30-r1,StratifiedKFoldDynamic_Clustering_b300,2,5,GCN,100,113,13,1.2022150754928589,0.5067114233970642,1.2062803506851196,0.48322147130966187,True,100
syn-cora-h0.30-r1,StratifiedKFoldDynamic_Clustering_b300,2,5,GCN,101,112,12,1.2137165069580078,0.5033556818962097,1.197766661643982,0.48322147130966187,True,100
syn-cora-h0.30-r1,RandomKFold,3,1,GCN,100,111,11,1.2010345458984375,0.536912739276886,1.1785398721694946,0.5335570573806763,True,100
syn-cora-h0.30-r1,RandomKFold,3,1,GCN,101,112,12,1.1892281770706177,0.5302013158798218,1.1824685335159302,0.5268456339836121,True,100
syn-cora-h0.30-r1,RandomKFold,3,2,GCN,100,113,13,1.1173629760742188,0.5503355860710144,1.1974178552627563,0.4966442883014679,True,100
syn-cora-h0.30-r1,RandomKFold,3,2,GCN,101,116,16,1.1426303386688232,0.5402684807777405,1.1890618801116943,0.4966442883014679,True,100
syn-cora-h0.30-r1,RandomKFold,3,3,GCN,100,112,12,1.1961047649383545,0.5167785286903381,1.1219772100448608,0.536912739276886,True,100
syn-cora-h0.30-r1,RandomKFold,3,3,GCN,101,116,16,1.2137455940246582,0.5268456339836121,1.137298345565796,0.536912739276886,True,100
syn-cora-h0.30-r1,RandomKFold,3,4,GCN,100,116,16,1.1193872690200806,0.5234899520874023,1.2223179340362549,0.5167785286903381,True,100
syn-cora-h0.30-r1,RandomKFold,3,4,GCN,101,119,19,1.1485531330108643,0.5436241626739502,1.2727396488189697,0.5,True,100
syn-cora-h0.30-r1,RandomKFold,3,5,GCN,100,116,16,1.1724525690078735,0.5201342105865479,1.1070630550384521,0.5570470094680786,True,100
syn-cora-h0.30-r1,RandomKFold,3,5,GCN,101,116,16,1.1687685251235962,0.5302013158798218,1.1369327306747437,0.5302013158798218,True,100
syn-cora-h0.30-r1,LabelStratifiedKFold,3,2,GCN,101,113,13,1.184857726097107,0.5268456339836121,1.1423770189285278,0.5469798445701599,True,100
syn-cora-h0.30-r1,LabelStratifiedKFold,3,1,GCN,101,115,15,1.1366486549377441,0.5469798445701599,1.18827486038208,0.5134228467941284,True,100
syn-cora-h0.30-r1,LabelStratifiedKFold,3,1,GCN,100,114,14,1.1358875036239624,0.5335570573806763,1.1747130155563354,0.4966442883014679,True,100
syn-cora-h0.30-r1,LabelStratifiedKFold,3,2,GCN,100,113,13,1.1645487546920776,0.5402684807777405,1.1471129655838013,0.5302013158798218,True,100
syn-cora-h0.30-r1,LabelStratifiedKFold,3,3,GCN,100,116,16,1.181107759475708,0.5302013158798218,1.173688292503357,0.5033556818962097,True,100
syn-cora-h0.30-r1,LabelStratifiedKFold,3,3,GCN,101,114,14,1.1800075769424438,0.5302013158798218,1.170130729675293,0.5,True,100
syn-cora-h0.30-r1,LabelStratifiedKFold,3,4,GCN,100,113,13,1.186712622642517,0.5100671052932739,1.1838802099227905,0.5402684807777405,True,100
syn-cora-h0.30-r1,LabelStratifiedKFold,3,4,GCN,101,116,16,1.1744425296783447,0.5234899520874023,1.18710196018219,0.5100671052932739,True,100
syn-cora-h0.30-r1,LabelStratifiedKFold,3,5,GCN,101,113,13,1.218019723892212,0.5234899520874023,1.213640809059143,0.4966442883014679,True,100
syn-cora-h0.30-r1,LabelStratifiedKFold,3,5,GCN,100,114,14,1.1975922584533691,0.5067114233970642,1.2098735570907593,0.5100671052932739,True,100
syn-cora-h0.30-r1,StratifiedKFoldDynamic_Degree_b300,3,2,GCN,100,113,13,1.219781756401062,0.5033556818962097,1.0570073127746582,0.5805369019508362,True,100
syn-cora-h0.30-r1,StratifiedKFoldDynamic_Degree_b300,3,2,GCN,101,113,13,1.2403795719146729,0.48322147130966187,1.07828688621521,0.5671141147613525,True,100
syn-cora-h0.30-r1,StratifiedKFoldDynamic_Degree_b300,3,1,GCN,100,114,14,1.068469524383545,0.573825478553772,1.2304837703704834,0.47986575961112976,True,100
syn-cora-h0.30-r1,StratifiedKFoldDynamic_Degree_b300,3,1,GCN,101,116,16,1.1118122339248657,0.5436241626739502,1.247155785560608,0.46979865431785583,True,100
syn-cora-h0.30-r1,StratifiedKFoldDynamic_Degree_b300,3,3,GCN,100,112,12,1.2017631530761719,0.4932885766029358,1.221164345741272,0.46979865431785583,True,100
syn-cora-h0.30-r1,StratifiedKFoldDynamic_Degree_b300,3,3,GCN,101,113,13,1.1912699937820435,0.5134228467941284,1.231703281402588,0.5100671052932739,True,100
syn-cora-h0.30-r1,StratifiedKFoldDynamic_Degree_b300,3,4,GCN,100,116,16,1.1551676988601685,0.4966442883014679,1.2248989343643188,0.5033556818962097,True,100
syn-cora-h0.30-r1,StratifiedKFoldDynamic_Degree_b300,3,4,GCN,101,114,14,1.150836706161499,0.5134228467941284,1.1936876773834229,0.4899328947067261,True,100
syn-cora-h0.30-r1,StratifiedKFoldDynamic_Degree_b300,3,5,GCN,100,112,12,1.185234546661377,0.5134228467941284,1.1479390859603882,0.536912739276886,True,100
syn-cora-h0.30-r1,StratifiedKFoldDynamic_Degree_b300,3,5,GCN,101,116,16,1.1891860961914062,0.5134228467941284,1.1445143222808838,0.5402684807777405,True,100
syn-cora-h0.30-r1,StratifiedKFoldDynamic_NeighHet_b300,3,1,GCN,100,113,13,1.1602824926376343,0.5436241626739502,1.106629490852356,0.536912739276886,True,100
syn-cora-h0.30-r1,StratifiedKFoldDynamic_NeighHet_b300,3,2,GCN,100,113,13,1.1609299182891846,0.5234899520874023,1.1461259126663208,0.5704697966575623,True,100
syn-cora-h0.30-r1,StratifiedKFoldDynamic_NeighHet_b300,3,1,GCN,101,115,15,1.184735655784607,0.5536912679672241,1.123315453529358,0.5436241626739502,True,100
syn-cora-h0.30-r1,StratifiedKFoldDynamic_NeighHet_b300,3,2,GCN,101,115,15,1.174724817276001,0.5234899520874023,1.1685465574264526,0.5604026913642883,True,100
syn-cora-h0.30-r1,StratifiedKFoldDynamic_NeighHet_b300,3,3,GCN,101,114,14,1.1706541776657104,0.5134228467941284,1.1527897119522095,0.5402684807777405,True,100
syn-cora-h0.30-r1,StratifiedKFoldDynamic_NeighHet_b300,3,3,GCN,100,114,14,1.1667171716690063,0.5234899520874023,1.1414943933486938,0.573825478553772,True,100
syn-cora-h0.30-r1,StratifiedKFoldDynamic_NeighHet_b300,3,4,GCN,101,114,14,1.1676768064498901,0.5167785286903381,1.2230777740478516,0.4932885766029358,True,100
syn-cora-h0.30-r1,StratifiedKFoldDynamic_NeighHet_b300,3,4,GCN,100,116,16,1.1771942377090454,0.5335570573806763,1.2192200422286987,0.5100671052932739,True,100
syn-cora-h0.30-r1,StratifiedKFoldDynamic_NeighHet_b300,3,5,GCN,100,115,15,1.0665150880813599,0.5872483253479004,1.1439344882965088,0.5704697966575623,True,100
syn-cora-h0.30-r1,StratifiedKFoldDynamic_NeighHet_b300,3,5,GCN,101,116,16,1.0917085409164429,0.5570470094680786,1.1374133825302124,0.536912739276886,True,100
syn-cora-h0.30-r1,StratifiedKFoldDynamic_PageRank_b300,3,1,GCN,101,114,14,1.1708869934082031,0.5100671052932739,1.1539148092269897,0.5335570573806763,True,100
syn-cora-h0.30-r1,StratifiedKFoldDynamic_PageRank_b300,3,2,GCN,100,112,12,1.1583822965621948,0.5033556818962097,1.2191420793533325,0.46644294261932373,True,100
syn-cora-h0.30-r1,StratifiedKFoldDynamic_PageRank_b300,3,1,GCN,100,116,16,1.1736083030700684,0.5302013158798218,1.165888786315918,0.5335570573806763,True,100
syn-cora-h0.30-r1,StratifiedKFoldDynamic_PageRank_b300,3,2,GCN,101,116,16,1.1761786937713623,0.5167785286903381,1.2240023612976074,0.5033556818962097,True,100
syn-cora-h0.30-r1,StratifiedKFoldDynamic_PageRank_b300,3,3,GCN,101,113,13,1.1625564098358154,0.5100671052932739,1.1644407510757446,0.5268456339836121,True,100
syn-cora-h0.30-r1,StratifiedKFoldDynamic_PageRank_b300,3,3,GCN,100,113,13,1.137271761894226,0.5536912679672241,1.1396619081497192,0.5469798445701599,True,100
syn-cora-h0.30-r1,StratifiedKFoldDynamic_PageRank_b300,3,4,GCN,100,114,14,1.138564109802246,0.5335570573806763,1.1736339330673218,0.536912739276886,True,100
syn-cora-h0.30-r1,StratifiedKFoldDynamic_PageRank_b300,3,4,GCN,101,115,15,1.1718971729278564,0.5268456339836121,1.1881964206695557,0.5335570573806763,True,100
syn-cora-h0.30-r1,StratifiedKFoldDynamic_PageRank_b300,3,5,GCN,100,113,13,1.199430227279663,0.5201342105865479,1.1714853048324585,0.5,True,100
syn-cora-h0.30-r1,StratifiedKFoldDynamic_PageRank_b300,3,5,GCN,101,113,13,1.1881992816925049,0.4899328947067261,1.1894198656082153,0.4932885766029358,True,100
syn-cora-h0.30-r1,StratifiedKFoldDynamic_EigCentrality_b300,3,2,GCN,101,114,14,1.1380610466003418,0.5335570573806763,1.1619882583618164,0.5268456339836121,True,100
syn-cora-h0.30-r1,StratifiedKFoldDynamic_EigCentrality_b300,3,2,GCN,100,114,14,1.1319931745529175,0.563758373260498,1.1407431364059448,0.5570470094680786,True,100
syn-cora-h0.30-r1,StratifiedKFoldDynamic_EigCentrality_b300,3,1,GCN,100,114,14,1.1374117136001587,0.5234899520874023,1.1732476949691772,0.5167785286903381,True,100
syn-cora-h0.30-r1,StratifiedKFoldDynamic_EigCentrality_b300,3,1,GCN,101,116,16,1.1649481058120728,0.5134228467941284,1.1989502906799316,0.5100671052932739,True,100
syn-cora-h0.30-r1,StratifiedKFoldDynamic_EigCentrality_b300,3,3,GCN,100,114,14,1.151215672492981,0.5436241626739502,1.1702128648757935,0.5167785286903381,True,100
syn-cora-h0.30-r1,StratifiedKFoldDynamic_EigCentrality_b300,3,3,GCN,101,113,13,1.1456551551818848,0.5503355860710144,1.179213047027588,0.5134228467941284,True,100
syn-cora-h0.30-r1,StratifiedKFoldDynamic_EigCentrality_b300,3,4,GCN,100,113,13,1.1367791891098022,0.5604026913642883,1.114906668663025,0.5604026913642883,True,100
syn-cora-h0.30-r1,StratifiedKFoldDynamic_EigCentrality_b300,3,4,GCN,101,115,15,1.1394990682601929,0.5436241626739502,1.1189706325531006,0.5335570573806763,True,100
syn-cora-h0.30-r1,StratifiedKFoldDynamic_EigCentrality_b300,3,5,GCN,101,114,14,1.190598487854004,0.5,1.1607604026794434,0.5335570573806763,True,100
syn-cora-h0.30-r1,StratifiedKFoldDynamic_EigCentrality_b300,3,5,GCN,100,114,14,1.1969670057296753,0.4932885766029358,1.1802985668182373,0.5167785286903381,True,100
syn-cora-h0.30-r1,StratifiedKFoldDynamic_Clustering_b300,3,2,GCN,100,111,11,1.20884108543396,0.5100671052932739,1.1729586124420166,0.5570470094680786,True,100
syn-cora-h0.30-r1,StratifiedKFoldDynamic_Clustering_b300,3,1,GCN,101,115,15,1.174390435218811,0.5604026913642883,1.1242551803588867,0.5167785286903381,True,100
syn-cora-h0.30-r1,StratifiedKFoldDynamic_Clustering_b300,3,1,GCN,100,113,13,1.142849087715149,0.5436241626739502,1.1244415044784546,0.5268456339836121,True,100
syn-cora-h0.30-r1,StratifiedKFoldDynamic_Clustering_b300,3,2,GCN,101,115,15,1.2240456342697144,0.5234899520874023,1.1654194593429565,0.5402684807777405,True,100
syn-cora-h0.30-r1,StratifiedKFoldDynamic_Clustering_b300,3,3,GCN,100,111,11,1.1683584451675415,0.5268456339836121,1.2030380964279175,0.5201342105865479,True,100
syn-cora-h0.30-r1,StratifiedKFoldDynamic_Clustering_b300,3,3,GCN,101,116,16,1.172405481338501,0.5234899520874023,1.2343803644180298,0.5268456339836121,True,100
syn-cora-h0.30-r1,StratifiedKFoldDynamic_Clustering_b300,3,4,GCN,100,115,15,1.1529021263122559,0.5335570573806763,1.2114356756210327,0.5100671052932739,True,100
syn-cora-h0.30-r1,StratifiedKFoldDynamic_Clustering_b300,3,4,GCN,101,116,16,1.1719996929168701,0.5302013158798218,1.1993076801300049,0.5100671052932739,True,100
syn-cora-h0.30-r1,StratifiedKFoldDynamic_Clustering_b300,3,5,GCN,100,113,13,1.1298106908798218,0.5536912679672241,1.148207664489746,0.5503355860710144,True,100
syn-cora-h0.30-r1,StratifiedKFoldDynamic_Clustering_b300,3,5,GCN,101,116,16,1.1268789768218994,0.5234899520874023,1.1820769309997559,0.5167785286903381,True,100
syn-cora-h0.30-r1,RandomKFold,4,1,GCN,100,114,14,1.1252995729446411,0.5536912679672241,1.1517332792282104,0.5536912679672241,True,100
syn-cora-h0.30-r1,RandomKFold,4,2,GCN,100,114,14,1.2376357316970825,0.48322147130966187,1.1420193910598755,0.5302013158798218,True,100
syn-cora-h0.30-r1,RandomKFold,4,2,GCN,101,114,14,1.2409273386001587,0.47986575961112976,1.150635838508606,0.5335570573806763,True,100
syn-cora-h0.30-r1,RandomKFold,4,1,GCN,101,119,19,1.1332868337631226,0.5402684807777405,1.1649302244186401,0.5604026913642883,True,100
syn-cora-h0.30-r1,RandomKFold,4,3,GCN,100,111,11,1.1956959962844849,0.5335570573806763,1.2172582149505615,0.48322147130966187,True,100
syn-cora-h0.30-r1,RandomKFold,4,3,GCN,101,113,13,1.1967803239822388,0.5167785286903381,1.2041016817092896,0.47315436601638794,True,100
syn-cora-h0.30-r1,RandomKFold,4,4,GCN,100,113,13,1.1673794984817505,0.5268456339836121,1.174981713294983,0.5201342105865479,True,100
syn-cora-h0.30-r1,RandomKFold,4,4,GCN,101,112,12,1.1747193336486816,0.5302013158798218,1.1957372426986694,0.5201342105865479,True,100
syn-cora-h0.30-r1,RandomKFold,4,5,GCN,100,113,13,1.1466407775878906,0.5335570573806763,1.197363018989563,0.5033556818962097,True,100
syn-cora-h0.30-r1,RandomKFold,4,5,GCN,101,115,15,1.1418604850769043,0.5604026913642883,1.2011338472366333,0.5067114233970642,True,100
syn-cora-h0.30-r1,LabelStratifiedKFold,4,1,GCN,100,111,11,1.1755706071853638,0.4932885766029358,1.1889245510101318,0.5167785286903381,True,100
syn-cora-h0.30-r1,LabelStratifiedKFold,4,2,GCN,100,113,13,1.1441937685012817,0.5469798445701599,1.1916354894638062,0.4966442883014679,True,100
syn-cora-h0.30-r1,LabelStratifiedKFold,4,1,GCN,101,114,14,1.1801093816757202,0.4899328947067261,1.209074854850769,0.4966442883014679,True,100
syn-cora-h0.30-r1,LabelStratifiedKFold,4,2,GCN,101,115,15,1.1512141227722168,0.5503355860710144,1.2233381271362305,0.5033556818962097,True,100
syn-cora-h0.30-r1,LabelStratifiedKFold,4,3,GCN,100,113,13,1.2088090181350708,0.5201342105865479,1.1361215114593506,0.536912739276886,True,100
syn-cora-h0.30-r1,LabelStratifiedKFold,4,3,GCN,101,112,12,1.2187787294387817,0.5100671052932739,1.1530765295028687,0.5469798445701599,True,100
syn-cora-h0.30-r1,LabelStratifiedKFold,4,4,GCN,100,113,13,1.1251932382583618,0.5570470094680786,1.1966484785079956,0.5268456339836121,True,100
syn-cora-h0.30-r1,LabelStratifiedKFold,4,4,GCN,101,113,13,1.1554863452911377,0.5335570573806763,1.1963591575622559,0.5268456339836121,True,100
syn-cora-h0.30-r1,LabelStratifiedKFold,4,5,GCN,100,113,13,1.1833864450454712,0.48322147130966187,1.1435171365737915,0.4966442883014679,True,100
syn-cora-h0.30-r1,LabelStratifiedKFold,4,5,GCN,101,113,13,1.2055871486663818,0.47651007771492004,1.1694080829620361,0.5167785286903381,True,100
syn-cora-h0.30-r1,StratifiedKFoldDynamic_Degree_b300,4,1,GCN,100,113,13,1.1263149976730347,0.536912739276886,1.2005584239959717,0.5100671052932739,True,100
syn-cora-h0.30-r1,StratifiedKFoldDynamic_Degree_b300,4,1,GCN,101,115,15,1.1429799795150757,0.5436241626739502,1.19743013381958,0.5100671052932739,True,100
syn-cora-h0.30-r1,StratifiedKFoldDynamic_Degree_b300,4,2,GCN,100,113,13,1.1916667222976685,0.4899328947067261,1.1130459308624268,0.5604026913642883,True,100
syn-cora-h0.30-r1,StratifiedKFoldDynamic_Degree_b300,4,2,GCN,101,113,13,1.2106728553771973,0.5033556818962097,1.1149780750274658,0.5671141147613525,True,100
syn-cora-h0.30-r1,StratifiedKFoldDynamic_Degree_b300,4,3,GCN,100,114,14,1.1968029737472534,0.4966442883014679,1.1979591846466064,0.5134228467941284,True,100
syn-cora-h0.30-r1,StratifiedKFoldDynamic_Degree_b300,4,3,GCN,101,113,13,1.2163965702056885,0.47315436601638794,1.2273979187011719,0.48322147130966187,True,100
syn-cora-h0.30-r1,StratifiedKFoldDynamic_Degree_b300,4,4,GCN,101,114,14,1.1219136714935303,0.5805369019508362,1.203123927116394,0.5134228467941284,True,100
syn-cora-h0.30-r1,StratifiedKFoldDynamic_Degree_b300,4,4,GCN,100,119,19,1.1275750398635864,0.573825478553772,1.2338403463363647,0.5067114233970642,True,100
syn-cora-h0.30-r1,StratifiedKFoldDynamic_Degree_b300,4,5,GCN,100,111,11,1.1972216367721558,0.5,1.1538745164871216,0.5671141147613525,True,100
syn-cora-h0.30-r1,StratifiedKFoldDynamic_Degree_b300,4,5,GCN,101,114,14,1.2136273384094238,0.4899328947067261,1.139112949371338,0.536912739276886,True,100
syn-cora-h0.30-r1,StratifiedKFoldDynamic_NeighHet_b300,4,2,GCN,100,113,13,1.1567476987838745,0.5201342105865479,1.139940857887268,0.5536912679672241,True,100
syn-cora-h0.30-r1,StratifiedKFoldDynamic_NeighHet_b300,4,1,GCN,100,116,16,1.1136603355407715,0.5201342105865479,1.1687904596328735,0.5067114233970642,True,100
syn-cora-h0.30-r1,StratifiedKFoldDynamic_NeighHet_b300,4,1,GCN,101,115,15,1.128894329071045,0.536912739276886,1.1474484205245972,0.5234899520874023,True,100
syn-cora-h0.30-r1,StratifiedKFoldDynamic_NeighHet_b300,4,2,GCN,101,115,15,1.1811798810958862,0.5234899520874023,1.1723674535751343,0.5033556818962097,True,100
syn-cora-h0.30-r1,StratifiedKFoldDynamic_NeighHet_b300,4,3,GCN,100,113,13,1.1891475915908813,0.46979865431785583,1.1714566946029663,0.5234899520874023,True,100
syn-cora-h0.30-r1,StratifiedKFoldDynamic_NeighHet_b300,4,3,GCN,101,114,14,1.195647120475769,0.449664443731308,1.1837410926818848,0.5,True,100
syn-cora-h0.30-r1,StratifiedKFoldDynamic_NeighHet_b300,4,4,GCN,101,116,16,1.137615442276001,0.5436241626739502,1.1344467401504517,0.5335570573806763,True,100
syn-cora-h0.30-r1,StratifiedKFoldDynamic_NeighHet_b300,4,4,GCN,100,116,16,1.1293519735336304,0.5302013158798218,1.122299075126648,0.5201342105865479,True,100
syn-cora-h0.30-r1,StratifiedKFoldDynamic_NeighHet_b300,4,5,GCN,100,111,11,1.2038910388946533,0.47315436601638794,1.1870301961898804,0.5167785286903381,True,100
syn-cora-h0.30-r1,StratifiedKFoldDynamic_NeighHet_b300,4,5,GCN,101,113,13,1.1943596601486206,0.4932885766029358,1.2099311351776123,0.48322147130966187,True,100
syn-cora-h0.30-r1,StratifiedKFoldDynamic_PageRank_b300,4,1,GCN,100,119,19,1.0956487655639648,0.5604026913642883,1.2485010623931885,0.4932885766029358,True,100
syn-cora-h0.30-r1,StratifiedKFoldDynamic_PageRank_b300,4,1,GCN,101,116,16,1.1097967624664307,0.5604026913642883,1.2235008478164673,0.48322147130966187,True,100
syn-cora-h0.30-r1,StratifiedKFoldDynamic_PageRank_b300,4,2,GCN,100,114,14,1.173823356628418,0.5067114233970642,1.1098747253417969,0.5771812200546265,True,100
syn-cora-h0.30-r1,StratifiedKFoldDynamic_PageRank_b300,4,2,GCN,101,114,14,1.1847319602966309,0.5067114233970642,1.129976749420166,0.5671141147613525,True,100
syn-cora-h0.30-r1,StratifiedKFoldDynamic_PageRank_b300,4,3,GCN,101,111,11,1.2322856187820435,0.48657718300819397,1.182486653327942,0.5201342105865479,True,100
syn-cora-h0.30-r1,StratifiedKFoldDynamic_PageRank_b300,4,3,GCN,100,112,12,1.2200713157653809,0.5067114233970642,1.1610883474349976,0.5134228467941284,True,100
syn-cora-h0.30-r1,StratifiedKFoldDynamic_PageRank_b300,4,4,GCN,101,114,14,1.1711970567703247,0.5402684807777405,1.2790614366531372,0.4563758373260498,True,100
syn-cora-h0.30-r1,StratifiedKFoldDynamic_PageRank_b300,4,4,GCN,100,116,16,1.1545957326889038,0.5268456339836121,1.2593693733215332,0.4966442883014679,True,100
syn-cora-h0.30-r1,StratifiedKFoldDynamic_PageRank_b300,4,5,GCN,100,111,11,1.1965351104736328,0.4966442883014679,1.173991322517395,0.563758373260498,True,100
syn-cora-h0.30-r1,StratifiedKFoldDynamic_PageRank_b300,4,5,GCN,101,115,15,1.1625515222549438,0.5100671052932739,1.1530742645263672,0.5671141147613525,True,100
syn-cora-h0.30-r1,StratifiedKFoldDynamic_EigCentrality_b300,4,2,GCN,100,113,13,1.2001073360443115,0.4966442883014679,1.1297365427017212,0.5167785286903381,True,100
syn-cora-h0.30-r1,StratifiedKFoldDynamic_EigCentrality_b300,4,1,GCN,101,115,15,1.1283937692642212,0.5234899520874023,1.1684049367904663,0.5201342105865479,True,100
syn-cora-h0.30-r1,StratifiedKFoldDynamic_EigCentrality_b300,4,2,GCN,101,114,14,1.2109463214874268,0.4932885766029358,1.1482352018356323,0.5302013158798218,True,100
syn-cora-h0.30-r1,StratifiedKFoldDynamic_EigCentrality_b300,4,1,GCN,100,114,14,1.1064801216125488,0.5335570573806763,1.1641355752944946,0.536912739276886,True,100
syn-cora-h0.30-r1,StratifiedKFoldDynamic_EigCentrality_b300,4,3,GCN,100,111,11,1.2473169565200806,0.47651007771492004,1.1772160530090332,0.5067114233970642,True,100
syn-cora-h0.30-r1,StratifiedKFoldDynamic_EigCentrality_b300,4,3,GCN,101,111,11,1.2393306493759155,0.47986575961112976,1.2115519046783447,0.5033556818962097,True,100
syn-cora-h0.30-r1,StratifiedKFoldDynamic_EigCentrality_b300,4,4,GCN,100,114,14,1.163806438446045,0.5436241626739502,1.2430428266525269,0.5134228467941284,True,100
syn-cora-h0.30-r1,StratifiedKFoldDynamic_EigCentrality_b300,4,4,GCN,101,116,16,1.1682515144348145,0.536912739276886,1.2253137826919556,0.5100671052932739,True,100
syn-cora-h0.30-r1,StratifiedKFoldDynamic_EigCentrality_b300,4,5,GCN,100,114,14,1.1466186046600342,0.5402684807777405,1.1490495204925537,0.5167785286903381,True,100
syn-cora-h0.30-r1,StratifiedKFoldDynamic_EigCentrality_b300,4,5,GCN,101,115,15,1.1700737476348877,0.5,1.1776491403579712,0.5335570573806763,True,100
syn-cora-h0.30-r1,StratifiedKFoldDynamic_Clustering_b300,4,2,GCN,101,113,13,1.2231318950653076,0.4966442883014679,1.1333701610565186,0.5268456339836121,True,100
syn-cora-h0.30-r1,StratifiedKFoldDynamic_Clustering_b300,4,2,GCN,100,113,13,1.2126859426498413,0.5033556818962097,1.1137572526931763,0.563758373260498,True,100
syn-cora-h0.30-r1,StratifiedKFoldDynamic_Clustering_b300,4,1,GCN,100,116,16,1.0854339599609375,0.5838926434516907,1.085099458694458,0.5503355860710144,True,100
syn-cora-h0.30-r1,StratifiedKFoldDynamic_Clustering_b300,4,1,GCN,101,116,16,1.0797770023345947,0.5704697966575623,1.102612018585205,0.5536912679672241,True,100
syn-cora-h0.30-r1,StratifiedKFoldDynamic_Clustering_b300,4,3,GCN,100,113,13,1.212425708770752,0.47315436601638794,1.2155588865280151,0.4563758373260498,True,100
syn-cora-h0.30-r1,StratifiedKFoldDynamic_Clustering_b300,4,3,GCN,101,113,13,1.2181310653686523,0.463087260723114,1.2284362316131592,0.4429530203342438,True,100
syn-cora-h0.30-r1,StratifiedKFoldDynamic_Clustering_b300,4,4,GCN,100,112,12,1.122223973274231,0.5604026913642883,1.2068979740142822,0.4932885766029358,True,100
syn-cora-h0.30-r1,StratifiedKFoldDynamic_Clustering_b300,4,4,GCN,101,114,14,1.1349642276763916,0.5469798445701599,1.2295777797698975,0.47651007771492004,True,100
syn-cora-h0.30-r1,StratifiedKFoldDynamic_Clustering_b300,4,5,GCN,100,114,14,1.0997391939163208,0.5436241626739502,1.1367759704589844,0.5268456339836121,True,100
syn-cora-h0.30-r1,StratifiedKFoldDynamic_Clustering_b300,4,5,GCN,101,115,15,1.112733244895935,0.5570470094680786,1.14522385597229,0.5268456339836121,True,100
syn-cora-h0.40-r1,RandomKFold,0,1,GCN,100,119,19,0.9422834515571594,0.6140939593315125,0.988945484161377,0.6107382774353027,True,100
syn-cora-h0.40-r1,RandomKFold,0,2,GCN,101,117,17,1.0367075204849243,0.6040268540382385,0.9416906237602234,0.6778523325920105,True,100
syn-cora-h0.40-r1,RandomKFold,0,2,GCN,100,115,15,1.0053523778915405,0.6174496412277222,0.9537761211395264,0.6610738039016724,True,100
syn-cora-h0.40-r1,RandomKFold,0,1,GCN,101,119,19,0.9411669373512268,0.6241610646247864,0.9706219434738159,0.6241610646247864,True,100
syn-cora-h0.40-r1,RandomKFold,0,3,GCN,100,117,17,1.0638688802719116,0.573825478553772,0.9840525984764099,0.6476510167121887,True,100
syn-cora-h0.40-r1,RandomKFold,0,4,GCN,100,117,17,1.0414584875106812,0.6241610646247864,1.0923393964767456,0.5335570573806763,True,100
syn-cora-h0.40-r1,RandomKFold,0,4,GCN,101,115,15,1.0180587768554688,0.6140939593315125,1.1050485372543335,0.5436241626739502,True,100
syn-cora-h0.40-r1,RandomKFold,0,3,GCN,101,117,17,1.0601526498794556,0.5536912679672241,0.9942460060119629,0.6442952752113342,True,100
syn-cora-h0.40-r1,RandomKFold,0,5,GCN,100,117,17,0.9742690920829773,0.6510066986083984,1.0344561338424683,0.6073825359344482,True,100
syn-cora-h0.40-r1,RandomKFold,0,5,GCN,101,120,20,0.9529299139976501,0.6744966506958008,1.0367484092712402,0.6040268540382385,True,100
syn-cora-h0.40-r1,LabelStratifiedKFold,0,1,GCN,100,113,13,1.0453137159347534,0.573825478553772,0.9846697449684143,0.6208053827285767,True,100
syn-cora-h0.40-r1,LabelStratifiedKFold,0,2,GCN,100,115,15,0.9506092667579651,0.5939597487449646,1.0375275611877441,0.6208053827285767,True,100
syn-cora-h0.40-r1,LabelStratifiedKFold,0,1,GCN,101,115,15,1.0381860733032227,0.5838926434516907,0.9744594693183899,0.6275168061256409,True,100
syn-cora-h0.40-r1,LabelStratifiedKFold,0,2,GCN,101,117,17,0.9467050433158875,0.6208053827285767,1.0005979537963867,0.6208053827285767,True,100
syn-cora-h0.40-r1,LabelStratifiedKFold,0,3,GCN,100,112,12,1.124738335609436,0.536912739276886,0.9800928235054016,0.6073825359344482,True,100
syn-cora-h0.40-r1,LabelStratifiedKFold,0,3,GCN,101,114,14,1.1446733474731445,0.5234899520874023,0.9860860109329224,0.6140939593315125,True,100
syn-cora-h0.40-r1,LabelStratifiedKFold,0,4,GCN,100,115,15,0.9386360049247742,0.681208074092865,1.103758692741394,0.5704697966575623,True,100
syn-cora-h0.40-r1,LabelStratifiedKFold,0,4,GCN,101,116,16,0.9298812747001648,0.6577181220054626,1.116266131401062,0.5469798445701599,True,100
syn-cora-h0.40-r1,LabelStratifiedKFold,0,5,GCN,100,115,15,0.9763990640640259,0.6409395933151245,0.9717002511024475,0.6543624401092529,True,100
syn-cora-h0.40-r1,LabelStratifiedKFold,0,5,GCN,101,120,20,0.9712375998497009,0.6409395933151245,0.9832515716552734,0.6308724880218506,True,100
syn-cora-h0.40-r1,StratifiedKFoldDynamic_Degree_b300,0,2,GCN,101,115,15,1.0219361782073975,0.5671141147613525,1.0432515144348145,0.5838926434516907,True,100
syn-cora-h0.40-r1,StratifiedKFoldDynamic_Degree_b300,0,1,GCN,100,115,15,1.0119755268096924,0.6241610646247864,1.004676103591919,0.6375839114189148,True,100
syn-cora-h0.40-r1,StratifiedKFoldDynamic_Degree_b300,0,2,GCN,100,113,13,1.0291179418563843,0.573825478553772,1.0425666570663452,0.5939597487449646,True,100
syn-cora-h0.40-r1,StratifiedKFoldDynamic_Degree_b300,0,1,GCN,101,118,18,1.0033161640167236,0.600671112537384,1.008097529411316,0.6140939593315125,True,100
syn-cora-h0.40-r1,StratifiedKFoldDynamic_Degree_b300,0,3,GCN,101,115,15,1.0052136182785034,0.6040268540382385,0.9836848974227905,0.5939597487449646,True,100
syn-cora-h0.40-r1,StratifiedKFoldDynamic_Degree_b300,0,3,GCN,100,118,18,0.9952167272567749,0.6174496412277222,0.9774523973464966,0.5838926434516907,True,100
syn-cora-h0.40-r1,StratifiedKFoldDynamic_Degree_b300,0,4,GCN,100,117,17,0.9585849046707153,0.6375839114189148,1.0163477659225464,0.6040268540382385,True,100
syn-cora-h0.40-r1,StratifiedKFoldDynamic_Degree_b300,0,4,GCN,101,116,16,0.9433326721191406,0.6208053827285767,1.0152671337127686,0.600671112537384,True,100
syn-cora-h0.40-r1,StratifiedKFoldDynamic_Degree_b300,0,5,GCN,100,115,15,1.0200351476669312,0.6073825359344482,0.970720112323761,0.6040268540382385,True,100
syn-cora-h0.40-r1,StratifiedKFoldDynamic_Degree_b300,0,5,GCN,101,116,16,1.0328788757324219,0.6040268540382385,0.9558285474777222,0.6208053827285767,True,100
syn-cora-h0.40-r1,StratifiedKFoldDynamic_NeighHet_b300,0,1,GCN,101,115,15,0.9850756525993347,0.6107382774353027,0.9630008935928345,0.6409395933151245,True,100
syn-cora-h0.40-r1,StratifiedKFoldDynamic_NeighHet_b300,0,1,GCN,100,117,17,1.0077985525131226,0.5906040072441101,0.9669607281684875,0.6140939593315125,True,100
syn-cora-h0.40-r1,StratifiedKFoldDynamic_NeighHet_b300,0,2,GCN,100,118,18,1.0168124437332153,0.6342281699180603,1.0179773569107056,0.5906040072441101,True,100
syn-cora-h0.40-r1,StratifiedKFoldDynamic_NeighHet_b300,0,2,GCN,101,117,17,1.0187022686004639,0.6409395933151245,1.0053040981292725,0.600671112537384,True,100
syn-cora-h0.40-r1,StratifiedKFoldDynamic_NeighHet_b300,0,3,GCN,100,115,15,0.9852001070976257,0.6342281699180603,1.0088099241256714,0.6308724880218506,True,100
syn-cora-h0.40-r1,StratifiedKFoldDynamic_NeighHet_b300,0,4,GCN,100,114,14,0.9752931594848633,0.6208053827285767,1.0093879699707031,0.6308724880218506,True,100
syn-cora-h0.40-r1,StratifiedKFoldDynamic_NeighHet_b300,0,3,GCN,101,117,17,0.9784985184669495,0.6308724880218506,1.0247722864151,0.6107382774353027,True,100
syn-cora-h0.40-r1,StratifiedKFoldDynamic_NeighHet_b300,0,4,GCN,101,117,17,0.9883834719657898,0.6208053827285767,1.0085703134536743,0.6241610646247864,True,100
syn-cora-h0.40-r1,StratifiedKFoldDynamic_NeighHet_b300,0,5,GCN,100,117,17,0.9821496605873108,0.6375839114189148,0.987822949886322,0.6174496412277222,True,100
syn-cora-h0.40-r1,StratifiedKFoldDynamic_NeighHet_b300,0,5,GCN,101,120,20,0.9779521822929382,0.6375839114189148,0.9964957237243652,0.6241610646247864,True,100
syn-cora-h0.40-r1,StratifiedKFoldDynamic_PageRank_b300,0,1,GCN,100,115,15,0.9796373844146729,0.6073825359344482,0.9738230109214783,0.6174496412277222,True,100
syn-cora-h0.40-r1,StratifiedKFoldDynamic_PageRank_b300,0,2,GCN,100,114,14,1.0197139978408813,0.600671112537384,0.9931012988090515,0.6308724880218506,True,100
syn-cora-h0.40-r1,StratifiedKFoldDynamic_PageRank_b300,0,1,GCN,101,117,17,0.986351490020752,0.600671112537384,0.9683712124824524,0.6174496412277222,True,100
syn-cora-h0.40-r1,StratifiedKFoldDynamic_PageRank_b300,0,2,GCN,101,117,17,1.028163194656372,0.5939597487449646,0.9811210632324219,0.6342281699180603,True,100
syn-cora-h0.40-r1,StratifiedKFoldDynamic_PageRank_b300,0,3,GCN,100,115,15,0.9514714479446411,0.6375839114189148,1.0072906017303467,0.6174496412277222,True,100
syn-cora-h0.40-r1,StratifiedKFoldDynamic_PageRank_b300,0,3,GCN,101,116,16,0.9304920434951782,0.6577181220054626,1.0261226892471313,0.6308724880218506,True,100
syn-cora-h0.40-r1,StratifiedKFoldDynamic_PageRank_b300,0,4,GCN,100,117,17,0.9744839072227478,0.6140939593315125,1.001966118812561,0.6208053827285767,True,100
syn-cora-h0.40-r1,StratifiedKFoldDynamic_PageRank_b300,0,4,GCN,101,120,20,0.9681603312492371,0.6107382774353027,0.9885808825492859,0.6543624401092529,True,100
syn-cora-h0.40-r1,StratifiedKFoldDynamic_PageRank_b300,0,5,GCN,100,116,16,0.9790385365486145,0.6275168061256409,0.973444402217865,0.6241610646247864,True,100
syn-cora-h0.40-r1,StratifiedKFoldDynamic_PageRank_b300,0,5,GCN,101,117,17,0.9693905711174011,0.6140939593315125,0.9595563411712646,0.6040268540382385,True,100
syn-cora-h0.40-r1,StratifiedKFoldDynamic_EigCentrality_b300,0,1,GCN,100,117,17,0.9703586101531982,0.6174496412277222,1.1055067777633667,0.5838926434516907,True,100
syn-cora-h0.40-r1,StratifiedKFoldDynamic_EigCentrality_b300,0,2,GCN,100,121,21,0.9527220129966736,0.6409395933151245,0.9491257667541504,0.6342281699180603,True,100
syn-cora-h0.40-r1,StratifiedKFoldDynamic_EigCentrality_b300,0,1,GCN,101,117,17,0.976525604724884,0.6073825359344482,1.101908564567566,0.5671141147613525,True,100
syn-cora-h0.40-r1,StratifiedKFoldDynamic_EigCentrality_b300,0,2,GCN,101,120,20,0.947068989276886,0.6241610646247864,0.9475170373916626,0.6442952752113342,True,100
syn-cora-h0.40-r1,StratifiedKFoldDynamic_EigCentrality_b300,0,3,GCN,100,116,16,1.0663950443267822,0.5973154306411743,1.0103142261505127,0.6140939593315125,True,100
syn-cora-h0.40-r1,StratifiedKFoldDynamic_EigCentrality_b300,0,4,GCN,100,116,16,0.9822418689727783,0.6107382774353027,1.06622314453125,0.5906040072441101,True,100
syn-cora-h0.40-r1,StratifiedKFoldDynamic_EigCentrality_b300,0,3,GCN,101,116,16,1.0719804763793945,0.6107382774353027,1.0047812461853027,0.6107382774353027,True,100
syn-cora-h0.40-r1,StratifiedKFoldDynamic_EigCentrality_b300,0,4,GCN,101,117,17,0.9698473215103149,0.6073825359344482,1.0817214250564575,0.5771812200546265,True,100
syn-cora-h0.40-r1,StratifiedKFoldDynamic_EigCentrality_b300,0,5,GCN,100,114,14,1.0799438953399658,0.5973154306411743,0.9743583798408508,0.6241610646247864,True,100
syn-cora-h0.40-r1,StratifiedKFoldDynamic_EigCentrality_b300,0,5,GCN,101,114,14,1.0687530040740967,0.5906040072441101,0.9734587073326111,0.6375839114189148,True,100
syn-cora-h0.40-r1,StratifiedKFoldDynamic_Clustering_b300,0,2,GCN,100,114,14,1.046321153640747,0.5939597487449646,0.9706432223320007,0.6140939593315125,True,100
syn-cora-h0.40-r1,StratifiedKFoldDynamic_Clustering_b300,0,1,GCN,101,117,17,0.9656081199645996,0.6040268540382385,1.0195366144180298,0.5973154306411743,True,100
syn-cora-h0.40-r1,StratifiedKFoldDynamic_Clustering_b300,0,2,GCN,101,117,17,1.0387462377548218,0.6174496412277222,0.967339038848877,0.6140939593315125,True,100
syn-cora-h0.40-r1,StratifiedKFoldDynamic_Clustering_b300,0,1,GCN,100,116,16,0.9590699672698975,0.6241610646247864,1.0109528303146362,0.6107382774353027,True,100
syn-cora-h0.40-r1,StratifiedKFoldDynamic_Clustering_b300,0,3,GCN,100,114,14,1.0123111009597778,0.6040268540382385,1.0207735300064087,0.5906040072441101,True,100
syn-cora-h0.40-r1,StratifiedKFoldDynamic_Clustering_b300,0,3,GCN,101,115,15,1.010656476020813,0.6107382774353027,1.027529239654541,0.6040268540382385,True,100
syn-cora-h0.40-r1,StratifiedKFoldDynamic_Clustering_b300,0,4,GCN,100,117,17,1.0610566139221191,0.5906040072441101,1.0532535314559937,0.6107382774353027,True,100
syn-cora-h0.40-r1,StratifiedKFoldDynamic_Clustering_b300,0,4,GCN,101,117,17,1.0769808292388916,0.5805369019508362,1.0672881603240967,0.5805369019508362,True,100
syn-cora-h0.40-r1,StratifiedKFoldDynamic_Clustering_b300,0,5,GCN,100,117,17,0.9737973809242249,0.6375839114189148,1.0455613136291504,0.6140939593315125,True,100
syn-cora-h0.40-r1,StratifiedKFoldDynamic_Clustering_b300,0,5,GCN,101,116,16,0.9632094502449036,0.6241610646247864,1.0639711618423462,0.6073825359344482,True,100
syn-cora-h0.40-r1,RandomKFold,1,1,GCN,101,114,14,0.995891273021698,0.6174496412277222,1.0109617710113525,0.6107382774353027,True,100
syn-cora-h0.40-r1,RandomKFold,1,2,GCN,100,115,15,1.0055702924728394,0.6174496412277222,0.9743815064430237,0.6073825359344482,True,100
syn-cora-h0.40-r1,RandomKFold,1,2,GCN,101,116,16,1.0035295486450195,0.6174496412277222,0.9669947028160095,0.6208053827285767,True,100
syn-cora-h0.40-r1,RandomKFold,1,1,GCN,100,118,18,0.995944619178772,0.6040268540382385,0.9942782521247864,0.6308724880218506,True,100
syn-cora-h0.40-r1,RandomKFold,1,3,GCN,100,114,14,1.0270756483078003,0.6208053827285767,1.038524866104126,0.6241610646247864,True,100
syn-cora-h0.40-r1,RandomKFold,1,3,GCN,101,117,17,1.0359909534454346,0.5838926434516907,1.0272067785263062,0.6107382774353027,True,100
syn-cora-h0.40-r1,RandomKFold,1,4,GCN,100,116,16,0.9839209318161011,0.6140939593315125,1.009972095489502,0.6140939593315125,True,100
syn-cora-h0.40-r1,RandomKFold,1,4,GCN,101,117,17,0.9780462980270386,0.6140939593315125,1.0182552337646484,0.6510066986083984,True,100
syn-cora-h0.40-r1,RandomKFold,1,5,GCN,100,117,17,1.0008745193481445,0.5973154306411743,1.0249295234680176,0.5973154306411743,True,100
syn-cora-h0.40-r1,RandomKFold,1,5,GCN,101,115,15,1.0051387548446655,0.5771812200546265,1.0169270038604736,0.5973154306411743,True,100
syn-cora-h0.40-r1,LabelStratifiedKFold,1,2,GCN,101,116,16,1.078786015510559,0.5771812200546265,0.9957228302955627,0.600671112537384,True,100
syn-cora-h0.40-r1,LabelStratifiedKFold,1,1,GCN,100,115,15,1.015213966369629,0.6107382774353027,1.011756420135498,0.5872483253479004,True,100
syn-cora-h0.40-r1,LabelStratifiedKFold,1,2,GCN,100,115,15,1.067020297050476,0.5805369019508362,1.002097249031067,0.600671112537384,True,100
syn-cora-h0.40-r1,LabelStratifiedKFold,1,1,GCN,101,116,16,1.0173543691635132,0.5906040072441101,1.016339659690857,0.5973154306411743,True,100
syn-cora-h0.40-r1,LabelStratifiedKFold,1,4,GCN,100,113,13,1.0756324529647827,0.600671112537384,0.9779513478279114,0.6375839114189148,True,100
syn-cora-h0.40-r1,LabelStratifiedKFold,1,3,GCN,100,117,17,0.9612864851951599,0.6308724880218506,1.078507661819458,0.5604026913642883,True,100
syn-cora-h0.40-r1,LabelStratifiedKFold,1,3,GCN,101,117,17,0.9580789804458618,0.6342281699180603,1.107012152671814,0.5503355860710144,True,100
syn-cora-h0.40-r1,LabelStratifiedKFold,1,4,GCN,101,115,15,1.0608298778533936,0.5838926434516907,0.953624427318573,0.6476510167121887,True,100
syn-cora-h0.40-r1,LabelStratifiedKFold,1,5,GCN,100,113,13,1.0052080154418945,0.6073825359344482,1.076569676399231,0.5771812200546265,True,100
syn-cora-h0.40-r1,LabelStratifiedKFold,1,5,GCN,101,117,17,1.0022157430648804,0.5939597487449646,1.068137288093567,0.5805369019508362,True,100
syn-cora-h0.40-r1,StratifiedKFoldDynamic_Degree_b300,1,2,GCN,101,114,14,1.0540581941604614,0.5671141147613525,1.0045675039291382,0.5939597487449646,True,100
syn-cora-h0.40-r1,StratifiedKFoldDynamic_Degree_b300,1,2,GCN,100,112,12,1.0417320728302002,0.6040268540382385,1.024278998374939,0.6040268540382385,True,100
syn-cora-h0.40-r1,StratifiedKFoldDynamic_Degree_b300,1,1,GCN,101,117,17,1.061736822128296,0.5503355860710144,1.0440367460250854,0.5973154306411743,True,100
syn-cora-h0.40-r1,StratifiedKFoldDynamic_Degree_b300,1,1,GCN,100,121,21,1.066088318824768,0.5536912679672241,1.085920810699463,0.5805369019508362,True,100
syn-cora-h0.40-r1,StratifiedKFoldDynamic_Degree_b300,1,3,GCN,100,117,17,0.905376672744751,0.6442952752113342,1.0763814449310303,0.5771812200546265,True,100
syn-cora-h0.40-r1,StratifiedKFoldDynamic_Degree_b300,1,4,GCN,100,115,15,1.0024558305740356,0.5939597487449646,0.9263244271278381,0.6241610646247864,True,100
syn-cora-h0.40-r1,StratifiedKFoldDynamic_Degree_b300,1,4,GCN,101,117,17,0.9966490864753723,0.6241610646247864,0.9224106669425964,0.6543624401092529,True,100
syn-cora-h0.40-r1,StratifiedKFoldDynamic_Degree_b300,1,3,GCN,101,123,23,0.8970113396644592,0.6476510167121887,1.1220488548278809,0.563758373260498,True,100
syn-cora-h0.40-r1,StratifiedKFoldDynamic_Degree_b300,1,5,GCN,100,114,14,0.9820156097412109,0.6275168061256409,0.9901026487350464,0.5906040072441101,True,100
syn-cora-h0.40-r1,StratifiedKFoldDynamic_Degree_b300,1,5,GCN,101,120,20,0.9951348900794983,0.6174496412277222,0.9767296314239502,0.6174496412277222,True,100
syn-cora-h0.40-r1,StratifiedKFoldDynamic_NeighHet_b300,1,1,GCN,100,114,14,1.0324398279190063,0.5939597487449646,1.0565011501312256,0.5838926434516907,True,100
syn-cora-h0.40-r1,StratifiedKFoldDynamic_NeighHet_b300,1,2,GCN,100,115,15,1.0035593509674072,0.6073825359344482,1.0429108142852783,0.5838926434516907,True,100
syn-cora-h0.40-r1,StratifiedKFoldDynamic_NeighHet_b300,1,1,GCN,101,118,18,1.0235090255737305,0.5973154306411743,1.062591314315796,0.5838926434516907,True,100
syn-cora-h0.40-r1,StratifiedKFoldDynamic_NeighHet_b300,1,2,GCN,101,116,16,1.0247468948364258,0.5939597487449646,1.0495089292526245,0.5671141147613525,True,100
syn-cora-h0.40-r1,StratifiedKFoldDynamic_NeighHet_b300,1,3,GCN,101,115,15,0.9941286444664001,0.6275168061256409,0.9817236661911011,0.6409395933151245,True,100
syn-cora-h0.40-r1,StratifiedKFoldDynamic_NeighHet_b300,1,3,GCN,100,117,17,0.9858732223510742,0.6241610646247864,0.9766809940338135,0.6409395933151245,True,100
syn-cora-h0.40-r1,StratifiedKFoldDynamic_NeighHet_b300,1,4,GCN,101,117,17,1.0105819702148438,0.5872483253479004,1.001537799835205,0.6140939593315125,True,100
syn-cora-h0.40-r1,StratifiedKFoldDynamic_NeighHet_b300,1,4,GCN,100,117,17,1.005282998085022,0.5906040072441101,0.9915267825126648,0.5973154306411743,True,100
syn-cora-h0.40-r1,StratifiedKFoldDynamic_NeighHet_b300,1,5,GCN,100,117,17,1.0278276205062866,0.5906040072441101,0.9606253504753113,0.6442952752113342,True,100
syn-cora-h0.40-r1,StratifiedKFoldDynamic_NeighHet_b300,1,5,GCN,101,115,15,1.0372990369796753,0.5906040072441101,0.9623984694480896,0.6308724880218506,True,100
syn-cora-h0.40-r1,StratifiedKFoldDynamic_PageRank_b300,1,1,GCN,100,112,12,1.0556330680847168,0.5704697966575623,1.0701849460601807,0.5771812200546265,True,100
syn-cora-h0.40-r1,StratifiedKFoldDynamic_PageRank_b300,1,1,GCN,101,115,15,1.0617350339889526,0.5805369019508362,1.06996750831604,0.563758373260498,True,100
syn-cora-h0.40-r1,StratifiedKFoldDynamic_PageRank_b300,1,2,GCN,100,115,15,0.9407711029052734,0.6442952752113342,1.04482102394104,0.6140939593315125,True,100
syn-cora-h0.40-r1,StratifiedKFoldDynamic_PageRank_b300,1,2,GCN,101,121,21,0.9316855072975159,0.6610738039016724,1.0505828857421875,0.6208053827285767,True,100
syn-cora-h0.40-r1,StratifiedKFoldDynamic_PageRank_b300,1,3,GCN,100,115,15,0.9852149486541748,0.6140939593315125,0.9639255404472351,0.6375839114189148,True,100
syn-cora-h0.40-r1,StratifiedKFoldDynamic_PageRank_b300,1,3,GCN,101,116,16,0.9651092886924744,0.6543624401092529,0.9646375775337219,0.6375839114189148,True,100
syn-cora-h0.40-r1,StratifiedKFoldDynamic_PageRank_b300,1,4,GCN,101,115,15,1.0468477010726929,0.600671112537384,0.9689081907272339,0.6308724880218506,True,100
syn-cora-h0.40-r1,StratifiedKFoldDynamic_PageRank_b300,1,4,GCN,100,117,17,1.062633752822876,0.5906040072441101,0.9923442006111145,0.5973154306411743,True,100
syn-cora-h0.40-r1,StratifiedKFoldDynamic_PageRank_b300,1,5,GCN,100,117,17,1.0512590408325195,0.573825478553772,1.0460467338562012,0.6308724880218506,True,100
syn-cora-h0.40-r1,StratifiedKFoldDynamic_PageRank_b300,1,5,GCN,101,120,20,1.0365300178527832,0.5704697966575623,1.045560598373413,0.5872483253479004,True,100
syn-cora-h0.40-r1,StratifiedKFoldDynamic_EigCentrality_b300,1,2,GCN,100,115,15,0.9405770301818848,0.6510066986083984,1.0313891172409058,0.5805369019508362,True,100
syn-cora-h0.40-r1,StratifiedKFoldDynamic_EigCentrality_b300,1,1,GCN,100,113,13,0.9957164525985718,0.6308724880218506,0.997474730014801,0.6409395933151245,True,100
syn-cora-h0.40-r1,StratifiedKFoldDynamic_EigCentrality_b300,1,1,GCN,101,114,14,0.9860042333602905,0.6241610646247864,1.00266695022583,0.6308724880218506,True,100
syn-cora-h0.40-r1,StratifiedKFoldDynamic_EigCentrality_b300,1,2,GCN,101,119,19,0.951795756816864,0.6174496412277222,1.014662504196167,0.5906040072441101,True,100
syn-cora-h0.40-r1,StratifiedKFoldDynamic_EigCentrality_b300,1,3,GCN,100,112,12,1.063364863395691,0.573825478553772,0.98662930727005,0.6577181220054626,True,100
syn-cora-h0.40-r1,StratifiedKFoldDynamic_EigCentrality_b300,1,3,GCN,101,117,17,1.052035927772522,0.5939597487449646,0.9735504984855652,0.6308724880218506,True,100
syn-cora-h0.40-r1,StratifiedKFoldDynamic_EigCentrality_b300,1,4,GCN,100,115,15,1.049008846282959,0.600671112537384,1.0442595481872559,0.5704697966575623,True,100
syn-cora-h0.40-r1,StratifiedKFoldDynamic_EigCentrality_b300,1,4,GCN,101,116,16,1.0602569580078125,0.6040268540382385,1.0260897874832153,0.5973154306411743,True,100
syn-cora-h0.40-r1,StratifiedKFoldDynamic_EigCentrality_b300,1,5,GCN,101,116,16,0.9559077024459839,0.6342281699180603,1.064570426940918,0.5973154306411743,True,100
syn-cora-h0.40-r1,StratifiedKFoldDynamic_EigCentrality_b300,1,5,GCN,100,121,21,0.9596394896507263,0.6442952752113342,1.1055622100830078,0.5973154306411743,True,100
syn-cora-h0.40-r1,StratifiedKFoldDynamic_Clustering_b300,1,1,GCN,100,115,15,1.0779988765716553,0.5704697966575623,0.9799942970275879,0.6409395933151245,True,100
syn-cora-h0.40-r1,StratifiedKFoldDynamic_Clustering_b300,1,1,GCN,101,115,15,1.0656630992889404,0.5604026913642883,0.9610598683357239,0.6073825359344482,True,100
syn-cora-h0.40-r1,StratifiedKFoldDynamic_Clustering_b300,1,2,GCN,100,124,24,0.9499708414077759,0.6342281699180603,1.1157913208007812,0.563758373260498,True,100
syn-cora-h0.40-r1,StratifiedKFoldDynamic_Clustering_b300,1,2,GCN,101,130,30,0.9415034055709839,0.6510066986083984,1.1451151371002197,0.5503355860710144,True,100
syn-cora-h0.40-r1,StratifiedKFoldDynamic_Clustering_b300,1,3,GCN,100,117,17,0.9376072287559509,0.6442952752113342,1.0100336074829102,0.6107382774353027,True,100
syn-cora-h0.40-r1,StratifiedKFoldDynamic_Clustering_b300,1,3,GCN,101,118,18,0.9430981278419495,0.6342281699180603,1.0110844373703003,0.6040268540382385,True,100
syn-cora-h0.40-r1,StratifiedKFoldDynamic_Clustering_b300,1,4,GCN,100,113,13,1.0453943014144897,0.5604026913642883,0.9376557469367981,0.6208053827285767,True,100
syn-cora-h0.40-r1,StratifiedKFoldDynamic_Clustering_b300,1,4,GCN,101,117,17,1.0454094409942627,0.5771812200546265,0.9087344408035278,0.6375839114189148,True,100
syn-cora-h0.40-r1,StratifiedKFoldDynamic_Clustering_b300,1,5,GCN,100,117,17,0.9970541596412659,0.6476510167121887,1.036644458770752,0.6040268540382385,True,100
syn-cora-h0.40-r1,StratifiedKFoldDynamic_Clustering_b300,1,5,GCN,101,119,19,0.9727538228034973,0.6174496412277222,1.0251144170761108,0.5704697966575623,True,100
syn-cora-h0.40-r1,RandomKFold,2,1,GCN,100,115,15,0.9823639988899231,0.6040268540382385,1.0883523225784302,0.6107382774353027,True,100
syn-cora-h0.40-r1,RandomKFold,2,2,GCN,101,117,17,0.9736112952232361,0.5872483253479004,0.982332170009613,0.6275168061256409,True,100
syn-cora-h0.40-r1,RandomKFold,2,1,GCN,101,116,16,0.9789347052574158,0.5973154306411743,1.0933599472045898,0.5939597487449646,True,100
syn-cora-h0.40-r1,RandomKFold,2,2,GCN,100,120,20,0.9573203325271606,0.5939597487449646,1.008580207824707,0.6476510167121887,True,100
syn-cora-h0.40-r1,RandomKFold,2,3,GCN,100,114,14,1.0116697549819946,0.6409395933151245,0.992800235748291,0.5872483253479004,True,100
syn-cora-h0.40-r1,RandomKFold,2,3,GCN,101,114,14,1.0125722885131836,0.6308724880218506,1.0180261135101318,0.5805369019508362,True,100
syn-cora-h0.40-r1,RandomKFold,2,4,GCN,100,117,17,1.0551252365112305,0.5805369019508362,1.033839225769043,0.6040268540382385,True,100
syn-cora-h0.40-r1,RandomKFold,2,4,GCN,101,115,15,1.0362516641616821,0.573825478553772,1.0419983863830566,0.5838926434516907,True,100
syn-cora-h0.40-r1,RandomKFold,2,5,GCN,100,115,15,1.0555555820465088,0.6040268540382385,1.0326049327850342,0.6140939593315125,True,100
syn-cora-h0.40-r1,RandomKFold,2,5,GCN,101,116,16,1.0593338012695312,0.6208053827285767,1.0027064085006714,0.6208053827285767,True,100
syn-cora-h0.40-r1,LabelStratifiedKFold,2,1,GCN,101,116,16,0.9710254073143005,0.6577181220054626,0.9856865406036377,0.600671112537384,True,100
syn-cora-h0.40-r1,LabelStratifiedKFold,2,2,GCN,101,117,17,0.9646948575973511,0.6543624401092529,0.9720908403396606,0.6409395933151245,True,100
syn-cora-h0.40-r1,LabelStratifiedKFold,2,1,GCN,100,117,17,0.980632483959198,0.6208053827285767,1.0080848932266235,0.5939597487449646,True,100
syn-cora-h0.40-r1,LabelStratifiedKFold,2,2,GCN,100,115,15,0.9696575403213501,0.6543624401092529,0.9873743057250977,0.6375839114189148,True,100
syn-cora-h0.40-r1,LabelStratifiedKFold,2,3,GCN,100,114,14,1.0139613151550293,0.6174496412277222,1.003692865371704,0.6241610646247864,True,100
syn-cora-h0.40-r1,LabelStratifiedKFold,2,4,GCN,100,115,15,0.9703227877616882,0.6342281699180603,0.9972481727600098,0.6308724880218506,True,100
syn-cora-h0.40-r1,LabelStratifiedKFold,2,3,GCN,101,119,19,0.9980725049972534,0.6107382774353027,1.0018500089645386,0.6241610646247864,True,100
syn-cora-h0.40-r1,LabelStratifiedKFold,2,4,GCN,101,119,19,0.9748111963272095,0.6241610646247864,0.9838941097259521,0.6275168061256409,True,100
syn-cora-h0.40-r1,LabelStratifiedKFold,2,5,GCN,100,116,16,0.9989355802536011,0.6040268540382385,1.003548502922058,0.600671112537384,True,100
syn-cora-h0.40-r1,LabelStratifiedKFold,2,5,GCN,101,116,16,0.9996545910835266,0.5939597487449646,1.0011645555496216,0.5872483253479004,True,100
syn-cora-h0.40-r1,StratifiedKFoldDynamic_Degree_b300,2,2,GCN,100,115,15,0.9715433716773987,0.6208053827285767,1.0138003826141357,0.6040268540382385,True,100
syn-cora-h0.40-r1,StratifiedKFoldDynamic_Degree_b300,2,2,GCN,101,116,16,0.984575092792511,0.6140939593315125,1.0244897603988647,0.5771812200546265,True,100
syn-cora-h0.40-r1,StratifiedKFoldDynamic_Degree_b300,2,1,GCN,100,116,16,1.0421850681304932,0.5872483253479004,1.028768539428711,0.5939597487449646,True,100
syn-cora-h0.40-r1,StratifiedKFoldDynamic_Degree_b300,2,1,GCN,101,116,16,1.054439663887024,0.573825478553772,1.0144237279891968,0.5973154306411743,True,100
syn-cora-h0.40-r1,StratifiedKFoldDynamic_Degree_b300,2,3,GCN,100,115,15,0.9949181079864502,0.6073825359344482,1.0195366144180298,0.5939597487449646,True,100
syn-cora-h0.40-r1,StratifiedKFoldDynamic_Degree_b300,2,3,GCN,101,116,16,1.0119198560714722,0.6275168061256409,1.0437955856323242,0.5973154306411743,True,100
syn-cora-h0.40-r1,StratifiedKFoldDynamic_Degree_b300,2,4,GCN,100,114,14,1.0293272733688354,0.6040268540382385,0.9807592034339905,0.6308724880218506,True,100
syn-cora-h0.40-r1,StratifiedKFoldDynamic_Degree_b300,2,4,GCN,101,117,17,1.0095144510269165,0.6107382774353027,0.9565277099609375,0.6409395933151245,True,100
syn-cora-h0.40-r1,StratifiedKFoldDynamic_Degree_b300,2,5,GCN,100,114,14,1.0211596488952637,0.6208053827285767,1.043117642402649,0.5805369019508362,True,100
syn-cora-h0.40-r1,StratifiedKFoldDynamic_Degree_b300,2,5,GCN,101,119,19,1.0211635828018188,0.6208053827285767,1.0511938333511353,0.5939597487449646,True,100
syn-cora-h0.40-r1,StratifiedKFoldDynamic_NeighHet_b300,2,2,GCN,100,114,14,1.0025761127471924,0.5973154306411743,0.9268710017204285,0.6275168061256409,True,100
syn-cora-h0.40-r1,StratifiedKFoldDynamic_NeighHet_b300,2,1,GCN,100,114,14,0.9556335806846619,0.6107382774353027,1.037398338317871,0.6107382774353027,True,100
syn-cora-h0.40-r1,StratifiedKFoldDynamic_NeighHet_b300,2,2,GCN,101,117,17,0.9953265190124512,0.6073825359344482,0.903378963470459,0.6174496412277222,True,100
syn-cora-h0.40-r1,StratifiedKFoldDynamic_NeighHet_b300,2,1,GCN,101,119,19,0.9632527232170105,0.5939597487449646,1.038576364517212,0.6073825359344482,True,100
syn-cora-h0.40-r1,StratifiedKFoldDynamic_NeighHet_b300,2,3,GCN,100,116,16,1.0124775171279907,0.6140939593315125,1.0256322622299194,0.6275168061256409,True,100
syn-cora-h0.40-r1,StratifiedKFoldDynamic_NeighHet_b300,2,3,GCN,101,117,17,1.0227949619293213,0.5973154306411743,1.034773349761963,0.6140939593315125,True,100
syn-cora-h0.40-r1,StratifiedKFoldDynamic_NeighHet_b300,2,4,GCN,100,117,17,0.99129718542099,0.6308724880218506,1.0157932043075562,0.6208053827285767,True,100
syn-cora-h0.40-r1,StratifiedKFoldDynamic_NeighHet_b300,2,4,GCN,101,116,16,0.9900311827659607,0.6308724880218506,1.008851408958435,0.6208053827285767,True,100
syn-cora-h0.40-r1,StratifiedKFoldDynamic_NeighHet_b300,2,5,GCN,100,120,20,1.010116696357727,0.6308724880218506,0.9883939027786255,0.6375839114189148,True,100
syn-cora-h0.40-r1,StratifiedKFoldDynamic_NeighHet_b300,2,5,GCN,101,120,20,0.9968569874763489,0.6308724880218506,0.9670226573944092,0.6409395933151245,True,100
syn-cora-h0.40-r1,StratifiedKFoldDynamic_PageRank_b300,2,1,GCN,100,115,15,1.0697520971298218,0.6040268540382385,0.9661036729812622,0.6208053827285767,True,100
syn-cora-h0.40-r1,StratifiedKFoldDynamic_PageRank_b300,2,1,GCN,101,116,16,1.0772502422332764,0.6073825359344482,0.9743123650550842,0.6342281699180603,True,100
syn-cora-h0.40-r1,StratifiedKFoldDynamic_PageRank_b300,2,2,GCN,101,117,17,0.9636440277099609,0.6342281699180603,1.0816726684570312,0.6140939593315125,True,100
syn-cora-h0.40-r1,StratifiedKFoldDynamic_PageRank_b300,2,2,GCN,100,116,16,0.9678059816360474,0.6577181220054626,1.0719386339187622,0.600671112537384,True,100
syn-cora-h0.40-r1,StratifiedKFoldDynamic_PageRank_b300,2,3,GCN,101,117,17,0.9992751479148865,0.6040268540382385,0.9888208508491516,0.6140939593315125,True,100
syn-cora-h0.40-r1,StratifiedKFoldDynamic_PageRank_b300,2,4,GCN,100,118,18,1.0115199089050293,0.6241610646247864,1.0106923580169678,0.6308724880218506,True,100
syn-cora-h0.40-r1,StratifiedKFoldDynamic_PageRank_b300,2,3,GCN,100,121,21,1.0059702396392822,0.6208053827285767,0.9944659471511841,0.6275168061256409,True,100
syn-cora-h0.40-r1,StratifiedKFoldDynamic_PageRank_b300,2,4,GCN,101,119,19,1.0222641229629517,0.6174496412277222,1.0301258563995361,0.600671112537384,True,100
syn-cora-h0.40-r1,StratifiedKFoldDynamic_PageRank_b300,2,5,GCN,101,114,14,0.9811080098152161,0.6107382774353027,1.0071989297866821,0.5939597487449646,True,100
syn-cora-h0.40-r1,StratifiedKFoldDynamic_PageRank_b300,2,5,GCN,100,117,17,0.9731704592704773,0.6241610646247864,1.0075219869613647,0.6073825359344482,True,100
syn-cora-h0.40-r1,StratifiedKFoldDynamic_EigCentrality_b300,2,1,GCN,100,116,16,1.0094753503799438,0.5671141147613525,1.0385067462921143,0.6174496412277222,True,100
syn-cora-h0.40-r1,StratifiedKFoldDynamic_EigCentrality_b300,2,2,GCN,100,115,15,0.9957895874977112,0.6375839114189148,1.0025864839553833,0.600671112537384,True,100
syn-cora-h0.40-r1,StratifiedKFoldDynamic_EigCentrality_b300,2,1,GCN,101,116,16,0.9998818039894104,0.5771812200546265,1.024939775466919,0.6073825359344482,True,100
syn-cora-h0.40-r1,StratifiedKFoldDynamic_EigCentrality_b300,2,2,GCN,101,117,17,0.9847084283828735,0.6241610646247864,0.9983035922050476,0.6073825359344482,True,100
syn-cora-h0.40-r1,StratifiedKFoldDynamic_EigCentrality_b300,2,3,GCN,100,117,17,0.9990158677101135,0.5671141147613525,0.998816192150116,0.5973154306411743,True,100
syn-cora-h0.40-r1,StratifiedKFoldDynamic_EigCentrality_b300,2,4,GCN,100,114,14,1.0394988059997559,0.600671112537384,1.0222222805023193,0.5906040072441101,True,100
syn-cora-h0.40-r1,StratifiedKFoldDynamic_EigCentrality_b300,2,4,GCN,101,114,14,1.0224624872207642,0.5939597487449646,1.0197657346725464,0.6073825359344482,True,100
syn-cora-h0.40-r1,StratifiedKFoldDynamic_EigCentrality_b300,2,3,GCN,101,124,24,1.0170975923538208,0.5939597487449646,1.0550976991653442,0.5872483253479004,True,100
syn-cora-h0.40-r1,StratifiedKFoldDynamic_EigCentrality_b300,2,5,GCN,100,115,15,1.0328292846679688,0.6241610646247864,1.013243556022644,0.5838926434516907,True,100
syn-cora-h0.40-r1,StratifiedKFoldDynamic_EigCentrality_b300,2,5,GCN,101,117,17,1.0158008337020874,0.6275168061256409,1.017625093460083,0.5973154306411743,True,100
syn-cora-h0.40-r1,StratifiedKFoldDynamic_Clustering_b300,2,1,GCN,100,114,14,1.0035604238510132,0.6342281699180603,0.9545617699623108,0.6208053827285767,True,100
syn-cora-h0.40-r1,StratifiedKFoldDynamic_Clustering_b300,2,1,GCN,101,117,17,0.9947522282600403,0.6241610646247864,0.9593695402145386,0.6140939593315125,True,100
syn-cora-h0.40-r1,StratifiedKFoldDynamic_Clustering_b300,2,2,GCN,100,118,18,1.0106267929077148,0.5906040072441101,1.0317031145095825,0.6140939593315125,True,100
syn-cora-h0.40-r1,StratifiedKFoldDynamic_Clustering_b300,2,2,GCN,101,118,18,1.0016027688980103,0.5906040072441101,0.9965606331825256,0.6107382774353027,True,100
syn-cora-h0.40-r1,StratifiedKFoldDynamic_Clustering_b300,2,3,GCN,100,114,14,1.021307110786438,0.6342281699180603,0.9774118661880493,0.5973154306411743,True,100
syn-cora-h0.40-r1,StratifiedKFoldDynamic_Clustering_b300,2,3,GCN,101,115,15,1.0302484035491943,0.6040268540382385,1.0001564025878906,0.600671112537384,True,100
syn-cora-h0.40-r1,StratifiedKFoldDynamic_Clustering_b300,2,4,GCN,100,116,16,0.9918911457061768,0.6342281699180603,1.067075252532959,0.600671112537384,True,100
syn-cora-h0.40-r1,StratifiedKFoldDynamic_Clustering_b300,2,4,GCN,101,115,15,0.9865028262138367,0.6140939593315125,1.0442163944244385,0.5838926434516907,True,100
syn-cora-h0.40-r1,StratifiedKFoldDynamic_Clustering_b300,2,5,GCN,100,117,17,0.9546172022819519,0.6107382774353027,0.958478569984436,0.6577181220054626,True,100
syn-cora-h0.40-r1,StratifiedKFoldDynamic_Clustering_b300,2,5,GCN,101,117,17,0.9699004292488098,0.6107382774353027,0.9578769207000732,0.6543624401092529,True,100
syn-cora-h0.40-r1,RandomKFold,3,2,GCN,100,113,13,1.0668890476226807,0.6275168061256409,1.0047866106033325,0.6174496412277222,True,100
syn-cora-h0.40-r1,RandomKFold,3,2,GCN,101,114,14,1.0566686391830444,0.6275168061256409,1.0066574811935425,0.6174496412277222,True,100
syn-cora-h0.40-r1,RandomKFold,3,1,GCN,101,117,17,0.9576249122619629,0.6409395933151245,1.0238789319992065,0.6174496412277222,True,100
syn-cora-h0.40-r1,RandomKFold,3,1,GCN,100,117,17,0.9556946158409119,0.6476510167121887,0.9913163185119629,0.6174496412277222,True,100
syn-cora-h0.40-r1,RandomKFold,3,3,GCN,100,117,17,0.970747172832489,0.6375839114189148,1.0631147623062134,0.6208053827285767,True,100
syn-cora-h0.40-r1,RandomKFold,3,3,GCN,101,116,16,0.9727016091346741,0.6342281699180603,1.0504252910614014,0.5973154306411743,True,100
syn-cora-h0.40-r1,RandomKFold,3,4,GCN,100,115,15,1.0307551622390747,0.600671112537384,0.9648261070251465,0.6409395933151245,True,100
syn-cora-h0.40-r1,RandomKFold,3,4,GCN,101,117,17,1.0297582149505615,0.5906040072441101,0.9528632164001465,0.6308724880218506,True,100
syn-cora-h0.40-r1,RandomKFold,3,5,GCN,100,114,14,0.9932445287704468,0.5939597487449646,1.0396543741226196,0.600671112537384,True,100
syn-cora-h0.40-r1,RandomKFold,3,5,GCN,101,116,16,1.0033185482025146,0.6107382774353027,1.036036491394043,0.6040268540382385,True,100
syn-cora-h0.40-r1,LabelStratifiedKFold,3,1,GCN,100,114,14,1.0193772315979004,0.6140939593315125,0.944861888885498,0.6476510167121887,True,100
syn-cora-h0.40-r1,LabelStratifiedKFold,3,2,GCN,100,114,14,1.0304515361785889,0.5973154306411743,1.0391550064086914,0.6073825359344482,True,100
syn-cora-h0.40-r1,LabelStratifiedKFold,3,1,GCN,101,117,17,0.9893392324447632,0.6375839114189148,0.8994568586349487,0.6744966506958008,True,100
syn-cora-h0.40-r1,LabelStratifiedKFold,3,2,GCN,101,115,15,1.0659323930740356,0.5838926434516907,1.0617835521697998,0.6040268540382385,True,100
syn-cora-h0.40-r1,LabelStratifiedKFold,3,3,GCN,100,115,15,1.0345958471298218,0.5973154306411743,1.0246047973632812,0.5973154306411743,True,100
syn-cora-h0.40-r1,LabelStratifiedKFold,3,4,GCN,100,115,15,0.9975424408912659,0.6208053827285767,1.0453333854675293,0.5906040072441101,True,100
syn-cora-h0.40-r1,LabelStratifiedKFold,3,3,GCN,101,117,17,1.0394750833511353,0.6107382774353027,1.021643877029419,0.6140939593315125,True,100
syn-cora-h0.40-r1,LabelStratifiedKFold,3,4,GCN,101,115,15,1.0084409713745117,0.6140939593315125,1.0506782531738281,0.5872483253479004,True,100
syn-cora-h0.40-r1,LabelStratifiedKFold,3,5,GCN,100,117,17,0.9540420770645142,0.6308724880218506,1.009527325630188,0.6140939593315125,True,100
syn-cora-h0.40-r1,LabelStratifiedKFold,3,5,GCN,101,117,17,0.9396108388900757,0.6375839114189148,1.0111064910888672,0.6107382774353027,True,100
syn-cora-h0.40-r1,StratifiedKFoldDynamic_Degree_b300,3,1,GCN,100,112,12,1.0804518461227417,0.5604026913642883,1.0427634716033936,0.6073825359344482,True,100
syn-cora-h0.40-r1,StratifiedKFoldDynamic_Degree_b300,3,1,GCN,101,115,15,1.0935571193695068,0.5536912679672241,1.013803243637085,0.6275168061256409,True,100
syn-cora-h0.40-r1,StratifiedKFoldDynamic_Degree_b300,3,2,GCN,100,114,14,1.0230501890182495,0.6107382774353027,1.1160829067230225,0.5604026913642883,True,100
syn-cora-h0.40-r1,StratifiedKFoldDynamic_Degree_b300,3,2,GCN,101,117,17,1.0376670360565186,0.6174496412277222,1.1549911499023438,0.5503355860710144,True,100
syn-cora-h0.40-r1,StratifiedKFoldDynamic_Degree_b300,3,3,GCN,100,117,17,0.9806819558143616,0.5939597487449646,1.0072271823883057,0.6040268540382385,True,100
syn-cora-h0.40-r1,StratifiedKFoldDynamic_Degree_b300,3,4,GCN,101,117,17,0.9101206064224243,0.6778523325920105,1.005797266960144,0.600671112537384,True,100
syn-cora-h0.40-r1,StratifiedKFoldDynamic_Degree_b300,3,4,GCN,100,115,15,0.911218523979187,0.6711409687995911,1.0121259689331055,0.5939597487449646,True,100
syn-cora-h0.40-r1,StratifiedKFoldDynamic_Degree_b300,3,3,GCN,101,120,20,0.9829559326171875,0.5838926434516907,1.0221995115280151,0.6140939593315125,True,100
syn-cora-h0.40-r1,StratifiedKFoldDynamic_Degree_b300,3,5,GCN,100,115,15,1.077615737915039,0.5872483253479004,0.8807863593101501,0.6879194378852844,True,100
syn-cora-h0.40-r1,StratifiedKFoldDynamic_Degree_b300,3,5,GCN,101,115,15,1.0636769533157349,0.5906040072441101,0.9006608724594116,0.6778523325920105,True,100
syn-cora-h0.40-r1,StratifiedKFoldDynamic_NeighHet_b300,3,1,GCN,100,115,15,0.9926957488059998,0.6241610646247864,0.9896884560585022,0.6040268540382385,True,100
syn-cora-h0.40-r1,StratifiedKFoldDynamic_NeighHet_b300,3,1,GCN,101,116,16,1.0033971071243286,0.6073825359344482,0.9996161460876465,0.6208053827285767,True,100
syn-cora-h0.40-r1,StratifiedKFoldDynamic_NeighHet_b300,3,2,GCN,101,117,17,0.9361114501953125,0.6342281699180603,1.0053375959396362,0.5973154306411743,True,100
syn-cora-h0.40-r1,StratifiedKFoldDynamic_NeighHet_b300,3,2,GCN,100,118,18,0.9369482398033142,0.6375839114189148,1.0058462619781494,0.6208053827285767,True,100
syn-cora-h0.40-r1,StratifiedKFoldDynamic_NeighHet_b300,3,3,GCN,100,114,14,1.0447059869766235,0.5771812200546265,0.983008086681366,0.6107382774353027,True,100
syn-cora-h0.40-r1,StratifiedKFoldDynamic_NeighHet_b300,3,3,GCN,101,117,17,1.0386208295822144,0.6073825359344482,0.9728915691375732,0.6275168061256409,True,100
syn-cora-h0.40-r1,StratifiedKFoldDynamic_NeighHet_b300,3,4,GCN,100,117,17,1.0110505819320679,0.6476510167121887,1.002097725868225,0.6174496412277222,True,100
syn-cora-h0.40-r1,StratifiedKFoldDynamic_NeighHet_b300,3,4,GCN,101,117,17,1.0096731185913086,0.6476510167121887,0.9830700159072876,0.6241610646247864,True,100
syn-cora-h0.40-r1,StratifiedKFoldDynamic_NeighHet_b300,3,5,GCN,101,115,15,1.0199787616729736,0.6040268540382385,1.0351756811141968,0.5906040072441101,True,100
syn-cora-h0.40-r1,StratifiedKFoldDynamic_NeighHet_b300,3,5,GCN,100,117,17,1.0110208988189697,0.5973154306411743,1.041701316833496,0.600671112537384,True,100
syn-cora-h0.40-r1,StratifiedKFoldDynamic_PageRank_b300,3,2,GCN,100,115,15,1.026142954826355,0.6107382774353027,0.9713796377182007,0.6208053827285767,True,100
syn-cora-h0.40-r1,StratifiedKFoldDynamic_PageRank_b300,3,1,GCN,101,117,17,0.9936408996582031,0.6375839114189148,0.9654176235198975,0.6275168061256409,True,100
syn-cora-h0.40-r1,StratifiedKFoldDynamic_PageRank_b300,3,1,GCN,100,115,15,0.9929896593093872,0.6375839114189148,0.9918549656867981,0.6208053827285767,True,100
syn-cora-h0.40-r1,StratifiedKFoldDynamic_PageRank_b300,3,2,GCN,101,117,17,1.027268886566162,0.6140939593315125,0.986705482006073,0.6174496412277222,True,100
syn-cora-h0.40-r1,StratifiedKFoldDynamic_PageRank_b300,3,3,GCN,100,114,14,1.025498390197754,0.6040268540382385,1.0346448421478271,0.6040268540382385,True,100
syn-cora-h0.40-r1,StratifiedKFoldDynamic_PageRank_b300,3,3,GCN,101,115,15,1.0153276920318604,0.6073825359344482,1.0397050380706787,0.573825478553772,True,100
syn-cora-h0.40-r1,StratifiedKFoldDynamic_PageRank_b300,3,4,GCN,100,117,17,1.0102976560592651,0.6040268540382385,0.9996687173843384,0.6342281699180603,True,100
syn-cora-h0.40-r1,StratifiedKFoldDynamic_PageRank_b300,3,4,GCN,101,117,17,1.015511155128479,0.6040268540382385,0.9908071160316467,0.6208053827285767,True,100
syn-cora-h0.40-r1,StratifiedKFoldDynamic_PageRank_b300,3,5,GCN,101,117,17,0.9670268893241882,0.6342281699180603,1.028411865234375,0.6073825359344482,True,100
syn-cora-h0.40-r1,StratifiedKFoldDynamic_PageRank_b300,3,5,GCN,100,121,21,0.9868178367614746,0.6241610646247864,1.0402246713638306,0.6208053827285767,True,100
syn-cora-h0.40-r1,StratifiedKFoldDynamic_EigCentrality_b300,3,1,GCN,101,114,14,1.0504738092422485,0.5805369019508362,1.0565993785858154,0.5906040072441101,True,100
syn-cora-h0.40-r1,StratifiedKFoldDynamic_EigCentrality_b300,3,2,GCN,100,114,14,1.0132827758789062,0.6107382774353027,1.0106785297393799,0.6342281699180603,True,100
syn-cora-h0.40-r1,StratifiedKFoldDynamic_EigCentrality_b300,3,2,GCN,101,114,14,0.9984238147735596,0.6208053827285767,1.0246052742004395,0.6409395933151245,True,100
syn-cora-h0.40-r1,StratifiedKFoldDynamic_EigCentrality_b300,3,1,GCN,100,115,15,1.0337464809417725,0.5906040072441101,1.025516152381897,0.5939597487449646,True,100
syn-cora-h0.40-r1,StratifiedKFoldDynamic_EigCentrality_b300,3,3,GCN,100,114,14,1.0182592868804932,0.6208053827285767,1.0147161483764648,0.5939597487449646,True,100
syn-cora-h0.40-r1,StratifiedKFoldDynamic_EigCentrality_b300,3,3,GCN,101,117,17,1.0072228908538818,0.6140939593315125,1.011815071105957,0.6107382774353027,True,100
syn-cora-h0.40-r1,StratifiedKFoldDynamic_EigCentrality_b300,3,4,GCN,101,117,17,0.971182107925415,0.6140939593315125,0.9958712458610535,0.6073825359344482,True,100
syn-cora-h0.40-r1,StratifiedKFoldDynamic_EigCentrality_b300,3,4,GCN,100,116,16,0.978205144405365,0.6107382774353027,1.0208693742752075,0.6040268540382385,True,100
syn-cora-h0.40-r1,StratifiedKFoldDynamic_EigCentrality_b300,3,5,GCN,100,114,14,1.0101398229599,0.5973154306411743,0.9872959852218628,0.6241610646247864,True,100
syn-cora-h0.40-r1,StratifiedKFoldDynamic_EigCentrality_b300,3,5,GCN,101,116,16,1.0171762704849243,0.5838926434516907,0.9704726338386536,0.6409395933151245,True,100
syn-cora-h0.40-r1,StratifiedKFoldDynamic_Clustering_b300,3,1,GCN,100,114,14,0.969455361366272,0.6510066986083984,1.0852596759796143,0.5805369019508362,True,100
syn-cora-h0.40-r1,StratifiedKFoldDynamic_Clustering_b300,3,2,GCN,101,117,17,1.0266404151916504,0.5939597487449646,0.9580302238464355,0.6610738039016724,True,100
syn-cora-h0.40-r1,StratifiedKFoldDynamic_Clustering_b300,3,2,GCN,100,117,17,1.0114063024520874,0.6073825359344482,0.9779265522956848,0.6610738039016724,True,100
syn-cora-h0.40-r1,StratifiedKFoldDynamic_Clustering_b300,3,1,GCN,101,119,19,0.9553453922271729,0.6577181220054626,1.0928146839141846,0.5536912679672241,True,100
syn-cora-h0.40-r1,StratifiedKFoldDynamic_Clustering_b300,3,3,GCN,100,115,15,1.0614423751831055,0.5536912679672241,1.0575382709503174,0.5604026913642883,True,100
syn-cora-h0.40-r1,StratifiedKFoldDynamic_Clustering_b300,3,3,GCN,101,116,16,1.0451949834823608,0.5570470094680786,1.0613538026809692,0.5402684807777405,True,100
syn-cora-h0.40-r1,StratifiedKFoldDynamic_Clustering_b300,3,4,GCN,100,118,18,0.9319305419921875,0.6275168061256409,1.0437742471694946,0.5536912679672241,True,100
syn-cora-h0.40-r1,StratifiedKFoldDynamic_Clustering_b300,3,4,GCN,101,118,18,0.9264037013053894,0.6409395933151245,1.0445239543914795,0.5570470094680786,True,100
syn-cora-h0.40-r1,StratifiedKFoldDynamic_Clustering_b300,3,5,GCN,100,114,14,1.094491958618164,0.5939597487449646,0.9504241943359375,0.6409395933151245,True,100
syn-cora-h0.40-r1,StratifiedKFoldDynamic_Clustering_b300,3,5,GCN,101,114,14,1.0887643098831177,0.5805369019508362,0.972198486328125,0.6409395933151245,True,100
syn-cora-h0.40-r1,RandomKFold,4,1,GCN,100,115,15,0.9975983500480652,0.6375839114189148,0.9660852551460266,0.5805369019508362,True,100
syn-cora-h0.40-r1,RandomKFold,4,2,GCN,101,115,15,1.0152523517608643,0.6342281699180603,0.972694456577301,0.6275168061256409,True,100
syn-cora-h0.40-r1,RandomKFold,4,2,GCN,100,113,13,1.0372859239578247,0.6208053827285767,0.9896194934844971,0.6208053827285767,True,100
syn-cora-h0.40-r1,RandomKFold,4,1,GCN,101,116,16,0.9987791180610657,0.6442952752113342,0.9613031148910522,0.5872483253479004,True,100
syn-cora-h0.40-r1,RandomKFold,4,3,GCN,100,117,17,0.9647447466850281,0.6442952752113342,1.0387868881225586,0.6107382774353027,True,100
syn-cora-h0.40-r1,RandomKFold,4,4,GCN,101,117,17,1.0002580881118774,0.5805369019508362,1.011306881904602,0.6107382774353027,True,100
syn-cora-h0.40-r1,RandomKFold,4,3,GCN,101,118,18,0.9670186042785645,0.6208053827285767,1.0292747020721436,0.6073825359344482,True,100
syn-cora-h0.40-r1,RandomKFold,4,4,GCN,100,117,17,1.0073407888412476,0.5805369019508362,1.0094914436340332,0.5872483253479004,True,100
syn-cora-h0.40-r1,RandomKFold,4,5,GCN,101,116,16,0.9539176225662231,0.5939597487449646,0.9964835047721863,0.6308724880218506,True,100
syn-cora-h0.40-r1,RandomKFold,4,5,GCN,100,117,17,0.9564509987831116,0.600671112537384,0.9903877973556519,0.6241610646247864,True,100
syn-cora-h0.40-r1,LabelStratifiedKFold,4,1,GCN,100,115,15,1.0274574756622314,0.6040268540382385,1.021526575088501,0.5704697966575623,True,100
syn-cora-h0.40-r1,LabelStratifiedKFold,4,2,GCN,100,116,16,1.0384784936904907,0.6208053827285767,1.011036992073059,0.6275168061256409,True,100
syn-cora-h0.40-r1,LabelStratifiedKFold,4,2,GCN,101,117,17,1.037589430809021,0.6040268540382385,0.9924647212028503,0.6308724880218506,True,100
syn-cora-h0.40-r1,LabelStratifiedKFold,4,1,GCN,101,117,17,1.0227159261703491,0.600671112537384,1.0516588687896729,0.5872483253479004,True,100
syn-cora-h0.40-r1,LabelStratifiedKFold,4,3,GCN,100,117,17,1.0269328355789185,0.5939597487449646,1.0681769847869873,0.6140939593315125,True,100
syn-cora-h0.40-r1,LabelStratifiedKFold,4,4,GCN,101,115,15,0.9797453284263611,0.6275168061256409,0.9776715636253357,0.6208053827285767,True,100
syn-cora-h0.40-r1,LabelStratifiedKFold,4,4,GCN,100,115,15,0.9886904954910278,0.6375839114189148,0.9845786094665527,0.6409395933151245,True,100
syn-cora-h0.40-r1,LabelStratifiedKFold,4,3,GCN,101,115,15,1.0352725982666016,0.5872483253479004,1.0693668127059937,0.6073825359344482,True,100
syn-cora-h0.40-r1,LabelStratifiedKFold,4,5,GCN,100,114,14,1.0308456420898438,0.5771812200546265,1.034913182258606,0.6174496412277222,True,100
syn-cora-h0.40-r1,LabelStratifiedKFold,4,5,GCN,101,117,17,1.0657503604888916,0.5838926434516907,1.0492955446243286,0.6073825359344482,True,100
syn-cora-h0.40-r1,StratifiedKFoldDynamic_Degree_b300,4,1,GCN,100,115,15,0.973351776599884,0.6442952752113342,0.9798790812492371,0.6476510167121887,True,100
syn-cora-h0.40-r1,StratifiedKFoldDynamic_Degree_b300,4,2,GCN,101,116,16,1.06161367893219,0.5805369019508362,0.9722377061843872,0.6442952752113342,True,100
syn-cora-h0.40-r1,StratifiedKFoldDynamic_Degree_b300,4,1,GCN,101,120,20,0.97720867395401,0.6342281699180603,0.9617091417312622,0.6342281699180603,True,100
syn-cora-h0.40-r1,StratifiedKFoldDynamic_Degree_b300,4,2,GCN,100,116,16,1.0293946266174316,0.5906040072441101,0.9606823921203613,0.6543624401092529,True,100
syn-cora-h0.40-r1,StratifiedKFoldDynamic_Degree_b300,4,3,GCN,100,114,14,1.0145312547683716,0.5838926434516907,1.0478850603103638,0.5872483253479004,True,100
syn-cora-h0.40-r1,StratifiedKFoldDynamic_Degree_b300,4,3,GCN,101,117,17,0.997046947479248,0.5973154306411743,1.057377576828003,0.6140939593315125,True,100
syn-cora-h0.40-r1,StratifiedKFoldDynamic_Degree_b300,4,4,GCN,100,116,16,1.0528454780578613,0.5838926434516907,1.0435537099838257,0.6073825359344482,True,100
syn-cora-h0.40-r1,StratifiedKFoldDynamic_Degree_b300,4,4,GCN,101,115,15,1.0497186183929443,0.5973154306411743,1.017859935760498,0.5872483253479004,True,100
syn-cora-h0.40-r1,StratifiedKFoldDynamic_Degree_b300,4,5,GCN,100,114,14,0.9652062654495239,0.6577181220054626,1.0589934587478638,0.600671112537384,True,100
syn-cora-h0.40-r1,StratifiedKFoldDynamic_Degree_b300,4,5,GCN,101,117,17,0.9577274322509766,0.6510066986083984,1.0578653812408447,0.6073825359344482,True,100
syn-cora-h0.40-r1,StratifiedKFoldDynamic_NeighHet_b300,4,1,GCN,101,115,15,1.0667320489883423,0.573825478553772,1.038235068321228,0.5805369019508362,True,100
syn-cora-h0.40-r1,StratifiedKFoldDynamic_NeighHet_b300,4,2,GCN,100,117,17,0.9029114246368408,0.6510066986083984,1.0567632913589478,0.5906040072441101,True,100
syn-cora-h0.40-r1,StratifiedKFoldDynamic_NeighHet_b300,4,1,GCN,100,115,15,1.0525232553482056,0.5604026913642883,1.0453696250915527,0.5906040072441101,True,100
syn-cora-h0.40-r1,StratifiedKFoldDynamic_NeighHet_b300,4,2,GCN,101,118,18,0.9180318117141724,0.6510066986083984,1.064706802368164,0.5838926434516907,True,100
syn-cora-h0.40-r1,StratifiedKFoldDynamic_NeighHet_b300,4,3,GCN,101,115,15,1.0587973594665527,0.5906040072441101,0.98152756690979,0.6040268540382385,True,100
syn-cora-h0.40-r1,StratifiedKFoldDynamic_NeighHet_b300,4,3,GCN,100,114,14,1.050970435142517,0.5906040072441101,0.9574644565582275,0.6208053827285767,True,100
syn-cora-h0.40-r1,StratifiedKFoldDynamic_NeighHet_b300,4,4,GCN,101,114,14,0.9714403748512268,0.6208053827285767,1.0386674404144287,0.5906040072441101,True,100
syn-cora-h0.40-r1,StratifiedKFoldDynamic_NeighHet_b300,4,4,GCN,100,119,19,1.00212824344635,0.5973154306411743,1.0404646396636963,0.600671112537384,True,100
syn-cora-h0.40-r1,StratifiedKFoldDynamic_NeighHet_b300,4,5,GCN,100,115,15,1.063677430152893,0.5838926434516907,1.029286503791809,0.6107382774353027,True,100
syn-cora-h0.40-r1,StratifiedKFoldDynamic_NeighHet_b300,4,5,GCN,101,116,16,1.040900468826294,0.600671112537384,0.9891595840454102,0.6140939593315125,True,100
syn-cora-h0.40-r1,StratifiedKFoldDynamic_PageRank_b300,4,2,GCN,100,114,14,1.066606879234314,0.5872483253479004,0.9936027526855469,0.6375839114189148,True,100
syn-cora-h0.40-r1,StratifiedKFoldDynamic_PageRank_b300,4,2,GCN,101,115,15,1.0729929208755493,0.5939597487449646,1.0094002485275269,0.6140939593315125,True,100
syn-cora-h0.40-r1,StratifiedKFoldDynamic_PageRank_b300,4,1,GCN,100,115,15,1.0395758152008057,0.5973154306411743,0.9627792239189148,0.600671112537384,True,100
syn-cora-h0.40-r1,StratifiedKFoldDynamic_PageRank_b300,4,1,GCN,101,118,18,1.0102379322052002,0.6174496412277222,0.980125367641449,0.6275168061256409,True,100
syn-cora-h0.40-r1,StratifiedKFoldDynamic_PageRank_b300,4,3,GCN,100,116,16,1.0487638711929321,0.600671112537384,1.1119060516357422,0.600671112537384,True,100
syn-cora-h0.40-r1,StratifiedKFoldDynamic_PageRank_b300,4,4,GCN,100,115,15,1.0296763181686401,0.5973154306411743,1.0271843671798706,0.5838926434516907,True,100
syn-cora-h0.40-r1,StratifiedKFoldDynamic_PageRank_b300,4,3,GCN,101,116,16,1.041407585144043,0.6107382774353027,1.0975964069366455,0.5838926434516907,True,100
syn-cora-h0.40-r1,StratifiedKFoldDynamic_PageRank_b300,4,4,GCN,101,117,17,1.0217708349227905,0.5973154306411743,1.0275901556015015,0.5805369019508362,True,100
syn-cora-h0.40-r1,StratifiedKFoldDynamic_PageRank_b300,4,5,GCN,100,115,15,0.9556058049201965,0.6140939593315125,1.0356297492980957,0.5973154306411743,True,100
syn-cora-h0.40-r1,StratifiedKFoldDynamic_PageRank_b300,4,5,GCN,101,117,17,0.9653781056404114,0.5872483253479004,1.0226242542266846,0.5973154306411743,True,100
syn-cora-h0.40-r1,StratifiedKFoldDynamic_EigCentrality_b300,4,1,GCN,100,113,13,1.0716583728790283,0.5771812200546265,1.0396710634231567,0.5906040072441101,True,100
syn-cora-h0.40-r1,StratifiedKFoldDynamic_EigCentrality_b300,4,2,GCN,100,114,14,0.954728901386261,0.6308724880218506,1.0497047901153564,0.5906040072441101,True,100
syn-cora-h0.40-r1,StratifiedKFoldDynamic_EigCentrality_b300,4,1,GCN,101,114,14,1.0674855709075928,0.5973154306411743,1.05716073513031,0.5906040072441101,True,100
syn-cora-h0.40-r1,StratifiedKFoldDynamic_EigCentrality_b300,4,2,GCN,101,117,17,0.9769905805587769,0.6073825359344482,1.0399049520492554,0.5939597487449646,True,100
syn-cora-h0.40-r1,StratifiedKFoldDynamic_EigCentrality_b300,4,3,GCN,100,115,15,0.9814797043800354,0.6107382774353027,0.9795544743537903,0.6275168061256409,True,100
syn-cora-h0.40-r1,StratifiedKFoldDynamic_EigCentrality_b300,4,4,GCN,100,116,16,1.049705147743225,0.6040268540382385,0.9865105152130127,0.600671112537384,True,100
syn-cora-h0.40-r1,StratifiedKFoldDynamic_EigCentrality_b300,4,3,GCN,101,117,17,0.9739896059036255,0.6073825359344482,0.9923449754714966,0.6241610646247864,True,100
syn-cora-h0.40-r1,StratifiedKFoldDynamic_EigCentrality_b300,4,4,GCN,101,116,16,1.0355641841888428,0.5939597487449646,0.9629032015800476,0.6174496412277222,True,100
syn-cora-h0.40-r1,StratifiedKFoldDynamic_EigCentrality_b300,4,5,GCN,100,115,15,1.0443295240402222,0.6140939593315125,1.0686513185501099,0.5973154306411743,True,100
syn-cora-h0.40-r1,StratifiedKFoldDynamic_EigCentrality_b300,4,5,GCN,101,113,13,1.0649653673171997,0.5838926434516907,1.069014549255371,0.600671112537384,True,100
syn-cora-h0.40-r1,StratifiedKFoldDynamic_Clustering_b300,4,2,GCN,101,117,17,0.9808740615844727,0.6476510167121887,1.0481839179992676,0.6140939593315125,True,100
syn-cora-h0.40-r1,StratifiedKFoldDynamic_Clustering_b300,4,1,GCN,101,116,16,1.0811902284622192,0.5704697966575623,1.0644227266311646,0.5771812200546265,True,100
syn-cora-h0.40-r1,StratifiedKFoldDynamic_Clustering_b300,4,1,GCN,100,115,15,1.0658478736877441,0.5805369019508362,1.072279930114746,0.5771812200546265,True,100
syn-cora-h0.40-r1,StratifiedKFoldDynamic_Clustering_b300,4,2,GCN,100,114,14,0.982059121131897,0.6375839114189148,1.0542858839035034,0.5771812200546265,True,100
syn-cora-h0.40-r1,StratifiedKFoldDynamic_Clustering_b300,4,3,GCN,100,117,17,0.9980247616767883,0.6342281699180603,1.017067313194275,0.5838926434516907,True,100
syn-cora-h0.40-r1,StratifiedKFoldDynamic_Clustering_b300,4,3,GCN,101,115,15,0.9999823570251465,0.6275168061256409,1.0045500993728638,0.6140939593315125,True,100
syn-cora-h0.40-r1,StratifiedKFoldDynamic_Clustering_b300,4,4,GCN,100,118,18,0.9336262345314026,0.6275168061256409,1.0277190208435059,0.6208053827285767,True,100
syn-cora-h0.40-r1,StratifiedKFoldDynamic_Clustering_b300,4,4,GCN,101,120,20,0.924543559551239,0.6510066986083984,1.0436564683914185,0.600671112537384,True,100
syn-cora-h0.40-r1,StratifiedKFoldDynamic_Clustering_b300,4,5,GCN,100,112,12,1.0809910297393799,0.5973154306411743,0.9777244329452515,0.6375839114189148,True,100
syn-cora-h0.40-r1,StratifiedKFoldDynamic_Clustering_b300,4,5,GCN,101,115,15,1.0592896938323975,0.600671112537384,0.9395444989204407,0.6241610646247864,True,100
syn-cora-h0.50-r1,RandomKFold,0,2,GCN,100,115,15,0.7752352952957153,0.6912751793861389,0.7295750975608826,0.7281879186630249,True,100
syn-cora-h0.50-r1,RandomKFold,0,1,GCN,100,117,17,0.7268339395523071,0.7147650718688965,0.6960715651512146,0.7583892345428467,True,100
syn-cora-h0.50-r1,RandomKFold,0,2,GCN,101,118,18,0.7560406923294067,0.7046979665756226,0.7387471795082092,0.7281879186630249,True,100
syn-cora-h0.50-r1,RandomKFold,0,1,GCN,101,122,22,0.7330611348152161,0.7483221292495728,0.7116568684577942,0.755033552646637,True,100
syn-cora-h0.50-r1,RandomKFold,0,3,GCN,101,116,16,0.7247515320777893,0.7147650718688965,0.7996433973312378,0.6912751793861389,True,100
syn-cora-h0.50-r1,RandomKFold,0,4,GCN,100,114,14,0.7619200348854065,0.6845637559890747,0.7062990069389343,0.7114093899726868,True,100
syn-cora-h0.50-r1,RandomKFold,0,3,GCN,100,118,18,0.7272453308105469,0.7147650718688965,0.7945776581764221,0.7013422846794128,True,100
syn-cora-h0.50-r1,RandomKFold,0,4,GCN,101,116,16,0.7659311294555664,0.7046979665756226,0.6967921853065491,0.7281879186630249,True,100
syn-cora-h0.50-r1,RandomKFold,0,5,GCN,101,119,19,0.6879710555076599,0.7483221292495728,0.7744717597961426,0.7147650718688965,True,100
syn-cora-h0.50-r1,RandomKFold,0,5,GCN,100,122,22,0.674353837966919,0.7617449760437012,0.7882982492446899,0.7046979665756226,True,100
syn-cora-h0.50-r1,LabelStratifiedKFold,0,1,GCN,100,115,15,0.7003090381622314,0.7281879186630249,0.6937092542648315,0.7348993420600891,True,100
syn-cora-h0.50-r1,LabelStratifiedKFold,0,2,GCN,100,114,14,0.8315373659133911,0.6711409687995911,0.7366557121276855,0.7416107654571533,True,100
syn-cora-h0.50-r1,LabelStratifiedKFold,0,2,GCN,101,117,17,0.8427210450172424,0.6711409687995911,0.7342544198036194,0.7348993420600891,True,100
syn-cora-h0.50-r1,LabelStratifiedKFold,0,1,GCN,101,117,17,0.6971012353897095,0.718120813369751,0.696372389793396,0.7516778707504272,True,100
syn-cora-h0.50-r1,LabelStratifiedKFold,0,4,GCN,101,118,18,0.7454569339752197,0.7684563994407654,0.7389466166496277,0.7248322367668152,True,100
syn-cora-h0.50-r1,LabelStratifiedKFold,0,4,GCN,100,116,16,0.75486159324646,0.7214764952659607,0.7137314081192017,0.7248322367668152,True,100
syn-cora-h0.50-r1,LabelStratifiedKFold,0,3,GCN,100,118,18,0.6967723965644836,0.7315436005592346,0.8070719838142395,0.6979866027832031,True,100
syn-cora-h0.50-r1,LabelStratifiedKFold,0,3,GCN,101,118,18,0.7168520092964172,0.7248322367668152,0.8073097467422485,0.6979866027832031,True,100
syn-cora-h0.50-r1,LabelStratifiedKFold,0,5,GCN,100,118,18,0.7048349380493164,0.718120813369751,0.7528167963027954,0.7248322367668152,True,100
syn-cora-h0.50-r1,LabelStratifiedKFold,0,5,GCN,101,118,18,0.7369218468666077,0.7214764952659607,0.7459502220153809,0.744966447353363,True,100
syn-cora-h0.50-r1,StratifiedKFoldDynamic_Degree_b300,0,1,GCN,100,115,15,0.7504560351371765,0.7348993420600891,0.7778317928314209,0.6979866027832031,True,100
syn-cora-h0.50-r1,StratifiedKFoldDynamic_Degree_b300,0,2,GCN,100,117,17,0.6980574727058411,0.7214764952659607,0.7539798617362976,0.7281879186630249,True,100
syn-cora-h0.50-r1,StratifiedKFoldDynamic_Degree_b300,0,1,GCN,101,115,15,0.7563242316246033,0.7348993420600891,0.8048409819602966,0.7013422846794128,True,100
syn-cora-h0.50-r1,StratifiedKFoldDynamic_Degree_b300,0,2,GCN,101,117,17,0.7057874798774719,0.718120813369751,0.7489022612571716,0.7114093899726868,True,100
syn-cora-h0.50-r1,StratifiedKFoldDynamic_Degree_b300,0,3,GCN,100,116,16,0.787109911441803,0.7046979665756226,0.7155887484550476,0.7416107654571533,True,100
syn-cora-h0.50-r1,StratifiedKFoldDynamic_Degree_b300,0,3,GCN,101,117,17,0.8069364428520203,0.6845637559890747,0.7185021638870239,0.7281879186630249,True,100
syn-cora-h0.50-r1,StratifiedKFoldDynamic_Degree_b300,0,4,GCN,100,117,17,0.7140432000160217,0.7416107654571533,0.7476397752761841,0.7348993420600891,True,100
syn-cora-h0.50-r1,StratifiedKFoldDynamic_Degree_b300,0,4,GCN,101,117,17,0.6977421641349792,0.744966447353363,0.7652356028556824,0.7214764952659607,True,100
syn-cora-h0.50-r1,StratifiedKFoldDynamic_Degree_b300,0,5,GCN,100,116,16,0.7745159864425659,0.708053708076477,0.7366461753845215,0.718120813369751,True,100
syn-cora-h0.50-r1,StratifiedKFoldDynamic_Degree_b300,0,5,GCN,101,119,19,0.7981476187705994,0.7147650718688965,0.7487594485282898,0.6979866027832031,True,100
syn-cora-h0.50-r1,StratifiedKFoldDynamic_NeighHet_b300,0,1,GCN,100,117,17,0.7253910303115845,0.7248322367668152,0.7963026165962219,0.708053708076477,True,100
syn-cora-h0.50-r1,StratifiedKFoldDynamic_NeighHet_b300,0,2,GCN,101,117,17,0.7259792685508728,0.7852349281311035,0.7039276361465454,0.7382550239562988,True,100
syn-cora-h0.50-r1,StratifiedKFoldDynamic_NeighHet_b300,0,1,GCN,101,118,18,0.7289792895317078,0.7046979665756226,0.7802311778068542,0.7147650718688965,True,100
syn-cora-h0.50-r1,StratifiedKFoldDynamic_NeighHet_b300,0,2,GCN,100,119,19,0.7160744667053223,0.7416107654571533,0.6928137540817261,0.7382550239562988,True,100
syn-cora-h0.50-r1,StratifiedKFoldDynamic_NeighHet_b300,0,3,GCN,100,115,15,0.8002049326896667,0.681208074092865,0.7608250379562378,0.708053708076477,True,100
syn-cora-h0.50-r1,StratifiedKFoldDynamic_NeighHet_b300,0,3,GCN,101,116,16,0.8059234023094177,0.6845637559890747,0.7589426636695862,0.718120813369751,True,100
syn-cora-h0.50-r1,StratifiedKFoldDynamic_NeighHet_b300,0,4,GCN,100,118,18,0.7394570708274841,0.7348993420600891,0.7782339453697205,0.6879194378852844,True,100
syn-cora-h0.50-r1,StratifiedKFoldDynamic_NeighHet_b300,0,4,GCN,101,116,16,0.7463563680648804,0.7114093899726868,0.7820000052452087,0.6845637559890747,True,100
syn-cora-h0.50-r1,StratifiedKFoldDynamic_NeighHet_b300,0,5,GCN,100,117,17,0.7747321724891663,0.7214764952659607,0.7273133993148804,0.7046979665756226,True,100
syn-cora-h0.50-r1,StratifiedKFoldDynamic_NeighHet_b300,0,5,GCN,101,118,18,0.764570415019989,0.7147650718688965,0.7316420078277588,0.7046979665756226,True,100
syn-cora-h0.50-r1,StratifiedKFoldDynamic_PageRank_b300,0,2,GCN,101,116,16,0.7837768197059631,0.7214764952659607,0.7279907464981079,0.744966447353363,True,100
syn-cora-h0.50-r1,StratifiedKFoldDynamic_PageRank_b300,0,2,GCN,100,115,15,0.7705627083778381,0.7248322367668152,0.706597626209259,0.7416107654571533,True,100
syn-cora-h0.50-r1,StratifiedKFoldDynamic_PageRank_b300,0,1,GCN,100,117,17,0.6809278726577759,0.7382550239562988,0.7718276977539062,0.7013422846794128,True,100
syn-cora-h0.50-r1,StratifiedKFoldDynamic_PageRank_b300,0,1,GCN,101,119,19,0.7028425335884094,0.7348993420600891,0.7764331102371216,0.6946308612823486,True,100
syn-cora-h0.50-r1,StratifiedKFoldDynamic_PageRank_b300,0,3,GCN,100,116,16,0.7577865719795227,0.7046979665756226,0.7785181999206543,0.7248322367668152,True,100
syn-cora-h0.50-r1,StratifiedKFoldDynamic_PageRank_b300,0,3,GCN,101,117,17,0.7620350122451782,0.7046979665756226,0.7844778895378113,0.7248322367668152,True,100
syn-cora-h0.50-r1,StratifiedKFoldDynamic_PageRank_b300,0,4,GCN,100,117,17,0.7437317371368408,0.718120813369751,0.7111658453941345,0.7214764952659607,True,100
syn-cora-h0.50-r1,StratifiedKFoldDynamic_PageRank_b300,0,4,GCN,101,118,18,0.7534245252609253,0.7214764952659607,0.7175707221031189,0.7281879186630249,True,100
syn-cora-h0.50-r1,StratifiedKFoldDynamic_PageRank_b300,0,5,GCN,101,115,15,0.7834205627441406,0.7315436005592346,0.7531125545501709,0.7248322367668152,True,100
syn-cora-h0.50-r1,StratifiedKFoldDynamic_PageRank_b300,0,5,GCN,100,118,18,0.7803058624267578,0.7046979665756226,0.7649354934692383,0.7147650718688965,True,100
syn-cora-h0.50-r1,StratifiedKFoldDynamic_EigCentrality_b300,0,2,GCN,101,116,16,0.8077840805053711,0.7214764952659607,0.7959009408950806,0.6677852272987366,True,100
syn-cora-h0.50-r1,StratifiedKFoldDynamic_EigCentrality_b300,0,1,GCN,100,116,16,0.7605265378952026,0.7013422846794128,0.6807010173797607,0.7483221292495728,True,100
syn-cora-h0.50-r1,StratifiedKFoldDynamic_EigCentrality_b300,0,2,GCN,100,115,15,0.8113133907318115,0.708053708076477,0.7716018557548523,0.6845637559890747,True,100
syn-cora-h0.50-r1,StratifiedKFoldDynamic_EigCentrality_b300,0,1,GCN,101,119,19,0.7934396266937256,0.708053708076477,0.6752700805664062,0.7483221292495728,True,100
syn-cora-h0.50-r1,StratifiedKFoldDynamic_EigCentrality_b300,0,3,GCN,100,115,15,0.7377512454986572,0.6946308612823486,0.8095173239707947,0.7114093899726868,True,100
syn-cora-h0.50-r1,StratifiedKFoldDynamic_EigCentrality_b300,0,3,GCN,101,118,18,0.7461769580841064,0.6912751793861389,0.8119112849235535,0.718120813369751,True,100
syn-cora-h0.50-r1,StratifiedKFoldDynamic_EigCentrality_b300,0,4,GCN,100,118,18,0.755805492401123,0.7248322367668152,0.7086043357849121,0.7248322367668152,True,100
syn-cora-h0.50-r1,StratifiedKFoldDynamic_EigCentrality_b300,0,4,GCN,101,117,17,0.7603138089179993,0.7214764952659607,0.7248934507369995,0.718120813369751,True,100
syn-cora-h0.50-r1,StratifiedKFoldDynamic_EigCentrality_b300,0,5,GCN,100,121,21,0.6513757109642029,0.7617449760437012,0.7754189372062683,0.7114093899726868,True,100
syn-cora-h0.50-r1,StratifiedKFoldDynamic_EigCentrality_b300,0,5,GCN,101,118,18,0.6579603552818298,0.7583892345428467,0.7641766667366028,0.7013422846794128,True,100
syn-cora-h0.50-r1,StratifiedKFoldDynamic_Clustering_b300,0,1,GCN,100,116,16,0.7850919365882874,0.6476510167121887,0.7389059066772461,0.7516778707504272,True,100
syn-cora-h0.50-r1,StratifiedKFoldDynamic_Clustering_b300,0,1,GCN,101,116,16,0.7957110404968262,0.6778523325920105,0.7467421293258667,0.7382550239562988,True,100
syn-cora-h0.50-r1,StratifiedKFoldDynamic_Clustering_b300,0,2,GCN,100,117,17,0.638502299785614,0.7751677632331848,0.7637905478477478,0.6845637559890747,True,100
syn-cora-h0.50-r1,StratifiedKFoldDynamic_Clustering_b300,0,2,GCN,101,119,19,0.6425383687019348,0.7684563994407654,0.7856184840202332,0.6879194378852844,True,100
syn-cora-h0.50-r1,StratifiedKFoldDynamic_Clustering_b300,0,3,GCN,100,118,18,0.782504677772522,0.681208074092865,0.6502947211265564,0.7651006579399109,True,100
syn-cora-h0.50-r1,StratifiedKFoldDynamic_Clustering_b300,0,3,GCN,101,118,18,0.8001128435134888,0.6677852272987366,0.6504933834075928,0.7651006579399109,True,100
syn-cora-h0.50-r1,StratifiedKFoldDynamic_Clustering_b300,0,4,GCN,100,118,18,0.742493212223053,0.708053708076477,0.7816327810287476,0.6845637559890747,True,100
syn-cora-h0.50-r1,StratifiedKFoldDynamic_Clustering_b300,0,4,GCN,101,118,18,0.7682448029518127,0.7046979665756226,0.802627682685852,0.6979866027832031,True,100
syn-cora-h0.50-r1,StratifiedKFoldDynamic_Clustering_b300,0,5,GCN,100,119,19,0.7186371088027954,0.744966447353363,0.7480862736701965,0.7147650718688965,True,100
syn-cora-h0.50-r1,StratifiedKFoldDynamic_Clustering_b300,0,5,GCN,101,117,17,0.71921706199646,0.7348993420600891,0.7611832618713379,0.7147650718688965,True,100
syn-cora-h0.50-r1,RandomKFold,1,2,GCN,100,115,15,0.7788461446762085,0.6946308612823486,0.8079937696456909,0.6845637559890747,True,100
syn-cora-h0.50-r1,RandomKFold,1,1,GCN,100,115,15,0.8146100640296936,0.6711409687995911,0.6939299702644348,0.7516778707504272,True,100
syn-cora-h0.50-r1,RandomKFold,1,2,GCN,101,118,18,0.7877730131149292,0.6912751793861389,0.828784167766571,0.6744966506958008,True,100
syn-cora-h0.50-r1,RandomKFold,1,1,GCN,101,118,18,0.822661280632019,0.6778523325920105,0.6798028349876404,0.7382550239562988,True,100
syn-cora-h0.50-r1,RandomKFold,1,3,GCN,100,117,17,0.774202823638916,0.7315436005592346,0.7917404770851135,0.6912751793861389,True,100
syn-cora-h0.50-r1,RandomKFold,1,3,GCN,101,116,16,0.7460577487945557,0.755033552646637,0.7819629907608032,0.7046979665756226,True,100
syn-cora-h0.50-r1,RandomKFold,1,4,GCN,100,118,18,0.636421799659729,0.7617449760437012,0.7603745460510254,0.7348993420600891,True,100
syn-cora-h0.50-r1,RandomKFold,1,4,GCN,101,120,20,0.6524429321289062,0.7348993420600891,0.7703846096992493,0.7114093899726868,True,100
syn-cora-h0.50-r1,RandomKFold,1,5,GCN,100,117,17,0.7169720530509949,0.7281879186630249,0.6575544476509094,0.755033552646637,True,100
syn-cora-h0.50-r1,RandomKFold,1,5,GCN,101,118,18,0.7285513281822205,0.7214764952659607,0.6803183555603027,0.744966447353363,True,100
syn-cora-h0.50-r1,LabelStratifiedKFold,1,2,GCN,100,115,15,0.715414822101593,0.7617449760437012,0.7407728433609009,0.718120813369751,True,100
syn-cora-h0.50-r1,LabelStratifiedKFold,1,1,GCN,100,116,16,0.7393333315849304,0.708053708076477,0.6740972995758057,0.718120813369751,True,100
syn-cora-h0.50-r1,LabelStratifiedKFold,1,2,GCN,101,117,17,0.7139777541160583,0.7617449760437012,0.7581055164337158,0.7214764952659607,True,100
syn-cora-h0.50-r1,LabelStratifiedKFold,1,1,GCN,101,119,19,0.751895010471344,0.7114093899726868,0.6736960411071777,0.718120813369751,True,100
syn-cora-h0.50-r1,LabelStratifiedKFold,1,4,GCN,100,114,14,0.7752527594566345,0.7248322367668152,0.7655634880065918,0.7214764952659607,True,100
syn-cora-h0.50-r1,LabelStratifiedKFold,1,3,GCN,100,117,17,0.7814196944236755,0.7147650718688965,0.7509148120880127,0.7281879186630249,True,100
syn-cora-h0.50-r1,LabelStratifiedKFold,1,3,GCN,101,118,18,0.7817467451095581,0.7214764952659607,0.757809579372406,0.7281879186630249,True,100
syn-cora-h0.50-r1,LabelStratifiedKFold,1,4,GCN,101,117,17,0.7794286012649536,0.7248322367668152,0.7586613893508911,0.708053708076477,True,100
syn-cora-h0.50-r1,LabelStratifiedKFold,1,5,GCN,101,118,18,0.6846350431442261,0.7281879186630249,0.7933000326156616,0.7315436005592346,True,100
syn-cora-h0.50-r1,LabelStratifiedKFold,1,5,GCN,100,119,19,0.6677424907684326,0.7315436005592346,0.803555428981781,0.718120813369751,True,100
syn-cora-h0.50-r1,StratifiedKFoldDynamic_Degree_b300,1,1,GCN,100,117,17,0.7207378149032593,0.755033552646637,0.7576172947883606,0.7214764952659607,True,100
syn-cora-h0.50-r1,StratifiedKFoldDynamic_Degree_b300,1,2,GCN,101,117,17,0.7998006939888,0.6845637559890747,0.7255638241767883,0.744966447353363,True,100
syn-cora-h0.50-r1,StratifiedKFoldDynamic_Degree_b300,1,2,GCN,100,117,17,0.7733490467071533,0.7013422846794128,0.7324748039245605,0.7382550239562988,True,100
syn-cora-h0.50-r1,StratifiedKFoldDynamic_Degree_b300,1,1,GCN,101,117,17,0.7195063829421997,0.7583892345428467,0.7583944797515869,0.7281879186630249,True,100
syn-cora-h0.50-r1,StratifiedKFoldDynamic_Degree_b300,1,3,GCN,101,116,16,0.7577944993972778,0.718120813369751,0.8273100256919861,0.6744966506958008,True,100
syn-cora-h0.50-r1,StratifiedKFoldDynamic_Degree_b300,1,3,GCN,100,118,18,0.7512849569320679,0.7315436005592346,0.8154448866844177,0.6677852272987366,True,100
syn-cora-h0.50-r1,StratifiedKFoldDynamic_Degree_b300,1,4,GCN,100,118,18,0.7225639820098877,0.718120813369751,0.720094621181488,0.7214764952659607,True,100
syn-cora-h0.50-r1,StratifiedKFoldDynamic_Degree_b300,1,4,GCN,101,119,19,0.7533926963806152,0.708053708076477,0.7291823625564575,0.7315436005592346,True,100
syn-cora-h0.50-r1,StratifiedKFoldDynamic_Degree_b300,1,5,GCN,100,115,15,0.7625043988227844,0.7214764952659607,0.7375928163528442,0.7114093899726868,True,100
syn-cora-h0.50-r1,StratifiedKFoldDynamic_Degree_b300,1,5,GCN,101,116,16,0.7693225145339966,0.7315436005592346,0.7614337801933289,0.6912751793861389,True,100
syn-cora-h0.50-r1,StratifiedKFoldDynamic_NeighHet_b300,1,1,GCN,100,114,14,0.731683075428009,0.7281879186630249,0.7663443684577942,0.7114093899726868,True,100
syn-cora-h0.50-r1,StratifiedKFoldDynamic_NeighHet_b300,1,2,GCN,101,118,18,0.7101268172264099,0.7114093899726868,0.7170113325119019,0.7315436005592346,True,100
syn-cora-h0.50-r1,StratifiedKFoldDynamic_NeighHet_b300,1,2,GCN,100,120,20,0.7057966589927673,0.7114093899726868,0.7067388892173767,0.7281879186630249,True,100
syn-cora-h0.50-r1,StratifiedKFoldDynamic_NeighHet_b300,1,1,GCN,101,116,16,0.7347687482833862,0.7281879186630249,0.7943494915962219,0.6979866027832031,True,100
syn-cora-h0.50-r1,StratifiedKFoldDynamic_NeighHet_b300,1,3,GCN,100,118,18,0.7754518389701843,0.6912751793861389,0.7710333466529846,0.7013422846794128,True,100
syn-cora-h0.50-r1,StratifiedKFoldDynamic_NeighHet_b300,1,3,GCN,101,119,19,0.7612106800079346,0.681208074092865,0.7567734718322754,0.7248322367668152,True,100
syn-cora-h0.50-r1,StratifiedKFoldDynamic_NeighHet_b300,1,4,GCN,101,118,18,0.7605922818183899,0.718120813369751,0.7426100969314575,0.7147650718688965,True,100
syn-cora-h0.50-r1,StratifiedKFoldDynamic_NeighHet_b300,1,4,GCN,100,124,24,0.7446986436843872,0.7348993420600891,0.763939380645752,0.7013422846794128,True,100
syn-cora-h0.50-r1,StratifiedKFoldDynamic_NeighHet_b300,1,5,GCN,100,116,16,0.7637696266174316,0.7114093899726868,0.7468231916427612,0.7248322367668152,True,100
syn-cora-h0.50-r1,StratifiedKFoldDynamic_NeighHet_b300,1,5,GCN,101,119,19,0.7864079475402832,0.6979866027832031,0.7472065091133118,0.7114093899726868,True,100
syn-cora-h0.50-r1,StratifiedKFoldDynamic_PageRank_b300,1,2,GCN,101,117,17,0.7153527140617371,0.7583892345428467,0.6589220762252808,0.7751677632331848,True,100
syn-cora-h0.50-r1,StratifiedKFoldDynamic_PageRank_b300,1,1,GCN,100,118,18,0.6882196068763733,0.7583892345428467,0.8368517756462097,0.6711409687995911,True,100
syn-cora-h0.50-r1,StratifiedKFoldDynamic_PageRank_b300,1,2,GCN,100,117,17,0.7227804660797119,0.7348993420600891,0.6507243514060974,0.7751677632331848,True,100
syn-cora-h0.50-r1,StratifiedKFoldDynamic_PageRank_b300,1,1,GCN,101,118,18,0.6879028081893921,0.7483221292495728,0.8668617606163025,0.6778523325920105,True,100
syn-cora-h0.50-r1,StratifiedKFoldDynamic_PageRank_b300,1,3,GCN,100,117,17,0.7130074501037598,0.7281879186630249,0.7303778529167175,0.7315436005592346,True,100
syn-cora-h0.50-r1,StratifiedKFoldDynamic_PageRank_b300,1,4,GCN,100,117,17,0.7260251641273499,0.7147650718688965,0.7101551294326782,0.7348993420600891,True,100
syn-cora-h0.50-r1,StratifiedKFoldDynamic_PageRank_b300,1,3,GCN,101,121,21,0.7265554666519165,0.7348993420600891,0.7368998527526855,0.7214764952659607,True,100
syn-cora-h0.50-r1,StratifiedKFoldDynamic_PageRank_b300,1,4,GCN,101,120,20,0.7372772097587585,0.7013422846794128,0.7381410598754883,0.7416107654571533,True,100
syn-cora-h0.50-r1,StratifiedKFoldDynamic_PageRank_b300,1,5,GCN,100,114,14,0.8148676156997681,0.681208074092865,0.7460630536079407,0.718120813369751,True,100
syn-cora-h0.50-r1,StratifiedKFoldDynamic_PageRank_b300,1,5,GCN,101,115,15,0.8377802968025208,0.6677852272987366,0.7525745630264282,0.7248322367668152,True,100
syn-cora-h0.50-r1,StratifiedKFoldDynamic_EigCentrality_b300,1,2,GCN,100,116,16,0.6962332129478455,0.7013422846794128,0.6884322166442871,0.7348993420600891,True,100
syn-cora-h0.50-r1,StratifiedKFoldDynamic_EigCentrality_b300,1,1,GCN,100,119,19,0.6539820432662964,0.7483221292495728,0.7608881592750549,0.7483221292495728,True,100
syn-cora-h0.50-r1,StratifiedKFoldDynamic_EigCentrality_b300,1,2,GCN,101,119,19,0.7117810249328613,0.7147650718688965,0.6989534497261047,0.7483221292495728,True,100
syn-cora-h0.50-r1,StratifiedKFoldDynamic_EigCentrality_b300,1,1,GCN,101,122,22,0.6664998531341553,0.7583892345428467,0.7545913457870483,0.7382550239562988,True,100
syn-cora-h0.50-r1,StratifiedKFoldDynamic_EigCentrality_b300,1,3,GCN,100,116,16,0.7445213794708252,0.7281879186630249,0.68098384141922,0.7248322367668152,True,100
syn-cora-h0.50-r1,StratifiedKFoldDynamic_EigCentrality_b300,1,4,GCN,100,117,17,0.8000677227973938,0.7147650718688965,0.7692083716392517,0.7281879186630249,True,100
syn-cora-h0.50-r1,StratifiedKFoldDynamic_EigCentrality_b300,1,4,GCN,101,117,17,0.7989120483398438,0.6946308612823486,0.8003966808319092,0.7114093899726868,True,100
syn-cora-h0.50-r1,StratifiedKFoldDynamic_EigCentrality_b300,1,3,GCN,101,119,19,0.7598997950553894,0.7214764952659607,0.688439667224884,0.7416107654571533,True,100
syn-cora-h0.50-r1,StratifiedKFoldDynamic_EigCentrality_b300,1,5,GCN,100,118,18,0.7436291575431824,0.7516778707504272,0.7672876715660095,0.6879194378852844,True,100
syn-cora-h0.50-r1,StratifiedKFoldDynamic_EigCentrality_b300,1,5,GCN,101,119,19,0.7360767722129822,0.7348993420600891,0.7876286506652832,0.6946308612823486,True,100
syn-cora-h0.50-r1,StratifiedKFoldDynamic_Clustering_b300,1,1,GCN,100,115,15,0.7747721076011658,0.7147650718688965,0.7193616032600403,0.7348993420600891,True,100
syn-cora-h0.50-r1,StratifiedKFoldDynamic_Clustering_b300,1,1,GCN,101,116,16,0.7720418572425842,0.7147650718688965,0.7503739595413208,0.718120813369751,True,100
syn-cora-h0.50-r1,StratifiedKFoldDynamic_Clustering_b300,1,2,GCN,100,118,18,0.709420919418335,0.7416107654571533,0.7841682434082031,0.708053708076477,True,100
syn-cora-h0.50-r1,StratifiedKFoldDynamic_Clustering_b300,1,2,GCN,101,118,18,0.7145204544067383,0.7248322367668152,0.7719705104827881,0.7013422846794128,True,100
syn-cora-h0.50-r1,StratifiedKFoldDynamic_Clustering_b300,1,4,GCN,100,114,14,0.8062708973884583,0.7013422846794128,0.7001827359199524,0.7583892345428467,True,100
syn-cora-h0.50-r1,StratifiedKFoldDynamic_Clustering_b300,1,3,GCN,100,118,18,0.7045323252677917,0.7315436005592346,0.7193276882171631,0.718120813369751,True,100
syn-cora-h0.50-r1,StratifiedKFoldDynamic_Clustering_b300,1,4,GCN,101,114,14,0.8161291480064392,0.7046979665756226,0.7203385233879089,0.7416107654571533,True,100
syn-cora-h0.50-r1,StratifiedKFoldDynamic_Clustering_b300,1,3,GCN,101,119,19,0.715315043926239,0.7214764952659607,0.7404809594154358,0.7114093899726868,True,100
syn-cora-h0.50-r1,StratifiedKFoldDynamic_Clustering_b300,1,5,GCN,100,117,17,0.713074266910553,0.7248322367668152,0.798511803150177,0.6879194378852844,True,100
syn-cora-h0.50-r1,StratifiedKFoldDynamic_Clustering_b300,1,5,GCN,101,119,19,0.7394890785217285,0.7114093899726868,0.8226338624954224,0.6979866027832031,True,100
syn-cora-h0.50-r1,RandomKFold,2,2,GCN,101,118,18,0.7000874280929565,0.7315436005592346,0.8045189380645752,0.6778523325920105,True,100
syn-cora-h0.50-r1,RandomKFold,2,1,GCN,101,117,17,0.7834815979003906,0.6778523325920105,0.749148964881897,0.7416107654571533,True,100
syn-cora-h0.50-r1,RandomKFold,2,1,GCN,100,117,17,0.7734140753746033,0.6912751793861389,0.735761821269989,0.7214764952659607,True,100
syn-cora-h0.50-r1,RandomKFold,2,2,GCN,100,117,17,0.6985657215118408,0.744966447353363,0.7924659848213196,0.681208074092865,True,100
syn-cora-h0.50-r1,RandomKFold,2,3,GCN,101,116,16,0.6959549784660339,0.7483221292495728,0.7410271763801575,0.718120813369751,True,100
syn-cora-h0.50-r1,RandomKFold,2,4,GCN,101,117,17,0.7434598803520203,0.7147650718688965,0.6737205982208252,0.7785235047340393,True,100
syn-cora-h0.50-r1,RandomKFold,2,3,GCN,100,120,20,0.6894411444664001,0.7583892345428467,0.7468405365943909,0.7147650718688965,True,100
syn-cora-h0.50-r1,RandomKFold,2,4,GCN,100,119,19,0.7480106949806213,0.718120813369751,0.6669432520866394,0.7751677632331848,True,100
syn-cora-h0.50-r1,RandomKFold,2,5,GCN,100,115,15,0.7487888336181641,0.718120813369751,0.7449232339859009,0.7147650718688965,True,100
syn-cora-h0.50-r1,RandomKFold,2,5,GCN,101,120,20,0.7548307776451111,0.7147650718688965,0.7372909784317017,0.7315436005592346,True,100
syn-cora-h0.50-r1,LabelStratifiedKFold,2,2,GCN,101,116,16,0.8358665704727173,0.6577181220054626,0.7292940616607666,0.7583892345428467,True,100
syn-cora-h0.50-r1,LabelStratifiedKFold,2,2,GCN,100,114,14,0.8218149542808533,0.6610738039016724,0.7311294078826904,0.7483221292495728,True,100
syn-cora-h0.50-r1,LabelStratifiedKFold,2,1,GCN,100,118,18,0.7091624140739441,0.7583892345428467,0.6681808233261108,0.7751677632331848,True,100
syn-cora-h0.50-r1,LabelStratifiedKFold,2,1,GCN,101,119,19,0.7257832884788513,0.7416107654571533,0.6676201224327087,0.781879186630249,True,100
syn-cora-h0.50-r1,LabelStratifiedKFold,2,3,GCN,100,114,14,0.7297056913375854,0.7315436005592346,0.8403342366218567,0.6476510167121887,True,100
syn-cora-h0.50-r1,LabelStratifiedKFold,2,3,GCN,101,116,16,0.7220194935798645,0.7281879186630249,0.8555927872657776,0.6308724880218506,True,100
syn-cora-h0.50-r1,LabelStratifiedKFold,2,4,GCN,100,117,17,0.6928203701972961,0.718120813369751,0.7209534049034119,0.7416107654571533,True,100
syn-cora-h0.50-r1,LabelStratifiedKFold,2,4,GCN,101,122,22,0.7105881571769714,0.718120813369751,0.7286834120750427,0.7315436005592346,True,100
syn-cora-h0.50-r1,LabelStratifiedKFold,2,5,GCN,100,117,17,0.6665778160095215,0.7617449760437012,0.7130005359649658,0.7114093899726868,True,100
syn-cora-h0.50-r1,LabelStratifiedKFold,2,5,GCN,101,119,19,0.6665340662002563,0.7483221292495728,0.7249918580055237,0.718120813369751,True,100
syn-cora-h0.50-r1,StratifiedKFoldDynamic_Degree_b300,2,1,GCN,100,114,14,0.8348923325538635,0.6879194378852844,0.7478777766227722,0.7348993420600891,True,100
syn-cora-h0.50-r1,StratifiedKFoldDynamic_Degree_b300,2,1,GCN,101,115,15,0.8571361899375916,0.6778523325920105,0.7652688026428223,0.7214764952659607,True,100
syn-cora-h0.50-r1,StratifiedKFoldDynamic_Degree_b300,2,2,GCN,101,116,16,0.7551867961883545,0.7248322367668152,0.8338669538497925,0.6946308612823486,True,100
syn-cora-h0.50-r1,StratifiedKFoldDynamic_Degree_b300,2,2,GCN,100,115,15,0.7470558285713196,0.718120813369751,0.8260035514831543,0.6744966506958008,True,100
syn-cora-h0.50-r1,StratifiedKFoldDynamic_Degree_b300,2,3,GCN,100,118,18,0.6922870874404907,0.7583892345428467,0.8147006034851074,0.6879194378852844,True,100
syn-cora-h0.50-r1,StratifiedKFoldDynamic_Degree_b300,2,4,GCN,100,116,16,0.6764495968818665,0.7516778707504272,0.6855664849281311,0.7248322367668152,True,100
syn-cora-h0.50-r1,StratifiedKFoldDynamic_Degree_b300,2,3,GCN,101,121,21,0.6936615109443665,0.7483221292495728,0.8402653932571411,0.6912751793861389,True,100
syn-cora-h0.50-r1,StratifiedKFoldDynamic_Degree_b300,2,4,GCN,101,120,20,0.6712196469306946,0.7516778707504272,0.6760560870170593,0.7214764952659607,True,100
syn-cora-h0.50-r1,StratifiedKFoldDynamic_Degree_b300,2,5,GCN,100,118,18,0.7366275787353516,0.7348993420600891,0.6777135729789734,0.7617449760437012,True,100
syn-cora-h0.50-r1,StratifiedKFoldDynamic_Degree_b300,2,5,GCN,101,119,19,0.7539463043212891,0.718120813369751,0.6858705878257751,0.7516778707504272,True,100
syn-cora-h0.50-r1,StratifiedKFoldDynamic_NeighHet_b300,2,1,GCN,100,117,17,0.7274582386016846,0.7348993420600891,0.6787976622581482,0.7583892345428467,True,100
syn-cora-h0.50-r1,StratifiedKFoldDynamic_NeighHet_b300,2,2,GCN,100,116,16,0.770052433013916,0.7315436005592346,0.7408263683319092,0.7248322367668152,True,100
syn-cora-h0.50-r1,StratifiedKFoldDynamic_NeighHet_b300,2,2,GCN,101,116,16,0.7599772214889526,0.7214764952659607,0.7544224262237549,0.7214764952659607,True,100
syn-cora-h0.50-r1,StratifiedKFoldDynamic_NeighHet_b300,2,1,GCN,101,120,20,0.7442434430122375,0.7348993420600891,0.6876691579818726,0.7516778707504272,True,100
syn-cora-h0.50-r1,StratifiedKFoldDynamic_NeighHet_b300,2,3,GCN,100,118,18,0.6964429020881653,0.7617449760437012,0.7555999159812927,0.7248322367668152,True,100
syn-cora-h0.50-r1,StratifiedKFoldDynamic_NeighHet_b300,2,4,GCN,100,115,15,0.755281388759613,0.7013422846794128,0.7347761392593384,0.7114093899726868,True,100
syn-cora-h0.50-r1,StratifiedKFoldDynamic_NeighHet_b300,2,4,GCN,101,118,18,0.7680181860923767,0.7147650718688965,0.7548312544822693,0.718120813369751,True,100
syn-cora-h0.50-r1,StratifiedKFoldDynamic_NeighHet_b300,2,3,GCN,101,119,19,0.7155336141586304,0.7382550239562988,0.7705264687538147,0.7147650718688965,True,100
syn-cora-h0.50-r1,StratifiedKFoldDynamic_NeighHet_b300,2,5,GCN,101,118,18,0.704939067363739,0.7281879186630249,0.7749947309494019,0.7214764952659607,True,100
syn-cora-h0.50-r1,StratifiedKFoldDynamic_NeighHet_b300,2,5,GCN,100,119,19,0.693169116973877,0.7214764952659607,0.764721155166626,0.7214764952659607,True,100
syn-cora-h0.50-r1,StratifiedKFoldDynamic_PageRank_b300,2,2,GCN,100,117,17,0.7314373850822449,0.7348993420600891,0.71258944272995,0.7315436005592346,True,100
syn-cora-h0.50-r1,StratifiedKFoldDynamic_PageRank_b300,2,2,GCN,101,117,17,0.7417749166488647,0.7281879186630249,0.7099241614341736,0.7483221292495728,True,100
syn-cora-h0.50-r1,StratifiedKFoldDynamic_PageRank_b300,2,1,GCN,100,120,20,0.7356249094009399,0.7114093899726868,0.8101792335510254,0.6845637559890747,True,100
syn-cora-h0.50-r1,StratifiedKFoldDynamic_PageRank_b300,2,1,GCN,101,118,18,0.7196065783500671,0.7315436005592346,0.8009830713272095,0.6879194378852844,True,100
syn-cora-h0.50-r1,StratifiedKFoldDynamic_PageRank_b300,2,3,GCN,100,115,15,0.7548236846923828,0.6845637559890747,0.7584026455879211,0.7214764952659607,True,100
syn-cora-h0.50-r1,StratifiedKFoldDynamic_PageRank_b300,2,4,GCN,100,115,15,0.7296064496040344,0.7147650718688965,0.7336397767066956,0.7214764952659607,True,100
syn-cora-h0.50-r1,StratifiedKFoldDynamic_PageRank_b300,2,3,GCN,101,118,18,0.7462080121040344,0.7013422846794128,0.7679921388626099,0.7315436005592346,True,100
syn-cora-h0.50-r1,StratifiedKFoldDynamic_PageRank_b300,2,4,GCN,101,118,18,0.7381033897399902,0.7348993420600891,0.7214283347129822,0.7281879186630249,True,100
syn-cora-h0.50-r1,StratifiedKFoldDynamic_PageRank_b300,2,5,GCN,100,115,15,0.7491632699966431,0.718120813369751,0.7023829817771912,0.7416107654571533,True,100
syn-cora-h0.50-r1,StratifiedKFoldDynamic_PageRank_b300,2,5,GCN,101,116,16,0.7736996412277222,0.7214764952659607,0.7210535407066345,0.7382550239562988,True,100
syn-cora-h0.50-r1,StratifiedKFoldDynamic_EigCentrality_b300,2,2,GCN,100,117,17,0.7330060601234436,0.7348993420600891,0.7339041233062744,0.718120813369751,True,100
syn-cora-h0.50-r1,StratifiedKFoldDynamic_EigCentrality_b300,2,2,GCN,101,118,18,0.7371814250946045,0.7315436005592346,0.721510648727417,0.7315436005592346,True,100
syn-cora-h0.50-r1,StratifiedKFoldDynamic_EigCentrality_b300,2,1,GCN,101,118,18,0.6962488293647766,0.7416107654571533,0.7782674431800842,0.7281879186630249,True,100
syn-cora-h0.50-r1,StratifiedKFoldDynamic_EigCentrality_b300,2,1,GCN,100,123,23,0.7080236077308655,0.7348993420600891,0.7928087711334229,0.7248322367668152,True,100
syn-cora-h0.50-r1,StratifiedKFoldDynamic_EigCentrality_b300,2,3,GCN,100,115,15,0.7904444932937622,0.7013422846794128,0.7258090972900391,0.7013422846794128,True,100
syn-cora-h0.50-r1,StratifiedKFoldDynamic_EigCentrality_b300,2,3,GCN,101,116,16,0.7994827032089233,0.7013422846794128,0.7373194098472595,0.7214764952659607,True,100
syn-cora-h0.50-r1,StratifiedKFoldDynamic_EigCentrality_b300,2,4,GCN,100,119,19,0.6774143576622009,0.7315436005592346,0.8153366446495056,0.708053708076477,True,100
syn-cora-h0.50-r1,StratifiedKFoldDynamic_EigCentrality_b300,2,4,GCN,101,121,21,0.6926859021186829,0.7382550239562988,0.8625406622886658,0.6946308612823486,True,100
syn-cora-h0.50-r1,StratifiedKFoldDynamic_EigCentrality_b300,2,5,GCN,100,117,17,0.7567943930625916,0.7315436005592346,0.6549742221832275,0.7718120813369751,True,100
syn-cora-h0.50-r1,StratifiedKFoldDynamic_EigCentrality_b300,2,5,GCN,101,117,17,0.7760941386222839,0.7147650718688965,0.6685444712638855,0.7651006579399109,True,100
syn-cora-h0.50-r1,StratifiedKFoldDynamic_Clustering_b300,2,2,GCN,100,118,18,0.7849550247192383,0.6946308612823486,0.8103870749473572,0.6644295454025269,True,100
syn-cora-h0.50-r1,StratifiedKFoldDynamic_Clustering_b300,2,1,GCN,100,117,17,0.7687544226646423,0.6845637559890747,0.6881399750709534,0.7516778707504272,True,100
syn-cora-h0.50-r1,StratifiedKFoldDynamic_Clustering_b300,2,1,GCN,101,116,16,0.7820898294448853,0.6912751793861389,0.6923127770423889,0.7751677632331848,True,100
syn-cora-h0.50-r1,StratifiedKFoldDynamic_Clustering_b300,2,2,GCN,101,127,27,0.7975845336914062,0.6845637559890747,0.8476153612136841,0.6610738039016724,True,100
syn-cora-h0.50-r1,StratifiedKFoldDynamic_Clustering_b300,2,4,GCN,100,115,15,0.8089351654052734,0.6879194378852844,0.6770661473274231,0.7281879186630249,True,100
syn-cora-h0.50-r1,StratifiedKFoldDynamic_Clustering_b300,2,3,GCN,100,118,18,0.6559710502624512,0.755033552646637,0.761770486831665,0.708053708076477,True,100
syn-cora-h0.50-r1,StratifiedKFoldDynamic_Clustering_b300,2,3,GCN,101,117,17,0.6626494526863098,0.7583892345428467,0.7656410336494446,0.6979866027832031,True,100
syn-cora-h0.50-r1,StratifiedKFoldDynamic_Clustering_b300,2,4,GCN,101,115,15,0.8146052956581116,0.681208074092865,0.6862863898277283,0.7583892345428467,True,100
syn-cora-h0.50-r1,StratifiedKFoldDynamic_Clustering_b300,2,5,GCN,100,116,16,0.691781222820282,0.7382550239562988,0.7902553081512451,0.6979866027832031,True,100
syn-cora-h0.50-r1,StratifiedKFoldDynamic_Clustering_b300,2,5,GCN,101,117,17,0.6954695582389832,0.7617449760437012,0.7898474931716919,0.7046979665756226,True,100
syn-cora-h0.50-r1,RandomKFold,3,1,GCN,100,117,17,0.704957127571106,0.7281879186630249,0.7907631397247314,0.6946308612823486,True,100
syn-cora-h0.50-r1,RandomKFold,3,1,GCN,101,118,18,0.7222573757171631,0.7248322367668152,0.7927759885787964,0.6879194378852844,True,100
syn-cora-h0.50-r1,RandomKFold,3,2,GCN,100,118,18,0.7521433234214783,0.7248322367668152,0.6960150599479675,0.7315436005592346,True,100
syn-cora-h0.50-r1,RandomKFold,3,2,GCN,101,118,18,0.7546170353889465,0.718120813369751,0.7103890776634216,0.7516778707504272,True,100
syn-cora-h0.50-r1,RandomKFold,3,3,GCN,100,118,18,0.6456654071807861,0.755033552646637,0.7655194401741028,0.718120813369751,True,100
syn-cora-h0.50-r1,RandomKFold,3,4,GCN,101,114,14,0.8381569385528564,0.681208074092865,0.6907234191894531,0.7516778707504272,True,100
syn-cora-h0.50-r1,RandomKFold,3,4,GCN,100,115,15,0.825584888458252,0.6744966506958008,0.6608843207359314,0.7248322367668152,True,100
syn-cora-h0.50-r1,RandomKFold,3,3,GCN,101,118,18,0.6497763395309448,0.7583892345428467,0.7626816630363464,0.7114093899726868,True,100
syn-cora-h0.50-r1,RandomKFold,3,5,GCN,100,115,15,0.7858865857124329,0.7013422846794128,0.8239122629165649,0.7013422846794128,True,100
syn-cora-h0.50-r1,RandomKFold,3,5,GCN,101,118,18,0.7914129495620728,0.6946308612823486,0.8500725626945496,0.6845637559890747,True,100
syn-cora-h0.50-r1,LabelStratifiedKFold,3,2,GCN,100,116,16,0.6682565808296204,0.7516778707504272,0.8339805603027344,0.6879194378852844,True,100
syn-cora-h0.50-r1,LabelStratifiedKFold,3,1,GCN,100,115,15,0.811866819858551,0.6845637559890747,0.7741872668266296,0.6845637559890747,True,100
syn-cora-h0.50-r1,LabelStratifiedKFold,3,2,GCN,101,118,18,0.6910470128059387,0.7281879186630249,0.8341149687767029,0.681208074092865,True,100
syn-cora-h0.50-r1,LabelStratifiedKFold,3,1,GCN,101,116,16,0.805309534072876,0.6845637559890747,0.7872743010520935,0.6912751793861389,True,100
syn-cora-h0.50-r1,LabelStratifiedKFold,3,3,GCN,100,117,17,0.6943857669830322,0.7516778707504272,0.6850944757461548,0.7416107654571533,True,100
syn-cora-h0.50-r1,LabelStratifiedKFold,3,3,GCN,101,118,18,0.7015336751937866,0.755033552646637,0.7082517743110657,0.7416107654571533,True,100
syn-cora-h0.50-r1,LabelStratifiedKFold,3,4,GCN,100,117,17,0.7479599118232727,0.7248322367668152,0.6769106984138489,0.744966447353363,True,100
syn-cora-h0.50-r1,LabelStratifiedKFold,3,4,GCN,101,117,17,0.7393767237663269,0.7315436005592346,0.6782144904136658,0.7718120813369751,True,100
syn-cora-h0.50-r1,LabelStratifiedKFold,3,5,GCN,100,115,15,0.7676059007644653,0.6879194378852844,0.7703757882118225,0.7114093899726868,True,100
syn-cora-h0.50-r1,LabelStratifiedKFold,3,5,GCN,101,118,18,0.7887666821479797,0.6946308612823486,0.7674993276596069,0.7013422846794128,True,100
syn-cora-h0.50-r1,StratifiedKFoldDynamic_Degree_b300,3,1,GCN,101,118,18,0.6555628180503845,0.7617449760437012,0.7661737203598022,0.7046979665756226,True,100
syn-cora-h0.50-r1,StratifiedKFoldDynamic_Degree_b300,3,2,GCN,100,118,18,0.7228804230690002,0.7248322367668152,0.6568028330802917,0.744966447353363,True,100
syn-cora-h0.50-r1,StratifiedKFoldDynamic_Degree_b300,3,1,GCN,100,118,18,0.6531753540039062,0.7617449760437012,0.7698324918746948,0.7046979665756226,True,100
syn-cora-h0.50-r1,StratifiedKFoldDynamic_Degree_b300,3,2,GCN,101,119,19,0.7420206069946289,0.7416107654571533,0.6760844588279724,0.7516778707504272,True,100
syn-cora-h0.50-r1,StratifiedKFoldDynamic_Degree_b300,3,3,GCN,100,117,17,0.7403039336204529,0.7147650718688965,0.7099502086639404,0.7315436005592346,True,100
syn-cora-h0.50-r1,StratifiedKFoldDynamic_Degree_b300,3,3,GCN,101,118,18,0.7443380951881409,0.7281879186630249,0.7239131331443787,0.7382550239562988,True,100
syn-cora-h0.50-r1,StratifiedKFoldDynamic_Degree_b300,3,4,GCN,100,115,15,0.8172761797904968,0.6979866027832031,0.7405372858047485,0.718120813369751,True,100
syn-cora-h0.50-r1,StratifiedKFoldDynamic_Degree_b300,3,4,GCN,101,116,16,0.8008283972740173,0.6912751793861389,0.7388678193092346,0.718120813369751,True,100
syn-cora-h0.50-r1,StratifiedKFoldDynamic_Degree_b300,3,5,GCN,100,118,18,0.7125168442726135,0.7416107654571533,0.7565520405769348,0.7147650718688965,True,100
syn-cora-h0.50-r1,StratifiedKFoldDynamic_Degree_b300,3,5,GCN,101,118,18,0.7250549793243408,0.7281879186630249,0.7450234889984131,0.7248322367668152,True,100
syn-cora-h0.50-r1,StratifiedKFoldDynamic_NeighHet_b300,3,2,GCN,100,115,15,0.7801635265350342,0.708053708076477,0.7197083830833435,0.7382550239562988,True,100
syn-cora-h0.50-r1,StratifiedKFoldDynamic_NeighHet_b300,3,1,GCN,101,119,19,0.7552963495254517,0.7147650718688965,0.7714004516601562,0.7248322367668152,True,100
syn-cora-h0.50-r1,StratifiedKFoldDynamic_NeighHet_b300,3,2,GCN,101,119,19,0.7894184589385986,0.718120813369751,0.7310671806335449,0.7382550239562988,True,100
syn-cora-h0.50-r1,StratifiedKFoldDynamic_NeighHet_b300,3,1,GCN,100,117,17,0.7407478094100952,0.7348993420600891,0.7575122714042664,0.718120813369751,True,100
syn-cora-h0.50-r1,StratifiedKFoldDynamic_NeighHet_b300,3,4,GCN,100,117,17,0.7435662150382996,0.7348993420600891,0.7460892796516418,0.718120813369751,True,100
syn-cora-h0.50-r1,StratifiedKFoldDynamic_NeighHet_b300,3,3,GCN,101,116,16,0.7412527203559875,0.7046979665756226,0.7681218385696411,0.718120813369751,True,100
syn-cora-h0.50-r1,StratifiedKFoldDynamic_NeighHet_b300,3,3,GCN,100,121,21,0.7297715544700623,0.7114093899726868,0.771256685256958,0.7046979665756226,True,100
syn-cora-h0.50-r1,StratifiedKFoldDynamic_NeighHet_b300,3,4,GCN,101,117,17,0.7632778882980347,0.7248322367668152,0.7540452480316162,0.7046979665756226,True,100
syn-cora-h0.50-r1,StratifiedKFoldDynamic_NeighHet_b300,3,5,GCN,101,117,17,0.7487624287605286,0.7147650718688965,0.7660167217254639,0.7315436005592346,True,100
syn-cora-h0.50-r1,StratifiedKFoldDynamic_NeighHet_b300,3,5,GCN,100,120,20,0.7523277401924133,0.7147650718688965,0.7849895358085632,0.708053708076477,True,100
syn-cora-h0.50-r1,StratifiedKFoldDynamic_PageRank_b300,3,1,GCN,101,116,16,0.7387319207191467,0.7114093899726868,0.7505908608436584,0.7147650718688965,True,100
syn-cora-h0.50-r1,StratifiedKFoldDynamic_PageRank_b300,3,1,GCN,100,117,17,0.7255545258522034,0.718120813369751,0.7091256976127625,0.7348993420600891,True,100
syn-cora-h0.50-r1,StratifiedKFoldDynamic_PageRank_b300,3,2,GCN,100,116,16,0.7761796116828918,0.7046979665756226,0.7050468325614929,0.7281879186630249,True,100
syn-cora-h0.50-r1,StratifiedKFoldDynamic_PageRank_b300,3,2,GCN,101,119,19,0.7848924398422241,0.6979866027832031,0.6905543208122253,0.718120813369751,True,100
syn-cora-h0.50-r1,StratifiedKFoldDynamic_PageRank_b300,3,3,GCN,100,116,16,0.6782159209251404,0.7583892345428467,0.7792365550994873,0.7114093899726868,True,100
syn-cora-h0.50-r1,StratifiedKFoldDynamic_PageRank_b300,3,4,GCN,101,116,16,0.7936422824859619,0.6845637559890747,0.7115269899368286,0.744966447353363,True,100
syn-cora-h0.50-r1,StratifiedKFoldDynamic_PageRank_b300,3,3,GCN,101,119,19,0.6768167018890381,0.7583892345428467,0.7887582778930664,0.708053708076477,True,100
syn-cora-h0.50-r1,StratifiedKFoldDynamic_PageRank_b300,3,4,GCN,100,119,19,0.8040823936462402,0.6711409687995911,0.6953639984130859,0.7483221292495728,True,100
syn-cora-h0.50-r1,StratifiedKFoldDynamic_PageRank_b300,3,5,GCN,100,119,19,0.6983885169029236,0.7281879186630249,0.7941576838493347,0.7046979665756226,True,100
syn-cora-h0.50-r1,StratifiedKFoldDynamic_PageRank_b300,3,5,GCN,101,122,22,0.7195189595222473,0.7147650718688965,0.7973744869232178,0.6946308612823486,True,100
syn-cora-h0.50-r1,StratifiedKFoldDynamic_EigCentrality_b300,3,2,GCN,100,114,14,0.7589944005012512,0.708053708076477,0.8246842622756958,0.6845637559890747,True,100
syn-cora-h0.50-r1,StratifiedKFoldDynamic_EigCentrality_b300,3,1,GCN,100,117,17,0.787305474281311,0.7214764952659607,0.7413177490234375,0.7281879186630249,True,100
syn-cora-h0.50-r1,StratifiedKFoldDynamic_EigCentrality_b300,3,2,GCN,101,117,17,0.7675176858901978,0.7147650718688965,0.8244830369949341,0.6946308612823486,True,100
syn-cora-h0.50-r1,StratifiedKFoldDynamic_EigCentrality_b300,3,1,GCN,101,118,18,0.7802957892417908,0.7281879186630249,0.7341369986534119,0.7315436005592346,True,100
syn-cora-h0.50-r1,StratifiedKFoldDynamic_EigCentrality_b300,3,3,GCN,101,118,18,0.7257317900657654,0.7046979665756226,0.7764145731925964,0.7046979665756226,True,100
syn-cora-h0.50-r1,StratifiedKFoldDynamic_EigCentrality_b300,3,4,GCN,100,117,17,0.7079632878303528,0.7348993420600891,0.7413205504417419,0.6979866027832031,True,100
syn-cora-h0.50-r1,StratifiedKFoldDynamic_EigCentrality_b300,3,3,GCN,100,118,18,0.7157307863235474,0.7281879186630249,0.7546723484992981,0.6979866027832031,True,100
syn-cora-h0.50-r1,StratifiedKFoldDynamic_EigCentrality_b300,3,4,GCN,101,118,18,0.710324227809906,0.7382550239562988,0.7470449805259705,0.7046979665756226,True,100
syn-cora-h0.50-r1,StratifiedKFoldDynamic_EigCentrality_b300,3,5,GCN,100,118,18,0.7505531907081604,0.7214764952659607,0.6785281896591187,0.7516778707504272,True,100
syn-cora-h0.50-r1,StratifiedKFoldDynamic_EigCentrality_b300,3,5,GCN,101,118,18,0.7551100850105286,0.708053708076477,0.6789402365684509,0.7583892345428467,True,100
syn-cora-h0.50-r1,StratifiedKFoldDynamic_Clustering_b300,3,2,GCN,100,114,14,0.8095226883888245,0.681208074092865,0.7342305183410645,0.708053708076477,True,100
syn-cora-h0.50-r1,StratifiedKFoldDynamic_Clustering_b300,3,1,GCN,101,116,16,0.7194774150848389,0.7348993420600891,0.7017970085144043,0.7214764952659607,True,100
syn-cora-h0.50-r1,StratifiedKFoldDynamic_Clustering_b300,3,2,GCN,101,116,16,0.8089253902435303,0.6879194378852844,0.7262600660324097,0.7248322367668152,True,100
syn-cora-h0.50-r1,StratifiedKFoldDynamic_Clustering_b300,3,1,GCN,100,121,21,0.71635502576828,0.718120813369751,0.6952149868011475,0.7281879186630249,True,100
syn-cora-h0.50-r1,StratifiedKFoldDynamic_Clustering_b300,3,3,GCN,101,116,16,0.7074049115180969,0.744966447353363,0.789253294467926,0.7046979665756226,True,100
syn-cora-h0.50-r1,StratifiedKFoldDynamic_Clustering_b300,3,3,GCN,100,119,19,0.7070931196212769,0.7382550239562988,0.7945820093154907,0.7013422846794128,True,100
syn-cora-h0.50-r1,StratifiedKFoldDynamic_Clustering_b300,3,4,GCN,100,116,16,0.7677723169326782,0.7147650718688965,0.754534900188446,0.718120813369751,True,100
syn-cora-h0.50-r1,StratifiedKFoldDynamic_Clustering_b300,3,4,GCN,101,119,19,0.7856353521347046,0.7147650718688965,0.7661853432655334,0.7147650718688965,True,100
syn-cora-h0.50-r1,StratifiedKFoldDynamic_Clustering_b300,3,5,GCN,100,118,18,0.6773625016212463,0.7516778707504272,0.7261261343955994,0.7281879186630249,True,100
syn-cora-h0.50-r1,StratifiedKFoldDynamic_Clustering_b300,3,5,GCN,101,119,19,0.6985578536987305,0.7416107654571533,0.7394658923149109,0.7281879186630249,True,100
syn-cora-h0.50-r1,RandomKFold,4,1,GCN,100,116,16,0.7550128698348999,0.7214764952659607,0.7629420757293701,0.708053708076477,True,100
syn-cora-h0.50-r1,RandomKFold,4,2,GCN,100,115,15,0.7576150894165039,0.7114093899726868,0.7710278630256653,0.7248322367668152,True,100
syn-cora-h0.50-r1,RandomKFold,4,2,GCN,101,114,14,0.7713465094566345,0.7214764952659607,0.7824012041091919,0.7281879186630249,True,100
syn-cora-h0.50-r1,RandomKFold,4,1,GCN,101,116,16,0.7755654454231262,0.7114093899726868,0.7573791742324829,0.6879194378852844,True,100
syn-cora-h0.50-r1,RandomKFold,4,3,GCN,100,122,22,0.7063724398612976,0.708053708076477,0.7914726734161377,0.7013422846794128,True,100
syn-cora-h0.50-r1,RandomKFold,4,4,GCN,101,117,17,0.7502196431159973,0.7248322367668152,0.7336777448654175,0.7315436005592346,True,100
syn-cora-h0.50-r1,RandomKFold,4,4,GCN,100,120,20,0.750076174736023,0.7147650718688965,0.7221572995185852,0.7114093899726868,True,100
syn-cora-h0.50-r1,RandomKFold,4,3,GCN,101,121,21,0.7305366396903992,0.7114093899726868,0.7971803545951843,0.7013422846794128,True,100
syn-cora-h0.50-r1,RandomKFold,4,5,GCN,100,115,15,0.7879077196121216,0.6879194378852844,0.7480419874191284,0.7114093899726868,True,100
syn-cora-h0.50-r1,RandomKFold,4,5,GCN,101,116,16,0.7777260541915894,0.6979866027832031,0.7311577796936035,0.7248322367668152,True,100
syn-cora-h0.50-r1,LabelStratifiedKFold,4,1,GCN,100,115,15,0.7777562737464905,0.7114093899726868,0.838668942451477,0.6778523325920105,True,100
syn-cora-h0.50-r1,LabelStratifiedKFold,4,2,GCN,100,117,17,0.6953723430633545,0.7281879186630249,0.7638013958930969,0.7147650718688965,True,100
syn-cora-h0.50-r1,LabelStratifiedKFold,4,2,GCN,101,118,18,0.7018485069274902,0.7416107654571533,0.7773983478546143,0.718120813369751,True,100
syn-cora-h0.50-r1,LabelStratifiedKFold,4,1,GCN,101,118,18,0.7939302325248718,0.718120813369751,0.8574233651161194,0.6677852272987366,True,100
syn-cora-h0.50-r1,LabelStratifiedKFold,4,3,GCN,100,117,17,0.683579683303833,0.7516778707504272,0.6936283111572266,0.7382550239562988,True,100
syn-cora-h0.50-r1,LabelStratifiedKFold,4,3,GCN,101,118,18,0.6692864298820496,0.7617449760437012,0.699495255947113,0.744966447353363,True,100
syn-cora-h0.50-r1,LabelStratifiedKFold,4,4,GCN,101,118,18,0.7579545378684998,0.718120813369751,0.6562681198120117,0.7684563994407654,True,100
syn-cora-h0.50-r1,LabelStratifiedKFold,4,4,GCN,100,117,17,0.7344431281089783,0.744966447353363,0.6740963459014893,0.7583892345428467,True,100
syn-cora-h0.50-r1,LabelStratifiedKFold,4,5,GCN,100,115,15,0.8117551803588867,0.681208074092865,0.7262002825737,0.7382550239562988,True,100
syn-cora-h0.50-r1,LabelStratifiedKFold,4,5,GCN,101,118,18,0.8217843770980835,0.6711409687995911,0.7423750758171082,0.7114093899726868,True,100
syn-cora-h0.50-r1,StratifiedKFoldDynamic_Degree_b300,4,2,GCN,100,114,14,0.7974206805229187,0.7013422846794128,0.7446155548095703,0.718120813369751,True,100
syn-cora-h0.50-r1,StratifiedKFoldDynamic_Degree_b300,4,2,GCN,101,116,16,0.8049694895744324,0.7013422846794128,0.7256631255149841,0.7483221292495728,True,100
syn-cora-h0.50-r1,StratifiedKFoldDynamic_Degree_b300,4,1,GCN,100,117,17,0.7032938599586487,0.7315436005592346,0.7443900108337402,0.7114093899726868,True,100
syn-cora-h0.50-r1,StratifiedKFoldDynamic_Degree_b300,4,1,GCN,101,119,19,0.7111084461212158,0.7348993420600891,0.7467527985572815,0.708053708076477,True,100
syn-cora-h0.50-r1,StratifiedKFoldDynamic_Degree_b300,4,3,GCN,100,114,14,0.7811955213546753,0.718120813369751,0.7973059415817261,0.6912751793861389,True,100
syn-cora-h0.50-r1,StratifiedKFoldDynamic_Degree_b300,4,3,GCN,101,116,16,0.771233081817627,0.7046979665756226,0.8121567368507385,0.6677852272987366,True,100
syn-cora-h0.50-r1,StratifiedKFoldDynamic_Degree_b300,4,4,GCN,100,118,18,0.7068675756454468,0.7483221292495728,0.7690367102622986,0.7046979665756226,True,100
syn-cora-h0.50-r1,StratifiedKFoldDynamic_Degree_b300,4,4,GCN,101,117,17,0.7246488332748413,0.755033552646637,0.7445278167724609,0.7315436005592346,True,100
syn-cora-h0.50-r1,StratifiedKFoldDynamic_Degree_b300,4,5,GCN,100,118,18,0.7481775283813477,0.7214764952659607,0.7291255593299866,0.7416107654571533,True,100
syn-cora-h0.50-r1,StratifiedKFoldDynamic_Degree_b300,4,5,GCN,101,119,19,0.7521286606788635,0.7214764952659607,0.753340482711792,0.7315436005592346,True,100
syn-cora-h0.50-r1,StratifiedKFoldDynamic_NeighHet_b300,4,2,GCN,101,116,16,0.7699275612831116,0.718120813369751,0.7487366795539856,0.7281879186630249,True,100
syn-cora-h0.50-r1,StratifiedKFoldDynamic_NeighHet_b300,4,1,GCN,100,118,18,0.7268536686897278,0.7281879186630249,0.7358430027961731,0.7382550239562988,True,100
syn-cora-h0.50-r1,StratifiedKFoldDynamic_NeighHet_b300,4,1,GCN,101,117,17,0.7544093728065491,0.7147650718688965,0.7440543174743652,0.7315436005592346,True,100
syn-cora-h0.50-r1,StratifiedKFoldDynamic_NeighHet_b300,4,2,GCN,100,119,19,0.7653796672821045,0.6946308612823486,0.7402195334434509,0.718120813369751,True,100
syn-cora-h0.50-r1,StratifiedKFoldDynamic_NeighHet_b300,4,3,GCN,100,115,15,0.7734612226486206,0.6610738039016724,0.7752196192741394,0.7013422846794128,True,100
syn-cora-h0.50-r1,StratifiedKFoldDynamic_NeighHet_b300,4,4,GCN,100,117,17,0.7341869473457336,0.7281879186630249,0.7770240306854248,0.6744966506958008,True,100
syn-cora-h0.50-r1,StratifiedKFoldDynamic_NeighHet_b300,4,3,GCN,101,116,16,0.7858713865280151,0.6677852272987366,0.7701288461685181,0.708053708076477,True,100
syn-cora-h0.50-r1,StratifiedKFoldDynamic_NeighHet_b300,4,4,GCN,101,118,18,0.7264852523803711,0.718120813369751,0.7972860932350159,0.6912751793861389,True,100
syn-cora-h0.50-r1,StratifiedKFoldDynamic_NeighHet_b300,4,5,GCN,100,116,16,0.7365835309028625,0.7315436005592346,0.7209994792938232,0.7516778707504272,True,100
syn-cora-h0.50-r1,StratifiedKFoldDynamic_NeighHet_b300,4,5,GCN,101,118,18,0.7365490794181824,0.744966447353363,0.7010650634765625,0.7416107654571533,True,100
syn-cora-h0.50-r1,StratifiedKFoldDynamic_PageRank_b300,4,1,GCN,101,116,16,0.7492318749427795,0.7483221292495728,0.7039540410041809,0.755033552646637,True,100
syn-cora-h0.50-r1,StratifiedKFoldDynamic_PageRank_b300,4,2,GCN,100,118,18,0.7532132863998413,0.6845637559890747,0.7432993650436401,0.7248322367668152,True,100
syn-cora-h0.50-r1,StratifiedKFoldDynamic_PageRank_b300,4,1,GCN,100,116,16,0.7516006827354431,0.7315436005592346,0.6948747038841248,0.744966447353363,True,100
syn-cora-h0.50-r1,StratifiedKFoldDynamic_PageRank_b300,4,2,GCN,101,122,22,0.7669218182563782,0.708053708076477,0.7705256938934326,0.7348993420600891,True,100
syn-cora-h0.50-r1,StratifiedKFoldDynamic_PageRank_b300,4,4,GCN,100,116,16,0.7346586585044861,0.7483221292495728,0.6772827506065369,0.7382550239562988,True,100
syn-cora-h0.50-r1,StratifiedKFoldDynamic_PageRank_b300,4,3,GCN,101,118,18,0.6708448529243469,0.7315436005592346,0.7885890603065491,0.6879194378852844,True,100
syn-cora-h0.50-r1,StratifiedKFoldDynamic_PageRank_b300,4,3,GCN,100,120,20,0.6752262115478516,0.7382550239562988,0.7699169516563416,0.6879194378852844,True,100
syn-cora-h0.50-r1,StratifiedKFoldDynamic_PageRank_b300,4,4,GCN,101,118,18,0.76412433385849,0.7214764952659607,0.6714675426483154,0.7416107654571533,True,100
syn-cora-h0.50-r1,StratifiedKFoldDynamic_PageRank_b300,4,5,GCN,100,118,18,0.6904696822166443,0.7382550239562988,0.7256125807762146,0.7214764952659607,True,100
syn-cora-h0.50-r1,StratifiedKFoldDynamic_PageRank_b300,4,5,GCN,101,118,18,0.7031803131103516,0.7214764952659607,0.739881157875061,0.7315436005592346,True,100
syn-cora-h0.50-r1,StratifiedKFoldDynamic_EigCentrality_b300,4,2,GCN,100,116,16,0.7854536175727844,0.7214764952659607,0.6953886151313782,0.744966447353363,True,100
syn-cora-h0.50-r1,StratifiedKFoldDynamic_EigCentrality_b300,4,1,GCN,100,118,18,0.6741048097610474,0.7348993420600891,0.717307984828949,0.7248322367668152,True,100
syn-cora-h0.50-r1,StratifiedKFoldDynamic_EigCentrality_b300,4,1,GCN,101,118,18,0.6760709285736084,0.7483221292495728,0.7349099516868591,0.7315436005592346,True,100
syn-cora-h0.50-r1,StratifiedKFoldDynamic_EigCentrality_b300,4,2,GCN,101,118,18,0.7846429347991943,0.7281879186630249,0.6985126733779907,0.7315436005592346,True,100
syn-cora-h0.50-r1,StratifiedKFoldDynamic_EigCentrality_b300,4,3,GCN,100,117,17,0.709507405757904,0.7315436005592346,0.7478424310684204,0.7382550239562988,True,100
syn-cora-h0.50-r1,StratifiedKFoldDynamic_EigCentrality_b300,4,4,GCN,100,114,14,0.8016290664672852,0.6744966506958008,0.7528164982795715,0.7382550239562988,True,100
syn-cora-h0.50-r1,StratifiedKFoldDynamic_EigCentrality_b300,4,3,GCN,101,118,18,0.7226154804229736,0.7281879186630249,0.7428955435752869,0.7382550239562988,True,100
syn-cora-h0.50-r1,StratifiedKFoldDynamic_EigCentrality_b300,4,4,GCN,101,116,16,0.8219612240791321,0.6711409687995911,0.7595475912094116,0.7147650718688965,True,100
syn-cora-h0.50-r1,StratifiedKFoldDynamic_EigCentrality_b300,4,5,GCN,100,117,17,0.7148280739784241,0.7416107654571533,0.815433144569397,0.6577181220054626,True,100
syn-cora-h0.50-r1,StratifiedKFoldDynamic_EigCentrality_b300,4,5,GCN,101,120,20,0.7319183945655823,0.744966447353363,0.839367151260376,0.6711409687995911,True,100
syn-cora-h0.50-r1,StratifiedKFoldDynamic_Clustering_b300,4,2,GCN,101,116,16,0.7565128803253174,0.7214764952659607,0.7520195245742798,0.7416107654571533,True,100
syn-cora-h0.50-r1,StratifiedKFoldDynamic_Clustering_b300,4,1,GCN,100,117,17,0.7155014872550964,0.7382550239562988,0.7582785487174988,0.7046979665756226,True,100
syn-cora-h0.50-r1,StratifiedKFoldDynamic_Clustering_b300,4,1,GCN,101,118,18,0.7307075262069702,0.7483221292495728,0.7739534974098206,0.7013422846794128,True,100
syn-cora-h0.50-r1,StratifiedKFoldDynamic_Clustering_b300,4,2,GCN,100,120,20,0.7502661943435669,0.7013422846794128,0.7417312860488892,0.7416107654571533,True,100
syn-cora-h0.50-r1,StratifiedKFoldDynamic_Clustering_b300,4,3,GCN,101,116,16,0.7843518853187561,0.708053708076477,0.7083402276039124,0.7516778707504272,True,100
syn-cora-h0.50-r1,StratifiedKFoldDynamic_Clustering_b300,4,3,GCN,100,119,19,0.7908737659454346,0.7114093899726868,0.7018895149230957,0.7483221292495728,True,100
syn-cora-h0.50-r1,StratifiedKFoldDynamic_Clustering_b300,4,4,GCN,100,118,18,0.752888023853302,0.7214764952659607,0.8102228045463562,0.681208074092865,True,100
syn-cora-h0.50-r1,StratifiedKFoldDynamic_Clustering_b300,4,4,GCN,101,118,18,0.7250838279724121,0.7248322367668152,0.7904961705207825,0.6744966506958008,True,100
syn-cora-h0.50-r1,StratifiedKFoldDynamic_Clustering_b300,4,5,GCN,100,116,16,0.7825117111206055,0.6912751793861389,0.7770901322364807,0.708053708076477,True,100
syn-cora-h0.50-r1,StratifiedKFoldDynamic_Clustering_b300,4,5,GCN,101,119,19,0.8230696320533752,0.6778523325920105,0.7739614248275757,0.7013422846794128,True,100
syn-cora-h0.60-r1,RandomKFold,0,2,GCN,100,114,14,0.6670610308647156,0.7751677632331848,0.5835723280906677,0.791946291923523,True,100
syn-cora-h0.60-r1,RandomKFold,0,1,GCN,101,116,16,0.605024516582489,0.7953020334243774,0.5304708480834961,0.791946291923523,True,100
syn-cora-h0.60-r1,RandomKFold,0,1,GCN,100,118,18,0.5905552506446838,0.8020133972167969,0.5270093083381653,0.8087248206138611,True,100
syn-cora-h0.60-r1,RandomKFold,0,2,GCN,101,119,19,0.6728631258010864,0.7651006579399109,0.5946976542472839,0.791946291923523,True,100
syn-cora-h0.60-r1,RandomKFold,0,3,GCN,100,117,17,0.5047177076339722,0.8221476674079895,0.6680899262428284,0.7617449760437012,True,100
syn-cora-h0.60-r1,RandomKFold,0,3,GCN,101,118,18,0.5017005801200867,0.8087248206138611,0.6739946007728577,0.7785235047340393,True,100
syn-cora-h0.60-r1,RandomKFold,0,4,GCN,100,117,17,0.5715177059173584,0.7718120813369751,0.5225921869277954,0.818791925907135,True,100
syn-cora-h0.60-r1,RandomKFold,0,4,GCN,101,117,17,0.5651110410690308,0.781879186630249,0.5178405046463013,0.818791925907135,True,100
syn-cora-h0.60-r1,RandomKFold,0,5,GCN,100,119,19,0.5083038806915283,0.8087248206138611,0.5706691741943359,0.781879186630249,True,100
syn-cora-h0.60-r1,RandomKFold,0,5,GCN,101,121,21,0.5106317400932312,0.8053691387176514,0.5702202320098877,0.7751677632331848,True,100
syn-cora-h0.60-r1,LabelStratifiedKFold,0,1,GCN,100,116,16,0.5692151188850403,0.8053691387176514,0.6158645153045654,0.7718120813369751,True,100
syn-cora-h0.60-r1,LabelStratifiedKFold,0,1,GCN,101,117,17,0.5644864439964294,0.7852349281311035,0.621904730796814,0.7516778707504272,True,100
syn-cora-h0.60-r1,LabelStratifiedKFold,0,2,GCN,101,117,17,0.6022458076477051,0.8120805621147156,0.5683873891830444,0.7785235047340393,True,100
syn-cora-h0.60-r1,LabelStratifiedKFold,0,2,GCN,100,118,18,0.597661554813385,0.8053691387176514,0.5766280293464661,0.781879186630249,True,100
syn-cora-h0.60-r1,LabelStratifiedKFold,0,3,GCN,100,118,18,0.4973061978816986,0.8154362440109253,0.5894901156425476,0.7953020334243774,True,100
syn-cora-h0.60-r1,LabelStratifiedKFold,0,4,GCN,100,115,15,0.5810427665710449,0.7885906100273132,0.5106185674667358,0.818791925907135,True,100
syn-cora-h0.60-r1,LabelStratifiedKFold,0,3,GCN,101,119,19,0.5023040175437927,0.8154362440109253,0.5885999798774719,0.8154362440109253,True,100
syn-cora-h0.60-r1,LabelStratifiedKFold,0,4,GCN,101,119,19,0.581476628780365,0.781879186630249,0.5161697864532471,0.818791925907135,True,100
syn-cora-h0.60-r1,LabelStratifiedKFold,0,5,GCN,100,116,16,0.6376050114631653,0.7684563994407654,0.5924976468086243,0.7718120813369751,True,100
syn-cora-h0.60-r1,LabelStratifiedKFold,0,5,GCN,101,116,16,0.6310730576515198,0.7684563994407654,0.6035916209220886,0.755033552646637,True,100
syn-cora-h0.60-r1,StratifiedKFoldDynamic_Degree_b300,0,1,GCN,101,117,17,0.6175001859664917,0.7583892345428467,0.5642346739768982,0.7986577153205872,True,100
syn-cora-h0.60-r1,StratifiedKFoldDynamic_Degree_b300,0,2,GCN,100,117,17,0.479260116815567,0.8422818779945374,0.620316743850708,0.781879186630249,True,100
syn-cora-h0.60-r1,StratifiedKFoldDynamic_Degree_b300,0,2,GCN,101,120,20,0.4832233190536499,0.8422818779945374,0.6083109378814697,0.7885906100273132,True,100
syn-cora-h0.60-r1,StratifiedKFoldDynamic_Degree_b300,0,1,GCN,100,118,18,0.6254795789718628,0.7751677632331848,0.5457870960235596,0.8087248206138611,True,100
syn-cora-h0.60-r1,StratifiedKFoldDynamic_Degree_b300,0,3,GCN,100,116,16,0.6313692927360535,0.781879186630249,0.4959358870983124,0.8355704545974731,True,100
syn-cora-h0.60-r1,StratifiedKFoldDynamic_Degree_b300,0,3,GCN,101,114,14,0.6322030425071716,0.7785235047340393,0.5273277759552002,0.8288590312004089,True,100
syn-cora-h0.60-r1,StratifiedKFoldDynamic_Degree_b300,0,4,GCN,100,118,18,0.5339627861976624,0.8154362440109253,0.6014329791069031,0.791946291923523,True,100
syn-cora-h0.60-r1,StratifiedKFoldDynamic_Degree_b300,0,4,GCN,101,119,19,0.5302633047103882,0.8053691387176514,0.6046473979949951,0.7885906100273132,True,100
syn-cora-h0.60-r1,StratifiedKFoldDynamic_Degree_b300,0,5,GCN,101,118,18,0.5644892454147339,0.7953020334243774,0.5553478598594666,0.8087248206138611,True,100
syn-cora-h0.60-r1,StratifiedKFoldDynamic_Degree_b300,0,5,GCN,100,119,19,0.5381637811660767,0.7953020334243774,0.56268709897995,0.7852349281311035,True,100
syn-cora-h0.60-r1,StratifiedKFoldDynamic_NeighHet_b300,0,1,GCN,100,117,17,0.5297949910163879,0.7986577153205872,0.5413112044334412,0.7885906100273132,True,100
syn-cora-h0.60-r1,StratifiedKFoldDynamic_NeighHet_b300,0,2,GCN,100,114,14,0.6143200993537903,0.7885906100273132,0.5681222677230835,0.8087248206138611,True,100
syn-cora-h0.60-r1,StratifiedKFoldDynamic_NeighHet_b300,0,1,GCN,101,118,18,0.520378589630127,0.8053691387176514,0.5637885332107544,0.7751677632331848,True,100
syn-cora-h0.60-r1,StratifiedKFoldDynamic_NeighHet_b300,0,2,GCN,101,118,18,0.6118770241737366,0.7953020334243774,0.5501130223274231,0.8053691387176514,True,100
syn-cora-h0.60-r1,StratifiedKFoldDynamic_NeighHet_b300,0,3,GCN,101,117,17,0.568839967250824,0.7986577153205872,0.6069282293319702,0.7953020334243774,True,100
syn-cora-h0.60-r1,StratifiedKFoldDynamic_NeighHet_b300,0,3,GCN,100,118,18,0.5669423341751099,0.7986577153205872,0.6098922491073608,0.7885906100273132,True,100
syn-cora-h0.60-r1,StratifiedKFoldDynamic_NeighHet_b300,0,4,GCN,101,120,20,0.5687639117240906,0.7751677632331848,0.5856443047523499,0.781879186630249,True,100
syn-cora-h0.60-r1,StratifiedKFoldDynamic_NeighHet_b300,0,4,GCN,100,118,18,0.558214008808136,0.7953020334243774,0.5802276134490967,0.7852349281311035,True,100
syn-cora-h0.60-r1,StratifiedKFoldDynamic_NeighHet_b300,0,5,GCN,100,117,17,0.5540715456008911,0.7953020334243774,0.5467700362205505,0.7953020334243774,True,100
syn-cora-h0.60-r1,StratifiedKFoldDynamic_NeighHet_b300,0,5,GCN,101,118,18,0.5724815130233765,0.791946291923523,0.5701671242713928,0.7718120813369751,True,100
syn-cora-h0.60-r1,StratifiedKFoldDynamic_PageRank_b300,0,2,GCN,100,117,17,0.55464106798172,0.7852349281311035,0.5811086297035217,0.7617449760437012,True,100
syn-cora-h0.60-r1,StratifiedKFoldDynamic_PageRank_b300,0,1,GCN,100,115,15,0.5793620944023132,0.7718120813369751,0.5901320576667786,0.7785235047340393,True,100
syn-cora-h0.60-r1,StratifiedKFoldDynamic_PageRank_b300,0,1,GCN,101,119,19,0.5941118597984314,0.7651006579399109,0.5836745500564575,0.7785235047340393,True,100
syn-cora-h0.60-r1,StratifiedKFoldDynamic_PageRank_b300,0,2,GCN,101,117,17,0.5680632591247559,0.8020133972167969,0.6023649573326111,0.7785235047340393,True,100
syn-cora-h0.60-r1,StratifiedKFoldDynamic_PageRank_b300,0,3,GCN,101,116,16,0.5445617437362671,0.7986577153205872,0.5781331062316895,0.791946291923523,True,100
syn-cora-h0.60-r1,StratifiedKFoldDynamic_PageRank_b300,0,4,GCN,100,117,17,0.5459415912628174,0.7852349281311035,0.5517399311065674,0.8221476674079895,True,100
syn-cora-h0.60-r1,StratifiedKFoldDynamic_PageRank_b300,0,3,GCN,100,123,23,0.5582051277160645,0.7953020334243774,0.5799726247787476,0.7785235047340393,True,100
syn-cora-h0.60-r1,StratifiedKFoldDynamic_PageRank_b300,0,4,GCN,101,119,19,0.5441097021102905,0.7718120813369751,0.5535625219345093,0.8020133972167969,True,100
syn-cora-h0.60-r1,StratifiedKFoldDynamic_PageRank_b300,0,5,GCN,100,118,18,0.5685780048370361,0.791946291923523,0.5510772466659546,0.8087248206138611,True,100
syn-cora-h0.60-r1,StratifiedKFoldDynamic_PageRank_b300,0,5,GCN,101,118,18,0.5582399368286133,0.791946291923523,0.5479987263679504,0.7953020334243774,True,100
syn-cora-h0.60-r1,StratifiedKFoldDynamic_EigCentrality_b300,0,2,GCN,101,116,16,0.5650973916053772,0.791946291923523,0.5197583436965942,0.8221476674079895,True,100
syn-cora-h0.60-r1,StratifiedKFoldDynamic_EigCentrality_b300,0,2,GCN,100,117,17,0.5736784934997559,0.8020133972167969,0.49620676040649414,0.8355704545974731,True,100
syn-cora-h0.60-r1,StratifiedKFoldDynamic_EigCentrality_b300,0,1,GCN,101,119,19,0.4946257174015045,0.8154362440109253,0.5977009534835815,0.7751677632331848,True,100
syn-cora-h0.60-r1,StratifiedKFoldDynamic_EigCentrality_b300,0,1,GCN,100,119,19,0.48274630308151245,0.8053691387176514,0.6131059527397156,0.7651006579399109,True,100
syn-cora-h0.60-r1,StratifiedKFoldDynamic_EigCentrality_b300,0,3,GCN,100,115,15,0.5900956988334656,0.8154362440109253,0.5536609888076782,0.7885906100273132,True,100
syn-cora-h0.60-r1,StratifiedKFoldDynamic_EigCentrality_b300,0,3,GCN,101,118,18,0.6068788766860962,0.8020133972167969,0.5364491939544678,0.8020133972167969,True,100
syn-cora-h0.60-r1,StratifiedKFoldDynamic_EigCentrality_b300,0,4,GCN,100,118,18,0.5510308146476746,0.7852349281311035,0.6165784597396851,0.791946291923523,True,100
syn-cora-h0.60-r1,StratifiedKFoldDynamic_EigCentrality_b300,0,4,GCN,101,121,21,0.5548154711723328,0.7852349281311035,0.6499388813972473,0.781879186630249,True,100
syn-cora-h0.60-r1,StratifiedKFoldDynamic_EigCentrality_b300,0,5,GCN,100,117,17,0.5875353813171387,0.781879186630249,0.5583930611610413,0.8087248206138611,True,100
syn-cora-h0.60-r1,StratifiedKFoldDynamic_EigCentrality_b300,0,5,GCN,101,120,20,0.5758536458015442,0.781879186630249,0.5591126084327698,0.7986577153205872,True,100
syn-cora-h0.60-r1,StratifiedKFoldDynamic_Clustering_b300,0,2,GCN,101,116,16,0.5753392577171326,0.7785235047340393,0.5800547003746033,0.7885906100273132,True,100
syn-cora-h0.60-r1,StratifiedKFoldDynamic_Clustering_b300,0,1,GCN,101,116,16,0.5735465288162231,0.781879186630249,0.5634083151817322,0.8221476674079895,True,100
syn-cora-h0.60-r1,StratifiedKFoldDynamic_Clustering_b300,0,2,GCN,100,117,17,0.5603650808334351,0.791946291923523,0.5665946006774902,0.7953020334243774,True,100
syn-cora-h0.60-r1,StratifiedKFoldDynamic_Clustering_b300,0,1,GCN,100,117,17,0.5601605176925659,0.7953020334243774,0.53866046667099,0.8355704545974731,True,100
syn-cora-h0.60-r1,StratifiedKFoldDynamic_Clustering_b300,0,3,GCN,100,115,15,0.609401524066925,0.781879186630249,0.576517641544342,0.8087248206138611,True,100
syn-cora-h0.60-r1,StratifiedKFoldDynamic_Clustering_b300,0,4,GCN,100,115,15,0.5700867772102356,0.7885906100273132,0.6045221090316772,0.7583892345428467,True,100
syn-cora-h0.60-r1,StratifiedKFoldDynamic_Clustering_b300,0,3,GCN,101,116,16,0.6037200093269348,0.7785235047340393,0.5890527367591858,0.7852349281311035,True,100
syn-cora-h0.60-r1,StratifiedKFoldDynamic_Clustering_b300,0,4,GCN,101,120,20,0.5463374853134155,0.7852349281311035,0.616403341293335,0.7583892345428467,True,100
syn-cora-h0.60-r1,StratifiedKFoldDynamic_Clustering_b300,0,5,GCN,100,119,19,0.5511608719825745,0.8020133972167969,0.590319037437439,0.791946291923523,True,100
syn-cora-h0.60-r1,StratifiedKFoldDynamic_Clustering_b300,0,5,GCN,101,121,21,0.5667607188224792,0.791946291923523,0.5674201846122742,0.8020133972167969,True,100
syn-cora-h0.60-r1,RandomKFold,1,1,GCN,101,119,19,0.4766288995742798,0.8422818779945374,0.5209156274795532,0.8087248206138611,True,100
syn-cora-h0.60-r1,RandomKFold,1,2,GCN,101,118,18,0.5733563303947449,0.7953020334243774,0.5139685273170471,0.8053691387176514,True,100
syn-cora-h0.60-r1,RandomKFold,1,1,GCN,100,122,22,0.5049039721488953,0.8255033493041992,0.5171002149581909,0.8020133972167969,True,100
syn-cora-h0.60-r1,RandomKFold,1,2,GCN,100,119,19,0.5525153279304504,0.7986577153205872,0.5288983583450317,0.8087248206138611,True,100
syn-cora-h0.60-r1,RandomKFold,1,3,GCN,100,116,16,0.6237515211105347,0.781879186630249,0.577185332775116,0.7885906100273132,True,100
syn-cora-h0.60-r1,RandomKFold,1,3,GCN,101,115,15,0.6195306181907654,0.791946291923523,0.6059103608131409,0.7885906100273132,True,100
syn-cora-h0.60-r1,RandomKFold,1,4,GCN,100,117,17,0.5330983400344849,0.8087248206138611,0.5941693782806396,0.7986577153205872,True,100
syn-cora-h0.60-r1,RandomKFold,1,4,GCN,101,127,27,0.5503400564193726,0.791946291923523,0.6169238090515137,0.7751677632331848,True,100
syn-cora-h0.60-r1,RandomKFold,1,5,GCN,101,118,18,0.5675878524780273,0.781879186630249,0.5820578336715698,0.7953020334243774,True,100
syn-cora-h0.60-r1,RandomKFold,1,5,GCN,100,118,18,0.5693424344062805,0.781879186630249,0.5585768818855286,0.791946291923523,True,100
syn-cora-h0.60-r1,LabelStratifiedKFold,1,2,GCN,100,116,16,0.6337342858314514,0.7583892345428467,0.5357481837272644,0.7852349281311035,True,100
syn-cora-h0.60-r1,LabelStratifiedKFold,1,2,GCN,101,116,16,0.6489049792289734,0.7751677632331848,0.5453082323074341,0.7953020334243774,True,100
syn-cora-h0.60-r1,LabelStratifiedKFold,1,1,GCN,100,122,22,0.5156440734863281,0.7986577153205872,0.6185530424118042,0.7953020334243774,True,100
syn-cora-h0.60-r1,LabelStratifiedKFold,1,1,GCN,101,152,52,0.519385814666748,0.8120805621147156,0.6557692885398865,0.7751677632331848,True,100
syn-cora-h0.60-r1,LabelStratifiedKFold,1,3,GCN,100,118,18,0.5361387729644775,0.8087248206138611,0.6549162268638611,0.7483221292495728,True,100
syn-cora-h0.60-r1,LabelStratifiedKFold,1,3,GCN,101,119,19,0.5302888751029968,0.8020133972167969,0.6687362194061279,0.7483221292495728,True,100
syn-cora-h0.60-r1,LabelStratifiedKFold,1,4,GCN,100,119,19,0.4661726951599121,0.8456375598907471,0.5304914116859436,0.8087248206138611,True,100
syn-cora-h0.60-r1,LabelStratifiedKFold,1,4,GCN,101,119,19,0.46973004937171936,0.8523489832878113,0.5265138149261475,0.7986577153205872,True,100
syn-cora-h0.60-r1,LabelStratifiedKFold,1,5,GCN,100,115,15,0.6051170825958252,0.8020133972167969,0.4843655824661255,0.8557047247886658,True,100
syn-cora-h0.60-r1,LabelStratifiedKFold,1,5,GCN,101,115,15,0.5999468564987183,0.791946291923523,0.5024003982543945,0.8590604066848755,True,100
syn-cora-h0.60-r1,StratifiedKFoldDynamic_Degree_b300,1,2,GCN,101,116,16,0.5749577879905701,0.7885906100273132,0.5632483959197998,0.791946291923523,True,100
syn-cora-h0.60-r1,StratifiedKFoldDynamic_Degree_b300,1,1,GCN,101,120,20,0.5605831742286682,0.7852349281311035,0.5725104212760925,0.8020133972167969,True,100
syn-cora-h0.60-r1,StratifiedKFoldDynamic_Degree_b300,1,1,GCN,100,118,18,0.5438643097877502,0.7986577153205872,0.5921058654785156,0.7953020334243774,True,100
syn-cora-h0.60-r1,StratifiedKFoldDynamic_Degree_b300,1,2,GCN,100,117,17,0.5653193593025208,0.8020133972167969,0.5361006855964661,0.7885906100273132,True,100
syn-cora-h0.60-r1,StratifiedKFoldDynamic_Degree_b300,1,4,GCN,100,114,14,0.6422025561332703,0.7885906100273132,0.5492656230926514,0.781879186630249,True,100
syn-cora-h0.60-r1,StratifiedKFoldDynamic_Degree_b300,1,3,GCN,100,118,18,0.522379457950592,0.7986577153205872,0.5374558568000793,0.8053691387176514,True,100
syn-cora-h0.60-r1,StratifiedKFoldDynamic_Degree_b300,1,4,GCN,101,118,18,0.6502411961555481,0.781879186630249,0.5328477621078491,0.7953020334243774,True,100
syn-cora-h0.60-r1,StratifiedKFoldDynamic_Degree_b300,1,3,GCN,101,119,19,0.5220247507095337,0.8087248206138611,0.5331685543060303,0.8020133972167969,True,100
syn-cora-h0.60-r1,StratifiedKFoldDynamic_Degree_b300,1,5,GCN,100,118,18,0.5428025126457214,0.8255033493041992,0.6600159406661987,0.755033552646637,True,100
syn-cora-h0.60-r1,StratifiedKFoldDynamic_Degree_b300,1,5,GCN,101,120,20,0.5314873456954956,0.8020133972167969,0.6611527800559998,0.781879186630249,True,100
syn-cora-h0.60-r1,StratifiedKFoldDynamic_NeighHet_b300,1,1,GCN,100,118,18,0.5873852372169495,0.7785235047340393,0.5489490628242493,0.7852349281311035,True,100
syn-cora-h0.60-r1,StratifiedKFoldDynamic_NeighHet_b300,1,1,GCN,101,120,20,0.5927475094795227,0.7885906100273132,0.5557147264480591,0.791946291923523,True,100
syn-cora-h0.60-r1,StratifiedKFoldDynamic_NeighHet_b300,1,2,GCN,101,120,20,0.541736364364624,0.7953020334243774,0.5805123448371887,0.7718120813369751,True,100
syn-cora-h0.60-r1,StratifiedKFoldDynamic_NeighHet_b300,1,2,GCN,100,126,26,0.5395854711532593,0.7986577153205872,0.6118525266647339,0.7583892345428467,True,100
syn-cora-h0.60-r1,StratifiedKFoldDynamic_NeighHet_b300,1,4,GCN,100,114,14,0.5903223156929016,0.791946291923523,0.5525823831558228,0.8154362440109253,True,100
syn-cora-h0.60-r1,StratifiedKFoldDynamic_NeighHet_b300,1,3,GCN,100,116,16,0.5455220341682434,0.7953020334243774,0.5631347298622131,0.8053691387176514,True,100
syn-cora-h0.60-r1,StratifiedKFoldDynamic_NeighHet_b300,1,3,GCN,101,116,16,0.5615933537483215,0.781879186630249,0.5719307065010071,0.8120805621147156,True,100
syn-cora-h0.60-r1,StratifiedKFoldDynamic_NeighHet_b300,1,4,GCN,101,118,18,0.5870091915130615,0.7953020334243774,0.5562008023262024,0.8053691387176514,True,100
syn-cora-h0.60-r1,StratifiedKFoldDynamic_NeighHet_b300,1,5,GCN,100,122,22,0.5632060766220093,0.7785235047340393,0.601843535900116,0.791946291923523,True,100
syn-cora-h0.60-r1,StratifiedKFoldDynamic_NeighHet_b300,1,5,GCN,101,123,23,0.5630531311035156,0.7751677632331848,0.6017842888832092,0.791946291923523,True,100
syn-cora-h0.60-r1,StratifiedKFoldDynamic_PageRank_b300,1,2,GCN,100,115,15,0.606035053730011,0.7718120813369751,0.5283128619194031,0.8221476674079895,True,100
syn-cora-h0.60-r1,StratifiedKFoldDynamic_PageRank_b300,1,1,GCN,101,118,18,0.5540540218353271,0.8087248206138611,0.6174895763397217,0.7617449760437012,True,100
syn-cora-h0.60-r1,StratifiedKFoldDynamic_PageRank_b300,1,1,GCN,100,118,18,0.5469229221343994,0.8154362440109253,0.6157010197639465,0.781879186630249,True,100
syn-cora-h0.60-r1,StratifiedKFoldDynamic_PageRank_b300,1,2,GCN,101,116,16,0.6127877831459045,0.7617449760437012,0.5371274948120117,0.818791925907135,True,100
syn-cora-h0.60-r1,StratifiedKFoldDynamic_PageRank_b300,1,4,GCN,101,116,16,0.5674076080322266,0.7986577153205872,0.6001214385032654,0.7852349281311035,True,100
syn-cora-h0.60-r1,StratifiedKFoldDynamic_PageRank_b300,1,3,GCN,100,118,18,0.5659934282302856,0.7785235047340393,0.5907067656517029,0.7583892345428467,True,100
syn-cora-h0.60-r1,StratifiedKFoldDynamic_PageRank_b300,1,4,GCN,100,117,17,0.5705462694168091,0.7885906100273132,0.5836241841316223,0.7651006579399109,True,100
syn-cora-h0.60-r1,StratifiedKFoldDynamic_PageRank_b300,1,3,GCN,101,119,19,0.5843052268028259,0.7583892345428467,0.5885415077209473,0.7785235047340393,True,100
syn-cora-h0.60-r1,StratifiedKFoldDynamic_PageRank_b300,1,5,GCN,100,117,17,0.5648444890975952,0.791946291923523,0.5415462255477905,0.8255033493041992,True,100
syn-cora-h0.60-r1,StratifiedKFoldDynamic_PageRank_b300,1,5,GCN,101,117,17,0.567200779914856,0.791946291923523,0.537363588809967,0.8255033493041992,True,100
syn-cora-h0.60-r1,StratifiedKFoldDynamic_EigCentrality_b300,1,1,GCN,101,119,19,0.5460149645805359,0.8053691387176514,0.6346306800842285,0.7751677632331848,True,100
syn-cora-h0.60-r1,StratifiedKFoldDynamic_EigCentrality_b300,1,1,GCN,100,118,18,0.5220208764076233,0.818791925907135,0.6352140307426453,0.7651006579399109,True,100
syn-cora-h0.60-r1,StratifiedKFoldDynamic_EigCentrality_b300,1,2,GCN,100,119,19,0.5002515912055969,0.8255033493041992,0.5473101735115051,0.7953020334243774,True,100
syn-cora-h0.60-r1,StratifiedKFoldDynamic_EigCentrality_b300,1,2,GCN,101,123,23,0.5033180117607117,0.818791925907135,0.5700965523719788,0.791946291923523,True,100
syn-cora-h0.60-r1,StratifiedKFoldDynamic_EigCentrality_b300,1,3,GCN,100,118,18,0.5656039714813232,0.7885906100273132,0.5208375453948975,0.8020133972167969,True,100
syn-cora-h0.60-r1,StratifiedKFoldDynamic_EigCentrality_b300,1,4,GCN,100,115,15,0.5788915753364563,0.7953020334243774,0.5463249683380127,0.791946291923523,True,100
syn-cora-h0.60-r1,StratifiedKFoldDynamic_EigCentrality_b300,1,3,GCN,101,118,18,0.5685749053955078,0.7986577153205872,0.5288727283477783,0.7986577153205872,True,100
syn-cora-h0.60-r1,StratifiedKFoldDynamic_EigCentrality_b300,1,4,GCN,101,117,17,0.5871832370758057,0.791946291923523,0.5416385531425476,0.781879186630249,True,100
syn-cora-h0.60-r1,StratifiedKFoldDynamic_EigCentrality_b300,1,5,GCN,100,115,15,0.6329492926597595,0.7684563994407654,0.5921476483345032,0.8020133972167969,True,100
syn-cora-h0.60-r1,StratifiedKFoldDynamic_EigCentrality_b300,1,5,GCN,101,117,17,0.6229826211929321,0.7751677632331848,0.587168276309967,0.8053691387176514,True,100
syn-cora-h0.60-r1,StratifiedKFoldDynamic_Clustering_b300,1,2,GCN,101,117,17,0.55402672290802,0.781879186630249,0.5034352540969849,0.8154362440109253,True,100
syn-cora-h0.60-r1,StratifiedKFoldDynamic_Clustering_b300,1,1,GCN,100,122,22,0.4987790286540985,0.8255033493041992,0.6109122037887573,0.7986577153205872,True,100
syn-cora-h0.60-r1,StratifiedKFoldDynamic_Clustering_b300,1,2,GCN,100,119,19,0.5585383176803589,0.7986577153205872,0.5001851916313171,0.8221476674079895,True,100
syn-cora-h0.60-r1,StratifiedKFoldDynamic_Clustering_b300,1,1,GCN,101,121,21,0.5040841698646545,0.8154362440109253,0.6129310727119446,0.7986577153205872,True,100
syn-cora-h0.60-r1,StratifiedKFoldDynamic_Clustering_b300,1,4,GCN,100,115,15,0.6121804714202881,0.7785235047340393,0.5740689039230347,0.781879186630249,True,100
syn-cora-h0.60-r1,StratifiedKFoldDynamic_Clustering_b300,1,3,GCN,100,117,17,0.573248565196991,0.7953020334243774,0.57196044921875,0.7718120813369751,True,100
syn-cora-h0.60-r1,StratifiedKFoldDynamic_Clustering_b300,1,3,GCN,101,120,20,0.5681138038635254,0.791946291923523,0.5783612132072449,0.7684563994407654,True,100
syn-cora-h0.60-r1,StratifiedKFoldDynamic_Clustering_b300,1,4,GCN,101,119,19,0.6214872002601624,0.781879186630249,0.5543039441108704,0.7953020334243774,True,100
syn-cora-h0.60-r1,StratifiedKFoldDynamic_Clustering_b300,1,5,GCN,101,117,17,0.6054148077964783,0.781879186630249,0.6155315637588501,0.7885906100273132,True,100
syn-cora-h0.60-r1,StratifiedKFoldDynamic_Clustering_b300,1,5,GCN,100,117,17,0.5819948315620422,0.781879186630249,0.619365394115448,0.7852349281311035,True,100
syn-cora-h0.60-r1,RandomKFold,2,2,GCN,100,115,15,0.5624802708625793,0.8053691387176514,0.5095082521438599,0.818791925907135,True,100
syn-cora-h0.60-r1,RandomKFold,2,2,GCN,101,118,18,0.5656514167785645,0.7986577153205872,0.4994366466999054,0.8087248206138611,True,100
syn-cora-h0.60-r1,RandomKFold,2,1,GCN,100,119,19,0.5085902214050293,0.8255033493041992,0.520218551158905,0.8255033493041992,True,100
syn-cora-h0.60-r1,RandomKFold,2,1,GCN,101,122,22,0.4979225993156433,0.8322147727012634,0.5140544772148132,0.818791925907135,True,100
syn-cora-h0.60-r1,RandomKFold,2,3,GCN,100,114,14,0.6786690950393677,0.744966447353363,0.5512359142303467,0.8053691387176514,True,100
syn-cora-h0.60-r1,RandomKFold,2,3,GCN,101,113,13,0.7096097469329834,0.7416107654571533,0.5750397443771362,0.7953020334243774,True,100
syn-cora-h0.60-r1,RandomKFold,2,4,GCN,100,118,18,0.5762205719947815,0.8053691387176514,0.7030261158943176,0.7483221292495728,True,100
syn-cora-h0.60-r1,RandomKFold,2,4,GCN,101,121,21,0.5760724544525146,0.8120805621147156,0.7298924326896667,0.755033552646637,True,100
syn-cora-h0.60-r1,RandomKFold,2,5,GCN,100,118,18,0.5214842557907104,0.8020133972167969,0.5816085934638977,0.8053691387176514,True,100
syn-cora-h0.60-r1,RandomKFold,2,5,GCN,101,116,16,0.5146573781967163,0.7953020334243774,0.5814240574836731,0.8053691387176514,True,100
syn-cora-h0.60-r1,LabelStratifiedKFold,2,2,GCN,100,117,17,0.5145180225372314,0.8288590312004089,0.5850439071655273,0.7785235047340393,True,100
syn-cora-h0.60-r1,LabelStratifiedKFold,2,1,GCN,101,119,19,0.6005070209503174,0.7516778707504272,0.5519357919692993,0.7885906100273132,True,100
syn-cora-h0.60-r1,LabelStratifiedKFold,2,1,GCN,100,117,17,0.596328616142273,0.7651006579399109,0.5328343510627747,0.8120805621147156,True,100
syn-cora-h0.60-r1,LabelStratifiedKFold,2,2,GCN,101,118,18,0.4991043508052826,0.8456375598907471,0.5747027397155762,0.7785235047340393,True,100
syn-cora-h0.60-r1,LabelStratifiedKFold,2,3,GCN,100,115,15,0.6197906136512756,0.7785235047340393,0.5137913227081299,0.8288590312004089,True,100
syn-cora-h0.60-r1,LabelStratifiedKFold,2,3,GCN,101,117,17,0.6226484179496765,0.7718120813369751,0.4979347288608551,0.8355704545974731,True,100
syn-cora-h0.60-r1,LabelStratifiedKFold,2,4,GCN,100,118,18,0.557345449924469,0.8053691387176514,0.6136373281478882,0.8020133972167969,True,100
syn-cora-h0.60-r1,LabelStratifiedKFold,2,4,GCN,101,119,19,0.5700951814651489,0.8154362440109253,0.6228281259536743,0.8020133972167969,True,100
syn-cora-h0.60-r1,LabelStratifiedKFold,2,5,GCN,100,117,17,0.5526794791221619,0.7852349281311035,0.5823661684989929,0.8020133972167969,True,100
syn-cora-h0.60-r1,LabelStratifiedKFold,2,5,GCN,101,120,20,0.5708189606666565,0.791946291923523,0.6009871363639832,0.7885906100273132,True,100
syn-cora-h0.60-r1,StratifiedKFoldDynamic_Degree_b300,2,1,GCN,100,117,17,0.5031186938285828,0.818791925907135,0.6085663437843323,0.7751677632331848,True,100
syn-cora-h0.60-r1,StratifiedKFoldDynamic_Degree_b300,2,2,GCN,100,117,17,0.5248852968215942,0.8120805621147156,0.5212349891662598,0.8087248206138611,True,100
syn-cora-h0.60-r1,StratifiedKFoldDynamic_Degree_b300,2,2,GCN,101,118,18,0.5393659472465515,0.8087248206138611,0.5329257249832153,0.791946291923523,True,100
syn-cora-h0.60-r1,StratifiedKFoldDynamic_Degree_b300,2,1,GCN,101,119,19,0.5093396902084351,0.8087248206138611,0.6076472997665405,0.7751677632331848,True,100
syn-cora-h0.60-r1,StratifiedKFoldDynamic_Degree_b300,2,3,GCN,101,116,16,0.6261601448059082,0.755033552646637,0.5265469551086426,0.8288590312004089,True,100
syn-cora-h0.60-r1,StratifiedKFoldDynamic_Degree_b300,2,3,GCN,100,117,17,0.6200817823410034,0.7751677632331848,0.5197167992591858,0.8221476674079895,True,100
syn-cora-h0.60-r1,StratifiedKFoldDynamic_Degree_b300,2,4,GCN,100,118,18,0.55162113904953,0.7953020334243774,0.631014347076416,0.781879186630249,True,100
syn-cora-h0.60-r1,StratifiedKFoldDynamic_Degree_b300,2,4,GCN,101,117,17,0.5356228947639465,0.8221476674079895,0.6286368370056152,0.7583892345428467,True,100
syn-cora-h0.60-r1,StratifiedKFoldDynamic_Degree_b300,2,5,GCN,100,118,18,0.587169885635376,0.7785235047340393,0.5304839015007019,0.8355704545974731,True,100
syn-cora-h0.60-r1,StratifiedKFoldDynamic_Degree_b300,2,5,GCN,101,118,18,0.5812983512878418,0.7785235047340393,0.5239991545677185,0.8255033493041992,True,100
syn-cora-h0.60-r1,StratifiedKFoldDynamic_NeighHet_b300,2,2,GCN,100,118,18,0.5515730977058411,0.7953020334243774,0.5405855774879456,0.7885906100273132,True,100
syn-cora-h0.60-r1,StratifiedKFoldDynamic_NeighHet_b300,2,2,GCN,101,117,17,0.5470601320266724,0.8120805621147156,0.5411213040351868,0.7986577153205872,True,100
syn-cora-h0.60-r1,StratifiedKFoldDynamic_NeighHet_b300,2,1,GCN,101,120,20,0.5559421181678772,0.7852349281311035,0.5903623700141907,0.8120805621147156,True,100
syn-cora-h0.60-r1,StratifiedKFoldDynamic_NeighHet_b300,2,1,GCN,100,124,24,0.5705679059028625,0.7885906100273132,0.607502818107605,0.7986577153205872,True,100
syn-cora-h0.60-r1,StratifiedKFoldDynamic_NeighHet_b300,2,3,GCN,101,116,16,0.584843635559082,0.7986577153205872,0.5711081027984619,0.791946291923523,True,100
syn-cora-h0.60-r1,StratifiedKFoldDynamic_NeighHet_b300,2,3,GCN,100,117,17,0.5890222787857056,0.8020133972167969,0.5830487012863159,0.781879186630249,True,100
syn-cora-h0.60-r1,StratifiedKFoldDynamic_NeighHet_b300,2,4,GCN,100,117,17,0.5188347697257996,0.8221476674079895,0.5934348106384277,0.7953020334243774,True,100
syn-cora-h0.60-r1,StratifiedKFoldDynamic_NeighHet_b300,2,4,GCN,101,121,21,0.5293599367141724,0.8154362440109253,0.6056797504425049,0.7852349281311035,True,100
syn-cora-h0.60-r1,StratifiedKFoldDynamic_NeighHet_b300,2,5,GCN,100,115,15,0.5765992999076843,0.7986577153205872,0.5404850244522095,0.8120805621147156,True,100
syn-cora-h0.60-r1,StratifiedKFoldDynamic_NeighHet_b300,2,5,GCN,101,118,18,0.5707075595855713,0.7986577153205872,0.5443817973136902,0.8020133972167969,True,100
syn-cora-h0.60-r1,StratifiedKFoldDynamic_PageRank_b300,2,1,GCN,100,116,16,0.5544202327728271,0.7953020334243774,0.5788847208023071,0.8087248206138611,True,100
syn-cora-h0.60-r1,StratifiedKFoldDynamic_PageRank_b300,2,1,GCN,101,116,16,0.5605058073997498,0.7718120813369751,0.5911464095115662,0.791946291923523,True,100
syn-cora-h0.60-r1,StratifiedKFoldDynamic_PageRank_b300,2,2,GCN,101,117,17,0.5406190752983093,0.7986577153205872,0.5525516271591187,0.8087248206138611,True,100
syn-cora-h0.60-r1,StratifiedKFoldDynamic_PageRank_b300,2,2,GCN,100,122,22,0.5219628810882568,0.8087248206138611,0.5705179572105408,0.7852349281311035,True,100
syn-cora-h0.60-r1,StratifiedKFoldDynamic_PageRank_b300,2,4,GCN,100,115,15,0.5866674184799194,0.7718120813369751,0.5519341826438904,0.8120805621147156,True,100
syn-cora-h0.60-r1,StratifiedKFoldDynamic_PageRank_b300,2,3,GCN,100,119,19,0.5338220000267029,0.8087248206138611,0.5670779347419739,0.781879186630249,True,100
syn-cora-h0.60-r1,StratifiedKFoldDynamic_PageRank_b300,2,3,GCN,101,122,22,0.5461570024490356,0.8120805621147156,0.5833102464675903,0.7751677632331848,True,100
syn-cora-h0.60-r1,StratifiedKFoldDynamic_PageRank_b300,2,4,GCN,101,120,20,0.5797423720359802,0.781879186630249,0.5590235590934753,0.7986577153205872,True,100
syn-cora-h0.60-r1,StratifiedKFoldDynamic_PageRank_b300,2,5,GCN,100,115,15,0.6064962148666382,0.791946291923523,0.5816420316696167,0.7986577153205872,True,100
syn-cora-h0.60-r1,StratifiedKFoldDynamic_PageRank_b300,2,5,GCN,101,120,20,0.6066439151763916,0.7852349281311035,0.5747405886650085,0.8053691387176514,True,100
syn-cora-h0.60-r1,StratifiedKFoldDynamic_EigCentrality_b300,2,2,GCN,101,119,19,0.5611304044723511,0.7852349281311035,0.5526842474937439,0.7885906100273132,True,100
syn-cora-h0.60-r1,StratifiedKFoldDynamic_EigCentrality_b300,2,2,GCN,100,119,19,0.5571849346160889,0.791946291923523,0.5622071623802185,0.7986577153205872,True,100
syn-cora-h0.60-r1,StratifiedKFoldDynamic_EigCentrality_b300,2,1,GCN,101,168,68,0.5467230677604675,0.8053691387176514,0.7103101015090942,0.744966447353363,True,100
syn-cora-h0.60-r1,StratifiedKFoldDynamic_EigCentrality_b300,2,1,GCN,100,163,63,0.5169880986213684,0.8120805621147156,0.7119382619857788,0.744966447353363,True,100
syn-cora-h0.60-r1,StratifiedKFoldDynamic_EigCentrality_b300,2,3,GCN,101,117,17,0.5422383546829224,0.8087248206138611,0.5909529328346252,0.7785235047340393,True,100
syn-cora-h0.60-r1,StratifiedKFoldDynamic_EigCentrality_b300,2,3,GCN,100,117,17,0.5334896445274353,0.8087248206138611,0.5772625207901001,0.781879186630249,True,100
syn-cora-h0.60-r1,StratifiedKFoldDynamic_EigCentrality_b300,2,4,GCN,101,118,18,0.6036167144775391,0.791946291923523,0.5228388905525208,0.8053691387176514,True,100
syn-cora-h0.60-r1,StratifiedKFoldDynamic_EigCentrality_b300,2,4,GCN,100,118,18,0.6006249785423279,0.7885906100273132,0.5215052962303162,0.7986577153205872,True,100
syn-cora-h0.60-r1,StratifiedKFoldDynamic_EigCentrality_b300,2,5,GCN,101,116,16,0.617526113986969,0.7718120813369751,0.6487561464309692,0.7852349281311035,True,100
syn-cora-h0.60-r1,StratifiedKFoldDynamic_EigCentrality_b300,2,5,GCN,100,116,16,0.6123126745223999,0.7986577153205872,0.6283160448074341,0.8053691387176514,True,100
syn-cora-h0.60-r1,StratifiedKFoldDynamic_Clustering_b300,2,2,GCN,100,116,16,0.5454100370407104,0.8020133972167969,0.5246695876121521,0.8087248206138611,True,100
syn-cora-h0.60-r1,StratifiedKFoldDynamic_Clustering_b300,2,1,GCN,100,118,18,0.5293336510658264,0.8120805621147156,0.5641597509384155,0.7885906100273132,True,100
syn-cora-h0.60-r1,StratifiedKFoldDynamic_Clustering_b300,2,1,GCN,101,121,21,0.5319440364837646,0.8120805621147156,0.5682331323623657,0.7885906100273132,True,100
syn-cora-h0.60-r1,StratifiedKFoldDynamic_Clustering_b300,2,2,GCN,101,119,19,0.536940336227417,0.791946291923523,0.5098499059677124,0.8288590312004089,True,100
syn-cora-h0.60-r1,StratifiedKFoldDynamic_Clustering_b300,2,3,GCN,100,116,16,0.6063492298126221,0.791946291923523,0.558150589466095,0.7986577153205872,True,100
syn-cora-h0.60-r1,StratifiedKFoldDynamic_Clustering_b300,2,3,GCN,101,117,17,0.6172909140586853,0.7852349281311035,0.5601911544799805,0.8020133972167969,True,100
syn-cora-h0.60-r1,StratifiedKFoldDynamic_Clustering_b300,2,4,GCN,100,118,18,0.5739836096763611,0.7718120813369751,0.5849854350090027,0.7885906100273132,True,100
syn-cora-h0.60-r1,StratifiedKFoldDynamic_Clustering_b300,2,4,GCN,101,118,18,0.5788257718086243,0.7953020334243774,0.5903348326683044,0.7852349281311035,True,100
syn-cora-h0.60-r1,StratifiedKFoldDynamic_Clustering_b300,2,5,GCN,100,118,18,0.5586251020431519,0.8053691387176514,0.5906977653503418,0.8087248206138611,True,100
syn-cora-h0.60-r1,StratifiedKFoldDynamic_Clustering_b300,2,5,GCN,101,122,22,0.5552904605865479,0.8020133972167969,0.6009626388549805,0.8020133972167969,True,100
syn-cora-h0.60-r1,RandomKFold,3,1,GCN,100,116,16,0.6202042102813721,0.7785235047340393,0.6109075546264648,0.781879186630249,True,100
syn-cora-h0.60-r1,RandomKFold,3,1,GCN,101,119,19,0.636810302734375,0.7684563994407654,0.6093028783798218,0.7718120813369751,True,100
syn-cora-h0.60-r1,RandomKFold,3,2,GCN,101,121,21,0.5613086819648743,0.7751677632331848,0.6553390026092529,0.7583892345428467,True,100
syn-cora-h0.60-r1,RandomKFold,3,2,GCN,100,118,18,0.5515504479408264,0.791946291923523,0.6337583065032959,0.781879186630249,True,100
syn-cora-h0.60-r1,RandomKFold,3,3,GCN,100,118,18,0.5204856395721436,0.8120805621147156,0.531757652759552,0.8087248206138611,True,100
syn-cora-h0.60-r1,RandomKFold,3,3,GCN,101,116,16,0.5207434296607971,0.8154362440109253,0.5435485243797302,0.8053691387176514,True,100
syn-cora-h0.60-r1,RandomKFold,3,4,GCN,101,120,20,0.5138657093048096,0.8154362440109253,0.5520932078361511,0.7785235047340393,True,100
syn-cora-h0.60-r1,RandomKFold,3,4,GCN,100,123,23,0.5177806615829468,0.8255033493041992,0.5758123993873596,0.791946291923523,True,100
syn-cora-h0.60-r1,RandomKFold,3,5,GCN,101,140,40,0.6087313890457153,0.7651006579399109,0.5525310635566711,0.7953020334243774,True,100
syn-cora-h0.60-r1,RandomKFold,3,5,GCN,100,156,56,0.6073384284973145,0.7785235047340393,0.5694419741630554,0.7751677632331848,True,100
syn-cora-h0.60-r1,LabelStratifiedKFold,3,1,GCN,100,115,15,0.5300737023353577,0.818791925907135,0.6518915295600891,0.7651006579399109,True,100
syn-cora-h0.60-r1,LabelStratifiedKFold,3,1,GCN,101,117,17,0.5251055955886841,0.8120805621147156,0.6631507873535156,0.7348993420600891,True,100
syn-cora-h0.60-r1,LabelStratifiedKFold,3,2,GCN,100,117,17,0.5706744194030762,0.818791925907135,0.5258681178092957,0.8255033493041992,True,100
syn-cora-h0.60-r1,LabelStratifiedKFold,3,2,GCN,101,120,20,0.5839754343032837,0.8053691387176514,0.542410135269165,0.8154362440109253,True,100
syn-cora-h0.60-r1,LabelStratifiedKFold,3,3,GCN,100,115,15,0.5513832569122314,0.8087248206138611,0.5833985209465027,0.8020133972167969,True,100
syn-cora-h0.60-r1,LabelStratifiedKFold,3,4,GCN,100,118,18,0.5164621472358704,0.8120805621147156,0.5638540387153625,0.7885906100273132,True,100
syn-cora-h0.60-r1,LabelStratifiedKFold,3,4,GCN,101,118,18,0.5265802145004272,0.8053691387176514,0.5457968711853027,0.8020133972167969,True,100
syn-cora-h0.60-r1,LabelStratifiedKFold,3,3,GCN,101,122,22,0.5372468829154968,0.8154362440109253,0.5946759581565857,0.7785235047340393,True,100
syn-cora-h0.60-r1,LabelStratifiedKFold,3,5,GCN,100,114,14,0.6652982831001282,0.7483221292495728,0.5323675870895386,0.8288590312004089,True,100
syn-cora-h0.60-r1,LabelStratifiedKFold,3,5,GCN,101,118,18,0.6755819916725159,0.7315436005592346,0.5202608108520508,0.818791925907135,True,100
syn-cora-h0.60-r1,StratifiedKFoldDynamic_Degree_b300,3,2,GCN,100,115,15,0.5846735835075378,0.7852349281311035,0.536609947681427,0.8221476674079895,True,100
syn-cora-h0.60-r1,StratifiedKFoldDynamic_Degree_b300,3,2,GCN,101,119,19,0.5962811708450317,0.7953020334243774,0.5229527950286865,0.8255033493041992,True,100
syn-cora-h0.60-r1,StratifiedKFoldDynamic_Degree_b300,3,1,GCN,101,118,18,0.5425001382827759,0.8053691387176514,0.6391526460647583,0.7885906100273132,True,100
syn-cora-h0.60-r1,StratifiedKFoldDynamic_Degree_b300,3,1,GCN,100,120,20,0.5359625816345215,0.791946291923523,0.6684486269950867,0.7684563994407654,True,100
syn-cora-h0.60-r1,StratifiedKFoldDynamic_Degree_b300,3,3,GCN,100,118,18,0.5052133798599243,0.8221476674079895,0.5668808817863464,0.791946291923523,True,100
syn-cora-h0.60-r1,StratifiedKFoldDynamic_Degree_b300,3,4,GCN,100,116,16,0.5963300466537476,0.7986577153205872,0.5305929780006409,0.8053691387176514,True,100
syn-cora-h0.60-r1,StratifiedKFoldDynamic_Degree_b300,3,4,GCN,101,114,14,0.6027340888977051,0.781879186630249,0.548412561416626,0.8120805621147156,True,100
syn-cora-h0.60-r1,StratifiedKFoldDynamic_Degree_b300,3,3,GCN,101,123,23,0.5099462866783142,0.8120805621147156,0.6006672978401184,0.7953020334243774,True,100
syn-cora-h0.60-r1,StratifiedKFoldDynamic_Degree_b300,3,5,GCN,100,117,17,0.5998015999794006,0.7785235047340393,0.5660526752471924,0.8020133972167969,True,100
syn-cora-h0.60-r1,StratifiedKFoldDynamic_Degree_b300,3,5,GCN,101,116,16,0.5964468717575073,0.7751677632331848,0.580615222454071,0.791946291923523,True,100
syn-cora-h0.60-r1,StratifiedKFoldDynamic_NeighHet_b300,3,2,GCN,100,119,19,0.4915211796760559,0.818791925907135,0.5240960717201233,0.818791925907135,True,100
syn-cora-h0.60-r1,StratifiedKFoldDynamic_NeighHet_b300,3,1,GCN,100,118,18,0.5319191813468933,0.8154362440109253,0.604350209236145,0.791946291923523,True,100
syn-cora-h0.60-r1,StratifiedKFoldDynamic_NeighHet_b300,3,1,GCN,101,119,19,0.536449670791626,0.8255033493041992,0.6017242670059204,0.8020133972167969,True,100
syn-cora-h0.60-r1,StratifiedKFoldDynamic_NeighHet_b300,3,2,GCN,101,123,23,0.4990292191505432,0.7986577153205872,0.54006427526474,0.8120805621147156,True,100
syn-cora-h0.60-r1,StratifiedKFoldDynamic_NeighHet_b300,3,3,GCN,100,116,16,0.5828131437301636,0.7785235047340393,0.5083671808242798,0.8120805621147156,True,100
syn-cora-h0.60-r1,StratifiedKFoldDynamic_NeighHet_b300,3,3,GCN,101,116,16,0.5938905477523804,0.7953020334243774,0.5185629725456238,0.818791925907135,True,100
syn-cora-h0.60-r1,StratifiedKFoldDynamic_NeighHet_b300,3,4,GCN,100,118,18,0.5578557252883911,0.781879186630249,0.5837392807006836,0.791946291923523,True,100
syn-cora-h0.60-r1,StratifiedKFoldDynamic_NeighHet_b300,3,4,GCN,101,117,17,0.5595422387123108,0.791946291923523,0.587074339389801,0.7785235047340393,True,100
syn-cora-h0.60-r1,StratifiedKFoldDynamic_NeighHet_b300,3,5,GCN,100,119,19,0.5934245586395264,0.7885906100273132,0.571483850479126,0.7785235047340393,True,100
syn-cora-h0.60-r1,StratifiedKFoldDynamic_NeighHet_b300,3,5,GCN,101,119,19,0.5935418605804443,0.7953020334243774,0.5770403146743774,0.781879186630249,True,100
syn-cora-h0.60-r1,StratifiedKFoldDynamic_PageRank_b300,3,2,GCN,100,114,14,0.6372748613357544,0.755033552646637,0.5659068822860718,0.8020133972167969,True,100
syn-cora-h0.60-r1,StratifiedKFoldDynamic_PageRank_b300,3,1,GCN,100,117,17,0.5747606754302979,0.8087248206138611,0.5300373435020447,0.8154362440109253,True,100
syn-cora-h0.60-r1,StratifiedKFoldDynamic_PageRank_b300,3,1,GCN,101,117,17,0.5708046555519104,0.8020133972167969,0.5341531038284302,0.7885906100273132,True,100
syn-cora-h0.60-r1,StratifiedKFoldDynamic_PageRank_b300,3,2,GCN,101,117,17,0.6283826231956482,0.7516778707504272,0.5542934536933899,0.8020133972167969,True,100
syn-cora-h0.60-r1,StratifiedKFoldDynamic_PageRank_b300,3,3,GCN,100,116,16,0.5189846158027649,0.8255033493041992,0.6262048482894897,0.7651006579399109,True,100
syn-cora-h0.60-r1,StratifiedKFoldDynamic_PageRank_b300,3,3,GCN,101,117,17,0.5246114134788513,0.8087248206138611,0.6172339916229248,0.7651006579399109,True,100
syn-cora-h0.60-r1,StratifiedKFoldDynamic_PageRank_b300,3,4,GCN,101,116,16,0.6149312257766724,0.8020133972167969,0.5503724813461304,0.8020133972167969,True,100
syn-cora-h0.60-r1,StratifiedKFoldDynamic_PageRank_b300,3,4,GCN,100,117,17,0.6026660203933716,0.7852349281311035,0.5459882616996765,0.8020133972167969,True,100
syn-cora-h0.60-r1,StratifiedKFoldDynamic_PageRank_b300,3,5,GCN,100,115,15,0.5387253761291504,0.8087248206138611,0.5965623259544373,0.8053691387176514,True,100
syn-cora-h0.60-r1,StratifiedKFoldDynamic_PageRank_b300,3,5,GCN,101,119,19,0.5501092672348022,0.791946291923523,0.6221351027488708,0.791946291923523,True,100
syn-cora-h0.60-r1,StratifiedKFoldDynamic_EigCentrality_b300,3,2,GCN,100,115,15,0.5698336362838745,0.8221476674079895,0.5645561218261719,0.8020133972167969,True,100
syn-cora-h0.60-r1,StratifiedKFoldDynamic_EigCentrality_b300,3,1,GCN,100,117,17,0.5470089316368103,0.7986577153205872,0.48301824927330017,0.8020133972167969,True,100
syn-cora-h0.60-r1,StratifiedKFoldDynamic_EigCentrality_b300,3,2,GCN,101,118,18,0.5718734860420227,0.8288590312004089,0.5881447792053223,0.7986577153205872,True,100
syn-cora-h0.60-r1,StratifiedKFoldDynamic_EigCentrality_b300,3,1,GCN,101,121,21,0.5582273602485657,0.8087248206138611,0.5048754215240479,0.7953020334243774,True,100
syn-cora-h0.60-r1,StratifiedKFoldDynamic_EigCentrality_b300,3,4,GCN,100,114,14,0.7015482783317566,0.7315436005592346,0.5617941617965698,0.7953020334243774,True,100
syn-cora-h0.60-r1,StratifiedKFoldDynamic_EigCentrality_b300,3,3,GCN,100,119,19,0.537261426448822,0.7953020334243774,0.5524302124977112,0.8154362440109253,True,100
syn-cora-h0.60-r1,StratifiedKFoldDynamic_EigCentrality_b300,3,3,GCN,101,118,18,0.5472469925880432,0.7953020334243774,0.5436526536941528,0.8322147727012634,True,100
syn-cora-h0.60-r1,StratifiedKFoldDynamic_EigCentrality_b300,3,4,GCN,101,114,14,0.696583092212677,0.7315436005592346,0.5823678970336914,0.7852349281311035,True,100
syn-cora-h0.60-r1,StratifiedKFoldDynamic_EigCentrality_b300,3,5,GCN,101,117,17,0.4749014973640442,0.8255033493041992,0.6775080561637878,0.7416107654571533,True,100
syn-cora-h0.60-r1,StratifiedKFoldDynamic_EigCentrality_b300,3,5,GCN,100,118,18,0.4665166735649109,0.818791925907135,0.6976545453071594,0.7416107654571533,True,100
syn-cora-h0.60-r1,StratifiedKFoldDynamic_Clustering_b300,3,1,GCN,100,118,18,0.562101423740387,0.7986577153205872,0.6205231547355652,0.7617449760437012,True,100
syn-cora-h0.60-r1,StratifiedKFoldDynamic_Clustering_b300,3,2,GCN,101,118,18,0.495635062456131,0.8422818779945374,0.5581256747245789,0.8020133972167969,True,100
syn-cora-h0.60-r1,StratifiedKFoldDynamic_Clustering_b300,3,1,GCN,101,119,19,0.5545920729637146,0.8020133972167969,0.613693118095398,0.7718120813369751,True,100
syn-cora-h0.60-r1,StratifiedKFoldDynamic_Clustering_b300,3,2,GCN,100,118,18,0.5030657649040222,0.8523489832878113,0.5494881272315979,0.8053691387176514,True,100
syn-cora-h0.60-r1,StratifiedKFoldDynamic_Clustering_b300,3,4,GCN,101,116,16,0.6496935486793518,0.7718120813369751,0.5394032597541809,0.7986577153205872,True,100
syn-cora-h0.60-r1,StratifiedKFoldDynamic_Clustering_b300,3,3,GCN,101,117,17,0.542094349861145,0.7986577153205872,0.5037142634391785,0.8422818779945374,True,100
syn-cora-h0.60-r1,StratifiedKFoldDynamic_Clustering_b300,3,3,GCN,100,118,18,0.5487273335456848,0.8020133972167969,0.4936067759990692,0.8523489832878113,True,100
syn-cora-h0.60-r1,StratifiedKFoldDynamic_Clustering_b300,3,4,GCN,100,117,17,0.6140357851982117,0.7785235047340393,0.5435057878494263,0.7953020334243774,True,100
syn-cora-h0.60-r1,StratifiedKFoldDynamic_Clustering_b300,3,5,GCN,100,115,15,0.6005570888519287,0.781879186630249,0.6266762018203735,0.7885906100273132,True,100
syn-cora-h0.60-r1,StratifiedKFoldDynamic_Clustering_b300,3,5,GCN,101,117,17,0.5971794128417969,0.7785235047340393,0.6563029885292053,0.7718120813369751,True,100
syn-cora-h0.60-r1,RandomKFold,4,1,GCN,100,115,15,0.5999383926391602,0.781879186630249,0.5772587060928345,0.7986577153205872,True,100
syn-cora-h0.60-r1,RandomKFold,4,2,GCN,101,118,18,0.5041310787200928,0.8221476674079895,0.6058591604232788,0.7684563994407654,True,100
syn-cora-h0.60-r1,RandomKFold,4,2,GCN,100,118,18,0.5132648944854736,0.8322147727012634,0.6001479625701904,0.781879186630249,True,100
syn-cora-h0.60-r1,RandomKFold,4,1,GCN,101,120,20,0.6107147932052612,0.7751677632331848,0.569904625415802,0.7986577153205872,True,100
syn-cora-h0.60-r1,RandomKFold,4,3,GCN,100,115,15,0.5705280900001526,0.791946291923523,0.5058408379554749,0.8456375598907471,True,100
syn-cora-h0.60-r1,RandomKFold,4,3,GCN,101,116,16,0.5751388072967529,0.8020133972167969,0.4903218746185303,0.8322147727012634,True,100
syn-cora-h0.60-r1,RandomKFold,4,4,GCN,101,117,17,0.592004120349884,0.7751677632331848,0.5903659462928772,0.7953020334243774,True,100
syn-cora-h0.60-r1,RandomKFold,4,4,GCN,100,121,21,0.5895867943763733,0.781879186630249,0.6039402484893799,0.7852349281311035,True,100
syn-cora-h0.60-r1,RandomKFold,4,5,GCN,100,115,15,0.5720041990280151,0.8087248206138611,0.5792100429534912,0.781879186630249,True,100
syn-cora-h0.60-r1,RandomKFold,4,5,GCN,101,120,20,0.5532019734382629,0.7953020334243774,0.5660287737846375,0.7885906100273132,True,100
syn-cora-h0.60-r1,LabelStratifiedKFold,4,2,GCN,100,115,15,0.5535168647766113,0.7885906100273132,0.5411978960037231,0.8020133972167969,True,100
syn-cora-h0.60-r1,LabelStratifiedKFold,4,2,GCN,101,118,18,0.5638993382453918,0.7953020334243774,0.5362325310707092,0.791946291923523,True,100
syn-cora-h0.60-r1,LabelStratifiedKFold,4,1,GCN,100,117,17,0.5628530383110046,0.8020133972167969,0.6473633050918579,0.7651006579399109,True,100
syn-cora-h0.60-r1,LabelStratifiedKFold,4,1,GCN,101,122,22,0.5604760646820068,0.7953020334243774,0.6688746213912964,0.7583892345428467,True,100
syn-cora-h0.60-r1,LabelStratifiedKFold,4,3,GCN,100,119,19,0.5301401615142822,0.818791925907135,0.5695355534553528,0.791946291923523,True,100
syn-cora-h0.60-r1,LabelStratifiedKFold,4,4,GCN,100,119,19,0.5787548422813416,0.7718120813369751,0.5420920252799988,0.8120805621147156,True,100
syn-cora-h0.60-r1,LabelStratifiedKFold,4,3,GCN,101,120,20,0.5142608880996704,0.8355704545974731,0.5551500916481018,0.7852349281311035,True,100
syn-cora-h0.60-r1,LabelStratifiedKFold,4,4,GCN,101,118,18,0.5984468460083008,0.7684563994407654,0.5326982140541077,0.8053691387176514,True,100
syn-cora-h0.60-r1,LabelStratifiedKFold,4,5,GCN,100,118,18,0.6101070642471313,0.7885906100273132,0.6043302416801453,0.7718120813369751,True,100
syn-cora-h0.60-r1,LabelStratifiedKFold,4,5,GCN,101,116,16,0.6078465580940247,0.7986577153205872,0.6190944910049438,0.7718120813369751,True,100
syn-cora-h0.60-r1,StratifiedKFoldDynamic_Degree_b300,4,1,GCN,100,117,17,0.593446671962738,0.7885906100273132,0.6031534671783447,0.7751677632331848,True,100
syn-cora-h0.60-r1,StratifiedKFoldDynamic_Degree_b300,4,1,GCN,101,117,17,0.6039206981658936,0.7751677632331848,0.601733386516571,0.7583892345428467,True,100
syn-cora-h0.60-r1,StratifiedKFoldDynamic_Degree_b300,4,2,GCN,100,118,18,0.5547733306884766,0.7751677632331848,0.6135484576225281,0.7885906100273132,True,100
syn-cora-h0.60-r1,StratifiedKFoldDynamic_Degree_b300,4,2,GCN,101,121,21,0.5620343685150146,0.7785235047340393,0.6162310838699341,0.791946291923523,True,100
syn-cora-h0.60-r1,StratifiedKFoldDynamic_Degree_b300,4,4,GCN,100,116,16,0.6259145736694336,0.7684563994407654,0.4346536695957184,0.8691275119781494,True,100
syn-cora-h0.60-r1,StratifiedKFoldDynamic_Degree_b300,4,3,GCN,100,119,19,0.4088587462902069,0.8892617225646973,0.5441789627075195,0.8053691387176514,True,100
syn-cora-h0.60-r1,StratifiedKFoldDynamic_Degree_b300,4,4,GCN,101,115,15,0.6205188035964966,0.7751677632331848,0.4406205713748932,0.8791946172714233,True,100
syn-cora-h0.60-r1,StratifiedKFoldDynamic_Degree_b300,4,3,GCN,101,123,23,0.42149707674980164,0.8724831938743591,0.5610178112983704,0.791946291923523,True,100
syn-cora-h0.60-r1,StratifiedKFoldDynamic_Degree_b300,4,5,GCN,100,118,18,0.6122764348983765,0.7751677632331848,0.6543907523155212,0.744966447353363,True,100
syn-cora-h0.60-r1,StratifiedKFoldDynamic_Degree_b300,4,5,GCN,101,119,19,0.6077645421028137,0.7651006579399109,0.6483540534973145,0.7382550239562988,True,100
syn-cora-h0.60-r1,StratifiedKFoldDynamic_NeighHet_b300,4,1,GCN,100,115,15,0.5908933281898499,0.791946291923523,0.5731351971626282,0.7852349281311035,True,100
syn-cora-h0.60-r1,StratifiedKFoldDynamic_NeighHet_b300,4,1,GCN,101,119,19,0.5908342599868774,0.7751677632331848,0.5677745938301086,0.7953020334243774,True,100
syn-cora-h0.60-r1,StratifiedKFoldDynamic_NeighHet_b300,4,2,GCN,100,120,20,0.564465343952179,0.7751677632331848,0.6042821407318115,0.8020133972167969,True,100
syn-cora-h0.60-r1,StratifiedKFoldDynamic_NeighHet_b300,4,2,GCN,101,119,19,0.5805473923683167,0.791946291923523,0.5911566019058228,0.781879186630249,True,100
syn-cora-h0.60-r1,StratifiedKFoldDynamic_NeighHet_b300,4,3,GCN,100,117,17,0.49511000514030457,0.8255033493041992,0.5764922499656677,0.7852349281311035,True,100
syn-cora-h0.60-r1,StratifiedKFoldDynamic_NeighHet_b300,4,3,GCN,101,117,17,0.5071900486946106,0.8020133972167969,0.5838615298271179,0.7885906100273132,True,100
syn-cora-h0.60-r1,StratifiedKFoldDynamic_NeighHet_b300,4,4,GCN,100,117,17,0.5669347047805786,0.7953020334243774,0.5048804879188538,0.8154362440109253,True,100
syn-cora-h0.60-r1,StratifiedKFoldDynamic_NeighHet_b300,4,4,GCN,101,116,16,0.5681499242782593,0.7986577153205872,0.5184480547904968,0.8120805621147156,True,100
syn-cora-h0.60-r1,StratifiedKFoldDynamic_NeighHet_b300,4,5,GCN,100,117,17,0.5659172534942627,0.7852349281311035,0.5753579139709473,0.7953020334243774,True,100
syn-cora-h0.60-r1,StratifiedKFoldDynamic_NeighHet_b300,4,5,GCN,101,120,20,0.5546332001686096,0.7986577153205872,0.5678570866584778,0.7986577153205872,True,100
syn-cora-h0.60-r1,StratifiedKFoldDynamic_PageRank_b300,4,2,GCN,100,119,19,0.4933764934539795,0.8154362440109253,0.5589454770088196,0.791946291923523,True,100
syn-cora-h0.60-r1,StratifiedKFoldDynamic_PageRank_b300,4,1,GCN,100,117,17,0.5915390253067017,0.781879186630249,0.5973559617996216,0.7785235047340393,True,100
syn-cora-h0.60-r1,StratifiedKFoldDynamic_PageRank_b300,4,1,GCN,101,116,16,0.5951133370399475,0.7885906100273132,0.5973804593086243,0.7785235047340393,True,100
syn-cora-h0.60-r1,StratifiedKFoldDynamic_PageRank_b300,4,2,GCN,101,117,17,0.509291410446167,0.8154362440109253,0.5651925802230835,0.791946291923523,True,100
syn-cora-h0.60-r1,StratifiedKFoldDynamic_PageRank_b300,4,3,GCN,101,117,17,0.5842137932777405,0.8020133972167969,0.5464266538619995,0.7986577153205872,True,100
syn-cora-h0.60-r1,StratifiedKFoldDynamic_PageRank_b300,4,4,GCN,100,115,15,0.5876830816268921,0.781879186630249,0.5886099338531494,0.7986577153205872,True,100
syn-cora-h0.60-r1,StratifiedKFoldDynamic_PageRank_b300,4,3,GCN,100,119,19,0.5726922750473022,0.8053691387176514,0.5375971794128418,0.8221476674079895,True,100
syn-cora-h0.60-r1,StratifiedKFoldDynamic_PageRank_b300,4,4,GCN,101,117,17,0.6101500391960144,0.781879186630249,0.5807593464851379,0.7953020334243774,True,100
syn-cora-h0.60-r1,StratifiedKFoldDynamic_PageRank_b300,4,5,GCN,101,116,16,0.5947834253311157,0.7986577153205872,0.5988323092460632,0.7953020334243774,True,100
syn-cora-h0.60-r1,StratifiedKFoldDynamic_PageRank_b300,4,5,GCN,100,116,16,0.5847809314727783,0.8020133972167969,0.5711274743080139,0.8020133972167969,True,100
syn-cora-h0.60-r1,StratifiedKFoldDynamic_EigCentrality_b300,4,2,GCN,100,117,17,0.539985716342926,0.7986577153205872,0.5923634767532349,0.7953020334243774,True,100
syn-cora-h0.60-r1,StratifiedKFoldDynamic_EigCentrality_b300,4,2,GCN,101,118,18,0.5424514412879944,0.8053691387176514,0.6316176056861877,0.781879186630249,True,100
syn-cora-h0.60-r1,StratifiedKFoldDynamic_EigCentrality_b300,4,1,GCN,101,118,18,0.6171538829803467,0.7617449760437012,0.5134484767913818,0.7986577153205872,True,100
syn-cora-h0.60-r1,StratifiedKFoldDynamic_EigCentrality_b300,4,1,GCN,100,117,17,0.593310534954071,0.7651006579399109,0.5155921578407288,0.8087248206138611,True,100
syn-cora-h0.60-r1,StratifiedKFoldDynamic_EigCentrality_b300,4,3,GCN,101,117,17,0.5949625372886658,0.7885906100273132,0.5626484751701355,0.8120805621147156,True,100
syn-cora-h0.60-r1,StratifiedKFoldDynamic_EigCentrality_b300,4,3,GCN,100,119,19,0.5846438407897949,0.7852349281311035,0.567893922328949,0.8120805621147156,True,100
syn-cora-h0.60-r1,StratifiedKFoldDynamic_EigCentrality_b300,4,4,GCN,101,117,17,0.596717894077301,0.791946291923523,0.5885887145996094,0.781879186630249,True,100
syn-cora-h0.60-r1,StratifiedKFoldDynamic_EigCentrality_b300,4,4,GCN,100,118,18,0.6050829887390137,0.781879186630249,0.5762800574302673,0.7953020334243774,True,100
syn-cora-h0.60-r1,StratifiedKFoldDynamic_EigCentrality_b300,4,5,GCN,100,119,19,0.5197896957397461,0.8154362440109253,0.5943883061408997,0.8053691387176514,True,100
syn-cora-h0.60-r1,StratifiedKFoldDynamic_EigCentrality_b300,4,5,GCN,101,121,21,0.5152288675308228,0.8154362440109253,0.5867177248001099,0.8020133972167969,True,100
syn-cora-h0.60-r1,StratifiedKFoldDynamic_Clustering_b300,4,2,GCN,100,117,17,0.5837845206260681,0.7986577153205872,0.5192240476608276,0.8053691387176514,True,100
syn-cora-h0.60-r1,StratifiedKFoldDynamic_Clustering_b300,4,1,GCN,100,118,18,0.4913043975830078,0.8389261960983276,0.6295828819274902,0.7885906100273132,True,100
syn-cora-h0.60-r1,StratifiedKFoldDynamic_Clustering_b300,4,2,GCN,101,117,17,0.5699273347854614,0.7885906100273132,0.528986930847168,0.8087248206138611,True,100
syn-cora-h0.60-r1,StratifiedKFoldDynamic_Clustering_b300,4,1,GCN,101,120,20,0.5061006546020508,0.8288590312004089,0.6414763927459717,0.781879186630249,True,100
syn-cora-h0.60-r1,StratifiedKFoldDynamic_Clustering_b300,4,3,GCN,100,117,17,0.5628688931465149,0.818791925907135,0.5938183069229126,0.7651006579399109,True,100
syn-cora-h0.60-r1,StratifiedKFoldDynamic_Clustering_b300,4,4,GCN,100,115,15,0.5870791673660278,0.781879186630249,0.5792936086654663,0.7852349281311035,True,100
syn-cora-h0.60-r1,StratifiedKFoldDynamic_Clustering_b300,4,3,GCN,101,118,18,0.5625876188278198,0.7953020334243774,0.5932697057723999,0.7785235047340393,True,100
syn-cora-h0.60-r1,StratifiedKFoldDynamic_Clustering_b300,4,4,GCN,101,117,17,0.616383969783783,0.7617449760437012,0.5858591794967651,0.781879186630249,True,100
syn-cora-h0.60-r1,StratifiedKFoldDynamic_Clustering_b300,4,5,GCN,100,119,19,0.6234397888183594,0.781879186630249,0.595192015171051,0.7751677632331848,True,100
syn-cora-h0.60-r1,StratifiedKFoldDynamic_Clustering_b300,4,5,GCN,101,118,18,0.6293627023696899,0.7617449760437012,0.610589861869812,0.7617449760437012,True,100
syn-cora-h0.70-r1,RandomKFold,0,2,GCN,101,120,20,0.3385426104068756,0.8892617225646973,0.38373273611068726,0.8724831938743591,True,100
syn-cora-h0.70-r1,RandomKFold,0,1,GCN,100,116,16,0.3796650171279907,0.8590604066848755,0.43942439556121826,0.8456375598907471,True,100
syn-cora-h0.70-r1,RandomKFold,0,1,GCN,101,120,20,0.392592191696167,0.8791946172714233,0.4412609934806824,0.8456375598907471,True,100
syn-cora-h0.70-r1,RandomKFold,0,2,GCN,100,120,20,0.3392813205718994,0.8859060406684875,0.3761866092681885,0.8624160885810852,True,100
syn-cora-h0.70-r1,RandomKFold,0,3,GCN,101,117,17,0.36908477544784546,0.8724831938743591,0.33240219950675964,0.8959731459617615,True,100
syn-cora-h0.70-r1,RandomKFold,0,4,GCN,101,116,16,0.4367543160915375,0.8489933013916016,0.38091155886650085,0.8489933013916016,True,100
syn-cora-h0.70-r1,RandomKFold,0,4,GCN,100,117,17,0.4221492111682892,0.8523489832878113,0.3840008080005646,0.8389261960983276,True,100
syn-cora-h0.70-r1,RandomKFold,0,3,GCN,100,120,20,0.3719739317893982,0.8523489832878113,0.3271552622318268,0.8926174640655518,True,100
syn-cora-h0.70-r1,RandomKFold,0,5,GCN,100,119,19,0.4561741352081299,0.8355704545974731,0.4265448749065399,0.8657718300819397,True,100
syn-cora-h0.70-r1,RandomKFold,0,5,GCN,101,137,37,0.4403477609157562,0.8422818779945374,0.4534219801425934,0.8489933013916016,True,100
syn-cora-h0.70-r1,LabelStratifiedKFold,0,2,GCN,100,115,15,0.4919336438179016,0.8389261960983276,0.4075571596622467,0.8557047247886658,True,100
syn-cora-h0.70-r1,LabelStratifiedKFold,0,2,GCN,101,116,16,0.4948039650917053,0.8288590312004089,0.40335363149642944,0.8657718300819397,True,100
syn-cora-h0.70-r1,LabelStratifiedKFold,0,1,GCN,100,119,19,0.4018975496292114,0.8523489832878113,0.3758435845375061,0.8657718300819397,True,100
syn-cora-h0.70-r1,LabelStratifiedKFold,0,1,GCN,101,121,21,0.40253695845603943,0.8590604066848755,0.3854052424430847,0.8724831938743591,True,100
syn-cora-h0.70-r1,LabelStratifiedKFold,0,3,GCN,101,120,20,0.2987709045410156,0.8892617225646973,0.5216311812400818,0.7986577153205872,True,100
syn-cora-h0.70-r1,LabelStratifiedKFold,0,4,GCN,100,119,19,0.37798911333084106,0.8557047247886658,0.2886918783187866,0.9127516746520996,True,100
syn-cora-h0.70-r1,LabelStratifiedKFold,0,4,GCN,101,118,18,0.3770129680633545,0.8724831938743591,0.2819598913192749,0.9093959927558899,True,100
syn-cora-h0.70-r1,LabelStratifiedKFold,0,3,GCN,100,125,25,0.29690760374069214,0.8926174640655518,0.554399311542511,0.8087248206138611,True,100
syn-cora-h0.70-r1,LabelStratifiedKFold,0,5,GCN,100,119,19,0.3751842975616455,0.8859060406684875,0.3859550654888153,0.8590604066848755,True,100
syn-cora-h0.70-r1,LabelStratifiedKFold,0,5,GCN,101,121,21,0.3769152760505676,0.8657718300819397,0.38117143511772156,0.8691275119781494,True,100
syn-cora-h0.70-r1,StratifiedKFoldDynamic_Degree_b300,0,1,GCN,101,116,16,0.5015650987625122,0.8389261960983276,0.34914717078208923,0.8691275119781494,True,100
syn-cora-h0.70-r1,StratifiedKFoldDynamic_Degree_b300,0,1,GCN,100,116,16,0.5171364545822144,0.8322147727012634,0.3460630774497986,0.8825503587722778,True,100
syn-cora-h0.70-r1,StratifiedKFoldDynamic_Degree_b300,0,2,GCN,100,119,19,0.3443962037563324,0.8724831938743591,0.5300770401954651,0.8288590312004089,True,100
syn-cora-h0.70-r1,StratifiedKFoldDynamic_Degree_b300,0,2,GCN,101,123,23,0.34948232769966125,0.8859060406684875,0.5373756289482117,0.8255033493041992,True,100
syn-cora-h0.70-r1,StratifiedKFoldDynamic_Degree_b300,0,3,GCN,100,121,21,0.3152243196964264,0.8859060406684875,0.33369016647338867,0.8825503587722778,True,100
syn-cora-h0.70-r1,StratifiedKFoldDynamic_Degree_b300,0,3,GCN,101,120,20,0.3065022826194763,0.8892617225646973,0.3523518443107605,0.8859060406684875,True,100
syn-cora-h0.70-r1,StratifiedKFoldDynamic_Degree_b300,0,4,GCN,101,119,19,0.3851180374622345,0.8590604066848755,0.33059215545654297,0.8892617225646973,True,100
syn-cora-h0.70-r1,StratifiedKFoldDynamic_Degree_b300,0,4,GCN,100,121,21,0.38120636343955994,0.8489933013916016,0.35222113132476807,0.8724831938743591,True,100
syn-cora-h0.70-r1,StratifiedKFoldDynamic_Degree_b300,0,5,GCN,101,119,19,0.35004693269729614,0.8791946172714233,0.3718128204345703,0.8624160885810852,True,100
syn-cora-h0.70-r1,StratifiedKFoldDynamic_Degree_b300,0,5,GCN,100,120,20,0.3594769537448883,0.8691275119781494,0.3582756519317627,0.8657718300819397,True,100
syn-cora-h0.70-r1,StratifiedKFoldDynamic_NeighHet_b300,0,2,GCN,101,117,17,0.3514418303966522,0.8859060406684875,0.3654025197029114,0.8624160885810852,True,100
syn-cora-h0.70-r1,StratifiedKFoldDynamic_NeighHet_b300,0,1,GCN,100,120,20,0.36452221870422363,0.8590604066848755,0.41442543268203735,0.8624160885810852,True,100
syn-cora-h0.70-r1,StratifiedKFoldDynamic_NeighHet_b300,0,2,GCN,100,119,19,0.3535502552986145,0.8691275119781494,0.3601198196411133,0.8557047247886658,True,100
syn-cora-h0.70-r1,StratifiedKFoldDynamic_NeighHet_b300,0,1,GCN,101,125,25,0.3691960871219635,0.8590604066848755,0.4279896914958954,0.8624160885810852,True,100
syn-cora-h0.70-r1,StratifiedKFoldDynamic_NeighHet_b300,0,3,GCN,100,119,19,0.39394843578338623,0.8791946172714233,0.36646977066993713,0.8691275119781494,True,100
syn-cora-h0.70-r1,StratifiedKFoldDynamic_NeighHet_b300,0,3,GCN,101,121,21,0.4090151786804199,0.8691275119781494,0.36979901790618896,0.8691275119781494,True,100
syn-cora-h0.70-r1,StratifiedKFoldDynamic_NeighHet_b300,0,4,GCN,100,123,23,0.38764023780822754,0.8557047247886658,0.4176684021949768,0.8624160885810852,True,100
syn-cora-h0.70-r1,StratifiedKFoldDynamic_NeighHet_b300,0,4,GCN,101,121,21,0.3861694633960724,0.8657718300819397,0.4263037145137787,0.8523489832878113,True,100
syn-cora-h0.70-r1,StratifiedKFoldDynamic_NeighHet_b300,0,5,GCN,100,118,18,0.41592925786972046,0.8557047247886658,0.3964548707008362,0.8590604066848755,True,100
syn-cora-h0.70-r1,StratifiedKFoldDynamic_NeighHet_b300,0,5,GCN,101,117,17,0.4093378484249115,0.8590604066848755,0.38067716360092163,0.8758389353752136,True,100
syn-cora-h0.70-r1,StratifiedKFoldDynamic_PageRank_b300,0,1,GCN,101,116,16,0.4462440013885498,0.818791925907135,0.3577960431575775,0.8825503587722778,True,100
syn-cora-h0.70-r1,StratifiedKFoldDynamic_PageRank_b300,0,1,GCN,100,119,19,0.44383931159973145,0.8355704545974731,0.34493184089660645,0.8724831938743591,True,100
syn-cora-h0.70-r1,StratifiedKFoldDynamic_PageRank_b300,0,2,GCN,101,130,30,0.36700502038002014,0.8892617225646973,0.4563536047935486,0.8489933013916016,True,100
syn-cora-h0.70-r1,StratifiedKFoldDynamic_PageRank_b300,0,2,GCN,100,139,39,0.35450777411460876,0.8859060406684875,0.4838636815547943,0.8322147727012634,True,100
syn-cora-h0.70-r1,StratifiedKFoldDynamic_PageRank_b300,0,3,GCN,100,115,15,0.46179354190826416,0.8456375598907471,0.4257179796695709,0.8724831938743591,True,100
syn-cora-h0.70-r1,StratifiedKFoldDynamic_PageRank_b300,0,3,GCN,101,116,16,0.43925952911376953,0.8389261960983276,0.42912033200263977,0.8523489832878113,True,100
syn-cora-h0.70-r1,StratifiedKFoldDynamic_PageRank_b300,0,4,GCN,100,120,20,0.3503156900405884,0.8825503587722778,0.4575876295566559,0.8389261960983276,True,100
syn-cora-h0.70-r1,StratifiedKFoldDynamic_PageRank_b300,0,4,GCN,101,133,33,0.34812119603157043,0.8926174640655518,0.4880870282649994,0.8422818779945374,True,100
syn-cora-h0.70-r1,StratifiedKFoldDynamic_PageRank_b300,0,5,GCN,100,118,18,0.3403400182723999,0.8959731459617615,0.3477318286895752,0.8791946172714233,True,100
syn-cora-h0.70-r1,StratifiedKFoldDynamic_PageRank_b300,0,5,GCN,101,124,24,0.3399266302585602,0.8892617225646973,0.3342396914958954,0.8825503587722778,True,100
syn-cora-h0.70-r1,StratifiedKFoldDynamic_EigCentrality_b300,0,1,GCN,100,119,19,0.321426123380661,0.8892617225646973,0.3781261444091797,0.8791946172714233,True,100
syn-cora-h0.70-r1,StratifiedKFoldDynamic_EigCentrality_b300,0,1,GCN,101,118,18,0.31441375613212585,0.8926174640655518,0.3812921643257141,0.8657718300819397,True,100
syn-cora-h0.70-r1,StratifiedKFoldDynamic_EigCentrality_b300,0,2,GCN,100,120,20,0.36334919929504395,0.8624160885810852,0.31776487827301025,0.8825503587722778,True,100
syn-cora-h0.70-r1,StratifiedKFoldDynamic_EigCentrality_b300,0,2,GCN,101,124,24,0.38103166222572327,0.8523489832878113,0.3125719130039215,0.8859060406684875,True,100
syn-cora-h0.70-r1,StratifiedKFoldDynamic_EigCentrality_b300,0,3,GCN,100,119,19,0.3922312259674072,0.8758389353752136,0.3661126494407654,0.8758389353752136,True,100
syn-cora-h0.70-r1,StratifiedKFoldDynamic_EigCentrality_b300,0,4,GCN,100,115,15,0.4473039209842682,0.8422818779945374,0.38866373896598816,0.8557047247886658,True,100
syn-cora-h0.70-r1,StratifiedKFoldDynamic_EigCentrality_b300,0,3,GCN,101,120,20,0.3865449130535126,0.8691275119781494,0.3844032287597656,0.8724831938743591,True,100
syn-cora-h0.70-r1,StratifiedKFoldDynamic_EigCentrality_b300,0,4,GCN,101,116,16,0.4347260296344757,0.8590604066848755,0.3874470889568329,0.8724831938743591,True,100
syn-cora-h0.70-r1,StratifiedKFoldDynamic_EigCentrality_b300,0,5,GCN,101,128,28,0.35523998737335205,0.8791946172714233,0.5008155703544617,0.8255033493041992,True,100
syn-cora-h0.70-r1,StratifiedKFoldDynamic_EigCentrality_b300,0,5,GCN,100,140,40,0.3595791459083557,0.8758389353752136,0.5230264663696289,0.8322147727012634,True,100
syn-cora-h0.70-r1,StratifiedKFoldDynamic_Clustering_b300,0,1,GCN,100,118,18,0.3514513671398163,0.8724831938743591,0.37829217314720154,0.8523489832878113,True,100
syn-cora-h0.70-r1,StratifiedKFoldDynamic_Clustering_b300,0,2,GCN,100,120,20,0.33409518003463745,0.8691275119781494,0.3475078046321869,0.8657718300819397,True,100
syn-cora-h0.70-r1,StratifiedKFoldDynamic_Clustering_b300,0,2,GCN,101,122,22,0.3359794616699219,0.8724831938743591,0.3511110246181488,0.8825503587722778,True,100
syn-cora-h0.70-r1,StratifiedKFoldDynamic_Clustering_b300,0,1,GCN,101,126,26,0.3538007140159607,0.8791946172714233,0.4130118489265442,0.8389261960983276,True,100
syn-cora-h0.70-r1,StratifiedKFoldDynamic_Clustering_b300,0,3,GCN,101,117,17,0.4216136634349823,0.8523489832878113,0.3195786774158478,0.8859060406684875,True,100
syn-cora-h0.70-r1,StratifiedKFoldDynamic_Clustering_b300,0,4,GCN,100,116,16,0.4245794117450714,0.8624160885810852,0.452237993478775,0.8389261960983276,True,100
syn-cora-h0.70-r1,StratifiedKFoldDynamic_Clustering_b300,0,4,GCN,101,120,20,0.4046260416507721,0.8624160885810852,0.44888797402381897,0.8557047247886658,True,100
syn-cora-h0.70-r1,StratifiedKFoldDynamic_Clustering_b300,0,3,GCN,100,145,45,0.4178834855556488,0.8489933013916016,0.34669229388237,0.8724831938743591,True,100
syn-cora-h0.70-r1,StratifiedKFoldDynamic_Clustering_b300,0,5,GCN,100,116,16,0.3830185830593109,0.8523489832878113,0.4207797348499298,0.8590604066848755,True,100
syn-cora-h0.70-r1,StratifiedKFoldDynamic_Clustering_b300,0,5,GCN,101,120,20,0.39374861121177673,0.8691275119781494,0.40511804819107056,0.8590604066848755,True,100
syn-cora-h0.70-r1,RandomKFold,1,1,GCN,100,118,18,0.4035283029079437,0.8523489832878113,0.4063456356525421,0.8590604066848755,True,100
syn-cora-h0.70-r1,RandomKFold,1,2,GCN,100,119,19,0.39457666873931885,0.8523489832878113,0.3812635838985443,0.8691275119781494,True,100
syn-cora-h0.70-r1,RandomKFold,1,2,GCN,101,119,19,0.3969908058643341,0.8590604066848755,0.36666879057884216,0.8724831938743591,True,100
syn-cora-h0.70-r1,RandomKFold,1,1,GCN,101,126,26,0.38690170645713806,0.8557047247886658,0.4041914939880371,0.8624160885810852,True,100
syn-cora-h0.70-r1,RandomKFold,1,3,GCN,100,115,15,0.4320543110370636,0.8389261960983276,0.40659379959106445,0.8355704545974731,True,100
syn-cora-h0.70-r1,RandomKFold,1,3,GCN,101,118,18,0.43358227610588074,0.8489933013916016,0.4053660035133362,0.8489933013916016,True,100
syn-cora-h0.70-r1,RandomKFold,1,4,GCN,100,124,24,0.2551725506782532,0.9161073565483093,0.44386884570121765,0.8389261960983276,True,100
syn-cora-h0.70-r1,RandomKFold,1,4,GCN,101,122,22,0.2624407410621643,0.9026845693588257,0.44475945830345154,0.8456375598907471,True,100
syn-cora-h0.70-r1,RandomKFold,1,5,GCN,100,122,22,0.4038442373275757,0.8657718300819397,0.28822681307792664,0.899328887462616,True,100
syn-cora-h0.70-r1,RandomKFold,1,5,GCN,101,120,20,0.4011220932006836,0.8590604066848755,0.2954649031162262,0.9060402512550354,True,100
syn-cora-h0.70-r1,LabelStratifiedKFold,1,1,GCN,100,115,15,0.3853996992111206,0.8590604066848755,0.3727544844150543,0.8691275119781494,True,100
syn-cora-h0.70-r1,LabelStratifiedKFold,1,2,GCN,100,120,20,0.3841962218284607,0.8590604066848755,0.3622018098831177,0.8691275119781494,True,100
syn-cora-h0.70-r1,LabelStratifiedKFold,1,1,GCN,101,117,17,0.37687140703201294,0.8456375598907471,0.380326509475708,0.8724831938743591,True,100
syn-cora-h0.70-r1,LabelStratifiedKFold,1,2,GCN,101,122,22,0.37270230054855347,0.8825503587722778,0.34975025057792664,0.8624160885810852,True,100
syn-cora-h0.70-r1,LabelStratifiedKFold,1,3,GCN,100,122,22,0.379841685295105,0.8691275119781494,0.41143569350242615,0.8523489832878113,True,100
syn-cora-h0.70-r1,LabelStratifiedKFold,1,4,GCN,100,116,16,0.41026315093040466,0.8859060406684875,0.38716843724250793,0.8657718300819397,True,100
syn-cora-h0.70-r1,LabelStratifiedKFold,1,4,GCN,101,116,16,0.4080672860145569,0.8758389353752136,0.38901564478874207,0.8724831938743591,True,100
syn-cora-h0.70-r1,LabelStratifiedKFold,1,3,GCN,101,119,19,0.3821541368961334,0.8758389353752136,0.39894789457321167,0.8724831938743591,True,100
syn-cora-h0.70-r1,LabelStratifiedKFold,1,5,GCN,100,118,18,0.3503105938434601,0.8624160885810852,0.39020323753356934,0.8926174640655518,True,100
syn-cora-h0.70-r1,LabelStratifiedKFold,1,5,GCN,101,125,25,0.3638395071029663,0.8758389353752136,0.40620872378349304,0.8758389353752136,True,100
syn-cora-h0.70-r1,StratifiedKFoldDynamic_Degree_b300,1,1,GCN,100,116,16,0.42250028252601624,0.8489933013916016,0.3926679491996765,0.8859060406684875,True,100
syn-cora-h0.70-r1,StratifiedKFoldDynamic_Degree_b300,1,2,GCN,101,117,17,0.3541025221347809,0.8825503587722778,0.4160473644733429,0.8557047247886658,True,100
syn-cora-h0.70-r1,StratifiedKFoldDynamic_Degree_b300,1,2,GCN,100,119,19,0.3607870638370514,0.8791946172714233,0.4102022051811218,0.8489933013916016,True,100
syn-cora-h0.70-r1,StratifiedKFoldDynamic_Degree_b300,1,1,GCN,101,118,18,0.43604776263237,0.8590604066848755,0.3970063626766205,0.8825503587722778,True,100
syn-cora-h0.70-r1,StratifiedKFoldDynamic_Degree_b300,1,3,GCN,101,119,19,0.35667717456817627,0.8523489832878113,0.36687883734703064,0.8724831938743591,True,100
syn-cora-h0.70-r1,StratifiedKFoldDynamic_Degree_b300,1,3,GCN,100,123,23,0.36500486731529236,0.8422818779945374,0.3810882866382599,0.8691275119781494,True,100
syn-cora-h0.70-r1,StratifiedKFoldDynamic_Degree_b300,1,4,GCN,100,120,20,0.36660587787628174,0.8624160885810852,0.3647057116031647,0.8489933013916016,True,100
syn-cora-h0.70-r1,StratifiedKFoldDynamic_Degree_b300,1,4,GCN,101,122,22,0.36425942182540894,0.8825503587722778,0.3538196086883545,0.8657718300819397,True,100
syn-cora-h0.70-r1,StratifiedKFoldDynamic_Degree_b300,1,5,GCN,100,119,19,0.38949093222618103,0.8791946172714233,0.3760150969028473,0.8624160885810852,True,100
syn-cora-h0.70-r1,StratifiedKFoldDynamic_Degree_b300,1,5,GCN,101,153,53,0.3836558163166046,0.8859060406684875,0.3898090124130249,0.8657718300819397,True,100
syn-cora-h0.70-r1,StratifiedKFoldDynamic_NeighHet_b300,1,1,GCN,101,117,17,0.4178738296031952,0.8355704545974731,0.3849315047264099,0.8657718300819397,True,100
syn-cora-h0.70-r1,StratifiedKFoldDynamic_NeighHet_b300,1,1,GCN,100,115,15,0.423340380191803,0.8422818779945374,0.39491894841194153,0.8624160885810852,True,100
syn-cora-h0.70-r1,StratifiedKFoldDynamic_NeighHet_b300,1,2,GCN,101,125,25,0.3402855694293976,0.8523489832878113,0.39911699295043945,0.8624160885810852,True,100
syn-cora-h0.70-r1,StratifiedKFoldDynamic_NeighHet_b300,1,2,GCN,100,124,24,0.3430596888065338,0.8523489832878113,0.40424180030822754,0.8590604066848755,True,100
syn-cora-h0.70-r1,StratifiedKFoldDynamic_NeighHet_b300,1,3,GCN,100,119,19,0.3623102605342865,0.8691275119781494,0.3326858878135681,0.8691275119781494,True,100
syn-cora-h0.70-r1,StratifiedKFoldDynamic_NeighHet_b300,1,3,GCN,101,121,21,0.36147990822792053,0.8691275119781494,0.33205750584602356,0.8590604066848755,True,100
syn-cora-h0.70-r1,StratifiedKFoldDynamic_NeighHet_b300,1,4,GCN,100,115,15,0.43790435791015625,0.8557047247886658,0.38390234112739563,0.8691275119781494,True,100
syn-cora-h0.70-r1,StratifiedKFoldDynamic_NeighHet_b300,1,4,GCN,101,119,19,0.4351940155029297,0.8557047247886658,0.38432466983795166,0.8624160885810852,True,100
syn-cora-h0.70-r1,StratifiedKFoldDynamic_NeighHet_b300,1,5,GCN,100,120,20,0.362897664308548,0.8624160885810852,0.432820200920105,0.8489933013916016,True,100
syn-cora-h0.70-r1,StratifiedKFoldDynamic_NeighHet_b300,1,5,GCN,101,122,22,0.35921427607536316,0.8724831938743591,0.42560675740242004,0.8557047247886658,True,100
syn-cora-h0.70-r1,StratifiedKFoldDynamic_PageRank_b300,1,1,GCN,101,118,18,0.39817777276039124,0.8523489832878113,0.32121241092681885,0.8959731459617615,True,100
syn-cora-h0.70-r1,StratifiedKFoldDynamic_PageRank_b300,1,1,GCN,100,115,15,0.39922988414764404,0.8389261960983276,0.32310786843299866,0.899328887462616,True,100
syn-cora-h0.70-r1,StratifiedKFoldDynamic_PageRank_b300,1,2,GCN,101,116,16,0.39475351572036743,0.8859060406684875,0.3819786310195923,0.8624160885810852,True,100
syn-cora-h0.70-r1,StratifiedKFoldDynamic_PageRank_b300,1,2,GCN,100,117,17,0.39410412311553955,0.8892617225646973,0.38489845395088196,0.8422818779945374,True,100
syn-cora-h0.70-r1,StratifiedKFoldDynamic_PageRank_b300,1,4,GCN,100,116,16,0.46171995997428894,0.8322147727012634,0.40437066555023193,0.8590604066848755,True,100
syn-cora-h0.70-r1,StratifiedKFoldDynamic_PageRank_b300,1,3,GCN,100,118,18,0.4032575190067291,0.8489933013916016,0.39433151483535767,0.8825503587722778,True,100
syn-cora-h0.70-r1,StratifiedKFoldDynamic_PageRank_b300,1,3,GCN,101,118,18,0.4068831205368042,0.8557047247886658,0.3920127749443054,0.8724831938743591,True,100
syn-cora-h0.70-r1,StratifiedKFoldDynamic_PageRank_b300,1,4,GCN,101,120,20,0.4650374948978424,0.8422818779945374,0.4111960232257843,0.8557047247886658,True,100
syn-cora-h0.70-r1,StratifiedKFoldDynamic_PageRank_b300,1,5,GCN,100,119,19,0.32231542468070984,0.8859060406684875,0.4847722351551056,0.8489933013916016,True,100
syn-cora-h0.70-r1,StratifiedKFoldDynamic_PageRank_b300,1,5,GCN,101,119,19,0.3262542188167572,0.8791946172714233,0.4799744784832001,0.8355704545974731,True,100
syn-cora-h0.70-r1,StratifiedKFoldDynamic_EigCentrality_b300,1,1,GCN,100,115,15,0.3764798641204834,0.8590604066848755,0.3506588041782379,0.8892617225646973,True,100
syn-cora-h0.70-r1,StratifiedKFoldDynamic_EigCentrality_b300,1,1,GCN,101,117,17,0.385250449180603,0.8691275119781494,0.3579607307910919,0.8791946172714233,True,100
syn-cora-h0.70-r1,StratifiedKFoldDynamic_EigCentrality_b300,1,2,GCN,101,120,20,0.35801467299461365,0.8791946172714233,0.38729387521743774,0.8557047247886658,True,100
syn-cora-h0.70-r1,StratifiedKFoldDynamic_EigCentrality_b300,1,2,GCN,100,119,19,0.3617520034313202,0.8691275119781494,0.37596753239631653,0.8557047247886658,True,100
syn-cora-h0.70-r1,StratifiedKFoldDynamic_EigCentrality_b300,1,3,GCN,101,116,16,0.45138755440711975,0.8288590312004089,0.3594585061073303,0.8791946172714233,True,100
syn-cora-h0.70-r1,StratifiedKFoldDynamic_EigCentrality_b300,1,3,GCN,100,118,18,0.448625385761261,0.8322147727012634,0.3425406515598297,0.8791946172714233,True,100
syn-cora-h0.70-r1,StratifiedKFoldDynamic_EigCentrality_b300,1,4,GCN,100,119,19,0.39706873893737793,0.8489933013916016,0.4664745330810547,0.8255033493041992,True,100
syn-cora-h0.70-r1,StratifiedKFoldDynamic_EigCentrality_b300,1,4,GCN,101,117,17,0.3899843990802765,0.8557047247886658,0.46308207511901855,0.8120805621147156,True,100
syn-cora-h0.70-r1,StratifiedKFoldDynamic_EigCentrality_b300,1,5,GCN,100,116,16,0.36441099643707275,0.8657718300819397,0.4058851897716522,0.8657718300819397,True,100
syn-cora-h0.70-r1,StratifiedKFoldDynamic_EigCentrality_b300,1,5,GCN,101,119,19,0.36748144030570984,0.8791946172714233,0.39510613679885864,0.8624160885810852,True,100
syn-cora-h0.70-r1,StratifiedKFoldDynamic_Clustering_b300,1,2,GCN,101,117,17,0.3925977647304535,0.8489933013916016,0.39296862483024597,0.8791946172714233,True,100
syn-cora-h0.70-r1,StratifiedKFoldDynamic_Clustering_b300,1,2,GCN,100,120,20,0.3927147090435028,0.8456375598907471,0.4006916284561157,0.8825503587722778,True,100
syn-cora-h0.70-r1,StratifiedKFoldDynamic_Clustering_b300,1,1,GCN,100,144,44,0.3790806233882904,0.8489933013916016,0.4520411789417267,0.8322147727012634,True,100
syn-cora-h0.70-r1,StratifiedKFoldDynamic_Clustering_b300,1,1,GCN,101,167,67,0.3670710325241089,0.8624160885810852,0.4476081430912018,0.8489933013916016,True,100
syn-cora-h0.70-r1,StratifiedKFoldDynamic_Clustering_b300,1,3,GCN,100,119,19,0.3699817657470703,0.8691275119781494,0.3724434971809387,0.8523489832878113,True,100
syn-cora-h0.70-r1,StratifiedKFoldDynamic_Clustering_b300,1,3,GCN,101,121,21,0.3679642975330353,0.8657718300819397,0.36360177397727966,0.8691275119781494,True,100
syn-cora-h0.70-r1,StratifiedKFoldDynamic_Clustering_b300,1,4,GCN,100,126,26,0.35675370693206787,0.8859060406684875,0.4341328740119934,0.8389261960983276,True,100
syn-cora-h0.70-r1,StratifiedKFoldDynamic_Clustering_b300,1,4,GCN,101,120,20,0.34002485871315,0.8825503587722778,0.40447765588760376,0.8590604066848755,True,100
syn-cora-h0.70-r1,StratifiedKFoldDynamic_Clustering_b300,1,5,GCN,100,115,15,0.41330862045288086,0.8557047247886658,0.378925621509552,0.8691275119781494,True,100
syn-cora-h0.70-r1,StratifiedKFoldDynamic_Clustering_b300,1,5,GCN,101,117,17,0.4235052168369293,0.8523489832878113,0.35920655727386475,0.8758389353752136,True,100
syn-cora-h0.70-r1,RandomKFold,2,1,GCN,101,117,17,0.4166582226753235,0.8590604066848755,0.44190022349357605,0.8322147727012634,True,100
syn-cora-h0.70-r1,RandomKFold,2,1,GCN,100,117,17,0.4055471420288086,0.8557047247886658,0.44283244013786316,0.8557047247886658,True,100
syn-cora-h0.70-r1,RandomKFold,2,2,GCN,101,121,21,0.31645846366882324,0.8892617225646973,0.4170028269290924,0.8523489832878113,True,100
syn-cora-h0.70-r1,RandomKFold,2,2,GCN,100,126,26,0.30948564410209656,0.8959731459617615,0.4317238926887512,0.8422818779945374,True,100
syn-cora-h0.70-r1,RandomKFold,2,3,GCN,100,122,22,0.3589865267276764,0.8758389353752136,0.29771095514297485,0.8859060406684875,True,100
syn-cora-h0.70-r1,RandomKFold,2,4,GCN,100,115,15,0.4356604516506195,0.8557047247886658,0.3842100203037262,0.8758389353752136,True,100
syn-cora-h0.70-r1,RandomKFold,2,4,GCN,101,116,16,0.42070621252059937,0.8724831938743591,0.3780721127986908,0.8758389353752136,True,100
syn-cora-h0.70-r1,RandomKFold,2,3,GCN,101,121,21,0.36208614706993103,0.8724831938743591,0.308220773935318,0.8825503587722778,True,100
syn-cora-h0.70-r1,RandomKFold,2,5,GCN,100,117,17,0.40952664613723755,0.8557047247886658,0.4165044128894806,0.8657718300819397,True,100
syn-cora-h0.70-r1,RandomKFold,2,5,GCN,101,117,17,0.40946412086486816,0.8523489832878113,0.40304380655288696,0.8724831938743591,True,100
syn-cora-h0.70-r1,LabelStratifiedKFold,2,1,GCN,101,118,18,0.3546108901500702,0.8758389353752136,0.4122605621814728,0.8657718300819397,True,100
syn-cora-h0.70-r1,LabelStratifiedKFold,2,2,GCN,101,121,21,0.3506929576396942,0.8691275119781494,0.32669875025749207,0.8892617225646973,True,100
syn-cora-h0.70-r1,LabelStratifiedKFold,2,1,GCN,100,122,22,0.35545021295547485,0.8791946172714233,0.42327407002449036,0.8557047247886658,True,100
syn-cora-h0.70-r1,LabelStratifiedKFold,2,2,GCN,100,121,21,0.34682077169418335,0.8791946172714233,0.33052849769592285,0.8758389353752136,True,100
syn-cora-h0.70-r1,LabelStratifiedKFold,2,3,GCN,100,119,19,0.4142400324344635,0.8624160885810852,0.35591503977775574,0.8859060406684875,True,100
syn-cora-h0.70-r1,LabelStratifiedKFold,2,4,GCN,100,118,18,0.3940432667732239,0.8557047247886658,0.4079265594482422,0.8657718300819397,True,100
syn-cora-h0.70-r1,LabelStratifiedKFold,2,3,GCN,101,122,22,0.4136292338371277,0.8523489832878113,0.35547196865081787,0.8758389353752136,True,100
syn-cora-h0.70-r1,LabelStratifiedKFold,2,4,GCN,101,116,16,0.3917178809642792,0.8624160885810852,0.40874287486076355,0.8557047247886658,True,100
syn-cora-h0.70-r1,LabelStratifiedKFold,2,5,GCN,100,124,24,0.39307156205177307,0.8657718300819397,0.41330429911613464,0.8657718300819397,True,100
syn-cora-h0.70-r1,LabelStratifiedKFold,2,5,GCN,101,119,19,0.39091795682907104,0.8624160885810852,0.409404456615448,0.8557047247886658,True,100
syn-cora-h0.70-r1,StratifiedKFoldDynamic_Degree_b300,2,1,GCN,101,113,13,0.47947657108306885,0.8322147727012634,0.430240660905838,0.8657718300819397,True,100
syn-cora-h0.70-r1,StratifiedKFoldDynamic_Degree_b300,2,1,GCN,100,116,16,0.47152960300445557,0.8154362440109253,0.40418171882629395,0.8691275119781494,True,100
syn-cora-h0.70-r1,StratifiedKFoldDynamic_Degree_b300,2,2,GCN,101,123,23,0.31313374638557434,0.8959731459617615,0.5146344900131226,0.8087248206138611,True,100
syn-cora-h0.70-r1,StratifiedKFoldDynamic_Degree_b300,2,2,GCN,100,123,23,0.32055583596229553,0.8825503587722778,0.5125709772109985,0.8120805621147156,True,100
syn-cora-h0.70-r1,StratifiedKFoldDynamic_Degree_b300,2,3,GCN,101,117,17,0.34018000960350037,0.8892617225646973,0.3532552421092987,0.8724831938743591,True,100
syn-cora-h0.70-r1,StratifiedKFoldDynamic_Degree_b300,2,3,GCN,100,128,28,0.32160934805870056,0.8859060406684875,0.3731079399585724,0.8657718300819397,True,100
syn-cora-h0.70-r1,StratifiedKFoldDynamic_Degree_b300,2,4,GCN,100,119,19,0.3377630114555359,0.8926174640655518,0.3388674259185791,0.8657718300819397,True,100
syn-cora-h0.70-r1,StratifiedKFoldDynamic_Degree_b300,2,4,GCN,101,122,22,0.34167400002479553,0.8859060406684875,0.3429330289363861,0.8691275119781494,True,100
syn-cora-h0.70-r1,StratifiedKFoldDynamic_Degree_b300,2,5,GCN,100,114,14,0.41612058877944946,0.8758389353752136,0.35500243306159973,0.899328887462616,True,100
syn-cora-h0.70-r1,StratifiedKFoldDynamic_Degree_b300,2,5,GCN,101,117,17,0.4089236557483673,0.8590604066848755,0.34329941868782043,0.899328887462616,True,100
syn-cora-h0.70-r1,StratifiedKFoldDynamic_NeighHet_b300,2,1,GCN,100,122,22,0.34347859025001526,0.8825503587722778,0.4483088552951813,0.8288590312004089,True,100
syn-cora-h0.70-r1,StratifiedKFoldDynamic_NeighHet_b300,2,1,GCN,101,122,22,0.33831483125686646,0.8791946172714233,0.43371424078941345,0.8355704545974731,True,100
syn-cora-h0.70-r1,StratifiedKFoldDynamic_NeighHet_b300,2,2,GCN,100,139,39,0.34782418608665466,0.8791946172714233,0.4156654477119446,0.8489933013916016,True,100
syn-cora-h0.70-r1,StratifiedKFoldDynamic_NeighHet_b300,2,2,GCN,101,175,75,0.35103121399879456,0.8791946172714233,0.42097100615501404,0.8489933013916016,True,100
syn-cora-h0.70-r1,StratifiedKFoldDynamic_NeighHet_b300,2,3,GCN,100,117,17,0.3613452911376953,0.8959731459617615,0.35073837637901306,0.8590604066848755,True,100
syn-cora-h0.70-r1,StratifiedKFoldDynamic_NeighHet_b300,2,3,GCN,101,118,18,0.34959983825683594,0.899328887462616,0.34185728430747986,0.8724831938743591,True,100
syn-cora-h0.70-r1,StratifiedKFoldDynamic_NeighHet_b300,2,4,GCN,100,119,19,0.35532164573669434,0.8724831938743591,0.34650638699531555,0.899328887462616,True,100
syn-cora-h0.70-r1,StratifiedKFoldDynamic_NeighHet_b300,2,4,GCN,101,127,27,0.36812835931777954,0.8657718300819397,0.3508472442626953,0.8926174640655518,True,100
syn-cora-h0.70-r1,StratifiedKFoldDynamic_NeighHet_b300,2,5,GCN,100,114,14,0.4589478075504303,0.8389261960983276,0.3831368386745453,0.8892617225646973,True,100
syn-cora-h0.70-r1,StratifiedKFoldDynamic_NeighHet_b300,2,5,GCN,101,116,16,0.44773420691490173,0.8355704545974731,0.3723464012145996,0.8926174640655518,True,100
syn-cora-h0.70-r1,StratifiedKFoldDynamic_PageRank_b300,2,1,GCN,100,118,18,0.34411850571632385,0.8926174640655518,0.37351080775260925,0.8758389353752136,True,100
syn-cora-h0.70-r1,StratifiedKFoldDynamic_PageRank_b300,2,2,GCN,101,123,23,0.38816407322883606,0.8657718300819397,0.36076268553733826,0.8590604066848755,True,100
syn-cora-h0.70-r1,StratifiedKFoldDynamic_PageRank_b300,2,2,GCN,100,120,20,0.38837024569511414,0.8691275119781494,0.34800177812576294,0.8724831938743591,True,100
syn-cora-h0.70-r1,StratifiedKFoldDynamic_PageRank_b300,2,1,GCN,101,127,27,0.3499443233013153,0.8791946172714233,0.3694746196269989,0.8825503587722778,True,100
syn-cora-h0.70-r1,StratifiedKFoldDynamic_PageRank_b300,2,3,GCN,100,119,19,0.38602152466773987,0.8724831938743591,0.3957460820674896,0.8624160885810852,True,100
syn-cora-h0.70-r1,StratifiedKFoldDynamic_PageRank_b300,2,3,GCN,101,122,22,0.38795241713523865,0.8758389353752136,0.402878999710083,0.8590604066848755,True,100
syn-cora-h0.70-r1,StratifiedKFoldDynamic_PageRank_b300,2,4,GCN,100,122,22,0.4078015387058258,0.8422818779945374,0.3530674874782562,0.8892617225646973,True,100
syn-cora-h0.70-r1,StratifiedKFoldDynamic_PageRank_b300,2,4,GCN,101,121,21,0.3838655948638916,0.8456375598907471,0.3587550222873688,0.8926174640655518,True,100
syn-cora-h0.70-r1,StratifiedKFoldDynamic_PageRank_b300,2,5,GCN,100,116,16,0.3831593990325928,0.8624160885810852,0.40512609481811523,0.8523489832878113,True,100
syn-cora-h0.70-r1,StratifiedKFoldDynamic_PageRank_b300,2,5,GCN,101,119,19,0.386809766292572,0.8624160885810852,0.38773873448371887,0.8355704545974731,True,100
syn-cora-h0.70-r1,StratifiedKFoldDynamic_EigCentrality_b300,2,2,GCN,101,117,17,0.39540743827819824,0.8758389353752136,0.3323105573654175,0.899328887462616,True,100
syn-cora-h0.70-r1,StratifiedKFoldDynamic_EigCentrality_b300,2,1,GCN,101,119,19,0.3442741632461548,0.8758389353752136,0.4006318747997284,0.8389261960983276,True,100
syn-cora-h0.70-r1,StratifiedKFoldDynamic_EigCentrality_b300,2,1,GCN,100,120,20,0.3421706259250641,0.8791946172714233,0.3956451117992401,0.8456375598907471,True,100
syn-cora-h0.70-r1,StratifiedKFoldDynamic_EigCentrality_b300,2,2,GCN,100,118,18,0.3951255679130554,0.8758389353752136,0.33893606066703796,0.8892617225646973,True,100
syn-cora-h0.70-r1,StratifiedKFoldDynamic_EigCentrality_b300,2,3,GCN,101,117,17,0.36027252674102783,0.8758389353752136,0.388685405254364,0.8691275119781494,True,100
syn-cora-h0.70-r1,StratifiedKFoldDynamic_EigCentrality_b300,2,3,GCN,100,120,20,0.3724882900714874,0.8724831938743591,0.39181578159332275,0.8691275119781494,True,100
syn-cora-h0.70-r1,StratifiedKFoldDynamic_EigCentrality_b300,2,4,GCN,100,120,20,0.41667455434799194,0.8557047247886658,0.3445971608161926,0.8724831938743591,True,100
syn-cora-h0.70-r1,StratifiedKFoldDynamic_EigCentrality_b300,2,4,GCN,101,126,26,0.41665083169937134,0.8489933013916016,0.34219932556152344,0.8892617225646973,True,100
syn-cora-h0.70-r1,StratifiedKFoldDynamic_EigCentrality_b300,2,5,GCN,100,120,20,0.3958372175693512,0.8422818779945374,0.42545369267463684,0.8657718300819397,True,100
syn-cora-h0.70-r1,StratifiedKFoldDynamic_EigCentrality_b300,2,5,GCN,101,122,22,0.3889744281768799,0.8422818779945374,0.4338984191417694,0.8590604066848755,True,100
syn-cora-h0.70-r1,StratifiedKFoldDynamic_Clustering_b300,2,1,GCN,101,116,16,0.34844955801963806,0.8791946172714233,0.4021684527397156,0.8624160885810852,True,100
syn-cora-h0.70-r1,StratifiedKFoldDynamic_Clustering_b300,2,2,GCN,100,115,15,0.4170437753200531,0.8456375598907471,0.35594451427459717,0.8691275119781494,True,100
syn-cora-h0.70-r1,StratifiedKFoldDynamic_Clustering_b300,2,1,GCN,100,118,18,0.3431156575679779,0.8825503587722778,0.40305429697036743,0.8523489832878113,True,100
syn-cora-h0.70-r1,StratifiedKFoldDynamic_Clustering_b300,2,2,GCN,101,121,21,0.4215867221355438,0.8456375598907471,0.3532905578613281,0.8724831938743591,True,100
syn-cora-h0.70-r1,StratifiedKFoldDynamic_Clustering_b300,2,3,GCN,101,118,18,0.3575516939163208,0.8859060406684875,0.403211772441864,0.8456375598907471,True,100
syn-cora-h0.70-r1,StratifiedKFoldDynamic_Clustering_b300,2,3,GCN,100,120,20,0.3596894145011902,0.8791946172714233,0.3976818323135376,0.8456375598907471,True,100
syn-cora-h0.70-r1,StratifiedKFoldDynamic_Clustering_b300,2,4,GCN,100,122,22,0.4288385510444641,0.8355704545974731,0.3665347397327423,0.8791946172714233,True,100
syn-cora-h0.70-r1,StratifiedKFoldDynamic_Clustering_b300,2,4,GCN,101,119,19,0.41672414541244507,0.8456375598907471,0.356243371963501,0.8724831938743591,True,100
syn-cora-h0.70-r1,StratifiedKFoldDynamic_Clustering_b300,2,5,GCN,100,117,17,0.39904946088790894,0.8590604066848755,0.41828563809394836,0.8724831938743591,True,100
syn-cora-h0.70-r1,StratifiedKFoldDynamic_Clustering_b300,2,5,GCN,101,116,16,0.406131774187088,0.8657718300819397,0.4124734699726105,0.8758389353752136,True,100
syn-cora-h0.70-r1,RandomKFold,3,1,GCN,100,116,16,0.43589910864830017,0.8489933013916016,0.422532856464386,0.8590604066848755,True,100
syn-cora-h0.70-r1,RandomKFold,3,1,GCN,101,119,19,0.4298766553401947,0.8523489832878113,0.4198322296142578,0.8624160885810852,True,100
syn-cora-h0.70-r1,RandomKFold,3,2,GCN,100,125,25,0.3228994607925415,0.8724831938743591,0.4687094986438751,0.8389261960983276,True,100
syn-cora-h0.70-r1,RandomKFold,3,2,GCN,101,127,27,0.3077031672000885,0.8758389353752136,0.45627665519714355,0.8456375598907471,True,100
syn-cora-h0.70-r1,RandomKFold,3,3,GCN,101,117,17,0.3489413857460022,0.8859060406684875,0.3282170295715332,0.8825503587722778,True,100
syn-cora-h0.70-r1,RandomKFold,3,3,GCN,100,120,20,0.3543075621128082,0.8791946172714233,0.3248977065086365,0.8724831938743591,True,100
syn-cora-h0.70-r1,RandomKFold,3,4,GCN,100,115,15,0.39004573225975037,0.8590604066848755,0.3495005667209625,0.8825503587722778,True,100
syn-cora-h0.70-r1,RandomKFold,3,4,GCN,101,117,17,0.4010908603668213,0.8557047247886658,0.3421401381492615,0.8791946172714233,True,100
syn-cora-h0.70-r1,RandomKFold,3,5,GCN,100,121,21,0.4212785065174103,0.8657718300819397,0.39280393719673157,0.8523489832878113,True,100
syn-cora-h0.70-r1,RandomKFold,3,5,GCN,101,121,21,0.42427077889442444,0.8590604066848755,0.39955124258995056,0.8657718300819397,True,100
syn-cora-h0.70-r1,LabelStratifiedKFold,3,2,GCN,100,119,19,0.3520469665527344,0.8791946172714233,0.28328701853752136,0.9093959927558899,True,100
syn-cora-h0.70-r1,LabelStratifiedKFold,3,1,GCN,100,119,19,0.31412509083747864,0.899328887462616,0.4246259033679962,0.8322147727012634,True,100
syn-cora-h0.70-r1,LabelStratifiedKFold,3,2,GCN,101,122,22,0.3585261106491089,0.8691275119781494,0.2834744453430176,0.9060402512550354,True,100
syn-cora-h0.70-r1,LabelStratifiedKFold,3,1,GCN,101,126,26,0.3241230249404907,0.8892617225646973,0.4391977787017822,0.8322147727012634,True,100
syn-cora-h0.70-r1,LabelStratifiedKFold,3,4,GCN,100,116,16,0.45951688289642334,0.8389261960983276,0.386735200881958,0.8758389353752136,True,100
syn-cora-h0.70-r1,LabelStratifiedKFold,3,3,GCN,101,119,19,0.37547874450683594,0.8791946172714233,0.3724058270454407,0.8557047247886658,True,100
syn-cora-h0.70-r1,LabelStratifiedKFold,3,3,GCN,100,120,20,0.3751550614833832,0.8758389353752136,0.3652097284793854,0.8624160885810852,True,100
syn-cora-h0.70-r1,LabelStratifiedKFold,3,4,GCN,101,116,16,0.4516131579875946,0.8590604066848755,0.3805553913116455,0.8791946172714233,True,100
syn-cora-h0.70-r1,LabelStratifiedKFold,3,5,GCN,100,120,20,0.4158804416656494,0.8456375598907471,0.45789834856987,0.8255033493041992,True,100
syn-cora-h0.70-r1,LabelStratifiedKFold,3,5,GCN,101,145,45,0.41852736473083496,0.8422818779945374,0.4611779451370239,0.8322147727012634,True,100
syn-cora-h0.70-r1,StratifiedKFoldDynamic_Degree_b300,3,1,GCN,100,115,15,0.38363638520240784,0.8724831938743591,0.42793482542037964,0.8557047247886658,True,100
syn-cora-h0.70-r1,StratifiedKFoldDynamic_Degree_b300,3,1,GCN,101,117,17,0.3788835108280182,0.8691275119781494,0.4264146685600281,0.8456375598907471,True,100
syn-cora-h0.70-r1,StratifiedKFoldDynamic_Degree_b300,3,2,GCN,101,122,22,0.3319617509841919,0.8724831938743591,0.3482535779476166,0.8859060406684875,True,100
syn-cora-h0.70-r1,StratifiedKFoldDynamic_Degree_b300,3,2,GCN,100,123,23,0.3277328312397003,0.8657718300819397,0.35385996103286743,0.8791946172714233,True,100
syn-cora-h0.70-r1,StratifiedKFoldDynamic_Degree_b300,3,3,GCN,101,117,17,0.4091218411922455,0.8523489832878113,0.36565253138542175,0.8859060406684875,True,100
syn-cora-h0.70-r1,StratifiedKFoldDynamic_Degree_b300,3,3,GCN,100,119,19,0.4086582660675049,0.8523489832878113,0.35044780373573303,0.8523489832878113,True,100
syn-cora-h0.70-r1,StratifiedKFoldDynamic_Degree_b300,3,4,GCN,101,121,21,0.3793456554412842,0.8624160885810852,0.39245861768722534,0.8590604066848755,True,100
syn-cora-h0.70-r1,StratifiedKFoldDynamic_Degree_b300,3,4,GCN,100,121,21,0.36933690309524536,0.8624160885810852,0.4016197621822357,0.8557047247886658,True,100
syn-cora-h0.70-r1,StratifiedKFoldDynamic_Degree_b300,3,5,GCN,100,119,19,0.41956138610839844,0.8624160885810852,0.36886030435562134,0.8657718300819397,True,100
syn-cora-h0.70-r1,StratifiedKFoldDynamic_Degree_b300,3,5,GCN,101,120,20,0.4199489653110504,0.8657718300819397,0.37804847955703735,0.8758389353752136,True,100
syn-cora-h0.70-r1,StratifiedKFoldDynamic_NeighHet_b300,3,1,GCN,101,120,20,0.3549085855484009,0.8825503587722778,0.354470431804657,0.8691275119781494,True,100
syn-cora-h0.70-r1,StratifiedKFoldDynamic_NeighHet_b300,3,1,GCN,100,124,24,0.3459029197692871,0.8691275119781494,0.3712787926197052,0.8657718300819397,True,100
syn-cora-h0.70-r1,StratifiedKFoldDynamic_NeighHet_b300,3,2,GCN,100,128,28,0.40088361501693726,0.8724831938743591,0.386525958776474,0.8791946172714233,True,100
syn-cora-h0.70-r1,StratifiedKFoldDynamic_NeighHet_b300,3,2,GCN,101,153,53,0.395094096660614,0.8624160885810852,0.3972473740577698,0.8791946172714233,True,100
syn-cora-h0.70-r1,StratifiedKFoldDynamic_NeighHet_b300,3,3,GCN,100,118,18,0.3988017439842224,0.8758389353752136,0.4159673750400543,0.8523489832878113,True,100
syn-cora-h0.70-r1,StratifiedKFoldDynamic_NeighHet_b300,3,3,GCN,101,120,20,0.39762577414512634,0.8791946172714233,0.4289509057998657,0.8422818779945374,True,100
syn-cora-h0.70-r1,StratifiedKFoldDynamic_NeighHet_b300,3,4,GCN,100,120,20,0.37637847661972046,0.8624160885810852,0.39764177799224854,0.8724831938743591,True,100
syn-cora-h0.70-r1,StratifiedKFoldDynamic_NeighHet_b300,3,4,GCN,101,124,24,0.36945468187332153,0.8657718300819397,0.40057381987571716,0.8724831938743591,True,100
syn-cora-h0.70-r1,StratifiedKFoldDynamic_NeighHet_b300,3,5,GCN,100,116,16,0.3814831078052521,0.8758389353752136,0.3805463910102844,0.8624160885810852,True,100
syn-cora-h0.70-r1,StratifiedKFoldDynamic_NeighHet_b300,3,5,GCN,101,121,21,0.3764680325984955,0.8724831938743591,0.372633159160614,0.8859060406684875,True,100
syn-cora-h0.70-r1,StratifiedKFoldDynamic_PageRank_b300,3,1,GCN,100,116,16,0.4155385196208954,0.8489933013916016,0.4322996139526367,0.8523489832878113,True,100
syn-cora-h0.70-r1,StratifiedKFoldDynamic_PageRank_b300,3,1,GCN,101,116,16,0.4266721308231354,0.8523489832878113,0.4320892095565796,0.8691275119781494,True,100
syn-cora-h0.70-r1,StratifiedKFoldDynamic_PageRank_b300,3,2,GCN,100,117,17,0.34528934955596924,0.8791946172714233,0.40796464681625366,0.8624160885810852,True,100
syn-cora-h0.70-r1,StratifiedKFoldDynamic_PageRank_b300,3,2,GCN,101,116,16,0.3443170189857483,0.8825503587722778,0.4121421277523041,0.8624160885810852,True,100
syn-cora-h0.70-r1,StratifiedKFoldDynamic_PageRank_b300,3,4,GCN,100,115,15,0.3951243758201599,0.8624160885810852,0.3956849277019501,0.8624160885810852,True,100
syn-cora-h0.70-r1,StratifiedKFoldDynamic_PageRank_b300,3,3,GCN,100,122,22,0.39034152030944824,0.8590604066848755,0.350497305393219,0.8691275119781494,True,100
syn-cora-h0.70-r1,StratifiedKFoldDynamic_PageRank_b300,3,4,GCN,101,118,18,0.38047870993614197,0.8624160885810852,0.3728072941303253,0.8657718300819397,True,100
syn-cora-h0.70-r1,StratifiedKFoldDynamic_PageRank_b300,3,3,GCN,101,121,21,0.3783169090747833,0.8624160885810852,0.35038256645202637,0.8657718300819397,True,100
syn-cora-h0.70-r1,StratifiedKFoldDynamic_PageRank_b300,3,5,GCN,100,115,15,0.4319077134132385,0.8422818779945374,0.3976387679576874,0.8724831938743591,True,100
syn-cora-h0.70-r1,StratifiedKFoldDynamic_PageRank_b300,3,5,GCN,101,117,17,0.4329502284526825,0.8523489832878113,0.38337820768356323,0.8758389353752136,True,100
syn-cora-h0.70-r1,StratifiedKFoldDynamic_EigCentrality_b300,3,2,GCN,101,117,17,0.36274582147598267,0.8691275119781494,0.35150855779647827,0.8724831938743591,True,100
syn-cora-h0.70-r1,StratifiedKFoldDynamic_EigCentrality_b300,3,2,GCN,100,120,20,0.36071673035621643,0.8791946172714233,0.35191887617111206,0.8724831938743591,True,100
syn-cora-h0.70-r1,StratifiedKFoldDynamic_EigCentrality_b300,3,1,GCN,101,121,21,0.3461717665195465,0.8691275119781494,0.4047864079475403,0.8657718300819397,True,100
syn-cora-h0.70-r1,StratifiedKFoldDynamic_EigCentrality_b300,3,1,GCN,100,121,21,0.35940924286842346,0.8691275119781494,0.4178353250026703,0.8590604066848755,True,100
syn-cora-h0.70-r1,StratifiedKFoldDynamic_EigCentrality_b300,3,3,GCN,100,118,18,0.303751140832901,0.9060402512550354,0.3642798960208893,0.8590604066848755,True,100
syn-cora-h0.70-r1,StratifiedKFoldDynamic_EigCentrality_b300,3,4,GCN,100,115,15,0.450414776802063,0.8422818779945374,0.32576289772987366,0.8926174640655518,True,100
syn-cora-h0.70-r1,StratifiedKFoldDynamic_EigCentrality_b300,3,4,GCN,101,117,17,0.45291218161582947,0.8389261960983276,0.33156803250312805,0.8892617225646973,True,100
syn-cora-h0.70-r1,StratifiedKFoldDynamic_EigCentrality_b300,3,3,GCN,101,117,17,0.31388574838638306,0.8892617225646973,0.35941827297210693,0.8657718300819397,True,100
syn-cora-h0.70-r1,StratifiedKFoldDynamic_EigCentrality_b300,3,5,GCN,101,121,21,0.4068651795387268,0.8624160885810852,0.4679998755455017,0.8456375598907471,True,100
syn-cora-h0.70-r1,StratifiedKFoldDynamic_EigCentrality_b300,3,5,GCN,100,166,66,0.4080878794193268,0.8724831938743591,0.5125641822814941,0.8120805621147156,True,100
syn-cora-h0.70-r1,StratifiedKFoldDynamic_Clustering_b300,3,1,GCN,101,119,19,0.30728504061698914,0.8825503587722778,0.39117735624313354,0.8624160885810852,True,100
syn-cora-h0.70-r1,StratifiedKFoldDynamic_Clustering_b300,3,2,GCN,101,119,19,0.3960459530353546,0.8691275119781494,0.3322935998439789,0.8859060406684875,True,100
syn-cora-h0.70-r1,StratifiedKFoldDynamic_Clustering_b300,3,1,GCN,100,120,20,0.2908768653869629,0.8791946172714233,0.3977918028831482,0.8489933013916016,True,100
syn-cora-h0.70-r1,StratifiedKFoldDynamic_Clustering_b300,3,2,GCN,100,186,86,0.4071645438671112,0.8557047247886658,0.385808527469635,0.8590604066848755,True,100
syn-cora-h0.70-r1,StratifiedKFoldDynamic_Clustering_b300,3,4,GCN,100,115,15,0.4675242304801941,0.8456375598907471,0.36951708793640137,0.8758389353752136,True,100
syn-cora-h0.70-r1,StratifiedKFoldDynamic_Clustering_b300,3,3,GCN,100,121,21,0.3579159080982208,0.8758389353752136,0.37000104784965515,0.8590604066848755,True,100
syn-cora-h0.70-r1,StratifiedKFoldDynamic_Clustering_b300,3,3,GCN,101,122,22,0.3558666408061981,0.8791946172714233,0.3658420741558075,0.8724831938743591,True,100
syn-cora-h0.70-r1,StratifiedKFoldDynamic_Clustering_b300,3,4,GCN,101,115,15,0.44958633184432983,0.8456375598907471,0.36248674988746643,0.8926174640655518,True,100
syn-cora-h0.70-r1,StratifiedKFoldDynamic_Clustering_b300,3,5,GCN,100,118,18,0.3802623748779297,0.8590604066848755,0.478660523891449,0.8456375598907471,True,100
syn-cora-h0.70-r1,StratifiedKFoldDynamic_Clustering_b300,3,5,GCN,101,122,22,0.383235365152359,0.8657718300819397,0.48571541905403137,0.8456375598907471,True,100
syn-cora-h0.70-r1,RandomKFold,4,2,GCN,101,116,16,0.4106631577014923,0.8489933013916016,0.37640899419784546,0.8724831938743591,True,100
syn-cora-h0.70-r1,RandomKFold,4,1,GCN,101,118,18,0.38551342487335205,0.8590604066848755,0.45465368032455444,0.8489933013916016,True,100
syn-cora-h0.70-r1,RandomKFold,4,2,GCN,100,118,18,0.4096168577671051,0.8523489832878113,0.3707018792629242,0.8624160885810852,True,100
syn-cora-h0.70-r1,RandomKFold,4,1,GCN,100,122,22,0.3721977770328522,0.8691275119781494,0.43113207817077637,0.8557047247886658,True,100
syn-cora-h0.70-r1,RandomKFold,4,3,GCN,100,116,16,0.35848861932754517,0.8859060406684875,0.42141279578208923,0.8456375598907471,True,100
syn-cora-h0.70-r1,RandomKFold,4,3,GCN,101,120,20,0.36009931564331055,0.8724831938743591,0.43132081627845764,0.8489933013916016,True,100
syn-cora-h0.70-r1,RandomKFold,4,4,GCN,100,120,20,0.3082180619239807,0.8758389353752136,0.3666585683822632,0.8892617225646973,True,100
syn-cora-h0.70-r1,RandomKFold,4,4,GCN,101,122,22,0.3029865622520447,0.8825503587722778,0.36870619654655457,0.8859060406684875,True,100
syn-cora-h0.70-r1,RandomKFold,4,5,GCN,101,121,21,0.4419156312942505,0.8456375598907471,0.3059779703617096,0.899328887462616,True,100
syn-cora-h0.70-r1,RandomKFold,4,5,GCN,100,154,54,0.43832242488861084,0.8422818779945374,0.33204185962677,0.8758389353752136,True,100
syn-cora-h0.70-r1,LabelStratifiedKFold,4,2,GCN,101,121,21,0.29747265577316284,0.8926174640655518,0.3324147164821625,0.8624160885810852,True,100
syn-cora-h0.70-r1,LabelStratifiedKFold,4,1,GCN,100,119,19,0.30215024948120117,0.8926174640655518,0.4348359704017639,0.8557047247886658,True,100
syn-cora-h0.70-r1,LabelStratifiedKFold,4,2,GCN,100,119,19,0.30207598209381104,0.8926174640655518,0.32784903049468994,0.8791946172714233,True,100
syn-cora-h0.70-r1,LabelStratifiedKFold,4,1,GCN,101,127,27,0.30746376514434814,0.8859060406684875,0.45764338970184326,0.8657718300819397,True,100
syn-cora-h0.70-r1,LabelStratifiedKFold,4,3,GCN,100,115,15,0.44992977380752563,0.8523489832878113,0.30548912286758423,0.9093959927558899,True,100
syn-cora-h0.70-r1,LabelStratifiedKFold,4,4,GCN,100,115,15,0.410334050655365,0.8724831938743591,0.44564977288246155,0.8523489832878113,True,100
syn-cora-h0.70-r1,LabelStratifiedKFold,4,3,GCN,101,120,20,0.46235719323158264,0.8557047247886658,0.29235193133354187,0.8959731459617615,True,100
syn-cora-h0.70-r1,LabelStratifiedKFold,4,4,GCN,101,118,18,0.41044336557388306,0.8724831938743591,0.44829261302948,0.8489933013916016,True,100
syn-cora-h0.70-r1,LabelStratifiedKFold,4,5,GCN,100,116,16,0.4487387537956238,0.8523489832878113,0.4211857318878174,0.8590604066848755,True,100
syn-cora-h0.70-r1,LabelStratifiedKFold,4,5,GCN,101,116,16,0.44794130325317383,0.8422818779945374,0.427135169506073,0.8590604066848755,True,100
syn-cora-h0.70-r1,StratifiedKFoldDynamic_Degree_b300,4,2,GCN,100,116,16,0.41883960366249084,0.8791946172714233,0.45273181796073914,0.8489933013916016,True,100
syn-cora-h0.70-r1,StratifiedKFoldDynamic_Degree_b300,4,1,GCN,100,116,16,0.4563749134540558,0.818791925907135,0.3693629801273346,0.8691275119781494,True,100
syn-cora-h0.70-r1,StratifiedKFoldDynamic_Degree_b300,4,1,GCN,101,118,18,0.4718376398086548,0.8255033493041992,0.35953518748283386,0.8724831938743591,True,100
syn-cora-h0.70-r1,StratifiedKFoldDynamic_Degree_b300,4,2,GCN,101,118,18,0.40865594148635864,0.8758389353752136,0.467568576335907,0.8422818779945374,True,100
syn-cora-h0.70-r1,StratifiedKFoldDynamic_Degree_b300,4,4,GCN,101,116,16,0.40907999873161316,0.8624160885810852,0.3485739231109619,0.8959731459617615,True,100
syn-cora-h0.70-r1,StratifiedKFoldDynamic_Degree_b300,4,3,GCN,100,120,20,0.34907111525535583,0.8959731459617615,0.4125746190547943,0.8523489832878113,True,100
syn-cora-h0.70-r1,StratifiedKFoldDynamic_Degree_b300,4,4,GCN,100,116,16,0.41312381625175476,0.8523489832878113,0.3576485216617584,0.8825503587722778,True,100
syn-cora-h0.70-r1,StratifiedKFoldDynamic_Degree_b300,4,3,GCN,101,122,22,0.34137213230133057,0.899328887462616,0.4099189341068268,0.8422818779945374,True,100
syn-cora-h0.70-r1,StratifiedKFoldDynamic_Degree_b300,4,5,GCN,101,121,21,0.3433799743652344,0.8758389353752136,0.415682315826416,0.8624160885810852,True,100
syn-cora-h0.70-r1,StratifiedKFoldDynamic_Degree_b300,4,5,GCN,100,122,22,0.34340786933898926,0.8758389353752136,0.4165954291820526,0.8590604066848755,True,100
syn-cora-h0.70-r1,StratifiedKFoldDynamic_NeighHet_b300,4,2,GCN,101,120,20,0.40009599924087524,0.8724831938743591,0.42781731486320496,0.8288590312004089,True,100
syn-cora-h0.70-r1,StratifiedKFoldDynamic_NeighHet_b300,4,2,GCN,100,122,22,0.40709826350212097,0.8624160885810852,0.42564108967781067,0.8389261960983276,True,100
syn-cora-h0.70-r1,StratifiedKFoldDynamic_NeighHet_b300,4,1,GCN,101,143,43,0.38765984773635864,0.8657718300819397,0.3843991458415985,0.8523489832878113,True,100
syn-cora-h0.70-r1,StratifiedKFoldDynamic_NeighHet_b300,4,1,GCN,100,149,49,0.3823891878128052,0.8657718300819397,0.39068448543548584,0.8456375598907471,True,100
syn-cora-h0.70-r1,StratifiedKFoldDynamic_NeighHet_b300,4,3,GCN,101,117,17,0.3781604468822479,0.8791946172714233,0.38734692335128784,0.8892617225646973,True,100
syn-cora-h0.70-r1,StratifiedKFoldDynamic_NeighHet_b300,4,3,GCN,100,121,21,0.3920198976993561,0.8657718300819397,0.39001521468162537,0.8691275119781494,True,100
syn-cora-h0.70-r1,StratifiedKFoldDynamic_NeighHet_b300,4,4,GCN,100,119,19,0.37128591537475586,0.8657718300819397,0.38209068775177,0.8657718300819397,True,100
syn-cora-h0.70-r1,StratifiedKFoldDynamic_NeighHet_b300,4,4,GCN,101,139,39,0.37135928869247437,0.8624160885810852,0.4212610721588135,0.8657718300819397,True,100
syn-cora-h0.70-r1,StratifiedKFoldDynamic_NeighHet_b300,4,5,GCN,100,118,18,0.3757147789001465,0.8758389353752136,0.37113651633262634,0.8724831938743591,True,100
syn-cora-h0.70-r1,StratifiedKFoldDynamic_NeighHet_b300,4,5,GCN,101,116,16,0.36906787753105164,0.899328887462616,0.37751269340515137,0.8691275119781494,True,100
syn-cora-h0.70-r1,StratifiedKFoldDynamic_PageRank_b300,4,2,GCN,101,122,22,0.3715040981769562,0.8691275119781494,0.4056452810764313,0.8758389353752136,True,100
syn-cora-h0.70-r1,StratifiedKFoldDynamic_PageRank_b300,4,1,GCN,100,127,27,0.3717312514781952,0.8691275119781494,0.40257301926612854,0.8691275119781494,True,100
syn-cora-h0.70-r1,StratifiedKFoldDynamic_PageRank_b300,4,2,GCN,100,173,73,0.37977075576782227,0.8691275119781494,0.39250972867012024,0.8557047247886658,True,100
syn-cora-h0.70-r1,StratifiedKFoldDynamic_PageRank_b300,4,1,GCN,101,182,82,0.374142050743103,0.8657718300819397,0.42492297291755676,0.8624160885810852,True,100
syn-cora-h0.70-r1,StratifiedKFoldDynamic_PageRank_b300,4,3,GCN,100,119,19,0.3869194984436035,0.8489933013916016,0.37511664628982544,0.8825503587722778,True,100
syn-cora-h0.70-r1,StratifiedKFoldDynamic_PageRank_b300,4,3,GCN,101,118,18,0.3873063325881958,0.8590604066848755,0.3729453384876251,0.8825503587722778,True,100
syn-cora-h0.70-r1,StratifiedKFoldDynamic_PageRank_b300,4,4,GCN,100,118,18,0.37266969680786133,0.8758389353752136,0.37351280450820923,0.8624160885810852,True,100
syn-cora-h0.70-r1,StratifiedKFoldDynamic_PageRank_b300,4,4,GCN,101,118,18,0.3782191574573517,0.8557047247886658,0.3700751066207886,0.8691275119781494,True,100
syn-cora-h0.70-r1,StratifiedKFoldDynamic_PageRank_b300,4,5,GCN,101,118,18,0.36170852184295654,0.8691275119781494,0.36680707335472107,0.8557047247886658,True,100
syn-cora-h0.70-r1,StratifiedKFoldDynamic_PageRank_b300,4,5,GCN,100,121,21,0.3636077642440796,0.8758389353752136,0.36378219723701477,0.8724831938743591,True,100
syn-cora-h0.70-r1,StratifiedKFoldDynamic_EigCentrality_b300,4,1,GCN,101,117,17,0.3690328001976013,0.8758389353752136,0.4595497250556946,0.8322147727012634,True,100
syn-cora-h0.70-r1,StratifiedKFoldDynamic_EigCentrality_b300,4,1,GCN,100,118,18,0.3896229565143585,0.8624160885810852,0.4597533643245697,0.8221476674079895,True,100
syn-cora-h0.70-r1,StratifiedKFoldDynamic_EigCentrality_b300,4,2,GCN,100,118,18,0.3916035294532776,0.8657718300819397,0.36530929803848267,0.8959731459617615,True,100
syn-cora-h0.70-r1,StratifiedKFoldDynamic_EigCentrality_b300,4,2,GCN,101,179,79,0.3894118368625641,0.8590604066848755,0.38223060965538025,0.8758389353752136,True,100
syn-cora-h0.70-r1,StratifiedKFoldDynamic_EigCentrality_b300,4,3,GCN,100,119,19,0.4043985605239868,0.8456375598907471,0.39349058270454407,0.8758389353752136,True,100
syn-cora-h0.70-r1,StratifiedKFoldDynamic_EigCentrality_b300,4,3,GCN,101,121,21,0.40927547216415405,0.8624160885810852,0.400216668844223,0.8724831938743591,True,100
syn-cora-h0.70-r1,StratifiedKFoldDynamic_EigCentrality_b300,4,4,GCN,100,123,23,0.3369249701499939,0.8724831938743591,0.4237763285636902,0.8389261960983276,True,100
syn-cora-h0.70-r1,StratifiedKFoldDynamic_EigCentrality_b300,4,4,GCN,101,121,21,0.34026288986206055,0.8758389353752136,0.4143659770488739,0.8422818779945374,True,100
syn-cora-h0.70-r1,StratifiedKFoldDynamic_EigCentrality_b300,4,5,GCN,100,115,15,0.430282860994339,0.8456375598907471,0.3307327628135681,0.8825503587722778,True,100
syn-cora-h0.70-r1,StratifiedKFoldDynamic_EigCentrality_b300,4,5,GCN,101,118,18,0.4370090663433075,0.8489933013916016,0.3202221989631653,0.8825503587722778,True,100
syn-cora-h0.70-r1,StratifiedKFoldDynamic_Clustering_b300,4,1,GCN,100,115,15,0.43950387835502625,0.8288590312004089,0.3201551139354706,0.8926174640655518,True,100
syn-cora-h0.70-r1,StratifiedKFoldDynamic_Clustering_b300,4,1,GCN,101,117,17,0.4243115782737732,0.8355704545974731,0.3117353320121765,0.899328887462616,True,100
syn-cora-h0.70-r1,StratifiedKFoldDynamic_Clustering_b300,4,2,GCN,101,117,17,0.3972015082836151,0.8691275119781494,0.4238649308681488,0.8456375598907471,True,100
syn-cora-h0.70-r1,StratifiedKFoldDynamic_Clustering_b300,4,2,GCN,100,119,19,0.38913339376449585,0.8724831938743591,0.440308541059494,0.8288590312004089,True,100
syn-cora-h0.70-r1,StratifiedKFoldDynamic_Clustering_b300,4,3,GCN,100,119,19,0.3781850039958954,0.8791946172714233,0.3993311822414398,0.8557047247886658,True,100
syn-cora-h0.70-r1,StratifiedKFoldDynamic_Clustering_b300,4,4,GCN,100,119,19,0.3780701756477356,0.8590604066848755,0.3887700140476227,0.8624160885810852,True,100
syn-cora-h0.70-r1,StratifiedKFoldDynamic_Clustering_b300,4,4,GCN,101,118,18,0.3855493664741516,0.8691275119781494,0.3916774094104767,0.8657718300819397,True,100
syn-cora-h0.70-r1,StratifiedKFoldDynamic_Clustering_b300,4,3,GCN,101,122,22,0.3750154674053192,0.8657718300819397,0.41537991166114807,0.8456375598907471,True,100
syn-cora-h0.70-r1,StratifiedKFoldDynamic_Clustering_b300,4,5,GCN,100,121,21,0.3063491880893707,0.8724831938743591,0.37905964255332947,0.8557047247886658,True,100
syn-cora-h0.70-r1,StratifiedKFoldDynamic_Clustering_b300,4,5,GCN,101,122,22,0.30731794238090515,0.9026845693588257,0.38946741819381714,0.8590604066848755,True,100
syn-cora-h0.80-r1,RandomKFold,0,2,GCN,101,117,17,0.23726840317249298,0.926174521446228,0.22208094596862793,0.9194630980491638,True,100
syn-cora-h0.80-r1,RandomKFold,0,2,GCN,100,120,20,0.24250662326812744,0.9395973086357117,0.21471638977527618,0.9161073565483093,True,100
syn-cora-h0.80-r1,RandomKFold,0,1,GCN,100,119,19,0.20760172605514526,0.9194630980491638,0.16162903606891632,0.9530201554298401,True,100
syn-cora-h0.80-r1,RandomKFold,0,1,GCN,101,125,25,0.22014249861240387,0.9127516746520996,0.16673029959201813,0.9530201554298401,True,100
syn-cora-h0.80-r1,RandomKFold,0,3,GCN,100,120,20,0.12245173007249832,0.9597315192222595,0.23494845628738403,0.9194630980491638,True,100
syn-cora-h0.80-r1,RandomKFold,0,4,GCN,100,120,20,0.21046140789985657,0.9328858852386475,0.1350594311952591,0.9563758373260498,True,100
syn-cora-h0.80-r1,RandomKFold,0,3,GCN,101,127,27,0.12784454226493835,0.9496644139289856,0.2357027381658554,0.9295302033424377,True,100
syn-cora-h0.80-r1,RandomKFold,0,4,GCN,101,186,86,0.21427695453166962,0.9194630980491638,0.16239678859710693,0.9395973086357117,True,100
syn-cora-h0.80-r1,RandomKFold,0,5,GCN,100,121,21,0.16185609996318817,0.9395973086357117,0.19554007053375244,0.9395973086357117,True,100
syn-cora-h0.80-r1,RandomKFold,0,5,GCN,101,121,21,0.16794581711292267,0.936241626739502,0.20114122331142426,0.9328858852386475,True,100
syn-cora-h0.80-r1,LabelStratifiedKFold,0,1,GCN,100,120,20,0.1761632263660431,0.9228187799453735,0.1830039620399475,0.9328858852386475,True,100
syn-cora-h0.80-r1,LabelStratifiedKFold,0,1,GCN,101,120,20,0.1824154108762741,0.9395973086357117,0.1930428147315979,0.936241626739502,True,100
syn-cora-h0.80-r1,LabelStratifiedKFold,0,2,GCN,100,122,22,0.1900676041841507,0.9328858852386475,0.16539576649665833,0.9429529905319214,True,100
syn-cora-h0.80-r1,LabelStratifiedKFold,0,2,GCN,101,197,97,0.20017865300178528,0.9295302033424377,0.17938770353794098,0.936241626739502,True,100
syn-cora-h0.80-r1,LabelStratifiedKFold,0,3,GCN,100,120,20,0.2145659476518631,0.9328858852386475,0.18627998232841492,0.9496644139289856,True,100
syn-cora-h0.80-r1,LabelStratifiedKFold,0,3,GCN,101,124,24,0.21293562650680542,0.9328858852386475,0.2027946263551712,0.9395973086357117,True,100
syn-cora-h0.80-r1,LabelStratifiedKFold,0,4,GCN,100,128,28,0.14445869624614716,0.9530201554298401,0.21680296957492828,0.9295302033424377,True,100
syn-cora-h0.80-r1,LabelStratifiedKFold,0,5,GCN,100,120,20,0.19655346870422363,0.9328858852386475,0.16319596767425537,0.9429529905319214,True,100
syn-cora-h0.80-r1,LabelStratifiedKFold,0,5,GCN,101,122,22,0.20202086865901947,0.926174521446228,0.17197638750076294,0.9429529905319214,True,100
syn-cora-h0.80-r1,LabelStratifiedKFold,0,4,GCN,101,239,139,0.15041190385818481,0.9496644139289856,0.23446163535118103,0.9093959927558899,True,100
syn-cora-h0.80-r1,StratifiedKFoldDynamic_Degree_b300,0,2,GCN,100,120,20,0.17698974907398224,0.9530201554298401,0.18447688221931458,0.9295302033424377,True,100
syn-cora-h0.80-r1,StratifiedKFoldDynamic_Degree_b300,0,1,GCN,101,123,23,0.17068350315093994,0.926174521446228,0.2647104859352112,0.9194630980491638,True,100
syn-cora-h0.80-r1,StratifiedKFoldDynamic_Degree_b300,0,1,GCN,100,128,28,0.17387831211090088,0.9429529905319214,0.26563310623168945,0.9060402512550354,True,100
syn-cora-h0.80-r1,StratifiedKFoldDynamic_Degree_b300,0,2,GCN,101,221,121,0.16882510483264923,0.963087260723114,0.19520457088947296,0.926174521446228,True,100
syn-cora-h0.80-r1,StratifiedKFoldDynamic_Degree_b300,0,3,GCN,100,120,20,0.16713537275791168,0.9496644139289856,0.17050427198410034,0.9530201554298401,True,100
syn-cora-h0.80-r1,StratifiedKFoldDynamic_Degree_b300,0,3,GCN,101,127,27,0.17688526213169098,0.9328858852386475,0.17269182205200195,0.9496644139289856,True,100
syn-cora-h0.80-r1,StratifiedKFoldDynamic_Degree_b300,0,4,GCN,100,126,26,0.15793868899345398,0.9496644139289856,0.18376348912715912,0.936241626739502,True,100
syn-cora-h0.80-r1,StratifiedKFoldDynamic_Degree_b300,0,4,GCN,101,125,25,0.16133683919906616,0.9530201554298401,0.1985028088092804,0.9395973086357117,True,100
syn-cora-h0.80-r1,StratifiedKFoldDynamic_Degree_b300,0,5,GCN,100,119,19,0.25869452953338623,0.9060402512550354,0.15060965716838837,0.9496644139289856,True,100
syn-cora-h0.80-r1,StratifiedKFoldDynamic_Degree_b300,0,5,GCN,101,118,18,0.2676577568054199,0.9161073565483093,0.15533635020256042,0.9563758373260498,True,100
syn-cora-h0.80-r1,StratifiedKFoldDynamic_NeighHet_b300,0,1,GCN,100,121,21,0.18117325007915497,0.9429529905319214,0.19811035692691803,0.9295302033424377,True,100
syn-cora-h0.80-r1,StratifiedKFoldDynamic_NeighHet_b300,0,2,GCN,101,121,21,0.1742740124464035,0.9463087320327759,0.17340406775474548,0.9463087320327759,True,100
syn-cora-h0.80-r1,StratifiedKFoldDynamic_NeighHet_b300,0,2,GCN,100,120,20,0.16178765892982483,0.9429529905319214,0.17531608045101166,0.9395973086357117,True,100
syn-cora-h0.80-r1,StratifiedKFoldDynamic_NeighHet_b300,0,1,GCN,101,122,22,0.17571748793125153,0.9395973086357117,0.18826431035995483,0.926174521446228,True,100
syn-cora-h0.80-r1,StratifiedKFoldDynamic_NeighHet_b300,0,4,GCN,101,119,19,0.21420559287071228,0.9295302033424377,0.20461934804916382,0.9295302033424377,True,100
syn-cora-h0.80-r1,StratifiedKFoldDynamic_NeighHet_b300,0,4,GCN,100,119,19,0.20879247784614563,0.936241626739502,0.19012728333473206,0.9429529905319214,True,100
syn-cora-h0.80-r1,StratifiedKFoldDynamic_NeighHet_b300,0,3,GCN,100,120,20,0.20479750633239746,0.926174521446228,0.158754363656044,0.9429529905319214,True,100
syn-cora-h0.80-r1,StratifiedKFoldDynamic_NeighHet_b300,0,3,GCN,101,120,20,0.21483701467514038,0.9295302033424377,0.1722107231616974,0.9429529905319214,True,100
syn-cora-h0.80-r1,StratifiedKFoldDynamic_NeighHet_b300,0,5,GCN,101,123,23,0.18409527838230133,0.9496644139289856,0.21033531427383423,0.9429529905319214,True,100
syn-cora-h0.80-r1,StratifiedKFoldDynamic_NeighHet_b300,0,5,GCN,100,127,27,0.19376766681671143,0.936241626739502,0.21303081512451172,0.9328858852386475,True,100
syn-cora-h0.80-r1,StratifiedKFoldDynamic_PageRank_b300,0,2,GCN,100,120,20,0.15405036509037018,0.936241626739502,0.16962763667106628,0.9429529905319214,True,100
syn-cora-h0.80-r1,StratifiedKFoldDynamic_PageRank_b300,0,1,GCN,100,125,25,0.1736554205417633,0.9429529905319214,0.1276540607213974,0.9597315192222595,True,100
syn-cora-h0.80-r1,StratifiedKFoldDynamic_PageRank_b300,0,2,GCN,101,125,25,0.15827946364879608,0.9395973086357117,0.15911699831485748,0.9429529905319214,True,100
syn-cora-h0.80-r1,StratifiedKFoldDynamic_PageRank_b300,0,1,GCN,101,126,26,0.16493180394172668,0.9328858852386475,0.13623294234275818,0.9563758373260498,True,100
syn-cora-h0.80-r1,StratifiedKFoldDynamic_PageRank_b300,0,3,GCN,100,118,18,0.24239088594913483,0.9194630980491638,0.16376125812530518,0.9429529905319214,True,100
syn-cora-h0.80-r1,StratifiedKFoldDynamic_PageRank_b300,0,4,GCN,100,147,47,0.21991772949695587,0.9328858852386475,0.28573077917099,0.9093959927558899,True,100
syn-cora-h0.80-r1,StratifiedKFoldDynamic_PageRank_b300,0,4,GCN,101,143,43,0.22225670516490936,0.9429529905319214,0.30318471789360046,0.899328887462616,True,100
syn-cora-h0.80-r1,StratifiedKFoldDynamic_PageRank_b300,0,5,GCN,100,127,27,0.13520972430706024,0.9530201554298401,0.22826239466667175,0.9463087320327759,True,100
syn-cora-h0.80-r1,StratifiedKFoldDynamic_PageRank_b300,0,3,GCN,101,249,149,0.2625831663608551,0.9060402512550354,0.22097374498844147,0.9295302033424377,True,100
syn-cora-h0.80-r1,StratifiedKFoldDynamic_PageRank_b300,0,5,GCN,101,126,26,0.14729569852352142,0.9429529905319214,0.2320580929517746,0.9429529905319214,True,100
syn-cora-h0.80-r1,StratifiedKFoldDynamic_EigCentrality_b300,0,1,GCN,100,126,26,0.17927710711956024,0.9328858852386475,0.23122137784957886,0.9228187799453735,True,100
syn-cora-h0.80-r1,StratifiedKFoldDynamic_EigCentrality_b300,0,2,GCN,100,120,20,0.14054882526397705,0.9530201554298401,0.16644777357578278,0.9395973086357117,True,100
syn-cora-h0.80-r1,StratifiedKFoldDynamic_EigCentrality_b300,0,2,GCN,101,124,24,0.13681234419345856,0.9429529905319214,0.1737588793039322,0.9496644139289856,True,100
syn-cora-h0.80-r1,StratifiedKFoldDynamic_EigCentrality_b300,0,1,GCN,101,128,28,0.1926536113023758,0.9395973086357117,0.24097852408885956,0.9127516746520996,True,100
syn-cora-h0.80-r1,StratifiedKFoldDynamic_EigCentrality_b300,0,4,GCN,100,119,19,0.21870005130767822,0.936241626739502,0.161363422870636,0.9429529905319214,True,100
syn-cora-h0.80-r1,StratifiedKFoldDynamic_EigCentrality_b300,0,4,GCN,101,123,23,0.21568512916564941,0.9395973086357117,0.170442596077919,0.9395973086357117,True,100
syn-cora-h0.80-r1,StratifiedKFoldDynamic_EigCentrality_b300,0,3,GCN,101,239,139,0.15470744669437408,0.9395973086357117,0.19530999660491943,0.9228187799453735,True,100
syn-cora-h0.80-r1,StratifiedKFoldDynamic_EigCentrality_b300,0,5,GCN,100,122,22,0.21519537270069122,0.9161073565483093,0.20587104558944702,0.9328858852386475,True,100
syn-cora-h0.80-r1,StratifiedKFoldDynamic_EigCentrality_b300,0,5,GCN,101,121,21,0.22310516238212585,0.9228187799453735,0.20089589059352875,0.9395973086357117,True,100
syn-cora-h0.80-r1,StratifiedKFoldDynamic_EigCentrality_b300,0,3,GCN,100,268,168,0.15378664433956146,0.9496644139289856,0.1898440271615982,0.9228187799453735,True,100
syn-cora-h0.80-r1,StratifiedKFoldDynamic_Clustering_b300,0,1,GCN,100,120,20,0.18086376786231995,0.9328858852386475,0.186166450381279,0.9395973086357117,True,100
syn-cora-h0.80-r1,StratifiedKFoldDynamic_Clustering_b300,0,1,GCN,101,123,23,0.18630212545394897,0.9395973086357117,0.1994536817073822,0.9328858852386475,True,100
syn-cora-h0.80-r1,StratifiedKFoldDynamic_Clustering_b300,0,2,GCN,100,200,100,0.11356514692306519,0.9697986841201782,0.21789532899856567,0.9228187799453735,True,100
syn-cora-h0.80-r1,StratifiedKFoldDynamic_Clustering_b300,0,3,GCN,100,119,19,0.18834249675273895,0.936241626739502,0.13163292407989502,0.9530201554298401,True,100
syn-cora-h0.80-r1,StratifiedKFoldDynamic_Clustering_b300,0,3,GCN,101,120,20,0.19755028188228607,0.936241626739502,0.13587483763694763,0.9597315192222595,True,100
syn-cora-h0.80-r1,StratifiedKFoldDynamic_Clustering_b300,0,2,GCN,101,255,155,0.11846230924129486,0.963087260723114,0.22386950254440308,0.926174521446228,True,100
syn-cora-h0.80-r1,StratifiedKFoldDynamic_Clustering_b300,0,4,GCN,100,118,18,0.2756035327911377,0.9127516746520996,0.16970005631446838,0.936241626739502,True,100
syn-cora-h0.80-r1,StratifiedKFoldDynamic_Clustering_b300,0,4,GCN,101,122,22,0.27107757329940796,0.9127516746520996,0.18172085285186768,0.9295302033424377,True,100
syn-cora-h0.80-r1,StratifiedKFoldDynamic_Clustering_b300,0,5,GCN,100,119,19,0.1763276308774948,0.9463087320327759,0.2738891839981079,0.9060402512550354,True,100
syn-cora-h0.80-r1,StratifiedKFoldDynamic_Clustering_b300,0,5,GCN,101,123,23,0.18913835287094116,0.9429529905319214,0.27291521430015564,0.9127516746520996,True,100
syn-cora-h0.80-r1,RandomKFold,1,1,GCN,101,120,20,0.1980377733707428,0.9429529905319214,0.2207394242286682,0.926174521446228,True,100
syn-cora-h0.80-r1,RandomKFold,1,2,GCN,100,126,26,0.11538992077112198,0.9429529905319214,0.20338165760040283,0.9328858852386475,True,100
syn-cora-h0.80-r1,RandomKFold,1,1,GCN,100,125,25,0.19949333369731903,0.9395973086357117,0.21984495222568512,0.9295302033424377,True,100
syn-cora-h0.80-r1,RandomKFold,1,2,GCN,101,124,24,0.11401528120040894,0.9496644139289856,0.19555971026420593,0.9429529905319214,True,100
syn-cora-h0.80-r1,RandomKFold,1,3,GCN,100,119,19,0.22685891389846802,0.9295302033424377,0.12665875256061554,0.9530201554298401,True,100
syn-cora-h0.80-r1,RandomKFold,1,4,GCN,101,122,22,0.16458424925804138,0.9463087320327759,0.23953984677791595,0.9194630980491638,True,100
syn-cora-h0.80-r1,RandomKFold,1,4,GCN,100,126,26,0.1633489727973938,0.9429529905319214,0.2284395843744278,0.9194630980491638,True,100
syn-cora-h0.80-r1,RandomKFold,1,5,GCN,100,120,20,0.20963431894779205,0.936241626739502,0.17113542556762695,0.9429529905319214,True,100
syn-cora-h0.80-r1,RandomKFold,1,5,GCN,101,120,20,0.21935008466243744,0.936241626739502,0.17271986603736877,0.9395973086357117,True,100
syn-cora-h0.80-r1,RandomKFold,1,3,GCN,101,260,160,0.2404482066631317,0.9228187799453735,0.1386900395154953,0.9496644139289856,True,100
syn-cora-h0.80-r1,LabelStratifiedKFold,1,1,GCN,100,120,20,0.19100598990917206,0.9395973086357117,0.17102135717868805,0.9463087320327759,True,100
syn-cora-h0.80-r1,LabelStratifiedKFold,1,1,GCN,101,122,22,0.19215035438537598,0.936241626739502,0.16714566946029663,0.9597315192222595,True,100
syn-cora-h0.80-r1,LabelStratifiedKFold,1,2,GCN,100,120,20,0.17827628552913666,0.936241626739502,0.1954507976770401,0.9328858852386475,True,100
syn-cora-h0.80-r1,LabelStratifiedKFold,1,2,GCN,101,126,26,0.1885870397090912,0.926174521446228,0.20733964443206787,0.926174521446228,True,100
syn-cora-h0.80-r1,LabelStratifiedKFold,1,3,GCN,100,119,19,0.2140141874551773,0.9328858852386475,0.19513942301273346,0.9328858852386475,True,100
syn-cora-h0.80-r1,LabelStratifiedKFold,1,3,GCN,101,120,20,0.21176865696907043,0.936241626739502,0.20647959411144257,0.926174521446228,True,100
syn-cora-h0.80-r1,LabelStratifiedKFold,1,4,GCN,100,120,20,0.21800759434700012,0.9295302033424377,0.21266122162342072,0.936241626739502,True,100
syn-cora-h0.80-r1,LabelStratifiedKFold,1,4,GCN,101,122,22,0.22814124822616577,0.9228187799453735,0.21341468393802643,0.926174521446228,True,100
syn-cora-h0.80-r1,LabelStratifiedKFold,1,5,GCN,100,121,21,0.16818201541900635,0.9429529905319214,0.22995832562446594,0.9228187799453735,True,100
syn-cora-h0.80-r1,LabelStratifiedKFold,1,5,GCN,101,121,21,0.16519129276275635,0.9395973086357117,0.23203106224536896,0.9228187799453735,True,100
syn-cora-h0.80-r1,StratifiedKFoldDynamic_Degree_b300,1,2,GCN,101,117,17,0.25293949246406555,0.9161073565483093,0.22059856355190277,0.9228187799453735,True,100
syn-cora-h0.80-r1,StratifiedKFoldDynamic_Degree_b300,1,2,GCN,100,119,19,0.23849305510520935,0.9093959927558899,0.21206504106521606,0.9194630980491638,True,100
syn-cora-h0.80-r1,StratifiedKFoldDynamic_Degree_b300,1,1,GCN,100,122,22,0.1933107227087021,0.9328858852386475,0.13920460641384125,0.9530201554298401,True,100
syn-cora-h0.80-r1,StratifiedKFoldDynamic_Degree_b300,1,1,GCN,101,127,27,0.19549165666103363,0.936241626739502,0.1455868035554886,0.9530201554298401,True,100
syn-cora-h0.80-r1,StratifiedKFoldDynamic_Degree_b300,1,3,GCN,100,119,19,0.1900288313627243,0.9463087320327759,0.23131126165390015,0.9161073565483093,True,100
syn-cora-h0.80-r1,StratifiedKFoldDynamic_Degree_b300,1,3,GCN,101,120,20,0.19041723012924194,0.9395973086357117,0.24275492131710052,0.9127516746520996,True,100
syn-cora-h0.80-r1,StratifiedKFoldDynamic_Degree_b300,1,4,GCN,100,127,27,0.1692870557308197,0.936241626739502,0.18568642437458038,0.9429529905319214,True,100
syn-cora-h0.80-r1,StratifiedKFoldDynamic_Degree_b300,1,5,GCN,100,121,21,0.1489759087562561,0.9429529905319214,0.1834179162979126,0.9395973086357117,True,100
syn-cora-h0.80-r1,StratifiedKFoldDynamic_Degree_b300,1,5,GCN,101,122,22,0.15502279996871948,0.9395973086357117,0.17934051156044006,0.9395973086357117,True,100
syn-cora-h0.80-r1,StratifiedKFoldDynamic_Degree_b300,1,4,GCN,101,239,139,0.1717749536037445,0.9395973086357117,0.21651658415794373,0.926174521446228,True,100
syn-cora-h0.80-r1,StratifiedKFoldDynamic_NeighHet_b300,1,1,GCN,100,121,21,0.22481268644332886,0.926174521446228,0.1828160583972931,0.9295302033424377,True,100
syn-cora-h0.80-r1,StratifiedKFoldDynamic_NeighHet_b300,1,1,GCN,101,119,19,0.228640615940094,0.926174521446228,0.18076063692569733,0.9395973086357117,True,100
syn-cora-h0.80-r1,StratifiedKFoldDynamic_NeighHet_b300,1,2,GCN,101,124,24,0.16157469153404236,0.9295302033424377,0.23250779509544373,0.9161073565483093,True,100
syn-cora-h0.80-r1,StratifiedKFoldDynamic_NeighHet_b300,1,2,GCN,100,132,32,0.17126524448394775,0.9429529905319214,0.24499782919883728,0.9194630980491638,True,100
syn-cora-h0.80-r1,StratifiedKFoldDynamic_NeighHet_b300,1,3,GCN,100,119,19,0.16335687041282654,0.9463087320327759,0.18142947554588318,0.9328858852386475,True,100
syn-cora-h0.80-r1,StratifiedKFoldDynamic_NeighHet_b300,1,4,GCN,100,190,90,0.20174629986286163,0.9463087320327759,0.1825529932975769,0.926174521446228,True,100
syn-cora-h0.80-r1,StratifiedKFoldDynamic_NeighHet_b300,1,4,GCN,101,219,119,0.20542779564857483,0.9429529905319214,0.1885216236114502,0.9328858852386475,True,100
syn-cora-h0.80-r1,StratifiedKFoldDynamic_NeighHet_b300,1,5,GCN,100,120,20,0.18009312450885773,0.936241626739502,0.19083808362483978,0.9563758373260498,True,100
syn-cora-h0.80-r1,StratifiedKFoldDynamic_NeighHet_b300,1,3,GCN,101,250,150,0.17728033661842346,0.9463087320327759,0.18696027994155884,0.9295302033424377,True,100
syn-cora-h0.80-r1,StratifiedKFoldDynamic_NeighHet_b300,1,5,GCN,101,121,21,0.1794293373823166,0.9395973086357117,0.18616324663162231,0.9530201554298401,True,100
syn-cora-h0.80-r1,StratifiedKFoldDynamic_PageRank_b300,1,2,GCN,101,122,22,0.2029072344303131,0.9295302033424377,0.18120181560516357,0.9295302033424377,True,100
syn-cora-h0.80-r1,StratifiedKFoldDynamic_PageRank_b300,1,1,GCN,100,120,20,0.17566712200641632,0.936241626739502,0.19120275974273682,0.9429529905319214,True,100
syn-cora-h0.80-r1,StratifiedKFoldDynamic_PageRank_b300,1,1,GCN,101,121,21,0.17710526287555695,0.9429529905319214,0.21151189506053925,0.9228187799453735,True,100
syn-cora-h0.80-r1,StratifiedKFoldDynamic_PageRank_b300,1,2,GCN,100,192,92,0.202535942196846,0.936241626739502,0.22136566042900085,0.9060402512550354,True,100
syn-cora-h0.80-r1,StratifiedKFoldDynamic_PageRank_b300,1,3,GCN,100,119,19,0.17060378193855286,0.936241626739502,0.19555343687534332,0.9295302033424377,True,100
syn-cora-h0.80-r1,StratifiedKFoldDynamic_PageRank_b300,1,3,GCN,101,120,20,0.18230627477169037,0.9328858852386475,0.1968095451593399,0.9328858852386475,True,100
syn-cora-h0.80-r1,StratifiedKFoldDynamic_PageRank_b300,1,4,GCN,100,121,21,0.19028480350971222,0.9328858852386475,0.18254391849040985,0.9328858852386475,True,100
syn-cora-h0.80-r1,StratifiedKFoldDynamic_PageRank_b300,1,4,GCN,101,122,22,0.19892869889736176,0.9295302033424377,0.19208072125911713,0.9295302033424377,True,100
syn-cora-h0.80-r1,StratifiedKFoldDynamic_PageRank_b300,1,5,GCN,100,128,28,0.19464367628097534,0.9429529905319214,0.18064267933368683,0.9429529905319214,True,100
syn-cora-h0.80-r1,StratifiedKFoldDynamic_PageRank_b300,1,5,GCN,101,136,36,0.218074232339859,0.936241626739502,0.20300158858299255,0.9496644139289856,True,100
syn-cora-h0.80-r1,StratifiedKFoldDynamic_EigCentrality_b300,1,2,GCN,101,120,20,0.17901939153671265,0.9429529905319214,0.20365460216999054,0.9228187799453735,True,100
syn-cora-h0.80-r1,StratifiedKFoldDynamic_EigCentrality_b300,1,1,GCN,101,119,19,0.19901937246322632,0.9295302033424377,0.22603781521320343,0.9228187799453735,True,100
syn-cora-h0.80-r1,StratifiedKFoldDynamic_EigCentrality_b300,1,2,GCN,100,120,20,0.1749592423439026,0.9395973086357117,0.19689416885375977,0.9328858852386475,True,100
syn-cora-h0.80-r1,StratifiedKFoldDynamic_EigCentrality_b300,1,1,GCN,100,121,21,0.19401812553405762,0.926174521446228,0.22818420827388763,0.9161073565483093,True,100
syn-cora-h0.80-r1,StratifiedKFoldDynamic_EigCentrality_b300,1,3,GCN,100,120,20,0.1457231342792511,0.9463087320327759,0.18474918603897095,0.9228187799453735,True,100
syn-cora-h0.80-r1,StratifiedKFoldDynamic_EigCentrality_b300,1,4,GCN,100,119,19,0.21217484772205353,0.9161073565483093,0.14548346400260925,0.9496644139289856,True,100
syn-cora-h0.80-r1,StratifiedKFoldDynamic_EigCentrality_b300,1,3,GCN,101,124,24,0.14499378204345703,0.9496644139289856,0.19815677404403687,0.9194630980491638,True,100
syn-cora-h0.80-r1,StratifiedKFoldDynamic_EigCentrality_b300,1,4,GCN,101,176,76,0.22457318007946014,0.926174521446228,0.1700415313243866,0.9429529905319214,True,100
syn-cora-h0.80-r1,StratifiedKFoldDynamic_EigCentrality_b300,1,5,GCN,100,118,18,0.2454070746898651,0.9127516746520996,0.2340962439775467,0.9127516746520996,True,100
syn-cora-h0.80-r1,StratifiedKFoldDynamic_EigCentrality_b300,1,5,GCN,101,117,17,0.245718315243721,0.9127516746520996,0.23816683888435364,0.9127516746520996,True,100
syn-cora-h0.80-r1,StratifiedKFoldDynamic_Clustering_b300,1,2,GCN,101,119,19,0.23203018307685852,0.9228187799453735,0.17706014215946198,0.9496644139289856,True,100
syn-cora-h0.80-r1,StratifiedKFoldDynamic_Clustering_b300,1,1,GCN,101,130,30,0.1632532775402069,0.9597315192222595,0.19531352818012238,0.926174521446228,True,100
syn-cora-h0.80-r1,StratifiedKFoldDynamic_Clustering_b300,1,1,GCN,100,132,32,0.15582014620304108,0.9496644139289856,0.1857878416776657,0.9295302033424377,True,100
syn-cora-h0.80-r1,StratifiedKFoldDynamic_Clustering_b300,1,2,GCN,100,206,106,0.23322506248950958,0.926174521446228,0.18148522078990936,0.936241626739502,True,100
syn-cora-h0.80-r1,StratifiedKFoldDynamic_Clustering_b300,1,3,GCN,100,127,27,0.16391809284687042,0.936241626739502,0.2505568563938141,0.9161073565483093,True,100
syn-cora-h0.80-r1,StratifiedKFoldDynamic_Clustering_b300,1,4,GCN,100,120,20,0.20040510594844818,0.936241626739502,0.15530236065387726,0.9429529905319214,True,100
syn-cora-h0.80-r1,StratifiedKFoldDynamic_Clustering_b300,1,3,GCN,101,124,24,0.16521432995796204,0.9395973086357117,0.24209943413734436,0.9295302033424377,True,100
syn-cora-h0.80-r1,StratifiedKFoldDynamic_Clustering_b300,1,5,GCN,100,120,20,0.14999522268772125,0.9496644139289856,0.19648636877536774,0.9395973086357117,True,100
syn-cora-h0.80-r1,StratifiedKFoldDynamic_Clustering_b300,1,5,GCN,101,121,21,0.15144143998622894,0.9496644139289856,0.21681809425354004,0.9295302033424377,True,100
syn-cora-h0.80-r1,StratifiedKFoldDynamic_Clustering_b300,1,4,GCN,101,173,73,0.2168673872947693,0.9228187799453735,0.18517467379570007,0.9295302033424377,True,100
syn-cora-h0.80-r1,RandomKFold,2,2,GCN,100,121,21,0.13663655519485474,0.9530201554298401,0.18578773736953735,0.9429529905319214,True,100
syn-cora-h0.80-r1,RandomKFold,2,2,GCN,101,123,23,0.1459156572818756,0.9496644139289856,0.18789562582969666,0.9463087320327759,True,100
syn-cora-h0.80-r1,RandomKFold,2,1,GCN,100,126,26,0.1966121643781662,0.9395973086357117,0.24449536204338074,0.9127516746520996,True,100
syn-cora-h0.80-r1,RandomKFold,2,1,GCN,101,127,27,0.19723479449748993,0.9395973086357117,0.26305994391441345,0.9161073565483093,True,100
syn-cora-h0.80-r1,RandomKFold,2,3,GCN,100,125,25,0.19958332180976868,0.9328858852386475,0.13775783777236938,0.9496644139289856,True,100
syn-cora-h0.80-r1,RandomKFold,2,3,GCN,101,122,22,0.1967053860425949,0.936241626739502,0.13733480870723724,0.9496644139289856,True,100
syn-cora-h0.80-r1,RandomKFold,2,4,GCN,101,120,20,0.17155560851097107,0.9463087320327759,0.19286631047725677,0.9161073565483093,True,100
syn-cora-h0.80-r1,RandomKFold,2,4,GCN,100,120,20,0.17104221880435944,0.9395973086357117,0.19378365576267242,0.9295302033424377,True,100
syn-cora-h0.80-r1,RandomKFold,2,5,GCN,100,118,18,0.2236650437116623,0.9194630980491638,0.17121289670467377,0.9429529905319214,True,100
syn-cora-h0.80-r1,RandomKFold,2,5,GCN,101,124,24,0.2517518699169159,0.9194630980491638,0.1744762808084488,0.936241626739502,True,100
syn-cora-h0.80-r1,LabelStratifiedKFold,2,1,GCN,101,120,20,0.2079511135816574,0.9328858852386475,0.1653834730386734,0.9395973086357117,True,100
syn-cora-h0.80-r1,LabelStratifiedKFold,2,2,GCN,100,121,21,0.16324231028556824,0.9563758373260498,0.1886291652917862,0.9395973086357117,True,100
syn-cora-h0.80-r1,LabelStratifiedKFold,2,2,GCN,101,123,23,0.16838805377483368,0.9530201554298401,0.20269279181957245,0.936241626739502,True,100
syn-cora-h0.80-r1,LabelStratifiedKFold,2,1,GCN,100,126,26,0.19039495289325714,0.9395973086357117,0.15503470599651337,0.9395973086357117,True,100
syn-cora-h0.80-r1,LabelStratifiedKFold,2,3,GCN,100,117,17,0.2269117832183838,0.9194630980491638,0.18113262951374054,0.9463087320327759,True,100
syn-cora-h0.80-r1,LabelStratifiedKFold,2,3,GCN,101,117,17,0.22467143833637238,0.9228187799453735,0.18141205608844757,0.9496644139289856,True,100
syn-cora-h0.80-r1,LabelStratifiedKFold,2,4,GCN,100,127,27,0.18896524608135223,0.9328858852386475,0.231258362531662,0.9228187799453735,True,100
syn-cora-h0.80-r1,LabelStratifiedKFold,2,4,GCN,101,175,75,0.1878117173910141,0.9395973086357117,0.2456432580947876,0.9228187799453735,True,100
syn-cora-h0.80-r1,LabelStratifiedKFold,2,5,GCN,101,125,25,0.16008128225803375,0.9395973086357117,0.21086905896663666,0.926174521446228,True,100
syn-cora-h0.80-r1,LabelStratifiedKFold,2,5,GCN,100,127,27,0.1639239490032196,0.9295302033424377,0.21657943725585938,0.9328858852386475,True,100
syn-cora-h0.80-r1,StratifiedKFoldDynamic_Degree_b300,2,2,GCN,100,119,19,0.19860680401325226,0.9328858852386475,0.14147986471652985,0.9563758373260498,True,100
syn-cora-h0.80-r1,StratifiedKFoldDynamic_Degree_b300,2,2,GCN,101,126,26,0.20914803445339203,0.9228187799453735,0.14423850178718567,0.9496644139289856,True,100
syn-cora-h0.80-r1,StratifiedKFoldDynamic_Degree_b300,2,1,GCN,100,127,27,0.14284087717533112,0.9295302033424377,0.15901130437850952,0.9496644139289856,True,100
syn-cora-h0.80-r1,StratifiedKFoldDynamic_Degree_b300,2,1,GCN,101,128,28,0.14224548637866974,0.9395973086357117,0.16237212717533112,0.9463087320327759,True,100
syn-cora-h0.80-r1,StratifiedKFoldDynamic_Degree_b300,2,3,GCN,100,117,17,0.24465297162532806,0.9093959927558899,0.1978750228881836,0.926174521446228,True,100
syn-cora-h0.80-r1,StratifiedKFoldDynamic_Degree_b300,2,3,GCN,101,117,17,0.2500738501548767,0.9295302033424377,0.20741109549999237,0.9295302033424377,True,100
syn-cora-h0.80-r1,StratifiedKFoldDynamic_Degree_b300,2,4,GCN,101,181,81,0.1826837807893753,0.936241626739502,0.2742272913455963,0.9161073565483093,True,100
syn-cora-h0.80-r1,StratifiedKFoldDynamic_Degree_b300,2,4,GCN,100,207,107,0.1803806573152542,0.9463087320327759,0.27982088923454285,0.8959731459617615,True,100
syn-cora-h0.80-r1,StratifiedKFoldDynamic_Degree_b300,2,5,GCN,100,121,21,0.14865073561668396,0.9597315192222595,0.18717952072620392,0.9395973086357117,True,100
syn-cora-h0.80-r1,StratifiedKFoldDynamic_Degree_b300,2,5,GCN,101,125,25,0.14494384825229645,0.9597315192222595,0.19472931325435638,0.9395973086357117,True,100
syn-cora-h0.80-r1,StratifiedKFoldDynamic_NeighHet_b300,2,2,GCN,100,120,20,0.16224783658981323,0.9395973086357117,0.2080480307340622,0.9295302033424377,True,100
syn-cora-h0.80-r1,StratifiedKFoldDynamic_NeighHet_b300,2,1,GCN,101,125,25,0.2008494883775711,0.9395973086357117,0.1851067990064621,0.9496644139289856,True,100
syn-cora-h0.80-r1,StratifiedKFoldDynamic_NeighHet_b300,2,2,GCN,101,124,24,0.16987742483615875,0.936241626739502,0.22122763097286224,0.9328858852386475,True,100
syn-cora-h0.80-r1,StratifiedKFoldDynamic_NeighHet_b300,2,1,GCN,100,128,28,0.19053024053573608,0.936241626739502,0.17534233629703522,0.9463087320327759,True,100
syn-cora-h0.80-r1,StratifiedKFoldDynamic_NeighHet_b300,2,3,GCN,100,120,20,0.1972169429063797,0.936241626739502,0.16927827894687653,0.9395973086357117,True,100
syn-cora-h0.80-r1,StratifiedKFoldDynamic_NeighHet_b300,2,4,GCN,100,121,21,0.19270944595336914,0.9463087320327759,0.1732868105173111,0.9463087320327759,True,100
syn-cora-h0.80-r1,StratifiedKFoldDynamic_NeighHet_b300,2,3,GCN,101,125,25,0.2034911960363388,0.9328858852386475,0.18067945539951324,0.926174521446228,True,100
syn-cora-h0.80-r1,StratifiedKFoldDynamic_NeighHet_b300,2,4,GCN,101,120,20,0.18545953929424286,0.9496644139289856,0.18760566413402557,0.9496644139289856,True,100
syn-cora-h0.80-r1,StratifiedKFoldDynamic_NeighHet_b300,2,5,GCN,100,120,20,0.18327362835407257,0.936241626739502,0.2046349197626114,0.9328858852386475,True,100
syn-cora-h0.80-r1,StratifiedKFoldDynamic_NeighHet_b300,2,5,GCN,101,123,23,0.18949592113494873,0.9429529905319214,0.2080850899219513,0.9328858852386475,True,100
syn-cora-h0.80-r1,StratifiedKFoldDynamic_PageRank_b300,2,2,GCN,101,119,19,0.23016364872455597,0.9194630980491638,0.16573351621627808,0.9395973086357117,True,100
syn-cora-h0.80-r1,StratifiedKFoldDynamic_PageRank_b300,2,2,GCN,100,122,22,0.2255907505750656,0.9295302033424377,0.1618829071521759,0.9395973086357117,True,100
syn-cora-h0.80-r1,StratifiedKFoldDynamic_PageRank_b300,2,1,GCN,100,127,27,0.16153083741664886,0.936241626739502,0.2082568109035492,0.9328858852386475,True,100
syn-cora-h0.80-r1,StratifiedKFoldDynamic_PageRank_b300,2,1,GCN,101,193,93,0.16447171568870544,0.9295302033424377,0.2536855638027191,0.9026845693588257,True,100
syn-cora-h0.80-r1,StratifiedKFoldDynamic_PageRank_b300,2,3,GCN,100,121,21,0.15265707671642303,0.9463087320327759,0.23940932750701904,0.926174521446228,True,100
syn-cora-h0.80-r1,StratifiedKFoldDynamic_PageRank_b300,2,4,GCN,100,119,19,0.1924705058336258,0.9295302033424377,0.157981276512146,0.9429529905319214,True,100
syn-cora-h0.80-r1,StratifiedKFoldDynamic_PageRank_b300,2,3,GCN,101,122,22,0.14691004157066345,0.9463087320327759,0.251032292842865,0.9228187799453735,True,100
syn-cora-h0.80-r1,StratifiedKFoldDynamic_PageRank_b300,2,4,GCN,101,125,25,0.20525377988815308,0.926174521446228,0.15023678541183472,0.9496644139289856,True,100
syn-cora-h0.80-r1,StratifiedKFoldDynamic_PageRank_b300,2,5,GCN,100,119,19,0.19935041666030884,0.9496644139289856,0.1928475946187973,0.9295302033424377,True,100
syn-cora-h0.80-r1,StratifiedKFoldDynamic_PageRank_b300,2,5,GCN,101,119,19,0.22079414129257202,0.936241626739502,0.2055298388004303,0.926174521446228,True,100
syn-cora-h0.80-r1,StratifiedKFoldDynamic_EigCentrality_b300,2,2,GCN,100,120,20,0.14931826293468475,0.9496644139289856,0.17579738795757294,0.936241626739502,True,100
syn-cora-h0.80-r1,StratifiedKFoldDynamic_EigCentrality_b300,2,1,GCN,100,121,21,0.17866937816143036,0.936241626739502,0.25244468450546265,0.9228187799453735,True,100
syn-cora-h0.80-r1,StratifiedKFoldDynamic_EigCentrality_b300,2,1,GCN,101,119,19,0.18964563310146332,0.936241626739502,0.26329225301742554,0.9194630980491638,True,100
syn-cora-h0.80-r1,StratifiedKFoldDynamic_EigCentrality_b300,2,2,GCN,101,123,23,0.1457049697637558,0.9563758373260498,0.18539409339427948,0.936241626739502,True,100
syn-cora-h0.80-r1,StratifiedKFoldDynamic_EigCentrality_b300,2,4,GCN,101,121,21,0.16718217730522156,0.9496644139289856,0.2214759737253189,0.9194630980491638,True,100
syn-cora-h0.80-r1,StratifiedKFoldDynamic_EigCentrality_b300,2,4,GCN,100,122,22,0.1721755713224411,0.9463087320327759,0.20534147322177887,0.9194630980491638,True,100
syn-cora-h0.80-r1,StratifiedKFoldDynamic_EigCentrality_b300,2,3,GCN,100,165,65,0.19707496464252472,0.9194630980491638,0.16682183742523193,0.9563758373260498,True,100
syn-cora-h0.80-r1,StratifiedKFoldDynamic_EigCentrality_b300,2,5,GCN,100,120,20,0.24185548722743988,0.9127516746520996,0.16930195689201355,0.9530201554298401,True,100
syn-cora-h0.80-r1,StratifiedKFoldDynamic_EigCentrality_b300,2,5,GCN,101,119,19,0.25119295716285706,0.926174521446228,0.1652863770723343,0.9496644139289856,True,100
syn-cora-h0.80-r1,StratifiedKFoldDynamic_EigCentrality_b300,2,3,GCN,101,372,272,0.20002877712249756,0.9161073565483093,0.17367497086524963,0.9463087320327759,True,100
syn-cora-h0.80-r1,StratifiedKFoldDynamic_Clustering_b300,2,2,GCN,100,118,18,0.24047419428825378,0.9093959927558899,0.16846613585948944,0.936241626739502,True,100
syn-cora-h0.80-r1,StratifiedKFoldDynamic_Clustering_b300,2,2,GCN,101,116,16,0.260393351316452,0.9093959927558899,0.16988523304462433,0.9463087320327759,True,100
syn-cora-h0.80-r1,StratifiedKFoldDynamic_Clustering_b300,2,1,GCN,101,123,23,0.14919522404670715,0.9496644139289856,0.18733981251716614,0.936241626739502,True,100
syn-cora-h0.80-r1,StratifiedKFoldDynamic_Clustering_b300,2,1,GCN,100,125,25,0.15933717787265778,0.9328858852386475,0.19358766078948975,0.926174521446228,True,100
syn-cora-h0.80-r1,StratifiedKFoldDynamic_Clustering_b300,2,3,GCN,100,128,28,0.14829741418361664,0.9563758373260498,0.2481430172920227,0.9161073565483093,True,100
syn-cora-h0.80-r1,StratifiedKFoldDynamic_Clustering_b300,2,4,GCN,100,196,96,0.1710641235113144,0.9530201554298401,0.18097826838493347,0.926174521446228,True,100
syn-cora-h0.80-r1,StratifiedKFoldDynamic_Clustering_b300,2,5,GCN,100,120,20,0.1914369910955429,0.936241626739502,0.17739823460578918,0.9563758373260498,True,100
syn-cora-h0.80-r1,StratifiedKFoldDynamic_Clustering_b300,2,3,GCN,101,316,216,0.1469344198703766,0.9463087320327759,0.27692970633506775,0.9060402512550354,True,100
syn-cora-h0.80-r1,StratifiedKFoldDynamic_Clustering_b300,2,5,GCN,101,120,20,0.19220884144306183,0.9328858852386475,0.18705956637859344,0.9530201554298401,True,100
syn-cora-h0.80-r1,StratifiedKFoldDynamic_Clustering_b300,2,4,GCN,101,322,222,0.17666533589363098,0.9463087320327759,0.19301246106624603,0.926174521446228,True,100
syn-cora-h0.80-r1,RandomKFold,3,2,GCN,100,120,20,0.2001200169324875,0.9328858852386475,0.14335528016090393,0.9496644139289856,True,100
syn-cora-h0.80-r1,RandomKFold,3,1,GCN,100,119,19,0.1509566307067871,0.9395973086357117,0.2625872492790222,0.9161073565483093,True,100
syn-cora-h0.80-r1,RandomKFold,3,1,GCN,101,124,24,0.15355384349822998,0.926174521446228,0.2997466027736664,0.9060402512550354,True,100
syn-cora-h0.80-r1,RandomKFold,3,2,GCN,101,179,79,0.20089927315711975,0.9429529905319214,0.16497962176799774,0.936241626739502,True,100
syn-cora-h0.80-r1,RandomKFold,3,3,GCN,101,121,21,0.1608501821756363,0.9395973086357117,0.22045670449733734,0.9328858852386475,True,100
syn-cora-h0.80-r1,RandomKFold,3,3,GCN,100,125,25,0.15997864305973053,0.9463087320327759,0.22088412940502167,0.9295302033424377,True,100
syn-cora-h0.80-r1,RandomKFold,3,4,GCN,100,122,22,0.19018152356147766,0.9429529905319214,0.17246825993061066,0.9328858852386475,True,100
syn-cora-h0.80-r1,RandomKFold,3,4,GCN,101,121,21,0.18410912156105042,0.9496644139289856,0.17035602033138275,0.9395973086357117,True,100
syn-cora-h0.80-r1,RandomKFold,3,5,GCN,101,116,16,0.26950904726982117,0.9194630980491638,0.19850510358810425,0.9496644139289856,True,100
syn-cora-h0.80-r1,RandomKFold,3,5,GCN,100,117,17,0.2516244053840637,0.9127516746520996,0.20585854351520538,0.9395973086357117,True,100
syn-cora-h0.80-r1,LabelStratifiedKFold,3,2,GCN,100,133,33,0.1971210539340973,0.9328858852386475,0.1996937096118927,0.9429529905319214,True,100
syn-cora-h0.80-r1,LabelStratifiedKFold,3,1,GCN,100,189,89,0.19363005459308624,0.936241626739502,0.19265760481357574,0.9429529905319214,True,100
syn-cora-h0.80-r1,LabelStratifiedKFold,3,2,GCN,101,203,103,0.19644321501255035,0.9295302033424377,0.1932099461555481,0.9328858852386475,True,100
syn-cora-h0.80-r1,LabelStratifiedKFold,3,1,GCN,101,241,141,0.20141859352588654,0.9395973086357117,0.20522953569889069,0.926174521446228,True,100
syn-cora-h0.80-r1,LabelStratifiedKFold,3,3,GCN,100,125,25,0.13197946548461914,0.9597315192222595,0.20134474337100983,0.9295302033424377,True,100
syn-cora-h0.80-r1,LabelStratifiedKFold,3,3,GCN,101,120,20,0.13516588509082794,0.9597315192222595,0.20834538340568542,0.926174521446228,True,100
syn-cora-h0.80-r1,LabelStratifiedKFold,3,4,GCN,101,123,23,0.20863237977027893,0.9328858852386475,0.14074115455150604,0.9530201554298401,True,100
syn-cora-h0.80-r1,LabelStratifiedKFold,3,5,GCN,100,120,20,0.183113694190979,0.9530201554298401,0.21758508682250977,0.926174521446228,True,100
syn-cora-h0.80-r1,LabelStratifiedKFold,3,4,GCN,100,193,93,0.20708215236663818,0.9328858852386475,0.17989090085029602,0.936241626739502,True,100
syn-cora-h0.80-r1,LabelStratifiedKFold,3,5,GCN,101,120,20,0.1860702782869339,0.9463087320327759,0.21538664400577545,0.9328858852386475,True,100
syn-cora-h0.80-r1,StratifiedKFoldDynamic_Degree_b300,3,1,GCN,101,122,22,0.17432424426078796,0.9463087320327759,0.18518808484077454,0.9395973086357117,True,100
syn-cora-h0.80-r1,StratifiedKFoldDynamic_Degree_b300,3,2,GCN,101,126,26,0.17731642723083496,0.936241626739502,0.1651526540517807,0.9496644139289856,True,100
syn-cora-h0.80-r1,StratifiedKFoldDynamic_Degree_b300,3,1,GCN,100,127,27,0.1609492152929306,0.9496644139289856,0.1854461282491684,0.9463087320327759,True,100
syn-cora-h0.80-r1,StratifiedKFoldDynamic_Degree_b300,3,2,GCN,100,131,31,0.17744356393814087,0.9328858852386475,0.1569066196680069,0.9530201554298401,True,100
syn-cora-h0.80-r1,StratifiedKFoldDynamic_Degree_b300,3,3,GCN,100,121,21,0.20995847880840302,0.9429529905319214,0.18430697917938232,0.9328858852386475,True,100
syn-cora-h0.80-r1,StratifiedKFoldDynamic_Degree_b300,3,3,GCN,101,119,19,0.20682454109191895,0.9429529905319214,0.1903509795665741,0.9295302033424377,True,100
syn-cora-h0.80-r1,StratifiedKFoldDynamic_Degree_b300,3,4,GCN,101,185,85,0.18515215814113617,0.9295302033424377,0.2041761726140976,0.936241626739502,True,100
syn-cora-h0.80-r1,StratifiedKFoldDynamic_Degree_b300,3,4,GCN,100,198,98,0.18711872398853302,0.9328858852386475,0.20620083808898926,0.9295302033424377,True,100
syn-cora-h0.80-r1,StratifiedKFoldDynamic_Degree_b300,3,5,GCN,100,120,20,0.17194496095180511,0.9463087320327759,0.19771955907344818,0.936241626739502,True,100
syn-cora-h0.80-r1,StratifiedKFoldDynamic_Degree_b300,3,5,GCN,101,123,23,0.17227014899253845,0.9463087320327759,0.2036026120185852,0.9328858852386475,True,100
syn-cora-h0.80-r1,StratifiedKFoldDynamic_NeighHet_b300,3,1,GCN,100,120,20,0.20837154984474182,0.936241626739502,0.19349360466003418,0.9295302033424377,True,100
syn-cora-h0.80-r1,StratifiedKFoldDynamic_NeighHet_b300,3,2,GCN,100,119,19,0.16081003844738007,0.9429529905319214,0.2161000669002533,0.936241626739502,True,100
syn-cora-h0.80-r1,StratifiedKFoldDynamic_NeighHet_b300,3,1,GCN,101,120,20,0.21540497243404388,0.9295302033424377,0.20420260727405548,0.926174521446228,True,100
syn-cora-h0.80-r1,StratifiedKFoldDynamic_NeighHet_b300,3,2,GCN,101,124,24,0.16136346757411957,0.9563758373260498,0.22744426131248474,0.9328858852386475,True,100
syn-cora-h0.80-r1,StratifiedKFoldDynamic_NeighHet_b300,3,3,GCN,101,119,19,0.18051046133041382,0.9429529905319214,0.1789492517709732,0.9395973086357117,True,100
syn-cora-h0.80-r1,StratifiedKFoldDynamic_NeighHet_b300,3,3,GCN,100,120,20,0.1730697602033615,0.9429529905319214,0.16803351044654846,0.9228187799453735,True,100
syn-cora-h0.80-r1,StratifiedKFoldDynamic_NeighHet_b300,3,4,GCN,100,125,25,0.18245510756969452,0.9463087320327759,0.17376300692558289,0.9328858852386475,True,100
syn-cora-h0.80-r1,StratifiedKFoldDynamic_NeighHet_b300,3,4,GCN,101,122,22,0.1880980283021927,0.9429529905319214,0.1781691163778305,0.9328858852386475,True,100
syn-cora-h0.80-r1,StratifiedKFoldDynamic_NeighHet_b300,3,5,GCN,100,119,19,0.1952885091304779,0.926174521446228,0.17388227581977844,0.9563758373260498,True,100
syn-cora-h0.80-r1,StratifiedKFoldDynamic_NeighHet_b300,3,5,GCN,101,121,21,0.19613926112651825,0.926174521446228,0.170122891664505,0.9530201554298401,True,100
syn-cora-h0.80-r1,StratifiedKFoldDynamic_PageRank_b300,3,1,GCN,101,117,17,0.22355787456035614,0.9161073565483093,0.18355834484100342,0.936241626739502,True,100
syn-cora-h0.80-r1,StratifiedKFoldDynamic_PageRank_b300,3,2,GCN,100,119,19,0.19348202645778656,0.9395973086357117,0.21139909327030182,0.9328858852386475,True,100
syn-cora-h0.80-r1,StratifiedKFoldDynamic_PageRank_b300,3,1,GCN,100,120,20,0.21954894065856934,0.9295302033424377,0.1788453459739685,0.9295302033424377,True,100
syn-cora-h0.80-r1,StratifiedKFoldDynamic_PageRank_b300,3,3,GCN,100,120,20,0.18073585629463196,0.9395973086357117,0.18686260282993317,0.9328858852386475,True,100
syn-cora-h0.80-r1,StratifiedKFoldDynamic_PageRank_b300,3,4,GCN,100,120,20,0.19150102138519287,0.936241626739502,0.19585052132606506,0.936241626739502,True,100
syn-cora-h0.80-r1,StratifiedKFoldDynamic_PageRank_b300,3,2,GCN,101,274,174,0.1889496147632599,0.9463087320327759,0.24439454078674316,0.926174521446228,True,100
syn-cora-h0.80-r1,StratifiedKFoldDynamic_PageRank_b300,3,3,GCN,101,185,85,0.19238059222698212,0.9161073565483093,0.19962699711322784,0.9295302033424377,True,100
syn-cora-h0.80-r1,StratifiedKFoldDynamic_PageRank_b300,3,4,GCN,101,124,24,0.19798873364925385,0.9395973086357117,0.21074989438056946,0.9395973086357117,True,100
syn-cora-h0.80-r1,StratifiedKFoldDynamic_PageRank_b300,3,5,GCN,100,125,25,0.17329752445220947,0.9295302033424377,0.19880853593349457,0.9463087320327759,True,100
syn-cora-h0.80-r1,StratifiedKFoldDynamic_PageRank_b300,3,5,GCN,101,122,22,0.17052018642425537,0.9395973086357117,0.1934262365102768,0.9463087320327759,True,100
syn-cora-h0.80-r1,StratifiedKFoldDynamic_EigCentrality_b300,3,1,GCN,100,118,18,0.20031698048114777,0.9161073565483093,0.11352138221263885,0.9664429426193237,True,100
syn-cora-h0.80-r1,StratifiedKFoldDynamic_EigCentrality_b300,3,2,GCN,100,121,21,0.21277037262916565,0.9395973086357117,0.20685027539730072,0.9161073565483093,True,100
syn-cora-h0.80-r1,StratifiedKFoldDynamic_EigCentrality_b300,3,2,GCN,101,121,21,0.19822540879249573,0.9328858852386475,0.22221021354198456,0.9093959927558899,True,100
syn-cora-h0.80-r1,StratifiedKFoldDynamic_EigCentrality_b300,3,1,GCN,101,192,92,0.20658497512340546,0.9060402512550354,0.1309630274772644,0.9530201554298401,True,100
syn-cora-h0.80-r1,StratifiedKFoldDynamic_EigCentrality_b300,3,3,GCN,100,121,21,0.24276810884475708,0.926174521446228,0.20558206737041473,0.9328858852386475,True,100
syn-cora-h0.80-r1,StratifiedKFoldDynamic_EigCentrality_b300,3,3,GCN,101,119,19,0.2524075210094452,0.9295302033424377,0.19907310605049133,0.936241626739502,True,100
syn-cora-h0.80-r1,StratifiedKFoldDynamic_EigCentrality_b300,3,4,GCN,100,199,99,0.1875377744436264,0.9328858852386475,0.26552775502204895,0.9093959927558899,True,100
syn-cora-h0.80-r1,StratifiedKFoldDynamic_EigCentrality_b300,3,5,GCN,101,124,24,0.09942977130413055,0.9731543660163879,0.21948792040348053,0.9295302033424377,True,100
syn-cora-h0.80-r1,StratifiedKFoldDynamic_EigCentrality_b300,3,5,GCN,100,127,27,0.09755642712116241,0.9697986841201782,0.21989181637763977,0.926174521446228,True,100
syn-cora-h0.80-r1,StratifiedKFoldDynamic_EigCentrality_b300,3,4,GCN,101,260,160,0.19285717606544495,0.9295302033424377,0.26712700724601746,0.9161073565483093,True,100
syn-cora-h0.80-r1,StratifiedKFoldDynamic_Clustering_b300,3,2,GCN,100,119,19,0.2049386203289032,0.9429529905319214,0.17831335961818695,0.9295302033424377,True,100
syn-cora-h0.80-r1,StratifiedKFoldDynamic_Clustering_b300,3,1,GCN,100,121,21,0.17928746342658997,0.9228187799453735,0.18582294881343842,0.926174521446228,True,100
syn-cora-h0.80-r1,StratifiedKFoldDynamic_Clustering_b300,3,1,GCN,101,122,22,0.17685042321681976,0.9228187799453735,0.18014082312583923,0.9395973086357117,True,100
syn-cora-h0.80-r1,StratifiedKFoldDynamic_Clustering_b300,3,3,GCN,100,120,20,0.2289196252822876,0.926174521446228,0.21145115792751312,0.9395973086357117,True,100
syn-cora-h0.80-r1,StratifiedKFoldDynamic_Clustering_b300,3,2,GCN,101,242,142,0.21065889298915863,0.926174521446228,0.18181534111499786,0.9295302033424377,True,100
syn-cora-h0.80-r1,StratifiedKFoldDynamic_Clustering_b300,3,3,GCN,101,117,17,0.23227010667324066,0.9328858852386475,0.23160621523857117,0.9395973086357117,True,100
syn-cora-h0.80-r1,StratifiedKFoldDynamic_Clustering_b300,3,4,GCN,100,184,84,0.14971424639225006,0.9463087320327759,0.26358655095100403,0.9194630980491638,True,100
syn-cora-h0.80-r1,StratifiedKFoldDynamic_Clustering_b300,3,5,GCN,100,120,20,0.17143435776233673,0.9429529905319214,0.16731630265712738,0.9295302033424377,True,100
syn-cora-h0.80-r1,StratifiedKFoldDynamic_Clustering_b300,3,5,GCN,101,125,25,0.16977746784687042,0.9496644139289856,0.1692626178264618,0.9429529905319214,True,100
syn-cora-h0.80-r1,StratifiedKFoldDynamic_Clustering_b300,3,4,GCN,101,201,101,0.15318185091018677,0.9429529905319214,0.25377410650253296,0.9127516746520996,True,100
syn-cora-h0.80-r1,RandomKFold,4,2,GCN,100,122,22,0.2194419652223587,0.9228187799453735,0.1365521103143692,0.9530201554298401,True,100
syn-cora-h0.80-r1,RandomKFold,4,1,GCN,100,139,39,0.1097775399684906,0.9731543660163879,0.2354835718870163,0.9060402512550354,True,100
syn-cora-h0.80-r1,RandomKFold,4,2,GCN,101,154,54,0.216493159532547,0.9194630980491638,0.13245828449726105,0.9597315192222595,True,100
syn-cora-h0.80-r1,RandomKFold,4,1,GCN,101,192,92,0.10722889006137848,0.9697986841201782,0.2357390969991684,0.9194630980491638,True,100
syn-cora-h0.80-r1,RandomKFold,4,3,GCN,100,120,20,0.2186175286769867,0.9194630980491638,0.20880281925201416,0.9496644139289856,True,100
syn-cora-h0.80-r1,RandomKFold,4,3,GCN,101,122,22,0.22103868424892426,0.9060402512550354,0.20593130588531494,0.9496644139289856,True,100
syn-cora-h0.80-r1,RandomKFold,4,4,GCN,100,121,21,0.17196395993232727,0.9429529905319214,0.22358810901641846,0.9093959927558899,True,100
syn-cora-h0.80-r1,RandomKFold,4,4,GCN,101,122,22,0.18349428474903107,0.9429529905319214,0.2247934341430664,0.9093959927558899,True,100
syn-cora-h0.80-r1,RandomKFold,4,5,GCN,100,118,18,0.20979154109954834,0.9194630980491638,0.18456584215164185,0.936241626739502,True,100
syn-cora-h0.80-r1,RandomKFold,4,5,GCN,101,190,90,0.21035337448120117,0.9328858852386475,0.20738108456134796,0.9228187799453735,True,100
syn-cora-h0.80-r1,LabelStratifiedKFold,4,2,GCN,100,119,19,0.1917598992586136,0.9463087320327759,0.2122943103313446,0.9228187799453735,True,100
syn-cora-h0.80-r1,LabelStratifiedKFold,4,2,GCN,101,124,24,0.1866922378540039,0.9395973086357117,0.22270195186138153,0.9228187799453735,True,100
syn-cora-h0.80-r1,LabelStratifiedKFold,4,1,GCN,100,165,65,0.18578827381134033,0.9328858852386475,0.1976940929889679,0.9228187799453735,True,100
syn-cora-h0.80-r1,LabelStratifiedKFold,4,1,GCN,101,232,132,0.18931683897972107,0.936241626739502,0.20615699887275696,0.9161073565483093,True,100
syn-cora-h0.80-r1,LabelStratifiedKFold,4,3,GCN,100,120,20,0.18086303770542145,0.9295302033424377,0.17241507768630981,0.9496644139289856,True,100
syn-cora-h0.80-r1,LabelStratifiedKFold,4,3,GCN,101,122,22,0.18140234053134918,0.936241626739502,0.1728895753622055,0.9496644139289856,True,100
syn-cora-h0.80-r1,LabelStratifiedKFold,4,4,GCN,100,125,25,0.1908472180366516,0.926174521446228,0.2169034332036972,0.9194630980491638,True,100
syn-cora-h0.80-r1,LabelStratifiedKFold,4,5,GCN,100,121,21,0.1869817078113556,0.9429529905319214,0.18305709958076477,0.9395973086357117,True,100
syn-cora-h0.80-r1,LabelStratifiedKFold,4,4,GCN,101,133,33,0.20328593254089355,0.936241626739502,0.23692567646503448,0.9194630980491638,True,100
syn-cora-h0.80-r1,LabelStratifiedKFold,4,5,GCN,101,121,21,0.17953020334243774,0.9395973086357117,0.19999264180660248,0.936241626739502,True,100
syn-cora-h0.80-r1,StratifiedKFoldDynamic_Degree_b300,4,2,GCN,100,120,20,0.234902024269104,0.9328858852386475,0.1639559119939804,0.9496644139289856,True,100
syn-cora-h0.80-r1,StratifiedKFoldDynamic_Degree_b300,4,2,GCN,101,120,20,0.24048030376434326,0.9295302033424377,0.15699605643749237,0.9395973086357117,True,100
syn-cora-h0.80-r1,StratifiedKFoldDynamic_Degree_b300,4,1,GCN,100,120,20,0.16383704543113708,0.9395973086357117,0.16744139790534973,0.9395973086357117,True,100
syn-cora-h0.80-r1,StratifiedKFoldDynamic_Degree_b300,4,1,GCN,101,123,23,0.15599733591079712,0.9395973086357117,0.18167158961296082,0.9429529905319214,True,100
syn-cora-h0.80-r1,StratifiedKFoldDynamic_Degree_b300,4,3,GCN,100,121,21,0.1706082969903946,0.9463087320327759,0.22790440917015076,0.9395973086357117,True,100
syn-cora-h0.80-r1,StratifiedKFoldDynamic_Degree_b300,4,3,GCN,101,121,21,0.16528165340423584,0.9496644139289856,0.22789856791496277,0.936241626739502,True,100
syn-cora-h0.80-r1,StratifiedKFoldDynamic_Degree_b300,4,4,GCN,101,120,20,0.20672325789928436,0.9395973086357117,0.17463089525699615,0.9496644139289856,True,100
syn-cora-h0.80-r1,StratifiedKFoldDynamic_Degree_b300,4,4,GCN,100,121,21,0.1907292604446411,0.9395973086357117,0.18212974071502686,0.936241626739502,True,100
syn-cora-h0.80-r1,StratifiedKFoldDynamic_Degree_b300,4,5,GCN,100,213,113,0.1531519591808319,0.9496644139289856,0.2171347439289093,0.9161073565483093,True,100
syn-cora-h0.80-r1,StratifiedKFoldDynamic_Degree_b300,4,5,GCN,101,266,166,0.15052182972431183,0.9530201554298401,0.22318534553050995,0.9228187799453735,True,100
syn-cora-h0.80-r1,StratifiedKFoldDynamic_NeighHet_b300,4,2,GCN,101,120,20,0.16879461705684662,0.9530201554298401,0.19210638105869293,0.9328858852386475,True,100
syn-cora-h0.80-r1,StratifiedKFoldDynamic_NeighHet_b300,4,2,GCN,100,121,21,0.16734182834625244,0.9463087320327759,0.18972527980804443,0.926174521446228,True,100
syn-cora-h0.80-r1,StratifiedKFoldDynamic_NeighHet_b300,4,1,GCN,100,128,28,0.18602575361728668,0.9328858852386475,0.2048386037349701,0.9295302033424377,True,100
syn-cora-h0.80-r1,StratifiedKFoldDynamic_NeighHet_b300,4,1,GCN,101,212,112,0.18814773857593536,0.9328858852386475,0.21483270823955536,0.9228187799453735,True,100
syn-cora-h0.80-r1,StratifiedKFoldDynamic_NeighHet_b300,4,3,GCN,100,122,22,0.14817282557487488,0.9664429426193237,0.17176905274391174,0.9463087320327759,True,100
syn-cora-h0.80-r1,StratifiedKFoldDynamic_NeighHet_b300,4,4,GCN,100,118,18,0.19616706669330597,0.9194630980491638,0.1649138331413269,0.9463087320327759,True,100
syn-cora-h0.80-r1,StratifiedKFoldDynamic_NeighHet_b300,4,3,GCN,101,122,22,0.15109838545322418,0.9664429426193237,0.17371998727321625,0.9429529905319214,True,100
syn-cora-h0.80-r1,StratifiedKFoldDynamic_NeighHet_b300,4,4,GCN,101,116,16,0.20323476195335388,0.9127516746520996,0.18380418419837952,0.9530201554298401,True,100
syn-cora-h0.80-r1,StratifiedKFoldDynamic_NeighHet_b300,4,5,GCN,100,120,20,0.2024684101343155,0.9395973086357117,0.20344839990139008,0.926174521446228,True,100
syn-cora-h0.80-r1,StratifiedKFoldDynamic_NeighHet_b300,4,5,GCN,101,121,21,0.2148534059524536,0.9395973086357117,0.20287437736988068,0.9161073565483093,True,100
syn-cora-h0.80-r1,StratifiedKFoldDynamic_PageRank_b300,4,1,GCN,101,119,19,0.19458740949630737,0.9328858852386475,0.1496536135673523,0.9563758373260498,True,100
syn-cora-h0.80-r1,StratifiedKFoldDynamic_PageRank_b300,4,1,GCN,100,119,19,0.20135627686977386,0.9295302033424377,0.14509128034114838,0.9664429426193237,True,100
syn-cora-h0.80-r1,StratifiedKFoldDynamic_PageRank_b300,4,2,GCN,101,124,24,0.16462744772434235,0.9429529905319214,0.20694772899150848,0.9328858852386475,True,100
syn-cora-h0.80-r1,StratifiedKFoldDynamic_PageRank_b300,4,2,GCN,100,127,27,0.15719100832939148,0.9563758373260498,0.21752387285232544,0.9228187799453735,True,100
syn-cora-h0.80-r1,StratifiedKFoldDynamic_PageRank_b300,4,3,GCN,101,122,22,0.16798612475395203,0.936241626739502,0.1753387302160263,0.9429529905319214,True,100
syn-cora-h0.80-r1,StratifiedKFoldDynamic_PageRank_b300,4,4,GCN,100,118,18,0.27660539746284485,0.8959731459617615,0.18916593492031097,0.926174521446228,True,100
syn-cora-h0.80-r1,StratifiedKFoldDynamic_PageRank_b300,4,4,GCN,101,116,16,0.28550317883491516,0.9093959927558899,0.19288305938243866,0.9328858852386475,True,100
syn-cora-h0.80-r1,StratifiedKFoldDynamic_PageRank_b300,4,3,GCN,100,125,25,0.16975298523902893,0.9395973086357117,0.16924099624156952,0.9530201554298401,True,100
syn-cora-h0.80-r1,StratifiedKFoldDynamic_PageRank_b300,4,5,GCN,100,121,21,0.13874252140522003,0.9597315192222595,0.2729242444038391,0.9127516746520996,True,100
syn-cora-h0.80-r1,StratifiedKFoldDynamic_PageRank_b300,4,5,GCN,101,120,20,0.1457815021276474,0.9496644139289856,0.27759915590286255,0.9194630980491638,True,100
syn-cora-h0.80-r1,StratifiedKFoldDynamic_EigCentrality_b300,4,1,GCN,101,119,19,0.20265477895736694,0.9395973086357117,0.1961759626865387,0.936241626739502,True,100
syn-cora-h0.80-r1,StratifiedKFoldDynamic_EigCentrality_b300,4,1,GCN,100,120,20,0.19435696303844452,0.9429529905319214,0.19391539692878723,0.9395973086357117,True,100
syn-cora-h0.80-r1,StratifiedKFoldDynamic_EigCentrality_b300,4,2,GCN,101,123,23,0.12099923938512802,0.963087260723114,0.19121244549751282,0.9429529905319214,True,100
syn-cora-h0.80-r1,StratifiedKFoldDynamic_EigCentrality_b300,4,2,GCN,100,126,26,0.12071039527654648,0.9597315192222595,0.18787820637226105,0.9429529905319214,True,100
syn-cora-h0.80-r1,StratifiedKFoldDynamic_EigCentrality_b300,4,3,GCN,100,119,19,0.22021491825580597,0.9161073565483093,0.12208203971385956,0.9664429426193237,True,100
syn-cora-h0.80-r1,StratifiedKFoldDynamic_EigCentrality_b300,4,4,GCN,100,119,19,0.1969010829925537,0.9395973086357117,0.21786250174045563,0.9161073565483093,True,100
syn-cora-h0.80-r1,StratifiedKFoldDynamic_EigCentrality_b300,4,3,GCN,101,125,25,0.21275438368320465,0.9295302033424377,0.11326146125793457,0.9697986841201782,True,100
syn-cora-h0.80-r1,StratifiedKFoldDynamic_EigCentrality_b300,4,5,GCN,100,120,20,0.20547115802764893,0.936241626739502,0.21110086143016815,0.9328858852386475,True,100
syn-cora-h0.80-r1,StratifiedKFoldDynamic_EigCentrality_b300,4,4,GCN,101,242,142,0.20050428807735443,0.9328858852386475,0.23278670012950897,0.9060402512550354,True,100
syn-cora-h0.80-r1,StratifiedKFoldDynamic_EigCentrality_b300,4,5,GCN,101,200,100,0.20078332722187042,0.9328858852386475,0.2239549309015274,0.9328858852386475,True,100
syn-cora-h0.80-r1,StratifiedKFoldDynamic_Clustering_b300,4,2,GCN,100,119,19,0.17283104360103607,0.9295302033424377,0.1568681299686432,0.9429529905319214,True,100
syn-cora-h0.80-r1,StratifiedKFoldDynamic_Clustering_b300,4,1,GCN,101,125,25,0.15631914138793945,0.9463087320327759,0.23875893652439117,0.9194630980491638,True,100
syn-cora-h0.80-r1,StratifiedKFoldDynamic_Clustering_b300,4,1,GCN,100,128,28,0.14500360190868378,0.9530201554298401,0.23741492629051208,0.9228187799453735,True,100
syn-cora-h0.80-r1,StratifiedKFoldDynamic_Clustering_b300,4,2,GCN,101,185,85,0.18450315296649933,0.9295302033424377,0.1891794055700302,0.9228187799453735,True,100
syn-cora-h0.80-r1,StratifiedKFoldDynamic_Clustering_b300,4,3,GCN,100,121,21,0.20677104592323303,0.9530201554298401,0.18157032132148743,0.9228187799453735,True,100
syn-cora-h0.80-r1,StratifiedKFoldDynamic_Clustering_b300,4,3,GCN,101,122,22,0.21333804726600647,0.9395973086357117,0.18590432405471802,0.9295302033424377,True,100
syn-cora-h0.80-r1,StratifiedKFoldDynamic_Clustering_b300,4,4,GCN,100,121,21,0.20439216494560242,0.9228187799453735,0.20109452307224274,0.936241626739502,True,100
syn-cora-h0.80-r1,StratifiedKFoldDynamic_Clustering_b300,4,4,GCN,101,122,22,0.19209574162960052,0.9395973086357117,0.21004587411880493,0.9295302033424377,True,100
syn-cora-h0.80-r1,StratifiedKFoldDynamic_Clustering_b300,4,5,GCN,100,121,21,0.2233128696680069,0.926174521446228,0.20507991313934326,0.9328858852386475,True,100
syn-cora-h0.80-r1,StratifiedKFoldDynamic_Clustering_b300,4,5,GCN,101,118,18,0.23005840182304382,0.9161073565483093,0.20310591161251068,0.936241626739502,True,100
syn-cora-h0.90-r1,RandomKFold,0,2,GCN,100,119,19,0.08176594227552414,0.9697986841201782,0.08647267520427704,0.9664429426193237,True,100
syn-cora-h0.90-r1,RandomKFold,0,2,GCN,101,122,22,0.08979267627000809,0.9731543660163879,0.09078331291675568,0.9664429426193237,True,100
syn-cora-h0.90-r1,RandomKFold,0,1,GCN,100,127,27,0.076804518699646,0.9731543660163879,0.040262531489133835,0.9832214713096619,True,100
syn-cora-h0.90-r1,RandomKFold,0,1,GCN,101,130,30,0.0807463526725769,0.9697986841201782,0.04158219322562218,0.9832214713096619,True,100
syn-cora-h0.90-r1,RandomKFold,0,4,GCN,100,128,28,0.06229901686310768,0.9697986841201782,0.0726260244846344,0.9664429426193237,True,100
syn-cora-h0.90-r1,RandomKFold,0,4,GCN,101,126,26,0.06500957906246185,0.9697986841201782,0.0683416873216629,0.9697986841201782,True,100
syn-cora-h0.90-r1,RandomKFold,0,3,GCN,101,167,67,0.06348825991153717,0.9765100479125977,0.09043890237808228,0.9697986841201782,True,100
syn-cora-h0.90-r1,RandomKFold,0,5,GCN,100,120,20,0.05350411683320999,0.9832214713096619,0.0647435188293457,0.9798657894134521,True,100
syn-cora-h0.90-r1,RandomKFold,0,5,GCN,101,127,27,0.0543854683637619,0.9832214713096619,0.06260345876216888,0.9731543660163879,True,100
syn-cora-h0.90-r1,RandomKFold,0,3,GCN,100,306,206,0.05687611177563667,0.9765100479125977,0.09481500089168549,0.9563758373260498,True,100
syn-cora-h0.90-r1,LabelStratifiedKFold,0,2,GCN,101,120,20,0.1011560782790184,0.963087260723114,0.046164531260728836,0.9865771532058716,True,100
syn-cora-h0.90-r1,LabelStratifiedKFold,0,1,GCN,101,123,23,0.04199328273534775,0.9832214713096619,0.08672820031642914,0.9731543660163879,True,100
syn-cora-h0.90-r1,LabelStratifiedKFold,0,2,GCN,100,120,20,0.09629122167825699,0.9530201554298401,0.04770892858505249,0.9798657894134521,True,100
syn-cora-h0.90-r1,LabelStratifiedKFold,0,3,GCN,100,120,20,0.07513049989938736,0.9731543660163879,0.09018618613481522,0.9664429426193237,True,100
syn-cora-h0.90-r1,LabelStratifiedKFold,0,4,GCN,100,128,28,0.06081046164035797,0.9765100479125977,0.08201734721660614,0.9697986841201782,True,100
syn-cora-h0.90-r1,LabelStratifiedKFold,0,3,GCN,101,127,27,0.0751807913184166,0.9765100479125977,0.09138896316289902,0.9664429426193237,True,100
syn-cora-h0.90-r1,LabelStratifiedKFold,0,1,GCN,100,272,172,0.043377019464969635,0.9832214713096619,0.10869657248258591,0.9563758373260498,True,100
syn-cora-h0.90-r1,LabelStratifiedKFold,0,5,GCN,100,125,25,0.08589805662631989,0.963087260723114,0.06155315414071083,0.9765100479125977,True,100
syn-cora-h0.90-r1,LabelStratifiedKFold,0,5,GCN,101,133,33,0.09128161519765854,0.963087260723114,0.06648985296487808,0.9765100479125977,True,100
syn-cora-h0.90-r1,LabelStratifiedKFold,0,4,GCN,101,225,125,0.06068979203701019,0.9832214713096619,0.09176802635192871,0.9664429426193237,True,100
syn-cora-h0.90-r1,StratifiedKFoldDynamic_Degree_b300,0,2,GCN,101,127,27,0.053757891058921814,0.9798657894134521,0.1051572784781456,0.9530201554298401,True,100
syn-cora-h0.90-r1,StratifiedKFoldDynamic_Degree_b300,0,2,GCN,100,138,38,0.05431627854704857,0.9765100479125977,0.1005607470870018,0.9563758373260498,True,100
syn-cora-h0.90-r1,StratifiedKFoldDynamic_Degree_b300,0,1,GCN,101,145,45,0.10023269057273865,0.9597315192222595,0.06738211214542389,0.9731543660163879,True,100
syn-cora-h0.90-r1,StratifiedKFoldDynamic_Degree_b300,0,1,GCN,100,252,152,0.09490787982940674,0.9597315192222595,0.07283733785152435,0.9697986841201782,True,100
syn-cora-h0.90-r1,StratifiedKFoldDynamic_Degree_b300,0,3,GCN,100,126,26,0.05729449912905693,0.9865771532058716,0.05877138301730156,0.9697986841201782,True,100
syn-cora-h0.90-r1,StratifiedKFoldDynamic_Degree_b300,0,3,GCN,101,125,25,0.05890108272433281,0.9832214713096619,0.05422293394804001,0.9798657894134521,True,100
syn-cora-h0.90-r1,StratifiedKFoldDynamic_Degree_b300,0,4,GCN,100,121,21,0.07017045468091965,0.9731543660163879,0.060972847044467926,0.9798657894134521,True,100
syn-cora-h0.90-r1,StratifiedKFoldDynamic_Degree_b300,0,5,GCN,100,125,25,0.059885479509830475,0.9798657894134521,0.07002627104520798,0.9731543660163879,True,100
syn-cora-h0.90-r1,StratifiedKFoldDynamic_Degree_b300,0,4,GCN,101,128,28,0.07180499285459518,0.9731543660163879,0.0644606202840805,0.9731543660163879,True,100
syn-cora-h0.90-r1,StratifiedKFoldDynamic_Degree_b300,0,5,GCN,101,125,25,0.05905040726065636,0.9798657894134521,0.0791790634393692,0.9731543660163879,True,100
syn-cora-h0.90-r1,StratifiedKFoldDynamic_NeighHet_b300,0,1,GCN,101,126,26,0.090176060795784,0.9664429426193237,0.07688262313604355,0.9765100479125977,True,100
syn-cora-h0.90-r1,StratifiedKFoldDynamic_NeighHet_b300,0,2,GCN,101,129,29,0.07517591118812561,0.9731543660163879,0.0689510777592659,0.9765100479125977,True,100
syn-cora-h0.90-r1,StratifiedKFoldDynamic_NeighHet_b300,0,2,GCN,100,128,28,0.0786605030298233,0.9664429426193237,0.07439599186182022,0.9731543660163879,True,100
syn-cora-h0.90-r1,StratifiedKFoldDynamic_NeighHet_b300,0,1,GCN,100,159,59,0.09358745813369751,0.9664429426193237,0.0834171399474144,0.9697986841201782,True,100
syn-cora-h0.90-r1,StratifiedKFoldDynamic_NeighHet_b300,0,4,GCN,100,120,20,0.08156120032072067,0.9697986841201782,0.07217717915773392,0.9664429426193237,True,100
syn-cora-h0.90-r1,StratifiedKFoldDynamic_NeighHet_b300,0,3,GCN,100,126,26,0.06460778415203094,0.9697986841201782,0.08634330332279205,0.9530201554298401,True,100
syn-cora-h0.90-r1,StratifiedKFoldDynamic_NeighHet_b300,0,3,GCN,101,129,29,0.0690961480140686,0.9697986841201782,0.08327198028564453,0.9597315192222595,True,100
syn-cora-h0.90-r1,StratifiedKFoldDynamic_NeighHet_b300,0,4,GCN,101,129,29,0.08134521543979645,0.9664429426193237,0.07681585848331451,0.9731543660163879,True,100
syn-cora-h0.90-r1,StratifiedKFoldDynamic_NeighHet_b300,0,5,GCN,100,126,26,0.05202585086226463,0.9832214713096619,0.06574312597513199,0.9798657894134521,True,100
syn-cora-h0.90-r1,StratifiedKFoldDynamic_NeighHet_b300,0,5,GCN,101,125,25,0.05799764022231102,0.9798657894134521,0.06818202883005142,0.9798657894134521,True,100
syn-cora-h0.90-r1,StratifiedKFoldDynamic_PageRank_b300,0,1,GCN,100,128,28,0.06570426374673843,0.9731543660163879,0.12207305431365967,0.9563758373260498,True,100
syn-cora-h0.90-r1,StratifiedKFoldDynamic_PageRank_b300,0,2,GCN,101,125,25,0.059925977140665054,0.9765100479125977,0.070327989757061,0.9731543660163879,True,100
syn-cora-h0.90-r1,StratifiedKFoldDynamic_PageRank_b300,0,1,GCN,101,131,31,0.06970895826816559,0.9765100479125977,0.12247689813375473,0.9563758373260498,True,100
syn-cora-h0.90-r1,StratifiedKFoldDynamic_PageRank_b300,0,2,GCN,100,132,32,0.059373889118433,0.9765100479125977,0.06313636898994446,0.9731543660163879,True,100
syn-cora-h0.90-r1,StratifiedKFoldDynamic_PageRank_b300,0,3,GCN,100,125,25,0.05573534965515137,0.9798657894134521,0.06078194081783295,0.9731543660163879,True,100
syn-cora-h0.90-r1,StratifiedKFoldDynamic_PageRank_b300,0,3,GCN,101,124,24,0.05706646293401718,0.9832214713096619,0.059884876012802124,0.9798657894134521,True,100
syn-cora-h0.90-r1,StratifiedKFoldDynamic_PageRank_b300,0,4,GCN,100,129,29,0.046753257513046265,0.9832214713096619,0.051028575748205185,0.9832214713096619,True,100
syn-cora-h0.90-r1,StratifiedKFoldDynamic_PageRank_b300,0,4,GCN,101,137,37,0.05138246342539787,0.9798657894134521,0.05524221807718277,0.9798657894134521,True,100
syn-cora-h0.90-r1,StratifiedKFoldDynamic_PageRank_b300,0,5,GCN,101,118,18,0.11883634328842163,0.9530201554298401,0.06442176550626755,0.9765100479125977,True,100
syn-cora-h0.90-r1,StratifiedKFoldDynamic_PageRank_b300,0,5,GCN,100,119,19,0.1127229630947113,0.9530201554298401,0.054731592535972595,0.9832214713096619,True,100
syn-cora-h0.90-r1,StratifiedKFoldDynamic_EigCentrality_b300,0,2,GCN,100,124,24,0.07863923907279968,0.9731543660163879,0.06356068700551987,0.9765100479125977,True,100
syn-cora-h0.90-r1,StratifiedKFoldDynamic_EigCentrality_b300,0,1,GCN,101,127,27,0.05696926638484001,0.9798657894134521,0.07275138050317764,0.963087260723114,True,100
syn-cora-h0.90-r1,StratifiedKFoldDynamic_EigCentrality_b300,0,1,GCN,100,129,29,0.05428437888622284,0.9731543660163879,0.07014191895723343,0.9697986841201782,True,100
syn-cora-h0.90-r1,StratifiedKFoldDynamic_EigCentrality_b300,0,3,GCN,100,126,26,0.05541342496871948,0.9765100479125977,0.07796566188335419,0.9697986841201782,True,100
syn-cora-h0.90-r1,StratifiedKFoldDynamic_EigCentrality_b300,0,3,GCN,101,126,26,0.05702272802591324,0.9731543660163879,0.0856376439332962,0.9731543660163879,True,100
syn-cora-h0.90-r1,StratifiedKFoldDynamic_EigCentrality_b300,0,2,GCN,101,286,186,0.08490950614213943,0.9798657894134521,0.061821214854717255,0.9765100479125977,True,100
syn-cora-h0.90-r1,StratifiedKFoldDynamic_EigCentrality_b300,0,4,GCN,100,158,58,0.08009050041437149,0.9765100479125977,0.06838486343622208,0.9697986841201782,True,100
syn-cora-h0.90-r1,StratifiedKFoldDynamic_EigCentrality_b300,0,4,GCN,101,130,30,0.0836482122540474,0.9664429426193237,0.05962972715497017,0.9731543660163879,True,100
syn-cora-h0.90-r1,StratifiedKFoldDynamic_EigCentrality_b300,0,5,GCN,100,130,30,0.06912996619939804,0.9697986841201782,0.07937096804380417,0.9731543660163879,True,100
syn-cora-h0.90-r1,StratifiedKFoldDynamic_EigCentrality_b300,0,5,GCN,101,129,29,0.07315177470445633,0.963087260723114,0.07915178686380386,0.9664429426193237,True,100
syn-cora-h0.90-r1,StratifiedKFoldDynamic_Clustering_b300,0,1,GCN,101,127,27,0.05043626204133034,0.9798657894134521,0.07190947234630585,0.9664429426193237,True,100
syn-cora-h0.90-r1,StratifiedKFoldDynamic_Clustering_b300,0,1,GCN,100,126,26,0.04835418984293938,0.9832214713096619,0.07634074240922928,0.9664429426193237,True,100
syn-cora-h0.90-r1,StratifiedKFoldDynamic_Clustering_b300,0,2,GCN,100,130,30,0.06636957824230194,0.9664429426193237,0.048740286380052567,0.9899328947067261,True,100
syn-cora-h0.90-r1,StratifiedKFoldDynamic_Clustering_b300,0,2,GCN,101,134,34,0.06851468235254288,0.9664429426193237,0.05447586625814438,0.9832214713096619,True,100
syn-cora-h0.90-r1,StratifiedKFoldDynamic_Clustering_b300,0,3,GCN,101,121,21,0.07814684510231018,0.9664429426193237,0.07468657195568085,0.9697986841201782,True,100
syn-cora-h0.90-r1,StratifiedKFoldDynamic_Clustering_b300,0,3,GCN,100,128,28,0.06947728991508484,0.9664429426193237,0.068010114133358,0.9697986841201782,True,100
syn-cora-h0.90-r1,StratifiedKFoldDynamic_Clustering_b300,0,4,GCN,100,127,27,0.08815969526767731,0.9731543660163879,0.0666872188448906,0.9697986841201782,True,100
syn-cora-h0.90-r1,StratifiedKFoldDynamic_Clustering_b300,0,4,GCN,101,129,29,0.0888696163892746,0.9765100479125977,0.07621931284666061,0.9664429426193237,True,100
syn-cora-h0.90-r1,StratifiedKFoldDynamic_Clustering_b300,0,5,GCN,100,120,20,0.07354746758937836,0.9765100479125977,0.0920661985874176,0.9697986841201782,True,100
syn-cora-h0.90-r1,StratifiedKFoldDynamic_Clustering_b300,0,5,GCN,101,127,27,0.06945917755365372,0.9731543660163879,0.08899242430925369,0.9697986841201782,True,100
syn-cora-h0.90-r1,RandomKFold,1,2,GCN,100,121,21,0.07472142577171326,0.9664429426193237,0.08563157916069031,0.9765100479125977,True,100
syn-cora-h0.90-r1,RandomKFold,1,2,GCN,101,129,29,0.07319380342960358,0.9731543660163879,0.08974399417638779,0.9731543660163879,True,100
syn-cora-h0.90-r1,RandomKFold,1,1,GCN,100,131,31,0.09461886435747147,0.9731543660163879,0.04326020926237106,0.9865771532058716,True,100
syn-cora-h0.90-r1,RandomKFold,1,1,GCN,101,163,63,0.10002661496400833,0.9697986841201782,0.05348201468586922,0.9865771532058716,True,100
syn-cora-h0.90-r1,RandomKFold,1,3,GCN,100,126,26,0.06587585061788559,0.9697986841201782,0.08356932550668716,0.963087260723114,True,100
syn-cora-h0.90-r1,RandomKFold,1,3,GCN,101,124,24,0.07220996916294098,0.9664429426193237,0.0783035084605217,0.9731543660163879,True,100
syn-cora-h0.90-r1,RandomKFold,1,4,GCN,100,132,32,0.0727989673614502,0.9664429426193237,0.06795286387205124,0.9664429426193237,True,100
syn-cora-h0.90-r1,RandomKFold,1,4,GCN,101,141,41,0.0751720443367958,0.9731543660163879,0.07718371599912643,0.9664429426193237,True,100
syn-cora-h0.90-r1,RandomKFold,1,5,GCN,100,129,29,0.04403846338391304,0.9899328947067261,0.07197576016187668,0.9765100479125977,True,100
syn-cora-h0.90-r1,RandomKFold,1,5,GCN,101,133,33,0.04573117196559906,0.9899328947067261,0.06768542528152466,0.9765100479125977,True,100
syn-cora-h0.90-r1,LabelStratifiedKFold,1,2,GCN,100,122,22,0.09362134337425232,0.9731543660163879,0.0879511833190918,0.9530201554298401,True,100
syn-cora-h0.90-r1,LabelStratifiedKFold,1,1,GCN,100,121,21,0.10101025551557541,0.9496644139289856,0.06851433217525482,0.9798657894134521,True,100
syn-cora-h0.90-r1,LabelStratifiedKFold,1,1,GCN,101,126,26,0.11146509647369385,0.9563758373260498,0.06726067513227463,0.9765100479125977,True,100
syn-cora-h0.90-r1,LabelStratifiedKFold,1,2,GCN,101,167,67,0.09571651369333267,0.9563758373260498,0.1067754402756691,0.963087260723114,True,100
syn-cora-h0.90-r1,LabelStratifiedKFold,1,3,GCN,100,125,25,0.05503141134977341,0.9765100479125977,0.0984402447938919,0.9597315192222595,True,100
syn-cora-h0.90-r1,LabelStratifiedKFold,1,4,GCN,100,118,18,0.07478761672973633,0.9697986841201782,0.06255146861076355,0.9798657894134521,True,100
syn-cora-h0.90-r1,LabelStratifiedKFold,1,3,GCN,101,123,23,0.04754777252674103,0.9865771532058716,0.09395769983530045,0.9597315192222595,True,100
syn-cora-h0.90-r1,LabelStratifiedKFold,1,4,GCN,101,129,29,0.08006566762924194,0.9731543660163879,0.05752420052886009,0.9697986841201782,True,100
syn-cora-h0.90-r1,LabelStratifiedKFold,1,5,GCN,100,124,24,0.06319983303546906,0.9865771532058716,0.07557233422994614,0.9731543660163879,True,100
syn-cora-h0.90-r1,LabelStratifiedKFold,1,5,GCN,101,131,31,0.060838211327791214,0.9798657894134521,0.07981344312429428,0.9765100479125977,True,100
syn-cora-h0.90-r1,StratifiedKFoldDynamic_Degree_b300,1,1,GCN,100,127,27,0.05976622551679611,0.9731543660163879,0.08457937836647034,0.9664429426193237,True,100
syn-cora-h0.90-r1,StratifiedKFoldDynamic_Degree_b300,1,2,GCN,100,128,28,0.05425483360886574,0.9731543660163879,0.059748705476522446,0.9765100479125977,True,100
syn-cora-h0.90-r1,StratifiedKFoldDynamic_Degree_b300,1,1,GCN,101,138,38,0.06720419228076935,0.9731543660163879,0.08300323784351349,0.9697986841201782,True,100
syn-cora-h0.90-r1,StratifiedKFoldDynamic_Degree_b300,1,3,GCN,100,128,28,0.07707834243774414,0.9765100479125977,0.04665851220488548,0.9865771532058716,True,100
syn-cora-h0.90-r1,StratifiedKFoldDynamic_Degree_b300,1,3,GCN,101,127,27,0.08147890120744705,0.9697986841201782,0.052995238453149796,0.9798657894134521,True,100
syn-cora-h0.90-r1,StratifiedKFoldDynamic_Degree_b300,1,4,GCN,100,128,28,0.0622696653008461,0.9798657894134521,0.09023220092058182,0.9731543660163879,True,100
syn-cora-h0.90-r1,StratifiedKFoldDynamic_Degree_b300,1,2,GCN,101,356,256,0.05469192937016487,0.9765100479125977,0.08086849749088287,0.9731543660163879,True,100
syn-cora-h0.90-r1,StratifiedKFoldDynamic_Degree_b300,1,4,GCN,101,132,32,0.06678161770105362,0.9798657894134521,0.09072652459144592,0.9664429426193237,True,100
syn-cora-h0.90-r1,StratifiedKFoldDynamic_Degree_b300,1,5,GCN,100,149,49,0.0946211963891983,0.9530201554298401,0.07586251199245453,0.9765100479125977,True,100
syn-cora-h0.90-r1,StratifiedKFoldDynamic_Degree_b300,1,5,GCN,101,239,139,0.08722274005413055,0.9664429426193237,0.07486588507890701,0.9731543660163879,True,100
syn-cora-h0.90-r1,StratifiedKFoldDynamic_NeighHet_b300,1,1,GCN,100,125,25,0.06270547956228256,0.9798657894134521,0.05853792652487755,0.9765100479125977,True,100
syn-cora-h0.90-r1,StratifiedKFoldDynamic_NeighHet_b300,1,2,GCN,100,138,38,0.08890975266695023,0.9664429426193237,0.0721752792596817,0.9731543660163879,True,100
syn-cora-h0.90-r1,StratifiedKFoldDynamic_NeighHet_b300,1,1,GCN,101,137,37,0.06719471514225006,0.9798657894134521,0.06545843183994293,0.9765100479125977,True,100
syn-cora-h0.90-r1,StratifiedKFoldDynamic_NeighHet_b300,1,2,GCN,101,229,129,0.08748806267976761,0.963087260723114,0.08942519873380661,0.9597315192222595,True,100
syn-cora-h0.90-r1,StratifiedKFoldDynamic_NeighHet_b300,1,3,GCN,100,139,39,0.0746564194560051,0.9697986841201782,0.07314510643482208,0.9765100479125977,True,100
syn-cora-h0.90-r1,StratifiedKFoldDynamic_NeighHet_b300,1,3,GCN,101,127,27,0.07251691818237305,0.9697986841201782,0.08055973052978516,0.9731543660163879,True,100
syn-cora-h0.90-r1,StratifiedKFoldDynamic_NeighHet_b300,1,4,GCN,100,128,28,0.061674993485212326,0.9798657894134521,0.05731368064880371,0.9798657894134521,True,100
syn-cora-h0.90-r1,StratifiedKFoldDynamic_NeighHet_b300,1,4,GCN,101,123,23,0.07118383795022964,0.9731543660163879,0.05823637172579765,0.9865771532058716,True,100
syn-cora-h0.90-r1,StratifiedKFoldDynamic_NeighHet_b300,1,5,GCN,100,128,28,0.06122933328151703,0.9731543660163879,0.06855203956365585,0.9697986841201782,True,100
syn-cora-h0.90-r1,StratifiedKFoldDynamic_NeighHet_b300,1,5,GCN,101,130,30,0.056146565824747086,0.9765100479125977,0.08532683551311493,0.9597315192222595,True,100
syn-cora-h0.90-r1,StratifiedKFoldDynamic_PageRank_b300,1,2,GCN,100,124,24,0.07055117189884186,0.9731543660163879,0.07696286588907242,0.9731543660163879,True,100
syn-cora-h0.90-r1,StratifiedKFoldDynamic_PageRank_b300,1,2,GCN,101,124,24,0.07250664383172989,0.9664429426193237,0.08072690665721893,0.9798657894134521,True,100
syn-cora-h0.90-r1,StratifiedKFoldDynamic_PageRank_b300,1,1,GCN,100,126,26,0.07305353879928589,0.9798657894134521,0.06955493241548538,0.9697986841201782,True,100
syn-cora-h0.90-r1,StratifiedKFoldDynamic_PageRank_b300,1,1,GCN,101,210,110,0.07379412651062012,0.9798657894134521,0.08255326747894287,0.9664429426193237,True,100
syn-cora-h0.90-r1,StratifiedKFoldDynamic_PageRank_b300,1,4,GCN,100,118,18,0.09964694082736969,0.963087260723114,0.06471347063779831,0.9697986841201782,True,100
syn-cora-h0.90-r1,StratifiedKFoldDynamic_PageRank_b300,1,3,GCN,100,128,28,0.05381562560796738,0.9765100479125977,0.06985852122306824,0.9664429426193237,True,100
syn-cora-h0.90-r1,StratifiedKFoldDynamic_PageRank_b300,1,4,GCN,101,129,29,0.09490261226892471,0.9664429426193237,0.060334462672472,0.9765100479125977,True,100
syn-cora-h0.90-r1,StratifiedKFoldDynamic_PageRank_b300,1,5,GCN,100,123,23,0.07062968611717224,0.9765100479125977,0.09648420661687851,0.963087260723114,True,100
syn-cora-h0.90-r1,StratifiedKFoldDynamic_PageRank_b300,1,5,GCN,101,126,26,0.0755200907588005,0.9798657894134521,0.09233055263757706,0.9664429426193237,True,100
syn-cora-h0.90-r1,StratifiedKFoldDynamic_PageRank_b300,1,3,GCN,101,274,174,0.052963290363550186,0.9865771532058716,0.07603885978460312,0.963087260723114,True,100
syn-cora-h0.90-r1,StratifiedKFoldDynamic_EigCentrality_b300,1,1,GCN,101,127,27,0.05643173307180405,0.9731543660163879,0.0965106189250946,0.9496644139289856,True,100
syn-cora-h0.90-r1,StratifiedKFoldDynamic_EigCentrality_b300,1,2,GCN,101,125,25,0.05487017706036568,0.9697986841201782,0.06376601755619049,0.9798657894134521,True,100
syn-cora-h0.90-r1,StratifiedKFoldDynamic_EigCentrality_b300,1,2,GCN,100,131,31,0.05360473692417145,0.9798657894134521,0.059012945741415024,0.9798657894134521,True,100
syn-cora-h0.90-r1,StratifiedKFoldDynamic_EigCentrality_b300,1,1,GCN,100,133,33,0.055098988115787506,0.9798657894134521,0.11074718832969666,0.9496644139289856,True,100
syn-cora-h0.90-r1,StratifiedKFoldDynamic_EigCentrality_b300,1,3,GCN,100,128,28,0.0922907218337059,0.9597315192222595,0.047330595552921295,0.9832214713096619,True,100
syn-cora-h0.90-r1,StratifiedKFoldDynamic_EigCentrality_b300,1,4,GCN,101,130,30,0.05486985668540001,0.9765100479125977,0.09988678246736526,0.9597315192222595,True,100
syn-cora-h0.90-r1,StratifiedKFoldDynamic_EigCentrality_b300,1,4,GCN,100,128,28,0.05093429610133171,0.9865771532058716,0.09613432735204697,0.9664429426193237,True,100
syn-cora-h0.90-r1,StratifiedKFoldDynamic_EigCentrality_b300,1,3,GCN,101,219,119,0.09560254216194153,0.9664429426193237,0.06110534444451332,0.9798657894134521,True,100
syn-cora-h0.90-r1,StratifiedKFoldDynamic_EigCentrality_b300,1,5,GCN,100,119,19,0.092736154794693,0.9597315192222595,0.057866692543029785,0.9798657894134521,True,100
syn-cora-h0.90-r1,StratifiedKFoldDynamic_EigCentrality_b300,1,5,GCN,101,129,29,0.09226014465093613,0.9597315192222595,0.0565306656062603,0.9765100479125977,True,100
syn-cora-h0.90-r1,StratifiedKFoldDynamic_Clustering_b300,1,1,GCN,100,123,23,0.08641824126243591,0.9664429426193237,0.05416853353381157,0.9765100479125977,True,100
syn-cora-h0.90-r1,StratifiedKFoldDynamic_Clustering_b300,1,1,GCN,101,124,24,0.09353131055831909,0.9664429426193237,0.05252430588006973,0.9765100479125977,True,100
syn-cora-h0.90-r1,StratifiedKFoldDynamic_Clustering_b300,1,2,GCN,100,132,32,0.03930940479040146,0.9899328947067261,0.08660542219877243,0.963087260723114,True,100
syn-cora-h0.90-r1,StratifiedKFoldDynamic_Clustering_b300,1,2,GCN,101,133,33,0.03608887642621994,0.9865771532058716,0.09466689825057983,0.9597315192222595,True,100
syn-cora-h0.90-r1,StratifiedKFoldDynamic_Clustering_b300,1,3,GCN,100,126,26,0.08331026881933212,0.9765100479125977,0.04585431516170502,0.9798657894134521,True,100
syn-cora-h0.90-r1,StratifiedKFoldDynamic_Clustering_b300,1,4,GCN,100,119,19,0.0842587873339653,0.9664429426193237,0.09070275723934174,0.9765100479125977,True,100
syn-cora-h0.90-r1,StratifiedKFoldDynamic_Clustering_b300,1,3,GCN,101,129,29,0.08502840250730515,0.9798657894134521,0.04355831444263458,0.9798657894134521,True,100
syn-cora-h0.90-r1,StratifiedKFoldDynamic_Clustering_b300,1,4,GCN,101,144,44,0.07943599671125412,0.9697986841201782,0.09420546889305115,0.9731543660163879,True,100
syn-cora-h0.90-r1,StratifiedKFoldDynamic_Clustering_b300,1,5,GCN,101,127,27,0.047792963683605194,0.9798657894134521,0.08443139493465424,0.963087260723114,True,100
syn-cora-h0.90-r1,StratifiedKFoldDynamic_Clustering_b300,1,5,GCN,100,137,37,0.044750943779945374,0.9832214713096619,0.08356799185276031,0.9664429426193237,True,100
syn-cora-h0.90-r1,RandomKFold,2,1,GCN,100,121,21,0.08449729532003403,0.9597315192222595,0.0777289867401123,0.9765100479125977,True,100
syn-cora-h0.90-r1,RandomKFold,2,2,GCN,100,126,26,0.07442363351583481,0.9664429426193237,0.08991575241088867,0.963087260723114,True,100
syn-cora-h0.90-r1,RandomKFold,2,1,GCN,101,131,31,0.08404641598463058,0.963087260723114,0.07700018584728241,0.9731543660163879,True,100
syn-cora-h0.90-r1,RandomKFold,2,2,GCN,101,183,83,0.08011093735694885,0.9597315192222595,0.09538884460926056,0.9563758373260498,True,100
syn-cora-h0.90-r1,RandomKFold,2,3,GCN,100,131,31,0.06719553470611572,0.9664429426193237,0.07761155068874359,0.9597315192222595,True,100
syn-cora-h0.90-r1,RandomKFold,2,4,GCN,100,129,29,0.04879564419388771,0.9865771532058716,0.0687483623623848,0.9664429426193237,True,100
syn-cora-h0.90-r1,RandomKFold,2,4,GCN,101,129,29,0.04916839301586151,0.9865771532058716,0.06929886341094971,0.9731543660163879,True,100
syn-cora-h0.90-r1,RandomKFold,2,5,GCN,100,127,27,0.0785345658659935,0.9731543660163879,0.055872611701488495,0.9832214713096619,True,100
syn-cora-h0.90-r1,RandomKFold,2,5,GCN,101,282,182,0.07159030437469482,0.9731543660163879,0.06665493547916412,0.9832214713096619,True,100
syn-cora-h0.90-r1,RandomKFold,2,3,GCN,101,486,386,0.054214958101511,0.9865771532058716,0.09006813913583755,0.963087260723114,True,100
syn-cora-h0.90-r1,LabelStratifiedKFold,2,2,GCN,101,123,23,0.05001068115234375,0.9765100479125977,0.06277306377887726,0.9765100479125977,True,100
syn-cora-h0.90-r1,LabelStratifiedKFold,2,1,GCN,100,131,31,0.05641334876418114,0.9832214713096619,0.08830569684505463,0.9664429426193237,True,100
syn-cora-h0.90-r1,LabelStratifiedKFold,2,1,GCN,101,130,30,0.05744742229580879,0.9798657894134521,0.09733404219150543,0.9597315192222595,True,100
syn-cora-h0.90-r1,LabelStratifiedKFold,2,2,GCN,100,206,106,0.048687562346458435,0.9798657894134521,0.06697706878185272,0.9731543660163879,True,100
syn-cora-h0.90-r1,LabelStratifiedKFold,2,3,GCN,100,127,27,0.05367984250187874,0.9832214713096619,0.05025267228484154,0.9731543660163879,True,100
syn-cora-h0.90-r1,LabelStratifiedKFold,2,4,GCN,100,119,19,0.1030663549900055,0.9597315192222595,0.0721767321228981,0.9765100479125977,True,100
syn-cora-h0.90-r1,LabelStratifiedKFold,2,3,GCN,101,126,26,0.04972338303923607,0.9899328947067261,0.04971880093216896,0.9765100479125977,True,100
syn-cora-h0.90-r1,LabelStratifiedKFold,2,4,GCN,101,128,28,0.10530313104391098,0.963087260723114,0.07094401866197586,0.9731543660163879,True,100
syn-cora-h0.90-r1,LabelStratifiedKFold,2,5,GCN,100,128,28,0.08674033731222153,0.9664429426193237,0.09353455156087875,0.9664429426193237,True,100
syn-cora-h0.90-r1,LabelStratifiedKFold,2,5,GCN,101,251,151,0.09922238439321518,0.9664429426193237,0.10878657549619675,0.9597315192222595,True,100
syn-cora-h0.90-r1,StratifiedKFoldDynamic_Degree_b300,2,2,GCN,100,127,27,0.06386422365903854,0.9832214713096619,0.07052906602621078,0.9765100479125977,True,100
syn-cora-h0.90-r1,StratifiedKFoldDynamic_Degree_b300,2,1,GCN,100,126,26,0.058637138456106186,0.9798657894134521,0.06581433117389679,0.9798657894134521,True,100
syn-cora-h0.90-r1,StratifiedKFoldDynamic_Degree_b300,2,2,GCN,101,128,28,0.060798972845077515,0.9765100479125977,0.07431599497795105,0.9731543660163879,True,100
syn-cora-h0.90-r1,StratifiedKFoldDynamic_Degree_b300,2,1,GCN,101,128,28,0.06268288940191269,0.9731543660163879,0.07024161517620087,0.9697986841201782,True,100
syn-cora-h0.90-r1,StratifiedKFoldDynamic_Degree_b300,2,4,GCN,100,125,25,0.08595141768455505,0.963087260723114,0.06872034072875977,0.9697986841201782,True,100
syn-cora-h0.90-r1,StratifiedKFoldDynamic_Degree_b300,2,4,GCN,101,124,24,0.09083401411771774,0.9664429426193237,0.06978961825370789,0.9731543660163879,True,100
syn-cora-h0.90-r1,StratifiedKFoldDynamic_Degree_b300,2,3,GCN,101,130,30,0.07198353856801987,0.9731543660163879,0.054587069898843765,0.9798657894134521,True,100
syn-cora-h0.90-r1,StratifiedKFoldDynamic_Degree_b300,2,3,GCN,100,141,41,0.07202786952257156,0.9731543660163879,0.06055536866188049,0.9832214713096619,True,100
syn-cora-h0.90-r1,StratifiedKFoldDynamic_Degree_b300,2,5,GCN,101,126,26,0.06894801557064056,0.9731543660163879,0.10175666213035583,0.9530201554298401,True,100
syn-cora-h0.90-r1,StratifiedKFoldDynamic_Degree_b300,2,5,GCN,100,129,29,0.0636136457324028,0.9731543660163879,0.10292775928974152,0.9463087320327759,True,100
syn-cora-h0.90-r1,StratifiedKFoldDynamic_NeighHet_b300,2,1,GCN,101,131,31,0.04594925418496132,0.9832214713096619,0.07379623502492905,0.9731543660163879,True,100
syn-cora-h0.90-r1,StratifiedKFoldDynamic_NeighHet_b300,2,1,GCN,100,132,32,0.04768405854701996,0.9865771532058716,0.07139766216278076,0.9697986841201782,True,100
syn-cora-h0.90-r1,StratifiedKFoldDynamic_NeighHet_b300,2,2,GCN,100,135,35,0.07134795933961868,0.963087260723114,0.06092860549688339,0.9832214713096619,True,100
syn-cora-h0.90-r1,StratifiedKFoldDynamic_NeighHet_b300,2,3,GCN,100,126,26,0.06654719263315201,0.9798657894134521,0.07134975492954254,0.9697986841201782,True,100
syn-cora-h0.90-r1,StratifiedKFoldDynamic_NeighHet_b300,2,3,GCN,101,126,26,0.07294987887144089,0.9765100479125977,0.06901838630437851,0.9697986841201782,True,100
syn-cora-h0.90-r1,StratifiedKFoldDynamic_NeighHet_b300,2,4,GCN,100,128,28,0.07550780475139618,0.9731543660163879,0.06653300672769547,0.9731543660163879,True,100
syn-cora-h0.90-r1,StratifiedKFoldDynamic_NeighHet_b300,2,2,GCN,101,365,265,0.07085096836090088,0.9697986841201782,0.0750751942396164,0.9664429426193237,True,100
syn-cora-h0.90-r1,StratifiedKFoldDynamic_NeighHet_b300,2,4,GCN,101,129,29,0.07446461915969849,0.9765100479125977,0.07069277763366699,0.9731543660163879,True,100
syn-cora-h0.90-r1,StratifiedKFoldDynamic_NeighHet_b300,2,5,GCN,100,127,27,0.07363446056842804,0.9697986841201782,0.0772179588675499,0.9697986841201782,True,100
syn-cora-h0.90-r1,StratifiedKFoldDynamic_NeighHet_b300,2,5,GCN,101,332,232,0.0668276995420456,0.9731543660163879,0.09720813482999802,0.963087260723114,True,100
syn-cora-h0.90-r1,StratifiedKFoldDynamic_PageRank_b300,2,2,GCN,101,126,26,0.08552778512239456,0.9563758373260498,0.07448143512010574,0.9731543660163879,True,100
syn-cora-h0.90-r1,StratifiedKFoldDynamic_PageRank_b300,2,1,GCN,101,130,30,0.06802025437355042,0.9765100479125977,0.054853200912475586,0.9798657894134521,True,100
syn-cora-h0.90-r1,StratifiedKFoldDynamic_PageRank_b300,2,1,GCN,100,138,38,0.07626856118440628,0.9731543660163879,0.052318401634693146,0.9798657894134521,True,100
syn-cora-h0.90-r1,StratifiedKFoldDynamic_PageRank_b300,2,3,GCN,101,124,24,0.06931167095899582,0.9765100479125977,0.09222224354743958,0.9597315192222595,True,100
syn-cora-h0.90-r1,StratifiedKFoldDynamic_PageRank_b300,2,3,GCN,100,125,25,0.06830163300037384,0.9798657894134521,0.09348979592323303,0.9664429426193237,True,100
syn-cora-h0.90-r1,StratifiedKFoldDynamic_PageRank_b300,2,4,GCN,100,128,28,0.07280206680297852,0.9798657894134521,0.05826310068368912,0.9731543660163879,True,100
syn-cora-h0.90-r1,StratifiedKFoldDynamic_PageRank_b300,2,5,GCN,100,121,21,0.060601018369197845,0.9765100479125977,0.08041813969612122,0.9731543660163879,True,100
syn-cora-h0.90-r1,StratifiedKFoldDynamic_PageRank_b300,2,2,GCN,100,380,280,0.07613170146942139,0.9731543660163879,0.09880121052265167,0.9731543660163879,True,100
syn-cora-h0.90-r1,StratifiedKFoldDynamic_PageRank_b300,2,5,GCN,101,122,22,0.05932115390896797,0.9731543660163879,0.09121105819940567,0.9697986841201782,True,100
syn-cora-h0.90-r1,StratifiedKFoldDynamic_PageRank_b300,2,4,GCN,101,209,109,0.08415289968252182,0.9798657894134521,0.06858448684215546,0.9664429426193237,True,100
syn-cora-h0.90-r1,StratifiedKFoldDynamic_EigCentrality_b300,2,1,GCN,101,126,26,0.06962578743696213,0.9865771532058716,0.09225555509328842,0.9597315192222595,True,100
syn-cora-h0.90-r1,StratifiedKFoldDynamic_EigCentrality_b300,2,2,GCN,100,125,25,0.07974091172218323,0.9664429426193237,0.05835581198334694,0.9798657894134521,True,100
syn-cora-h0.90-r1,StratifiedKFoldDynamic_EigCentrality_b300,2,1,GCN,100,126,26,0.06285576522350311,0.9765100479125977,0.08299988508224487,0.9597315192222595,True,100
syn-cora-h0.90-r1,StratifiedKFoldDynamic_EigCentrality_b300,2,2,GCN,101,171,71,0.0829201489686966,0.9664429426193237,0.07410410046577454,0.9664429426193237,True,100
syn-cora-h0.90-r1,StratifiedKFoldDynamic_EigCentrality_b300,2,3,GCN,100,120,20,0.0726379007101059,0.9765100479125977,0.0772225558757782,0.9664429426193237,True,100
syn-cora-h0.90-r1,StratifiedKFoldDynamic_EigCentrality_b300,2,4,GCN,100,124,24,0.06880772858858109,0.9697986841201782,0.07694867998361588,0.9731543660163879,True,100
syn-cora-h0.90-r1,StratifiedKFoldDynamic_EigCentrality_b300,2,3,GCN,101,129,29,0.07230270653963089,0.9832214713096619,0.07247031480073929,0.9731543660163879,True,100
syn-cora-h0.90-r1,StratifiedKFoldDynamic_EigCentrality_b300,2,4,GCN,101,126,26,0.07247136533260345,0.9697986841201782,0.07439398020505905,0.9731543660163879,True,100
syn-cora-h0.90-r1,StratifiedKFoldDynamic_EigCentrality_b300,2,5,GCN,100,127,27,0.0735163763165474,0.9697986841201782,0.0645921602845192,0.9731543660163879,True,100
syn-cora-h0.90-r1,StratifiedKFoldDynamic_EigCentrality_b300,2,5,GCN,101,227,127,0.0769902914762497,0.9664429426193237,0.08848413825035095,0.963087260723114,True,100
syn-cora-h0.90-r1,StratifiedKFoldDynamic_Clustering_b300,2,1,GCN,101,126,26,0.06339002400636673,0.9697986841201782,0.06970438361167908,0.9798657894134521,True,100
syn-cora-h0.90-r1,StratifiedKFoldDynamic_Clustering_b300,2,1,GCN,100,131,31,0.05905180796980858,0.9697986841201782,0.06283146888017654,0.9798657894134521,True,100
syn-cora-h0.90-r1,StratifiedKFoldDynamic_Clustering_b300,2,2,GCN,101,130,30,0.05775127932429314,0.9731543660163879,0.06305637210607529,0.9731543660163879,True,100
syn-cora-h0.90-r1,StratifiedKFoldDynamic_Clustering_b300,2,3,GCN,100,120,20,0.09288070350885391,0.9697986841201782,0.06723988056182861,0.9731543660163879,True,100
syn-cora-h0.90-r1,StratifiedKFoldDynamic_Clustering_b300,2,3,GCN,101,129,29,0.09046342223882675,0.9697986841201782,0.06735483556985855,0.9731543660163879,True,100
syn-cora-h0.90-r1,StratifiedKFoldDynamic_Clustering_b300,2,4,GCN,100,129,29,0.07375127822160721,0.9664429426193237,0.09500209242105484,0.9697986841201782,True,100
syn-cora-h0.90-r1,StratifiedKFoldDynamic_Clustering_b300,2,2,GCN,100,378,278,0.05480678752064705,0.9731543660163879,0.09190981835126877,0.9664429426193237,True,100
syn-cora-h0.90-r1,StratifiedKFoldDynamic_Clustering_b300,2,4,GCN,101,133,33,0.07279348373413086,0.9697986841201782,0.08914972096681595,0.9664429426193237,True,100
syn-cora-h0.90-r1,StratifiedKFoldDynamic_Clustering_b300,2,5,GCN,100,127,27,0.05988850072026253,0.9832214713096619,0.08577389270067215,0.9664429426193237,True,100
syn-cora-h0.90-r1,StratifiedKFoldDynamic_Clustering_b300,2,5,GCN,101,126,26,0.0704088881611824,0.9832214713096619,0.08629864454269409,0.9563758373260498,True,100
syn-cora-h0.90-r1,RandomKFold,3,2,GCN,101,125,25,0.06220179423689842,0.9731543660163879,0.08511976897716522,0.9697986841201782,True,100
syn-cora-h0.90-r1,RandomKFold,3,2,GCN,100,123,23,0.058764733374118805,0.9664429426193237,0.08631063997745514,0.9731543660163879,True,100
syn-cora-h0.90-r1,RandomKFold,3,3,GCN,100,126,26,0.08721122145652771,0.9697986841201782,0.05465822294354439,0.9731543660163879,True,100
syn-cora-h0.90-r1,RandomKFold,3,1,GCN,101,285,185,0.0737752616405487,0.9832214713096619,0.08907169848680496,0.9697986841201782,True,100
syn-cora-h0.90-r1,RandomKFold,3,3,GCN,101,196,96,0.08875671774148941,0.9697986841201782,0.07177426666021347,0.9731543660163879,True,100
syn-cora-h0.90-r1,RandomKFold,3,4,GCN,100,120,20,0.06949183344841003,0.9697986841201782,0.083708256483078,0.9697986841201782,True,100
syn-cora-h0.90-r1,RandomKFold,3,1,GCN,100,414,314,0.0731985792517662,0.9731543660163879,0.09583891183137894,0.9664429426193237,True,100
syn-cora-h0.90-r1,RandomKFold,3,4,GCN,101,125,25,0.07230594754219055,0.9697986841201782,0.0874965712428093,0.9697986841201782,True,100
syn-cora-h0.90-r1,RandomKFold,3,5,GCN,100,117,17,0.08622151613235474,0.9765100479125977,0.07631317526102066,0.9731543660163879,True,100
syn-cora-h0.90-r1,RandomKFold,3,5,GCN,101,129,29,0.07859672605991364,0.9731543660163879,0.0721530169248581,0.9731543660163879,True,100
syn-cora-h0.90-r1,LabelStratifiedKFold,3,1,GCN,100,122,22,0.09106697142124176,0.963087260723114,0.0616026371717453,0.9697986841201782,True,100
syn-cora-h0.90-r1,LabelStratifiedKFold,3,2,GCN,100,125,25,0.08808223158121109,0.963087260723114,0.08837108314037323,0.9697986841201782,True,100
syn-cora-h0.90-r1,LabelStratifiedKFold,3,1,GCN,101,126,26,0.09291690587997437,0.963087260723114,0.07199688255786896,0.9597315192222595,True,100
syn-cora-h0.90-r1,LabelStratifiedKFold,3,2,GCN,101,144,44,0.095181405544281,0.9697986841201782,0.0940895527601242,0.9597315192222595,True,100
syn-cora-h0.90-r1,LabelStratifiedKFold,3,3,GCN,101,127,27,0.07858169823884964,0.9697986841201782,0.09835522621870041,0.9530201554298401,True,100
syn-cora-h0.90-r1,LabelStratifiedKFold,3,4,GCN,100,128,28,0.05363398417830467,0.9832214713096619,0.08019092679023743,0.963087260723114,True,100
syn-cora-h0.90-r1,LabelStratifiedKFold,3,3,GCN,100,137,37,0.080958291888237,0.9664429426193237,0.09642837941646576,0.9697986841201782,True,100
syn-cora-h0.90-r1,LabelStratifiedKFold,3,4,GCN,101,129,29,0.0475211925804615,0.9865771532058716,0.07713748514652252,0.9765100479125977,True,100
syn-cora-h0.90-r1,LabelStratifiedKFold,3,5,GCN,100,133,33,0.06401951611042023,0.9664429426193237,0.06261157989501953,0.9765100479125977,True,100
syn-cora-h0.90-r1,LabelStratifiedKFold,3,5,GCN,101,237,137,0.06214480474591255,0.9697986841201782,0.060471899807453156,0.9765100479125977,True,100
syn-cora-h0.90-r1,StratifiedKFoldDynamic_Degree_b300,3,1,GCN,101,127,27,0.052135564386844635,0.9798657894134521,0.08324623107910156,0.9664429426193237,True,100
syn-cora-h0.90-r1,StratifiedKFoldDynamic_Degree_b300,3,1,GCN,100,127,27,0.04819657281041145,0.9865771532058716,0.07404046505689621,0.9731543660163879,True,100
syn-cora-h0.90-r1,StratifiedKFoldDynamic_Degree_b300,3,2,GCN,101,184,84,0.11316575855016708,0.9496644139289856,0.06455787271261215,0.9765100479125977,True,100
syn-cora-h0.90-r1,StratifiedKFoldDynamic_Degree_b300,3,2,GCN,100,190,90,0.11377067118883133,0.9429529905319214,0.058178581297397614,0.9798657894134521,True,100
syn-cora-h0.90-r1,StratifiedKFoldDynamic_Degree_b300,3,3,GCN,100,129,29,0.06324414908885956,0.9798657894134521,0.11010973900556564,0.9563758373260498,True,100
syn-cora-h0.90-r1,StratifiedKFoldDynamic_Degree_b300,3,3,GCN,101,130,30,0.0642266795039177,0.9865771532058716,0.10998032987117767,0.9563758373260498,True,100
syn-cora-h0.90-r1,StratifiedKFoldDynamic_Degree_b300,3,4,GCN,100,140,40,0.06870988011360168,0.9731543660163879,0.0672304779291153,0.9731543660163879,True,100
syn-cora-h0.90-r1,StratifiedKFoldDynamic_Degree_b300,3,5,GCN,100,127,27,0.06857137382030487,0.9731543660163879,0.06450926512479782,0.9697986841201782,True,100
syn-cora-h0.90-r1,StratifiedKFoldDynamic_Degree_b300,3,5,GCN,101,126,26,0.07415565103292465,0.9765100479125977,0.06788074970245361,0.9765100479125977,True,100
syn-cora-h0.90-r1,StratifiedKFoldDynamic_Degree_b300,3,4,GCN,101,214,114,0.06519856303930283,0.9798657894134521,0.06796006113290787,0.9899328947067261,True,100
syn-cora-h0.90-r1,StratifiedKFoldDynamic_NeighHet_b300,3,2,GCN,100,119,19,0.09403280913829803,0.9664429426193237,0.06189272552728653,0.9765100479125977,True,100
syn-cora-h0.90-r1,StratifiedKFoldDynamic_NeighHet_b300,3,1,GCN,100,125,25,0.055656127631664276,0.9765100479125977,0.06951331347227097,0.9664429426193237,True,100
syn-cora-h0.90-r1,StratifiedKFoldDynamic_NeighHet_b300,3,1,GCN,101,125,25,0.05397559702396393,0.9765100479125977,0.06828173249959946,0.9664429426193237,True,100
syn-cora-h0.90-r1,StratifiedKFoldDynamic_NeighHet_b300,3,2,GCN,101,131,31,0.10268034040927887,0.9563758373260498,0.05976186692714691,0.9765100479125977,True,100
syn-cora-h0.90-r1,StratifiedKFoldDynamic_NeighHet_b300,3,3,GCN,100,128,28,0.06680109351873398,0.9697986841201782,0.11067382991313934,0.963087260723114,True,100
syn-cora-h0.90-r1,StratifiedKFoldDynamic_NeighHet_b300,3,4,GCN,100,128,28,0.06524156779050827,0.9697986841201782,0.06582668423652649,0.9731543660163879,True,100
syn-cora-h0.90-r1,StratifiedKFoldDynamic_NeighHet_b300,3,3,GCN,101,129,29,0.07301529496908188,0.9664429426193237,0.11218978464603424,0.963087260723114,True,100
syn-cora-h0.90-r1,StratifiedKFoldDynamic_NeighHet_b300,3,5,GCN,100,127,27,0.06468277424573898,0.963087260723114,0.06583935767412186,0.9765100479125977,True,100
syn-cora-h0.90-r1,StratifiedKFoldDynamic_NeighHet_b300,3,5,GCN,101,130,30,0.06587119400501251,0.9697986841201782,0.07490968704223633,0.9731543660163879,True,100
syn-cora-h0.90-r1,StratifiedKFoldDynamic_NeighHet_b300,3,4,GCN,101,260,160,0.06951957941055298,0.9765100479125977,0.08292938768863678,0.9664429426193237,True,100
syn-cora-h0.90-r1,StratifiedKFoldDynamic_PageRank_b300,3,2,GCN,101,126,26,0.054342154413461685,0.9765100479125977,0.07425642013549805,0.9765100479125977,True,100
syn-cora-h0.90-r1,StratifiedKFoldDynamic_PageRank_b300,3,1,GCN,100,126,26,0.06756643950939178,0.9798657894134521,0.0626780241727829,0.9731543660163879,True,100
syn-cora-h0.90-r1,StratifiedKFoldDynamic_PageRank_b300,3,2,GCN,100,128,28,0.05163648724555969,0.9798657894134521,0.07089917361736298,0.9832214713096619,True,100
syn-cora-h0.90-r1,StratifiedKFoldDynamic_PageRank_b300,3,1,GCN,101,182,82,0.06947842240333557,0.9832214713096619,0.07377930730581284,0.9798657894134521,True,100
syn-cora-h0.90-r1,StratifiedKFoldDynamic_PageRank_b300,3,3,GCN,100,119,19,0.09123951941728592,0.9563758373260498,0.05422506853938103,0.9832214713096619,True,100
syn-cora-h0.90-r1,StratifiedKFoldDynamic_PageRank_b300,3,3,GCN,101,128,28,0.09535064548254013,0.9597315192222595,0.054643042385578156,0.9731543660163879,True,100
syn-cora-h0.90-r1,StratifiedKFoldDynamic_PageRank_b300,3,4,GCN,100,132,32,0.08106455951929092,0.9697986841201782,0.11144263297319412,0.9496644139289856,True,100
syn-cora-h0.90-r1,StratifiedKFoldDynamic_PageRank_b300,3,4,GCN,101,144,44,0.08145830780267715,0.9697986841201782,0.11623894423246384,0.9496644139289856,True,100
syn-cora-h0.90-r1,StratifiedKFoldDynamic_PageRank_b300,3,5,GCN,100,130,30,0.06012209877371788,0.9765100479125977,0.08065838366746902,0.963087260723114,True,100
syn-cora-h0.90-r1,StratifiedKFoldDynamic_PageRank_b300,3,5,GCN,101,126,26,0.061619676649570465,0.9765100479125977,0.08468230813741684,0.963087260723114,True,100
syn-cora-h0.90-r1,StratifiedKFoldDynamic_EigCentrality_b300,3,2,GCN,101,128,28,0.05300881341099739,0.9832214713096619,0.10630045086145401,0.9697986841201782,True,100
syn-cora-h0.90-r1,StratifiedKFoldDynamic_EigCentrality_b300,3,2,GCN,100,126,26,0.050949349999427795,0.9865771532058716,0.10211674124002457,0.963087260723114,True,100
syn-cora-h0.90-r1,StratifiedKFoldDynamic_EigCentrality_b300,3,1,GCN,100,194,94,0.09810502827167511,0.9563758373260498,0.05400458723306656,0.9798657894134521,True,100
syn-cora-h0.90-r1,StratifiedKFoldDynamic_EigCentrality_b300,3,1,GCN,101,208,108,0.09936805814504623,0.9664429426193237,0.058224402368068695,0.9697986841201782,True,100
syn-cora-h0.90-r1,StratifiedKFoldDynamic_EigCentrality_b300,3,3,GCN,100,129,29,0.09363386034965515,0.9563758373260498,0.05039409175515175,0.9798657894134521,True,100
syn-cora-h0.90-r1,StratifiedKFoldDynamic_EigCentrality_b300,3,3,GCN,101,134,34,0.10090267658233643,0.963087260723114,0.05633985996246338,0.9798657894134521,True,100
syn-cora-h0.90-r1,StratifiedKFoldDynamic_EigCentrality_b300,3,4,GCN,100,124,24,0.06386305391788483,0.9832214713096619,0.09703530371189117,0.9664429426193237,True,100
syn-cora-h0.90-r1,StratifiedKFoldDynamic_EigCentrality_b300,3,4,GCN,101,127,27,0.06681394577026367,0.9832214713096619,0.0933028981089592,0.9530201554298401,True,100
syn-cora-h0.90-r1,StratifiedKFoldDynamic_EigCentrality_b300,3,5,GCN,100,127,27,0.04584134370088577,0.9798657894134521,0.07347670197486877,0.9832214713096619,True,100
syn-cora-h0.90-r1,StratifiedKFoldDynamic_EigCentrality_b300,3,5,GCN,101,125,25,0.05016769468784332,0.9765100479125977,0.07497180998325348,0.9798657894134521,True,100
syn-cora-h0.90-r1,StratifiedKFoldDynamic_Clustering_b300,3,2,GCN,100,122,22,0.07258222252130508,0.9765100479125977,0.06446129828691483,0.9731543660163879,True,100
syn-cora-h0.90-r1,StratifiedKFoldDynamic_Clustering_b300,3,1,GCN,101,126,26,0.0696249008178711,0.9798657894134521,0.07736474275588989,0.9731543660163879,True,100
syn-cora-h0.90-r1,StratifiedKFoldDynamic_Clustering_b300,3,2,GCN,101,126,26,0.07898827642202377,0.9697986841201782,0.06931686401367188,0.9664429426193237,True,100
syn-cora-h0.90-r1,StratifiedKFoldDynamic_Clustering_b300,3,1,GCN,100,129,29,0.06508918851613998,0.9832214713096619,0.08328717201948166,0.9664429426193237,True,100
syn-cora-h0.90-r1,StratifiedKFoldDynamic_Clustering_b300,3,4,GCN,101,123,23,0.078821562230587,0.963087260723114,0.08504181355237961,0.963087260723114,True,100
syn-cora-h0.90-r1,StratifiedKFoldDynamic_Clustering_b300,3,4,GCN,100,138,38,0.07311451435089111,0.9697986841201782,0.0790577381849289,0.9697986841201782,True,100
syn-cora-h0.90-r1,StratifiedKFoldDynamic_Clustering_b300,3,3,GCN,100,189,89,0.08053942024707794,0.9664429426193237,0.08332895487546921,0.9731543660163879,True,100
syn-cora-h0.90-r1,StratifiedKFoldDynamic_Clustering_b300,3,5,GCN,101,129,29,0.06402881443500519,0.9697986841201782,0.07058899849653244,0.9664429426193237,True,100
syn-cora-h0.90-r1,StratifiedKFoldDynamic_Clustering_b300,3,3,GCN,101,331,231,0.07995077222585678,0.9664429426193237,0.0911298617720604,0.9697986841201782,True,100
syn-cora-h0.90-r1,StratifiedKFoldDynamic_Clustering_b300,3,5,GCN,100,262,162,0.05608241260051727,0.9798657894134521,0.0842672735452652,0.963087260723114,True,100
syn-cora-h0.90-r1,RandomKFold,4,2,GCN,100,124,24,0.08058525621891022,0.9597315192222595,0.08177200704813004,0.963087260723114,True,100
syn-cora-h0.90-r1,RandomKFold,4,2,GCN,101,133,33,0.08134666085243225,0.9697986841201782,0.08537676185369492,0.9664429426193237,True,100
syn-cora-h0.90-r1,RandomKFold,4,1,GCN,101,207,107,0.06898301839828491,0.9798657894134521,0.08036487549543381,0.9731543660163879,True,100
syn-cora-h0.90-r1,RandomKFold,4,3,GCN,100,133,33,0.04005097970366478,0.9832214713096619,0.07642854750156403,0.9664429426193237,True,100
syn-cora-h0.90-r1,RandomKFold,4,3,GCN,101,133,33,0.04395034909248352,0.9865771532058716,0.08613033592700958,0.9697986841201782,True,100
syn-cora-h0.90-r1,RandomKFold,4,4,GCN,100,118,18,0.08742373436689377,0.9664429426193237,0.04949787259101868,0.9865771532058716,True,100
syn-cora-h0.90-r1,RandomKFold,4,1,GCN,100,377,277,0.06351777911186218,0.9765100479125977,0.07433293759822845,0.9697986841201782,True,100
syn-cora-h0.90-r1,RandomKFold,4,4,GCN,101,130,30,0.09112319350242615,0.9664429426193237,0.051514580845832825,0.9798657894134521,True,100
syn-cora-h0.90-r1,RandomKFold,4,5,GCN,100,125,25,0.07041416317224503,0.9664429426193237,0.08333095908164978,0.9765100479125977,True,100
syn-cora-h0.90-r1,RandomKFold,4,5,GCN,101,126,26,0.07295958697795868,0.9731543660163879,0.08603549748659134,0.9697986841201782,True,100
syn-cora-h0.90-r1,LabelStratifiedKFold,4,1,GCN,100,129,29,0.0699385404586792,0.9798657894134521,0.06951027363538742,0.9664429426193237,True,100
syn-cora-h0.90-r1,LabelStratifiedKFold,4,1,GCN,101,129,29,0.07862508296966553,0.9731543660163879,0.07179328799247742,0.9664429426193237,True,100
syn-cora-h0.90-r1,LabelStratifiedKFold,4,2,GCN,101,131,31,0.07548701763153076,0.9731543660163879,0.06954685598611832,0.9798657894134521,True,100
syn-cora-h0.90-r1,LabelStratifiedKFold,4,2,GCN,100,138,38,0.0772378146648407,0.9697986841201782,0.06692375987768173,0.9765100479125977,True,100
syn-cora-h0.90-r1,LabelStratifiedKFold,4,3,GCN,100,127,27,0.05163507163524628,0.9832214713096619,0.09710513800382614,0.9530201554298401,True,100
syn-cora-h0.90-r1,LabelStratifiedKFold,4,3,GCN,101,127,27,0.055928364396095276,0.9832214713096619,0.09710600227117538,0.9496644139289856,True,100
syn-cora-h0.90-r1,LabelStratifiedKFold,4,4,GCN,100,132,32,0.06446567922830582,0.9798657894134521,0.04298599809408188,0.9832214713096619,True,100
syn-cora-h0.90-r1,LabelStratifiedKFold,4,4,GCN,101,132,32,0.0603153258562088,0.9798657894134521,0.04504074156284332,0.9798657894134521,True,100
syn-cora-h0.90-r1,LabelStratifiedKFold,4,5,GCN,100,121,21,0.07143513858318329,0.9731543660163879,0.06495626270771027,0.9731543660163879,True,100
syn-cora-h0.90-r1,LabelStratifiedKFold,4,5,GCN,101,124,24,0.07554260641336441,0.9697986841201782,0.059576719999313354,0.9798657894134521,True,100
syn-cora-h0.90-r1,StratifiedKFoldDynamic_Degree_b300,4,2,GCN,101,124,24,0.07159291952848434,0.9697986841201782,0.0780239999294281,0.9765100479125977,True,100
syn-cora-h0.90-r1,StratifiedKFoldDynamic_Degree_b300,4,2,GCN,100,122,22,0.06523521989583969,0.9765100479125977,0.07794362306594849,0.9664429426193237,True,100
syn-cora-h0.90-r1,StratifiedKFoldDynamic_Degree_b300,4,1,GCN,101,128,28,0.06543250381946564,0.9697986841201782,0.08368023484945297,0.9664429426193237,True,100
syn-cora-h0.90-r1,StratifiedKFoldDynamic_Degree_b300,4,1,GCN,100,128,28,0.06636487692594528,0.963087260723114,0.08639450371265411,0.9697986841201782,True,100
syn-cora-h0.90-r1,StratifiedKFoldDynamic_Degree_b300,4,3,GCN,100,127,27,0.04263926297426224,0.9832214713096619,0.07315655797719955,0.9731543660163879,True,100
syn-cora-h0.90-r1,StratifiedKFoldDynamic_Degree_b300,4,3,GCN,101,129,29,0.045923035591840744,0.9832214713096619,0.08048859238624573,0.9664429426193237,True,100
syn-cora-h0.90-r1,StratifiedKFoldDynamic_Degree_b300,4,4,GCN,100,127,27,0.07655785977840424,0.9731543660163879,0.047068387269973755,0.9798657894134521,True,100
syn-cora-h0.90-r1,StratifiedKFoldDynamic_Degree_b300,4,4,GCN,101,228,128,0.07745952904224396,0.9832214713096619,0.05765346437692642,0.9765100479125977,True,100
syn-cora-h0.90-r1,StratifiedKFoldDynamic_Degree_b300,4,5,GCN,100,127,27,0.08707889169454575,0.963087260723114,0.07619572430849075,0.9765100479125977,True,100
syn-cora-h0.90-r1,StratifiedKFoldDynamic_Degree_b300,4,5,GCN,101,127,27,0.08917669206857681,0.9697986841201782,0.08371517062187195,0.9697986841201782,True,100
syn-cora-h0.90-r1,StratifiedKFoldDynamic_NeighHet_b300,4,1,GCN,101,123,23,0.0725884661078453,0.9697986841201782,0.07394111901521683,0.9664429426193237,True,100
syn-cora-h0.90-r1,StratifiedKFoldDynamic_NeighHet_b300,4,2,GCN,100,124,24,0.06551499664783478,0.9731543660163879,0.08383094519376755,0.9664429426193237,True,100
syn-cora-h0.90-r1,StratifiedKFoldDynamic_NeighHet_b300,4,2,GCN,101,124,24,0.07555986940860748,0.9697986841201782,0.0739481970667839,0.9731543660163879,True,100
syn-cora-h0.90-r1,StratifiedKFoldDynamic_NeighHet_b300,4,1,GCN,100,142,42,0.08075673878192902,0.9530201554298401,0.08013685792684555,0.9697986841201782,True,100
syn-cora-h0.90-r1,StratifiedKFoldDynamic_NeighHet_b300,4,3,GCN,100,125,25,0.07752938568592072,0.9697986841201782,0.0662747398018837,0.9697986841201782,True,100
syn-cora-h0.90-r1,StratifiedKFoldDynamic_NeighHet_b300,4,4,GCN,100,126,26,0.08088558912277222,0.9697986841201782,0.0750066265463829,0.9731543660163879,True,100
syn-cora-h0.90-r1,StratifiedKFoldDynamic_NeighHet_b300,4,4,GCN,101,128,28,0.08385029435157776,0.9697986841201782,0.07569670677185059,0.9731543660163879,True,100
syn-cora-h0.90-r1,StratifiedKFoldDynamic_NeighHet_b300,4,3,GCN,101,143,43,0.08125630021095276,0.9664429426193237,0.07821080833673477,0.9697986841201782,True,100
syn-cora-h0.90-r1,StratifiedKFoldDynamic_NeighHet_b300,4,5,GCN,100,130,30,0.07613526284694672,0.9731543660163879,0.09317371249198914,0.9697986841201782,True,100
syn-cora-h0.90-r1,StratifiedKFoldDynamic_NeighHet_b300,4,5,GCN,101,133,33,0.0784788653254509,0.9697986841201782,0.10064034163951874,0.9664429426193237,True,100
syn-cora-h0.90-r1,StratifiedKFoldDynamic_PageRank_b300,4,2,GCN,101,123,23,0.07224175333976746,0.9798657894134521,0.06103561818599701,0.9731543660163879,True,100
syn-cora-h0.90-r1,StratifiedKFoldDynamic_PageRank_b300,4,1,GCN,100,127,27,0.059510741382837296,0.9765100479125977,0.09109910577535629,0.963087260723114,True,100
syn-cora-h0.90-r1,StratifiedKFoldDynamic_PageRank_b300,4,1,GCN,101,129,29,0.06601030379533768,0.963087260723114,0.09179612249135971,0.9697986841201782,True,100
syn-cora-h0.90-r1,StratifiedKFoldDynamic_PageRank_b300,4,2,GCN,100,133,33,0.0653815045952797,0.9731543660163879,0.05131871625781059,0.9765100479125977,True,100
syn-cora-h0.90-r1,StratifiedKFoldDynamic_PageRank_b300,4,4,GCN,100,131,31,0.0721394494175911,0.9697986841201782,0.05466065555810928,0.9697986841201782,True,100
syn-cora-h0.90-r1,StratifiedKFoldDynamic_PageRank_b300,4,4,GCN,101,124,24,0.0738842785358429,0.9731543660163879,0.05666492134332657,0.9798657894134521,True,100
syn-cora-h0.90-r1,StratifiedKFoldDynamic_PageRank_b300,4,5,GCN,100,119,19,0.0887628123164177,0.9697986841201782,0.07700899243354797,0.9731543660163879,True,100
syn-cora-h0.90-r1,StratifiedKFoldDynamic_PageRank_b300,4,3,GCN,100,278,178,0.04824449121952057,0.9865771532058716,0.08551092445850372,0.9664429426193237,True,100
syn-cora-h0.90-r1,StratifiedKFoldDynamic_PageRank_b300,4,3,GCN,101,344,244,0.04687946289777756,0.9832214713096619,0.08802171051502228,0.9664429426193237,True,100
syn-cora-h0.90-r1,StratifiedKFoldDynamic_PageRank_b300,4,5,GCN,101,229,129,0.08522536605596542,0.9765100479125977,0.08780072629451752,0.9664429426193237,True,100
syn-cora-h0.90-r1,StratifiedKFoldDynamic_EigCentrality_b300,4,1,GCN,100,124,24,0.08650092035531998,0.9664429426193237,0.07367841899394989,0.9664429426193237,True,100
syn-cora-h0.90-r1,StratifiedKFoldDynamic_EigCentrality_b300,4,1,GCN,101,123,23,0.08761392533779144,0.9697986841201782,0.07593578100204468,0.963087260723114,True,100
syn-cora-h0.90-r1,StratifiedKFoldDynamic_EigCentrality_b300,4,2,GCN,100,127,27,0.06491469591856003,0.9731543660163879,0.08724869042634964,0.9664429426193237,True,100
syn-cora-h0.90-r1,StratifiedKFoldDynamic_EigCentrality_b300,4,2,GCN,101,130,30,0.06328794360160828,0.9731543660163879,0.08862084895372391,0.9597315192222595,True,100
syn-cora-h0.90-r1,StratifiedKFoldDynamic_EigCentrality_b300,4,4,GCN,100,124,24,0.04693329706788063,0.9865771532058716,0.08305172622203827,0.9697986841201782,True,100
syn-cora-h0.90-r1,StratifiedKFoldDynamic_EigCentrality_b300,4,3,GCN,101,128,28,0.07888323813676834,0.9731543660163879,0.07547494024038315,0.9697986841201782,True,100
syn-cora-h0.90-r1,StratifiedKFoldDynamic_EigCentrality_b300,4,4,GCN,101,123,23,0.045734990388154984,0.9899328947067261,0.08333999663591385,0.9697986841201782,True,100
syn-cora-h0.90-r1,StratifiedKFoldDynamic_EigCentrality_b300,4,3,GCN,100,134,34,0.08015017956495285,0.9697986841201782,0.0768972858786583,0.9697986841201782,True,100
syn-cora-h0.90-r1,StratifiedKFoldDynamic_EigCentrality_b300,4,5,GCN,100,126,26,0.06464649736881256,0.9731543660163879,0.04899486526846886,0.9832214713096619,True,100
syn-cora-h0.90-r1,StratifiedKFoldDynamic_EigCentrality_b300,4,5,GCN,101,125,25,0.06735841929912567,0.9765100479125977,0.04771295562386513,0.9865771532058716,True,100
syn-cora-h0.90-r1,StratifiedKFoldDynamic_Clustering_b300,4,1,GCN,101,127,27,0.07555214315652847,0.9765100479125977,0.07179561257362366,0.9697986841201782,True,100
syn-cora-h0.90-r1,StratifiedKFoldDynamic_Clustering_b300,4,1,GCN,100,128,28,0.07686512917280197,0.9765100479125977,0.06384395807981491,0.9697986841201782,True,100
syn-cora-h0.90-r1,StratifiedKFoldDynamic_Clustering_b300,4,2,GCN,101,131,31,0.0756511464715004,0.963087260723114,0.0726148709654808,0.9697986841201782,True,100
syn-cora-h0.90-r1,StratifiedKFoldDynamic_Clustering_b300,4,2,GCN,100,148,48,0.07257866859436035,0.9664429426193237,0.08121062815189362,0.9697986841201782,True,100
syn-cora-h0.90-r1,StratifiedKFoldDynamic_Clustering_b300,4,3,GCN,100,123,23,0.05802914872765541,0.9798657894134521,0.07734142988920212,0.9664429426193237,True,100
syn-cora-h0.90-r1,StratifiedKFoldDynamic_Clustering_b300,4,3,GCN,101,123,23,0.06034082919359207,0.9798657894134521,0.07907617092132568,0.9664429426193237,True,100
syn-cora-h0.90-r1,StratifiedKFoldDynamic_Clustering_b300,4,4,GCN,100,126,26,0.07225406914949417,0.9765100479125977,0.055897973477840424,0.9832214713096619,True,100
syn-cora-h0.90-r1,StratifiedKFoldDynamic_Clustering_b300,4,4,GCN,101,127,27,0.06815142184495926,0.9731543660163879,0.0639207661151886,0.9798657894134521,True,100
syn-cora-h0.90-r1,StratifiedKFoldDynamic_Clustering_b300,4,5,GCN,100,126,26,0.06811205297708511,0.9731543660163879,0.06743752211332321,0.9765100479125977,True,100
syn-cora-h0.90-r1,StratifiedKFoldDynamic_Clustering_b300,4,5,GCN,101,131,31,0.06993521004915237,0.9731543660163879,0.06703772395849228,0.9765100479125977,True,100
syn-cora-h1.00-r1,RandomKFold,0,2,GCN,101,130,30,0.00225836387835443,1.0,0.001961634960025549,1.0,True,100
syn-cora-h1.00-r1,RandomKFold,0,1,GCN,100,129,29,0.0018222997896373272,1.0,0.0024039822164922953,1.0,True,100
syn-cora-h1.00-r1,RandomKFold,0,2,GCN,100,131,31,0.002268848242238164,1.0,0.0017516969237476587,1.0,True,100
syn-cora-h1.00-r1,RandomKFold,0,1,GCN,101,132,32,0.0022010705433785915,1.0,0.0023942114785313606,1.0,True,100
syn-cora-h1.00-r1,RandomKFold,0,3,GCN,100,127,27,0.0018487072084099054,1.0,0.0024765036068856716,1.0,True,100
syn-cora-h1.00-r1,RandomKFold,0,3,GCN,101,130,30,0.002346990630030632,1.0,0.0022585224360227585,1.0,True,100
syn-cora-h1.00-r1,RandomKFold,0,4,GCN,100,129,29,0.002109766472131014,1.0,0.0016300961142405868,1.0,True,100
syn-cora-h1.00-r1,RandomKFold,0,4,GCN,101,128,28,0.002401086501777172,1.0,0.0020857586059719324,1.0,True,100
syn-cora-h1.00-r1,RandomKFold,0,5,GCN,100,127,27,0.002297088271006942,1.0,0.0024608068633824587,1.0,True,100
syn-cora-h1.00-r1,RandomKFold,0,5,GCN,101,131,31,0.002278922125697136,1.0,0.0027266377583146095,1.0,True,100
syn-cora-h1.00-r1,LabelStratifiedKFold,0,1,GCN,100,129,29,0.0022921187337487936,1.0,0.0022667674347758293,1.0,True,100
syn-cora-h1.00-r1,LabelStratifiedKFold,0,1,GCN,101,129,29,0.002390987239778042,1.0,0.002239082707092166,1.0,True,100
syn-cora-h1.00-r1,LabelStratifiedKFold,0,2,GCN,100,130,30,0.001519779209047556,1.0,0.0025828068610280752,1.0,True,100
syn-cora-h1.00-r1,LabelStratifiedKFold,0,2,GCN,101,131,31,0.001927852281369269,1.0,0.0023896864149719477,1.0,True,100
syn-cora-h1.00-r1,LabelStratifiedKFold,0,3,GCN,100,130,30,0.0017625160980969667,1.0,0.00206822925247252,1.0,True,100
syn-cora-h1.00-r1,LabelStratifiedKFold,0,3,GCN,101,126,26,0.002711008070036769,1.0,0.003042474389076233,1.0,True,100
syn-cora-h1.00-r1,LabelStratifiedKFold,0,4,GCN,100,127,27,0.0033211272675544024,1.0,0.0016695072408765554,1.0,True,100
syn-cora-h1.00-r1,LabelStratifiedKFold,0,4,GCN,101,130,30,0.00301129138097167,1.0,0.0023029407020658255,1.0,True,100
syn-cora-h1.00-r1,LabelStratifiedKFold,0,5,GCN,100,128,28,0.00218393886461854,1.0,0.00299298414029181,1.0,True,100
syn-cora-h1.00-r1,LabelStratifiedKFold,0,5,GCN,101,130,30,0.002287426497787237,1.0,0.003129568649455905,1.0,True,100
syn-cora-h1.00-r1,StratifiedKFoldDynamic_Degree_b300,0,2,GCN,100,129,29,0.0015649122651666403,1.0,0.0016542421653866768,1.0,True,100
syn-cora-h1.00-r1,StratifiedKFoldDynamic_Degree_b300,0,1,GCN,100,128,28,0.001973070902749896,1.0,0.002064764965325594,1.0,True,100
syn-cora-h1.00-r1,StratifiedKFoldDynamic_Degree_b300,0,2,GCN,101,131,31,0.0015773086342960596,1.0,0.002048028167337179,1.0,True,100
syn-cora-h1.00-r1,StratifiedKFoldDynamic_Degree_b300,0,1,GCN,101,131,31,0.002513283398002386,1.0,0.002279704436659813,1.0,True,100
syn-cora-h1.00-r1,StratifiedKFoldDynamic_Degree_b300,0,3,GCN,100,128,28,0.0019890586845576763,1.0,0.0017031707102432847,1.0,True,100
syn-cora-h1.00-r1,StratifiedKFoldDynamic_Degree_b300,0,3,GCN,101,130,30,0.0023818528279662132,1.0,0.0016385071212425828,1.0,True,100
syn-cora-h1.00-r1,StratifiedKFoldDynamic_Degree_b300,0,4,GCN,100,129,29,0.002453691093251109,1.0,0.002569119445979595,1.0,True,100
syn-cora-h1.00-r1,StratifiedKFoldDynamic_Degree_b300,0,4,GCN,101,130,30,0.0023566780146211386,1.0,0.002923917258158326,1.0,True,100
syn-cora-h1.00-r1,StratifiedKFoldDynamic_Degree_b300,0,5,GCN,100,129,29,0.001952061546035111,1.0,0.0024182116612792015,1.0,True,100
syn-cora-h1.00-r1,StratifiedKFoldDynamic_Degree_b300,0,5,GCN,101,131,31,0.0022637899965047836,1.0,0.0021823381539434195,1.0,True,100
syn-cora-h1.00-r1,StratifiedKFoldDynamic_NeighHet_b100,0,1,GCN,100,127,27,0.003049371298402548,1.0,0.0018263483652845025,1.0,True,100
syn-cora-h1.00-r1,StratifiedKFoldDynamic_NeighHet_b100,0,2,GCN,100,130,30,0.0014775831950828433,1.0,0.0027304068207740784,1.0,True,100
syn-cora-h1.00-r1,StratifiedKFoldDynamic_NeighHet_b100,0,1,GCN,101,131,31,0.0034013523254543543,1.0,0.0020724358037114143,1.0,True,100
syn-cora-h1.00-r1,StratifiedKFoldDynamic_NeighHet_b100,0,2,GCN,101,130,30,0.0017320011975243688,1.0,0.0026521284598857164,1.0,True,100
syn-cora-h1.00-r1,StratifiedKFoldDynamic_NeighHet_b100,0,3,GCN,100,126,26,0.0023729982785880566,1.0,0.0015541466418653727,1.0,True,100
syn-cora-h1.00-r1,StratifiedKFoldDynamic_NeighHet_b100,0,3,GCN,101,129,29,0.0023835122119635344,1.0,0.0016359230503439903,1.0,True,100
syn-cora-h1.00-r1,StratifiedKFoldDynamic_NeighHet_b100,0,4,GCN,100,128,28,0.0023456525523215532,1.0,0.002028144896030426,1.0,True,100
syn-cora-h1.00-r1,StratifiedKFoldDynamic_NeighHet_b100,0,4,GCN,101,130,30,0.0024402127601206303,1.0,0.00206531654112041,1.0,True,100
syn-cora-h1.00-r1,StratifiedKFoldDynamic_NeighHet_b100,0,5,GCN,100,130,30,0.001406156225129962,1.0,0.002490229671820998,1.0,True,100
syn-cora-h1.00-r1,StratifiedKFoldDynamic_NeighHet_b100,0,5,GCN,101,131,31,0.0015478860586881638,1.0,0.0027925302274525166,1.0,True,100
syn-cora-h1.00-r1,StratifiedKFoldDynamic_PageRank_b300,0,2,GCN,100,125,25,0.003567891661077738,1.0,0.0014936040388420224,1.0,True,100
syn-cora-h1.00-r1,StratifiedKFoldDynamic_PageRank_b300,0,1,GCN,100,129,29,0.0013407699298113585,1.0,0.0019056114833801985,1.0,True,100
syn-cora-h1.00-r1,StratifiedKFoldDynamic_PageRank_b300,0,2,GCN,101,129,29,0.003934352193027735,1.0,0.0015982426702976227,1.0,True,100
syn-cora-h1.00-r1,StratifiedKFoldDynamic_PageRank_b300,0,1,GCN,101,131,31,0.0014540868578478694,1.0,0.0020145480521023273,1.0,True,100
syn-cora-h1.00-r1,StratifiedKFoldDynamic_PageRank_b300,0,3,GCN,100,128,28,0.0023343777284026146,1.0,0.0027294547762721777,1.0,True,100
syn-cora-h1.00-r1,StratifiedKFoldDynamic_PageRank_b300,0,4,GCN,100,129,29,0.00236295978538692,1.0,0.0023673034738749266,1.0,True,100
syn-cora-h1.00-r1,StratifiedKFoldDynamic_PageRank_b300,0,3,GCN,101,130,30,0.0023994245566427708,1.0,0.002804414601996541,1.0,True,100
syn-cora-h1.00-r1,StratifiedKFoldDynamic_PageRank_b300,0,4,GCN,101,132,32,0.002914880868047476,1.0,0.002625084714964032,1.0,True,100
syn-cora-h1.00-r1,StratifiedKFoldDynamic_PageRank_b300,0,5,GCN,100,129,29,0.002186531899496913,1.0,0.0023165573365986347,1.0,True,100
syn-cora-h1.00-r1,StratifiedKFoldDynamic_PageRank_b300,0,5,GCN,101,131,31,0.0023448739666491747,1.0,0.0027837229426950216,1.0,True,100
syn-cora-h1.00-r1,StratifiedKFoldDynamic_EigCentrality_b300,0,2,GCN,100,126,26,0.0023298815358430147,1.0,0.003934788517653942,1.0,True,100
syn-cora-h1.00-r1,StratifiedKFoldDynamic_EigCentrality_b300,0,1,GCN,100,128,28,0.002770448802039027,1.0,0.002927027177065611,1.0,True,100
syn-cora-h1.00-r1,StratifiedKFoldDynamic_EigCentrality_b300,0,1,GCN,101,130,30,0.0025964940432459116,1.0,0.0032593372743576765,1.0,True,100
syn-cora-h1.00-r1,StratifiedKFoldDynamic_EigCentrality_b300,0,2,GCN,101,133,33,0.0028130447026342154,1.0,0.0035351142287254333,1.0,True,100
syn-cora-h1.00-r1,StratifiedKFoldDynamic_EigCentrality_b300,0,4,GCN,100,127,27,0.0016345457406714559,1.0,0.0012008026242256165,1.0,True,100
syn-cora-h1.00-r1,StratifiedKFoldDynamic_EigCentrality_b300,0,3,GCN,101,129,29,0.0014131030766293406,1.0,0.0022059157490730286,1.0,True,100
syn-cora-h1.00-r1,StratifiedKFoldDynamic_EigCentrality_b300,0,3,GCN,100,130,30,0.001180018181912601,1.0,0.0017490459140390158,1.0,True,100
syn-cora-h1.00-r1,StratifiedKFoldDynamic_EigCentrality_b300,0,4,GCN,101,130,30,0.0018068499630317092,1.0,0.001307162456214428,1.0,True,100
syn-cora-h1.00-r1,StratifiedKFoldDynamic_EigCentrality_b300,0,5,GCN,100,129,29,0.002612184500321746,1.0,0.0023490660823881626,1.0,True,100
syn-cora-h1.00-r1,StratifiedKFoldDynamic_EigCentrality_b300,0,5,GCN,101,132,32,0.00305568752810359,1.0,0.002538258209824562,1.0,True,100
syn-cora-h1.00-r1,StratifiedKFoldDynamic_Clustering_b300,0,2,GCN,100,127,27,0.0018202208448201418,1.0,0.0043463632464408875,1.0,True,100
syn-cora-h1.00-r1,StratifiedKFoldDynamic_Clustering_b300,0,1,GCN,100,127,27,0.003072617342695594,1.0,0.002574231941252947,1.0,True,100
syn-cora-h1.00-r1,StratifiedKFoldDynamic_Clustering_b300,0,1,GCN,101,131,31,0.0029781567864120007,1.0,0.0025742799043655396,1.0,True,100
syn-cora-h1.00-r1,StratifiedKFoldDynamic_Clustering_b300,0,2,GCN,101,130,30,0.0020214789547026157,1.0,0.0041230181232094765,1.0,True,100
syn-cora-h1.00-r1,StratifiedKFoldDynamic_Clustering_b300,0,3,GCN,100,129,29,0.0016506726387888193,1.0,0.0018016068497672677,1.0,True,100
syn-cora-h1.00-r1,StratifiedKFoldDynamic_Clustering_b300,0,3,GCN,101,131,31,0.001840165234170854,1.0,0.0020945759024471045,1.0,True,100
syn-cora-h1.00-r1,StratifiedKFoldDynamic_Clustering_b300,0,4,GCN,100,130,30,0.0011715005384758115,1.0,0.001630749786272645,1.0,True,100
syn-cora-h1.00-r1,StratifiedKFoldDynamic_Clustering_b300,0,4,GCN,101,130,30,0.0013628401793539524,1.0,0.001833548303693533,1.0,True,100
syn-cora-h1.00-r1,StratifiedKFoldDynamic_Clustering_b300,0,5,GCN,100,129,29,0.002692127600312233,1.0,0.0012295027263462543,1.0,True,100
syn-cora-h1.00-r1,StratifiedKFoldDynamic_Clustering_b300,0,5,GCN,101,130,30,0.00330791505984962,1.0,0.0015101046301424503,1.0,True,100
syn-cora-h1.00-r1,RandomKFold,1,2,GCN,100,128,28,0.0028628644067794085,1.0,0.0016443681670352817,1.0,True,100
syn-cora-h1.00-r1,RandomKFold,1,1,GCN,100,129,29,0.0014775346498936415,1.0,0.002123216399922967,1.0,True,100
syn-cora-h1.00-r1,RandomKFold,1,1,GCN,101,130,30,0.001834500813856721,1.0,0.002045493107289076,1.0,True,100
syn-cora-h1.00-r1,RandomKFold,1,2,GCN,101,131,31,0.003494765842333436,1.0,0.0019562961533665657,1.0,True,100
syn-cora-h1.00-r1,RandomKFold,1,3,GCN,100,129,29,0.002289708936586976,1.0,0.0024680788628757,1.0,True,100
syn-cora-h1.00-r1,RandomKFold,1,4,GCN,100,128,28,0.002076284494251013,1.0,0.0022463565692305565,1.0,True,100
syn-cora-h1.00-r1,RandomKFold,1,3,GCN,101,130,30,0.0024494670797139406,1.0,0.0031545034144073725,1.0,True,100
syn-cora-h1.00-r1,RandomKFold,1,4,GCN,101,131,31,0.0019698338583111763,1.0,0.0021039159037172794,1.0,True,100
syn-cora-h1.00-r1,RandomKFold,1,5,GCN,100,126,26,0.002722530858591199,1.0,0.0028089035768061876,1.0,True,100
syn-cora-h1.00-r1,RandomKFold,1,5,GCN,101,133,33,0.0025764971505850554,1.0,0.0027539595030248165,1.0,True,100
syn-cora-h1.00-r1,LabelStratifiedKFold,1,1,GCN,100,126,26,0.002110087312757969,1.0,0.0018132412806153297,1.0,True,100
syn-cora-h1.00-r1,LabelStratifiedKFold,1,2,GCN,100,129,29,0.001979996683076024,1.0,0.0026020752266049385,1.0,True,100
syn-cora-h1.00-r1,LabelStratifiedKFold,1,2,GCN,101,130,30,0.0021100477315485477,1.0,0.002897312631830573,1.0,True,100
syn-cora-h1.00-r1,LabelStratifiedKFold,1,1,GCN,101,134,34,0.002459388691931963,1.0,0.0018386770971119404,1.0,True,100
syn-cora-h1.00-r1,LabelStratifiedKFold,1,3,GCN,100,129,29,0.0019198828376829624,1.0,0.0020095473155379295,1.0,True,100
syn-cora-h1.00-r1,LabelStratifiedKFold,1,3,GCN,101,130,30,0.0020495641510933638,1.0,0.0022706417366862297,1.0,True,100
syn-cora-h1.00-r1,LabelStratifiedKFold,1,4,GCN,100,129,29,0.0023892316967248917,1.0,0.0021895619574934244,1.0,True,100
syn-cora-h1.00-r1,LabelStratifiedKFold,1,4,GCN,101,129,29,0.0027509259525686502,1.0,0.0023524556308984756,1.0,True,100
syn-cora-h1.00-r1,LabelStratifiedKFold,1,5,GCN,100,129,29,0.0018280304502695799,1.0,0.0019710888154804707,1.0,True,100
syn-cora-h1.00-r1,LabelStratifiedKFold,1,5,GCN,101,131,31,0.00186078657861799,1.0,0.0021599687170237303,1.0,True,100
syn-cora-h1.00-r1,StratifiedKFoldDynamic_Degree_b300,1,1,GCN,101,128,28,0.002360142767429352,1.0,0.0015733652980998158,1.0,True,100
syn-cora-h1.00-r1,StratifiedKFoldDynamic_Degree_b300,1,1,GCN,100,129,29,0.0019697200041264296,1.0,0.0013884174404665828,1.0,True,100
syn-cora-h1.00-r1,StratifiedKFoldDynamic_Degree_b300,1,2,GCN,101,129,29,0.002502620918676257,1.0,0.00283331167884171,1.0,True,100
syn-cora-h1.00-r1,StratifiedKFoldDynamic_Degree_b300,1,2,GCN,100,131,31,0.00215564901009202,1.0,0.0023938394151628017,1.0,True,100
syn-cora-h1.00-r1,StratifiedKFoldDynamic_Degree_b300,1,3,GCN,100,129,29,0.0024836950469762087,1.0,0.0022623755503445864,1.0,True,100
syn-cora-h1.00-r1,StratifiedKFoldDynamic_Degree_b300,1,4,GCN,100,127,27,0.002749975537881255,1.0,0.0029864718671888113,1.0,True,100
syn-cora-h1.00-r1,StratifiedKFoldDynamic_Degree_b300,1,3,GCN,101,132,32,0.002472098683938384,1.0,0.0024664064403623343,1.0,True,100
syn-cora-h1.00-r1,StratifiedKFoldDynamic_Degree_b300,1,4,GCN,101,130,30,0.0031606387346982956,1.0,0.0032706253696233034,1.0,True,100
syn-cora-h1.00-r1,StratifiedKFoldDynamic_Degree_b300,1,5,GCN,101,131,31,0.0013308814959600568,1.0,0.00254865107126534,1.0,True,100
syn-cora-h1.00-r1,StratifiedKFoldDynamic_Degree_b300,1,5,GCN,100,129,29,0.0012442419538274407,1.0,0.0024199506733566523,1.0,True,100
syn-cora-h1.00-r1,StratifiedKFoldDynamic_NeighHet_b100,1,2,GCN,100,130,30,0.0018598975148051977,1.0,0.0013852494303137064,1.0,True,100
syn-cora-h1.00-r1,StratifiedKFoldDynamic_NeighHet_b100,1,1,GCN,101,129,29,0.0020704406779259443,1.0,0.0020585833117365837,1.0,True,100
syn-cora-h1.00-r1,StratifiedKFoldDynamic_NeighHet_b100,1,1,GCN,100,130,30,0.0016438581515103579,1.0,0.0019144936231896281,1.0,True,100
syn-cora-h1.00-r1,StratifiedKFoldDynamic_NeighHet_b100,1,2,GCN,101,130,30,0.002018570201471448,1.0,0.0017404792597517371,1.0,True,100
syn-cora-h1.00-r1,StratifiedKFoldDynamic_NeighHet_b100,1,3,GCN,100,128,28,0.0021777870133519173,1.0,0.0018820450641214848,1.0,True,100
syn-cora-h1.00-r1,StratifiedKFoldDynamic_NeighHet_b100,1,4,GCN,100,126,26,0.0026340342592447996,1.0,0.00210096244700253,1.0,True,100
syn-cora-h1.00-r1,StratifiedKFoldDynamic_NeighHet_b100,1,4,GCN,101,132,32,0.002695833332836628,1.0,0.0022782969754189253,1.0,True,100
syn-cora-h1.00-r1,StratifiedKFoldDynamic_NeighHet_b100,1,3,GCN,101,135,35,0.002529191318899393,1.0,0.0022144014947116375,1.0,True,100
syn-cora-h1.00-r1,StratifiedKFoldDynamic_NeighHet_b100,1,5,GCN,100,127,27,0.002287364099174738,1.0,0.002975642215460539,1.0,True,100
syn-cora-h1.00-r1,StratifiedKFoldDynamic_NeighHet_b100,1,5,GCN,101,130,30,0.0023959865793585777,1.0,0.0029879133217036724,1.0,True,100
syn-cora-h1.00-r1,StratifiedKFoldDynamic_PageRank_b300,1,1,GCN,101,130,30,0.0018810612382367253,1.0,0.0024249996058642864,1.0,True,100
syn-cora-h1.00-r1,StratifiedKFoldDynamic_PageRank_b300,1,1,GCN,100,130,30,0.0015157352900132537,1.0,0.00203354237601161,1.0,True,100
syn-cora-h1.00-r1,StratifiedKFoldDynamic_PageRank_b300,1,2,GCN,101,129,29,0.0019536360632628202,1.0,0.0022641003597527742,1.0,True,100
syn-cora-h1.00-r1,StratifiedKFoldDynamic_PageRank_b300,1,2,GCN,100,130,30,0.001554327318444848,1.0,0.0017882927786558867,1.0,True,100
syn-cora-h1.00-r1,StratifiedKFoldDynamic_PageRank_b300,1,3,GCN,100,128,28,0.0026362515054643154,1.0,0.0014599990099668503,1.0,True,100
syn-cora-h1.00-r1,StratifiedKFoldDynamic_PageRank_b300,1,4,GCN,100,127,27,0.0024234536103904247,1.0,0.0029836397152394056,1.0,True,100
syn-cora-h1.00-r1,StratifiedKFoldDynamic_PageRank_b300,1,3,GCN,101,129,29,0.002426766324788332,1.0,0.0017793496372178197,1.0,True,100
syn-cora-h1.00-r1,StratifiedKFoldDynamic_PageRank_b300,1,4,GCN,101,131,31,0.0025449846871197224,1.0,0.002731810789555311,1.0,True,100
syn-cora-h1.00-r1,StratifiedKFoldDynamic_PageRank_b300,1,5,GCN,100,129,29,0.0020826756954193115,1.0,0.0022560646757483482,1.0,True,100
syn-cora-h1.00-r1,StratifiedKFoldDynamic_PageRank_b300,1,5,GCN,101,132,32,0.0021872783545404673,1.0,0.0023520353715866804,1.0,True,100
syn-cora-h1.00-r1,StratifiedKFoldDynamic_EigCentrality_b300,1,2,GCN,101,129,29,0.0018161081243306398,1.0,0.001998461317270994,1.0,True,100
syn-cora-h1.00-r1,StratifiedKFoldDynamic_EigCentrality_b300,1,2,GCN,100,130,30,0.0017063189297914505,1.0,0.0018455602694302797,1.0,True,100
syn-cora-h1.00-r1,StratifiedKFoldDynamic_EigCentrality_b300,1,1,GCN,101,131,31,0.0027510172221809626,1.0,0.0020230726804584265,1.0,True,100
syn-cora-h1.00-r1,StratifiedKFoldDynamic_EigCentrality_b300,1,1,GCN,100,130,30,0.002127486513927579,1.0,0.0017885883571580052,1.0,True,100
syn-cora-h1.00-r1,StratifiedKFoldDynamic_EigCentrality_b300,1,3,GCN,100,128,28,0.002727681305259466,1.0,0.002317346865311265,1.0,True,100
syn-cora-h1.00-r1,StratifiedKFoldDynamic_EigCentrality_b300,1,4,GCN,100,128,28,0.0018942104652523994,1.0,0.002512085484340787,1.0,True,100
syn-cora-h1.00-r1,StratifiedKFoldDynamic_EigCentrality_b300,1,3,GCN,101,130,30,0.0028285912703722715,1.0,0.002733290195465088,1.0,True,100
syn-cora-h1.00-r1,StratifiedKFoldDynamic_EigCentrality_b300,1,4,GCN,101,128,28,0.002215298591181636,1.0,0.002599169034510851,1.0,True,100
syn-cora-h1.00-r1,StratifiedKFoldDynamic_EigCentrality_b300,1,5,GCN,100,128,28,0.0020214819815009832,1.0,0.002209811005741358,1.0,True,100
syn-cora-h1.00-r1,StratifiedKFoldDynamic_EigCentrality_b300,1,5,GCN,101,131,31,0.002095774281769991,1.0,0.0023520803079009056,1.0,True,100
syn-cora-h1.00-r1,StratifiedKFoldDynamic_Clustering_b300,1,2,GCN,100,127,27,0.0026786879170686007,1.0,0.0016636172076687217,1.0,True,100
syn-cora-h1.00-r1,StratifiedKFoldDynamic_Clustering_b300,1,1,GCN,100,128,28,0.0015075582778081298,1.0,0.002188223646953702,1.0,True,100
syn-cora-h1.00-r1,StratifiedKFoldDynamic_Clustering_b300,1,1,GCN,101,130,30,0.0016589713050052524,1.0,0.0023065386340022087,1.0,True,100
syn-cora-h1.00-r1,StratifiedKFoldDynamic_Clustering_b300,1,2,GCN,101,131,31,0.002479295711964369,1.0,0.0016615592176094651,1.0,True,100
syn-cora-h1.00-r1,StratifiedKFoldDynamic_Clustering_b300,1,4,GCN,100,129,29,0.002151771215721965,1.0,0.001993432641029358,1.0,True,100
syn-cora-h1.00-r1,StratifiedKFoldDynamic_Clustering_b300,1,3,GCN,101,131,31,0.0023957351222634315,1.0,0.002261534333229065,1.0,True,100
syn-cora-h1.00-r1,StratifiedKFoldDynamic_Clustering_b300,1,3,GCN,100,131,31,0.0020451275631785393,1.0,0.0026636889670044184,1.0,True,100
syn-cora-h1.00-r1,StratifiedKFoldDynamic_Clustering_b300,1,4,GCN,101,130,30,0.002372635994106531,1.0,0.0026854779571294785,1.0,True,100
syn-cora-h1.00-r1,StratifiedKFoldDynamic_Clustering_b300,1,5,GCN,100,128,28,0.0023327148519456387,1.0,0.002121427096426487,1.0,True,100
syn-cora-h1.00-r1,StratifiedKFoldDynamic_Clustering_b300,1,5,GCN,101,132,32,0.0026904167607426643,1.0,0.0022686487063765526,1.0,True,100
syn-cora-h1.00-r1,RandomKFold,2,1,GCN,100,128,28,0.0028668809682130814,1.0,0.0011345542734488845,1.0,True,100
syn-cora-h1.00-r1,RandomKFold,2,2,GCN,100,129,29,0.0023962073028087616,1.0,0.002453755820170045,1.0,True,100
syn-cora-h1.00-r1,RandomKFold,2,2,GCN,101,130,30,0.00248013436794281,1.0,0.0031155068427324295,1.0,True,100
syn-cora-h1.00-r1,RandomKFold,2,1,GCN,101,133,33,0.0029995061922818422,1.0,0.0014300555922091007,1.0,True,100
syn-cora-h1.00-r1,RandomKFold,2,3,GCN,100,126,26,0.002264101291075349,1.0,0.0024615703150629997,1.0,True,100
syn-cora-h1.00-r1,RandomKFold,2,4,GCN,100,128,28,0.0020609593484550714,1.0,0.0019686142913997173,1.0,True,100
syn-cora-h1.00-r1,RandomKFold,2,3,GCN,101,131,31,0.0024246997199952602,1.0,0.0025145248509943485,1.0,True,100
syn-cora-h1.00-r1,RandomKFold,2,4,GCN,101,131,31,0.0018789024325087667,1.0,0.0021237952169030905,1.0,True,100
syn-cora-h1.00-r1,RandomKFold,2,5,GCN,100,130,30,0.0012222996447235346,1.0,0.0023683139588683844,1.0,True,100
syn-cora-h1.00-r1,RandomKFold,2,5,GCN,101,131,31,0.0015630944399163127,1.0,0.0021552282851189375,1.0,True,100
syn-cora-h1.00-r1,LabelStratifiedKFold,2,2,GCN,100,127,27,0.002660617232322693,1.0,0.0025429194793105125,1.0,True,100
syn-cora-h1.00-r1,LabelStratifiedKFold,2,1,GCN,100,129,29,0.0022671078331768513,1.0,0.001958396751433611,1.0,True,100
syn-cora-h1.00-r1,LabelStratifiedKFold,2,2,GCN,101,129,29,0.0030491375364363194,1.0,0.0028160775545984507,1.0,True,100
syn-cora-h1.00-r1,LabelStratifiedKFold,2,1,GCN,101,131,31,0.0027448793407529593,1.0,0.0023519820533692837,1.0,True,100
syn-cora-h1.00-r1,LabelStratifiedKFold,2,3,GCN,100,128,28,0.0014560772106051445,1.0,0.0020571728236973286,1.0,True,100
syn-cora-h1.00-r1,LabelStratifiedKFold,2,4,GCN,100,128,28,0.002772330539301038,1.0,0.001416146638803184,1.0,True,100
syn-cora-h1.00-r1,LabelStratifiedKFold,2,3,GCN,101,130,30,0.0015952057437971234,1.0,0.002371390350162983,1.0,True,100
syn-cora-h1.00-r1,LabelStratifiedKFold,2,4,GCN,101,130,30,0.002506825840100646,1.0,0.0014212183887138963,1.0,True,100
syn-cora-h1.00-r1,LabelStratifiedKFold,2,5,GCN,100,130,30,0.001789471018128097,1.0,0.0028075496666133404,1.0,True,100
syn-cora-h1.00-r1,LabelStratifiedKFold,2,5,GCN,101,130,30,0.0020092278718948364,1.0,0.002650730311870575,1.0,True,100
syn-cora-h1.00-r1,StratifiedKFoldDynamic_Degree_b300,2,1,GCN,100,128,28,0.0026200562715530396,1.0,0.002850460121408105,1.0,True,100
syn-cora-h1.00-r1,StratifiedKFoldDynamic_Degree_b300,2,2,GCN,100,129,29,0.0021419525146484375,1.0,0.002320890547707677,1.0,True,100
syn-cora-h1.00-r1,StratifiedKFoldDynamic_Degree_b300,2,2,GCN,101,129,29,0.0023478532675653696,1.0,0.0024681370705366135,1.0,True,100
syn-cora-h1.00-r1,StratifiedKFoldDynamic_Degree_b300,2,1,GCN,101,131,31,0.0029235342517495155,1.0,0.003643952775746584,1.0,True,100
syn-cora-h1.00-r1,StratifiedKFoldDynamic_Degree_b300,2,3,GCN,101,128,28,0.0018614630680531263,1.0,0.0022909818217158318,1.0,True,100
syn-cora-h1.00-r1,StratifiedKFoldDynamic_Degree_b300,2,3,GCN,100,130,30,0.0015203128568828106,1.0,0.0021126847714185715,1.0,True,100
syn-cora-h1.00-r1,StratifiedKFoldDynamic_Degree_b300,2,4,GCN,100,129,29,0.001680149114690721,1.0,0.0017072904156520963,1.0,True,100
syn-cora-h1.00-r1,StratifiedKFoldDynamic_Degree_b300,2,4,GCN,101,130,30,0.0016009275568649173,1.0,0.0017946020234376192,1.0,True,100
syn-cora-h1.00-r1,StratifiedKFoldDynamic_Degree_b300,2,5,GCN,100,126,26,0.002916350495070219,1.0,0.0016513506416231394,1.0,True,100
syn-cora-h1.00-r1,StratifiedKFoldDynamic_Degree_b300,2,5,GCN,101,130,30,0.0033337557688355446,1.0,0.0015550757525488734,1.0,True,100
syn-cora-h1.00-r1,StratifiedKFoldDynamic_NeighHet_b100,2,1,GCN,101,130,30,0.001794437994249165,1.0,0.0019714641384780407,1.0,True,100
syn-cora-h1.00-r1,StratifiedKFoldDynamic_NeighHet_b100,2,1,GCN,100,127,27,0.001796399592421949,1.0,0.0018556067952886224,1.0,True,100
syn-cora-h1.00-r1,StratifiedKFoldDynamic_NeighHet_b100,2,2,GCN,101,131,31,0.0018701981753110886,1.0,0.0016747157787904143,1.0,True,100
syn-cora-h1.00-r1,StratifiedKFoldDynamic_NeighHet_b100,2,2,GCN,100,131,31,0.0014784493250772357,1.0,0.0016212246846407652,1.0,True,100
syn-cora-h1.00-r1,StratifiedKFoldDynamic_NeighHet_b100,2,3,GCN,100,126,26,0.0032411026768386364,1.0,0.0019008144736289978,1.0,True,100
syn-cora-h1.00-r1,StratifiedKFoldDynamic_NeighHet_b100,2,4,GCN,100,127,27,0.00230358331464231,1.0,0.0031831078231334686,1.0,True,100
syn-cora-h1.00-r1,StratifiedKFoldDynamic_NeighHet_b100,2,3,GCN,101,131,31,0.003336096415296197,1.0,0.002045250264927745,1.0,True,100
syn-cora-h1.00-r1,StratifiedKFoldDynamic_NeighHet_b100,2,4,GCN,101,132,32,0.0025941685307770967,1.0,0.003296205075457692,1.0,True,100
syn-cora-h1.00-r1,StratifiedKFoldDynamic_NeighHet_b100,2,5,GCN,100,129,29,0.0017107015009969473,1.0,0.0020829832646995783,1.0,True,100
syn-cora-h1.00-r1,StratifiedKFoldDynamic_NeighHet_b100,2,5,GCN,101,131,31,0.0018372511258348823,1.0,0.002327428665012121,1.0,True,100
syn-cora-h1.00-r1,StratifiedKFoldDynamic_PageRank_b300,2,1,GCN,100,128,28,0.002210387960076332,1.0,0.00350580713711679,1.0,True,100
syn-cora-h1.00-r1,StratifiedKFoldDynamic_PageRank_b300,2,2,GCN,100,129,29,0.0013468689285218716,1.0,0.002288788789883256,1.0,True,100
syn-cora-h1.00-r1,StratifiedKFoldDynamic_PageRank_b300,2,1,GCN,101,131,31,0.0026131439954042435,1.0,0.003869007108733058,1.0,True,100
syn-cora-h1.00-r1,StratifiedKFoldDynamic_PageRank_b300,2,2,GCN,101,130,30,0.0013669630279764533,1.0,0.002542165108025074,1.0,True,100
syn-cora-h1.00-r1,StratifiedKFoldDynamic_PageRank_b300,2,3,GCN,100,127,27,0.0016902312636375427,1.0,0.001238614204339683,1.0,True,100
syn-cora-h1.00-r1,StratifiedKFoldDynamic_PageRank_b300,2,4,GCN,100,130,30,0.002099894918501377,1.0,0.0018410326447337866,1.0,True,100
syn-cora-h1.00-r1,StratifiedKFoldDynamic_PageRank_b300,2,3,GCN,101,130,30,0.0018613286083564162,1.0,0.0012246709084138274,1.0,True,100
syn-cora-h1.00-r1,StratifiedKFoldDynamic_PageRank_b300,2,4,GCN,101,132,32,0.002409347565844655,1.0,0.0022363513708114624,1.0,True,100
syn-cora-h1.00-r1,StratifiedKFoldDynamic_PageRank_b300,2,5,GCN,100,126,26,0.003709163051098585,1.0,0.0022453211713582277,1.0,True,100
syn-cora-h1.00-r1,StratifiedKFoldDynamic_PageRank_b300,2,5,GCN,101,131,31,0.003821962745860219,1.0,0.0020642548333853483,1.0,True,100
syn-cora-h1.00-r1,StratifiedKFoldDynamic_EigCentrality_b300,2,1,GCN,100,128,28,0.002097403397783637,1.0,0.0024485173635184765,1.0,True,100
syn-cora-h1.00-r1,StratifiedKFoldDynamic_EigCentrality_b300,2,2,GCN,100,128,28,0.0021229961421340704,1.0,0.0024273167364299297,1.0,True,100
syn-cora-h1.00-r1,StratifiedKFoldDynamic_EigCentrality_b300,2,1,GCN,101,130,30,0.0020044792909175158,1.0,0.002801276510581374,1.0,True,100
syn-cora-h1.00-r1,StratifiedKFoldDynamic_EigCentrality_b300,2,2,GCN,101,130,30,0.0020599293056875467,1.0,0.002456789370626211,1.0,True,100
syn-cora-h1.00-r1,StratifiedKFoldDynamic_EigCentrality_b300,2,3,GCN,100,127,27,0.0019130256259813905,1.0,0.002059424761682749,1.0,True,100
syn-cora-h1.00-r1,StratifiedKFoldDynamic_EigCentrality_b300,2,3,GCN,101,129,29,0.0018421999411657453,1.0,0.0020505362190306187,1.0,True,100
syn-cora-h1.00-r1,StratifiedKFoldDynamic_EigCentrality_b300,2,4,GCN,100,129,29,0.0015091245295479894,1.0,0.0012803617864847183,1.0,True,100
syn-cora-h1.00-r1,StratifiedKFoldDynamic_EigCentrality_b300,2,4,GCN,101,131,31,0.001672539277933538,1.0,0.0013524105306714773,1.0,True,100
syn-cora-h1.00-r1,StratifiedKFoldDynamic_EigCentrality_b300,2,5,GCN,100,129,29,0.0026976445224136114,1.0,0.00179821636993438,1.0,True,100
syn-cora-h1.00-r1,StratifiedKFoldDynamic_EigCentrality_b300,2,5,GCN,101,130,30,0.003679470391944051,1.0,0.0021298984065651894,1.0,True,100
syn-cora-h1.00-r1,StratifiedKFoldDynamic_Clustering_b300,2,1,GCN,100,130,30,0.0018554552225396037,1.0,0.0026464546099305153,1.0,True,100
syn-cora-h1.00-r1,StratifiedKFoldDynamic_Clustering_b300,2,2,GCN,100,129,29,0.0015162606723606586,1.0,0.001938682864420116,1.0,True,100
syn-cora-h1.00-r1,StratifiedKFoldDynamic_Clustering_b300,2,2,GCN,101,127,27,0.0018856911920011044,1.0,0.00213710218667984,1.0,True,100
syn-cora-h1.00-r1,StratifiedKFoldDynamic_Clustering_b300,2,1,GCN,101,129,29,0.002111573703587055,1.0,0.0024431936908513308,1.0,True,100
syn-cora-h1.00-r1,StratifiedKFoldDynamic_Clustering_b300,2,3,GCN,100,127,27,0.0022456306032836437,1.0,0.0015663928352296352,1.0,True,100
syn-cora-h1.00-r1,StratifiedKFoldDynamic_Clustering_b300,2,4,GCN,100,128,28,0.0026211305521428585,1.0,0.002176627516746521,1.0,True,100
syn-cora-h1.00-r1,StratifiedKFoldDynamic_Clustering_b300,2,3,GCN,101,133,33,0.002478736685588956,1.0,0.0018141979817301035,1.0,True,100
syn-cora-h1.00-r1,StratifiedKFoldDynamic_Clustering_b300,2,4,GCN,101,130,30,0.002966567873954773,1.0,0.0027800819370895624,1.0,True,100
syn-cora-h1.00-r1,StratifiedKFoldDynamic_Clustering_b300,2,5,GCN,100,126,26,0.0033639429602771997,1.0,0.0034686275757849216,1.0,True,100
syn-cora-h1.00-r1,StratifiedKFoldDynamic_Clustering_b300,2,5,GCN,101,132,32,0.0031467140652239323,1.0,0.0035146663431078196,1.0,True,100
syn-cora-h1.00-r1,RandomKFold,3,2,GCN,100,129,29,0.002293788129463792,1.0,0.0018178432947024703,1.0,True,100
syn-cora-h1.00-r1,RandomKFold,3,1,GCN,100,129,29,0.0018649911507964134,1.0,0.0021357263904064894,1.0,True,100
syn-cora-h1.00-r1,RandomKFold,3,1,GCN,101,131,31,0.002000738400965929,1.0,0.0022912209387868643,1.0,True,100
syn-cora-h1.00-r1,RandomKFold,3,2,GCN,101,133,33,0.0023558258544653654,1.0,0.0019592128228396177,1.0,True,100
syn-cora-h1.00-r1,RandomKFold,3,3,GCN,100,129,29,0.0020184337627142668,1.0,0.002588138449937105,1.0,True,100
syn-cora-h1.00-r1,RandomKFold,3,4,GCN,100,129,29,0.0016943475930020213,1.0,0.0020819767378270626,1.0,True,100
syn-cora-h1.00-r1,RandomKFold,3,3,GCN,101,134,34,0.002241531852632761,1.0,0.0026411814615130424,1.0,True,100
syn-cora-h1.00-r1,RandomKFold,3,4,GCN,101,129,29,0.001978366868570447,1.0,0.002576370257884264,1.0,True,100
syn-cora-h1.00-r1,RandomKFold,3,5,GCN,100,130,30,0.002214878099039197,1.0,0.0016455362783744931,1.0,True,100
syn-cora-h1.00-r1,RandomKFold,3,5,GCN,101,130,30,0.0024525008630007505,1.0,0.001947890967130661,1.0,True,100
syn-cora-h1.00-r1,LabelStratifiedKFold,3,2,GCN,100,129,29,0.0019499983172863722,1.0,0.0014515678631141782,1.0,True,100
syn-cora-h1.00-r1,LabelStratifiedKFold,3,1,GCN,100,130,30,0.001382148708216846,1.0,0.003193614538758993,1.0,True,100
syn-cora-h1.00-r1,LabelStratifiedKFold,3,1,GCN,101,129,29,0.0018542238976806402,1.0,0.0024875078815966845,1.0,True,100
syn-cora-h1.00-r1,LabelStratifiedKFold,3,2,GCN,101,132,32,0.002406566170975566,1.0,0.0020899740047752857,1.0,True,100
syn-cora-h1.00-r1,LabelStratifiedKFold,3,3,GCN,100,129,29,0.0017869484145194292,1.0,0.0020055274944752455,1.0,True,100
syn-cora-h1.00-r1,LabelStratifiedKFold,3,4,GCN,100,128,28,0.0021732058376073837,1.0,0.0022848250810056925,1.0,True,100
syn-cora-h1.00-r1,LabelStratifiedKFold,3,3,GCN,101,131,31,0.0019362888997420669,1.0,0.002273684134706855,1.0,True,100
syn-cora-h1.00-r1,LabelStratifiedKFold,3,4,GCN,101,131,31,0.0023226796183735132,1.0,0.0023142769932746887,1.0,True,100
syn-cora-h1.00-r1,LabelStratifiedKFold,3,5,GCN,100,126,26,0.0035823211073875427,1.0,0.0020935554057359695,1.0,True,100
syn-cora-h1.00-r1,LabelStratifiedKFold,3,5,GCN,101,130,30,0.0034825133625417948,1.0,0.0022746252361685038,1.0,True,100
syn-cora-h1.00-r1,StratifiedKFoldDynamic_Degree_b300,3,2,GCN,100,128,28,0.002026379806920886,1.0,0.0017600171267986298,1.0,True,100
syn-cora-h1.00-r1,StratifiedKFoldDynamic_Degree_b300,3,1,GCN,101,130,30,0.0016935107996687293,1.0,0.0021032399963587523,1.0,True,100
syn-cora-h1.00-r1,StratifiedKFoldDynamic_Degree_b300,3,1,GCN,100,130,30,0.0017434736946597695,1.0,0.001999820349738002,1.0,True,100
syn-cora-h1.00-r1,StratifiedKFoldDynamic_Degree_b300,3,2,GCN,101,133,33,0.002216880675405264,1.0,0.0018989758100360632,1.0,True,100
syn-cora-h1.00-r1,StratifiedKFoldDynamic_Degree_b300,3,4,GCN,100,128,28,0.0020849171560257673,1.0,0.0020904378034174442,1.0,True,100
syn-cora-h1.00-r1,StratifiedKFoldDynamic_Degree_b300,3,3,GCN,100,129,29,0.0019990194123238325,1.0,0.002074317540973425,1.0,True,100
syn-cora-h1.00-r1,StratifiedKFoldDynamic_Degree_b300,3,3,GCN,101,130,30,0.0021765506826341152,1.0,0.002361573977395892,1.0,True,100
syn-cora-h1.00-r1,StratifiedKFoldDynamic_Degree_b300,3,4,GCN,101,130,30,0.002325545996427536,1.0,0.0021777304355055094,1.0,True,100
syn-cora-h1.00-r1,StratifiedKFoldDynamic_Degree_b300,3,5,GCN,100,128,28,0.0020553998183459044,1.0,0.002245653420686722,1.0,True,100
syn-cora-h1.00-r1,StratifiedKFoldDynamic_Degree_b300,3,5,GCN,101,131,31,0.0021241866052150726,1.0,0.002582413610070944,1.0,True,100
syn-cora-h1.00-r1,StratifiedKFoldDynamic_NeighHet_b100,3,1,GCN,100,127,27,0.0017389596905559301,1.0,0.002093846444040537,1.0,True,100
syn-cora-h1.00-r1,StratifiedKFoldDynamic_NeighHet_b100,3,1,GCN,101,130,30,0.0017960405675694346,1.0,0.0022087348625063896,1.0,True,100
syn-cora-h1.00-r1,StratifiedKFoldDynamic_NeighHet_b100,3,2,GCN,100,131,31,0.001610301318578422,1.0,0.0016393568366765976,1.0,True,100
syn-cora-h1.00-r1,StratifiedKFoldDynamic_NeighHet_b100,3,2,GCN,101,130,30,0.0017416460905224085,1.0,0.0016447721282020211,1.0,True,100
syn-cora-h1.00-r1,StratifiedKFoldDynamic_NeighHet_b100,3,3,GCN,100,127,27,0.0033367828000336885,1.0,0.0017700418829917908,1.0,True,100
syn-cora-h1.00-r1,StratifiedKFoldDynamic_NeighHet_b100,3,3,GCN,101,130,30,0.003452054224908352,1.0,0.0017638914287090302,1.0,True,100
syn-cora-h1.00-r1,StratifiedKFoldDynamic_NeighHet_b100,3,4,GCN,100,129,29,0.0022227433510124683,1.0,0.003735992358997464,1.0,True,100
syn-cora-h1.00-r1,StratifiedKFoldDynamic_NeighHet_b100,3,4,GCN,101,130,30,0.00260181468911469,1.0,0.003962584305554628,1.0,True,100
syn-cora-h1.00-r1,StratifiedKFoldDynamic_NeighHet_b100,3,5,GCN,100,130,30,0.0018202844075858593,1.0,0.002111696405336261,1.0,True,100
syn-cora-h1.00-r1,StratifiedKFoldDynamic_NeighHet_b100,3,5,GCN,101,130,30,0.0021043720189481974,1.0,0.0024438912514597178,1.0,True,100
syn-cora-h1.00-r1,StratifiedKFoldDynamic_PageRank_b300,3,2,GCN,100,129,29,0.0017555668018758297,1.0,0.0016751340590417385,1.0,True,100
syn-cora-h1.00-r1,StratifiedKFoldDynamic_PageRank_b300,3,2,GCN,101,130,30,0.0016991215525195003,1.0,0.0018610781989991665,1.0,True,100
syn-cora-h1.00-r1,StratifiedKFoldDynamic_PageRank_b300,3,1,GCN,100,129,29,0.0016074856976047158,1.0,0.001783142564818263,1.0,True,100
syn-cora-h1.00-r1,StratifiedKFoldDynamic_PageRank_b300,3,1,GCN,101,131,31,0.001941804075613618,1.0,0.0023825429379940033,1.0,True,100
syn-cora-h1.00-r1,StratifiedKFoldDynamic_PageRank_b300,3,4,GCN,100,127,27,0.0033103590831160545,1.0,0.0021732128225266933,1.0,True,100
syn-cora-h1.00-r1,StratifiedKFoldDynamic_PageRank_b300,3,3,GCN,100,128,28,0.0021055631805211306,1.0,0.0018759341910481453,1.0,True,100
syn-cora-h1.00-r1,StratifiedKFoldDynamic_PageRank_b300,3,3,GCN,101,131,31,0.002221494447439909,1.0,0.0017163597512990236,1.0,True,100
syn-cora-h1.00-r1,StratifiedKFoldDynamic_PageRank_b300,3,4,GCN,101,130,30,0.003550981404259801,1.0,0.0023960305843502283,1.0,True,100
syn-cora-h1.00-r1,StratifiedKFoldDynamic_PageRank_b300,3,5,GCN,100,130,30,0.001964917406439781,1.0,0.0032503411639481783,1.0,True,100
syn-cora-h1.00-r1,StratifiedKFoldDynamic_PageRank_b300,3,5,GCN,101,130,30,0.0025257286615669727,1.0,0.003468687180429697,1.0,True,100
syn-cora-h1.00-r1,StratifiedKFoldDynamic_EigCentrality_b300,3,1,GCN,100,129,29,0.0028389673680067062,1.0,0.002187957288697362,1.0,True,100
syn-cora-h1.00-r1,StratifiedKFoldDynamic_EigCentrality_b300,3,2,GCN,100,129,29,0.0015209125122055411,1.0,0.0025196357164531946,1.0,True,100
syn-cora-h1.00-r1,StratifiedKFoldDynamic_EigCentrality_b300,3,1,GCN,101,130,30,0.003288855543360114,1.0,0.0028349433559924364,1.0,True,100
syn-cora-h1.00-r1,StratifiedKFoldDynamic_EigCentrality_b300,3,2,GCN,101,130,30,0.00147966668009758,1.0,0.002848338568583131,1.0,True,100
syn-cora-h1.00-r1,StratifiedKFoldDynamic_EigCentrality_b300,3,3,GCN,100,126,26,0.00293932156637311,1.0,0.0017234296537935734,1.0,True,100
syn-cora-h1.00-r1,StratifiedKFoldDynamic_EigCentrality_b300,3,3,GCN,101,130,30,0.002730754902586341,1.0,0.0015910877846181393,1.0,True,100
syn-cora-h1.00-r1,StratifiedKFoldDynamic_EigCentrality_b300,3,4,GCN,100,129,29,0.0013873165007680655,1.0,0.0027412553317844868,1.0,True,100
syn-cora-h1.00-r1,StratifiedKFoldDynamic_EigCentrality_b300,3,4,GCN,101,131,31,0.0016600432572886348,1.0,0.0027666029054671526,1.0,True,100
syn-cora-h1.00-r1,StratifiedKFoldDynamic_EigCentrality_b300,3,5,GCN,100,128,28,0.0017488038865849376,1.0,0.0011493160855025053,1.0,True,100
syn-cora-h1.00-r1,StratifiedKFoldDynamic_EigCentrality_b300,3,5,GCN,101,135,35,0.0022597280330955982,1.0,0.0014711740659549832,1.0,True,100
syn-cora-h1.00-r1,StratifiedKFoldDynamic_Clustering_b300,3,1,GCN,100,129,29,0.0014751605922356248,1.0,0.0020655228290706873,1.0,True,100
syn-cora-h1.00-r1,StratifiedKFoldDynamic_Clustering_b300,3,2,GCN,100,128,28,0.002684344071894884,1.0,0.0016329004429280758,1.0,True,100
syn-cora-h1.00-r1,StratifiedKFoldDynamic_Clustering_b300,3,1,GCN,101,131,31,0.0018405470764264464,1.0,0.0024426255840808153,1.0,True,100
syn-cora-h1.00-r1,StratifiedKFoldDynamic_Clustering_b300,3,2,GCN,101,133,33,0.002863519359380007,1.0,0.001971157966181636,1.0,True,100
syn-cora-h1.00-r1,StratifiedKFoldDynamic_Clustering_b300,3,3,GCN,101,129,29,0.001977579202502966,1.0,0.0022208562586456537,1.0,True,100
syn-cora-h1.00-r1,StratifiedKFoldDynamic_Clustering_b300,3,3,GCN,100,129,29,0.0020207257475703955,1.0,0.0024092302192002535,1.0,True,100
syn-cora-h1.00-r1,StratifiedKFoldDynamic_Clustering_b300,3,4,GCN,100,129,29,0.0018902566516771913,1.0,0.0019653039053082466,1.0,True,100
syn-cora-h1.00-r1,StratifiedKFoldDynamic_Clustering_b300,3,4,GCN,101,130,30,0.00217348150908947,1.0,0.0022082733921706676,1.0,True,100
syn-cora-h1.00-r1,StratifiedKFoldDynamic_Clustering_b300,3,5,GCN,100,129,29,0.0023374350275844336,1.0,0.001868169754743576,1.0,True,100
syn-cora-h1.00-r1,StratifiedKFoldDynamic_Clustering_b300,3,5,GCN,101,131,31,0.0025322181172668934,1.0,0.001960201421752572,1.0,True,100
syn-cora-h1.00-r1,RandomKFold,4,2,GCN,100,129,29,0.0018234645249322057,1.0,0.0017173201777040958,1.0,True,100
syn-cora-h1.00-r1,RandomKFold,4,1,GCN,100,130,30,0.001735039404593408,1.0,0.0018145536305382848,1.0,True,100
syn-cora-h1.00-r1,RandomKFold,4,1,GCN,101,131,31,0.001918631256558001,1.0,0.002273739082738757,1.0,True,100
syn-cora-h1.00-r1,RandomKFold,4,2,GCN,101,132,32,0.0021445672027766705,1.0,0.001853586290962994,1.0,True,100
syn-cora-h1.00-r1,RandomKFold,4,3,GCN,100,128,28,0.0027413461357355118,1.0,0.0022266556043177843,1.0,True,100
syn-cora-h1.00-r1,RandomKFold,4,4,GCN,100,127,27,0.0022646477445960045,1.0,0.0020935875363647938,1.0,True,100
syn-cora-h1.00-r1,RandomKFold,4,4,GCN,101,130,30,0.0022702363785356283,1.0,0.002104679122567177,1.0,True,100
syn-cora-h1.00-r1,RandomKFold,4,3,GCN,101,132,32,0.0028808743227273226,1.0,0.002615878824144602,1.0,True,100
syn-cora-h1.00-r1,RandomKFold,4,5,GCN,101,127,27,0.0030518558342009783,1.0,0.0034843103494495153,1.0,True,100
syn-cora-h1.00-r1,RandomKFold,4,5,GCN,100,129,29,0.002382500795647502,1.0,0.0032760498579591513,1.0,True,100
syn-cora-h1.00-r1,LabelStratifiedKFold,4,2,GCN,100,127,27,0.002847320167347789,1.0,0.0022143987007439137,1.0,True,100
syn-cora-h1.00-r1,LabelStratifiedKFold,4,1,GCN,100,131,31,0.0025613433681428432,1.0,0.0013548958813771605,1.0,True,100
syn-cora-h1.00-r1,LabelStratifiedKFold,4,1,GCN,101,129,29,0.002604581881314516,1.0,0.0013829439412802458,1.0,True,100
syn-cora-h1.00-r1,LabelStratifiedKFold,4,2,GCN,101,135,35,0.0031037579756230116,1.0,0.002535961102694273,1.0,True,100
syn-cora-h1.00-r1,LabelStratifiedKFold,4,3,GCN,100,129,29,0.002495614578947425,1.0,0.0023680762387812138,1.0,True,100
syn-cora-h1.00-r1,LabelStratifiedKFold,4,3,GCN,101,127,27,0.0029722668696194887,1.0,0.0028477387968450785,1.0,True,100
syn-cora-h1.00-r1,LabelStratifiedKFold,4,4,GCN,100,128,28,0.002196582267060876,1.0,0.004008658695966005,1.0,True,100
syn-cora-h1.00-r1,LabelStratifiedKFold,4,4,GCN,101,129,29,0.002865319373086095,1.0,0.004723488353192806,1.0,True,100
syn-cora-h1.00-r1,LabelStratifiedKFold,4,5,GCN,100,130,30,0.0014916048385202885,1.0,0.0020004850812256336,1.0,True,100
syn-cora-h1.00-r1,LabelStratifiedKFold,4,5,GCN,101,130,30,0.0015361339319497347,1.0,0.002300594002008438,1.0,True,100
syn-cora-h1.00-r1,StratifiedKFoldDynamic_Degree_b300,4,1,GCN,100,128,28,0.002779228612780571,1.0,0.0017694493290036917,1.0,True,100
syn-cora-h1.00-r1,StratifiedKFoldDynamic_Degree_b300,4,2,GCN,100,128,28,0.0034983865916728973,1.0,0.0026295341085642576,1.0,True,100
syn-cora-h1.00-r1,StratifiedKFoldDynamic_Degree_b300,4,1,GCN,101,130,30,0.0028994332533329725,1.0,0.0019411698449403048,1.0,True,100
syn-cora-h1.00-r1,StratifiedKFoldDynamic_Degree_b300,4,2,GCN,101,133,33,0.0036946118343621492,1.0,0.0030467589385807514,1.0,True,100
syn-cora-h1.00-r1,StratifiedKFoldDynamic_Degree_b300,4,4,GCN,100,127,27,0.0017631524242460728,1.0,0.002136939438059926,1.0,True,100
syn-cora-h1.00-r1,StratifiedKFoldDynamic_Degree_b300,4,3,GCN,100,130,30,0.0023567555472254753,1.0,0.002400745637714863,1.0,True,100
syn-cora-h1.00-r1,StratifiedKFoldDynamic_Degree_b300,4,3,GCN,101,129,29,0.0024394711945205927,1.0,0.0025328805204480886,1.0,True,100
syn-cora-h1.00-r1,StratifiedKFoldDynamic_Degree_b300,4,4,GCN,101,131,31,0.0020291656255722046,1.0,0.0023254621773958206,1.0,True,100
syn-cora-h1.00-r1,StratifiedKFoldDynamic_Degree_b300,4,5,GCN,100,129,29,0.0015595847507938743,1.0,0.0018180920742452145,1.0,True,100
syn-cora-h1.00-r1,StratifiedKFoldDynamic_Degree_b300,4,5,GCN,101,130,30,0.0018141067121177912,1.0,0.0023577974643558264,1.0,True,100
syn-cora-h1.00-r1,StratifiedKFoldDynamic_NeighHet_b100,4,1,GCN,100,128,28,0.002284157555550337,1.0,0.0015393984504044056,1.0,True,100
syn-cora-h1.00-r1,StratifiedKFoldDynamic_NeighHet_b100,4,2,GCN,101,130,30,0.001853416208177805,1.0,0.002595649566501379,1.0,True,100
syn-cora-h1.00-r1,StratifiedKFoldDynamic_NeighHet_b100,4,2,GCN,100,129,29,0.001815633848309517,1.0,0.0024862438440322876,1.0,True,100
syn-cora-h1.00-r1,StratifiedKFoldDynamic_NeighHet_b100,4,1,GCN,101,131,31,0.0024545828346163034,1.0,0.0019228254677727818,1.0,True,100
syn-cora-h1.00-r1,StratifiedKFoldDynamic_NeighHet_b100,4,3,GCN,100,129,29,0.0022226436994969845,1.0,0.0019277100218459964,1.0,True,100
syn-cora-h1.00-r1,StratifiedKFoldDynamic_NeighHet_b100,4,3,GCN,101,132,32,0.0023913616314530373,1.0,0.001995433820411563,1.0,True,100
syn-cora-h1.00-r1,StratifiedKFoldDynamic_NeighHet_b100,4,4,GCN,100,129,29,0.0015883265295997262,1.0,0.002374266507104039,1.0,True,100
syn-cora-h1.00-r1,StratifiedKFoldDynamic_NeighHet_b100,4,4,GCN,101,131,31,0.0016648117452859879,1.0,0.0029286681674420834,1.0,True,100
syn-cora-h1.00-r1,StratifiedKFoldDynamic_NeighHet_b100,4,5,GCN,100,129,29,0.0015669611748307943,1.0,0.0015191122656688094,1.0,True,100
syn-cora-h1.00-r1,StratifiedKFoldDynamic_NeighHet_b100,4,5,GCN,101,130,30,0.0022066247183829546,1.0,0.0016172687755897641,1.0,True,100
syn-cora-h1.00-r1,StratifiedKFoldDynamic_PageRank_b300,4,2,GCN,100,128,28,0.0031244722194969654,1.0,0.0014348395634442568,1.0,True,100
syn-cora-h1.00-r1,StratifiedKFoldDynamic_PageRank_b300,4,1,GCN,100,129,29,0.001422945293597877,1.0,0.0017151038628071547,1.0,True,100
syn-cora-h1.00-r1,StratifiedKFoldDynamic_PageRank_b300,4,1,GCN,101,130,30,0.001550195855088532,1.0,0.0019941229838877916,1.0,True,100
syn-cora-h1.00-r1,StratifiedKFoldDynamic_PageRank_b300,4,2,GCN,101,132,32,0.0037528537213802338,1.0,0.0015404929872602224,1.0,True,100
syn-cora-h1.00-r1,StratifiedKFoldDynamic_PageRank_b300,4,3,GCN,100,125,25,0.0030930624343454838,1.0,0.004013574216514826,1.0,True,100
syn-cora-h1.00-r1,StratifiedKFoldDynamic_PageRank_b300,4,4,GCN,100,128,28,0.0022453584242612123,1.0,0.0017918298253789544,1.0,True,100
syn-cora-h1.00-r1,StratifiedKFoldDynamic_PageRank_b300,4,3,GCN,101,132,32,0.0030202106572687626,1.0,0.004460759926587343,1.0,True,100
syn-cora-h1.00-r1,StratifiedKFoldDynamic_PageRank_b300,4,4,GCN,101,130,30,0.002517273649573326,1.0,0.001985326409339905,1.0,True,100
syn-cora-h1.00-r1,StratifiedKFoldDynamic_PageRank_b300,4,5,GCN,100,130,30,0.001945319352671504,1.0,0.002592158503830433,1.0,True,100
syn-cora-h1.00-r1,StratifiedKFoldDynamic_PageRank_b300,4,5,GCN,101,131,31,0.002268401673063636,1.0,0.0027736318297684193,1.0,True,100
syn-cora-h1.00-r1,StratifiedKFoldDynamic_EigCentrality_b300,4,1,GCN,100,127,27,0.0030662501230835915,1.0,0.0024121447931975126,1.0,True,100
syn-cora-h1.00-r1,StratifiedKFoldDynamic_EigCentrality_b300,4,1,GCN,101,130,30,0.00314874155446887,1.0,0.002337609650567174,1.0,True,100
syn-cora-h1.00-r1,StratifiedKFoldDynamic_EigCentrality_b300,4,2,GCN,100,129,29,0.002530499128624797,1.0,0.002659525955095887,1.0,True,100
syn-cora-h1.00-r1,StratifiedKFoldDynamic_EigCentrality_b300,4,2,GCN,101,130,30,0.0031708008609712124,1.0,0.002895059995353222,1.0,True,100
syn-cora-h1.00-r1,StratifiedKFoldDynamic_EigCentrality_b300,4,3,GCN,101,130,30,0.0018126388313248754,1.0,0.0026841280050575733,1.0,True,100
syn-cora-h1.00-r1,StratifiedKFoldDynamic_EigCentrality_b300,4,3,GCN,100,130,30,0.0018462544539943337,1.0,0.0020764092914760113,1.0,True,100
syn-cora-h1.00-r1,StratifiedKFoldDynamic_EigCentrality_b300,4,4,GCN,100,128,28,0.0019449683604761958,1.0,0.002008517738431692,1.0,True,100
syn-cora-h1.00-r1,StratifiedKFoldDynamic_EigCentrality_b300,4,4,GCN,101,133,33,0.002328065689653158,1.0,0.0020970723126083612,1.0,True,100
syn-cora-h1.00-r1,StratifiedKFoldDynamic_EigCentrality_b300,4,5,GCN,100,128,28,0.0016780499136075377,1.0,0.0014410251751542091,1.0,True,100
syn-cora-h1.00-r1,StratifiedKFoldDynamic_EigCentrality_b300,4,5,GCN,101,132,32,0.0018036053515970707,1.0,0.0015927975764498115,1.0,True,100
syn-cora-h1.00-r1,StratifiedKFoldDynamic_Clustering_b300,4,2,GCN,100,126,26,0.0036125010810792446,1.0,0.001970048528164625,1.0,True,100
syn-cora-h1.00-r1,StratifiedKFoldDynamic_Clustering_b300,4,1,GCN,100,130,30,0.0015855063684284687,1.0,0.002830796642228961,1.0,True,100
syn-cora-h1.00-r1,StratifiedKFoldDynamic_Clustering_b300,4,2,GCN,101,131,31,0.003697626991197467,1.0,0.0018751537427306175,1.0,True,100
syn-cora-h1.00-r1,StratifiedKFoldDynamic_Clustering_b300,4,1,GCN,101,130,30,0.0016838478622958064,1.0,0.002533284015953541,1.0,True,100
syn-cora-h1.00-r1,StratifiedKFoldDynamic_Clustering_b300,4,3,GCN,100,130,30,0.0015005763852968812,1.0,0.0034765037707984447,1.0,True,100
syn-cora-h1.00-r1,StratifiedKFoldDynamic_Clustering_b300,4,3,GCN,101,130,30,0.0016435962170362473,1.0,0.004068740643560886,1.0,True,100
syn-cora-h1.00-r1,StratifiedKFoldDynamic_Clustering_b300,4,4,GCN,101,131,31,0.0014962111599743366,1.0,0.0014910014579072595,1.0,True,100
syn-cora-h1.00-r1,StratifiedKFoldDynamic_Clustering_b300,4,4,GCN,100,130,30,0.0012040246510878205,1.0,0.0013526411494240165,1.0,True,100
syn-cora-h1.00-r1,StratifiedKFoldDynamic_Clustering_b300,4,5,GCN,100,127,27,0.0026906272396445274,1.0,0.0015924149192869663,1.0,True,100
syn-cora-h1.00-r1,StratifiedKFoldDynamic_Clustering_b300,4,5,GCN,101,129,29,0.002800397574901581,1.0,0.001962599577382207,1.0,True,100
